time_s,contact_force_N,impact_w_m,ball_travel_m,indentation_m,energy_J,S1_mean_exx_plus_eyy,S2_mean_exx_plus_eyy,S3_mean_exx_plus_eyy,S4_mean_exx_plus_eyy
0.000000000000000000e+00,0.000000000000000000e+00,0.000000000000000000e+00,0.000000000000000000e+00,0.000000000000000000e+00,6.227579619865871753e-03,0.000000000000000000e+00,0.000000000000000000e+00,0.000000000000000000e+00,0.000000000000000000e+00
4.999687519530029071e-06,1.959191741141855658e+01,2.382876125199345762e-08,8.844319191331344060e-06,8.820490430079349931e-06,6.227529907211972089e-03,2.577530483063290889e-09,2.577530483065448176e-09,2.577530485874661897e-09,2.577530485872603044e-09
9.999375039060058143e-06,5.379002430812490587e+01,2.637531653894589289e-07,1.755830315047053006e-05,1.729454998508107177e-05,6.227522526756693044e-03,3.069889996016499045e-08,3.069889996017831798e-08,3.069889996488170665e-08,3.069889996486909380e-08
1.499906255859008806e-05,9.280616076201783926e+01,1.052531119392569276e-06,2.593113337159383514e-05,2.487860225220126629e-05,6.227538866339847427e-03,1.231851796349751934e-07,1.231851796349832931e-07,1.231851796375180922e-07,1.231851796375127453e-07
1.999875007812011629e-05,1.289225184386914975e+02,2.747285480835839189e-06,3.372104764848354527e-05,3.097376216764770947e-05,6.227569733119486632e-03,3.016775809086810590e-07,3.016775809086706828e-07,3.016775809129764689e-07,3.016775809129941507e-07
2.499843759765014620e-05,1.552842097700334136e+02,5.640279988893356181e-06,4.070413294525147564e-05,3.506385295635811776e-05,6.227597785287235059e-03,5.561120361505496196e-07,5.561120361505555488e-07,5.561120361458003059e-07,5.561120361458113173e-07
2.999812511718017612e-05,1.671652760534068420e+02,9.886490805177388727e-06,4.671681022722290396e-05,3.683031942204551353e-05,6.227606945762575140e-03,8.354110368126962304e-07,8.354110368127318058e-07,8.354110368125911983e-07,8.354110368125967040e-07
3.499781263671020604e-05,1.630562589781163751e+02,1.546074484659298436e-05,5.168502424239727146e-05,3.622427939580428709e-05,6.227593195897896013e-03,1.052779551407475728e-06,1.052779551407506221e-06,1.052779551393847815e-06,1.052779551393903719e-06
3.999750015624023257e-05,1.449009259526192750e+02,2.215078611098355218e-05,5.563362033815436698e-05,3.348283422717081141e-05,6.227566881777246190e-03,1.121783928376821385e-06,1.121783928376872207e-06,1.121783928380228152e-06,1.121783928380346736e-06
4.499718767577026588e-05,1.172497505740081749e+02,2.959980309365400940e-05,5.867455765099353925e-05,2.907475455733952985e-05,6.227544105244537699e-03,9.859111096848614136e-07,9.859111096849833863e-07,9.859111096686644496e-07,9.859111096688626553e-07
4.999687519530029241e-05,8.579622943767168408e+01,3.736951541288933022e-05,6.097902177863233732e-05,2.360950636574300711e-05,6.227535619585563599e-03,6.501199682000288857e-07,6.501199682002220092e-07,6.501199682079740548e-07,6.501199682083365849e-07
5.499656271483031894e-05,5.585799381402134856e+01,4.500734100049174399e-05,6.274236013025129353e-05,1.773501912975954955e-05,6.227542025981269193e-03,1.853258745502709250e-07,1.853258745504725188e-07,1.853258745425002447e-07,1.853258745432083643e-07
5.999625023436035224e-05,3.122799556372780927e+01,5.211550679267562677e-05,6.415119268135629257e-05,1.203568588868066580e-05,6.227556601580733556e-03,-2.962889316144773003e-07,-2.962889316142333548e-07,-2.962889315944348067e-07,-2.962889315932879241e-07
6.499593775389037877e-05,1.373556296821446665e+01,5.839872961356209124e-05,6.535974213526346240e-05,6.961012521701371160e-06,6.227570767089352088e-03,-6.680825772947346581e-07,-6.680825772942942009e-07,-6.680825772934437798e-07,-6.680825772918479698e-07
6.999562527342041208e-05,3.484361407259369159e+00,6.368870048150077024e-05,6.647818251634201540e-05,2.789482034841245153e-06,6.227578758045139787e-03,-8.321235263510621703e-07,-8.321235263504811057e-07,-8.321235263409960308e-07,-8.321235263386531376e-07
7.499531279295044539e-05,0.000000000000000000e+00,6.793766170724371020e-05,6.757149564358512831e-05,0.000000000000000000e+00,6.227579755507886734e-03,-7.415681907532721583e-07,-7.415681907525149109e-07,-7.415681907688457061e-07,-7.415681907655930996e-07
7.999500031248046514e-05,0.000000000000000000e+00,7.119465384824126618e-05,6.866335063649694559e-05,0.000000000000000000e+00,6.227573522575451798e-03,-4.084679556362397961e-07,-4.084679556351403473e-07,-4.084679556698314287e-07,-4.084679556656165927e-07
8.499468783201049845e-05,0.000000000000000000e+00,7.356512554171159321e-05,6.975545084875538172e-05,0.000000000000000000e+00,6.227568049849241220e-03,9.363087545048909597e-08,9.363087545196547440e-08,9.363087542535000513e-08,9.363087543077948632e-08
8.999437535154053175e-05,0.000000000000000000e+00,7.516556105533877402e-05,7.084779628036045023e-05,0.000000000000000000e+00,6.227565245432154645e-03,6.489735425860011144e-07,6.489735425878755983e-07,6.489735425689960809e-07,6.489735425758113080e-07
9.499406287107055151e-05,0.000000000000000000e+00,7.611229939283075047e-05,7.194038693131213759e-05,0.000000000000000000e+00,6.227565532559342122e-03,1.118426262636978871e-06,1.118426262639371739e-06,1.118426262681378644e-06,1.118426262689659238e-06
9.999375039060058481e-05,0.000000000000000000e+00,7.652056275509963330e-05,7.303322280161044378e-05,0.000000000000000000e+00,6.227567439069312850e-03,1.372341249444387785e-06,1.372341249447479456e-06,1.372341249473734936e-06,1.372341249483599482e-06
1.049934379101306181e-04,0.000000000000000000e+00,7.650531059944988717e-05,7.412630389125538237e-05,0.000000000000000000e+00,6.227568716309870092e-03,1.320744405201288007e-06,1.320744405205202147e-06,1.320744405272968171e-06,1.320744405284482736e-06
1.099931254296606379e-04,0.000000000000000000e+00,7.618583406428075229e-05,7.521963020024693980e-05,0.000000000000000000e+00,6.227568076225819226e-03,9.300061069104048923e-07,9.300061069153913753e-07,9.300061069168897765e-07,9.300061069301754883e-07
1.149928129491906712e-04,3.788178511502957035e-01,7.567774042551244740e-05,7.631316166832156510e-05,6.354212428091177015e-07,6.227565148607856066e-03,2.389899134108930357e-07,2.389899134171559974e-07,2.389899134408356504e-07,2.389899134559323186e-07
1.199925004687207045e-04,2.638823157110626205e+00,7.508576324135102426e-05,7.740341561616209567e-05,2.317652374811071409e-06,6.227561986777123068e-03,-6.477655620861197234e-07,-6.477655620784100295e-07,-6.477655621210564444e-07,-6.477655621039404496e-07
1.249921879882507378e-04,5.906418184590853215e+00,7.451102966321188786e-05,7.847676962739410806e-05,3.965739964182220202e-06,6.227560676194262949e-03,-1.571068327134672380e-06,-1.571068327125393981e-06,-1.571068327132845330e-06,-1.571068327113443194e-06
1.299918755077807575e-04,9.575618593959381641e+00,7.404002528184539965e-05,7.951294820364273989e-05,5.472922921797340246e-06,6.227562098869043015e-03,-2.340379783310194163e-06,-2.340379783299303013e-06,-2.340379783346826644e-06,-2.340379783324820728e-06
1.349915630273107773e-04,1.312107755176891644e+01,7.373728692823303360e-05,8.048911083675421149e-05,6.751823908521177890e-06,6.227565533825990367e-03,-2.770699095746096479e-06,-2.770699095733555309e-06,-2.770699095758552945e-06,-2.770699095733577332e-06
1.399912505468408242e-04,1.611479902023076605e+01,7.363987074466681743e-05,8.138314606201730206e-05,7.743275317350484634e-06,6.227569179444000964e-03,-2.709748027456434203e-06,-2.709748027442207438e-06,-2.709748027469046524e-06,-2.709748027440735295e-06
1.449909380663708439e-04,1.827289045084420849e+01,7.375632474394929123e-05,8.217634117954291761e-05,8.420016435593626384e-06,6.227571256943873618e-03,-2.076160150500583970e-06,-2.076160150484563189e-06,-2.076160150489487839e-06,-2.076160150457599589e-06
1.499906255859008908e-04,1.945860904289785864e+01,7.407473794886649263e-05,8.285517163272903066e-05,8.780433683862538027e-06,6.227570849245823818e-03,-8.868181031281914984e-07,-8.868181031101962834e-07,-8.868181030829667153e-07,-8.868181030473167926e-07
1.549903131054309105e-04,1.968357380492373565e+01,7.456418150214260657e-05,8.341216031837093113e-05,8.847978816228324562e-06,6.227568303453714579e-03,7.309909763215855377e-07,7.309909763416682653e-07,7.309909762990540378e-07,7.309909763386684981e-07
1.599900006249609303e-04,1.907928217065738963e+01,7.517987023290585724e-05,8.384581918003812832e-05,8.665948947132271082e-06,6.227565086754548868e-03,2.539853068228605332e-06,2.539853068250988178e-06,2.539853068180149119e-06,2.539853068223728964e-06
1.649896881444909771e-04,1.783493133054661328e+01,7.587492067167721406e-05,8.415985492875085864e-05,8.284934257073644582e-06,6.227562759072652679e-03,4.229034232260785520e-06,4.229034232285695912e-06,4.229034232082672279e-06,4.229034232130274683e-06
1.699893756640209969e-04,1.614070849567743338e+01,7.661043331924615319e-05,8.436200620535237000e-05,7.751572886106216807e-06,6.227561888860136050e-03,5.463948746621870319e-06,5.463948746649278612e-06,5.463948746519807931e-06,5.463948746571532845e-06
1.749890631835510166e-04,1.414445507690068204e+01,7.736438638142114775e-05,8.446287002516223038e-05,7.098483643741082625e-06,6.227562123982887179e-03,5.952200003344211809e-06,5.952200003374047698e-06,5.952200003257104635e-06,5.952200003313101983e-06
1.799887507030810635e-04,1.195966562436082370e+01,7.812768717045469975e-05,8.447496434908229631e-05,6.347277178627596566e-06,6.227563014715603064e-03,5.511733467172619868e-06,5.511733467204813896e-06,5.511733467308151915e-06,5.511733467368484378e-06
1.849884382226110833e-04,9.683722356998961445e+00,7.889796602330273305e-05,8.441200279978170525e-05,5.514036776478972203e-06,6.227564569731397146e-03,4.110300157707065722e-06,4.110300157741357004e-06,4.110300157897997113e-06,4.110300157962825627e-06
1.899881257421411030e-04,7.405631842857298253e+00,7.967705492618258308e-05,8.428827855197219528e-05,4.611223625789612202e-06,6.227567063350914617e-03,1.884474383626182927e-06,1.884474383662229261e-06,1.884474383924284314e-06,1.884474383993771509e-06
1.949878132616711499e-04,5.227885374268081975e+00,8.046220849839075609e-05,8.411809027684301809e-05,3.655881778452262001e-06,6.227570359510018957e-03,-8.807632438879707559e-07,-8.807632438504505844e-07,-8.807632436900903069e-07,-8.807632436159207139e-07
1.999875007812011696e-04,3.267374854682464136e+00,8.124266016526794361e-05,8.391509678296880427e-05,2.672436617700860661e-06,6.227573173467770666e-03,-3.797212403263825386e-06,-3.797212403225065159e-06,-3.797212403145660902e-06,-3.797212403066873286e-06
2.049871883007311894e-04,1.645783242302699456e+00,8.199975644285255544e-05,8.369158569396176336e-05,1.691829251109207917e-06,6.227573521241301126e-03,-6.430348317762636187e-06,-6.430348317723000128e-06,-6.430348317781885858e-06,-6.430348317698498853e-06
2.099868758202612362e-04,4.827984361093488053e-01,8.271077206137868165e-05,8.345771141579100695e-05,7.469393544123252918e-07,6.227570294226593590e-03,-8.375189534710138261e-06,-8.375189534670100707e-06,-8.375189534876692043e-06,-8.375189534788634498e-06
2.149865633397912560e-04,0.000000000000000000e+00,8.335532859604856848e-05,8.322071110405010767e-05,0.000000000000000000e+00,6.227564595186071104e-03,-9.320848419657139347e-06,-9.320848419617105182e-06,-9.320848419902074170e-06,-9.320848419809263076e-06
2.199862508593212757e-04,0.000000000000000000e+00,8.391289853258253187e-05,8.298371628764309197e-05,0.000000000000000000e+00,6.227558908661145684e-03,-9.105594750102533679e-06,-9.105594750062906089e-06,-9.105594750441401068e-06,-9.105594750343880470e-06
2.249859383788513226e-04,0.000000000000000000e+00,8.436141345835734156e-05,8.274696669058270867e-05,0.000000000000000000e+00,6.227556153315952359e-03,-7.749465697538188280e-06,-7.749465697499560189e-06,-7.749465697700701715e-06,-7.749465697598093838e-06
2.299856258983813424e-04,0.000000000000000000e+00,8.467949835294923296e-05,8.251046231286894420e-05,0.000000000000000000e+00,6.227557403782801350e-03,-5.446612899905827165e-06,-5.446612899868713569e-06,-5.446612899960465872e-06,-5.446612899852643660e-06
2.349853134179113892e-04,0.000000000000000000e+00,8.485055235781554898e-05,8.227420315450179858e-05,0.000000000000000000e+00,6.227561563297256443e-03,-2.531180704907263658e-06,-2.531180704871947466e-06,-2.531180704641613797e-06,-2.531180704528456971e-06
2.399850009374414090e-04,0.000000000000000000e+00,8.486946117381126019e-05,8.203818921548127179e-05,0.000000000000000000e+00,6.227566285502248930e-03,5.894111856380733526e-07,5.894111856711635417e-07,5.894111859142992671e-07,5.894111860329567245e-07
2.449846884569714558e-04,0.000000000000000000e+00,8.474407387711487525e-05,8.180242049580739095e-05,0.000000000000000000e+00,6.227569829988325971e-03,3.506171350944789055e-06,3.506171350975438095e-06,3.506171351307427577e-06,3.506171351431658511e-06
2.499843759765014756e-04,0.000000000000000000e+00,8.449762475731508317e-05,8.156689699548011539e-05,0.000000000000000000e+00,6.227571863519252085e-03,5.868434639750418232e-06,5.868434639778519397e-06,5.868434639886173896e-06,5.868434640015912239e-06
2.549840634960314953e-04,0.000000000000000000e+00,8.416920106333812513e-05,8.133161871449947223e-05,0.000000000000000000e+00,6.227572852800353567e-03,7.438837969282354856e-06,7.438837969307555780e-06,7.438837969362931406e-06,7.438837969498182239e-06
2.599837510155615151e-04,0.000000000000000000e+00,8.380319585240434625e-05,8.109658565286544790e-05,0.000000000000000000e+00,6.227573010393460534e-03,8.125027725510893656e-06,8.125027725533011380e-06,8.125027725460274967e-06,8.125027725601068784e-06
2.649834385350915348e-04,0.000000000000000000e+00,8.344359360596511667e-05,8.086179781057804242e-05,0.000000000000000000e+00,6.227572061477665635e-03,7.996697232693600701e-06,7.996697232712516641e-06,7.996697232641342156e-06,7.996697232787580701e-06
2.699831260546215546e-04,0.000000000000000000e+00,8.313089709836546761e-05,8.062725518763725577e-05,0.000000000000000000e+00,6.227569649022901901e-03,7.277034672029805760e-06,7.277034672045275970e-06,7.277034671913372611e-06,7.277034672065032167e-06
2.749828135741516286e-04,0.000000000000000000e+00,8.289998578652770476e-05,8.039295778404310152e-05,0.000000000000000000e+00,6.227566090202495998e-03,6.294403228968381103e-06,6.294403228980347985e-06,6.294403228743558230e-06,6.294403228900476166e-06
2.799825010936816483e-04,0.000000000000000000e+00,8.277887559951745123e-05,8.015890559979557965e-05,0.000000000000000000e+00,6.227562586744613687e-03,5.411433320853421412e-06,5.411433320862135687e-06,5.411433320661009408e-06,5.411433320822806254e-06
2.849821886132116681e-04,0.000000000000000000e+00,8.278109846264570322e-05,7.992509863489466308e-05,0.000000000000000000e+00,6.227560523090818097e-03,4.930008312625241496e-06,4.930008312631123293e-06,4.930008312419649659e-06,4.930008312585762984e-06
2.899818761327416878e-04,0.000000000000000000e+00,8.290509695219725373e-05,7.969153688934037889e-05,0.000000000000000000e+00,6.227560363415137433e-03,5.007064124647318435e-06,5.007064124650848868e-06,5.007064124693654525e-06,5.007064124863494796e-06
2.949815636522717076e-04,0.000000000000000000e+00,8.313626536304751977e-05,7.945822036313271355e-05,0.000000000000000000e+00,6.227561463233010491e-03,5.612040789338445840e-06,5.612040789340133130e-06,5.612040789421109479e-06,5.612040789594080383e-06
2.999812511718017815e-04,0.000000000000000000e+00,8.344623421676882337e-05,7.922514905627168059e-05,0.000000000000000000e+00,6.227562814321188460e-03,6.527367329146653520e-06,6.527367329147141411e-06,6.527367329494655312e-06,6.527367329670119881e-06
3.049809386913318013e-04,0.000000000000000000e+00,8.379905718075756726e-05,7.899232296875726648e-05,0.000000000000000000e+00,6.227563785179565659e-03,7.404919554401230640e-06,7.404919554400959589e-06,7.404919554698363021e-06,7.404919554875907903e-06
3.099806262108618211e-04,0.000000000000000000e+00,8.415761484130739793e-05,7.875974210058947120e-05,0.000000000000000000e+00,6.227564322934615350e-03,7.846913374811042321e-06,7.846913374810158019e-06,7.846913375324249420e-06,7.846913375503647610e-06
3.149803137303918408e-04,0.000000000000000000e+00,8.449195807889918973e-05,7.852740645176830832e-05,0.000000000000000000e+00,6.227564805417520541e-03,7.492766048914761010e-06,7.492766048913436250e-06,7.492766049414330878e-06,7.492766049595443463e-06
3.199800012499218606e-04,0.000000000000000000e+00,8.478263166278210048e-05,7.829531602229376427e-05,0.000000000000000000e+00,6.227565676753446695e-03,6.101246302503299945e-06,6.101246302501583856e-06,6.101246303118606701e-06,6.101246303301304931e-06
3.249796887694518803e-04,0.000000000000000000e+00,8.501381073378442177e-05,7.806347081216583907e-05,0.000000000000000000e+00,6.227567031325468953e-03,3.591682419393897133e-06,3.591682419391632167e-06,3.591682419756830422e-06,3.591682419941190531e-06
3.299793762889819543e-04,0.000000000000000000e+00,8.517223858231842888e-05,7.783187082138454625e-05,0.000000000000000000e+00,6.227568577777288852e-03,5.243725966462553512e-08,5.243725966169141299e-08,5.243725966791032889e-08,5.243725985396111575e-08
3.349790638085119740e-04,0.000000000000000000e+00,8.524617465190773989e-05,7.760051604994988583e-05,0.000000000000000000e+00,6.227569817591851499e-03,-4.290352027045189394e-06,-4.290352027048889234e-06,-4.290352027444163088e-06,-4.290352027256541055e-06
3.399787513280419938e-04,0.000000000000000000e+00,8.522412692186513066e-05,7.736940649786183070e-05,0.000000000000000000e+00,6.227570230653454650e-03,-9.134957729870733851e-06,-9.134957729875312912e-06,-9.134957730554358897e-06,-9.134957730365294367e-06
3.449784388475720135e-04,0.000000000000000000e+00,8.509694048800294636e-05,7.713854216512040795e-05,0.000000000000000000e+00,6.227569469066294994e-03,-1.416167619133296357e-05,-1.416167619133874711e-05,-1.416167619196309171e-05,-1.416167619177255334e-05
3.499781263671020333e-04,0.000000000000000000e+00,8.485815921647995891e-05,7.690792305172560405e-05,0.000000000000000000e+00,6.227567708894949511e-03,-1.908598029058069208e-05,-1.908598029058802738e-05,-1.908598029117801633e-05,-1.908598029098598379e-05
3.549778138866320530e-04,0.000000000000000000e+00,8.451003701029065427e-05,7.667754915767743254e-05,0.000000000000000000e+00,6.227565581032313419e-03,-2.367238197461954337e-05,-2.367238197462877264e-05,-2.367238197487865414e-05,-2.367238197468530701e-05
3.599775014061621270e-04,0.000000000000000000e+00,8.406585595289539723e-05,7.644742048297586631e-05,0.000000000000000000e+00,6.227563798188950027e-03,-2.771283499176870909e-05,-2.771283499178019485e-05,-2.771283499194861211e-05,-2.771283499175400121e-05
3.649771889256921468e-04,0.000000000000000000e+00,8.354722152381847239e-05,7.621753702762093248e-05,0.000000000000000000e+00,6.227562845990952493e-03,-3.099853493475715222e-05,-3.099853493477136205e-05,-3.099853493454042698e-05,-3.099853493434456586e-05
3.699768764452221665e-04,0.000000000000000000e+00,8.298716761452363004e-05,7.598789879161263103e-05,0.000000000000000000e+00,6.227563049787652495e-03,-3.328596804992679710e-05,-3.328596804994405625e-05,-3.328596804953369928e-05,-3.328596804933674718e-05
3.749765639647521863e-04,0.000000000000000000e+00,8.243071743432797834e-05,7.575850577495093488e-05,0.000000000000000000e+00,6.227564492771039788e-03,-3.429855653210961116e-05,-3.429855653213021100e-05,-3.429855653120696541e-05,-3.429855653100903753e-05
3.799762514842822060e-04,0.000000000000000000e+00,8.193428926716431779e-05,7.552935797763587111e-05,0.000000000000000000e+00,6.227567018033068787e-03,-3.375527509625648884e-05,-3.375527509628063944e-05,-3.375527509521893447e-05,-3.375527509502011889e-05
3.849759390038122800e-04,0.000000000000000000e+00,8.155976126973181917e-05,7.530045539966743974e-05,0.000000000000000000e+00,6.227570218896852014e-03,-3.141857619537271516e-05,-3.141857619540058594e-05,-3.141857619424820100e-05,-3.141857619404857228e-05
3.899756265233422997e-04,0.000000000000000000e+00,8.136190019401226407e-05,7.507179804104562721e-05,0.000000000000000000e+00,6.227573322150826984e-03,-2.716280241084546282e-05,-2.716280241087699955e-05,-2.716280240994407407e-05,-2.716280240974359154e-05
3.949753140428723195e-04,0.000000000000000000e+00,8.138140514746532595e-05,7.484338590177043351e-05,0.000000000000000000e+00,6.227574986178993979e-03,-2.101347813080468017e-05,-2.101347813083984220e-05,-2.101347813001656006e-05,-2.101347812981504076e-05
3.999750015624023393e-04,0.000000000000000000e+00,8.163609957423552388e-05,7.461521898184185866e-05,0.000000000000000000e+00,6.227573863205792572e-03,-1.316888072324596723e-05,-1.316888072328463598e-05,-1.316888072251716315e-05,-1.316888072231431570e-05
4.049746890819323590e-04,0.000000000000000000e+00,8.211436191239892808e-05,7.438729728125991619e-05,0.000000000000000000e+00,6.227569578503640464e-03,-3.993447527489986422e-06,-3.993447527531884907e-06,-3.993447526976631940e-06,-3.993447526772122611e-06
4.099743766014623788e-04,0.000000000000000000e+00,8.277700664653522085e-05,7.415962080002460612e-05,0.000000000000000000e+00,6.227563360184283636e-03,6.019245014259978051e-06,6.019245014214989590e-06,6.019245014497056644e-06,6.019245014703842797e-06
4.149740641209924527e-04,0.000000000000000000e+00,8.356253988772332413e-05,7.393218953813590134e-05,0.000000000000000000e+00,6.227557664771674224e-03,1.628136924815800883e-05,1.628136924811017858e-05,1.628136924775453655e-05,1.628136924796423819e-05
4.199737516405224725e-04,0.000000000000000000e+00,8.439895067705004952e-05,7.370500349559382894e-05,0.000000000000000000e+00,6.227554977200990861e-03,2.616997576177085822e-05,2.616997576172046654e-05,2.616997576093226511e-05,2.616997576114555140e-05
4.249734391600524922e-04,0.000000000000000000e+00,8.521163699809567718e-05,7.347806267239838894e-05,0.000000000000000000e+00,6.227556235605443552e-03,3.508064804922532193e-05,3.508064804917276523e-05,3.508064804786840225e-05,3.508064804808583900e-05
4.299731266795825120e-04,0.000000000000000000e+00,8.592813767309600821e-05,7.325136706854955423e-05,0.000000000000000000e+00,6.227560247940320225e-03,4.247523006792951303e-05,4.247523006787497766e-05,4.247523006672535744e-05,4.247523006694757823e-05
4.349728141991125317e-04,0.000000000000000000e+00,8.648811649560853194e-05,7.302491668404735190e-05,0.000000000000000000e+00,6.227564755957501995e-03,4.793743938689418372e-05,4.793743938683809659e-05,4.793743938592656716e-05,4.793743938615399890e-05
4.399725017186425515e-04,0.000000000000000000e+00,8.684882431606995800e-05,7.279871151889178197e-05,0.000000000000000000e+00,6.227568164647615152e-03,5.119985083136680259e-05,5.119985083130978710e-05,5.119985083102860605e-05,5.119985083126130294e-05
4.449721892381726255e-04,0.000000000000000000e+00,8.698867890721834065e-05,7.257275157308283088e-05,0.000000000000000000e+00,6.227570202381144809e-03,5.216973924195643483e-05,5.216973924189896534e-05,5.216973924203141419e-05,5.216973924226930848e-05
4.499718767577026452e-04,0.000000000000000000e+00,8.690744736803085804e-05,7.234703684662048507e-05,0.000000000000000000e+00,6.227571286725876003e-03,5.093252899047597508e-05,5.093252899041853269e-05,5.093252899120400329e-05,5.093252899144683069e-05
4.549715642772326650e-04,0.000000000000000000e+00,8.662190522755348887e-05,7.212156733950477166e-05,0.000000000000000000e+00,6.227571626578537640e-03,4.773569318942621847e-05,4.773569318936946048e-05,4.773569319073663265e-05,4.773569319098402725e-05
4.599712517967626847e-04,0.000000000000000000e+00,8.616355691886618874e-05,7.189634305173569064e-05,0.000000000000000000e+00,6.227570925141379284e-03,4.297926429105309589e-05,4.297926429099753053e-05,4.297926429277623873e-05,4.297926429302736029e-05
4.649709393162927045e-04,0.000000000000000000e+00,8.556974510221047447e-05,7.167136398331322845e-05,0.000000000000000000e+00,6.227568874377456890e-03,3.716826773605896389e-05,3.716826773600501128e-05,3.716826773771042064e-05,3.716826773796472704e-05
4.699706268358227784e-04,0.000000000000000000e+00,8.487528090672935837e-05,7.144663013423738511e-05,0.000000000000000000e+00,6.227565799721048075e-03,3.085356485510431103e-05,3.085356485505226254e-05,3.085356485613670189e-05,3.085356485639351550e-05
4.749703143553527982e-04,0.000000000000000000e+00,8.411159329433698015e-05,7.122214150450817416e-05,0.000000000000000000e+00,6.227562655968310774e-03,2.455242891524684376e-05,2.455242891519728894e-05,2.455242891557113201e-05,2.455242891582950417e-05
4.799700018748828179e-04,0.000000000000000000e+00,8.330746841362812358e-05,7.099789809412558204e-05,0.000000000000000000e+00,6.227560265840984682e-03,1.865566050445026391e-05,1.865566050440375164e-05,1.865566050402564291e-05,1.865566050428465203e-05
4.849696893944128377e-04,0.000000000000000000e+00,8.249363360474088304e-05,7.077389990308960877e-05,0.000000000000000000e+00,6.227558866930872801e-03,1.337366946689630438e-05,1.337366946685327849e-05,1.337366946632233791e-05,1.337366946658113189e-05
4.899693769139429117e-04,0.000000000000000000e+00,8.170325793289146270e-05,7.055014693140026789e-05,0.000000000000000000e+00,6.227558318465115615e-03,8.701650894794311084e-06,8.701650894755378062e-06,8.701650894335534323e-06,8.701650894593208522e-06
4.949690644334729314e-04,0.000000000000000000e+00,8.097036725659349614e-05,7.032663917905754584e-05,0.000000000000000000e+00,6.227558573046182780e-03,4.446877627477035391e-06,4.446877627442824577e-06,4.446877627601325618e-06,4.446877627856977102e-06
4.999687519530029512e-04,0.000000000000000000e+00,8.033175590912674299e-05,7.010337664606145619e-05,0.000000000000000000e+00,6.227559752967436364e-03,3.044401834289084410e-07,3.044401833999579137e-07,3.044401838448308407e-07,3.044401840978258178e-07
5.049684394725329709e-04,0.000000000000000000e+00,7.982264911158813855e-05,6.988035933241197183e-05,0.000000000000000000e+00,6.227562049886370930e-03,-4.058292007339094480e-06,-4.058292007362399744e-06,-4.058292006631264621e-06,-4.058292006381313669e-06
5.099681269920629907e-04,0.000000000000000000e+00,7.947247214941845358e-05,6.965758723810911985e-05,0.000000000000000000e+00,6.227565438944460650e-03,-8.894217453122606329e-06,-8.894217453140021326e-06,-8.894217452367371424e-06,-8.894217452120640891e-06
5.149678145115930104e-04,0.000000000000000000e+00,7.930255296987290161e-05,6.943506036315290027e-05,0.000000000000000000e+00,6.227569508261042268e-03,-1.430220918612908456e-05,-1.430220918614055338e-05,-1.430220918531290055e-05,-1.430220918506927354e-05
5.199675020311230302e-04,0.000000000000000000e+00,7.932425429208858126e-05,6.921277870754329953e-05,0.000000000000000000e+00,6.227573429306015353e-03,-2.017339496668773782e-05,-2.017339496669334179e-05,-2.017339496617240975e-05,-2.017339496593145598e-05
5.249671895506530499e-04,0.000000000000000000e+00,7.954041296761924895e-05,6.899074227128031763e-05,0.000000000000000000e+00,6.227576309905716832e-03,-2.617214000151380282e-05,-2.617214000151360292e-05,-2.617214000152801942e-05,-2.617214000128939330e-05
5.299668770701830697e-04,0.000000000000000000e+00,7.994125438345127377e-05,6.876895105436396812e-05,0.000000000000000000e+00,6.227577434385176899e-03,-3.178410630144971118e-05,-3.178410630144398524e-05,-3.178410630194500861e-05,-3.178410630170818498e-05
5.349665645897130895e-04,0.000000000000000000e+00,8.050294048197935925e-05,6.854740505679423745e-05,0.000000000000000000e+00,6.227576516235366379e-03,-3.638233275312719502e-05,-3.638233275311616327e-05,-3.638233275374612539e-05,-3.638233275351059602e-05
5.399662521092431092e-04,0.000000000000000000e+00,8.119291617146016688e-05,6.832610427857111206e-05,0.000000000000000000e+00,6.227573859865959821e-03,-3.933215959356607336e-05,-3.933215959354974256e-05,-3.933215959376787048e-05,-3.933215959353347953e-05
5.449659396287732374e-04,0.000000000000000000e+00,8.197356239363824703e-05,6.810504871969463262e-05,0.000000000000000000e+00,6.227570323079048738e-03,-4.009717754822582901e-05,-4.009717754820413141e-05,-4.009717754777573603e-05,-4.009717754754247671e-05
5.499656271483032571e-04,0.000000000000000000e+00,8.280798580959787515e-05,6.788423838016477202e-05,0.000000000000000000e+00,6.227566708897507020e-03,-3.832004171379191810e-05,-3.832004171376500955e-05,-3.832004171263429511e-05,-3.832004171240212676e-05
5.549653146678332769e-04,0.000000000000000000e+00,8.366369365617429038e-05,6.766367325998153025e-05,0.000000000000000000e+00,6.227563366047865825e-03,-3.389497753225031361e-05,-3.389497753221815346e-05,-3.389497753093148331e-05,-3.389497753070053469e-05
5.599650021873632966e-04,0.000000000000000000e+00,8.451554184409530788e-05,6.744335335914490733e-05,0.000000000000000000e+00,6.227560353583675400e-03,-2.698298456635274260e-05,-2.698298456631498864e-05,-2.698298456537951868e-05,-2.698298456515035561e-05
5.649646897068933164e-04,0.000000000000000000e+00,8.534880196154026296e-05,6.722327867765491680e-05,0.000000000000000000e+00,6.227557962614049987e-03,-1.800856795522003264e-05,-1.800856795517652564e-05,-1.800856795503571488e-05,-1.800856795480886252e-05
5.699643772264233361e-04,0.000000000000000000e+00,8.615328819172397075e-05,6.700344921551154511e-05,0.000000000000000000e+00,6.227556865336475629e-03,-7.632007515625739865e-06,-7.632007515576486593e-06,-7.632007516094735231e-06,-7.632007515870515446e-06
5.749640647459533559e-04,0.000000000000000000e+00,8.691910199057825410e-05,6.678386497271480580e-05,0.000000000000000000e+00,6.227557854729341875e-03,3.320577003070400012e-06,3.320577003125643501e-06,3.320577002078524431e-06,3.320577002299644076e-06
5.799637522654833757e-04,0.000000000000000000e+00,8.763577374535477164e-05,6.656452594926468534e-05,0.000000000000000000e+00,6.227561155878454623e-03,1.393134342002551124e-05,1.393134342008704141e-05,1.393134341877719982e-05,1.393134341899454509e-05
5.849634397850133954e-04,0.000000000000000000e+00,8.829143745471826810e-05,6.634543214516118372e-05,0.000000000000000000e+00,6.227565868811288548e-03,2.329858936045303849e-05,2.329858936052090615e-05,2.329858935920190984e-05,2.329858935941526727e-05
5.899631273045434152e-04,0.000000000000000000e+00,8.887470779100582134e-05,6.612658356040431449e-05,0.000000000000000000e+00,6.227570181365952619e-03,3.063563578515356953e-05,3.063563578522772218e-05,3.063563578447129466e-05,3.063563578468042370e-05
5.949628148240734349e-04,0.000000000000000000e+00,8.937257569794661424e-05,6.590798019499405054e-05,0.000000000000000000e+00,6.227572441895060269e-03,3.535183530678571626e-05,3.535183530686636057e-05,3.535183530709840017e-05,3.535183530730296201e-05
5.999625023436035631e-04,0.000000000000000000e+00,8.977109017519889662e-05,6.568962204893043254e-05,0.000000000000000000e+00,6.227572067948649974e-03,3.712897799975336730e-05,3.712897799984062524e-05,3.712897800123707087e-05,3.712897800143671992e-05
6.049621898631335828e-04,0.000000000000000000e+00,9.005813907275219950e-05,6.547150912221343338e-05,0.000000000000000000e+00,6.227569674438773566e-03,3.594069871913204372e-05,3.594069871922582721e-05,3.594069872141546836e-05,3.594069872161007587e-05
6.099618773826636026e-04,0.000000000000000000e+00,9.022099531719948186e-05,6.525364141484305306e-05,0.000000000000000000e+00,6.227566640964791143e-03,3.204665679016958479e-05,3.204665679026986671e-05,3.204665679268251470e-05,3.204665679287179607e-05
6.149615649021936224e-04,0.000000000000000000e+00,9.024728211773563131e-05,6.503601892681929158e-05,0.000000000000000000e+00,6.227564404560743082e-03,2.595058045514968525e-05,2.595058045525647578e-05,2.595058045717420919e-05,2.595058045735795435e-05
6.199612524217236421e-04,0.000000000000000000e+00,9.012722264955509656e-05,6.481864165814216249e-05,0.000000000000000000e+00,6.227563761235525332e-03,1.832748645891357932e-05,1.832748645902663789e-05,1.832748646014881086e-05,1.832748646032689784e-05
6.249609399412536619e-04,0.000000000000000000e+00,8.985720258678970055e-05,6.460150960881165224e-05,0.000000000000000000e+00,6.227564622773422778e-03,9.958513462937817462e-06,9.958513463056596892e-06,9.958513463464043456e-06,9.958513463636641666e-06
6.299606274607836816e-04,0.000000000000000000e+00,8.944326330502461121e-05,6.438462277882776082e-05,0.000000000000000000e+00,6.227566365698184760e-03,1.642008072964038020e-06,1.642008073087962329e-06,1.642008073217056926e-06,1.642008073384406072e-06
6.349603149803137014e-04,0.000000000000000000e+00,8.889749038056877920e-05,6.416798116819050180e-05,0.000000000000000000e+00,6.227568239431672571e-03,-5.878685058230039690e-06,-5.878685058101785349e-06,-5.878685057998000096e-06,-5.878685057835547647e-06
6.399600024998437211e-04,0.000000000000000000e+00,8.823759957243723336e-05,6.395158477689986162e-05,0.000000000000000000e+00,6.227569664507141660e-03,-1.197504834030677345e-05,-1.197504834017501917e-05,-1.197504834005004962e-05,-1.197504833989206950e-05
6.449596900193737409e-04,0.000000000000000000e+00,8.748716317189061552e-05,6.373543360495584028e-05,0.000000000000000000e+00,6.227570323078111120e-03,-1.619779500917109573e-05,-1.619779500903649542e-05,-1.619779500886301969e-05,-1.619779500870924933e-05
6.499593775389037606e-04,0.000000000000000000e+00,8.667271886731003883e-05,6.351952765235843778e-05,0.000000000000000000e+00,6.227570049072377219e-03,-1.831105790582285183e-05,-1.831105790568594421e-05,-1.831105790549866183e-05,-1.831105790534906565e-05
6.549590650584338888e-04,0.000000000000000000e+00,8.582300378588114914e-05,6.330386691910768122e-05,0.000000000000000000e+00,6.227568634755829662e-03,-1.832221989926922939e-05,-1.832221989913039730e-05,-1.832221989892479530e-05,-1.832221989877935974e-05
6.599587525779639086e-04,0.000000000000000000e+00,8.496609248062592622e-05,6.308845140520352994e-05,0.000000000000000000e+00,6.227566138855917567e-03,-1.647550684731536309e-05,-1.647550684717458960e-05,-1.647550684739549579e-05,-1.647550684725458339e-05
6.649584400974939283e-04,0.000000000000000000e+00,8.412892466584778782e-05,6.287328111064601106e-05,0.000000000000000000e+00,6.227563303847620003e-03,-1.320848317011484536e-05,-1.320848316997181199e-05,-1.320848317080158241e-05,-1.320848317066585385e-05
6.699581276170239481e-04,0.000000000000000000e+00,8.333588401331587872e-05,6.265835603543511102e-05,0.000000000000000000e+00,6.227561352446456082e-03,-9.100751862098863402e-06,-9.100751861953288932e-06,-9.100751863684370166e-06,-9.100751863554293011e-06
6.749578151365539678e-04,0.000000000000000000e+00,8.260249068572809918e-05,6.244367617957082982e-05,0.000000000000000000e+00,6.227561054407206552e-03,-4.787236744859725709e-06,-4.787236744711244221e-06,-4.787236746804791182e-06,-4.787236746680961742e-06
6.799575026560839876e-04,0.000000000000000000e+00,8.193439195518988105e-05,6.222924154305318101e-05,0.000000000000000000e+00,6.227562180024557616e-03,-8.764414665553860065e-07,-8.764414664032114553e-07,-8.764414683789056404e-07,-8.764414682621099613e-07
6.849571901756140073e-04,0.000000000000000000e+00,8.132804430192615947e-05,6.201505212588215104e-05,0.000000000000000000e+00,6.227563727241751390e-03,2.120093410678768856e-06,2.120093410835361531e-06,2.120093409982744942e-06,2.120093410091849562e-06
6.899568776951440271e-04,0.000000000000000000e+00,8.077286478139496348e-05,6.180110792805775346e-05,0.000000000000000000e+00,6.227564722092277134e-03,3.841520381723802051e-06,3.841520381885090677e-06,3.841520382420822075e-06,3.841520382521903599e-06
6.949565652146740468e-04,0.000000000000000000e+00,8.025470822637748112e-05,6.158740894957997472e-05,0.000000000000000000e+00,6.227564897159020355e-03,4.084173727553092070e-06,4.084173727719639076e-06,4.084173729684701304e-06,4.084173729777400589e-06
6.999562527342040666e-04,0.000000000000000000e+00,7.975553434755230106e-05,6.137395519044881482e-05,0.000000000000000000e+00,6.227564775441720921e-03,2.801138972595979665e-06,2.801138972768279719e-06,2.801138975484958327e-06,2.801138975568862022e-06
7.049559402537340863e-04,0.000000000000000000e+00,7.925658960668084934e-05,6.116074665066427375e-05,0.000000000000000000e+00,6.227565012256347857e-03,8.242041380001550706e-08,8.242041397815670026e-08,8.242041685045897693e-08,8.242041692561451628e-08
7.099556277732641061e-04,0.000000000000000000e+00,7.873999204385261660e-05,6.094778333022637864e-05,0.000000000000000000e+00,6.227565864746375211e-03,-3.873304981845430365e-06,-3.873304981661664873e-06,-3.873304979220922495e-06,-3.873304979154393139e-06
7.149553152927942343e-04,0.000000000000000000e+00,7.818708469864762013e-05,6.073506522913508880e-05,0.000000000000000000e+00,6.227567252382532233e-03,-8.766049625868617390e-06,-8.766049625679376677e-06,-8.766049624313458123e-06,-8.766049624255470247e-06
7.199550028123242540e-04,0.000000000000000000e+00,7.758043282618277145e-05,6.052259234739043136e-05,0.000000000000000000e+00,6.227568960790083076e-03,-1.420965440670331822e-05,-1.420965440650899530e-05,-1.420965440650595954e-05,-1.420965440645635729e-05
7.249546903318542738e-04,0.000000000000000000e+00,7.690594959658677101e-05,6.031036468499238599e-05,0.000000000000000000e+00,6.227570512851796601e-03,-1.973972068558771682e-05,-1.973972068538890464e-05,-1.973972068700827916e-05,-1.973972068696705577e-05
7.299543778513842935e-04,0.000000000000000000e+00,7.615758234222469035e-05,6.009838224194097300e-05,0.000000000000000000e+00,6.227571171627852009e-03,-2.483942226446003547e-05,-2.483942226425743874e-05,-2.483942226671062234e-05,-2.483942226667769647e-05
7.349540653709143133e-04,0.000000000000000000e+00,7.533989195223373000e-05,5.988664501823617886e-05,0.000000000000000000e+00,6.227570401681723454e-03,-2.899575767390585044e-05,-2.899575767369977071e-05,-2.899575767642624102e-05,-2.899575767640184308e-05
7.399537528904443330e-04,0.000000000000000000e+00,7.446565159359707113e-05,5.967515301387801033e-05,0.000000000000000000e+00,6.227568321634823108e-03,-3.175636945923414702e-05,-3.175636945902519416e-05,-3.175636946080987903e-05,-3.175636946079450369e-05
7.449534404099743528e-04,0.000000000000000000e+00,7.355718587068781956e-05,5.946390622886646741e-05,0.000000000000000000e+00,6.227565670437337601e-03,-3.281188387880127391e-05,-3.281188387858996968e-05,-3.281188387931629027e-05,-3.281188387931005610e-05
7.499531279295043725e-04,0.000000000000000000e+00,7.264643032534428267e-05,5.925290466320153656e-05,0.000000000000000000e+00,6.227563284827666856e-03,-3.207418867873477070e-05,-3.207418867852152169e-05,-3.207418867793332168e-05,-3.207418867793677080e-05
7.549528154490343923e-04,0.000000000000000000e+00,7.177408521848887592e-05,5.904214831688323810e-05,0.000000000000000000e+00,6.227561533916217175e-03,-2.972922687597799195e-05,-2.972922687576326909e-05,-2.972922687467893817e-05,-2.972922687469246021e-05
7.599525029685644121e-04,0.000000000000000000e+00,7.098978974463159616e-05,5.883163718991156525e-05,0.000000000000000000e+00,6.227560238048496753e-03,-2.625707710452426563e-05,-2.625707710430848568e-05,-2.625707710306868356e-05,-2.625707710309266814e-05
7.649521904880944318e-04,0.000000000000000000e+00,7.034951573757669584e-05,5.862137128228651125e-05,0.000000000000000000e+00,6.227559361924582884e-03,-2.237268978248320572e-05,-2.237268978226668716e-05,-2.237268978144627815e-05,-2.237268978148118268e-05
7.699518780076245600e-04,0.000000000000000000e+00,6.991432239169283181e-05,5.841135059400808286e-05,0.000000000000000000e+00,6.227559469275407295e-03,-1.891321527486401231e-05,-1.891321527464709395e-05,-1.891321527432604136e-05,-1.891321527437223176e-05
7.749515655271545797e-04,0.000000000000000000e+00,6.974395203964437124e-05,5.820157512507628008e-05,0.000000000000000000e+00,6.227561228110872586e-03,-1.667960061496757531e-05,-1.667960061475068066e-05,-1.667960061500774161e-05,-1.667960061506539745e-05
7.799512530466845995e-04,0.000000000000000000e+00,6.988599700090080921e-05,5.799204487549109615e-05,0.000000000000000000e+00,6.227564425160559206e-03,-1.625714120307654491e-05,-1.625714120286009072e-05,-1.625714120373989368e-05,-1.625714120380907256e-05
7.849509405662146192e-04,0.000000000000000000e+00,7.036928408348582398e-05,5.778275984525253783e-05,0.000000000000000000e+00,6.227567829851853726e-03,-1.788821439006257625e-05,-1.788821438984698265e-05,-1.788821439084557351e-05,-1.788821439092642111e-05
7.899506280857446390e-04,0.000000000000000000e+00,7.119876471930998917e-05,5.757372003436059835e-05,0.000000000000000000e+00,6.227569981537778646e-03,-2.140522078765152056e-05,-2.140522078743742790e-05,-2.140522078829070179e-05,-2.140522078838279460e-05
7.949503156052746588e-04,0.000000000000000000e+00,7.235472090932887476e-05,5.736492544281529126e-05,0.000000000000000000e+00,6.227570376618979039e-03,-2.625586355064270802e-05,-2.625586355043113275e-05,-2.625586355038462047e-05,-2.625586355048729103e-05
7.999500031248046785e-04,0.000000000000000000e+00,7.379395745025269686e-05,5.715637607061660301e-05,0.000000000000000000e+00,6.227569866805050119e-03,-3.160984964259751104e-05,-3.160984964238929679e-05,-3.160984964186173756e-05,-3.160984964197433874e-05
8.049496906443346983e-04,0.000000000000000000e+00,7.545169751301465221e-05,5.694807191776453360e-05,0.000000000000000000e+00,6.227569870032765090e-03,-3.650370901029094086e-05,-3.650370901008713118e-05,-3.650370900905646149e-05,-3.650370900917814963e-05
8.099493781638647180e-04,0.000000000000000000e+00,7.725030894536594726e-05,5.674001298425909658e-05,0.000000000000000000e+00,6.227570838423419214e-03,-4.002963869117971609e-05,-4.002963869098161880e-05,-4.002963869037857878e-05,-4.002963869050822225e-05
8.149490656833947378e-04,0.000000000000000000e+00,7.910708728404832943e-05,5.653219927010027840e-05,0.000000000000000000e+00,6.227571740095497362e-03,-4.150603905294617153e-05,-4.150603905275519610e-05,-4.150603905250000879e-05,-4.150603905263657760e-05
8.199487532029247575e-04,0.000000000000000000e+00,8.094132957948772095e-05,5.632463077528808583e-05,0.000000000000000000e+00,6.227571029535244364e-03,-4.060320987947102511e-05,-4.060320987928837092e-05,-4.060320987978155416e-05,-4.060320987992419451e-05
8.249484407224548857e-04,0.000000000000000000e+00,8.268357393743968253e-05,5.611730749982251888e-05,0.000000000000000000e+00,6.227568246419306133e-03,-3.740850590296672699e-05,-3.740850590279382385e-05,-3.740850590350633441e-05,-3.740850590365427380e-05
8.299481282419849055e-04,0.000000000000000000e+00,8.428258731940058254e-05,5.591022944370357077e-05,0.000000000000000000e+00,6.227564519736000434e-03,-3.239076906242755827e-05,-3.239076906226599859e-05,-3.239076906312476803e-05,-3.239076906327733560e-05
8.349478157615149252e-04,0.000000000000000000e+00,8.571125946523729317e-05,5.570339660693124828e-05,0.000000000000000000e+00,6.227561764661902755e-03,-2.630505832317500426e-05,-2.630505832302619751e-05,-2.630505832374266541e-05,-2.630505832389955624e-05
8.399475032810449450e-04,0.000000000000000000e+00,8.696448419436887418e-05,5.549680898950554462e-05,0.000000000000000000e+00,6.227561161490007512e-03,-2.003906955534154053e-05,-2.003906955520678437e-05,-2.003906955569585441e-05,-2.003906955585720741e-05
8.449471908005749647e-04,0.000000000000000000e+00,8.805173161470633211e-05,5.529046659142646658e-05,0.000000000000000000e+00,6.227562400105969911e-03,-1.444251602007473825e-05,-1.444251601995527612e-05,-1.444251602010608525e-05,-1.444251602027221043e-05
8.499468783201049845e-04,0.000000000000000000e+00,8.899233631858069601e-05,5.508436941269401416e-05,0.000000000000000000e+00,6.227564197716793995e-03,-1.020181713317062599e-05,-1.020181713306748618e-05,-1.020181713252025376e-05,-1.020181713269197445e-05
8.549465658396350042e-04,0.000000000000000000e+00,8.980900369392576037e-05,5.487851745330818735e-05,0.000000000000000000e+00,6.227565587869528241e-03,-7.745969029760231791e-06,-7.745969029674063130e-06,-7.745969028855565028e-06,-7.745969029034061975e-06
8.599462533591650240e-04,0.000000000000000000e+00,9.052348290646646987e-05,5.467291071326897938e-05,0.000000000000000000e+00,6.227566502057202587e-03,-7.218344412605800240e-06,-7.218344412536950014e-06,-7.218344411643130354e-06,-7.218344411829926530e-06
8.649459408786950437e-04,0.000000000000000000e+00,9.115540575245916920e-05,5.446754919257639703e-05,0.000000000000000000e+00,6.227567343180138645e-03,-8.491657757964404948e-06,-8.491657757913220441e-06,-8.491657757901382308e-06,-8.491657758098075217e-06
8.699456283982250635e-04,0.000000000000000000e+00,9.172316535910213253e-05,5.426243289123044029e-05,0.000000000000000000e+00,6.227568170572200627e-03,-1.120829350599669981e-05,-1.120829350596320813e-05,-1.120829350661401573e-05,-1.120829350682225031e-05
8.749453159177550832e-04,0.000000000000000000e+00,9.224872538177271636e-05,5.405756180923110239e-05,0.000000000000000000e+00,6.227568528469859185e-03,-1.486722766453062137e-05,-1.486722766451479879e-05,-1.486722766611149317e-05,-1.486722766633277883e-05
8.799450034372851030e-04,0.000000000000000000e+00,9.275726711707170012e-05,5.385293594657839010e-05,0.000000000000000000e+00,6.227567904745620261e-03,-1.890579909448886147e-05,-1.890579909449077915e-05,-1.890579909628483220e-05,-1.890579909652031752e-05
8.849446909568152312e-04,0.000000000000000000e+00,9.327492670990133680e-05,5.364855530327230343e-05,0.000000000000000000e+00,6.227566306356869044e-03,-2.279241151206689266e-05,-2.279241151208668951e-05,-2.279241151409012911e-05,-2.279241151434066451e-05
8.899443784763452509e-04,0.000000000000000000e+00,9.382877864644049363e-05,5.344441987931283560e-05,0.000000000000000000e+00,6.227564350745065473e-03,-2.610910890044982883e-05,-2.610910890048767427e-05,-2.610910890206406018e-05,-2.610910890233019116e-05
8.949440659958752707e-04,0.000000000000000000e+00,9.444488040544614339e-05,5.324052967469999339e-05,0.000000000000000000e+00,6.227562876351356788e-03,-2.858762508728505004e-05,-2.858762508734113039e-05,-2.858762508850694588e-05,-2.858762508878878424e-05
8.999437535154052904e-04,0.000000000000000000e+00,9.514716664675675333e-05,5.303688468943377679e-05,0.000000000000000000e+00,6.227562386651201362e-03,-3.012356769614146849e-05,-3.012356769621609548e-05,-3.012356769661315403e-05,-3.012356769691047954e-05
9.049434410349353102e-04,0.000000000000000000e+00,9.595364204512920106e-05,5.283348492351417903e-05,0.000000000000000000e+00,6.227562865756651987e-03,-3.073289768177055485e-05,-3.073289768186376913e-05,-3.073289768131535257e-05,-3.073289768162796871e-05
9.099431285544653299e-04,0.000000000000000000e+00,9.687313542370600060e-05,5.263033037694121366e-05,0.000000000000000000e+00,6.227564022276602107e-03,-3.049555658928894227e-05,-3.049555658940084210e-05,-3.049555658789188000e-05,-3.049555658821933955e-05
9.149428160739953497e-04,0.000000000000000000e+00,9.790620358117995694e-05,5.242742104971486714e-05,0.000000000000000000e+00,6.227565549646772551e-03,-2.951639133013017933e-05,-2.951639133026102898e-05,-2.951639132808478450e-05,-2.951639132842632851e-05
9.199425035935253694e-04,0.000000000000000000e+00,9.904315221963032659e-05,5.222475694183513945e-05,0.000000000000000000e+00,6.227567217865591712e-03,-2.789147268938344846e-05,-2.789147268953337668e-05,-2.789147268763639558e-05,-2.789147268799133965e-05
9.249421911130553892e-04,0.000000000000000000e+00,1.002638690658680018e-04,5.202233805330204415e-05,0.000000000000000000e+00,6.227568864371235344e-03,-2.572196735872883281e-05,-2.572196735889800223e-05,-2.572196735754002546e-05,-2.572196735790751579e-05
9.299418786325854090e-04,0.000000000000000000e+00,1.015408101284636012e-04,5.182016438411556091e-05,0.000000000000000000e+00,6.227570308518851072e-03,-2.312976441331141887e-05,-2.312976441350032077e-05,-2.312976441309978599e-05,-2.312976441347883323e-05
9.349415661521154287e-04,0.000000000000000000e+00,1.028427030346674309e-04,5.161823593427571007e-05,0.000000000000000000e+00,6.227571140465950825e-03,-2.027231522191850211e-05,-2.027231522212789204e-05,-2.027231522220969171e-05,-2.027231522259913374e-05
9.399412536716455569e-04,0.000000000000000000e+00,1.041390229104549868e-04,5.141655270378247807e-05,0.000000000000000000e+00,6.227570768529187319e-03,-1.735397761450107896e-05,-1.735397761473170909e-05,-1.735397761565928471e-05,-1.735397761605783065e-05
9.449409411911755766e-04,0.000000000000000000e+00,1.053985085867561203e-04,5.121511469263587168e-05,0.000000000000000000e+00,6.227568777596777065e-03,-1.459603914314990694e-05,-1.459603914340277846e-05,-1.459603914479131788e-05,-1.459603914519770395e-05
9.499406287107055964e-04,0.000000000000000000e+00,1.065876139991517752e-04,5.101392190083589090e-05,0.000000000000000000e+00,6.227565344237342634e-03,-1.221542549290538559e-05,-1.221542549318167079e-05,-1.221542549524365392e-05,-1.221542549565651472e-05
9.549403162302356161e-04,0.000000000000000000e+00,1.076714678786062397e-04,5.081297432838252897e-05,0.000000000000000000e+00,6.227561367823765751e-03,-1.039054186329215162e-05,-1.039054186359309735e-05,-1.039054186571175884e-05,-1.039054186612963068e-05
9.599400037497656359e-04,0.000000000000000000e+00,1.086124018424988204e-04,5.061227197527579265e-05,0.000000000000000000e+00,6.227558347606285127e-03,-9.221555057252222548e-06,-9.221555057578675822e-06,-9.221555059644284249e-06,-9.221555060066091410e-06
9.649396912692956556e-04,0.000000000000000000e+00,1.093703506193063527e-04,5.041181484151568872e-05,0.000000000000000000e+00,6.227557724180621604e-03,-8.707896970103050778e-06,-8.707896970455785790e-06,-8.707896971893146492e-06,-8.707896972317899633e-06
9.699393787888256754e-04,0.000000000000000000e+00,1.099039268819149780e-04,5.021160292710219686e-05,0.000000000000000000e+00,6.227559969382503655e-03,-8.714825078312205860e-06,-8.714825078691549565e-06,-8.714825079476154490e-06,-8.714825079903025214e-06
9.749390663083556952e-04,0.000000000000000000e+00,1.101735761321275914e-04,5.001163623203533061e-05,0.000000000000000000e+00,6.227564190074795850e-03,-8.981725128819556477e-06,-8.981725129225632542e-06,-8.981725129505024665e-06,-8.981725129933316711e-06
9.799387538278858233e-04,0.000000000000000000e+00,1.101461700704115421e-04,4.981191475631508998e-05,0.000000000000000000e+00,6.227568694636698154e-03,-9.158048701257164899e-06,-9.158048701689751401e-06,-9.158048701735943496e-06,-9.158048702165062245e-06
9.849384413474157347e-04,0.000000000000000000e+00,1.097945703942365491e-04,4.961243849994146819e-05,0.000000000000000000e+00,6.227571831751533421e-03,-8.858661262173526420e-06,-8.858661262632369250e-06,-8.858661262495888525e-06,-8.858661262924949676e-06
9.899381288669458628e-04,0.000000000000000000e+00,1.090983560315756317e-04,4.941320746291447878e-05,0.000000000000000000e+00,6.227572681043694325e-03,-7.747995496987366768e-06,-7.747995497472123723e-06,-7.747995496662580454e-06,-7.747995497090477782e-06
9.949378163864757742e-04,0.000000000000000000e+00,1.080465836524158011e-04,4.921422164523410144e-05,0.000000000000000000e+00,6.227571364885371372e-03,-5.592266622008203576e-06,-5.592266622518492646e-06,-5.592266621125193752e-06,-5.592266621550694824e-06
9.999375039060059023e-04,0.000000000000000000e+00,1.066396403200457044e-04,4.901548104690035650e-05,0.000000000000000000e+00,6.227568862781058569e-03,-2.296485873731931179e-06,-2.296485874267429643e-06,-2.296485872326046222e-06,-2.296485872747458665e-06
1.004937191425535814e-03,0.000000000000000000e+00,1.048915073633016224e-04,4.881698566791323716e-05,0.000000000000000000e+00,6.227566400989112058e-03,2.088259372150406355e-06,2.088259371590177916e-06,2.088259373358234680e-06,2.088259372942602389e-06
1.009936878945065942e-03,0.000000000000000000e+00,1.028288012807621857e-04,4.861873550827272989e-05,0.000000000000000000e+00,6.227564953850950151e-03,7.385145591992351322e-06,7.385145591408023102e-06,7.385145593070609017e-06,7.385145592662553436e-06
1.014936566464595853e-03,0.000000000000000000e+00,1.004911540245649907e-04,4.842073056797885502e-05,0.000000000000000000e+00,6.227564937549504714e-03,1.329476508468583679e-05,1.329476508407840575e-05,1.329476508517289429e-05,1.329476508477402986e-05
1.019936253984125981e-03,0.000000000000000000e+00,9.793170709906901623e-05,4.822297084703159898e-05,0.000000000000000000e+00,6.227566024240177925e-03,1.941609472840140791e-05,1.941609472777186931e-05,1.941609472841302920e-05,1.941609472802488144e-05
1.024935941503656110e-03,0.000000000000000000e+00,9.521226487512855373e-05,4.802545634543096856e-05,0.000000000000000000e+00,6.227567344674874404e-03,2.527247293495240145e-05,2.527247293430218508e-05,2.527247293396557080e-05,2.527247293358945429e-05
1.029935629023186021e-03,0.000000000000000000e+00,9.239912136013816015e-05,4.782818706317696375e-05,0.000000000000000000e+00,6.227568137517180968e-03,3.035982566149429885e-05,3.035982566082488532e-05,3.035982565960732628e-05,3.035982565924446753e-05
1.034935316542716149e-03,0.000000000000000000e+00,8.956020545114531668e-05,4.763116300026957778e-05,0.000000000000000000e+00,6.227568172614622415e-03,3.423237482889472259e-05,3.423237482820773144e-05,3.423237482591728659e-05,3.423237482556876302e-05
1.039935004062246060e-03,0.000000000000000000e+00,8.676334676029641673e-05,4.743438415670881743e-05,0.000000000000000000e+00,6.227567544671228084e-03,3.657958650058037780e-05,3.657958649987738111e-05,3.657958649707405442e-05,3.657958649674098752e-05
1.044934691581776189e-03,0.000000000000000000e+00,8.407437515315215005e-05,4.723785053249468269e-05,0.000000000000000000e+00,6.227566397523853596e-03,3.730241779031977868e-05,3.730241778960245020e-05,3.730241778702331619e-05,3.730241778670668172e-05
1.049934379101306100e-03,0.000000000000000000e+00,8.155143929604159281e-05,4.704156212762716679e-05,0.000000000000000000e+00,6.227564953323043440e-03,3.654944471583187354e-05,3.654944471510195475e-05,3.654944471369024221e-05,3.654944471339090077e-05
1.054934066620836228e-03,0.000000000000000000e+00,7.924244120340484965e-05,4.684551894210628329e-05,0.000000000000000000e+00,6.227563684828445016e-03,3.469738290737327892e-05,3.469738290663250456e-05,3.469738290673250866e-05,3.469738290645131405e-05
1.059933754140366139e-03,0.000000000000000000e+00,7.718455160348743982e-05,4.664972097593201862e-05,0.000000000000000000e+00,6.227563290086502758e-03,3.229793422747523221e-05,3.229793422672558095e-05,3.229793422790800506e-05,3.229793422764577044e-05
1.064933441659896268e-03,0.000000000000000000e+00,7.540211686987294477e-05,4.645416822910437279e-05,0.000000000000000000e+00,6.227564308916280246e-03,2.997728465501211769e-05,2.997728465425559191e-05,2.997728465610080236e-05,2.997728465585806305e-05
1.069933129179426179e-03,0.000000000000000000e+00,7.390735176454262011e-05,4.625886070162335258e-05,0.000000000000000000e+00,6.227566390912864930e-03,2.833046139351695107e-05,2.833046139275588519e-05,2.833046139469815207e-05,2.833046139447542306e-05
1.074932816698956307e-03,0.000000000000000000e+00,7.270229724781465599e-05,4.606379839348895798e-05,0.000000000000000000e+00,6.227568179612365078e-03,2.781884693871062100e-05,2.781884693794715294e-05,2.781884693986046484e-05,2.781884693965828146e-05
1.079932504218486218e-03,0.000000000000000000e+00,7.178286007037772197e-05,4.586898130470118900e-05,0.000000000000000000e+00,6.227568283871569646e-03,2.867994026227620240e-05,2.867994026151260558e-05,2.867994026266437727e-05,2.867994026248318337e-05
1.084932191738016347e-03,0.000000000000000000e+00,7.114105179557660532e-05,4.567440943526003886e-05,0.000000000000000000e+00,6.227566477363971620e-03,3.088840115737832517e-05,3.088840115661652407e-05,3.088840115691406980e-05,3.088840115675442103e-05
1.089931879257546475e-03,0.000000000000000000e+00,7.076164150913117148e-05,4.548008278516551433e-05,0.000000000000000000e+00,6.227563767689936990e-03,3.415907737087514460e-05,3.415907737011703656e-05,3.415907736928215345e-05,3.415907736914475116e-05
1.094931566777076386e-03,0.000000000000000000e+00,7.062070110214167264e-05,4.528600135441761542e-05,0.000000000000000000e+00,6.227561595598211756e-03,3.800926436620176256e-05,3.800926436544868928e-05,3.800926436416859888e-05,3.800926436405429687e-05
1.099931254296606514e-03,0.000000000000000000e+00,7.068525660051238203e-05,4.509216514301633534e-05,0.000000000000000000e+00,6.227560994904794006e-03,4.186371220749243304e-05,4.186371220674547195e-05,4.186371220533641570e-05,4.186371220524616943e-05
1.104930941816136426e-03,0.000000000000000000e+00,7.091270693984848587e-05,4.489857415096168089e-05,0.000000000000000000e+00,6.227562228694158084e-03,4.516589477260971627e-05,4.516589477186934171e-05,4.516589477113212489e-05,4.516589477106720829e-05
1.109930629335666554e-03,0.000000000000000000e+00,7.125206533291300419e-05,4.470522837825364527e-05,0.000000000000000000e+00,6.227564794647256520e-03,4.748445212221350962e-05,4.748445212147978258e-05,4.748445212134083529e-05,4.748445212130254940e-05
1.114930316855196465e-03,0.000000000000000000e+00,7.164536288840366225e-05,4.451212782489224204e-05,0.000000000000000000e+00,6.227567749310814610e-03,4.857091073422525532e-05,4.857091073349787763e-05,4.857091073367133643e-05,4.857091073366100263e-05
1.119930004374726593e-03,0.000000000000000000e+00,7.203315642132593094e-05,4.431927249087745766e-05,0.000000000000000000e+00,6.227569970076682684e-03,4.836412410782513151e-05,4.836412410710362884e-05,4.836412410668968723e-05,4.836412410670864722e-05
1.124929691894256505e-03,0.000000000000000000e+00,7.235973367227626870e-05,4.412666237620929211e-05,0.000000000000000000e+00,6.227570448080844978e-03,4.695659071797820405e-05,4.695659071726183780e-05,4.695659071591252786e-05,4.695659071596190650e-05
1.129929379413786633e-03,0.000000000000000000e+00,7.257471969547843796e-05,4.393429748088775895e-05,0.000000000000000000e+00,6.227568842149212511e-03,4.453948383078535392e-05,4.453948383007358874e-05,4.453948382794911491e-05,4.453948382802980666e-05
1.134929066933316544e-03,0.000000000000000000e+00,7.263760010799829041e-05,4.374217780491284463e-05,0.000000000000000000e+00,6.227565898575020825e-03,4.136498100500606896e-05,4.136498100429865415e-05,4.136498100178247163e-05,4.136498100189476787e-05
1.139928754452846672e-03,0.000000000000000000e+00,7.252243101681306889e-05,4.355030334828455593e-05,0.000000000000000000e+00,6.227562939308275113e-03,3.772440491338518352e-05,3.772440491268204453e-05,3.772440491022262677e-05,3.772440491036663593e-05
1.144928441972376800e-03,0.000000000000000000e+00,7.222162019054221757e-05,4.335867411100289285e-05,0.000000000000000000e+00,6.227560905200464104e-03,3.393935105849966809e-05,3.393935105780096755e-05,3.393935105561929528e-05,3.393935105579486150e-05
1.149928129491906712e-03,0.000000000000000000e+00,7.174654779838719135e-05,4.316729009306784860e-05,0.000000000000000000e+00,6.227560020949351668e-03,3.036223050163806231e-05,3.036223050094432200e-05,3.036223049983458348e-05,3.036223050004125274e-05
1.154927817011436840e-03,0.000000000000000000e+00,7.112331154400451899e-05,4.297615129447942997e-05,0.000000000000000000e+00,6.227560222952501987e-03,2.736282703470403982e-05,2.736282703401603900e-05,2.736282703429600711e-05,2.736282703453320683e-05
1.159927504530966751e-03,0.000000000000000000e+00,7.038953035192506218e-05,4.278525771523763018e-05,0.000000000000000000e+00,6.227561680048004401e-03,2.530037670499812608e-05,2.530037670431666775e-05,2.530037670640172744e-05,2.530037670666911541e-05
1.164927192050496879e-03,0.000000000000000000e+00,6.958837709388026292e-05,4.259460935534245600e-05,0.000000000000000000e+00,6.227564748389054390e-03,2.448169538388312718e-05,2.448169538320910918e-05,2.448169538638476106e-05,2.448169538668189683e-05
1.169926879570026791e-03,0.000000000000000000e+00,6.876031627939625378e-05,4.240420621479391421e-05,0.000000000000000000e+00,6.227569280476298944e-03,2.511423843736993616e-05,2.511423843670458161e-05,2.511423844045099479e-05,2.511423844077750227e-05
1.174926567089556919e-03,0.000000000000000000e+00,6.793869156940182815e-05,4.221404829359198449e-05,0.000000000000000000e+00,6.227573943092495727e-03,2.727045833723034637e-05,2.727045833657489873e-05,2.727045833962654160e-05,2.727045833998191257e-05
1.179926254609086830e-03,0.000000000000000000e+00,6.714704002538559311e-05,4.202413559173668039e-05,0.000000000000000000e+00,6.227576713255011769e-03,3.086140149677929251e-05,3.086140149613501215e-05,3.086140149806019606e-05,3.086140149844404429e-05
1.184925942128616959e-03,0.000000000000000000e+00,6.639975829683862304e-05,4.183446810922800867e-05,0.000000000000000000e+00,6.227576329346765430e-03,3.562903149754168344e-05,3.562903149690967489e-05,3.562903149731641334e-05,3.562903149772845760e-05
1.189925629648146870e-03,0.000000000000000000e+00,6.570203301921674394e-05,4.164504584606594902e-05,0.000000000000000000e+00,6.227573323317925520e-03,4.117073970061617579e-05,4.117073969999738095e-05,4.117073969946236106e-05,4.117073969990230997e-05
1.194925317167676998e-03,0.000000000000000000e+00,6.504816805834083505e-05,4.145586880225052176e-05,0.000000000000000000e+00,6.227569489490012399e-03,4.699194877364060976e-05,4.699194877303590956e-05,4.699194877175325773e-05,4.699194877222050143e-05
1.199925004687207126e-03,0.000000000000000000e+00,6.442420772509711120e-05,4.126693697778170656e-05,0.000000000000000000e+00,6.227566492358196232e-03,5.257912114880589121e-05,5.257912114821542793e-05,5.257912114643531704e-05,5.257912114692974033e-05
1.204924692206737038e-03,0.000000000000000000e+00,6.381040516515367952e-05,4.107825037265952375e-05,0.000000000000000000e+00,6.227564712493000899e-03,5.747318018422073747e-05,5.747318018364411132e-05,5.747318018147390449e-05,5.747318018199528377e-05
1.209924379726267166e-03,0.000000000000000000e+00,6.318465945906259025e-05,4.088980898688396656e-05,0.000000000000000000e+00,6.227563400875968033e-03,6.132644427864477276e-05,6.132644427808136710e-05,6.132644427591853284e-05,6.132644427646652928e-05
1.214924067245797077e-03,0.000000000000000000e+00,6.252712651338916726e-05,4.070161282045502144e-05,0.000000000000000000e+00,6.227561852151639564e-03,6.393961578223657466e-05,6.393961578168544759e-05,6.393961578005507857e-05,6.393961578062906876e-05
1.219923754765327205e-03,0.000000000000000000e+00,6.182319719627716443e-05,4.051366187337270870e-05,0.000000000000000000e+00,6.227560491209706631e-03,6.526462173651618385e-05,6.526462173597598012e-05,6.526462173480847056e-05,6.526462173540781753e-05
1.224923442284857117e-03,0.000000000000000000e+00,6.106762896460131125e-05,4.032595614563702158e-05,0.000000000000000000e+00,6.227560447827471327e-03,6.537836768421508872e-05,6.537836768368441242e-05,6.537836768292521340e-05,6.537836768354880583e-05
1.229923129804387245e-03,0.000000000000000000e+00,6.026452341598507171e-05,4.013849563724795330e-05,0.000000000000000000e+00,6.227562267527753277e-03,6.444603697435281864e-05,6.444603697383034162e-05,6.444603697293815165e-05,6.444603697358441746e-05
1.234922817323917156e-03,0.000000000000000000e+00,5.942443282431061148e-05,3.995128034820551063e-05,0.000000000000000000e+00,6.227565041487755949e-03,6.268038075615141021e-05,6.268038075563603471e-05,6.268038075488343577e-05,6.268038075555039629e-05
1.239922504843447284e-03,0.000000000000000000e+00,5.856388332604915502e-05,3.976431027850969358e-05,0.000000000000000000e+00,6.227567027294064403e-03,6.030766856454281531e-05,6.030766856403361976e-05,6.030766856324487623e-05,6.030766856393033595e-05
1.244922192362977196e-03,0.000000000000000000e+00,5.770400451264840835e-05,3.957758542816049537e-05,0.000000000000000000e+00,6.227567018213518192e-03,5.753649155119477352e-05,5.753649155069107352e-05,5.753649155045019767e-05,5.753649155115162905e-05
1.249921879882507324e-03,0.000000000000000000e+00,5.687055148340824538e-05,3.939110579715792278e-05,0.000000000000000000e+00,6.227565414802302760e-03,5.453329998320678761e-05,5.453329998270833921e-05,5.453329998275656588e-05,5.453329998347117709e-05
1.254921567402037452e-03,0.000000000000000000e+00,5.609253129229937784e-05,3.920487138550196902e-05,0.000000000000000000e+00,6.227563841129899434e-03,5.141466922320778047e-05,5.141466922271462433e-05,5.141466922328125549e-05,5.141466922400610563e-05
1.259921254921567363e-03,0.000000000000000000e+00,5.539931669782064013e-05,3.901888219319264766e-05,0.000000000000000000e+00,6.227563826322652860e-03,4.824154665815223145e-05,4.824154665766482159e-05,4.824154665814454717e-05,4.824154665887669534e-05
1.264920942441097491e-03,0.000000000000000000e+00,5.482056343106674274e-05,3.883313822022994513e-05,0.000000000000000000e+00,6.227565580645856060e-03,4.502146370947407287e-05,4.502146370899320210e-05,4.502146370954071742e-05,4.502146371027719563e-05
1.269920629960627403e-03,0.000000000000000000e+00,5.438397466015832456e-05,3.864763946661386144e-05,0.000000000000000000e+00,6.227568078054212565e-03,4.172532752938354957e-05,4.172532752891024111e-05,4.172532752947595070e-05,4.172532753021384515e-05
1.274920317480157531e-03,0.000000000000000000e+00,5.411355696113992285e-05,3.846238593234441015e-05,0.000000000000000000e+00,6.227570057687623756e-03,3.831547579327642913e-05,3.831547579281198402e-05,3.831547579374103686e-05,3.831547579447748119e-05
1.279920004999687442e-03,0.000000000000000000e+00,5.402952203779690235e-05,3.827737761742157769e-05,0.000000000000000000e+00,6.227571047489569023e-03,3.478037067800982099e-05,3.478037067755571646e-05,3.478037067862538355e-05,3.478037067935781633e-05
1.284919692519217570e-03,0.000000000000000000e+00,5.414712341504563417e-05,3.809261452184537085e-05,0.000000000000000000e+00,6.227571360256102181e-03,3.114778684976823538e-05,3.114778684932564373e-05,3.114778685007164936e-05,3.114778685079792252e-05
1.289919380038747482e-03,0.000000000000000000e+00,5.447692369434883094e-05,3.790809664561578285e-05,0.000000000000000000e+00,6.227571380757193457e-03,2.747507977058807449e-05,2.747507977015778853e-05,2.747507977040942507e-05,2.747507977112784793e-05
1.294919067558277610e-03,0.000000000000000000e+00,5.502186373953666130e-05,3.772382398873282047e-05,0.000000000000000000e+00,6.227570864487500663e-03,2.382528807848577904e-05,2.382528807806862548e-05,2.382528807767896999e-05,2.382528807838813647e-05
1.299918755077807521e-03,0.000000000000000000e+00,5.577316436868143571e-05,3.753979655119648370e-05,0.000000000000000000e+00,6.227569132848160931e-03,2.023294620269134868e-05,2.023294620228766633e-05,2.023294620168509725e-05,2.023294620238405529e-05
1.304918442597337649e-03,0.000000000000000000e+00,5.670996853804906014e-05,3.735601433300676577e-05,0.000000000000000000e+00,6.227565873348226214e-03,1.668571815080008885e-05,1.668571815040956939e-05,1.668571814921197323e-05,1.668571814990033319e-05
1.309918130116867778e-03,0.000000000000000000e+00,5.779989364696626846e-05,3.717247733416367345e-05,0.000000000000000000e+00,6.227561805579931269e-03,1.313257188359762581e-05,1.313257188321959162e-05,1.313257188177870387e-05,1.313257188245646576e-05
1.314917817636397689e-03,0.000000000000000000e+00,5.900347031336232884e-05,3.698918555466720675e-05,0.000000000000000000e+00,6.227558420822793504e-03,9.522161186510493723e-06,9.522161186144338321e-06,9.522161184146839814e-06,9.522161184813961269e-06
1.319917505155927817e-03,0.000000000000000000e+00,6.027947008581516003e-05,3.680613899451736567e-05,0.000000000000000000e+00,6.227557064165984042e-03,5.855956668066033277e-06,5.855956667710733449e-06,5.855956666006030515e-06,5.855956666662657232e-06
1.324917192675457728e-03,0.000000000000000000e+00,6.158981742109859191e-05,3.662333765371414342e-05,0.000000000000000000e+00,6.227558148913674152e-03,2.220719972233692791e-06,2.220719971887864485e-06,2.220719970492103266e-06,2.220719971138785816e-06
1.329916880194987857e-03,0.000000000000000000e+00,6.290580716533471489e-05,3.644078153225754679e-05,0.000000000000000000e+00,6.227561111654512406e-03,-1.202931372235978972e-06,-1.202931372573425039e-06,-1.202931372798266547e-06,-1.202931372161218150e-06
1.334916567714517768e-03,0.000000000000000000e+00,6.420872151866974069e-05,3.625847063014757578e-05,0.000000000000000000e+00,6.227564860808834472e-03,-4.155557737391380016e-06,-4.155557737721177376e-06,-4.155557737054125378e-06,-4.155557736426765343e-06
1.339916255234047896e-03,0.000000000000000000e+00,6.548755246688424370e-05,3.607640494738422360e-05,0.000000000000000000e+00,6.227568264824076896e-03,-6.338708063331507627e-06,-6.338708063654342376e-06,-6.338708062192778555e-06,-6.338708061575095025e-06
1.344915942753577807e-03,0.000000000000000000e+00,6.673700946120344904e-05,3.589458448396749704e-05,0.000000000000000000e+00,6.227570465135817863e-03,-7.472881498427490400e-06,-7.472881498743952921e-06,-7.472881497391717336e-06,-7.472881496783720475e-06
1.349915630273107936e-03,0.000000000000000000e+00,6.795472720260682740e-05,3.571300923989739610e-05,0.000000000000000000e+00,6.227570991314794122e-03,-7.369571574901053466e-06,-7.369571575211140369e-06,-7.369571574273373253e-06,-7.369571573675437449e-06
1.354915317792637847e-03,0.000000000000000000e+00,6.914032122036934671e-05,3.553167921517391399e-05,0.000000000000000000e+00,6.227569828159273436e-03,-5.996725982067050414e-06,-5.996725982370516908e-06,-5.996725981774712239e-06,-5.996725981187313525e-06
1.359915005312167975e-03,0.000000000000000000e+00,7.029211137248401336e-05,3.535059440979705750e-05,0.000000000000000000e+00,6.227567420712147236e-03,-3.521816374811851641e-06,-3.521816375108377547e-06,-3.521816374814611274e-06,-3.521816374238115568e-06
1.364914692831697886e-03,0.000000000000000000e+00,7.140423542263102494e-05,3.516975482376682663e-05,0.000000000000000000e+00,6.227564527377607399e-03,-3.242996124620754062e-07,-3.242996127511745273e-07,-3.242996125264092526e-07,-3.242996119611926372e-07
1.369914380351228015e-03,0.000000000000000000e+00,7.246746311403419146e-05,3.498916045708321459e-05,0.000000000000000000e+00,6.227561915771320268e-03,3.044817035041122723e-06,3.044817034760253374e-06,3.044817034615957923e-06,3.044817035169366899e-06
1.374914067870758143e-03,0.000000000000000000e+00,7.346853078919717689e-05,3.480881130974623495e-05,0.000000000000000000e+00,6.227560293582695521e-03,5.960790948791565364e-06,5.960790948519742327e-06,5.960790948816647704e-06,5.960790949357896675e-06
1.379913755390288054e-03,0.000000000000000000e+00,7.439150134138923336e-05,3.462870738175586737e-05,0.000000000000000000e+00,6.227560342946907891e-03,7.854444983167011119e-06,7.854444982905203399e-06,7.854444983537781156e-06,7.854444984066422889e-06
1.384913442909818182e-03,0.000000000000000000e+00,7.522028733635958183e-05,3.444884867311212540e-05,0.000000000000000000e+00,6.227562530433766209e-03,8.336774638537234103e-06,8.336774638286519127e-06,8.336774639787785076e-06,8.336774640303445182e-06
1.389913130429348094e-03,0.000000000000000000e+00,7.594160771777425307e-05,3.426923518381501583e-05,0.000000000000000000e+00,6.227566527220604331e-03,7.278565220998608340e-06,7.278565220759889044e-06,7.278565222112592191e-06,7.278565222615043665e-06
1.394912817948878222e-03,0.000000000000000000e+00,7.654909031835166282e-05,3.408986691386451832e-05,0.000000000000000000e+00,6.227571002753096684e-03,4.830448331840159738e-06,4.830448331614388188e-06,4.830448332786551344e-06,4.830448333275739976e-06
1.399912505468408133e-03,0.000000000000000000e+00,7.704211136841095185e-05,3.391074386326065320e-05,0.000000000000000000e+00,6.227574155845250377e-03,1.386364989444574480e-06,1.386364989232776433e-06,1.386364989226501613e-06,1.386364989702416392e-06
1.404912192987938261e-03,0.000000000000000000e+00,7.742408329902331467e-05,3.373186603200340692e-05,0.000000000000000000e+00,6.227574752893786855e-03,-2.507079556187655972e-06,-2.507079556384634331e-06,-2.507079557295906257e-06,-2.507079556833128112e-06
1.409911880507468173e-03,0.000000000000000000e+00,7.770311680062505077e-05,3.355323342009278626e-05,0.000000000000000000e+00,6.227572769600244439e-03,-6.260126101750161308e-06,-6.260126101931569507e-06,-6.260126103610931757e-06,-6.260126103160785414e-06
1.414911568026998301e-03,0.000000000000000000e+00,7.789217468642964739e-05,3.337484602752879121e-05,0.000000000000000000e+00,6.227569276185256596e-03,-9.341961708958141744e-06,-9.341961709123128516e-06,-9.341961710401526544e-06,-9.341961709963752812e-06
1.419911255546528212e-03,0.000000000000000000e+00,7.801102415115188560e-05,3.319670385431141500e-05,0.000000000000000000e+00,6.227565576908497547e-03,-1.136755746020632586e-05,-1.136755746035357746e-05,-1.136755746058413475e-05,-1.136755746015871584e-05
1.424910943066058340e-03,0.000000000000000000e+00,7.808619546957714026e-05,3.301880690044066441e-05,0.000000000000000000e+00,6.227562479688217821e-03,-1.215628716924704766e-05,-1.215628716937538162e-05,-1.215628716851755578e-05,-1.215628716810440191e-05
1.429910630585588469e-03,0.000000000000000000e+00,7.815110094230806484e-05,3.284115516591653943e-05,0.000000000000000000e+00,6.227560249981654340e-03,-1.176954162712625201e-05,-1.176954162723419450e-05,-1.176954162534397441e-05,-1.176954162494304491e-05
1.434910318105118380e-03,0.000000000000000000e+00,7.824630959085801833e-05,3.266374865073903329e-05,0.000000000000000000e+00,6.227559100445287203e-03,-1.050188507282056173e-05,-1.050188507290591893e-05,-1.050188507051591383e-05,-1.050188507012793378e-05
1.439910005624648508e-03,0.000000000000000000e+00,7.841348016385713037e-05,3.248658735490815276e-05,0.000000000000000000e+00,6.227559356772500131e-03,-8.815071714292347689e-06,-8.815071714352480252e-06,-8.815071711496618885e-06,-8.815071711122635204e-06
1.444909693144178419e-03,0.000000000000000000e+00,7.868943832176998469e-05,3.230967127842389785e-05,0.000000000000000000e+00,6.227561203435754734e-03,-7.243026984477657541e-06,-7.243026984509949825e-06,-7.243026982587293455e-06,-7.243026982228263294e-06
1.449909380663708548e-03,0.000000000000000000e+00,7.910211413389572357e-05,3.213300042128626179e-05,0.000000000000000000e+00,6.227564321399470075e-03,-6.272946084905315161e-06,-6.272946084906917748e-06,-6.272946084239291461e-06,-6.272946083896275304e-06
1.454909068183238459e-03,0.000000000000000000e+00,7.966851844305158827e-05,3.195657478349525811e-05,0.000000000000000000e+00,6.227567877938637413e-03,-6.245682492858583718e-06,-6.245682492826290586e-06,-6.245682494212966530e-06,-6.245682493887378077e-06
1.459908755702768587e-03,0.000000000000000000e+00,8.039558881249494202e-05,3.178039436505086649e-05,0.000000000000000000e+00,6.227570879302905642e-03,-7.295422222630719363e-06,-7.295422222561487972e-06,-7.295422224859098723e-06,-7.295422224552120430e-06
1.464908443222298498e-03,0.000000000000000000e+00,8.127918555003398851e-05,3.160445916595310727e-05,0.000000000000000000e+00,6.227572762426848881e-03,-9.333315933430689311e-06,-9.333315933322094605e-06,-9.333315936108749992e-06,-9.333315935821041699e-06
1.469908130741828627e-03,0.000000000000000000e+00,8.230630035680649146e-05,3.142876918620196689e-05,0.000000000000000000e+00,6.227573642468205509e-03,-1.209165820269735586e-05,-1.209165820254719556e-05,-1.209165820424112931e-05,-1.209165820397314503e-05
1.474907818261358538e-03,0.000000000000000000e+00,8.345900858764681717e-05,3.125332442579744534e-05,0.000000000000000000e+00,6.227573915211563789e-03,-1.517828442004845942e-05,-1.517828441985499202e-05,-1.517828442000667529e-05,-1.517828441975850480e-05
1.479907505780888666e-03,0.000000000000000000e+00,8.471505318958189393e-05,3.107812488473955619e-05,0.000000000000000000e+00,6.227573654994971591e-03,-1.814259060341204559e-05,-1.814259060317441558e-05,-1.814259060137765202e-05,-1.814259060114871934e-05
1.484907193300418794e-03,0.000000000000000000e+00,8.604932040895348121e-05,3.090317056302828587e-05,0.000000000000000000e+00,6.227572507603853710e-03,-2.055737587447878902e-05,-2.055737587419690661e-05,-2.055737587132222587e-05,-2.055737587111150440e-05
1.489906880819948706e-03,0.000000000000000000e+00,8.743431744325912830e-05,3.072846146066364118e-05,0.000000000000000000e+00,6.227570061884052550e-03,-2.209298990467094736e-05,-2.209298990434530047e-05,-2.209298990128149082e-05,-2.209298990108753721e-05
1.494906568339478834e-03,0.000000000000000000e+00,8.884153749450220626e-05,3.055399757764562209e-05,0.000000000000000000e+00,6.227566321035403474e-03,-2.259638428994862973e-05,-2.259638428958052277e-05,-2.259638428686887554e-05,-2.259638428668983649e-05
1.499906255859008745e-03,0.000000000000000000e+00,9.024206947107779684e-05,3.037977891397422185e-05,0.000000000000000000e+00,6.227561964988932025e-03,-2.211932871317191253e-05,-2.211932871276307006e-05,-2.211932871109465232e-05,-2.211932871092837298e-05
1.504905943378538873e-03,0.000000000000000000e+00,9.160225525032557716e-05,3.020580546964944722e-05,0.000000000000000000e+00,6.227558090912506047e-03,-2.089455072169980432e-05,-2.089455072125223888e-05,-2.089455072080916611e-05,-2.089455072065356955e-05
1.509905630898068785e-03,0.000000000000000000e+00,9.288264399374617051e-05,3.003207724467129482e-05,0.000000000000000000e+00,6.227555622909569481e-03,-1.927616260324079131e-05,-1.927616260275691188e-05,-1.927616260404988734e-05,-1.927616260390281532e-05
1.514905318417598913e-03,0.000000000000000000e+00,9.403992696108837146e-05,2.985859423903976803e-05,0.000000000000000000e+00,6.227555027237793688e-03,-1.762997585062154519e-05,-1.762997585010385898e-05,-1.762997585191632314e-05,-1.762997585177562419e-05
1.519905005937128824e-03,0.000000000000000000e+00,9.503049939622725559e-05,2.968535645275486686e-05,0.000000000000000000e+00,6.227556462628869652e-03,-1.624635072669714897e-05,-1.624635072614797346e-05,-1.624635072779678747e-05,-1.624635072766065233e-05
1.524904693456658952e-03,0.000000000000000000e+00,9.581610412172697944e-05,2.951236388581658115e-05,0.000000000000000000e+00,6.227559737163031704e-03,-1.528189224283926204e-05,-1.528189224226070126e-05,-1.528189224236288393e-05,-1.528189224222993364e-05
1.529904380976188864e-03,0.000000000000000000e+00,9.636789984248826310e-05,2.933961653822492782e-05,0.000000000000000000e+00,6.227564058158920925e-03,-1.474708339871027178e-05,-1.474708339810446366e-05,-1.474708339701634650e-05,-1.474708339688527323e-05
1.534904068495718992e-03,0.000000000000000000e+00,9.667222606344832796e-05,2.916711440997989333e-05,0.000000000000000000e+00,6.227568127117018466e-03,-1.454699540518065770e-05,-1.454699540454930136e-05,-1.454699540221270169e-05,-1.454699540208253644e-05
1.539903756015249120e-03,0.000000000000000000e+00,9.673302985255908810e-05,2.899485750108148107e-05,0.000000000000000000e+00,6.227570782256451436e-03,-1.450451420211586760e-05,-1.450451420146010994e-05,-1.450451419913361706e-05,-1.450451419900396850e-05
1.544903443534779031e-03,0.000000000000000000e+00,9.656719778349902295e-05,2.882284581152969781e-05,0.000000000000000000e+00,6.227571602592765071e-03,-1.439739317269282955e-05,-1.439739317201327534e-05,-1.439739317038071082e-05,-1.439739317025154337e-05
1.549903131054309159e-03,0.000000000000000000e+00,9.620016090458721465e-05,2.865107934132453339e-05,0.000000000000000000e+00,6.227571100570547004e-03,-1.398959877340347690e-05,-1.398959877270065640e-05,-1.398959877264926860e-05,-1.398959877252066190e-05
1.554902818573839071e-03,0.000000000000000000e+00,9.566137841373367518e-05,2.847955809046599459e-05,0.000000000000000000e+00,6.227570284874030596e-03,-1.305173555042693881e-05,-1.305173554970076561e-05,-1.305173555104727017e-05,-1.305173555091962739e-05
1.559902506093369199e-03,0.000000000000000000e+00,9.498080898580749034e-05,2.830828205895407802e-05,0.000000000000000000e+00,6.227569866113343879e-03,-1.140723530400726413e-05,-1.140723530325703519e-05,-1.140723530556789862e-05,-1.140723530544221418e-05
1.564902193612899110e-03,0.000000000000000000e+00,9.418500374683343060e-05,2.813725124678878367e-05,0.000000000000000000e+00,6.227569795352870009e-03,-8.952718181906504452e-06,-8.952718181131442201e-06,-8.952718183934882393e-06,-8.952718183812088026e-06
1.569901881132429238e-03,0.000000000000000000e+00,9.329234258554314565e-05,2.796646565397011832e-05,0.000000000000000000e+00,6.227569625509506678e-03,-5.688174790948416277e-06,-5.688174790147937108e-06,-5.688174792570885018e-06,-5.688174792451717646e-06
1.574901568651959150e-03,0.000000000000000000e+00,9.231443175467565591e-05,2.779592528049806843e-05,0.000000000000000000e+00,6.227568999426097603e-03,-1.728959907058521320e-06,-1.728959906231885349e-06,-1.728959907476901385e-06,-1.728959907362279616e-06
1.579901256171489278e-03,0.000000000000000000e+00,9.125905065240643799e-05,2.762563012637264415e-05,0.000000000000000000e+00,6.227567696253878161e-03,2.732583633664769375e-06,2.732583634518034791e-06,2.732583635585421665e-06,2.732583635694625388e-06
1.584900943691019189e-03,0.000000000000000000e+00,9.013270209934700088e-05,2.745558019159384888e-05,0.000000000000000000e+00,6.227565548463421391e-03,7.455778023870893281e-06,7.455778024750564949e-06,7.455778027692517051e-06,7.455778027795910975e-06
1.589900631210549318e-03,0.000000000000000000e+00,8.894560684681575519e-05,2.728577547616167244e-05,0.000000000000000000e+00,6.227562690539337371e-03,1.220249555016126386e-05,1.220249555106648119e-05,1.220249555527859478e-05,1.220249555537607810e-05
1.594900318730079446e-03,0.000000000000000000e+00,8.771663579939163551e-05,2.711621598007612162e-05,0.000000000000000000e+00,6.227559860215667493e-03,1.676294024515330813e-05,1.676294024608284886e-05,1.676294024997089611e-05,1.676294025006233839e-05
1.599900006249609357e-03,0.000000000000000000e+00,8.647806181812130850e-05,2.694690170333718964e-05,0.000000000000000000e+00,6.227558371680280529e-03,2.095566876378331261e-05,2.095566876473548945e-05,2.095566876779714763e-05,2.095566876788250145e-05
1.604899693769139485e-03,0.000000000000000000e+00,8.527436914463498198e-05,2.677783264594488667e-05,0.000000000000000000e+00,6.227559511957607083e-03,2.464055669659302012e-05,2.464055669756566805e-05,2.464055669887440849e-05,2.464055669895372127e-05
1.609899381288669397e-03,0.000000000000000000e+00,8.415484254532005972e-05,2.660900880789920930e-05,0.000000000000000000e+00,6.227563530232297501e-03,2.768929862490343289e-05,2.768929862589431236e-05,2.768929862565105805e-05,2.768929862572407568e-05
1.614899068808199525e-03,0.000000000000000000e+00,8.316759507618763821e-05,2.644043018920014739e-05,0.000000000000000000e+00,6.227569019059838416e-03,2.997234559990315743e-05,2.997234560091019829e-05,2.997234559916108881e-05,2.997234559922719126e-05
1.619898756327729436e-03,0.000000000000000000e+00,8.235277911181633612e-05,2.627209678984771449e-05,0.000000000000000000e+00,6.227573575133120952e-03,3.134919704066312421e-05,3.134919704168421227e-05,3.134919703930135951e-05,3.134919703935968281e-05
1.624898443847259564e-03,0.000000000000000000e+00,8.173611290049746813e-05,2.610400860984190381e-05,0.000000000000000000e+00,6.227575285338240833e-03,3.164935967985009382e-05,3.164935968088352145e-05,3.164935967822803250e-05,3.164935967827736370e-05
1.629898131366789476e-03,0.000000000000000000e+00,8.132487044695704912e-05,2.593616564918271535e-05,0.000000000000000000e+00,6.227573650826653123e-03,3.069646199805091890e-05,3.069646199909530375e-05,3.069646199678202966e-05,3.069646199682074923e-05
1.634897818886319604e-03,0.000000000000000000e+00,8.110749414775264533e-05,2.576856790787015252e-05,0.000000000000000000e+00,6.227569466548387236e-03,2.832456902128092864e-05,2.832456902233509841e-05,2.832456902089037869e-05,2.832456902091686033e-05
1.639897506405849515e-03,0.000000000000000000e+00,8.105926699053281575e-05,2.560121538590421191e-05,0.000000000000000000e+00,6.227564227209997881e-03,2.443931414110158074e-05,2.443931414216456304e-05,2.443931414196370442e-05,2.443931414197643025e-05
1.644897193925379643e-03,0.000000000000000000e+00,8.114681447380124048e-05,2.543410808328489691e-05,0.000000000000000000e+00,6.227559525576346899e-03,1.910647115514609669e-05,1.910647115621721389e-05,1.910647115703401115e-05,1.910647115703144295e-05
1.649896881444909771e-03,0.000000000000000000e+00,8.133139069774543461e-05,2.526724600001220415e-05,0.000000000000000000e+00,6.227556632596921438e-03,1.260031235103368046e-05,1.260031235211235829e-05,1.260031235304184312e-05,1.260031235302285264e-05
1.654896568964439683e-03,0.000000000000000000e+00,8.157550998045692977e-05,2.510062913608613022e-05,0.000000000000000000e+00,6.227556365642514073e-03,5.434749586024030236e-06,5.434749587109609684e-06,5.434749587835162860e-06,5.434749587799136855e-06
1.659896256483969811e-03,0.000000000000000000e+00,8.184871922316817026e-05,2.493425749150668868e-05,0.000000000000000000e+00,6.227558865719375752e-03,-1.696091626453988125e-06,-1.696091625361947509e-06,-1.696091625036659752e-06,-1.696091625090068568e-06
1.664895944003499722e-03,0.000000000000000000e+00,8.213089924775731385e-05,2.476813106627386599e-05,0.000000000000000000e+00,6.227563210058506375e-03,-8.031566212086770204e-06,-8.031566210988348042e-06,-8.031566210628613149e-06,-8.031566210699677520e-06
1.669895631523029850e-03,0.000000000000000000e+00,8.241126316762897256e-05,2.460224986038766552e-05,0.000000000000000000e+00,6.227567615178517327e-03,-1.287699330909209016e-05,-1.287699330798741181e-05,-1.287699330793649666e-05,-1.287699330802504718e-05
1.674895319042559762e-03,0.000000000000000000e+00,8.268536051669212741e-05,2.443661387384809066e-05,0.000000000000000000e+00,6.227570483747829969e-03,-1.576426026205803959e-05,-1.576426026094743032e-05,-1.576426026084789379e-05,-1.576426026095344426e-05
1.679895006562089890e-03,0.000000000000000000e+00,8.295415622199739370e-05,2.427122310665513804e-05,0.000000000000000000e+00,6.227571249031163200e-03,-1.653554639201845267e-05,-1.653554639090215134e-05,-1.653554639091610367e-05,-1.653554639103815095e-05
1.684894694081619801e-03,0.000000000000000000e+00,8.321998993500409104e-05,2.410607755880881102e-05,0.000000000000000000e+00,6.227570309553963172e-03,-1.537230235709699560e-05,-1.537230235597538845e-05,-1.537230235560898910e-05,-1.537230235574694705e-05
1.689894381601149929e-03,0.000000000000000000e+00,8.348254511626631950e-05,2.394117723030910285e-05,0.000000000000000000e+00,6.227568512086194795e-03,-1.275986882582041695e-05,-1.275986882469478639e-05,-1.275986882430522917e-05,-1.275986882445802883e-05
1.694894069120679841e-03,0.000000000000000000e+00,8.373896243258405799e-05,2.377652212115602030e-05,0.000000000000000000e+00,6.227566714371718382e-03,-9.372928613398747542e-06,-9.372928612270816447e-06,-9.372928611537025028e-06,-9.372928611703334865e-06
1.699893756640209969e-03,0.000000000000000000e+00,8.398596865242171782e-05,2.361211223134956674e-05,0.000000000000000000e+00,6.227565514038915610e-03,-5.957774785017303465e-06,-5.957774783889268185e-06,-5.957774783166352669e-06,-5.957774783345056292e-06
1.704893444159739880e-03,0.000000000000000000e+00,8.422340373471716337e-05,2.344794756088972864e-05,0.000000000000000000e+00,6.227565244192110119e-03,-3.176541069564403253e-06,-3.176541068438903142e-06,-3.176541067931904795e-06,-3.176541068121715562e-06
1.709893131679270008e-03,0.000000000000000000e+00,8.445476329053955354e-05,2.328402810977651615e-05,0.000000000000000000e+00,6.227566040830012466e-03,-1.479477481915246977e-06,-1.479477480795552430e-06,-1.479477481270493968e-06,-1.479477481470069330e-06
1.714892819198800137e-03,0.000000000000000000e+00,8.468704166334773667e-05,2.312035387800992928e-05,0.000000000000000000e+00,6.227567627939786798e-03,-1.045809886267482710e-06,-1.045809885156900544e-06,-1.045809886640779448e-06,-1.045809886848956429e-06
1.719892506718330048e-03,0.000000000000000000e+00,8.493238010630043138e-05,2.295692486558996464e-05,0.000000000000000000e+00,6.227569251612082371e-03,-1.757799103100531964e-06,-1.757799102002403723e-06,-1.757799104080914155e-06,-1.757799104296881299e-06
1.724892194237860176e-03,0.000000000000000000e+00,8.520600549471480116e-05,2.279374107251662561e-05,0.000000000000000000e+00,6.227570168308441817e-03,-3.263858491359456308e-06,-3.263858490277044764e-06,-3.263858492624408959e-06,-3.263858492847475086e-06
1.729891881757390087e-03,0.000000000000000000e+00,8.552265106698833880e-05,2.263080249878990542e-05,0.000000000000000000e+00,6.227570083338697902e-03,-5.068317316755392409e-06,-5.068317315691698598e-06,-5.068317318088936517e-06,-5.068317318318696745e-06
1.734891569276920216e-03,0.000000000000000000e+00,8.589345114433834391e-05,2.246810914440981424e-05,0.000000000000000000e+00,6.227569004610480907e-03,-6.638609400763150917e-06,-6.638609399720729491e-06,-6.638609402237803938e-06,-6.638609402474169328e-06
1.739891256796450127e-03,0.000000000000000000e+00,8.632412094283778490e-05,2.230566100937634528e-05,0.000000000000000000e+00,6.227567105282069346e-03,-7.530881455113293553e-06,-7.530881454094404397e-06,-7.530881455900171067e-06,-7.530881456143178891e-06
1.744890944315980255e-03,0.000000000000000000e+00,8.681546741998376912e-05,2.214345809368949516e-05,0.000000000000000000e+00,6.227564810911313462e-03,-7.447766431982526842e-06,-7.447766430988955501e-06,-7.447766432021121051e-06,-7.447766432270950031e-06
1.749890631835510166e-03,0.000000000000000000e+00,8.736129758387462180e-05,2.198150039734927404e-05,0.000000000000000000e+00,6.227562770426986818e-03,-6.278191547365779556e-06,-6.278191546398824531e-06,-6.278191546207384921e-06,-6.278191546464448409e-06
1.754890319355040295e-03,0.000000000000000000e+00,8.794780621865123666e-05,2.181978792035567516e-05,0.000000000000000000e+00,6.227561589413665825e-03,-4.098119112850974688e-06,-4.098119111911542305e-06,-4.098119111187635761e-06,-4.098119111452314922e-06
1.759890006874570206e-03,0.000000000000000000e+00,8.855629530983909301e-05,2.165832066270869849e-05,0.000000000000000000e+00,6.227561579410995259e-03,-1.132360946606688143e-06,-1.132360945695714372e-06,-1.132360944212959481e-06,-1.132360944485333090e-06
1.764889694394100334e-03,0.000000000000000000e+00,8.916486468930888583e-05,2.149709862440834745e-05,0.000000000000000000e+00,6.227562485372137302e-03,2.266068793976901710e-06,2.266068794858754488e-06,2.266068796240475289e-06,2.266068795960395375e-06
1.769889381913630462e-03,0.000000000000000000e+00,8.975043991968858115e-05,2.133612180545461524e-05,0.000000000000000000e+00,6.227563578670921272e-03,5.674055066972046404e-06,5.674055067824295380e-06,5.674055069150422021e-06,5.674055068862776408e-06
1.774889069433160374e-03,0.000000000000000000e+00,9.029010668520228941e-05,2.117539020584751204e-05,0.000000000000000000e+00,6.227564270121753627e-03,8.639397099836296370e-06,8.639397100658140251e-06,8.639397101548454888e-06,8.639397101253846664e-06
1.779888756952690502e-03,0.000000000000000000e+00,9.076335017380995017e-05,2.101490382558702768e-05,0.000000000000000000e+00,6.227564626721340292e-03,1.071858745473513204e-05,1.071858745552548832e-05,1.071858745661123378e-05,1.071858745631075054e-05
1.784888444472220413e-03,0.000000000000000000e+00,9.115488206662494288e-05,2.085466266467316554e-05,0.000000000000000000e+00,6.227565049708346824e-03,1.155569086829137814e-05,1.155569086904923546e-05,1.155569087017395969e-05,1.155569086986865344e-05
1.789888131991750541e-03,0.000000000000000000e+00,9.145323633159076508e-05,2.069466672310593580e-05,0.000000000000000000e+00,6.227565761063123123e-03,1.093229189652415475e-05,1.093229189724855765e-05,1.093229189811358327e-05,1.093229189780436881e-05
1.794887819511280453e-03,0.000000000000000000e+00,9.164979455133030457e-05,2.053491600088532150e-05,0.000000000000000000e+00,6.227566703914267504e-03,8.822909490282205292e-06,8.822909490971993349e-06,8.822909491265525840e-06,8.822909490953399281e-06
1.799887507030810581e-03,0.000000000000000000e+00,9.173922003917004135e-05,2.037541049801133282e-05,0.000000000000000000e+00,6.227567720937908155e-03,5.407293147598254827e-06,5.407293148252243036e-06,5.407293147836704766e-06,5.407293147522458930e-06
1.804887194550340492e-03,0.000000000000000000e+00,9.171968136962683831e-05,2.021615021448396637e-05,0.000000000000000000e+00,6.227568625685880009e-03,1.025400115253230721e-06,1.025400115870740609e-06,1.025400114943292048e-06,1.025400114627070085e-06
1.809886882069870620e-03,0.000000000000000000e+00,9.159407659088245784e-05,2.005713515030322554e-05,0.000000000000000000e+00,6.227569276048075531e-03,-3.858160325108005741e-06,-3.858160324527456135e-06,-3.858160326710360837e-06,-3.858160327028940093e-06
1.814886569589400532e-03,0.000000000000000000e+00,9.136919376362419006e-05,1.989836530546911032e-05,0.000000000000000000e+00,6.227569472919801050e-03,-8.736138416677299091e-06,-8.736138416134157849e-06,-8.736138419370823206e-06,-8.736138419692187506e-06
1.819886257108930660e-03,0.000000000000000000e+00,9.105592060570673991e-05,1.973984067998161394e-05,0.000000000000000000e+00,6.227568849847979482e-03,-1.312306254589923702e-05,-1.312306254539377181e-05,-1.312306254991500837e-05,-1.312306255023990310e-05
1.824885944628460788e-03,0.000000000000000000e+00,9.067020543626501579e-05,1.958156127384074317e-05,0.000000000000000000e+00,6.227567094546919597e-03,-1.659215592670991497e-05,-1.659215592624203769e-05,-1.659215593073225421e-05,-1.659215593106174325e-05
1.829885632147990699e-03,0.000000000000000000e+00,9.023153385304774371e-05,1.942352708704649802e-05,0.000000000000000000e+00,6.227564404527784203e-03,-1.882332601830657848e-05,-1.882332601787584529e-05,-1.882332602206901752e-05,-1.882332602240441207e-05
1.834885319667520828e-03,0.000000000000000000e+00,8.976241452946638838e-05,1.926573811959887171e-05,0.000000000000000000e+00,6.227561596086228501e-03,-1.960475244349336733e-05,-1.960475244309920224e-05,-1.960475244552448458e-05,-1.960475244586709924e-05
1.839885007187050739e-03,0.000000000000000000e+00,8.928822460636360811e-05,1.910819437149787102e-05,0.000000000000000000e+00,6.227559820130562987e-03,-1.885837644656944081e-05,-1.885837644621102390e-05,-1.885837644673673999e-05,-1.885837644708795373e-05
1.844884694706580867e-03,0.000000000000000000e+00,8.883771404903080353e-05,1.895089584274349594e-05,0.000000000000000000e+00,6.227560079313699745e-03,-1.664764791227195498e-05,-1.664764791194806991e-05,-1.664764791010953408e-05,-1.664764791047100031e-05
1.849884382226110778e-03,0.000000000000000000e+00,8.844345255912031242e-05,1.879384253333574308e-05,0.000000000000000000e+00,6.227562656368684953e-03,-1.313814459189644135e-05,-1.313814459160573117e-05,-1.313814458850613946e-05,-1.313814458887959290e-05
1.854884069745640907e-03,0.000000000000000000e+00,8.813824661657618882e-05,1.863703444327461585e-05,0.000000000000000000e+00,6.227566766853620886e-03,-8.581597985142300607e-06,-8.581597984883550676e-06,-8.581597981191230721e-06,-8.581597981578321390e-06
1.859883757265170818e-03,0.000000000000000000e+00,8.795181763675571733e-05,1.848047157256010406e-05,0.000000000000000000e+00,6.227570881458419257e-03,-3.263283763222120230e-06,-3.263283762994454714e-06,-3.263283759558304627e-06,-3.263283759960425049e-06
1.864883444784700946e-03,0.000000000000000000e+00,8.790780473980919771e-05,1.832415392119222467e-05,0.000000000000000000e+00,6.227573553523839747e-03,2.527237161152325047e-06,2.527237161349384721e-06,2.527237163784924623e-06,2.527237163366580133e-06
1.869883132304230857e-03,0.000000000000000000e+00,8.801964795636431642e-05,1.816808148917096750e-05,0.000000000000000000e+00,6.227574038647956840e-03,8.505014901602401831e-06,8.505014901768845499e-06,8.505014902609427444e-06,8.505014902173994911e-06
1.874882819823760986e-03,0.000000000000000000e+00,8.828820394788754178e-05,1.801225427649632917e-05,0.000000000000000000e+00,6.227572459307922220e-03,1.441525536114692468e-05,1.441525536128194342e-05,1.441525535995557792e-05,1.441525535950280154e-05
1.879882507343291114e-03,0.000000000000000000e+00,8.869983686727462831e-05,1.785667228316831985e-05,0.000000000000000000e+00,6.227569533172194402e-03,1.999848573491872175e-05,1.999848573502072485e-05,1.999848573253742076e-05,1.999848573206763257e-05
1.884882194862821025e-03,0.000000000000000000e+00,8.922721031989893910e-05,1.770133550918693275e-05,0.000000000000000000e+00,6.227566099993830408e-03,2.498524373552922875e-05,2.498524373559594106e-05,2.498524373251266660e-05,2.498524373202682883e-05
1.889881882382351153e-03,0.000000000000000000e+00,8.983136888508998273e-05,1.754624395455216788e-05,0.000000000000000000e+00,6.227562775670354191e-03,2.910130480757799974e-05,2.910130480760677175e-05,2.910130480540378136e-05,2.910130480490318489e-05
1.894881569901881065e-03,0.000000000000000000e+00,9.046230620415570203e-05,1.739139761926402863e-05,0.000000000000000000e+00,6.227560158079298823e-03,3.205860547703722483e-05,3.205860547702507499e-05,3.205860547548312266e-05,3.205860547496955642e-05
1.899881257421411193e-03,0.000000000000000000e+00,9.106236846633820046e-05,1.723679650332251160e-05,0.000000000000000000e+00,6.227559049431176733e-03,3.358880706839635042e-05,3.358880706834004644e-05,3.358880706809265861e-05,3.358880706756848752e-05
1.904880944940941104e-03,0.000000000000000000e+00,9.157172730723503505e-05,1.708244060672762019e-05,0.000000000000000000e+00,6.227560257805119306e-03,3.344106989231488401e-05,3.344106989221124106e-05,3.344106989218900814e-05,3.344106989165674618e-05
1.909880632460471232e-03,0.000000000000000000e+00,9.193504302062111618e-05,1.692832992947935439e-05,0.000000000000000000e+00,6.227563933066889573e-03,3.141619661640024976e-05,3.141619661624674706e-05,3.141619661633615309e-05,3.141619661579807710e-05
1.914880319980001144e-03,0.000000000000000000e+00,9.210894567795412373e-05,1.677446447157770405e-05,0.000000000000000000e+00,6.227569091050694401e-03,2.742420348848445191e-05,2.742420348827914807e-05,2.742420348746889329e-05,2.742420348692721911e-05
1.919880007499531272e-03,0.000000000000000000e+00,9.206608059141117156e-05,1.662084423302268610e-05,0.000000000000000000e+00,6.227573669532606576e-03,2.150663364996799649e-05,2.150663364970948203e-05,2.150663364832014132e-05,2.150663364777711189e-05
1.924879695019061183e-03,0.000000000000000000e+00,9.179788582891028066e-05,1.646746921381429037e-05,0.000000000000000000e+00,6.227575509909526012e-03,1.389459997205293472e-05,1.389459997174069127e-05,1.389459996973397365e-05,1.389459996919157441e-05
1.929879382538591311e-03,0.000000000000000000e+00,9.131450962838902298e-05,1.631433941395251348e-05,0.000000000000000000e+00,6.227573659963257791e-03,5.007818793719214432e-06,5.007818793353978908e-06,5.007818791151198578e-06,5.007818790610731418e-06
1.934879070058121439e-03,0.000000000000000000e+00,9.064046094066256440e-05,1.616145483343736560e-05,0.000000000000000000e+00,6.227569118516880844e-03,-4.585895163948915691e-06,-4.585895164365571198e-06,-4.585895166206654060e-06,-4.585895166744154063e-06
1.939878757577651351e-03,0.000000000000000000e+00,8.981057343583907825e-05,1.600881547226884333e-05,0.000000000000000000e+00,6.227564174650014606e-03,-1.424188370843729320e-05,-1.424188370890322400e-05,-1.424188370974042459e-05,-1.424188371027388933e-05
1.944878445097181479e-03,0.000000000000000000e+00,8.886572328192374399e-05,1.585642133044693990e-05,0.000000000000000000e+00,6.227560988996481105e-03,-2.337954922999146742e-05,-2.337954923050374279e-05,-2.337954922938857987e-05,-2.337954922991733849e-05
1.949878132616711390e-03,0.000000000000000000e+00,8.784993216634398409e-05,1.570427240797166209e-05,0.000000000000000000e+00,6.227560340405930046e-03,-3.155767939090975768e-05,-3.155767939146453038e-05,-3.155767938893683499e-05,-3.155767938946082990e-05
1.954877820136241302e-03,0.000000000000000000e+00,8.680753740695641685e-05,1.555236870484300989e-05,0.000000000000000000e+00,6.227561537213444250e-03,-3.852449844050646519e-05,-3.852449844109967286e-05,-3.852449843744043631e-05,-3.852449843795975560e-05
1.959877507655771647e-03,0.000000000000000000e+00,8.577766114621736542e-05,1.540071022106097992e-05,0.000000000000000000e+00,6.227563283376958379e-03,-4.422741936690183641e-05,-4.422741936752960979e-05,-4.422741936426320003e-05,-4.422741936477788435e-05
1.964877195175301558e-03,0.000000000000000000e+00,8.479088799607285246e-05,1.524929695662557557e-05,0.000000000000000000e+00,6.227564786031918910e-03,-4.875218178162333367e-05,-4.875218178228156636e-05,-4.875218177942076340e-05,-4.875218177993128710e-05
1.969876882694831469e-03,0.000000000000000000e+00,8.386713058226490591e-05,1.509812891153679514e-05,0.000000000000000000e+00,6.227565971913764757e-03,-5.228637095035602444e-05,-5.228637095104053548e-05,-5.228637094958658648e-05,-5.228637095009404053e-05
1.974876570214361381e-03,0.000000000000000000e+00,8.301434486695968471e-05,1.494720608579463693e-05,0.000000000000000000e+00,6.227566980306425796e-03,-5.504235169110470455e-05,-5.504235169181180087e-05,-5.504235169122942168e-05,-5.504235169173491739e-05
1.979876257733891726e-03,0.000000000000000000e+00,8.223046205407730832e-05,1.479652847939910095e-05,0.000000000000000000e+00,6.227567582015287352e-03,-5.720567738664732892e-05,-5.720567738737391379e-05,-5.720567738804620045e-05,-5.720567738855090334e-05
1.984875945253421637e-03,0.000000000000000000e+00,8.150551061265862737e-05,1.464609609235019228e-05,0.000000000000000000e+00,6.227567294961571485e-03,-5.892024319812640338e-05,-5.892024319886963752e-05,-5.892024320000767033e-05,-5.892024320051298308e-05
1.989875632772951548e-03,0.000000000000000000e+00,8.082578456599786177e-05,1.449590892464790414e-05,0.000000000000000000e+00,6.227566012392092044e-03,-6.024074825162903179e-05,-6.024074825238648253e-05,-6.024074825414283584e-05,-6.024074825465018147e-05
1.994875320292481893e-03,0.000000000000000000e+00,8.017717196526299463e-05,1.434596697629223993e-05,0.000000000000000000e+00,6.227564540797765613e-03,-6.114825013035041039e-05,-6.114825013112015328e-05,-6.114825013303978743e-05,-6.114825013355040600e-05
1.999875007812011805e-03,0.000000000000000000e+00,7.954595955731558849e-05,1.419627024728320303e-05,0.000000000000000000e+00,6.227564150728370426e-03,-6.157322665658382973e-05,-6.157322665736430622e-05,-6.157322665925518191e-05,-6.157322665977004242e-05
2.004874695331541716e-03,0.000000000000000000e+00,7.892162330659967869e-05,1.404681873762078665e-05,0.000000000000000000e+00,6.227565429810619398e-03,-6.144086819011223091e-05,-6.144086819090207219e-05,-6.144086819250795179e-05,-6.144086819302779963e-05
2.009874382851071627e-03,0.000000000000000000e+00,7.829885746450687039e-05,1.389761244730499420e-05,0.000000000000000000e+00,6.227567505892256730e-03,-6.074221989733781513e-05,-6.074221989813593701e-05,-6.074221989933383133e-05,-6.074221989985893755e-05
2.014874070370601972e-03,0.000000000000000000e+00,7.767985081009539012e-05,1.374865137633583076e-05,0.000000000000000000e+00,6.227568595673393589e-03,-5.953004567259754761e-05,-5.953004567340278456e-05,-5.953004567467403194e-05,-5.953004567520426779e-05
2.019873757890131884e-03,0.000000000000000000e+00,7.707598360062921177e-05,1.359993552471328276e-05,0.000000000000000000e+00,6.227567494538622551e-03,-5.792122375231255273e-05,-5.792122375312367825e-05,-5.792122375400382680e-05,-5.792122375453881281e-05
2.024873445409661795e-03,0.000000000000000000e+00,7.650558968605248374e-05,1.345146489243736377e-05,0.000000000000000000e+00,6.227564750084096067e-03,-5.606499182436677396e-05,-5.606499182518259543e-05,-5.606499182571365799e-05,-5.606499182625241160e-05
2.029873132929191706e-03,0.000000000000000000e+00,7.599188569640594453e-05,1.330323947950806870e-05,0.000000000000000000e+00,6.227562374955204760e-03,-5.408373114404444099e-05,-5.408373114486329824e-05,-5.408373114413761462e-05,-5.408373114467908551e-05
2.034872820448722051e-03,0.000000000000000000e+00,7.555908631374861479e-05,1.315525928592539416e-05,0.000000000000000000e+00,6.227562259119188634e-03,-5.206174354012870658e-05,-5.206174354094823467e-05,-5.206174353963670919e-05,-5.206174354018005033e-05
2.039872507968251963e-03,0.000000000000000000e+00,7.522788402365084860e-05,1.300752431168934693e-05,0.000000000000000000e+00,6.227564685939451609e-03,-5.001918325349083585e-05,-5.001918325430821586e-05,-5.001918325224350190e-05,-5.001918325278761554e-05
2.044872195487781874e-03,0.000000000000000000e+00,7.501408303815348521e-05,1.286003455679992362e-05,0.000000000000000000e+00,6.227568157167943756e-03,-4.793495956931887944e-05,-4.793495957013140088e-05,-4.793495956836833229e-05,-4.793495956891182929e-05
2.049871883007312219e-03,0.000000000000000000e+00,7.492776237378435088e-05,1.271279002125712085e-05,0.000000000000000000e+00,6.227570559955781376e-03,-4.576964757652814228e-05,-4.576964757733261352e-05,-4.576964757575788440e-05,-4.576964757629924010e-05
2.054871570526842130e-03,0.000000000000000000e+00,7.497561427745466026e-05,1.256579070506094539e-05,0.000000000000000000e+00,6.227570585992610319e-03,-4.344455192462336754e-05,-4.344455192541647498e-05,-4.344455192475770019e-05,-4.344455192529559999e-05
2.059871258046372042e-03,0.000000000000000000e+00,7.516238219602569212e-05,1.241903660821139215e-05,0.000000000000000000e+00,6.227568455082024314e-03,-4.085653000978805487e-05,-4.085653001056710834e-05,-4.085653001045168824e-05,-4.085653001098382144e-05
2.064870945565901953e-03,0.000000000000000000e+00,7.548915836114310934e-05,1.227252773070846114e-05,0.000000000000000000e+00,6.227565441294725598e-03,-3.786968933923753991e-05,-3.786968934000054719e-05,-3.786968934041723319e-05,-3.786968934094071988e-05
2.069870633085432298e-03,0.000000000000000000e+00,7.595287609056774786e-05,1.212626407255215913e-05,0.000000000000000000e+00,6.227562833153011713e-03,-3.433461497937467582e-05,-3.433461498011983442e-05,-3.433461498062920616e-05,-3.433461498114134938e-05
2.074870320604962209e-03,0.000000000000000000e+00,7.654435891108060186e-05,1.198024563374247427e-05,0.000000000000000000e+00,6.227561192634362836e-03,-3.013764372222976963e-05,-3.013764372295543292e-05,-3.013764372335358245e-05,-3.013764372385159039e-05
2.079870008124492121e-03,0.000000000000000000e+00,7.724778044119159947e-05,1.183447241427941672e-05,0.000000000000000000e+00,6.227560492154313870e-03,-2.523034573755699264e-05,-2.523034573826250332e-05,-2.523034573834412003e-05,-2.523034573882479767e-05
2.084869695644022032e-03,0.000000000000000000e+00,7.804193310145471222e-05,1.168894441416298648e-05,0.000000000000000000e+00,6.227560610599247419e-03,-1.969843708546229947e-05,-1.969843708614732889e-05,-1.969843708536132636e-05,-1.969843708582167860e-05
2.089869383163552377e-03,0.000000000000000000e+00,7.890110186882104556e-05,1.154366163339317338e-05,0.000000000000000000e+00,6.227561771161108442e-03,-1.378265265852738239e-05,-1.378265265919148672e-05,-1.378265265784139074e-05,-1.378265265827915769e-05
2.094869070683082288e-03,0.000000000000000000e+00,7.979912633343640095e-05,1.139862407196998760e-05,0.000000000000000000e+00,6.227564304596407661e-03,-7.854581008621740684e-06,-7.854581009264560763e-06,-7.854581007510301320e-06,-7.854581007923544978e-06
2.099868758202612200e-03,0.000000000000000000e+00,8.071228693342315697e-05,1.125383172989342742e-05,0.000000000000000000e+00,6.227568002833922499e-03,-2.384237112969090315e-06,-2.384237113590880261e-06,-2.384237112590585172e-06,-2.384237112977435284e-06
2.104868445722142545e-03,0.000000000000000000e+00,8.162140092984852152e-05,1.110928460716348609e-05,0.000000000000000000e+00,6.227571645909448644e-03,2.146036582029194057e-06,2.146036581428522336e-06,2.146036581821991163e-06,2.146036581462932202e-06
2.109868133241672456e-03,0.000000000000000000e+00,8.251555406961178396e-05,1.096498270378017207e-05,0.000000000000000000e+00,6.227573576248958409e-03,5.310725536206727836e-06,5.310725535627492825e-06,5.310725534988206567e-06,5.310725534657489329e-06
2.114867820761202367e-03,0.000000000000000000e+00,8.339411906845920213e-05,1.082092601974348197e-05,0.000000000000000000e+00,6.227572763283587172e-03,6.823834316869149155e-06,6.823834316311774370e-06,6.823834315389655340e-06,6.823834315087747387e-06
2.119867508280732279e-03,0.000000000000000000e+00,8.426940802579228722e-05,1.067711455505341240e-05,0.000000000000000000e+00,6.227569566571143807e-03,6.619373663741425263e-06,6.619373663206678117e-06,6.619373661828845197e-06,6.619373661555700788e-06
2.124867195800262624e-03,0.000000000000000000e+00,8.516530359892799556e-05,1.053354830970997183e-05,0.000000000000000000e+00,6.227565419517090348e-03,4.859459823083017135e-06,4.859459822572139378e-06,4.859459821516245046e-06,4.859459821271157757e-06
2.129866883319792535e-03,0.000000000000000000e+00,8.611102323851728727e-05,1.039022728371315180e-05,0.000000000000000000e+00,6.227561973758063280e-03,1.927023441373323996e-06,1.927023440887862309e-06,1.927023440058966031e-06,1.927023439840829636e-06
2.134866570839322446e-03,0.000000000000000000e+00,8.713515366845466837e-05,1.024715147706295569e-05,0.000000000000000000e+00,6.227560292630583867e-03,-1.641069427065418475e-06,-1.641069427523402413e-06,-1.641069427794923907e-06,-1.641069427987698441e-06
2.139866258358852358e-03,0.000000000000000000e+00,8.825809147715935131e-05,1.010432088975938689e-05,0.000000000000000000e+00,6.227560726293575669e-03,-5.261477903658342314e-06,-5.261477904086332816e-06,-5.261477904069900377e-06,-5.261477904239715236e-06
2.144865945878382703e-03,0.000000000000000000e+00,8.948676456735588178e-05,9.961735521802436930e-06,0.000000000000000000e+00,6.227563052965398756e-03,-8.400840289681168682e-06,-8.400840290076390867e-06,-8.400840289737955465e-06,-8.400840289887360218e-06
2.149865633397912614e-03,0.000000000000000000e+00,9.081291613735273122e-05,9.819395373192112584e-06,0.000000000000000000e+00,6.227566625172682203e-03,-1.068222635465116216e-05,-1.068222635501100717e-05,-1.068222635452702609e-05,-1.068222635465871261e-05
2.154865320917442525e-03,0.000000000000000000e+00,9.221411722545324349e-05,9.677300443928415547e-06,0.000000000000000000e+00,6.227570344338482188e-03,-1.191809162301115296e-05,-1.191809162333274766e-05,-1.191809162313093867e-05,-1.191809162324798168e-05
2.159865008436972437e-03,0.000000000000000000e+00,9.365957805515035591e-05,9.535450734011337350e-06,0.000000000000000000e+00,6.227572982132669258e-03,-1.209888720326925373e-05,-1.209888720354972328e-05,-1.209888720368825552e-05,-1.209888720379396693e-05
2.164864695956502782e-03,0.000000000000000000e+00,9.511386422466877979e-05,9.393846243440884768e-06,0.000000000000000000e+00,6.227573681230834032e-03,-1.137377290100084461e-05,-1.137377290123811548e-05,-1.137377290177654552e-05,-1.137377290187368157e-05
2.169864383476032693e-03,0.000000000000000000e+00,9.653895022953773116e-05,9.252486972217059495e-06,0.000000000000000000e+00,6.227572353504816360e-03,-9.989878481355664931e-06,-9.989878481548151475e-06,-9.989878481716101167e-06,-9.989878481807072506e-06
2.174864070995562604e-03,0.000000000000000000e+00,9.789758224827758808e-05,9.111372920339851368e-06,0.000000000000000000e+00,6.227569572456570501e-03,-8.254697423556147859e-06,-8.254697423702518541e-06,-8.254697423643070380e-06,-8.254697423730282587e-06
2.179863758515092950e-03,0.000000000000000000e+00,9.915525995503764775e-05,8.970504087809272244e-06,0.000000000000000000e+00,6.227566253761502614e-03,-6.492133418808855430e-06,-6.492133418908585936e-06,-6.492133418306187962e-06,-6.492133418391475710e-06
2.184863446034622861e-03,0.000000000000000000e+00,1.002837744202714828e-04,8.829880474625315348e-06,0.000000000000000000e+00,6.227563341696456915e-03,-5.002194181681295817e-06,-5.002194181735048528e-06,-5.002194181174751480e-06,-5.002194181258978742e-06
2.189863133554152772e-03,0.000000000000000000e+00,1.012636173632251941e-04,8.689502080787980679e-06,0.000000000000000000e+00,6.227561669574986115e-03,-4.059081134594245479e-06,-4.059081134603208781e-06,-4.059081133702108874e-06,-4.059081133785827917e-06
2.194862821073682684e-03,0.000000000000000000e+00,1.020856614441970989e-04,8.549368906297273319e-06,0.000000000000000000e+00,6.227561726846238092e-03,-3.882087650505846754e-06,-3.882087650471345408e-06,-3.882087649720790360e-06,-3.882087649804817723e-06
2.199862508593213029e-03,0.000000000000000000e+00,1.027540618844200728e-04,8.409480951153188187e-06,0.000000000000000000e+00,6.227563340788809694e-03,-4.629271797702438448e-06,-4.629271797626346091e-06,-4.629271796724481313e-06,-4.629271796809235429e-06
2.204862196112742940e-03,0.000000000000000000e+00,1.032849824315846610e-04,8.269838215355725282e-06,0.000000000000000000e+00,6.227565525184235520e-03,-6.402814723058390287e-06,-6.402814722942763514e-06,-6.402814722268562557e-06,-6.402814722354428828e-06
2.209861883632272851e-03,0.000000000000000000e+00,1.037039390778282417e-04,8.130440698904889686e-06,0.000000000000000000e+00,6.227566878793877429e-03,-9.235751320534821014e-06,-9.235751320381177707e-06,-9.235751319653293497e-06,-9.235751319741473015e-06
2.214861571151802763e-03,0.000000000000000000e+00,1.040432004767773025e-04,7.991288401800674624e-06,0.000000000000000000e+00,6.227566478352090928e-03,-1.310138962131671492e-05,-1.310138962112595971e-05,-1.310138962073740875e-05,-1.310138962082971671e-05
2.219861258671333108e-03,0.000000000000000000e+00,1.043385266087280220e-04,7.852381324043083483e-06,0.000000000000000000e+00,6.227564611256826942e-03,-1.788926540328688661e-05,-1.788926540305982418e-05,-1.788926540306269732e-05,-1.788926540316114965e-05
2.224860946190863019e-03,0.000000000000000000e+00,1.046274971288968042e-04,7.713719465632121346e-06,0.000000000000000000e+00,6.227562620490374214e-03,-2.339003608303225439e-05,-2.339003608276931843e-05,-2.339003608327503775e-05,-2.339003608338216370e-05
2.229860633710392930e-03,0.000000000000000000e+00,1.049443593866153737e-04,7.575302826567776354e-06,0.000000000000000000e+00,6.227561931121873562e-03,-2.930254358941006883e-05,-2.930254358911107976e-05,-2.930254359005825233e-05,-2.930254359017711815e-05
2.234860321229923275e-03,0.000000000000000000e+00,1.053141819059087134e-04,7.437131406850057824e-06,0.000000000000000000e+00,6.227563090908969784e-03,-3.521828106497648279e-05,-3.521828106464125425e-05,-3.521828106593023511e-05,-3.521828106606391046e-05
2.239860008749453187e-03,0.000000000000000000e+00,1.057496880858712875e-04,7.299205206478962369e-06,0.000000000000000000e+00,6.227565447110968051e-03,-4.065068490902577401e-05,-4.065068490865428568e-05,-4.065068491051233716e-05,-4.065068491066381375e-05
2.244859696268983098e-03,0.000000000000000000e+00,1.062481275062309729e-04,7.161524225454491682e-06,0.000000000000000000e+00,6.227567658412269842e-03,-4.507503637245218072e-05,-4.507503637204433096e-05,-4.507503637393619599e-05,-4.507503637410861124e-05
2.249859383788513009e-03,0.000000000000000000e+00,1.067919814223806886e-04,7.024088463776645763e-06,0.000000000000000000e+00,6.227568622237179483e-03,-4.798575394633316956e-05,-4.798575394588912101e-05,-4.798575394756993253e-05,-4.798575394776626122e-05
2.254859071308043354e-03,0.000000000000000000e+00,1.073519981933451019e-04,6.886897921445422072e-06,0.000000000000000000e+00,6.227568188011531856e-03,-4.898364829311413970e-05,-4.898364829263461741e-05,-4.898364829311220846e-05,-4.898364829333503234e-05
2.259858758827573266e-03,0.000000000000000000e+00,1.078925587369995959e-04,6.749952598460822302e-06,0.000000000000000000e+00,6.227567035974055157e-03,-4.781731229047536663e-05,-4.781731228996146158e-05,-4.781731228944456819e-05,-4.781731228969610310e-05
2.264858446347103177e-03,0.000000000000000000e+00,1.083785614721154085e-04,6.613252494822847301e-06,0.000000000000000000e+00,6.227566011322455478e-03,-4.442530427164877941e-05,-4.442530427110201626e-05,-4.442530426922630584e-05,-4.442530426950848301e-05
2.269858133866633088e-03,0.000000000000000000e+00,1.087767844397925858e-04,6.476797610531496221e-06,0.000000000000000000e+00,6.227565513549325471e-03,-3.894697150594994263e-05,-3.894697150537278116e-05,-3.894697150299013168e-05,-3.894697150330406242e-05
2.274857821386163433e-03,0.000000000000000000e+00,1.090554494417500032e-04,6.340587945586768215e-06,0.000000000000000000e+00,6.227565456497373766e-03,-3.168655207423719082e-05,-3.168655207363262614e-05,-3.168655207082767992e-05,-3.168655207117376403e-05
2.279857508905693345e-03,0.000000000000000000e+00,1.091839244855460065e-04,6.204623499988664131e-06,0.000000000000000000e+00,6.227565591391121848e-03,-2.308794860374839244e-05,-2.308794860311979573e-05,-2.308794860095830657e-05,-2.308794860133660503e-05
2.284857196425223256e-03,0.000000000000000000e+00,1.091317170729168284e-04,6.068904273737184815e-06,0.000000000000000000e+00,6.227565926126777708e-03,-1.367387999448875127e-05,-1.367387999383991725e-05,-1.367387999237501443e-05,-1.367387999278490384e-05
2.289856883944753601e-03,0.000000000000000000e+00,1.088698600775828747e-04,5.933430266832327726e-06,0.000000000000000000e+00,6.227566732178322663e-03,-4.000327605575082566e-06,-4.000327604910361602e-06,-4.000327604597288061e-06,-4.000327605037318289e-06
2.294856571464283512e-03,0.000000000000000000e+00,1.083713475021549639e-04,5.798201479274095406e-06,0.000000000000000000e+00,6.227568124839290981e-03,5.381784294124956702e-06,5.381784294801320980e-06,5.381784294266622962e-06,5.381784293798037559e-06
2.299856258983813424e-03,0.000000000000000000e+00,1.076137896637832436e-04,5.663217911062487007e-06,0.000000000000000000e+00,6.227569649963781220e-03,1.399310583170060593e-05,1.399310583238465449e-05,1.399310583110138941e-05,1.399310583060597000e-05
2.304855946503343335e-03,0.000000000000000000e+00,1.065844319656340604e-04,5.528479562197502530e-06,0.000000000000000000e+00,6.227570478158097299e-03,2.145289477365687790e-05,2.145289477434466865e-05,2.145289477271186695e-05,2.145289477219162609e-05
2.309855634022873680e-03,0.000000000000000000e+00,1.052824241485134977e-04,5.393986432679141126e-06,0.000000000000000000e+00,6.227569961819623585e-03,2.751249153876097781e-05,2.751249153944887698e-05,2.751249153808939927e-05,2.751249153754659684e-05
2.314855321542403591e-03,0.000000000000000000e+00,1.037218108982381566e-04,5.259738522507404492e-06,0.000000000000000000e+00,6.227568119790181413e-03,3.207433628188554871e-05,3.207433628257088645e-05,3.207433628161075089e-05,3.207433628104697254e-05
2.319855009061933503e-03,0.000000000000000000e+00,1.019335484175311969e-04,5.125735831682291778e-06,0.000000000000000000e+00,6.227565655126529424e-03,3.518618467711391801e-05,3.518618467779485118e-05,3.518618467758326235e-05,3.518618467699983961e-05
2.324854696581463414e-03,0.000000000000000000e+00,9.996659396336124047e-05,4.991978360203802139e-06,0.000000000000000000e+00,6.227563525434343800e-03,3.705989013323261088e-05,3.705989013390774357e-05,3.705989013378502544e-05,3.705989013318317126e-05
2.329854384100993759e-03,0.000000000000000000e+00,9.788717170409165242e-05,4.858466108071936422e-06,0.000000000000000000e+00,6.227562348308676894e-03,3.805083792527853685e-05,3.805083792594743538e-05,3.805083792628539475e-05,3.805083792566581386e-05
2.334854071620523670e-03,0.000000000000000000e+00,9.577095110712482030e-05,4.725199075286695473e-06,0.000000000000000000e+00,6.227562202250388167e-03,3.863072770984665407e-05,3.863072771050989442e-05,3.863072771080414011e-05,3.863072771016684608e-05
2.339853759140053582e-03,0.000000000000000000e+00,9.369441021632537341e-05,4.592177261848077598e-06,0.000000000000000000e+00,6.227562879351824718e-03,3.934523445911576779e-05,3.934523445977453581e-05,3.934523446079207987e-05,3.934523446013691683e-05
2.344853446659583927e-03,0.000000000000000000e+00,9.172727418380245039e-05,4.459400667756082797e-06,0.000000000000000000e+00,6.227564116267999238e-03,4.071318188849503702e-05,4.071318188915083025e-05,4.071318189040650578e-05,4.071318188973295195e-05
2.349853134179113838e-03,0.000000000000000000e+00,8.992500307387666053e-05,4.326869293010712765e-06,0.000000000000000000e+00,6.227565569590715749e-03,4.312802982577022858e-05,4.312802982642519511e-05,4.312802982854048033e-05,4.312802982784768192e-05
2.354852821698643749e-03,0.000000000000000000e+00,8.832519292770752025e-05,4.194583137611967501e-06,0.000000000000000000e+00,6.227566849355152534e-03,4.673994105732423034e-05,4.673994105798057923e-05,4.673994106035342345e-05,4.673994105964018783e-05
2.359852509218173661e-03,0.000000000000000000e+00,8.694652574862610293e-05,4.062542201559844465e-06,0.000000000000000000e+00,6.227567747125721358e-03,5.137355088938213020e-05,5.137355089004177913e-05,5.137355089279311155e-05,5.137355089205853070e-05
2.364852196737704006e-03,0.000000000000000000e+00,8.579352819067678044e-05,3.930746484854345350e-06,0.000000000000000000e+00,6.227568268979645147e-03,5.653166368679357005e-05,5.653166368745816565e-05,5.653166368972716363e-05,5.653166368897026854e-05
2.369851884257233917e-03,0.000000000000000000e+00,8.486327086755384070e-05,3.799195987495471427e-06,0.000000000000000000e+00,6.227568449090698822e-03,6.144833562177013373e-05,6.144833562244094317e-05,6.144833562389633551e-05,6.144833562311625204e-05
2.374851571776763828e-03,0.000000000000000000e+00,8.414793649969225361e-05,3.667890709483220578e-06,0.000000000000000000e+00,6.227568157079511890e-03,6.523408277524876523e-05,6.523408277592636448e-05,6.523408277618281896e-05,6.523408277537922186e-05
2.379851259296293740e-03,0.000000000000000000e+00,8.363831946232759150e-05,3.536830650817593227e-06,0.000000000000000000e+00,6.227567149782763274e-03,6.705687383441940469e-05,6.705687383510373955e-05,6.705687383394806135e-05,6.705687383312109969e-05
2.384850946815824085e-03,0.000000000000000000e+00,8.332675667460481795e-05,3.406015811498590221e-06,0.000000000000000000e+00,6.227565394347198136e-03,6.631100790663584533e-05,6.631100790732682093e-05,6.631100790512471145e-05,6.631100790427464273e-05
2.389850634335353996e-03,0.000000000000000000e+00,8.320844410718514304e-05,3.275446191526211137e-06,0.000000000000000000e+00,6.227563505903116470e-03,6.276574277367085722e-05,6.276574277436813474e-05,6.276574277127903946e-05,6.276574277040640579e-05
2.394850321854883907e-03,0.000000000000000000e+00,8.328038178288094638e-05,3.145121790900455974e-06,0.000000000000000000e+00,6.227562499954072787e-03,5.661329649400661439e-05,5.661329649470976693e-05,5.661329649213734142e-05,5.661329649124319989e-05
2.399850009374414252e-03,0.000000000000000000e+00,8.353632061459933058e-05,3.015042609621324308e-06,0.000000000000000000e+00,6.227562898416565823e-03,4.844579293902821413e-05,4.844579293973705196e-05,4.844579293794999540e-05,4.844579293703550474e-05
2.404849696893944164e-03,0.000000000000000000e+00,8.396427004063594115e-05,2.885208647688816564e-06,0.000000000000000000e+00,6.227564190396894100e-03,3.916334210638989941e-05,3.916334210710505949e-05,3.916334210712836984e-05,3.916334210619462104e-05
2.409849384413474075e-03,0.000000000000000000e+00,8.454452261724475042e-05,2.755619905102932742e-06,0.000000000000000000e+00,6.227565523477141853e-03,2.980502423324010611e-05,2.980502423396216442e-05,2.980502423499741487e-05,2.980502423404594953e-05
2.414849071933003986e-03,0.000000000000000000e+00,8.524653772656195735e-05,2.626276381863672840e-06,0.000000000000000000e+00,6.227566684111185587e-03,2.138156567580399317e-05,2.138156567653377643e-05,2.138156567889898380e-05,2.138156567793186191e-05
2.419848759452534331e-03,0.000000000000000000e+00,8.603022377079788609e-05,2.497178077971036860e-06,0.000000000000000000e+00,6.227568247635679489e-03,1.471261982056507926e-05,1.471261982130388511e-05,1.471261982377622860e-05,1.471261982279575577e-05
2.424848446972064243e-03,0.000000000000000000e+00,8.685080371317367449e-05,2.368324993425024378e-06,0.000000000000000000e+00,6.227570616169244080e-03,1.032339780011687507e-05,1.032339780086606555e-05,1.032339780330288786e-05,1.032339780231174242e-05
2.429848134491594154e-03,0.000000000000000000e+00,8.766741291195694497e-05,2.239717128225635818e-06,0.000000000000000000e+00,6.227573045599199900e-03,8.432504132883923248e-06,8.432504133644597798e-06,8.432504135017282451e-06,8.432504134019018548e-06
2.434847822011124065e-03,0.000000000000000000e+00,8.844945422882411596e-05,2.111354482372871179e-06,0.000000000000000000e+00,6.227573760055167378e-03,8.978096803638282533e-06,8.978096804411445737e-06,8.978096805032663089e-06,8.978096804031204177e-06
2.439847509530654410e-03,0.000000000000000000e+00,8.917781467946595431e-05,1.983237055866730461e-06,0.000000000000000000e+00,6.227571530977526158e-03,1.170010499205954420e-05,1.170010499284616676e-05,1.170010499287237227e-05,1.170010499187177394e-05
2.444847197050184322e-03,0.000000000000000000e+00,8.984687124765661388e-05,1.855364848707213664e-06,0.000000000000000000e+00,6.227567094092413373e-03,1.622059967303206035e-05,1.622059967383284530e-05,1.622059967378528949e-05,1.622059967278991735e-05
2.449846884569714233e-03,0.000000000000000000e+00,9.046359496731091012e-05,1.727737860894320366e-06,0.000000000000000000e+00,6.227562767322819721e-03,2.208578535433188992e-05,2.208578535514718624e-05,2.208578535561081142e-05,2.208578535462501414e-05
2.454846572089244578e-03,0.000000000000000000e+00,9.104220983707184502e-05,1.600356092428050988e-06,0.000000000000000000e+00,6.227560543469101359e-03,2.880272749968816967e-05,2.880272750051809255e-05,2.880272750167527169e-05,2.880272750070320991e-05
2.459846259608774489e-03,0.000000000000000000e+00,9.159739592687696089e-05,1.473219543308405532e-06,0.000000000000000000e+00,6.227560700738528875e-03,3.584225636181188559e-05,3.584225636265597086e-05,3.584225636499637033e-05,3.584225636404197426e-05
2.464845947128304401e-03,0.000000000000000000e+00,9.213815604244283335e-05,1.346328213535383786e-06,0.000000000000000000e+00,6.227561936053876285e-03,4.266467057144575283e-05,4.266467057230277399e-05,4.266467057475931861e-05,4.266467057382649817e-05
2.469845634647834312e-03,0.000000000000000000e+00,9.266594271297812300e-05,1.219682103108985961e-06,0.000000000000000000e+00,6.227562703899917375e-03,4.877431483338853042e-05,4.877431483425658334e-05,4.877431483651717875e-05,4.877431483560954568e-05
2.474845322167364657e-03,0.000000000000000000e+00,9.317211907444868753e-05,1.093281212029212058e-06,0.000000000000000000e+00,6.227562501973531173e-03,5.375795969041665404e-05,5.375795969129303499e-05,5.375795969195180300e-05,5.375795969107299615e-05
2.479845009686894568e-03,0.000000000000000000e+00,9.363543700506502248e-05,9.671255402960618639e-07,0.000000000000000000e+00,6.227562038030559459e-03,5.734419344904946169e-05,5.734419344993063345e-05,5.734419344937020257e-05,5.734419344852366429e-05
2.484844697206424480e-03,0.000000000000000000e+00,9.402600695260766276e-05,8.412150879095355914e-07,0.000000000000000000e+00,6.227562208374795572e-03,5.943099250336686466e-05,5.943099250424884958e-05,5.943099250178918787e-05,5.943099250097810978e-05
2.489844384725954391e-03,0.000000000000000000e+00,9.431165343336405673e-05,7.155498548696332403e-07,0.000000000000000000e+00,6.227563213237444391e-03,6.008612469275687300e-05,6.008612469363568663e-05,6.008612469031524971e-05,6.008612468954247106e-05
2.494844072245484736e-03,0.000000000000000000e+00,9.446414097449933576e-05,5.901298411763547046e-07,0.000000000000000000e+00,6.227564706817498297e-03,5.954103377713582394e-05,5.954103377800752249e-05,5.954103377416927739e-05,5.954103377343725797e-05
2.499843759765014647e-03,0.000000000000000000e+00,9.446327807688179978e-05,4.649550468297000374e-07,0.000000000000000000e+00,6.227566432781679769e-03,5.812760937509508325e-05,5.812760937595600754e-05,5.812760937320849016e-05,5.812760937251933060e-05
2.504843447284544559e-03,0.000000000000000000e+00,9.429982990216497396e-05,3.400254718296691857e-07,0.000000000000000000e+00,6.227568422849573231e-03,5.622194413424253662e-05,5.622194413509000325e-05,5.622194413390629842e-05,5.622194413326122523e-05
2.509843134804074904e-03,0.000000000000000000e+00,9.397961634036660445e-05,2.153411161762621495e-07,0.000000000000000000e+00,6.227570669731295576e-03,5.417593018453879870e-05,5.417593018537099841e-05,5.417593018618628456e-05,5.417593018558598215e-05
2.514842822323604815e-03,0.000000000000000000e+00,9.352232135413932003e-05,9.090197986947895530e-08,0.000000000000000000e+00,6.227572740056818573e-03,5.223246872679461212e-05,5.223246872761065044e-05,5.223246873020961179e-05,5.223246872965413436e-05
2.519842509843134726e-03,0.000000000000000000e+00,9.295609827832550969e-05,-3.329193709068035727e-08,0.000000000000000000e+00,6.227573708745889371e-03,5.049338166429093682e-05,5.049338166509085440e-05,5.049338166879888682e-05,5.049338166828770582e-05
2.524842197362664638e-03,0.000000000000000000e+00,9.231373322449934070e-05,-1.572406347042159073e-07,0.000000000000000000e+00,6.227572768522904832e-03,4.889400162975678462e-05,4.889400163054190962e-05,4.889400163455857374e-05,4.889400163409045590e-05
2.529841884882194983e-03,0.000000000000000000e+00,9.162983901441602115e-05,-2.809441129711274697e-07,0.000000000000000000e+00,6.227570020063136896e-03,4.723245945150353998e-05,4.723245945227583752e-05,4.723245945500216552e-05,4.723245945457524737e-05
2.534841572401724894e-03,0.000000000000000000e+00,9.093932311636111873e-05,-4.044023718914152696e-07,0.000000000000000000e+00,6.227566553103996982e-03,4.523213778449742433e-05,4.523213778525930675e-05,4.523213778640688731e-05,4.523213778601940023e-05
2.539841259921254805e-03,0.000000000000000000e+00,9.027453445516385130e-05,-5.276154114650792540e-07,0.000000000000000000e+00,6.227563617911457440e-03,4.257691724684704632e-05,4.257691724760119024e-05,4.257691724654580074e-05,4.257691724619573219e-05
2.544840947440784717e-03,0.000000000000000000e+00,8.966410368232603117e-05,-6.505832316921194229e-07,0.000000000000000000e+00,6.227561920203806764e-03,3.897894201854047583e-05,3.897894201928953756e-05,3.897894201702646204e-05,3.897894201671201630e-05
2.549840634960315062e-03,0.000000000000000000e+00,8.913688338811819815e-05,-7.733058325725356705e-07,0.000000000000000000e+00,6.227561482313864576e-03,3.420841974595580223e-05,3.420841974670199082e-05,3.420841974319508468e-05,3.420841974291460158e-05
2.554840322479844973e-03,0.000000000000000000e+00,8.872363242884658051e-05,-8.957832141063281025e-07,0.000000000000000000e+00,6.227561951905394300e-03,2.811096888941060345e-05,2.811096889015556554e-05,2.811096888690472424e-05,2.811096888665719410e-05
2.559840009999374884e-03,0.000000000000000000e+00,8.845618443186349352e-05,-1.018015376293496613e-06,0.000000000000000000e+00,6.227562890219693822e-03,2.064250756477079834e-05,2.064250756551542162e-05,2.064250756294413791e-05,2.064250756272884246e-05
2.564839697518905230e-03,0.000000000000000000e+00,8.836647059883298778e-05,-1.140002319134041202e-06,0.000000000000000000e+00,6.227564028722014887e-03,1.186646354619934954e-05,1.186646354694386779e-05,1.186646354622102342e-05,1.186646354603768822e-05
2.569839385038435141e-03,0.000000000000000000e+00,8.848554850466682062e-05,-1.261744042627962082e-06,0.000000000000000000e+00,6.227565217302491116e-03,1.993778819725481821e-06,1.993778820469229265e-06,1.993778821160980744e-06,1.993778821009775198e-06
2.574839072557965052e-03,0.000000000000000000e+00,8.884221495759804120e-05,-1.383240546775259040e-06,0.000000000000000000e+00,6.227566389452649301e-03,-8.597856488935724082e-06,-8.597856488194297508e-06,-8.597856486211225666e-06,-8.597856486329588356e-06
2.579838760077494964e-03,0.000000000000000000e+00,8.945692640449024857e-05,-1.504491831575932077e-06,0.000000000000000000e+00,6.227567565246261948e-03,-1.937584682433509775e-05,-1.937584682359839931e-05,-1.937584682111211706e-05,-1.937584682119641378e-05
2.584838447597025309e-03,0.000000000000000000e+00,9.033618081649023629e-05,-1.625497897029981405e-06,0.000000000000000000e+00,6.227568782524095167e-03,-2.964733171191709891e-05,-2.964733171118842019e-05,-2.964733170892720136e-05,-2.964733170897584477e-05
2.589838135116555220e-03,0.000000000000000000e+00,9.147181679551539819e-05,-1.746258743137406810e-06,0.000000000000000000e+00,6.227569660724165991e-03,-3.862214722411854068e-05,-3.862214722340161877e-05,-3.862214722221092762e-05,-3.862214722222187806e-05
2.594837822636085131e-03,0.000000000000000000e+00,9.284025895741108243e-05,-1.866774369898208507e-06,0.000000000000000000e+00,6.227569478706874995e-03,-4.547311832401196860e-05,-4.547311832331105223e-05,-4.547311832387978403e-05,-4.547311832385072063e-05
2.599837510155615043e-03,0.000000000000000000e+00,9.440270262731678382e-05,-1.987044777312386070e-06,0.000000000000000000e+00,6.227567900343744696e-03,-4.942331735722812049e-05,-4.942331735654783106e-05,-4.942331735834710522e-05,-4.942331735827551400e-05
2.604837197675145388e-03,0.000000000000000000e+00,9.610706175651761746e-05,-2.107069965379939923e-06,0.000000000000000000e+00,6.227565601952039440e-03,-4.987553519714922531e-05,-4.987553519649402160e-05,-4.987553519927970968e-05,-4.987553519916319860e-05
2.609836885194675299e-03,0.000000000000000000e+00,9.789339493266786016e-05,-2.226849934100870279e-06,0.000000000000000000e+00,6.227563894961076797e-03,-4.648810928445249249e-05,-4.648810928382639284e-05,-4.648810928659278212e-05,-4.648810928642941318e-05
2.614836572714205210e-03,0.000000000000000000e+00,9.970177808223060353e-05,-2.346384683475176713e-06,0.000000000000000000e+00,6.227563858469838814e-03,-3.926967548807039213e-05,-3.926967548747702184e-05,-3.926967549022584704e-05,-3.926967549001410913e-05
2.619836260233735555e-03,0.000000000000000000e+00,1.014757047879153931e-04,-2.465674213502859226e-06,0.000000000000000000e+00,6.227565472634919060e-03,-2.861538719199594672e-05,-2.861538719143848046e-05,-2.861538719301912526e-05,-2.861538719275819845e-05
2.624835947753265467e-03,0.000000000000000000e+00,1.031647953111436601e-04,-2.584718524183917818e-06,0.000000000000000000e+00,6.227567546385528660e-03,-1.526725846630764345e-05,-1.526725846578857489e-05,-1.526725846637616503e-05,-1.526725846606611709e-05
2.629835635272795378e-03,0.000000000000000000e+00,1.047286539872202581e-04,-2.703517615518352488e-06,0.000000000000000000e+00,6.227568609153400631e-03,-2.513228034013490457e-07,-2.513228029227364670e-07,-2.513228022484372546e-07,-2.513228018899661350e-07
2.634835322792325289e-03,0.000000000000000000e+00,1.061388178354402993e-04,-2.822071487506163660e-06,0.000000000000000000e+00,6.227568108021315149e-03,1.528151982049019537e-05,1.528151982092641395e-05,1.528151982180762298e-05,1.528151982221320608e-05
2.639835010311855634e-03,0.000000000000000000e+00,1.073790698090674924e-04,-2.940380140147350911e-06,0.000000000000000000e+00,6.227566473718836211e-03,3.019747810639639461e-05,3.019747810678829981e-05,3.019747810789159411e-05,3.019747810834256461e-05
2.644834697831385546e-03,0.000000000000000000e+00,1.084431638437383458e-04,-3.058443573441914241e-06,0.000000000000000000e+00,6.227564332706766320e-03,4.351303959079071690e-05,4.351303959113624536e-05,4.351303959190997946e-05,4.351303959240436210e-05
2.649834385350915457e-03,0.000000000000000000e+00,1.093346408987059393e-04,-3.176261787389853226e-06,0.000000000000000000e+00,6.227561995216839875e-03,5.453185799029332487e-05,5.453185799059032850e-05,5.453185799097976037e-05,5.453185799151539690e-05
2.654834072870445368e-03,0.000000000000000000e+00,1.100682673443764990e-04,-3.293834781991168712e-06,0.000000000000000000e+00,6.227559722988004233e-03,6.288589205491937188e-05,6.288589205516558064e-05,6.288589205490937011e-05,6.288589205548388884e-05
2.659833760389975713e-03,0.000000000000000000e+00,1.106667990636918424e-04,-3.411162557245860278e-06,0.000000000000000000e+00,6.227558090739454370e-03,6.856319692157568553e-05,6.856319692176852444e-05,6.856319692124084324e-05,6.856319692185210287e-05
2.664833447909505625e-03,0.000000000000000000e+00,1.111572087317806050e-04,-3.528245113153927922e-06,0.000000000000000000e+00,6.227558071933895698e-03,7.185851282563501395e-05,7.185851282577184027e-05,7.185851282548672220e-05,7.185851282613271696e-05
2.669833135429035536e-03,0.000000000000000000e+00,1.115681397667729434e-04,-3.645082449715372068e-06,0.000000000000000000e+00,6.227560502019446886e-03,7.325779058725728798e-05,7.325779058733549961e-05,7.325779058708149815e-05,7.325779058776033068e-05
2.674832822948565881e-03,0.000000000000000000e+00,1.119284026700341332e-04,-3.761674566930191869e-06,0.000000000000000000e+00,6.227565176568251350e-03,7.333374504247901606e-05,7.333374504249598382e-05,7.333374504213283030e-05,7.333374504284294207e-05
2.679832510468095792e-03,0.000000000000000000e+00,1.122650339660165330e-04,-3.878021464798389443e-06,0.000000000000000000e+00,6.227570586499612745e-03,7.258309068181288150e-05,7.258309068176582713e-05,7.258309068077006875e-05,7.258309068151059238e-05
2.684832197987625704e-03,0.000000000000000000e+00,1.125984883232017755e-04,-3.994123143319960978e-06,0.000000000000000000e+00,6.227574863535830126e-03,7.132620066337117437e-05,7.132620066325749577e-05,7.132620066198572663e-05,7.132620066275628266e-05
2.689831885507155615e-03,0.000000000000000000e+00,1.129412720319688249e-04,-4.109979602494909439e-06,0.000000000000000000e+00,6.227576834313634964e-03,6.966552555221869228e-05,6.966552555203641079e-05,6.966552554979077059e-05,6.966552555059089824e-05
2.694831573026685960e-03,0.000000000000000000e+00,1.132987558620596273e-04,-4.225590842323234825e-06,0.000000000000000000e+00,6.227576272854632410e-03,6.747586120623345646e-05,6.747586120598085091e-05,6.747586120297556446e-05,6.747586120380522307e-05
2.699831260546215871e-03,0.000000000000000000e+00,1.136678084776906593e-04,-4.340956862804935443e-06,0.000000000000000000e+00,6.227573632053642200e-03,6.449319667832219554e-05,6.449319667799815461e-05,6.449319667411639913e-05,6.449319667497569711e-05
2.704830948065745783e-03,0.000000000000000000e+00,1.140362312654554931e-04,-4.456077663940012140e-06,0.000000000000000000e+00,6.227569717576293164e-03,6.038236264777653301e-05,6.038236264738081277e-05,6.038236264391193503e-05,6.038236264480075042e-05
2.709830635585275694e-03,0.000000000000000000e+00,1.143836020529890115e-04,-4.570953245728465762e-06,0.000000000000000000e+00,6.227565404387291025e-03,5.482487704703904767e-05,5.482487704657238673e-05,5.482487704373363374e-05,5.482487704465137699e-05
2.714830323104806039e-03,0.000000000000000000e+00,1.146845960224919829e-04,-4.685583608170295463e-06,0.000000000000000000e+00,6.227561563417651457e-03,4.761024861596772429e-05,4.761024861543162019e-05,4.761024861391840600e-05,4.761024861486419621e-05
2.719830010624335950e-03,0.000000000000000000e+00,1.149113698535029381e-04,-4.799968751265500395e-06,0.000000000000000000e+00,6.227559078260050049e-03,3.865155210024940854e-05,3.865155209964598227e-05,3.865155209942584857e-05,3.865155210039843890e-05
2.724829698143865862e-03,0.000000000000000000e+00,1.150322775176863544e-04,-4.914108675014082253e-06,0.000000000000000000e+00,6.227558506645147068e-03,2.801805327208964933e-05,2.801805327142177401e-05,2.801805327278585959e-05,2.801805327378325105e-05
2.729829385663395773e-03,0.000000000000000000e+00,1.150132532375013132e-04,-5.028003379416040190e-06,0.000000000000000000e+00,6.227559720416778882e-03,1.591106699605416875e-05,1.591106699532517831e-05,1.591106699744276745e-05,1.591106699846250026e-05
2.734829073182926118e-03,0.000000000000000000e+00,1.148208454329852177e-04,-5.141652864471374205e-06,0.000000000000000000e+00,6.227562102748228183e-03,2.624049018363729851e-06,2.624049017576992097e-06,2.624049019409659686e-06,2.624049020448925067e-06
2.739828760702456029e-03,0.000000000000000000e+00,1.144249397315091893e-04,-5.255057130180083452e-06,0.000000000000000000e+00,6.227564984901584437e-03,-1.146408854699476631e-05,-1.146408854783597845e-05,-1.146408854699072766e-05,-1.146408854593511793e-05
2.744828448221985941e-03,0.000000000000000000e+00,1.138019032423354490e-04,-5.368216176542170472e-06,0.000000000000000000e+00,6.227567660081407760e-03,-2.593644311596151304e-05,-2.593644311685424172e-05,-2.593644311725414969e-05,-2.593644311618563457e-05
2.749828135741516286e-03,0.000000000000000000e+00,1.129379358876718236e-04,-5.481130003557632723e-06,0.000000000000000000e+00,6.227569399225777076e-03,-4.032443837008087192e-05,-4.032443837102270479e-05,-4.032443837247581353e-05,-4.032443837139771000e-05
2.754827823261046197e-03,0.000000000000000000e+00,1.118349768038000096e-04,-5.593798611226471053e-06,0.000000000000000000e+00,6.227569812105956774e-03,-5.409846755595471013e-05,-5.409846755694382777e-05,-5.409846755956783420e-05,-5.409846755848344907e-05
2.759827510780576108e-03,0.000000000000000000e+00,1.105139652529859293e-04,-5.706221999548686308e-06,0.000000000000000000e+00,6.227569129874942905e-03,-6.669329242913264635e-05,-6.669329243016778837e-05,-6.669329243284377552e-05,-6.669329243175621232e-05
2.764827198300106020e-03,0.000000000000000000e+00,1.090124193160914306e-04,-5.818400168524277642e-06,0.000000000000000000e+00,6.227568054518220833e-03,-7.751449522518277823e-05,-7.751449522626336188e-05,-7.751449522825502772e-05,-7.751449522716708505e-05
2.769826885819636365e-03,0.000000000000000000e+00,1.073811309606887392e-04,-5.930333118153244208e-06,0.000000000000000000e+00,6.227567415924375495e-03,-8.602223023714438332e-05,-8.602223023827038149e-05,-8.602223023848967493e-05,-8.602223023740368383e-05
2.774826573339166276e-03,0.000000000000000000e+00,1.056797809136989153e-04,-6.042020848435586852e-06,0.000000000000000000e+00,6.227567618188594757e-03,-9.180045775211503022e-05,-9.180045775328660553e-05,-9.180045775238235381e-05,-9.180045775130014386e-05
2.779826260858696187e-03,0.000000000000000000e+00,1.039713877715791809e-04,-6.153463359371307269e-06,0.000000000000000000e+00,6.227568230490822775e-03,-9.461378839729057771e-05,-9.461378839850829938e-05,-9.461378839652823450e-05,-9.461378839545129648e-05
2.784825948378226099e-03,0.000000000000000000e+00,1.023155719975221272e-04,-6.264660650960402918e-06,0.000000000000000000e+00,6.227568294939526961e-03,-9.447776982948836110e-05,-9.447776983075292030e-05,-9.447776982878438863e-05,-9.447776982771327820e-05
2.789825635897756444e-03,0.000000000000000000e+00,1.007621663638441639e-04,-6.375612723202873798e-06,0.000000000000000000e+00,6.227567208953180104e-03,-9.163537786363378738e-05,-9.163537786494610569e-05,-9.163537786346412329e-05,-9.163537786239915215e-05
2.794825323417286355e-03,0.000000000000000000e+00,9.934965828863571990e-05,-6.486319576098721604e-06,0.000000000000000000e+00,6.227565200911300627e-03,-8.653244099876322747e-05,-8.653244100012346752e-05,-8.653244100042639360e-05,-8.653244099936752110e-05
2.799825010936816266e-03,0.000000000000000000e+00,9.810409886038214176e-05,-6.596781209647946336e-06,0.000000000000000000e+00,6.227563162440214253e-03,-7.975601223475536385e-05,-7.975601223616371536e-05,-7.975601223817131897e-05,-7.975601223711803012e-05
2.804824698456346611e-03,0.000000000000000000e+00,9.703730815709956867e-05,-6.706997623850546299e-06,0.000000000000000000e+00,6.227562122672900338e-03,-7.193645616609603685e-05,-7.193645616755218813e-05,-7.193645617086078014e-05,-7.193645616981238374e-05
2.809824385975876523e-03,0.000000000000000000e+00,9.614787273377312072e-05,-6.816968818706522340e-06,0.000000000000000000e+00,6.227562577014723183e-03,-6.370565529993913627e-05,-6.370565530144215219e-05,-6.370565530506037879e-05,-6.370565530401640052e-05
2.814824073495406434e-03,0.000000000000000000e+00,9.542393574949302611e-05,-6.926694794215875308e-06,0.000000000000000000e+00,6.227564050905960540e-03,-5.561903025339483861e-05,-5.561903025494305220e-05,-5.561903025816086261e-05,-5.561903025712088233e-05
2.819823761014936345e-03,0.000000000000000000e+00,9.484712724831221046e-05,-7.036175550378604354e-06,0.000000000000000000e+00,6.227565548938618530e-03,-4.812267649010343470e-05,-4.812267649169502316e-05,-4.812267649381311374e-05,-4.812267649277648094e-05
2.824823448534466690e-03,0.000000000000000000e+00,9.439442978064228602e-05,-7.145411087194708631e-06,0.000000000000000000e+00,6.227566491811731449e-03,-4.155402735093049625e-05,-4.155402735256312854e-05,-4.155402735268414583e-05,-4.155402735165052847e-05
2.829823136053996602e-03,0.000000000000000000e+00,9.403815389035398832e-05,-7.254401404664189835e-06,0.000000000000000000e+00,6.227567059257784268e-03,-3.611474446296637113e-05,-3.611474446463735030e-05,-3.611474446307943987e-05,-3.611474446204877018e-05
2.834822823573526513e-03,0.000000000000000000e+00,9.374746117324628790e-05,-7.363146502787047116e-06,0.000000000000000000e+00,6.227567708750926696e-03,-3.190822703785867398e-05,-3.190822703956537761e-05,-3.190822703688186881e-05,-3.190822703585407904e-05
2.839822511093056424e-03,0.000000000000000000e+00,9.348841579398523070e-05,-7.471646381563280477e-06,0.000000000000000000e+00,6.227568520255210606e-03,-2.894122393800947936e-05,-2.894122393974960013e-05,-2.894122393753105143e-05,-2.894122393650602298e-05
2.844822198612586769e-03,0.000000000000000000e+00,9.322331813083739984e-05,-7.579901040992889069e-06,0.000000000000000000e+00,6.227568922938385605e-03,-2.713057295763387537e-05,-2.713057295940543123e-05,-2.713057295782467463e-05,-2.713057295680220760e-05
2.849821886132116681e-03,0.000000000000000000e+00,9.291167275358266540e-05,-7.687910481075876281e-06,0.000000000000000000e+00,6.227568183937309994e-03,-2.633731150539239218e-05,-2.633731150719379409e-05,-2.633731150714306021e-05,-2.633731150612298182e-05
2.854821573651646592e-03,0.000000000000000000e+00,9.251250989905637962e-05,-7.795674701812234489e-06,0.000000000000000000e+00,6.227566340965397761e-03,-2.633953384164246456e-05,-2.633953384347298407e-05,-2.633953384453774176e-05,-2.633953384351956750e-05
2.859821261171176937e-03,0.000000000000000000e+00,9.198909306773868583e-05,-7.903193703201975552e-06,0.000000000000000000e+00,6.227564375796167291e-03,-2.685873013794495628e-05,-2.685873013980440366e-05,-2.685873014221681787e-05,-2.685873014119973798e-05
2.864820948690706848e-03,0.000000000000000000e+00,9.131176274890964012e-05,-8.010467485245089306e-06,0.000000000000000000e+00,6.227563232725023476e-03,-2.757399801686463787e-05,-2.757399801875332483e-05,-2.757399802113536782e-05,-2.757399802011860303e-05
2.869820636210236760e-03,0.000000000000000000e+00,9.045913672940115297e-05,-8.117496047941577444e-06,0.000000000000000000e+00,6.227562914736878112e-03,-2.813564319412122504e-05,-2.813564319603980549e-05,-2.813564319793520772e-05,-2.813564319691774836e-05
2.874820323729766671e-03,0.000000000000000000e+00,8.942024504077640112e-05,-8.224279391291446743e-06,0.000000000000000000e+00,6.227562761613234139e-03,-2.823770738391376142e-05,-2.823770738586323147e-05,-2.823770738648087434e-05,-2.823770738546161588e-05
2.879820011249297016e-03,0.000000000000000000e+00,8.819504279879631823e-05,-8.330817515294688732e-06,0.000000000000000000e+00,6.227562400410215256e-03,-2.763134265983203781e-05,-2.763134266181324449e-05,-2.763134266128495343e-05,-2.763134266026286587e-05
2.884819698768826927e-03,0.000000000000000000e+00,8.679402668975165535e-05,-8.437110419951305106e-06,0.000000000000000000e+00,6.227562316237054627e-03,-2.616910927675367135e-05,-2.616910927876711610e-05,-2.616910927700286506e-05,-2.616910927597717592e-05
2.889819386288356839e-03,0.000000000000000000e+00,8.523672698381401741e-05,-8.543158105261302641e-06,0.000000000000000000e+00,6.227563470982434672e-03,-2.383112724576745678e-05,-2.383112724781311250e-05,-2.383112724520597219e-05,-2.383112724417616986e-05
2.894819073807886750e-03,0.000000000000000000e+00,8.354963682758663164e-05,-8.648960571224672866e-06,0.000000000000000000e+00,6.227566279662817561e-03,-2.070060352751149381e-05,-2.070060352958855751e-05,-2.070060352719733267e-05,-2.070060352616340360e-05
2.899818761327417095e-03,0.000000000000000000e+00,8.176541748549673533e-05,-8.754517817841419170e-06,0.000000000000000000e+00,6.227569905035073433e-03,-1.698565600406892469e-05,-1.698565600617546513e-05,-1.698565600458970087e-05,-1.698565600355239722e-05
2.904818448846947006e-03,0.000000000000000000e+00,7.991989840612380555e-05,-8.859829845111544941e-06,0.000000000000000000e+00,6.227572761464896141e-03,-1.297598010818678282e-05,-1.297598011031985573e-05,-1.297598011017474374e-05,-1.297598010913544278e-05
2.909818136366476918e-03,0.000000000000000000e+00,7.804894958838467221e-05,-8.964896653035041708e-06,0.000000000000000000e+00,6.227573679799478998e-03,-9.012881022916958599e-06,-9.012881025072682861e-06,-9.012881025638221349e-06,-9.012881024598911922e-06
2.914817823886007263e-03,0.000000000000000000e+00,7.618758145077940489e-05,-9.069718241611917942e-06,0.000000000000000000e+00,6.227572535061709144e-03,-5.465681567432862400e-06,-5.465681569606403153e-06,-5.465681571284661719e-06,-5.465681570247959460e-06
2.919817511405537174e-03,0.000000000000000000e+00,7.436991570881860557e-05,-9.174294610842170255e-06,0.000000000000000000e+00,6.227569940467614883e-03,-2.647385406459903370e-06,-2.647385408645526201e-06,-2.647385410633893693e-06,-2.647385409602974975e-06
2.924817198925067085e-03,0.000000000000000000e+00,7.263126889466868714e-05,-9.278625760725795258e-06,0.000000000000000000e+00,6.227566648128001273e-03,-7.910062629306323264e-07,-7.910062651221962463e-07,-7.910062675490150968e-07,-7.910062665273696956e-07
2.929816886444596997e-03,0.000000000000000000e+00,7.100938891875201837e-05,-9.382711691262801421e-06,0.000000000000000000e+00,6.227563173892145670e-03,4.827098453311895443e-09,4.827096262479812095e-09,4.827094798678130232e-09,4.827095807282612175e-09
2.934816573964127342e-03,0.000000000000000000e+00,6.954481829611998877e-05,-9.486552402453181970e-06,0.000000000000000000e+00,6.227559943178240069e-03,-1.932491038590523864e-07,-1.932491060421959517e-07,-1.932491066690274377e-07,-1.932491056775669026e-07
2.939816261483657253e-03,0.000000000000000000e+00,6.828090446690786720e-05,-9.590147894296935209e-06,0.000000000000000000e+00,6.227557624889410066e-03,-1.182039281371631842e-06,-1.182039283540004000e-06,-1.182039282701862357e-06,-1.182039281731685219e-06
2.944815949003187164e-03,0.000000000000000000e+00,6.726083840616331857e-05,-9.693498166794071303e-06,0.000000000000000000e+00,6.227557141273559575e-03,-2.616695967582405197e-06,-2.616695969729229260e-06,-2.616695967821711910e-06,-2.616695966876781436e-06
2.949815636522717076e-03,0.000000000000000000e+00,6.652412025926379875e-05,-9.796603219944580087e-06,0.000000000000000000e+00,6.227559134735169769e-03,-4.090137015143604418e-06,-4.090137017262502229e-06,-4.090137014079327849e-06,-4.090137013163332867e-06
2.954815324042247421e-03,0.000000000000000000e+00,6.610297971583464836e-05,-9.899463053748461562e-06,0.000000000000000000e+00,6.227563442852575987e-03,-5.210992738079943264e-06,-5.210992740165403602e-06,-5.210992736320778652e-06,-5.210992735436682932e-06
2.959815011561777332e-03,0.000000000000000000e+00,6.601924691383047935e-05,-1.000207766820572589e-05,0.000000000000000000e+00,6.227568954228835003e-03,-5.670489841752736218e-06,-5.670489843800240163e-06,-5.670489839968584982e-06,-5.670489839118494246e-06
2.964814699081307244e-03,0.000000000000000000e+00,6.628335575846675530e-05,-1.010444706331636122e-05,0.000000000000000000e+00,6.227573988351014882e-03,-5.343540021209250993e-06,-5.343540023215425658e-06,-5.343540019638362323e-06,-5.343540018823359080e-06
2.969814386600837589e-03,0.000000000000000000e+00,6.689219383237664522e-05,-1.020657123908037432e-05,0.000000000000000000e+00,6.227576926931983718e-03,-4.293115056647376280e-06,-4.293115058609911808e-06,-4.293115055757682519e-06,-4.293115054977873494e-06
2.974814074120367500e-03,0.000000000000000000e+00,6.782740459564739013e-05,-1.030845019549776519e-05,0.000000000000000000e+00,6.227576871989162592e-03,-2.770257475145510074e-06,-2.770257477063217654e-06,-2.770257474855676152e-06,-2.770257474110127492e-06
2.979813761639897411e-03,0.000000000000000000e+00,6.905572066736609686e-05,-1.041008393256852875e-05,0.000000000000000000e+00,6.227573941443480601e-03,-1.162601766763463772e-06,-1.162601768635963509e-06,-1.162601768102976921e-06,-1.162601767389754004e-06
2.984813449159427323e-03,0.000000000000000000e+00,7.053038748482648283e-05,-1.051147245029267178e-05,0.000000000000000000e+00,6.227569152486099775e-03,1.241282415168256882e-07,1.241282396894973706e-07,1.241282391912594620e-07,1.241282398745414588e-07
2.989813136678957668e-03,0.000000000000000000e+00,7.219478867477864916e-05,-1.061261574867019089e-05,0.000000000000000000e+00,6.227563939360645888e-03,7.329479429567565971e-07,7.329479411744866207e-07,7.329479396120784453e-07,7.329479402681249447e-07
2.994812824198487579e-03,0.000000000000000000e+00,7.398581345466682978e-05,-1.071351382770108268e-05,0.000000000000000000e+00,6.227559687744974384e-03,4.577907417063266528e-07,4.577907399688130503e-07,4.577907387212910671e-07,4.577907393531691755e-07
2.999812511718017490e-03,0.000000000000000000e+00,7.583741082368758153e-05,-1.081416668738535395e-05,0.000000000000000000e+00,6.227557389092951319e-03,-7.128742848225213814e-07,-7.128742865152777630e-07,-7.128742878259528286e-07,-7.128742872153132244e-07
3.004812199237547402e-03,0.000000000000000000e+00,7.768432220677464503e-05,-1.091457432772300129e-05,0.000000000000000000e+00,6.227557540506308865e-03,-2.609058619062266303e-06,-2.609058620709603084e-06,-2.609058621286010698e-06,-2.609058620694021066e-06
3.009811886757077747e-03,0.000000000000000000e+00,7.946327555596519304e-05,-1.101473674871401963e-05,0.000000000000000000e+00,6.227560059488180914e-03,-4.889411663617308079e-06,-4.889411665218217290e-06,-4.889411665294623050e-06,-4.889411664718972683e-06
3.014811574276607658e-03,0.000000000000000000e+00,8.111413279870609641e-05,-1.111465395035842252e-05,0.000000000000000000e+00,6.227564257184976977e-03,-7.145742915964105573e-06,-7.145742917517286172e-06,-7.145742916556862618e-06,-7.145742915995350925e-06
3.019811261796137569e-03,0.000000000000000000e+00,8.258231265723193549e-05,-1.121432593265619640e-05,0.000000000000000000e+00,6.227568860529609542e-03,-8.982094670716534270e-06,-8.982094672220187158e-06,-8.982094670718435012e-06,-8.982094670169411973e-06
3.024810949315667914e-03,0.000000000000000000e+00,8.382237472677990455e-05,-1.131375269560734637e-05,0.000000000000000000e+00,6.227572362830111237e-03,-1.008676496967841327e-05,-1.008676497113028534e-05,-1.008676496921634663e-05,-1.008676496867862640e-05
3.029810636835197826e-03,0.000000000000000000e+00,8.480274067061070557e-05,-1.141293423921187580e-05,0.000000000000000000e+00,6.227573640823031061e-03,-1.030858453167631067e-05,-1.030858453307409800e-05,-1.030858453079068691e-05,-1.030858453026324627e-05
3.034810324354727737e-03,0.000000000000000000e+00,8.550795625189446089e-05,-1.151187056346977792e-05,0.000000000000000000e+00,6.227572587481954372e-03,-9.646958735733745729e-06,-9.646958737075083388e-06,-9.646958734799434507e-06,-9.646958734281480636e-06
3.039810011874257648e-03,0.000000000000000000e+00,8.593897065349700775e-05,-1.161056166838105612e-05,0.000000000000000000e+00,6.227570047458153707e-03,-8.256804869427586532e-06,-8.256804870709974085e-06,-8.256804868480918793e-06,-8.256804867971987517e-06
3.044809699393787993e-03,0.000000000000000000e+00,8.611158993457473129e-05,-1.170900755394571378e-05,0.000000000000000000e+00,6.227567141230625977e-03,-6.402662043995543419e-06,-6.402662045216521084e-06,-6.402662043564119046e-06,-6.402662043063851223e-06
3.049809386913317905e-03,0.000000000000000000e+00,8.605189585307352024e-05,-1.180720822016374414e-05,0.000000000000000000e+00,6.227564553254444531e-03,-4.382891797464732032e-06,-4.382891798622172061e-06,-4.382891796598542588e-06,-4.382891796106490984e-06
3.054809074432847816e-03,0.000000000000000000e+00,8.579114422658948519e-05,-1.190516366703515227e-05,0.000000000000000000e+00,6.227562406344806616e-03,-2.493939279271363768e-06,-2.493939280363358644e-06,-2.493939278329947634e-06,-2.493939277845529491e-06
3.059808761952377727e-03,0.000000000000000000e+00,8.536100853729177546e-05,-1.200287389455993817e-05,0.000000000000000000e+00,6.227560544086072243e-03,-9.464492072349883702e-07,-9.464492082600134328e-07,-9.464492059344539829e-07,-9.464492054568324328e-07
3.064808449471908072e-03,0.000000000000000000e+00,8.479079203490929011e-05,-1.210033890273809507e-05,0.000000000000000000e+00,6.227559029198441974e-03,1.748181336026148440e-07,1.748181326458064268e-07,1.748181340536971579e-07,1.748181345255893772e-07
3.069808136991437984e-03,0.000000000000000000e+00,8.410683077397862006e-05,-1.219755869156963482e-05,0.000000000000000000e+00,6.227558356036857340e-03,9.298382581418725666e-07,9.298382572543277276e-07,9.298382582628390359e-07,9.298382587302453687e-07
3.074807824510967895e-03,0.000000000000000000e+00,8.333123051642691594e-05,-1.229453326105454727e-05,0.000000000000000000e+00,6.227559238757194270e-03,1.534293162518813019e-06,1.534293161701344910e-06,1.534293161984128553e-06,1.534293162448654974e-06
3.079807512030498240e-03,0.000000000000000000e+00,8.248154084879997562e-05,-1.239126261119283240e-05,0.000000000000000000e+00,6.227562051261622406e-03,2.285561553079311462e-06,2.285561552332668859e-06,2.285561552448898720e-06,2.285561552912117322e-06
3.084807199550028151e-03,0.000000000000000000e+00,8.157233518227720835e-05,-1.248774674198450039e-05,0.000000000000000000e+00,6.227566434009523984e-03,3.504401626067671615e-06,3.504401625392623626e-06,3.504401625023557818e-06,3.504401625487064411e-06
3.089806887069558063e-03,0.000000000000000000e+00,8.061723324970656798e-05,-1.258398565342954107e-05,0.000000000000000000e+00,6.227571230142084531e-03,5.452162533899335123e-06,5.452162533297040488e-06,5.452162532953490700e-06,5.452162533418664254e-06
3.094806574589087974e-03,0.000000000000000000e+00,7.963180645159088791e-05,-1.267997934552795614e-05,0.000000000000000000e+00,6.227574910798470975e-03,8.245081918341259304e-06,8.245081917812834411e-06,8.245081917785641266e-06,8.245081918253535489e-06
3.099806262108618319e-03,0.000000000000000000e+00,7.863553474579479949e-05,-1.277572781827975236e-05,0.000000000000000000e+00,6.227576319017036170e-03,1.184347508437627492e-05,1.184347508392324613e-05,1.184347508429606429e-05,1.184347508476732463e-05
3.104805949628148230e-03,0.000000000000000000e+00,7.765308178175813359e-05,-1.287123107168492128e-05,0.000000000000000000e+00,6.227575290483941539e-03,1.604717471756475746e-05,1.604717471718895944e-05,1.604717471816765858e-05,1.604717471864217660e-05
3.109805637147678142e-03,0.000000000000000000e+00,7.671421323775801516e-05,-1.296648910574346627e-05,0.000000000000000000e+00,6.227572489964171461e-03,2.055951542475171833e-05,2.055951542445540588e-05,2.055951542592748138e-05,2.055951542640431010e-05
3.114805324667208053e-03,0.000000000000000000e+00,7.585036161844819905e-05,-1.306150192045539073e-05,0.000000000000000000e+00,6.227568723851502341e-03,2.507147135953599861e-05,2.507147135932130287e-05,2.507147136170904131e-05,2.507147136218674079e-05
3.119805012186738398e-03,0.000000000000000000e+00,7.509135734898307634e-05,-1.315626951582068619e-05,0.000000000000000000e+00,6.227564512119444610e-03,2.931085466517541227e-05,2.931085466504454229e-05,2.931085466741666144e-05,2.931085466789292435e-05
3.124804699706268309e-03,0.000000000000000000e+00,7.446366805473473617e-05,-1.325079189183936111e-05,0.000000000000000000e+00,6.227560310754519379e-03,3.311261693106129478e-05,3.311261693101646302e-05,3.311261693336445191e-05,3.311261693383622893e-05
3.129804387225798221e-03,0.000000000000000000e+00,7.398980598611211966e-05,-1.334506904851141212e-05,0.000000000000000000e+00,6.227556950535916014e-03,3.642516398743406939e-05,3.642516398747696992e-05,3.642516398934230587e-05,3.642516398980608690e-05
3.134804074745328566e-03,0.000000000000000000e+00,7.368913996694613337e-05,-1.343910098583683581e-05,0.000000000000000000e+00,6.227555691051514693e-03,3.928911007497549773e-05,3.928911007510716054e-05,3.928911007749613226e-05,3.928911007794829200e-05
3.139803762264858477e-03,0.000000000000000000e+00,7.357711239311307656e-05,-1.353288770381564066e-05,0.000000000000000000e+00,6.227557517735644171e-03,4.180546864526428897e-05,4.180546864548498510e-05,4.180546864795037275e-05,4.180546864838730623e-05
3.144803449784388388e-03,0.000000000000000000e+00,7.366357400109173684e-05,-1.362642920244781990e-05,0.000000000000000000e+00,6.227562124904927401e-03,4.405392688642663997e-05,4.405392688673577311e-05,4.405392688926089353e-05,4.405392688967911096e-05
3.149803137303918300e-03,0.000000000000000000e+00,7.395051144309982075e-05,-1.371972548173337183e-05,0.000000000000000000e+00,6.227567730947750069e-03,4.605102205041365637e-05,4.605102205080936984e-05,4.605102205258493385e-05,4.605102205298173830e-05
3.154802824823448645e-03,0.000000000000000000e+00,7.442813385506495758e-05,-1.381277654167230662e-05,0.000000000000000000e+00,6.227572131476399875e-03,4.770909799765252088e-05,4.770909799813192120e-05,4.770909799931639852e-05,4.770909799968994682e-05
3.159802512342978556e-03,0.000000000000000000e+00,7.507286924135210364e-05,-1.390558238226461409e-05,0.000000000000000000e+00,6.227574080706910382e-03,4.882346706961195341e-05,4.882346707017114424e-05,4.882346707035568900e-05,4.882346707070516802e-05
3.164802199862508467e-03,0.000000000000000000e+00,7.584704318799572191e-05,-1.399814300351029426e-05,0.000000000000000000e+00,6.227573746151481016e-03,4.913883133745400544e-05,4.913883133808827049e-05,4.913883133711763850e-05,4.913883133744325829e-05
3.169801887382038379e-03,0.000000000000000000e+00,7.670117864400979185e-05,-1.409045840540935728e-05,0.000000000000000000e+00,6.227572127903631925e-03,4.841456266660529870e-05,4.841456266730948123e-05,4.841456266523177718e-05,4.841456266553465583e-05
3.174801574901568724e-03,0.000000000000000000e+00,7.757888250466715729e-05,-1.418252858796179129e-05,0.000000000000000000e+00,6.227570016338167778e-03,4.652085537561415226e-05,4.652085537638273640e-05,4.652085537355623489e-05,4.652085537383844594e-05
3.179801262421098635e-03,0.000000000000000000e+00,7.842111277875272676e-05,-1.427435355116760308e-05,0.000000000000000000e+00,6.227567436268898436e-03,4.350919899597432755e-05,4.350919899680206170e-05,4.350919899385932016e-05,4.350919899412350635e-05
3.184800949940628546e-03,0.000000000000000000e+00,7.917215685073501687e-05,-1.436593329502679264e-05,0.000000000000000000e+00,6.227564060685055608e-03,3.962004591109956483e-05,3.962004591198164461e-05,3.962004590919809106e-05,3.962004590944718651e-05
3.189800637460158891e-03,0.000000000000000000e+00,7.978656468030776014e-05,-1.445726781953935490e-05,0.000000000000000000e+00,6.227560278455375117e-03,3.528578595154103017e-05,3.528578595247318654e-05,3.528578595103772997e-05,3.528578595127465525e-05
3.194800324979688803e-03,0.000000000000000000e+00,8.023512177421134050e-05,-1.454835712470529492e-05,0.000000000000000000e+00,6.227557481221693454e-03,3.106650950364502750e-05,3.106650950462383845e-05,3.106650950509751282e-05,3.106650950532524271e-05
3.199800012499218714e-03,0.000000000000000000e+00,8.051043867703371743e-05,-1.463920121052461272e-05,0.000000000000000000e+00,6.227557164397271722e-03,2.757224920329919059e-05,2.757224920432186429e-05,2.757224920723033487e-05,2.757224920745154938e-05
3.204799700018748625e-03,0.000000000000000000e+00,8.062884020225362489e-05,-1.472980007699730321e-05,0.000000000000000000e+00,6.227559646794993131e-03,2.538877677748960522e-05,2.538877677855397666e-05,2.538877678272547162e-05,2.538877678294234255e-05
3.209799387538278970e-03,0.000000000000000000e+00,8.062933015505302601e-05,-1.482015372412337316e-05,0.000000000000000000e+00,6.227563737034245463e-03,2.496718798586509798e-05,2.496718798696979835e-05,2.496718799190382286e-05,2.496718799211786131e-05
3.214799075057808882e-03,0.000000000000000000e+00,8.056893998533744272e-05,-1.491026215190281919e-05,0.000000000000000000e+00,6.227567518467830125e-03,2.655288055834062531e-05,2.655288055948449926e-05,2.655288056421530024e-05,2.655288056442746506e-05
3.219798762577338793e-03,0.000000000000000000e+00,8.051339094248806481e-05,-1.500012536033563622e-05,0.000000000000000000e+00,6.227569794659110723e-03,3.011388868691826888e-05,3.011388868810040161e-05,3.011388869241703059e-05,3.011388869262761315e-05
3.224798450096868704e-03,0.000000000000000000e+00,8.052849563814171998e-05,-1.508974334942183780e-05,0.000000000000000000e+00,6.227570721387247661e-03,3.530519310534593782e-05,3.530519310656550941e-05,3.530519310936798907e-05,3.530519310957631852e-05
3.229798137616399049e-03,0.000000000000000000e+00,8.067258762265669967e-05,-1.517911611916141038e-05,0.000000000000000000e+00,6.227571129243598784e-03,4.151480418186151298e-05,4.151480418311773738e-05,4.151480418418610342e-05,4.151480418439080757e-05
3.234797825135928961e-03,0.000000000000000000e+00,8.099168519879761433e-05,-1.526824366955435564e-05,0.000000000000000000e+00,6.227571310022665847e-03,4.792235867507890171e-05,4.792235867637044400e-05,4.792235867567572790e-05,4.792235867587489584e-05
3.239797512655458872e-03,0.000000000000000000e+00,8.151789712201943901e-05,-1.535712600060067868e-05,0.000000000000000000e+00,6.227570845829552212e-03,5.361982626450816460e-05,5.361982626583321551e-05,5.361982626413250888e-05,5.361982626432387734e-05
3.244797200174989217e-03,0.000000000000000000e+00,8.226756245021544774e-05,-1.544576311230038288e-05,0.000000000000000000e+00,6.227569319531438274e-03,5.774643380540950109e-05,5.774643380676568215e-05,5.774643380463070512e-05,5.774643380481158392e-05
3.249796887694519128e-03,0.000000000000000000e+00,8.324101813700713942e-05,-1.553415500465346147e-05,0.000000000000000000e+00,6.227567028312668007e-03,5.960747267600715422e-05,5.960747267739109764e-05,5.960747267555520455e-05,5.960747267572320167e-05
3.254796575214049040e-03,0.000000000000000000e+00,8.442246171977047550e-05,-1.562230167765991105e-05,0.000000000000000000e+00,6.227564832842130867e-03,5.880853797744898962e-05,5.880853797885632469e-05,5.880853797804805197e-05,5.880853797820112777e-05
3.259796262733578951e-03,0.000000000000000000e+00,8.577954504927206647e-05,-1.571020313131974518e-05,0.000000000000000000e+00,6.227563492300331772e-03,5.531512403439237081e-05,5.531512403581817120e-05,5.531512403600552812e-05,5.531512403614202917e-05
3.264795950253109296e-03,0.000000000000000000e+00,8.726581098199443496e-05,-1.579785936563295369e-05,0.000000000000000000e+00,6.227563021975676683e-03,4.947007319280448417e-05,4.947007319424341697e-05,4.947007319508401246e-05,4.947007319520280036e-05
3.269795637772639207e-03,0.000000000000000000e+00,8.882385093076023471e-05,-1.588527038059953320e-05,0.000000000000000000e+00,6.227562921806776598e-03,4.195162910442467403e-05,4.195162910587115558e-05,4.195162910656369650e-05,4.195162910666410717e-05
3.274795325292169119e-03,0.000000000000000000e+00,9.039062825897679128e-05,-1.597243617621949387e-05,0.000000000000000000e+00,6.227562866239317978e-03,3.363297095371723414e-05,3.363297095516587054e-05,3.363297095597301840e-05,3.363297095605473336e-05
3.279795012811699030e-03,0.000000000000000000e+00,9.190291360584368959e-05,-1.605935675249282893e-05,0.000000000000000000e+00,6.227563028864131767e-03,2.542918802711836721e-05,2.542918802856418469e-05,2.542918802915149700e-05,2.542918802921439767e-05
3.284794700331229375e-03,0.000000000000000000e+00,9.330018060474469218e-05,-1.614603210941954175e-05,0.000000000000000000e+00,6.227563631746260535e-03,1.811544697383915157e-05,1.811544697527800305e-05,1.811544697575711199e-05,1.811544697580123224e-05
3.289794387850759286e-03,0.000000000000000000e+00,9.452884393454608026e-05,-1.623246224699962897e-05,0.000000000000000000e+00,6.227564618901453193e-03,1.218896143923386589e-05,1.218896144066246319e-05,1.218896144043071667e-05,1.218896144045587354e-05
3.294794075370289198e-03,0.000000000000000000e+00,9.554590154658313620e-05,-1.631864716523309056e-05,0.000000000000000000e+00,6.227565716377112155e-03,7.825981352110385569e-06,7.825981353526534871e-06,7.825981353394855129e-06,7.825981353400577684e-06
3.299793762889819543e-03,0.000000000000000000e+00,9.632258296928516755e-05,-1.640458686411992993e-05,0.000000000000000000e+00,6.227566684428308651e-03,4.887138105904483619e-06,4.887138107306807650e-06,4.887138107576928151e-06,4.887138107562586189e-06
3.304793450409349454e-03,0.000000000000000000e+00,9.684817489948163499e-05,-1.649028134366014708e-05,0.000000000000000000e+00,6.227567368411685532e-03,3.021229719268347550e-06,3.021229720656521048e-06,3.021229722027011887e-06,3.021229721991477161e-06
3.309793137928879365e-03,0.000000000000000000e+00,9.713046279883418119e-05,-1.657573060385373522e-05,0.000000000000000000e+00,6.227567643091752418e-03,1.793625521408897326e-06,1.793625522783613165e-06,1.793625524804738809e-06,1.793625524746308782e-06
3.314792825448409277e-03,0.000000000000000000e+00,9.719427450519951416e-05,-1.666093464470070452e-05,0.000000000000000000e+00,6.227567311602104187e-03,7.971299695159262181e-07,7.971299708783956544e-07,7.971299734811923760e-07,7.971299733978578865e-07
3.319792512967939622e-03,0.000000000000000000e+00,9.707599590443770831e-05,-1.674589346620105159e-05,0.000000000000000000e+00,6.227566266702726228e-03,-2.475751986162079941e-07,-2.475751972644281136e-07,-2.475751947348726369e-07,-2.475751948451055046e-07
3.324792200487469533e-03,0.000000000000000000e+00,9.681535319939513315e-05,-1.683060706835476627e-05,0.000000000000000000e+00,6.227564814781177092e-03,-1.476130568207031018e-06,-1.476130566864100938e-06,-1.476130565025104318e-06,-1.476130565164417521e-06
3.329791888006999444e-03,0.000000000000000000e+00,9.644975235394075510e-05,-1.691507545116186550e-05,0.000000000000000000e+00,6.227563731456828462e-03,-2.894015970289411533e-06,-2.894015968953508438e-06,-2.894015968336533027e-06,-2.894015968506952668e-06
3.334791575526529356e-03,0.000000000000000000e+00,9.600974867069453963e-05,-1.699929861462233911e-05,0.000000000000000000e+00,6.227563733838248176e-03,-4.421824030247883226e-06,-4.421824028917716238e-06,-4.421824029663057798e-06,-4.421824029865834097e-06
3.339791263046059701e-03,0.000000000000000000e+00,9.551827823045714954e-05,-1.708327655873618711e-05,0.000000000000000000e+00,6.227564903423231726e-03,-5.977457730006618426e-06,-5.977457728681689490e-06,-5.977457730329673404e-06,-5.977457730565228185e-06
3.344790950565589612e-03,0.000000000000000000e+00,9.499219290733248392e-05,-1.716700928350341289e-05,0.000000000000000000e+00,6.227566649166112710e-03,-7.518994598849756603e-06,-7.518994597530370650e-06,-7.518994600284384776e-06,-7.518994600552362284e-06
3.349790638085119523e-03,0.000000000000000000e+00,9.444261638340217889e-05,-1.725049678892401304e-05,0.000000000000000000e+00,6.227568141593034338e-03,-9.081981713451003202e-06,-9.081981712138068253e-06,-9.081981715405208162e-06,-9.081981715704204016e-06
3.354790325604649435e-03,0.000000000000000000e+00,9.387617840623972622e-05,-1.733373907499799097e-05,0.000000000000000000e+00,6.227568775526683836e-03,-1.077297157869290180e-05,-1.077297157738854729e-05,-1.077297158084144830e-05,-1.077297158116881976e-05
3.359790013124179780e-03,0.000000000000000000e+00,9.329429148162032587e-05,-1.741673614172534667e-05,0.000000000000000000e+00,6.227568400277580345e-03,-1.271518042559641058e-05,-1.271518042430346222e-05,-1.271518042641887280e-05,-1.271518042677095898e-05
3.364789700643709691e-03,0.000000000000000000e+00,9.269286041159951160e-05,-1.749948798910607337e-05,0.000000000000000000e+00,6.227567266449875877e-03,-1.500381314552458780e-05,-1.500381314424639983e-05,-1.500381314505077959e-05,-1.500381314542309123e-05
3.369789388163239603e-03,0.000000000000000000e+00,9.206425398867689705e-05,-1.758199461714018123e-05,0.000000000000000000e+00,6.227565812168185146e-03,-1.763989919126042325e-05,-1.763989919000087848e-05,-1.763989918915589197e-05,-1.763989918954289454e-05
3.374789075682769948e-03,0.000000000000000000e+00,9.139869064331111737e-05,-1.766425602582766686e-05,0.000000000000000000e+00,6.227564583850254271e-03,-2.050229546389259098e-05,-2.050229546265583478e-05,-2.050229546093998659e-05,-2.050229546133552726e-05
3.379788763202299859e-03,0.000000000000000000e+00,9.068760139999858857e-05,-1.774627221516852010e-05,0.000000000000000000e+00,6.227564131549733449e-03,-2.336396901011573887e-05,-2.336396900890583023e-05,-2.336396900605742784e-05,-2.336396900645502510e-05
3.384788450721829770e-03,0.000000000000000000e+00,8.992577027134984063e-05,-1.782804318516275450e-05,0.000000000000000000e+00,6.227564694286974803e-03,-2.591385471662737680e-05,-2.591385471544815786e-05,-2.591385471216447878e-05,-2.591385471255758339e-05
3.389788138241359682e-03,0.000000000000000000e+00,8.911137322267339623e-05,-1.790956893581036668e-05,0.000000000000000000e+00,6.227565918621530416e-03,-2.781778229762916371e-05,-2.781778229648413780e-05,-2.781778229305784209e-05,-2.781778229343998270e-05
3.394787825760890027e-03,0.000000000000000000e+00,8.824719152470135550e-05,-1.799084946711134985e-05,0.000000000000000000e+00,6.227567108481498782e-03,-2.876431118395503267e-05,-2.876431118284715423e-05,-2.876431117990738747e-05,-2.876431118027263485e-05
3.399787513280419938e-03,0.000000000000000000e+00,8.734034854129512347e-05,-1.807188477906571418e-05,0.000000000000000000e+00,6.227567719996452041e-03,-2.850386808757770010e-05,-2.850386808650926630e-05,-2.850386808437540734e-05,-2.850386808471853023e-05
3.404787200799949849e-03,0.000000000000000000e+00,8.640406577775945466e-05,-1.815267487167345289e-05,0.000000000000000000e+00,6.227567589419424551e-03,-2.690097532331838187e-05,-2.690097532229122906e-05,-2.690097532126613624e-05,-2.690097532158269617e-05
3.409786888319479761e-03,0.000000000000000000e+00,8.545963558503593262e-05,-1.823321974493456599e-05,0.000000000000000000e+00,6.227566812196707810e-03,-2.395116115935472950e-05,-2.395116115837010452e-05,-2.395116115895675954e-05,-2.395116115924323625e-05
3.414786575839010106e-03,0.000000000000000000e+00,8.453513667271030216e-05,-1.831351939884906025e-05,0.000000000000000000e+00,6.227565648346970739e-03,-1.980157242471242013e-05,-1.980157242377095656e-05,-1.980157242541507462e-05,-1.980157242566911674e-05
3.419786263358540017e-03,0.000000000000000000e+00,8.366380514180446622e-05,-1.839357383341692551e-05,0.000000000000000000e+00,6.227564509862180790e-03,-1.474599661504921858e-05,-1.474599661415122983e-05,-1.474599661671902715e-05,-1.474599661693900161e-05
3.424785950878069928e-03,0.000000000000000000e+00,8.287934377212017646e-05,-1.847338304863816854e-05,0.000000000000000000e+00,6.227564014834747683e-03,-9.179154322556945587e-06,-9.179154321702387599e-06,-9.179154324317786477e-06,-9.179154324502812354e-06
3.429785638397600273e-03,0.000000000000000000e+00,8.221171378811704868e-05,-1.855294704451279273e-05,0.000000000000000000e+00,6.227564836767531670e-03,-3.560089322601657700e-06,-3.560089321790062917e-06,-3.560089324894096468e-06,-3.560089325044039934e-06
3.434785325917130185e-03,0.000000000000000000e+00,8.168547178430721981e-05,-1.863226582104078453e-05,0.000000000000000000e+00,6.227567142369169230e-03,1.650399799782624688e-06,1.650399800551935586e-06,1.650399797942620099e-06,1.650399797827528650e-06
3.439785013436660096e-03,0.000000000000000000e+00,8.131839270189878690e-05,-1.871133937822215749e-05,0.000000000000000000e+00,6.227570036361712233e-03,6.037539723944329503e-06,6.037539724672071412e-06,6.037539722731544340e-06,6.037539722651133809e-06
3.444784700956190007e-03,0.000000000000000000e+00,8.112406765194656293e-05,-1.879016771605690822e-05,0.000000000000000000e+00,6.227571911819450995e-03,9.258117721777364215e-06,9.258117722464480730e-06,9.258117722265553348e-06,9.258117722219661103e-06
3.449784388475720352e-03,0.000000000000000000e+00,8.111319763351978660e-05,-1.886875083454502995e-05,0.000000000000000000e+00,6.227571543664742020e-03,1.108378863673854194e-05,1.108378863738589534e-05,1.108378863831922231e-05,1.108378863830783649e-05
3.454784075995250264e-03,0.000000000000000000e+00,8.129169530727462466e-05,-1.894708873368653284e-05,0.000000000000000000e+00,6.227568896816807614e-03,1.141192568509696987e-05,1.141192568570548681e-05,1.141192568764349820e-05,1.141192568766710839e-05
3.459783763514780175e-03,0.000000000000000000e+00,8.165907236865827868e-05,-1.902518141348141011e-05,0.000000000000000000e+00,6.227565096063984035e-03,1.028196323906224521e-05,1.028196323963257621e-05,1.028196324173511019e-05,1.028196324179478027e-05
3.464783451034310086e-03,0.000000000000000000e+00,8.220538422945217259e-05,-1.910302887392966177e-05,0.000000000000000000e+00,6.227561787213882136e-03,7.884264574839422861e-06,7.884264575372548786e-06,7.884264577237962669e-06,7.884264577334793782e-06
3.469783138553840431e-03,0.000000000000000000e+00,8.291169031052718482e-05,-1.918063111503129120e-05,0.000000000000000000e+00,6.227560352868554729e-03,4.524378216782766869e-06,4.524378217279836296e-06,4.524378218361549886e-06,4.524378218496922691e-06
3.474782826073370343e-03,0.000000000000000000e+00,8.375184431143026427e-05,-1.925798813678629502e-05,0.000000000000000000e+00,6.227561382077331960e-03,5.996244853612501640e-07,5.996244858234116689e-07,5.996244857390251645e-07,5.996244859144507700e-07
3.479782513592900254e-03,0.000000000000000000e+00,8.469428931261856620e-05,-1.933509993919467322e-05,0.000000000000000000e+00,6.227564576918164820e-03,-3.455656517119548040e-06,-3.455656516690657989e-06,-3.455656517643243100e-06,-3.455656517426511086e-06
3.484782201112430599e-03,0.000000000000000000e+00,8.570705001807918096e-05,-1.941196652225643597e-05,0.000000000000000000e+00,6.227568853276215476e-03,-7.224709400119800793e-06,-7.224709399721922313e-06,-7.224709401730362792e-06,-7.224709401471733140e-06
3.489781888631960510e-03,0.000000000000000000e+00,8.675966949375490944e-05,-1.948858788597156633e-05,0.000000000000000000e+00,6.227572613738507727e-03,-1.033596140091310191e-05,-1.033596140054365663e-05,-1.033596140287583988e-05,-1.033596140257501782e-05
3.494781576151490422e-03,0.000000000000000000e+00,8.782404719492279289e-05,-1.956496403034007446e-05,0.000000000000000000e+00,6.227574349399517609e-03,-1.251645254651829179e-05,-1.251645254617437608e-05,-1.251645254880525703e-05,-1.251645254846273724e-05
3.499781263671020333e-03,0.000000000000000000e+00,8.887561388081077350e-05,-1.964109495536196375e-05,0.000000000000000000e+00,6.227573351583130801e-03,-1.360583415359083506e-05,-1.360583415326898287e-05,-1.360583415487920267e-05,-1.360583415449625230e-05
3.504780951190550678e-03,0.000000000000000000e+00,8.989345416560111097e-05,-1.971698066103722404e-05,0.000000000000000000e+00,6.227569875774252237e-03,-1.356826111159090229e-05,-1.356826111128727147e-05,-1.356826111213030303e-05,-1.356826111170930394e-05
3.509780638710080589e-03,0.000000000000000000e+00,9.086294036727525774e-05,-1.979262114736586210e-05,0.000000000000000000e+00,6.227564865842158057e-03,-1.250517453516006021e-05,-1.250517453487085944e-05,-1.250517453470921167e-05,-1.250517453425280999e-05
3.514780326229610501e-03,0.000000000000000000e+00,9.177512702318599085e-05,-1.986801641434787793e-05,0.000000000000000000e+00,6.227559671219014097e-03,-1.061959965337486571e-05,-1.061959965309645953e-05,-1.061959965314901623e-05,-1.061959965266058993e-05
3.519780013749140412e-03,0.000000000000000000e+00,9.262401442444385730e-05,-1.994316646198326815e-05,0.000000000000000000e+00,6.227555840474065414e-03,-8.200646276794713879e-06,-8.200646276523653171e-06,-8.200646276763444811e-06,-8.200646276247002046e-06
3.524779701268670757e-03,0.000000000000000000e+00,9.340479689542423053e-05,-2.001807129027203614e-05,0.000000000000000000e+00,6.227554709260128656e-03,-5.573252922685493360e-06,-5.573252922419084557e-06,-5.573252923337075149e-06,-5.573252922796349644e-06
3.529779388788200668e-03,0.000000000000000000e+00,9.410988267947113025e-05,-2.009273089921417851e-05,0.000000000000000000e+00,6.227556902291948165e-03,-3.042039044345611062e-06,-3.042039044082177040e-06,-3.042039045440684056e-06,-3.042039044879301112e-06
3.534779076307730580e-03,0.000000000000000000e+00,9.472792553562255123e-05,-2.016714528880969527e-05,0.000000000000000000e+00,6.227561840355214616e-03,-8.738693098735295778e-07,-8.738693096122351602e-07,-8.738693115542191280e-07,-8.738693109751806290e-07
3.539778763827260925e-03,0.000000000000000000e+00,9.524424036444317755e-05,-2.024131445905859319e-05,0.000000000000000000e+00,6.227567692413201253e-03,7.450149853969485471e-07,7.450149856557357472e-07,7.450149832934472547e-07,7.450149838879339406e-07
3.544778451346790836e-03,0.000000000000000000e+00,9.564312646768030081e-05,-2.031523840996086211e-05,0.000000000000000000e+00,6.227572135360699875e-03,1.701830522073908628e-06,1.701830522328885874e-06,1.701830520076596468e-06,1.701830520685069362e-06
3.549778138866320747e-03,0.000000000000000000e+00,9.591336602520295974e-05,-2.038891714151650541e-05,0.000000000000000000e+00,6.227573637198114721e-03,1.945007446878299604e-06,1.945007447126996948e-06,1.945007445252258926e-06,1.945007445874358885e-06
3.554777826385850659e-03,0.000000000000000000e+00,9.604911532017223618e-05,-2.046235065372553326e-05,0.000000000000000000e+00,6.227572191354298521e-03,1.484738902148373312e-06,1.484738902387848161e-06,1.484738901674736205e-06,1.484738902310851172e-06
3.559777513905381004e-03,0.000000000000000000e+00,9.604925236289836164e-05,-2.053553894658793211e-05,0.000000000000000000e+00,6.227569045015141427e-03,3.588646468084031005e-07,3.588646470350216833e-07,3.588646472007199625e-07,3.588646478519019517e-07
3.564777201424910915e-03,0.000000000000000000e+00,9.591636556767563974e-05,-2.060848202010370534e-05,0.000000000000000000e+00,6.227565811920934141e-03,-1.347760148938361628e-06,-1.347760148728338962e-06,-1.347760147454754622e-06,-1.347760146786804769e-06
3.569776888944440826e-03,0.000000000000000000e+00,9.565484420364663400e-05,-2.068117987427285973e-05,0.000000000000000000e+00,6.227563649180852499e-03,-3.499530226548092438e-06,-3.499530226358594227e-06,-3.499530225248548232e-06,-3.499530224561980594e-06
3.574776576463970738e-03,0.000000000000000000e+00,9.527192931222967093e-05,-2.075363250909538851e-05,0.000000000000000000e+00,6.227562887005716995e-03,-5.909848382601452794e-06,-5.909848382436420283e-06,-5.909848381752224338e-06,-5.909848381044979779e-06
3.579776263983501083e-03,0.000000000000000000e+00,9.477737659416271879e-05,-2.082583992457129167e-05,0.000000000000000000e+00,6.227563248339922607e-03,-8.310111825445887752e-06,-8.310111825309190187e-06,-8.310111826035566679e-06,-8.310111825305708882e-06
3.584775951503030994e-03,0.000000000000000000e+00,9.418448857416137113e-05,-2.089780212070057260e-05,0.000000000000000000e+00,6.227564301445082974e-03,-1.037338007766015642e-05,-1.037338007755518193e-05,-1.037338007920651163e-05,-1.037338007845264553e-05
3.589775639022560905e-03,0.000000000000000000e+00,9.351213375432664704e-05,-2.096951909748322792e-05,0.000000000000000000e+00,6.227565633292746379e-03,-1.172016674903879455e-05,-1.172016674896849081e-05,-1.172016675188866908e-05,-1.172016675111008148e-05
3.594775326542091250e-03,0.000000000000000000e+00,9.278242858588190637e-05,-2.104099085491926440e-05,0.000000000000000000e+00,6.227566784365128755e-03,-1.195947875337798074e-05,-1.195947875334476011e-05,-1.195947875716544791e-05,-1.195947875636225569e-05
3.599775014061621162e-03,0.000000000000000000e+00,9.201931486939871670e-05,-2.111221739300867187e-05,0.000000000000000000e+00,6.227567298261494320e-03,-1.077314330420227379e-05,-1.077314330420783033e-05,-1.077314330884650123e-05,-1.077314330801998850e-05
3.604774701581151073e-03,0.000000000000000000e+00,9.124684420981116109e-05,-2.118319871175145373e-05,0.000000000000000000e+00,6.227566942504455909e-03,-7.966682959507274492e-06,-7.966682959552324786e-06,-7.966682964060881265e-06,-7.966682963213753450e-06
3.609774389100680984e-03,0.000000000000000000e+00,9.048846404057521691e-05,-2.125393481114762014e-05,0.000000000000000000e+00,6.227565892502997733e-03,-3.558236553581815511e-06,-3.558236553666484924e-06,-3.558236557076693356e-06,-3.558236556212656646e-06
3.614774076620211329e-03,0.000000000000000000e+00,8.976789113393950418e-05,-2.132442569119715755e-05,0.000000000000000000e+00,6.227564809325043284e-03,2.184198499492991325e-06,2.184198499368916245e-06,2.184198497494944364e-06,2.184198498371328697e-06
3.619773764139741241e-03,0.000000000000000000e+00,8.910611814180492967e-05,-2.139467135190006595e-05,0.000000000000000000e+00,6.227564533277342960e-03,8.754503067925005721e-06,8.754503067762187354e-06,8.754503067574683059e-06,8.754503068458040167e-06
3.624773451659271152e-03,0.000000000000000000e+00,8.851896849468620439e-05,-2.146467179325635890e-05,0.000000000000000000e+00,6.227565531228004304e-03,1.543349539155280804e-05,1.543349539135215271e-05,1.543349539210093661e-05,1.543349539298528305e-05
3.629773139178801063e-03,0.000000000000000000e+00,8.801445538244618986e-05,-2.153442701526602624e-05,0.000000000000000000e+00,6.227567539310164928e-03,2.139847967383497166e-05,2.139847967359714175e-05,2.139847967502881039e-05,2.139847967590817289e-05
3.634772826698331408e-03,0.000000000000000000e+00,8.758915387121765184e-05,-2.160393701792906457e-05,0.000000000000000000e+00,6.227569763789158296e-03,2.581493873542452483e-05,2.581493873514995740e-05,2.581493873620248054e-05,2.581493873707102135e-05
3.639772514217861320e-03,0.000000000000000000e+00,8.722773965879398127e-05,-2.167320180124548406e-05,0.000000000000000000e+00,6.227571241978824453e-03,2.794513875723602509e-05,2.794513875692502169e-05,2.794513875763197572e-05,2.794513875848404682e-05
3.644772201737391231e-03,0.000000000000000000e+00,8.690258147390299260e-05,-2.174222136521527794e-05,0.000000000000000000e+00,6.227571221947656756e-03,2.727425643085449323e-05,2.727425643050709113e-05,2.727425643022673001e-05,2.727425643105720176e-05
3.649771889256921576e-03,0.000000000000000000e+00,8.657673027429853101e-05,-2.181099570983844959e-05,0.000000000000000000e+00,6.227569482985653715e-03,2.357489286054203009e-05,2.357489286015779901e-05,2.357489285922203766e-05,2.357489286002674607e-05
3.654771576776451487e-03,0.000000000000000000e+00,8.620875167335771119e-05,-2.187952483511499562e-05,0.000000000000000000e+00,6.227566544386071296e-03,1.698500810133945826e-05,1.698500810091771378e-05,1.698500809876025649e-05,1.698500809953593199e-05
3.659771264295981399e-03,0.000000000000000000e+00,8.575469191356864171e-05,-2.194780874104491604e-05,0.000000000000000000e+00,6.227563432995123459e-03,8.021559250080418767e-06,8.021559249620479877e-06,8.021559246787012367e-06,8.021559247531201962e-06
3.664770951815511310e-03,0.000000000000000000e+00,8.517196458507076805e-05,-2.201584742762821762e-05,0.000000000000000000e+00,6.227561262211859378e-03,-2.457284685804856205e-06,-2.457284686303669672e-06,-2.457284689446056027e-06,-2.457284688734870224e-06
3.669770639335041655e-03,0.000000000000000000e+00,8.442316446773148156e-05,-2.208364089486489359e-05,0.000000000000000000e+00,6.227560741336299679e-03,-1.330630593248147036e-05,-1.330630593301949045e-05,-1.330630593556968473e-05,-1.330630593489238194e-05
3.674770326854571566e-03,0.000000000000000000e+00,8.348068762770039235e-05,-2.215118914275494055e-05,0.000000000000000000e+00,6.227561853533405793e-03,-2.324526293124427024e-05,-2.324526293182130974e-05,-2.324526293380690744e-05,-2.324526293316399588e-05
3.679770014374101478e-03,0.000000000000000000e+00,8.233172449515624566e-05,-2.221849217129837206e-05,0.000000000000000000e+00,6.227563875734340275e-03,-3.101429259718692898e-05,-3.101429259780195621e-05,-3.101429259954278510e-05,-3.101429259893475775e-05
3.684769701893631389e-03,0.000000000000000000e+00,8.097924289018264233e-05,-2.228554998049517795e-05,0.000000000000000000e+00,6.227565929086458819e-03,-3.555452838098178899e-05,-3.555452838163287272e-05,-3.555452838335571063e-05,-3.555452838278336030e-05
3.689769389413161734e-03,0.000000000000000000e+00,7.944332126012678232e-05,-2.235236257034535484e-05,0.000000000000000000e+00,6.227567432678744221e-03,-3.619656630287587353e-05,-3.619656630356023549e-05,-3.619656630535612152e-05,-3.619656630482073572e-05
3.694769076932691645e-03,0.000000000000000000e+00,7.775991308262917147e-05,-2.241892994084891289e-05,0.000000000000000000e+00,6.227568187333967949e-03,-3.275529788831573364e-05,-3.275529788902965366e-05,-3.275529789056407079e-05,-3.275529789006758751e-05
3.699768764452221557e-03,0.000000000000000000e+00,7.597538467770786333e-05,-2.248525209200584533e-05,0.000000000000000000e+00,6.227568207691581113e-03,-2.558232844084082217e-05,-2.558232844158002444e-05,-2.558232844303839833e-05,-2.558232844258333835e-05
3.704768451971751902e-03,0.000000000000000000e+00,7.414155548295755821e-05,-2.255132902381615215e-05,0.000000000000000000e+00,6.227567627332784503e-03,-1.549780708800822931e-05,-1.549780708876807546e-05,-1.549780708981393415e-05,-1.549780708940344504e-05
3.709768139491281813e-03,0.000000000000000000e+00,7.230995673067123727e-05,-2.261716073627983675e-05,0.000000000000000000e+00,6.227566691031861425e-03,-3.631707826500998503e-06,-3.631707827276642667e-06,-3.631707828323937073e-06,-3.631707827961781360e-06
3.714767827010811724e-03,0.000000000000000000e+00,7.052921661819981983e-05,-2.268274722939689572e-05,0.000000000000000000e+00,6.227565883348531485e-03,8.743345461382818503e-06,8.743345460596067196e-06,8.743345459793555995e-06,8.743345460103497209e-06
3.719767514530341636e-03,0.000000000000000000e+00,6.884333619401795555e-05,-2.274808850316733247e-05,0.000000000000000000e+00,6.227565850272872086e-03,2.042277350531896494e-05,2.042277350452542382e-05,2.042277350363893947e-05,2.042277350389268682e-05
3.724767202049871981e-03,0.000000000000000000e+00,6.728774371005567876e-05,-2.281318455759114700e-05,0.000000000000000000e+00,6.227566896628126264e-03,3.041189944586075884e-05,3.041189944506430393e-05,3.041189944467097232e-05,3.041189944486447869e-05
3.729766889569401892e-03,0.000000000000000000e+00,6.588839374559652860e-05,-2.287803539266833252e-05,0.000000000000000000e+00,6.227568474554365588e-03,3.801381562244777833e-05,3.801381562165162835e-05,3.801381562146061225e-05,3.801381562159020152e-05
3.734766577088931803e-03,0.000000000000000000e+00,6.466088374456826918e-05,-2.294264100839889920e-05,0.000000000000000000e+00,6.227569370485084091e-03,4.287480525102476509e-05,4.287480525023121719e-05,4.287480525012410480e-05,4.287480525018662260e-05
3.739766264608461715e-03,0.000000000000000000e+00,6.361027188032987727e-05,-2.300700140478284365e-05,0.000000000000000000e+00,6.227568576056149129e-03,4.492971598375004720e-05,4.492971598296055828e-05,4.492971598220195557e-05,4.492971598219479984e-05
3.744765952127992060e-03,0.000000000000000000e+00,6.273200126162664886e-05,-2.307111658182015571e-05,0.000000000000000000e+00,6.227566123846876682e-03,4.434812623177988758e-05,4.434812623099511494e-05,4.434812622971587835e-05,4.434812622963709073e-05
3.749765639647521971e-03,0.000000000000000000e+00,6.201180403507971269e-05,-2.313498653951085232e-05,0.000000000000000000e+00,6.227563244807430599e-03,4.144857828864818253e-05,4.144857828786763828e-05,4.144857828635701940e-05,4.144857828620571221e-05
3.754765327167051883e-03,0.000000000000000000e+00,6.142887718282291480e-05,-2.319861127785492332e-05,0.000000000000000000e+00,6.227561596275730561e-03,3.661229638579018605e-05,3.661229638501247428e-05,3.661229638369225485e-05,3.661229638346846197e-05
3.759765014686582228e-03,0.000000000000000000e+00,6.095728989730036471e-05,-2.326199079685236870e-05,0.000000000000000000e+00,6.227562108973841958e-03,3.026645383707086783e-05,3.026645383629404375e-05,3.026645383519733259e-05,3.026645383490186717e-05
3.764764702206112139e-03,0.000000000000000000e+00,6.056422312488980546e-05,-2.332512509650319185e-05,0.000000000000000000e+00,6.227564390363826002e-03,2.286567586379048978e-05,2.286567586301202585e-05,2.286567586184983566e-05,2.286567586148437821e-05
3.769764389725642050e-03,0.000000000000000000e+00,6.021050274567907974e-05,-2.338801417680738939e-05,0.000000000000000000e+00,6.227567210323687978e-03,1.492642238982587379e-05,1.492642238904295616e-05,1.492642238775204745e-05,1.492642238731892393e-05
3.774764077245171962e-03,0.000000000000000000e+00,5.985199714092313540e-05,-2.345065803776496131e-05,0.000000000000000000e+00,6.227569335674794891e-03,7.053277677472575884e-06,7.053277676682612628e-06,7.053277675011982441e-06,7.053277674513790696e-06
3.779763764764702307e-03,0.000000000000000000e+00,5.944420760788513605e-05,-2.351305667937591439e-05,0.000000000000000000e+00,6.227570080728142034e-03,-9.796242171303964647e-08,-9.796242251219151528e-08,-9.796242425531586403e-08,-9.796242481599068874e-08
3.784763452284232218e-03,0.000000000000000000e+00,5.894672499607883816e-05,-2.357521010164023847e-05,0.000000000000000000e+00,6.227569343840979633e-03,-5.862849122594400398e-06,-5.862849123404116462e-06,-5.862849125377172987e-06,-5.862849125998109123e-06
3.789763139803762129e-03,0.000000000000000000e+00,5.832676103976729425e-05,-2.363711830455794032e-05,0.000000000000000000e+00,6.227567489367045843e-03,-9.686801694857899271e-06,-9.686801695678669115e-06,-9.686801697584898128e-06,-9.686801698264355771e-06
3.794762827323292041e-03,0.000000000000000000e+00,5.756603698000111027e-05,-2.369878128812902333e-05,0.000000000000000000e+00,6.227565134741930297e-03,-1.124076880296038981e-05,-1.124076880379159002e-05,-1.124076880600129569e-05,-1.124076880673846338e-05
3.799762514842822386e-03,0.000000000000000000e+00,5.666447096778257330e-05,-2.376019905235347395e-05,0.000000000000000000e+00,6.227563032218524919e-03,-1.049444244901553542e-05,-1.049444244985556001e-05,-1.049444245188949110e-05,-1.049444245268429600e-05
3.804762202362352297e-03,0.000000000000000000e+00,5.564078697987393006e-05,-2.382137159723130574e-05,0.000000000000000000e+00,6.227561854051049013e-03,-7.772518135579972720e-06,-7.772518136426197598e-06,-7.772518138051960450e-06,-7.772518138905222477e-06
3.809761889881882208e-03,0.000000000000000000e+00,5.453182843782320756e-05,-2.388229892276251529e-05,0.000000000000000000e+00,6.227562021877850081e-03,-3.704324197950742653e-06,-3.704324198799810173e-06,-3.704324199141294894e-06,-3.704324200054542101e-06
3.814761577401412553e-03,0.000000000000000000e+00,5.338963879344808973e-05,-2.394298102894709584e-05,0.000000000000000000e+00,6.227563514182318447e-03,8.560314294661276491e-07,8.560314286183103494e-07,8.560314294394156181e-07,8.560314284641520470e-07
3.819761264920942465e-03,0.000000000000000000e+00,5.227869793140955479e-05,-2.400341791578505755e-05,0.000000000000000000e+00,6.227565874394343400e-03,4.943611026520453847e-06,4.943611025678208330e-06,4.943611027419433630e-06,4.943611026380009008e-06
3.824760952440472376e-03,0.000000000000000000e+00,5.126825705614861546e-05,-2.406360958327639365e-05,0.000000000000000000e+00,6.227568288535159473e-03,7.641973858276191706e-06,7.641973857444259662e-06,7.641973859253594882e-06,7.641973858147812004e-06
3.829760639960002287e-03,0.000000000000000000e+00,5.042233327285581797e-05,-2.412355603142110413e-05,0.000000000000000000e+00,6.227569856441465997e-03,8.192557710970340865e-06,8.192557710153538524e-06,8.192557711660311881e-06,8.192557710486231043e-06
3.834760327479532632e-03,0.000000000000000000e+00,4.979293474125172749e-05,-2.418325726021919577e-05,0.000000000000000000e+00,6.227569916599336002e-03,6.115725592039209402e-06,6.115725591242224244e-06,6.115725592241939962e-06,6.115725590998321106e-06
3.839760014999062544e-03,0.000000000000000000e+00,4.941364014592876749e-05,-2.424271326967065841e-05,0.000000000000000000e+00,6.227568459636621465e-03,1.281379618366298227e-06,1.281379617593670348e-06,1.281379618041664380e-06,1.281379616727862069e-06
3.844759702518592455e-03,0.000000000000000000e+00,4.929629849971191074e-05,-2.430192405977549882e-05,0.000000000000000000e+00,6.227566173338831487e-03,-6.089117932204705102e-06,-6.089117932948532166e-06,-6.089117933045003290e-06,-6.089117934428947553e-06
3.849759390038122366e-03,0.000000000000000000e+00,4.943009892038191522e-05,-2.436088963053372039e-05,0.000000000000000000e+00,6.227564074276944507e-03,-1.543422030143237498e-05,-1.543422030214331006e-05,-1.543422030300186604e-05,-1.543422030445506626e-05
3.854759077557652711e-03,0.000000000000000000e+00,4.978471680535442173e-05,-2.441960998194530957e-05,0.000000000000000000e+00,6.227562912001249548e-03,-2.595103106998913729e-05,-2.595103107066361607e-05,-2.595103107192129737e-05,-2.595103107344203999e-05
3.859758765077182623e-03,0.000000000000000000e+00,5.031893649421409427e-05,-2.447808511401027652e-05,0.000000000000000000e+00,6.227562866948933504e-03,-3.669229953783382061e-05,-3.669229953846860743e-05,-3.669229953991217519e-05,-3.669229954149826810e-05
3.864758452596712534e-03,0.000000000000000000e+00,5.098672590899236309e-05,-2.453631502672862463e-05,0.000000000000000000e+00,6.227563589607333638e-03,-4.665976196351282195e-05,-4.665976196410489120e-05,-4.665976196484719699e-05,-4.665976196649603811e-05
3.869758140116242879e-03,0.000000000000000000e+00,5.174227195831038444e-05,-2.459429972010034374e-05,0.000000000000000000e+00,6.227564534218381874e-03,-5.491818611730802605e-05,-5.491818611785485697e-05,-5.491818611790981247e-05,-5.491818611961848121e-05
3.874757827635772790e-03,0.000000000000000000e+00,5.254556070417892074e-05,-2.465203919412544062e-05,0.000000000000000000e+00,6.227565352094419603e-03,-6.065540571649882990e-05,-6.065540571699795593e-05,-6.065540571612632514e-05,-6.065540571789211101e-05
3.879757515155302702e-03,0.000000000000000000e+00,5.336619480140573641e-05,-2.470953344880391528e-05,0.000000000000000000e+00,6.227566103028000545e-03,-6.327605702192713299e-05,-6.327605702237592492e-05,-6.327605702133290888e-05,-6.327605702315355538e-05
3.884757202674832613e-03,0.000000000000000000e+00,5.418552242323997330e-05,-2.476678248413576432e-05,0.000000000000000000e+00,6.227567054549903482e-03,-6.248136762559610292e-05,-6.248136762599182316e-05,-6.248136762476072515e-05,-6.248136762663483636e-05
3.889756890194362958e-03,0.000000000000000000e+00,5.499379235652921858e-05,-2.482378630012099113e-05,0.000000000000000000e+00,6.227568278199328324e-03,-5.831499439195759484e-05,-5.831499439229758031e-05,-5.831499439126380709e-05,-5.831499439319046146e-05
3.894756577713892869e-03,0.000000000000000000e+00,5.578716996863886064e-05,-2.488054489675959233e-05,0.000000000000000000e+00,6.227569437630945011e-03,-5.120965743384536383e-05,-5.120965743412684304e-05,-5.120965743296068196e-05,-5.120965743493984559e-05
3.899756265233422781e-03,0.000000000000000000e+00,5.656688746151653316e-05,-2.493705827405156791e-05,0.000000000000000000e+00,6.227569937677212425e-03,-4.192860232948141268e-05,-4.192860232970162091e-05,-4.192860232870552372e-05,-4.192860233073779971e-05
3.904755952752952692e-03,0.000000000000000000e+00,5.733564401441728758e-05,-2.499332643199692804e-05,0.000000000000000000e+00,6.227569470668313859e-03,-3.146911360529411025e-05,-3.146911360545089943e-05,-3.146911360478613442e-05,-3.146911360687253920e-05
3.909755640272482603e-03,0.000000000000000000e+00,5.809495191436079550e-05,-2.504934937059565578e-05,0.000000000000000000e+00,6.227568506617047958e-03,-2.092986412401078613e-05,-2.092986412410266549e-05,-2.092986412404556192e-05,-2.092986412618708144e-05
3.914755327792012948e-03,0.000000000000000000e+00,5.884455793803342852e-05,-2.510512708984776129e-05,0.000000000000000000e+00,6.227568006801476215e-03,-1.134281973715071000e-05,-1.134281973717677151e-05,-1.134281973757277805e-05,-1.134281973977027459e-05
3.919755015311543293e-03,0.000000000000000000e+00,5.958459731881184823e-05,-2.516065958975324796e-05,0.000000000000000000e+00,6.227568292464055744e-03,-3.569773370647066115e-06,-3.569773370607255567e-06,-3.569773370819528800e-06,-3.569773373073424180e-06
3.924754702831072771e-03,0.000000000000000000e+00,6.031862874717927435e-05,-2.521594687031210563e-05,0.000000000000000000e+00,6.227568449478080789e-03,1.802858006912047442e-06,1.802858007016781372e-06,1.802858007272341377e-06,1.802858004962448648e-06
3.929754390350603116e-03,0.000000000000000000e+00,6.105236316480425684e-05,-2.527098893152434107e-05,0.000000000000000000e+00,6.227567062568931631e-03,4.517117055312001254e-06,4.517117055480042426e-06,4.517117056593900916e-06,4.517117054229367786e-06
3.934754077870133461e-03,0.000000000000000000e+00,6.179278889874592433e-05,-2.532578577338995428e-05,0.000000000000000000e+00,6.227563712342881926e-03,4.640900684895735064e-06,4.640900685124613531e-06,4.640900686562177520e-06,4.640900684145555252e-06
3.939753765389662939e-03,0.000000000000000000e+00,6.254847940644075880e-05,-2.538033739590894188e-05,0.000000000000000000e+00,6.227559637851979267e-03,2.562316317131511836e-06,2.562316317418191831e-06,2.562316319313848179e-06,2.562316316849178814e-06
3.944753452909193284e-03,0.000000000000000000e+00,6.332768361350542871e-05,-2.543464379908130386e-05,0.000000000000000000e+00,6.227556964271002866e-03,-1.101153793365322906e-06,-1.101153793024246455e-06,-1.101153791281106860e-06,-1.101153793788754677e-06
3.949753140428722761e-03,0.000000000000000000e+00,6.413524936476113489e-05,-2.548870498290704362e-05,0.000000000000000000e+00,6.227556980764419742e-03,-5.609098744539692022e-06,-5.609098744147759713e-06,-5.609098742357477652e-06,-5.609098744901771502e-06
3.954752827948253106e-03,0.000000000000000000e+00,6.496866262630055519e-05,-2.554252094738615776e-05,0.000000000000000000e+00,6.227559242965919652e-03,-1.022507020695562201e-05,-1.022507020651646253e-05,-1.022507020549820526e-05,-1.022507020807175902e-05
3.959752515467783451e-03,0.000000000000000000e+00,6.581758089786314721e-05,-2.559609169251865306e-05,0.000000000000000000e+00,6.227562312217000372e-03,-1.435488821977590603e-05,-1.435488821929305659e-05,-1.435488821912558462e-05,-1.435488822172028371e-05
3.964752202987312929e-03,0.000000000000000000e+00,6.666575687103946110e-05,-2.564941721830451936e-05,0.000000000000000000e+00,6.227565299371737480e-03,-1.759955414955115548e-05,-1.759955414902761458e-05,-1.759955415031981755e-05,-1.759955415292736104e-05
3.969751890506843274e-03,0.000000000000000000e+00,6.749104833811794043e-05,-2.570249752474376004e-05,0.000000000000000000e+00,6.227568240605606785e-03,-1.978328219687607619e-05,-1.978328219631466276e-05,-1.978328219857629155e-05,-1.978328220118820912e-05
3.974751578026373619e-03,0.000000000000000000e+00,6.826863649064783004e-05,-2.575533261183638527e-05,0.000000000000000000e+00,6.227571235995209807e-03,-2.091574851756451871e-05,-2.091574851696766541e-05,-2.091574851957638459e-05,-2.091574852218443291e-05
3.979751265545903097e-03,0.000000000000000000e+00,6.897772252542441914e-05,-2.580792247958238150e-05,0.000000000000000000e+00,6.227573554919772596e-03,-2.111081989829024467e-05,-2.111081989765965913e-05,-2.111081989944190793e-05,-2.111081990203871105e-05
3.984750953065433442e-03,0.000000000000000000e+00,6.960831310301636172e-05,-2.586026712798175211e-05,0.000000000000000000e+00,6.227573929754460190e-03,-2.053394336809025031e-05,-2.053394336742677618e-05,-2.053394336753190652e-05,-2.053394337011130481e-05
3.989750640584963787e-03,0.000000000000000000e+00,7.016452468904331278e-05,-2.591236655703450388e-05,0.000000000000000000e+00,6.227571675823350729e-03,-1.933771579088409260e-05,-1.933771579018783829e-05,-1.933771578849112965e-05,-1.933771579104820015e-05
3.994750328104493264e-03,0.000000000000000000e+00,7.066295453415925626e-05,-2.596422076674063004e-05,0.000000000000000000e+00,6.227567670311144089e-03,-1.765814756516775660e-05,-1.765814756443799367e-05,-1.765814756093263591e-05,-1.765814756346406503e-05
3.999750015624023609e-03,0.000000000000000000e+00,7.113131897743891130e-05,-2.601582975710013058e-05,0.000000000000000000e+00,6.227563911073887536e-03,-1.563897066793611975e-05,-1.563897066717094745e-05,-1.563897066256336943e-05,-1.563897066506776464e-05
