time_s,sensor_id,x_m,y_m,exx,eyy,exy,exx_plus_eyy,eps_axis,eps_impact_dir
0.000000000000000000e+00,9.000000000000000000e+00,7.749999999999999944e-02,1.549999999999999989e-01,0.000000000000000000e+00,0.000000000000000000e+00,0.000000000000000000e+00,0.000000000000000000e+00,0.000000000000000000e+00,0.000000000000000000e+00
0.000000000000000000e+00,1.000000000000000000e+01,1.925000000000000044e-01,1.549999999999999989e-01,0.000000000000000000e+00,0.000000000000000000e+00,0.000000000000000000e+00,0.000000000000000000e+00,0.000000000000000000e+00,0.000000000000000000e+00
0.000000000000000000e+00,1.300000000000000000e+01,7.749999999999999944e-02,6.500000000000000222e-02,0.000000000000000000e+00,0.000000000000000000e+00,0.000000000000000000e+00,0.000000000000000000e+00,0.000000000000000000e+00,0.000000000000000000e+00
0.000000000000000000e+00,1.400000000000000000e+01,1.925000000000000044e-01,6.500000000000000222e-02,0.000000000000000000e+00,0.000000000000000000e+00,0.000000000000000000e+00,0.000000000000000000e+00,0.000000000000000000e+00,0.000000000000000000e+00
4.981684981684981708e-06,9.000000000000000000e+00,7.749999999999999944e-02,1.549999999999999989e-01,-4.601971347831489503e-86,-4.588604016836603823e-87,-3.022054695743686827e-86,-5.060831749515150243e-86,-4.601971347831489503e-86,-5.814245864581818585e-86
4.981684981684981708e-06,1.000000000000000000e+01,1.925000000000000044e-01,1.549999999999999989e-01,-1.649372332682919438e-21,-1.782039475130493644e-21,-3.337299549714016978e-21,-3.431411807813413082e-21,-1.649372332682919438e-21,-4.939252967285755929e-21
4.981684981684981708e-06,1.300000000000000000e+01,7.749999999999999944e-02,6.500000000000000222e-02,-4.552805031934586393e-111,-3.311488442260784062e-111,-7.774524302618366018e-111,-7.864293474195370825e-111,-4.552805031934586393e-111,-1.162797448974665476e-110
4.981684981684981708e-06,1.400000000000000000e+01,1.925000000000000044e-01,6.500000000000000222e-02,6.027764768413411678e-57,2.204284839028029889e-56,2.336260337957547390e-56,2.807061315869370944e-56,6.027764768413411678e-57,3.642912634641901463e-56
9.963369963369963416e-06,9.000000000000000000e+00,7.749999999999999944e-02,1.549999999999999989e-01,4.588113207749959286e-43,4.885609682936310768e-44,3.144716553384675006e-43,5.076674176043590562e-43,4.588113207749959286e-43,5.863082921225609802e-43
9.963369963369963416e-06,1.000000000000000000e+01,1.925000000000000044e-01,1.549999999999999989e-01,-8.159322155860496124e-13,-5.969676866376261520e-13,-1.399063359173718562e-12,-1.412899902223675663e-12,-8.159322155860496124e-13,-2.090820790048592966e-12
9.963369963369963416e-06,1.300000000000000000e+01,7.749999999999999944e-02,6.500000000000000222e-02,-5.113559927760094729e-68,-4.261781923825003899e-68,-9.317970278926202534e-68,-9.375341851585098627e-68,-5.113559927760094729e-68,-1.383490027673539008e-67
9.963369963369963416e-06,1.400000000000000000e+01,1.925000000000000044e-01,6.500000000000000222e-02,1.665626673299787603e-33,8.807314090233390595e-33,8.112162009322812629e-33,1.047294076353317786e-32,1.665626673299787603e-33,1.355989980506647738e-32
1.494505494505494512e-05,9.000000000000000000e+00,7.749999999999999944e-02,1.549999999999999989e-01,4.546834408551906295e-30,6.676248407678838556e-32,1.889535649795320977e-30,4.613596892628694954e-30,4.546834408551906295e-30,5.184408302467665670e-30
1.494505494505494512e-05,1.000000000000000000e+01,1.925000000000000044e-01,1.549999999999999989e-01,-8.167323552775631195e-10,-7.842377463193211867e-10,-1.681888732012323633e-09,-1.600970101596884306e-09,-8.167323552775631195e-10,-2.436985129959548280e-09
1.494505494505494512e-05,1.300000000000000000e+01,7.749999999999999944e-02,6.500000000000000222e-02,5.396382316304018837e-48,9.261918720906382300e-49,5.940281873710074186e-48,6.322574188394657219e-48,5.396382316304018837e-48,9.464625795210003182e-48
1.494505494505494512e-05,1.400000000000000000e+01,1.925000000000000044e-01,6.500000000000000222e-02,-1.201352299862472153e-22,-4.288523868125461836e-22,-4.866009587857382087e-22,-5.489876167987933519e-22,-1.201352299862472153e-22,-7.323082375128831006e-22
1.992673992673992683e-05,9.000000000000000000e+00,7.749999999999999944e-02,1.549999999999999989e-01,-1.668882024139385967e-20,-1.010518860293874721e-21,-1.279290080692975406e-20,-1.769933910168773401e-20,-1.668882024139385967e-20,-2.193912426439034571e-20
1.992673992673992683e-05,1.000000000000000000e+01,1.925000000000000044e-01,1.549999999999999989e-01,-1.085066347632413181e-09,-9.113556229023487508e-10,-2.088098631758670100e-09,-1.996421970534761829e-09,-1.085066347632413181e-09,-3.045984744213466013e-09
1.992673992673992683e-05,1.300000000000000000e+01,7.749999999999999944e-02,6.500000000000000222e-02,8.047057726406061273e-35,-1.962768397943981126e-35,5.105770790258113680e-35,6.084289328462080415e-35,8.047057726406061273e-35,9.201095885895278608e-35
1.992673992673992683e-05,1.400000000000000000e+01,1.925000000000000044e-01,6.500000000000000222e-02,-8.853835886007597902e-16,-2.025658319980037649e-15,-2.863123621990890084e-15,-2.911041908580797538e-15,-8.853835886007597902e-16,-3.915003383586926177e-15
2.490842490842490854e-05,9.000000000000000000e+00,7.749999999999999944e-02,1.549999999999999989e-01,-8.259207557855512238e-14,-2.106253669977285370e-14,-1.117409928085286183e-13,-1.036546122783279698e-13,-8.259207557855512238e-14,-1.332565899423033194e-13
2.490842490842490854e-05,1.000000000000000000e+01,1.925000000000000044e-01,1.549999999999999989e-01,1.127935624431440998e-11,1.468269075983978387e-10,-2.324926701641007983e-09,1.581062638427122519e-10,1.127935624431440998e-11,-2.194021818808477429e-09
2.490842490842490854e-05,1.300000000000000000e+01,7.749999999999999944e-02,6.500000000000000222e-02,-9.484620609371779901e-26,-2.198814233510955974e-25,-3.313371876163647911e-25,-3.147276294448134194e-25,-9.484620609371779901e-26,-4.639653171578918593e-25
2.490842490842490854e-05,1.400000000000000000e+01,1.925000000000000044e-01,6.500000000000000222e-02,-2.906151005597048491e-11,-4.777041660470755755e-11,-7.884273102470945101e-11,-7.683192666067804246e-11,-2.906151005597048491e-11,-1.017467104511796276e-10
2.989010989010989025e-05,9.000000000000000000e+00,7.749999999999999944e-02,1.549999999999999989e-01,-2.457934626297779727e-10,-1.127336403373974745e-10,-3.895178263865215847e-10,-3.585271029671754472e-10,-2.457934626297779727e-10,-4.275930493203165053e-10
2.989010989010989025e-05,1.000000000000000000e+01,1.925000000000000044e-01,1.549999999999999989e-01,4.249085099613029550e-10,7.059920706058514590e-11,-1.170359982765180408e-08,4.955077170218880492e-10,4.249085099613029550e-10,-1.107025781059617238e-08
2.989010989010989025e-05,1.300000000000000000e+01,7.749999999999999944e-02,6.500000000000000222e-02,-9.191882984501801577e-19,-9.855456526732601458e-19,-1.933421732167843752e-18,-1.904733951123440111e-18,-9.191882984501801577e-19,-2.821149584503230893e-18
2.989010989010989025e-05,1.400000000000000000e+01,1.925000000000000044e-01,6.500000000000000222e-02,-6.809631140085115539e-10,-6.362234678060909377e-10,-1.425334029292151400e-09,-1.317186581814602388e-09,-6.809631140085115539e-10,-1.670823468271339940e-09
3.487179487179486857e-05,9.000000000000000000e+00,7.749999999999999944e-02,1.549999999999999989e-01,-7.978894160865166258e-10,-3.695116490170689374e-10,-2.985404921519381113e-09,-1.167401065103585563e-09,-7.978894160865166258e-10,-2.228951643918108172e-09
3.487179487179486857e-05,1.000000000000000000e+01,1.925000000000000044e-01,1.549999999999999989e-01,3.175540092511145561e-09,1.573856084228209484e-09,-2.115880524202171002e-08,4.749396176739355045e-09,3.175540092511145561e-09,-1.797151308342982436e-08
3.487179487179486857e-05,1.300000000000000000e+01,7.749999999999999944e-02,6.500000000000000222e-02,-1.808097841656465679e-14,-1.417575693658970972e-14,-3.197366340985786930e-14,-3.225673535315436651e-14,-1.808097841656465679e-14,-4.763420414206340619e-14
3.487179487179486857e-05,1.400000000000000000e+01,1.925000000000000044e-01,6.500000000000000222e-02,-8.176493812149038366e-10,-9.108575868724521410e-10,-2.541456510431651789e-09,-1.728506968087355978e-09,-8.176493812149038366e-10,-2.729049410129165347e-09
3.985347985347985366e-05,9.000000000000000000e+00,7.749999999999999944e-02,1.549999999999999989e-01,-3.187335966876436465e-09,3.536237966985872073e-13,-1.460464813188562827e-08,-3.186982343079737941e-09,-3.187335966876436465e-09,-1.011853253171927061e-08
3.985347985347985366e-05,1.000000000000000000e+01,1.925000000000000044e-01,1.549999999999999989e-01,1.039509016212038426e-08,5.058447089185253674e-09,-2.114280282276717969e-08,1.545353725130563793e-08,1.039509016212038426e-08,-1.215510103703812474e-08
3.985347985347985366e-05,1.300000000000000000e+01,7.749999999999999944e-02,6.500000000000000222e-02,-7.790620934979129838e-12,-6.406837425653712113e-12,-1.428542268549426581e-11,-1.419745836063284276e-11,-7.790620934979129838e-12,-2.113175121231537373e-11
3.985347985347985366e-05,1.400000000000000000e+01,1.925000000000000044e-01,6.500000000000000222e-02,1.112241745150018066e-10,-1.366441174203376319e-09,-7.109765834599402739e-09,-1.255216999688374603e-09,1.112241745150018066e-10,-6.265998028680266612e-09
4.483516483516483198e-05,9.000000000000000000e+00,7.749999999999999944e-02,1.549999999999999989e-01,-4.693625999069386677e-09,5.831226958079386951e-10,-2.447519015086058484e-08,-4.110503303261448292e-09,-4.693625999069386677e-09,-1.631343047450644752e-08
4.483516483516483198e-05,1.000000000000000000e+01,1.925000000000000044e-01,1.549999999999999989e-01,-1.333072854172394950e-08,-2.391070035260148412e-08,-8.964224183058710477e-08,-3.724142889432543031e-08,-1.333072854172394950e-08,-1.043643593769530734e-07
4.483516483516483198e-05,1.300000000000000000e+01,7.749999999999999944e-02,6.500000000000000222e-02,-5.986596135974754839e-10,-5.348296085324585735e-10,-1.173153108901520510e-09,-1.133489222129934057e-09,-5.986596135974754839e-10,-1.713184645871090238e-09
4.483516483516483198e-05,1.400000000000000000e+01,1.925000000000000044e-01,6.500000000000000222e-02,-1.489708872416655127e-11,-2.124793653782557133e-09,-1.588503382995819594e-08,-2.139690742506723768e-09,-1.489708872416655127e-11,-1.325463073671441477e-08
4.981684981684981708e-05,9.000000000000000000e+00,7.749999999999999944e-02,1.549999999999999989e-01,-3.973352981514895858e-09,-1.749761822221053156e-10,-1.551466025649873987e-08,-4.148329163737000864e-09,-3.973352981514895858e-09,-1.131017539924784105e-08
4.981684981684981708e-05,1.000000000000000000e+01,1.925000000000000044e-01,1.549999999999999989e-01,-1.351125633503876756e-07,-1.588358180990620205e-07,-3.831553571402349767e-07,-2.939483814494496696e-07,-1.351125633503876756e-07,-5.160492224953876978e-07
4.981684981684981708e-05,1.300000000000000000e+01,7.749999999999999944e-02,6.500000000000000222e-02,-6.441093922117128684e-10,-6.349059408155877185e-10,-1.335608442585782499e-09,-1.279015333027300587e-09,-6.441093922117128684e-10,-1.937077589408293628e-09
4.981684981684981708e-05,1.400000000000000000e+01,1.925000000000000044e-01,6.500000000000000222e-02,3.603658862478979471e-10,-2.370942168263223909e-09,-8.459584388800048143e-09,-2.010576282015326169e-09,3.603658862478979471e-10,-8.051274725866394669e-09
5.479853479853479540e-05,9.000000000000000000e+00,7.749999999999999944e-02,1.549999999999999989e-01,-6.584291232803255659e-09,1.307743618530129024e-10,-4.492637116784719284e-10,-6.453516870950242524e-09,-6.584291232803255659e-09,-6.375891981503489399e-09
5.479853479853479540e-05,1.000000000000000000e+01,1.925000000000000044e-01,1.549999999999999989e-01,-1.966520161876538081e-07,-2.961538820787022399e-07,-6.389410322345514838e-07,-4.928058982663560480e-07,-1.966520161876538081e-07,-8.546611360456940355e-07
5.479853479853479540e-05,1.300000000000000000e+01,7.749999999999999944e-02,6.500000000000000222e-02,1.923370195156640543e-10,7.969286032995439257e-11,5.326968299809462809e-10,2.720298798456184469e-10,1.923370195156640543e-10,6.666351058557034508e-10
5.479853479853479540e-05,1.400000000000000000e+01,1.925000000000000044e-01,6.500000000000000222e-02,8.504982875018462481e-10,-3.243923084711528716e-09,4.461863564039916894e-09,-2.393424797209682468e-09,8.504982875018462481e-10,6.020037654992174689e-10
5.978021978021978049e-05,9.000000000000000000e+00,7.749999999999999944e-02,1.549999999999999989e-01,-5.653301113329479815e-09,1.067230598807868779e-09,5.800855639999873214e-09,-4.586070514521611242e-09,-5.653301113329479815e-09,-2.391397930538487460e-09
5.978021978021978049e-05,1.000000000000000000e+01,1.925000000000000044e-01,1.549999999999999989e-01,2.734165671338454035e-07,-6.082700117878766097e-08,1.366608732001125871e-08,2.125895659550577425e-07,2.734165671338454035e-07,1.597244266504645439e-07
5.978021978021978049e-05,1.300000000000000000e+01,7.749999999999999944e-02,6.500000000000000222e-02,-6.756686089246533294e-10,-6.216987127347901884e-10,1.879104937961362857e-09,-1.297367321659443518e-09,-6.756686089246533294e-10,1.168862616160369171e-09
5.978021978021978049e-05,1.400000000000000000e+01,1.925000000000000044e-01,6.500000000000000222e-02,4.350148520851662202e-10,-6.907650984223484788e-10,3.814677360835159731e-09,-2.557502463371822586e-10,4.350148520851662202e-10,2.232659040368074161e-09
6.476190476190475881e-05,9.000000000000000000e+00,7.749999999999999944e-02,1.549999999999999989e-01,-1.581236840606171598e-09,3.344901529486132956e-10,1.431214888892004319e-09,-1.246746687657558302e-09,-1.581236840606171598e-09,-7.600306793634004981e-10
6.476190476190475881e-05,1.000000000000000000e+01,1.925000000000000044e-01,1.549999999999999989e-01,1.586098067465140967e-06,7.977388184587382167e-07,2.196857878978189194e-06,2.383836885923878972e-06,1.586098067465140967e-06,3.419122601012463394e-06
6.476190476190475881e-05,1.300000000000000000e+01,7.749999999999999944e-02,6.500000000000000222e-02,-8.049212035389794624e-10,-9.773640210123678882e-10,2.439940866580027653e-09,-1.782285224551347351e-09,-8.049212035389794624e-10,1.498009118462058334e-09
6.476190476190475881e-05,1.400000000000000000e+01,1.925000000000000044e-01,6.500000000000000222e-02,-5.801128679536073316e-11,1.505852896447920414e-09,3.391132351127404966e-09,1.447841609652559713e-09,-5.801128679536073316e-11,3.710871360095169908e-09
6.974358974358973713e-05,9.000000000000000000e+00,7.749999999999999944e-02,1.549999999999999989e-01,-4.155938351170863107e-10,1.613435858878760146e-11,-4.115315195876055107e-10,-3.994594765282987157e-10,-4.155938351170863107e-10,-5.891168164140202860e-10
6.974358974358973713e-05,1.000000000000000000e+01,1.925000000000000044e-01,1.549999999999999989e-01,3.294743956408550438e-06,1.907203040053342053e-06,5.162356490213631282e-06,5.201946996461892915e-06,3.294743956408550438e-06,7.778762616429416780e-06
6.974358974358973713e-05,1.300000000000000000e+01,7.749999999999999944e-02,6.500000000000000222e-02,2.620415207801258287e-10,-8.320795886178404625e-11,-5.383336045790290429e-10,1.788335619183417824e-10,2.620415207801258287e-10,-3.916525659671367161e-10
6.974358974358973713e-05,1.400000000000000000e+01,1.925000000000000044e-01,6.500000000000000222e-02,-7.722696991660715006e-11,2.010928127220524194e-09,3.172556271069324277e-09,1.933701157303917134e-09,-7.722696991660715006e-11,3.977835451153950646e-09
7.472527472527471545e-05,9.000000000000000000e+00,7.749999999999999944e-02,1.549999999999999989e-01,7.821292410143266254e-11,-1.934683225943835596e-10,-5.040614591167638230e-09,-1.152553984929508970e-10,7.821292410143266254e-11,-2.401415663585855943e-09
7.472527472527471545e-05,1.000000000000000000e+01,1.925000000000000044e-01,1.549999999999999989e-01,4.329342212141387181e-06,2.375376971257072120e-06,6.959103133436406867e-06,6.704719183398459724e-06,4.329342212141387181e-06,1.034229960538737465e-05
7.472527472527471545e-05,1.300000000000000000e+01,7.749999999999999944e-02,6.500000000000000222e-02,7.035080842360192774e-11,2.019179167109253386e-10,-2.827059121222048683e-09,2.722687251345272664e-10,7.035080842360192774e-11,-2.623878041853963833e-09
7.472527472527471545e-05,1.400000000000000000e+01,1.925000000000000044e-01,6.500000000000000222e-02,-4.521071605015503843e-10,2.061158504651962313e-09,-1.992206243655787883e-09,1.609051344150411929e-09,-4.521071605015503843e-10,2.387614520809373960e-10
7.970695970695970732e-05,9.000000000000000000e+00,7.749999999999999944e-02,1.549999999999999989e-01,1.178043132374821355e-09,-2.171847619235971161e-10,-5.260000599954030076e-09,9.608583704512242391e-10,1.178043132374821355e-09,-1.480343362814658590e-09
7.970695970695970732e-05,1.000000000000000000e+01,1.925000000000000044e-01,1.549999999999999989e-01,3.894137399285474187e-06,1.532387490637040006e-06,6.101617053442245301e-06,5.426524889922514193e-06,3.894137399285474187e-06,8.919848946586864254e-06
7.970695970695970732e-05,1.300000000000000000e+01,7.749999999999999944e-02,6.500000000000000222e-02,1.818351898999203656e-10,5.423698882189674230e-11,-3.213488277952530313e-09,2.360721787218171338e-10,1.818351898999203656e-10,-2.985937507982817094e-09
7.970695970695970732e-05,1.400000000000000000e+01,1.925000000000000044e-01,6.500000000000000222e-02,-1.117311916370619552e-09,2.175385293474730754e-09,-2.693157052819640874e-09,1.058073377104111202e-09,-1.117311916370619552e-09,-2.721151254547824369e-10
8.468864468864468564e-05,9.000000000000000000e+00,7.749999999999999944e-02,1.549999999999999989e-01,5.061187511532570922e-10,-7.060517723729569935e-10,-5.820725616970335562e-09,-1.999330212196999013e-10,5.061187511532570922e-10,-2.414515601290560466e-09
8.468864468864468564e-05,1.000000000000000000e+01,1.925000000000000044e-01,1.549999999999999989e-01,1.812676404238971269e-06,-7.705248817992374368e-07,2.222597055096427628e-06,1.042151522439733833e-06,1.812676404238971269e-06,2.988940349073041369e-06
8.468864468864468564e-05,1.300000000000000000e+01,7.749999999999999944e-02,6.500000000000000222e-02,8.178292082858562132e-10,7.961806487756325228e-10,-2.655486987339931835e-09,1.614009857061488736e-09,8.178292082858562132e-10,-1.768052806718570598e-09
8.468864468864468564e-05,1.400000000000000000e+01,1.925000000000000044e-01,6.500000000000000222e-02,-5.047098207335836083e-10,-5.197681893690181058e-10,-6.573960901301431992e-09,-1.024478010102601611e-09,-5.047098207335836083e-10,-5.257577478723039410e-09
8.967032967032966396e-05,9.000000000000000000e+00,7.749999999999999944e-02,1.549999999999999989e-01,-1.196433507673947588e-10,-5.585958027693948174e-10,-7.869460264028820558e-09,-6.782391535367895504e-10,-1.196433507673947588e-10,-3.991808520933815066e-09
8.967032967032966396e-05,1.000000000000000000e+01,1.925000000000000044e-01,1.549999999999999989e-01,-1.476778537230901135e-06,-4.186697777186437839e-06,-3.955415855639702030e-06,-5.663476314417339397e-06,-1.476778537230901135e-06,-6.345592326463336525e-06
8.967032967032966396e-05,1.300000000000000000e+01,7.749999999999999944e-02,6.500000000000000222e-02,-3.727546568887019944e-10,8.022856130295164378e-10,-3.346121655542338540e-09,4.295309561408144435e-10,-3.727546568887019944e-10,-3.174484649075751620e-09
8.967032967032966396e-05,1.400000000000000000e+01,1.925000000000000044e-01,6.500000000000000222e-02,-3.870106827412142014e-09,-1.283913945693899214e-08,-3.045929817227559990e-08,-1.670924628435113416e-08,-3.870106827412142014e-09,-3.342441620553488291e-08
9.465201465201464228e-05,9.000000000000000000e+00,7.749999999999999944e-02,1.549999999999999989e-01,1.131761666837628158e-09,-1.615909545411493141e-10,-4.660568301353153374e-09,9.701707122964788179e-10,1.131761666837628158e-09,-1.227313635008578623e-09
9.465201465201464228e-05,1.000000000000000000e+01,1.925000000000000044e-01,1.549999999999999989e-01,-5.222465636896341955e-06,-8.091987444066950721e-06,-1.106624927298262348e-05,-1.331445308096329268e-05,-5.222465636896341955e-06,-1.705432901738038729e-05
9.465201465201464228e-05,1.300000000000000000e+01,7.749999999999999944e-02,6.500000000000000222e-02,-1.079993764063119140e-09,1.305284285569616035e-10,2.096861990310816122e-09,-9.494653355061576400e-10,-1.079993764063119140e-09,1.415212470856297120e-09
9.465201465201464228e-05,1.400000000000000000e+01,1.925000000000000044e-01,6.500000000000000222e-02,-1.094247369696181369e-08,-2.358761840690472801e-08,-4.094890475658900661e-08,-3.453009210386654335e-08,-1.094247369696181369e-08,-5.117188484052076536e-08
9.963369963369963416e-05,9.000000000000000000e+00,7.749999999999999944e-02,1.549999999999999989e-01,-1.745918545455223688e-09,-8.454795100258546408e-11,-3.353281821352882911e-09,-1.830466496457809243e-09,-1.745918545455223688e-09,-3.278124636239472986e-09
9.963369963369963416e-05,1.000000000000000000e+01,1.925000000000000044e-01,1.549999999999999989e-01,-8.741061317710767595e-06,-1.190938597319917270e-05,-1.783424995573739842e-05,-2.065044729090993861e-05,-8.741061317710767595e-06,-2.725606266792039110e-05
9.963369963369963416e-05,1.300000000000000000e+01,7.749999999999999944e-02,6.500000000000000222e-02,-4.868552817733236285e-10,-3.520022125448318001e-10,6.033026325189260441e-09,-8.388574943181554803e-10,-4.868552817733236285e-10,5.420575189137273563e-09
9.963369963369963416e-05,1.400000000000000000e+01,1.925000000000000044e-01,6.500000000000000222e-02,2.295344455389861048e-08,4.198825874827698024e-08,7.226472438186179899e-08,6.494170330217559734e-08,2.295344455389861048e-08,9.117146880799205379e-08
1.046153846153846125e-04,9.000000000000000000e+00,7.749999999999999944e-02,1.549999999999999989e-01,-5.760795966500819460e-09,-4.510463984257941388e-11,-1.115739041958632065e-08,-5.805900606343398893e-09,-5.760795966500819460e-09,-1.084694617543201997e-08
1.046153846153846125e-04,1.000000000000000000e+01,1.925000000000000044e-01,1.549999999999999989e-01,-1.152079573885440159e-05,-1.519466605832806675e-05,-2.328060967996665220e-05,-2.671546179718246834e-05,-1.152079573885440159e-05,-3.551455751906760019e-05
1.046153846153846125e-04,1.300000000000000000e+01,7.749999999999999944e-02,6.500000000000000222e-02,-9.274859411410397456e-11,-8.151858833738825734e-10,1.926279852252829753e-09,-9.079344774879865738e-10,-9.274859411410397456e-11,1.502667626220215698e-09
1.046153846153846125e-04,1.400000000000000000e+01,1.925000000000000044e-01,6.500000000000000222e-02,9.500306512918238905e-08,1.650043332033773785e-07,2.734392647924368256e-07,2.600073983325597411e-07,9.500306512918238905e-08,3.514172397151810420e-07
1.095970695970695908e-04,9.000000000000000000e+00,7.749999999999999944e-02,1.549999999999999989e-01,1.092788631533155324e-08,4.473481617056465303e-09,3.464854013575306176e-09,1.540136793238801854e-08,1.092788631533155324e-08,1.220919806508178536e-08
1.095970695970695908e-04,1.000000000000000000e+01,1.925000000000000044e-01,1.549999999999999989e-01,-1.323731722451575846e-05,-1.766296721066603172e-05,-2.674518424779287059e-05,-3.090028443518179357e-05,-1.323731722451575846e-05,-4.087966558639757398e-05
1.095970695970695908e-04,1.300000000000000000e+01,7.749999999999999944e-02,6.500000000000000222e-02,4.990144900225547965e-10,-8.967839419768976130e-10,2.643957262601872870e-09,-3.977694519543428165e-10,4.990144900225547965e-10,2.535307481190817429e-09
1.095970695970695908e-04,1.400000000000000000e+01,1.925000000000000044e-01,6.500000000000000222e-02,6.228280845529147958e-08,7.884062073032685089e-08,1.682514991604707881e-07,1.411234291856183305e-07,6.228280845529147958e-08,1.976149723184590738e-07
1.145787545787545691e-04,9.000000000000000000e+00,7.749999999999999944e-02,1.549999999999999989e-01,2.891363881229227849e-08,1.236116013484290912e-08,3.817633003917416522e-08,4.127479894713518761e-08,2.891363881229227849e-08,4.650793590684784418e-08
1.145787545787545691e-04,1.000000000000000000e+01,1.925000000000000044e-01,1.549999999999999989e-01,-1.377553717563500402e-05,-1.919834574034525652e-05,-2.795110105829813374e-05,-3.297388291598026054e-05,-1.377553717563500402e-05,-4.296721554754236345e-05
1.145787545787545691e-04,1.300000000000000000e+01,7.749999999999999944e-02,6.500000000000000222e-02,4.383314090134080864e-10,-1.350678818096914301e-09,4.766987439516980358e-09,-9.123474090835062146e-10,4.383314090134080864e-10,4.386076176113425881e-09
1.145787545787545691e-04,1.400000000000000000e+01,1.925000000000000044e-01,6.500000000000000222e-02,-1.688136833807907093e-07,-3.774470115366906551e-07,-5.129804853362069023e-07,-5.462606949174814174e-07,-1.688136833807907093e-07,-7.152921479606867172e-07
1.195604395604395610e-04,9.000000000000000000e+00,7.749999999999999944e-02,1.549999999999999989e-01,-6.870129349009755633e-08,-1.907828037246591412e-08,-5.916134478251688285e-08,-8.777957386256347707e-08,-6.870129349009755633e-08,-9.443952833565493619e-08
1.195604395604395610e-04,1.000000000000000000e+01,1.925000000000000044e-01,1.549999999999999989e-01,-1.318660349094096026e-05,-1.981646015844906259e-05,-2.695013145718280726e-05,-3.300306364939002116e-05,-1.318660349094096026e-05,-4.186512917302769531e-05
1.195604395604395610e-04,1.300000000000000000e+01,7.749999999999999944e-02,6.500000000000000222e-02,9.799457414328956969e-11,-2.516189469900462245e-10,1.740340140083579170e-09,-1.536243728467566677e-10,9.799457414328956969e-11,1.654532505142120347e-09
1.195604395604395610e-04,1.400000000000000000e+01,1.925000000000000044e-01,6.500000000000000222e-02,-4.480009687674356786e-07,-8.895309323421270807e-07,-1.343025637704139579e-06,-1.337531901109562759e-06,-4.480009687674356786e-07,-1.790113322277125530e-06
1.245421245421245258e-04,9.000000000000000000e+00,7.749999999999999944e-02,1.549999999999999989e-01,-2.121751753073478424e-07,-7.431077731308231102e-08,-2.401287879272943092e-07,-2.864859526204301402e-07,-2.121751753073478424e-07,-3.206927454668871015e-07
1.245421245421245258e-04,1.000000000000000000e+01,1.925000000000000044e-01,1.549999999999999989e-01,-1.154643553485276529e-05,-1.957173769638222754e-05,-2.383305025982873260e-05,-3.111817323123498944e-05,-1.154643553485276529e-05,-3.772927670187941739e-05
1.245421245421245258e-04,1.300000000000000000e+01,7.749999999999999944e-02,6.500000000000000222e-02,1.350065491394337043e-09,1.305111578599264201e-09,-2.938702036433036503e-09,2.655177069993601244e-09,1.350065491394337043e-09,-1.519583223625777586e-09
1.245421245421245258e-04,1.400000000000000000e+01,1.925000000000000044e-01,6.500000000000000222e-02,-4.462763128063839012e-07,-8.204959424418170624e-07,-1.354857426930122092e-06,-1.266772255248200911e-06,-4.462763128063839012e-07,-1.739945482185584160e-06
1.295238095238095176e-04,9.000000000000000000e+00,7.749999999999999944e-02,1.549999999999999989e-01,-8.150133802082629511e-08,-2.891561724873243197e-08,-1.121127684458014058e-07,-1.104169552695587304e-07,-8.150133802082629511e-08,-1.329173347345357145e-07
1.295238095238095176e-04,1.000000000000000000e+01,1.925000000000000044e-01,1.549999999999999989e-01,-9.003107084849608886e-06,-1.857248170988542820e-05,-1.883031498897112888e-05,-2.757558879473503708e-05,-9.003107084849608886e-06,-3.091632887779182119e-05
1.295238095238095176e-04,1.300000000000000000e+01,7.749999999999999944e-02,6.500000000000000222e-02,-3.324465481243210817e-10,2.803346783688466873e-10,-1.269101295078722542e-08,-5.211186975547439441e-11,-3.324465481243210817e-10,-1.241875089263549874e-08
1.295238095238095176e-04,1.400000000000000000e+01,1.925000000000000044e-01,6.500000000000000222e-02,2.171557894745538860e-08,1.667466293269572406e-07,-3.277073329994032929e-08,1.884622082744126259e-07,2.171557894745538860e-08,1.208470858820202130e-07
1.345054945054945095e-04,9.000000000000000000e+00,7.749999999999999944e-02,1.549999999999999989e-01,3.964120648618042061e-07,1.439292561568984739e-07,4.347147612045123648e-07,5.403413210187027065e-07,3.964120648618042061e-07,5.926809019928994554e-07
1.345054945054945095e-04,1.000000000000000000e+01,1.925000000000000044e-01,1.549999999999999989e-01,-5.760444813385465821e-06,-1.696505502049072461e-05,-1.230134948160910615e-05,-2.272549983387618959e-05,-5.760444813385465821e-06,-2.195717526810345670e-05
1.345054945054945095e-04,1.300000000000000000e+01,7.749999999999999944e-02,6.500000000000000222e-02,-1.230016291937293467e-09,-8.423040181336709473e-10,-1.890792483207616047e-08,-2.072320310070964311e-09,-1.230016291937293467e-09,-1.943651451496975194e-08
1.345054945054945095e-04,1.400000000000000000e+01,1.925000000000000044e-01,6.500000000000000222e-02,7.753355866249934598e-07,1.694074234548042951e-06,2.123443556614081413e-06,2.469409821173036517e-06,7.753355866249934598e-07,3.084094858605541760e-06
1.394871794871794743e-04,9.000000000000000000e+00,7.749999999999999944e-02,1.549999999999999989e-01,8.588206556303122658e-07,3.137328979808458536e-07,9.836419872203113045e-07,1.172553553611158172e-06,8.588206556303122658e-07,1.304594158634604661e-06
1.394871794871794743e-04,1.000000000000000000e+01,1.925000000000000044e-01,1.549999999999999989e-01,-1.961186884737828616e-06,-1.486441829372731639e-05,-4.487920066160480129e-06,-1.682560517846514331e-05,-1.961186884737828616e-06,-1.121868370923193703e-05
1.394871794871794743e-04,1.300000000000000000e+01,7.749999999999999944e-02,6.500000000000000222e-02,-1.286539871863661934e-10,-1.170282663845735006e-09,-6.054854400615155393e-09,-1.298936651032101200e-09,-1.286539871863661934e-10,-6.401698694040978386e-09
1.394871794871794743e-04,1.400000000000000000e+01,1.925000000000000044e-01,6.500000000000000222e-02,1.420220209741703035e-06,2.973913953565806705e-06,4.024075925482113320e-06,4.394134163307509740e-06,1.420220209741703035e-06,5.636874942945955520e-06
1.444688644688644661e-04,9.000000000000000000e+00,7.749999999999999944e-02,1.549999999999999989e-01,6.694630140345827556e-07,2.569841073955266251e-07,7.813811033247289306e-07,9.264471214301094337e-07,6.694630140345827556e-07,1.024882383731253990e-06
1.444688644688644661e-04,1.000000000000000000e+01,1.925000000000000044e-01,1.549999999999999989e-01,2.202452368122013077e-06,-1.242433915477403664e-05,4.249648505163338468e-06,-1.022188678665202357e-05,2.202452368122013077e-06,7.717706668991789048e-07
1.444688644688644661e-04,1.300000000000000000e+01,7.749999999999999944e-02,6.500000000000000222e-02,-4.775190321146089042e-09,-4.066658114321657382e-09,6.349840364437383116e-09,-8.841848435467746424e-09,-4.775190321146089042e-09,1.657672816914015238e-09
1.444688644688644661e-04,1.400000000000000000e+01,1.925000000000000044e-01,6.500000000000000222e-02,1.593604362468536086e-06,3.307193198005398952e-06,4.648548497854170575e-06,4.900797560473934615e-06,1.593604362468536086e-06,6.395874177590523275e-06
1.494505494505494309e-04,9.000000000000000000e+00,7.749999999999999944e-02,1.549999999999999989e-01,-3.809291476950582824e-07,-1.243050483617905514e-07,-4.700460609986740315e-07,-5.052341960568488339e-07,-3.809291476950582824e-07,-5.941932985970697142e-07
1.494505494505494309e-04,1.000000000000000000e+01,1.925000000000000044e-01,1.549999999999999989e-01,6.570263056538636126e-06,-9.774303169135520734e-06,1.358354024926648106e-05,-3.204040112596884608e-06,6.570263056538636126e-06,1.354743992555882064e-05
1.494505494505494309e-04,1.300000000000000000e+01,7.749999999999999944e-02,6.500000000000000222e-02,-9.903492661966264928e-10,7.710335569102321664e-10,1.807285375613046181e-08,-2.193157092863943264e-10,-9.903492661966264928e-10,1.722185582731174754e-08
1.494505494505494309e-04,1.400000000000000000e+01,1.925000000000000044e-01,6.500000000000000222e-02,1.138980930044953399e-06,2.403841769128781164e-06,3.569261663192738348e-06,3.542822699173734563e-06,1.138980930044953399e-06,4.783213202364023880e-06
1.544322344322344228e-04,9.000000000000000000e+00,7.749999999999999944e-02,1.549999999999999989e-01,-1.720669284531980801e-06,-6.380073614424043449e-07,-2.110251833153879647e-06,-2.358676645974385040e-06,-1.720669284531980801e-06,-2.682534199079318930e-06
1.544322344322344228e-04,1.000000000000000000e+01,1.925000000000000044e-01,1.549999999999999989e-01,1.107217687870171326e-05,-6.962590220959167976e-06,2.341086575692105309e-05,4.109586657742545284e-06,1.107217687870171326e-05,2.694665789445846061e-05
1.544322344322344228e-04,1.300000000000000000e+01,7.749999999999999944e-02,6.500000000000000222e-02,2.662239125977334233e-08,2.355524527662681926e-08,5.887195105546979910e-08,5.017763653640016159e-08,2.662239125977334233e-08,8.260389205155473481e-08
1.544322344322344228e-04,1.400000000000000000e+01,1.925000000000000044e-01,6.500000000000000222e-02,1.420351141995472288e-07,4.678852026179486006e-07,9.116989192525218966e-07,6.099203168174958294e-07,1.420351141995472288e-07,1.075224946783385155e-06
1.594139194139194146e-04,9.000000000000000000e+00,7.749999999999999944e-02,1.549999999999999989e-01,-2.511496801667230033e-06,-9.798417257670812710e-07,-3.127693823344357296e-06,-3.491338527434311516e-06,-2.511496801667230033e-06,-3.941769213190482591e-06
1.594139194139194146e-04,1.000000000000000000e+01,1.925000000000000044e-01,1.549999999999999989e-01,1.557582341136802261e-05,-4.097247909508748704e-06,3.346072660606536282e-05,1.147857550185927305e-05,1.557582341136802261e-05,4.058333398798940608e-05
1.594139194139194146e-04,1.300000000000000000e+01,7.749999999999999944e-02,6.500000000000000222e-02,1.789033591448433909e-08,1.821051749675769367e-08,4.095350731825957602e-08,3.610085341124203607e-08,1.789033591448433909e-08,5.776518104012970415e-08
1.594139194139194146e-04,1.400000000000000000e+01,1.925000000000000044e-01,6.500000000000000222e-02,-1.133868273748156101e-06,-1.971285987654032433e-06,-2.694220097965629341e-06,-3.105154261402188535e-06,-1.133868273748156101e-06,-3.785349486257925489e-06
1.643956043956043794e-04,9.000000000000000000e+00,7.749999999999999944e-02,1.549999999999999989e-01,-2.185029162904958516e-06,-9.261264788765769578e-07,-2.774211049427162743e-06,-3.111155641781535579e-06,-2.185029162904958516e-06,-3.460005716917127354e-06
1.643956043956043794e-04,1.000000000000000000e+01,1.925000000000000044e-01,1.549999999999999989e-01,2.000446159305400892e-05,-1.244688398402479321e-06,4.356079775708635921e-05,1.875977319465152790e-05,2.000446159305400892e-05,5.421737594901602440e-05
1.643956043956043794e-04,1.300000000000000000e+01,7.749999999999999944e-02,6.500000000000000222e-02,-7.762618637272818899e-08,-6.229185628905816576e-08,-1.423917129556789613e-07,-1.399180426617863547e-07,-7.762618637272818899e-08,-2.100201082721339432e-07
1.643956043956043794e-04,1.400000000000000000e+01,1.925000000000000044e-01,6.500000000000000222e-02,-2.457878087744177769e-06,-4.522534640147094665e-06,-6.197884497542023553e-06,-6.980412727891272857e-06,-2.457878087744177769e-06,-8.674448072853402857e-06
1.693772893772893713e-04,9.000000000000000000e+00,7.749999999999999944e-02,1.549999999999999989e-01,-7.169242962410984089e-07,-4.434617542422461671e-07,-9.568393023590351835e-07,-1.160386050483344470e-06,-7.169242962410984089e-07,-1.166911899673196023e-06
1.693772893772893713e-04,1.000000000000000000e+01,1.925000000000000044e-01,1.549999999999999989e-01,2.429608925729471376e-05,1.550612318494994650e-06,5.360493956810915059e-05,2.584670157578970799e-05,2.429608925729471376e-05,6.769040981324227159e-05
1.693772893772893713e-04,1.300000000000000000e+01,7.749999999999999944e-02,6.500000000000000222e-02,-1.468089929888253878e-07,-1.246383932076393045e-07,-2.838601619443423194e-07,-2.714473861964646923e-07,-1.468089929888253878e-07,-4.139285003285805574e-07
1.693772893772893713e-04,1.400000000000000000e+01,1.925000000000000044e-01,6.500000000000000222e-02,-3.592752255006253917e-06,-6.741661778548443056e-06,-8.752646739010842966e-06,-1.033441403355469740e-05,-3.592752255006253917e-06,-1.256918031606632611e-05
1.743589743589743632e-04,9.000000000000000000e+00,7.749999999999999944e-02,1.549999999999999989e-01,1.466449988397882413e-06,3.507222249426357833e-07,1.838657920741362517e-06,1.817172213340518302e-06,1.466449988397882413e-06,2.293535628469081134e-06
1.743589743589743632e-04,1.000000000000000000e+01,1.925000000000000044e-01,1.549999999999999989e-01,2.834425895312099559e-05,4.201508239522794934e-06,6.335413162501655386e-05,3.254576719264379222e-05,2.834425895312099559e-05,8.067130438607279829e-05
1.743589743589743632e-04,1.300000000000000000e+01,7.749999999999999944e-02,6.500000000000000222e-02,-9.628846255389016696e-10,-5.419343048488698590e-09,-2.651037169954058539e-08,-6.382227674027600259e-09,-9.628846255389016696e-10,-2.838900455080893724e-08
1.743589743589743632e-04,1.400000000000000000e+01,1.925000000000000044e-01,6.500000000000000222e-02,-4.253655171407024471e-06,-7.998614725261268062e-06,-1.010113880573639244e-05,-1.225226989666829169e-05,-4.253655171407024471e-06,-1.470692972945874067e-05
1.793406593406593279e-04,9.000000000000000000e+00,7.749999999999999944e-02,1.549999999999999989e-01,3.626743855907669803e-06,1.204619036229479324e-06,4.720635301798620996e-06,4.831362892137148704e-06,3.626743855907669803e-06,5.778423236063430515e-06
1.793406593406593279e-04,1.000000000000000000e+01,1.925000000000000044e-01,1.549999999999999989e-01,3.213633952648502348e-05,6.692950999964817046e-06,7.275941356360744478e-05,3.882929052644983883e-05,3.213633952648502348e-05,9.309898495212911630e-05
1.793406593406593279e-04,1.300000000000000000e+01,7.749999999999999944e-02,6.500000000000000222e-02,3.163607556460356761e-07,2.572625475000587019e-07,5.634468870226846175e-07,5.736233031460943780e-07,3.163607556460356761e-07,8.408463394859960819e-07
1.793406593406593279e-04,1.400000000000000000e+01,1.925000000000000044e-01,6.500000000000000222e-02,-4.250348007904282173e-06,-7.843103814067191727e-06,-1.039797433441268174e-05,-1.209345182197147305e-05,-4.250348007904282173e-06,-1.478882237000939890e-05
1.843223443223443198e-04,9.000000000000000000e+00,7.749999999999999944e-02,1.549999999999999989e-01,5.131454083333695726e-06,1.886932808219663692e-06,6.916387871327060717e-06,7.018386891553359418e-06,5.131454083333695726e-06,8.303348395868498545e-06
1.843223443223443198e-04,1.000000000000000000e+01,1.925000000000000044e-01,1.549999999999999989e-01,3.566590702488528519e-05,9.020838160151820100e-06,8.180956767315316995e-05,4.468674518503710190e-05,3.566590702488528519e-05,1.049570204143309836e-04
1.843223443223443198e-04,1.300000000000000000e+01,7.749999999999999944e-02,6.500000000000000222e-02,4.664313817370835793e-07,3.826274135373872072e-07,8.643131320768302500e-07,8.490587952744708395e-07,4.664313817370835793e-07,1.273581191423969668e-06
1.843223443223443198e-04,1.400000000000000000e+01,1.925000000000000044e-01,6.500000000000000222e-02,-3.561399549583761832e-06,-6.267766575422940417e-06,-9.719211860833414649e-06,-9.829166125006702249e-06,-3.561399549583761832e-06,-1.286017705601547097e-05
1.893040293040292846e-04,9.000000000000000000e+00,7.749999999999999944e-02,1.549999999999999989e-01,5.585242254341176904e-06,2.247364846269423847e-06,7.849684048574364720e-06,7.832607100610599905e-06,5.585242254341176904e-06,9.207099264457888424e-06
1.893040293040292846e-04,1.000000000000000000e+01,1.925000000000000044e-01,1.549999999999999989e-01,3.889770668363672236e-05,1.115637454419469350e-05,9.040939469376266648e-05,5.005408122783141925e-05,3.889770668363672236e-05,1.161202004623662360e-04
1.893040293040292846e-04,1.300000000000000000e+01,7.749999999999999944e-02,6.500000000000000222e-02,1.855636492852585981e-07,1.571562972120945617e-07,3.673507155568437643e-07,3.427199464973531334e-07,1.855636492852585981e-07,5.313577998237831878e-07
1.893040293040292846e-04,1.400000000000000000e+01,1.925000000000000044e-01,6.500000000000000222e-02,-2.411961823813012771e-06,-3.928658240313151783e-06,-7.578253217416275140e-06,-6.340620064126164554e-06,-2.411961823813012771e-06,-9.160022126447677637e-06
1.942857142857142764e-04,9.000000000000000000e+00,7.749999999999999944e-02,1.549999999999999989e-01,4.890028080573457383e-06,2.206915564453969975e-06,7.117347765839415549e-06,7.096943645027427358e-06,4.890028080573457383e-06,8.195861589938726021e-06
1.942857142857142764e-04,1.000000000000000000e+01,1.925000000000000044e-01,1.549999999999999989e-01,4.182976714855140529e-05,1.309301964004488505e-05,9.852500165884876782e-05,5.492278678859629034e-05,4.182976714855140529e-05,1.265519185914244175e-04
1.942857142857142764e-04,1.300000000000000000e+01,7.749999999999999944e-02,6.500000000000000222e-02,-4.236601847122872130e-07,-3.381095426120580479e-07,-7.575004384819452836e-07,-7.617697273243452609e-07,-4.236601847122872130e-07,-1.126464352382365073e-06
1.942857142857142764e-04,1.400000000000000000e+01,1.925000000000000044e-01,6.500000000000000222e-02,-1.119353943594451465e-06,-1.626803918501237736e-06,-3.642504763685471027e-06,-2.746157862095689201e-06,-1.119353943594451465e-06,-4.175291812918948602e-06
1.992673992673992683e-04,9.000000000000000000e+00,7.749999999999999944e-02,1.549999999999999989e-01,3.105370061233737130e-06,1.771572721651752623e-06,4.986116486753636005e-06,4.876942782885489329e-06,3.105370061233737130e-06,5.456080585338254489e-06
1.992673992673992683e-04,1.000000000000000000e+01,1.925000000000000044e-01,1.549999999999999989e-01,4.444727730889135470e-05,1.481067660749874134e-05,1.061368627103485412e-04,5.925795391639009774e-05,4.444727730889135470e-05,1.362164023932024566e-04
1.992673992673992683e-04,1.300000000000000000e+01,7.749999999999999944e-02,6.500000000000000222e-02,-9.689087816665650973e-07,-7.907411405523453721e-07,-1.784024865871252242e-06,-1.759649922218910469e-06,-9.689087816665650973e-07,-2.632972407950726292e-06
1.992673992673992683e-04,1.400000000000000000e+01,1.925000000000000044e-01,6.500000000000000222e-02,1.580296612460838573e-07,3.104459439660798060e-07,1.870783005560826677e-06,4.684756052121636633e-07,1.580296612460838573e-07,1.635960246507215702e-06
2.042490842490842331e-04,9.000000000000000000e+00,7.749999999999999944e-02,1.549999999999999989e-01,3.634104845498213202e-07,9.815628978120037241e-07,1.940252136453049434e-06,1.344973382361824991e-06,3.634104845498213202e-07,1.350601770458636259e-06
2.042490842490842331e-04,1.000000000000000000e+01,1.925000000000000044e-01,1.549999999999999989e-01,4.674170079421849150e-05,1.631075724219847875e-05,1.131914242005464555e-04,6.305245803641697363e-05,4.674170079421849150e-05,1.450569100875338325e-04
2.042490842490842331e-04,1.300000000000000000e+01,7.749999999999999944e-02,6.500000000000000222e-02,-1.084309025956909171e-06,-8.987313916157135614e-07,-1.964176437266589798e-06,-1.983040417572622944e-06,-1.084309025956909171e-06,-2.920429701842242215e-06
2.042490842490842331e-04,1.400000000000000000e+01,1.925000000000000044e-01,6.500000000000000222e-02,1.456265542346796125e-06,2.119698378390201451e-06,8.033736287493088235e-06,3.575963920736997576e-06,1.456265542346796125e-06,7.810509689817156303e-06
2.092307692307692249e-04,9.000000000000000000e+00,7.749999999999999944e-02,1.549999999999999989e-01,-2.830585542700455926e-06,-4.504067019740048587e-08,-1.816233669585662005e-06,-2.875626212897856458e-06,-2.830585542700455926e-06,-3.540321608887240162e-06
2.092307692307692249e-04,1.000000000000000000e+01,1.925000000000000044e-01,1.549999999999999989e-01,4.872228692428632403e-05,1.761773479547802814e-05,1.196421408987694490e-04,6.634002171976435217e-05,4.872228692428632403e-05,1.530432925215280556e-04
2.092307692307692249e-04,1.300000000000000000e+01,7.749999999999999944e-02,6.500000000000000222e-02,-6.147872305247122130e-07,-5.252728077564639586e-07,-1.022603213970038721e-06,-1.140060038281176172e-06,-6.147872305247122130e-07,-1.573418869669236910e-06
2.092307692307692249e-04,1.400000000000000000e+01,1.925000000000000044e-01,6.500000000000000222e-02,2.846133129477664700e-06,4.163250238043604121e-06,1.370309328308949879e-05,7.009383367521268821e-06,2.846133129477664700e-06,1.384154596076143287e-05
2.142124542124541897e-04,9.000000000000000000e+00,7.749999999999999944e-02,1.549999999999999989e-01,-5.741891841209146386e-06,-1.086335689938739991e-06,-5.961012704604402584e-06,-6.828227531147886165e-06,-5.741891841209146386e-06,-8.357182965147342377e-06
2.142124542124541897e-04,1.000000000000000000e+01,1.925000000000000044e-01,1.549999999999999989e-01,5.040061904961531930e-05,1.868005368754250715e-05,1.256058582246227578e-04,6.908067273715781968e-05,5.040061904961531930e-05,1.602765714912050485e-04
2.142124542124541897e-04,1.300000000000000000e+01,7.749999999999999944e-02,6.500000000000000222e-02,3.336069518025912312e-07,2.631341167461956894e-07,6.043345083111572422e-07,5.967410685487869736e-07,3.336069518025912312e-07,8.934613179495619123e-07
2.142124542124541897e-04,1.400000000000000000e+01,1.925000000000000044e-01,6.500000000000000222e-02,4.421229023404253304e-06,6.786195282790988129e-06,1.800785622862664771e-05,1.120742430619524059e-05,4.421229023404253304e-06,1.940751537588038876e-05
2.191941391941391816e-04,9.000000000000000000e+00,7.749999999999999944e-02,1.549999999999999989e-01,-7.875304319214742235e-06,-1.979308076103942287e-06,-1.027190762060887859e-05,-9.854612395318684099e-06,-7.875304319214742235e-06,-1.251741164405732898e-05
2.191941391941391816e-04,1.000000000000000000e+01,1.925000000000000044e-01,1.549999999999999989e-01,5.177173027730306226e-05,1.945393968675586887e-05,1.311503609873911731e-04,7.122566996405893113e-05,5.177173027730306226e-05,1.668028378344221677e-04
2.191941391941391816e-04,1.300000000000000000e+01,7.749999999999999944e-02,6.500000000000000222e-02,1.422433736507399959e-06,1.198871203339634282e-06,2.246257961230029863e-06,2.621304939847034241e-06,1.422433736507399959e-06,3.517940572559109956e-06
2.191941391941391816e-04,1.400000000000000000e+01,1.925000000000000044e-01,6.500000000000000222e-02,6.154601045881378221e-06,9.963865362101494811e-06,2.054761857763085441e-05,1.611846640798287388e-05,6.154601045881378221e-06,2.419468792336552194e-05
2.241758241758241735e-04,9.000000000000000000e+00,7.749999999999999944e-02,1.549999999999999989e-01,-9.306837033373895974e-06,-2.715220172231284224e-06,-1.403518134250673765e-05,-1.202205720560517977e-05,-9.306837033373895974e-06,-1.574296419006544832e-05
2.241758241758241735e-04,1.000000000000000000e+01,1.925000000000000044e-01,1.549999999999999989e-01,5.287944226842506166e-05,2.012382646081771394e-05,1.360706578193298679e-04,7.300326872924277561e-05,5.287944226842506166e-05,1.725203392821886424e-04
2.241758241758241735e-04,1.300000000000000000e+01,7.749999999999999944e-02,6.500000000000000222e-02,2.165353604586012010e-06,1.822619591520333130e-06,3.446608238167015188e-06,3.987973196106345352e-06,2.165353604586012010e-06,5.380764860118260426e-06
2.241758241758241735e-04,1.400000000000000000e+01,1.925000000000000044e-01,6.500000000000000222e-02,7.873221834329216789e-06,1.323133236521537786e-05,2.152225642873053932e-05,2.110455419954459296e-05,7.873221834329216789e-06,2.792707822824233024e-05
2.291575091575091382e-04,9.000000000000000000e+00,7.749999999999999944e-02,1.549999999999999989e-01,-1.040509533757940870e-05,-3.340941277115069615e-06,-1.627942882586704600e-05,-1.374603661469447831e-05,-1.040509533757940870e-05,-1.790741889468133551e-05
2.291575091575091382e-04,1.000000000000000000e+01,1.925000000000000044e-01,1.549999999999999989e-01,5.378848350747715958e-05,2.080309013858441244e-05,1.403291512786290730e-04,7.459157364606157879e-05,5.378848350747715958e-05,1.774757869156642670e-04
2.291575091575091382e-04,1.300000000000000000e+01,7.749999999999999944e-02,6.500000000000000222e-02,2.187399190026198980e-06,1.780538250782309028e-06,3.984479116200825349e-06,3.967937440808508220e-06,2.187399190026198980e-06,5.900559522850656776e-06
2.291575091575091382e-04,1.400000000000000000e+01,1.925000000000000044e-01,6.500000000000000222e-02,9.387149254889272395e-06,1.605240975406908258e-05,2.141403767009873179e-05,2.543955900895835667e-05,9.387149254889272395e-06,3.046940446189465654e-05
2.341391941391941301e-04,9.000000000000000000e+00,7.749999999999999944e-02,1.549999999999999989e-01,-1.128227279133820548e-05,-3.881259783903101362e-06,-1.675280588749246220e-05,-1.516353257524130684e-05,-1.128227279133820548e-05,-1.899437536953335007e-05
2.341391941391941301e-04,1.000000000000000000e+01,1.925000000000000044e-01,1.549999999999999989e-01,5.445089442146603146e-05,2.132238210038769720e-05,1.440360417255445160e-04,7.577327652185373544e-05,5.445089442146603146e-05,1.816820838197326891e-04
2.341391941391941301e-04,1.300000000000000000e+01,7.749999999999999944e-02,6.500000000000000222e-02,1.434473325826407375e-06,1.095108614032540907e-06,3.599663603541791312e-06,2.529581939858948282e-06,1.434473325826407375e-06,4.799733932053124876e-06
2.341391941391941301e-04,1.400000000000000000e+01,1.925000000000000044e-01,6.500000000000000222e-02,1.047770819977331002e-05,1.784263950001223348e-05,2.075321605384071100e-05,2.832034769978554180e-05,1.047770819977331002e-05,3.167571352611205988e-05
2.391208791208791220e-04,9.000000000000000000e+00,7.749999999999999944e-02,1.549999999999999989e-01,-1.148818174978505824e-05,-4.240635042921715374e-06,-1.581313375456847568e-05,-1.572881679270677276e-05,-1.148818174978505824e-05,-1.875103703264137525e-05
2.391208791208791220e-04,1.000000000000000000e+01,1.925000000000000044e-01,1.549999999999999989e-01,5.485298680065608397e-05,2.143920842528961669e-05,1.475920101060457126e-04,7.629219522594570067e-05,5.485298680065608397e-05,1.854275708266667493e-04
2.391208791208791220e-04,1.300000000000000000e+01,7.749999999999999944e-02,6.500000000000000222e-02,2.432791576115791801e-07,1.398338317948530201e-07,1.972782036401121810e-06,3.831129894064322267e-07,2.432791576115791801e-07,2.118950014089315922e-06
2.391208791208791220e-04,1.400000000000000000e+01,1.925000000000000044e-01,6.500000000000000222e-02,1.097123869156535208e-05,1.814916118378930609e-05,2.007379398726882823e-05,2.912039987535465648e-05,1.097123869156535208e-05,3.152105763255251715e-05
2.441025641025640867e-04,9.000000000000000000e+00,7.749999999999999944e-02,1.549999999999999989e-01,-1.043680846334578221e-05,-4.266613844268920866e-06,-1.413905888781791398e-05,-1.470342230761470307e-05,-1.043680846334578221e-05,-1.695053102396698144e-05
2.441025641025640867e-04,1.000000000000000000e+01,1.925000000000000044e-01,1.549999999999999989e-01,5.496541254788846269e-05,2.104404115401065019e-05,1.512054483234293652e-04,7.600945370189911288e-05,5.496541254788846269e-05,1.888547289373176431e-04
2.441025641025640867e-04,1.300000000000000000e+01,7.749999999999999944e-02,6.500000000000000222e-02,-8.866149262822048534e-07,-6.794820928661332876e-07,-9.106269406128236914e-07,-1.566097019148338141e-06,-8.866149262822048534e-07,-1.691876437185617343e-06
2.441025641025640867e-04,1.400000000000000000e+01,1.925000000000000044e-01,6.500000000000000222e-02,1.084251975814234711e-05,1.693497166090636482e-05,1.958136794393765500e-05,2.777749141904871193e-05,1.084251975814234711e-05,3.011848716632841496e-05
2.490842490842490515e-04,9.000000000000000000e+00,7.749999999999999944e-02,1.549999999999999989e-01,-7.843160411176445642e-06,-3.886027353539705839e-06,-1.231469347258727595e-05,-1.172918776471615148e-05,-7.843160411176445642e-06,-1.360669777110417336e-05
2.490842490842490515e-04,1.000000000000000000e+01,1.925000000000000044e-01,1.549999999999999989e-01,5.481036532261219368e-05,2.048774613960893551e-05,1.542392674856242788e-04,7.529811146222113597e-05,5.481036532261219368e-05,1.914921764161688664e-04
2.490842490842490515e-04,1.300000000000000000e+01,7.749999999999999944e-02,6.500000000000000222e-02,-1.670039685402854335e-06,-1.226135476354534051e-06,-4.458995221264482994e-06,-2.896175161757388387e-06,-1.670039685402854335e-06,-5.829738489008171777e-06
2.490842490842490515e-04,1.400000000000000000e+01,1.925000000000000044e-01,6.500000000000000222e-02,1.012419519583946558e-05,1.430897429543827026e-05,1.930637153082545075e-05,2.443316949127773754e-05,1.012419519583946558e-05,2.758713938655078915e-05
2.540659340659340705e-04,9.000000000000000000e+00,7.749999999999999944e-02,1.549999999999999989e-01,-3.809287478619876283e-06,-3.080414696399206338e-06,-1.054052332325700349e-05,-6.889702175019082197e-06,-3.809287478619876283e-06,-8.911845030936673632e-06
2.540659340659340705e-04,1.000000000000000000e+01,1.925000000000000044e-01,1.549999999999999989e-01,5.457859503916566424e-05,2.029410001950786272e-05,1.563066331441300783e-04,7.487269505867352357e-05,5.457859503916566424e-05,1.932816616944652878e-04
2.540659340659340705e-04,1.300000000000000000e+01,7.749999999999999944e-02,6.500000000000000222e-02,-2.262609730366265182e-06,-1.698004202310026639e-06,-7.405789161199612907e-06,-3.960613932676292244e-06,-2.262609730366265182e-06,-9.236890192714515937e-06
2.540659340659340705e-04,1.400000000000000000e+01,1.925000000000000044e-01,6.500000000000000222e-02,8.900445034263648362e-06,1.054980832224771870e-05,1.910253933384440791e-05,1.945025335651136706e-05,8.900445034263648362e-06,2.407032922962824498e-05
2.590476190476190353e-04,9.000000000000000000e+00,7.749999999999999944e-02,1.549999999999999989e-01,9.676455775924297810e-07,-1.968471119847833638e-06,-8.524097335068311107e-06,-1.000825542255403857e-06,9.676455775924297810e-07,-3.383418255304392640e-06
2.590476190476190353e-04,1.000000000000000000e+01,1.925000000000000044e-01,1.549999999999999989e-01,5.434794647672827025e-05,2.060979192804104633e-05,1.574292637568429451e-04,7.495773840476931658e-05,5.434794647672827025e-05,1.943482610334589845e-04
2.590476190476190353e-04,1.300000000000000000e+01,7.749999999999999944e-02,6.500000000000000222e-02,-2.977276424958106377e-06,-2.352148636601468068e-06,-8.449328001263358608e-06,-5.329425061559574868e-06,-2.977276424958106377e-06,-1.094152282779340569e-05
2.590476190476190353e-04,1.400000000000000000e+01,1.925000000000000044e-01,6.500000000000000222e-02,7.324156057323077269e-06,6.127269854336523537e-06,1.861770963952803312e-05,1.345142591165960081e-05,7.324156057323077269e-06,1.973526507812970056e-05
2.640293040293040000e-04,9.000000000000000000e+00,7.749999999999999944e-02,1.549999999999999989e-01,5.643790078702442597e-06,-7.925881348857864907e-07,-5.732600114657811039e-06,4.851201943816656000e-06,5.643790078702442597e-06,2.433334773685216085e-06
2.640293040293040000e-04,1.000000000000000000e+01,1.925000000000000044e-01,1.549999999999999989e-01,5.402083120462084008e-05,2.099393519440795759e-05,1.581514307146800516e-04,7.501476639902880444e-05,5.402083120462084008e-05,1.949923087244873055e-04
2.640293040293040000e-04,1.300000000000000000e+01,7.749999999999999944e-02,6.500000000000000222e-02,-3.818553794693197420e-06,-3.146251716203855450e-06,-7.238786481869004588e-06,-6.964805510897053293e-06,-3.818553794693197420e-06,-1.058981913297806065e-05
2.640293040293040000e-04,1.400000000000000000e+01,1.925000000000000044e-01,6.500000000000000222e-02,5.544602634685509115e-06,1.429965579791033100e-06,1.760008818981915338e-05,6.974568214476541792e-06,5.544602634685509115e-06,1.475224774685922700e-05
2.690109890109890190e-04,9.000000000000000000e+00,7.749999999999999944e-02,1.549999999999999989e-01,9.532424738050965281e-06,2.246531846774712440e-07,-1.816062807580476485e-06,9.757077922728436790e-06,9.532424738050965281e-06,8.052224541920598332e-06
2.690109890109890190e-04,1.000000000000000000e+01,1.925000000000000044e-01,1.549999999999999989e-01,5.351824626514949953e-05,2.085801473546591197e-05,1.587793239863014971e-04,7.437626100061541488e-05,5.351824626514949953e-05,1.952384868806713626e-04
2.690109890109890190e-04,1.300000000000000000e+01,7.749999999999999944e-02,6.500000000000000222e-02,-4.404764392684324014e-06,-3.737505040605083778e-06,-4.504800018900792763e-06,-8.142269433289407791e-06,-4.404764392684324014e-06,-8.524087236267189043e-06
2.690109890109890190e-04,1.400000000000000000e+01,1.925000000000000044e-01,6.500000000000000222e-02,3.695102286098758987e-06,-3.145190353521959938e-06,1.570048399830229128e-05,5.499119325767990490e-07,3.695102286098758987e-06,9.225932159726873196e-06
2.739926739926739838e-04,9.000000000000000000e+00,7.749999999999999944e-02,1.549999999999999989e-01,1.227275145285511122e-05,1.047219969562991483e-06,3.298711706834315777e-06,1.331997142241810249e-05,1.227275145285511122e-05,1.316890242221396807e-05
2.739926739926739838e-04,1.000000000000000000e+01,1.925000000000000044e-01,1.549999999999999989e-01,5.275888596103734741e-05,1.987626577105472447e-05,1.598207025875628606e-04,7.263515173209207187e-05,5.275888596103734741e-05,1.954055129258059991e-04
2.739926739926739838e-04,1.300000000000000000e+01,7.749999999999999944e-02,6.500000000000000222e-02,-4.119212015428423708e-06,-3.611259087367234922e-06,-1.482410703493120936e-06,-7.730471102795658206e-06,-4.119212015428423708e-06,-5.365237002298856169e-06
2.739926739926739838e-04,1.400000000000000000e+01,1.925000000000000044e-01,6.500000000000000222e-02,1.914873259945462156e-06,-7.227384074219891524e-06,1.268756730532109130e-05,-5.312510814274429368e-06,1.914873259945462156e-06,3.324770153992312185e-06
2.789743589743589485e-04,9.000000000000000000e+00,7.749999999999999944e-02,1.549999999999999989e-01,1.402332404836656796e-05,1.801339412081238341e-06,9.099867775307224354e-06,1.582466346044780460e-05,1.402332404836656796e-05,1.768982326797457095e-05
2.789743589743589485e-04,1.000000000000000000e+01,1.925000000000000044e-01,1.549999999999999989e-01,5.156606944469631837e-05,1.819024802932753533e-05,1.615490526459229480e-04,6.975631747402385031e-05,5.156606944469631837e-05,1.957030559068823744e-04
2.789743589743589485e-04,1.300000000000000000e+01,7.749999999999999944e-02,6.500000000000000222e-02,-2.575429149588063751e-06,-2.425028386530948546e-06,9.031677742010006855e-07,-5.000457536119012298e-06,-2.575429149588063751e-06,-1.641604103551798598e-06
2.789743589743589485e-04,1.400000000000000000e+01,1.925000000000000044e-01,6.500000000000000222e-02,3.084836143200004191e-07,-1.061313631205386164e-05,8.542361518266917132e-06,-1.030465269773386133e-05,3.084836143200004191e-07,-2.776630375210094227e-06
2.839560439560439675e-04,9.000000000000000000e+00,7.749999999999999944e-02,1.549999999999999989e-01,1.506361419860116143e-05,2.478635961901587988e-06,1.507385235308723260e-05,1.754225016050274815e-05,1.506361419860116143e-05,2.162524965511601502e-05
2.839560439560439675e-04,1.000000000000000000e+01,1.925000000000000044e-01,1.549999999999999989e-01,5.007247276422648676e-05,1.617047995992618251e-05,1.633537702306800236e-04,6.624295272415266927e-05,5.007247276422648676e-05,1.957614247951874951e-04
2.839560439560439675e-04,1.300000000000000000e+01,7.749999999999999944e-02,6.500000000000000222e-02,2.047056552166566078e-08,-3.121905347445151432e-07,2.208746100794934137e-06,-2.917199692228494593e-07,2.047056552166566078e-08,2.038125401362184664e-06
2.839560439560439675e-04,1.400000000000000000e+01,1.925000000000000044e-01,6.500000000000000222e-02,-1.088350266034922785e-06,-1.322305749920343928e-05,3.242283706647043641e-06,-1.431140776523836270e-05,-1.088350266034922785e-06,-9.021869442989391102e-06
2.889377289377289323e-04,9.000000000000000000e+00,7.749999999999999944e-02,1.549999999999999989e-01,1.564825994675563548e-05,2.920715223718514438e-06,2.115868004620588766e-05,1.856897517047414865e-05,1.564825994675563548e-05,2.517322292502729888e-05
2.889377289377289323e-04,1.000000000000000000e+01,1.925000000000000044e-01,1.549999999999999989e-01,4.855237308919675606e-05,1.422947607920493034e-05,1.645061058604360585e-04,6.278184916840168640e-05,4.855237308919675606e-05,1.952000132078411806e-04
2.889377289377289323e-04,1.300000000000000000e+01,7.749999999999999944e-02,6.500000000000000222e-02,2.945011290991405742e-06,2.169789979831586169e-06,2.585242612129730116e-06,5.114801270822991911e-06,2.945011290991405742e-06,5.160027912360261925e-06
2.889377289377289323e-04,1.400000000000000000e+01,1.925000000000000044e-01,6.500000000000000222e-02,-2.272191833599617957e-06,-1.505379792730439947e-05,-3.033100601877421715e-06,-1.732598976090401785e-05,-2.272191833599617957e-06,-1.527810918172927212e-05
2.939194139194138970e-04,9.000000000000000000e+00,7.749999999999999944e-02,1.549999999999999989e-01,1.611861172523225411e-05,3.067427453523047938e-06,2.687315043456401471e-05,1.918603917875530120e-05,1.611861172523225411e-05,2.841444692197232316e-05
2.939194139194138970e-04,1.000000000000000000e+01,1.925000000000000044e-01,1.549999999999999989e-01,4.740239451475368796e-05,1.289441148682675678e-05,1.643645518870356784e-04,6.029680600158044643e-05,4.740239451475368796e-05,1.938423270603775923e-04
2.939194139194138970e-04,1.300000000000000000e+01,7.749999999999999944e-02,6.500000000000000222e-02,5.458292467567539812e-06,4.440776551199925260e-06,2.731604455020584161e-06,9.899069018767465072e-06,5.458292467567539812e-06,7.723349128592085072e-06
2.939194139194138970e-04,1.400000000000000000e+01,1.925000000000000044e-01,6.500000000000000222e-02,-3.214444337374520156e-06,-1.618288661464581819e-05,-1.013971201616022142e-05,-1.939733095202033665e-05,-3.214444337374520156e-06,-2.150269465048485081e-05
2.989010989010988618e-04,9.000000000000000000e+00,7.749999999999999944e-02,1.549999999999999989e-01,1.678521122847319866e-05,3.097389594456059407e-06,3.154450286509736964e-05,1.988260082292925764e-05,1.678521122847319866e-05,3.132241691332676074e-05
2.989010989010988618e-04,1.000000000000000000e+01,1.925000000000000044e-01,1.549999999999999989e-01,4.667850023555032544e-05,1.258331257312933775e-05,1.628723598147153171e-04,5.926181280867966319e-05,4.667850023555032544e-05,1.918267688451164000e-04
2.989010989010988618e-04,1.300000000000000000e+01,7.749999999999999944e-02,6.500000000000000222e-02,7.157003401923466017e-06,6.122592041945124312e-06,3.575628778467945586e-06,1.327959544386859033e-05,7.157003401923466017e-06,1.023492995284782181e-05
2.989010989010988618e-04,1.400000000000000000e+01,1.925000000000000044e-01,6.500000000000000222e-02,-3.894987271305610406e-06,-1.667101421805573883e-05,-1.779887781333194273e-05,-2.056600148936134755e-05,-3.894987271305610406e-06,-2.754297190556973175e-05
3.038827838827838808e-04,9.000000000000000000e+00,7.749999999999999944e-02,1.549999999999999989e-01,1.796968027987799901e-05,3.363731191574195844e-06,3.456547622191540937e-05,2.133341147145219400e-05,1.796968027987799901e-05,3.392411792601909739e-05
3.038827838827838808e-04,1.000000000000000000e+01,1.925000000000000044e-01,1.549999999999999989e-01,4.593824162560143041e-05,1.324560743801815356e-05,1.611236690579923806e-04,5.918384906361958227e-05,4.593824162560143041e-05,1.899218107970442092e-04
3.038827838827838808e-04,1.300000000000000000e+01,7.749999999999999944e-02,6.500000000000000222e-02,7.907930275781328546e-06,7.040636182091543238e-06,5.701040214949427905e-06,1.494856645787287178e-05,7.907930275781328546e-06,1.311245314989930718e-05
3.038827838827838808e-04,1.400000000000000000e+01,1.925000000000000044e-01,6.500000000000000222e-02,-4.421888676779358370e-06,-1.665301920196047113e-05,-2.559625009602850548e-05,-2.107490787873982950e-05,-4.421888676779358370e-06,-3.323090517894565862e-05
3.088644688644688456e-04,9.000000000000000000e+00,7.749999999999999944e-02,1.549999999999999989e-01,1.975727521323579058e-05,4.060737942014896481e-06,3.542928538516565634e-05,2.381801315525068706e-05,1.975727521323579058e-05,3.606419100888493662e-05
3.088644688644688456e-04,1.000000000000000000e+01,1.925000000000000044e-01,1.549999999999999989e-01,4.479654492518265742e-05,1.425212733960417638e-05,1.595613157617514213e-04,5.904867226478683549e-05,4.479654492518265742e-05,1.880795204855610224e-04
3.088644688644688456e-04,1.300000000000000000e+01,7.749999999999999944e-02,6.500000000000000222e-02,7.740398221056831509e-06,7.123301448083150907e-06,8.768694383866649445e-06,1.486369966913998242e-05,7.740398221056831509e-06,1.601770138096083045e-05
3.088644688644688456e-04,1.400000000000000000e+01,1.925000000000000044e-01,6.500000000000000222e-02,-4.912405260161681428e-06,-1.639756877584362899e-05,-3.332414094148214656e-05,-2.130997403600531041e-05,-4.912405260161681428e-06,-3.866215937057392450e-05
3.138461538461538103e-04,9.000000000000000000e+00,7.749999999999999944e-02,1.549999999999999989e-01,2.186536003232048315e-05,5.056003053907098086e-06,3.444626565692157264e-05,2.692136308622758293e-05,2.186536003232048315e-05,3.762116971389123328e-05
3.138461538461538103e-04,1.000000000000000000e+01,1.925000000000000044e-01,1.549999999999999989e-01,4.321452049381343104e-05,1.469856941515147817e-05,1.579898535578933732e-04,5.791308990896490921e-05,4.321452049381343104e-05,1.857425751203658798e-04
3.138461538461538103e-04,1.300000000000000000e+01,7.749999999999999944e-02,6.500000000000000222e-02,6.722389002268789731e-06,6.332403731846196727e-06,1.179306748451607346e-05,1.305479273411498561e-05,6.722389002268789731e-06,1.802169105333841276e-05
3.138461538461538103e-04,1.400000000000000000e+01,1.925000000000000044e-01,6.500000000000000222e-02,-5.319382692270669115e-06,-1.605230907464210192e-05,-4.081676391205154599e-05,-2.137169176691277103e-05,-5.319382692270669115e-06,-4.383492837834645556e-05
3.188278388278388293e-04,9.000000000000000000e+00,7.749999999999999944e-02,1.549999999999999989e-01,2.376845314334827402e-05,6.019704383305395673e-06,3.229965060181299403e-05,2.978815752665366800e-05,2.376845314334827402e-05,3.841579581722233286e-05
3.188278388278388293e-04,1.000000000000000000e+01,1.925000000000000044e-01,1.549999999999999989e-01,4.159178183396284787e-05,1.401866864127768471e-05,1.561177843580713819e-04,5.561045047524052919e-05,4.159178183396284787e-05,1.826607581224190253e-04
3.188278388278388293e-04,1.300000000000000000e+01,7.749999999999999944e-02,6.500000000000000222e-02,5.034228137681238014e-06,4.771738454562568296e-06,1.378465184481244662e-05,9.805966592243806309e-06,5.034228137681238014e-06,1.831517194796758986e-05
3.188278388278388293e-04,1.400000000000000000e+01,1.925000000000000044e-01,6.500000000000000222e-02,-5.542988121051804236e-06,-1.564125352970102220e-05,-4.798714408164354107e-05,-2.118424165075282644e-05,-5.542988121051804236e-06,-4.869149547385982188e-05
3.238095238095237941e-04,9.000000000000000000e+00,7.749999999999999944e-02,1.549999999999999989e-01,2.496770446423252318e-05,6.612094463259886338e-06,2.978998553136186385e-05,3.157979892749241036e-05,2.496770446423252318e-05,3.835041959099511099e-05
3.238095238095237941e-04,1.000000000000000000e+01,1.925000000000000044e-01,1.549999999999999989e-01,4.025793895566932411e-05,1.239691986200684837e-05,1.540560895141407187e-04,5.265485881767616909e-05,4.025793895566932411e-05,1.792162882304194579e-04
3.238095238095237941e-04,1.300000000000000000e+01,7.749999999999999944e-02,6.500000000000000222e-02,3.039985290405043016e-06,2.756333283041072955e-06,1.410698455054158679e-05,5.796318573446116395e-06,3.039985290405043016e-06,1.662577656527316361e-05
3.238095238095237941e-04,1.400000000000000000e+01,1.925000000000000044e-01,6.500000000000000222e-02,-5.655283945057115833e-06,-1.531990838699420597e-05,-5.454965836091914196e-05,-2.097519233205132180e-05,-5.655283945057115833e-06,-5.316860651144656499e-05
3.287912087912087588e-04,9.000000000000000000e+00,7.749999999999999944e-02,1.549999999999999989e-01,2.516070096083582969e-05,6.654631643722449121e-06,2.759950230708360362e-05,3.181533260455828135e-05,2.516070096083582969e-05,3.746378793665705934e-05
3.287912087912087588e-04,1.000000000000000000e+01,1.925000000000000044e-01,1.549999999999999989e-01,3.938039782013910743e-05,1.028913464225278552e-05,1.522776263330337019e-04,4.966953246239189465e-05,3.938039782013910743e-05,1.761451168519289593e-04
3.287912087912087588e-04,1.300000000000000000e+01,7.749999999999999944e-02,6.500000000000000222e-02,1.193312251925476188e-06,7.150028847302185437e-07,1.282642828830492915e-05,1.908315136655694838e-06,1.193312251925476188e-06,1.346214037354941273e-05
3.287912087912087588e-04,1.400000000000000000e+01,1.925000000000000044e-01,6.500000000000000222e-02,-5.958022515307520395e-06,-1.524601453944837491e-05,-5.994407632787400106e-05,-2.120403705475589615e-05,-5.958022515307520395e-06,-5.704216484936664057e-05
3.337728937728937778e-04,9.000000000000000000e+00,7.749999999999999944e-02,1.549999999999999989e-01,2.422181102802514131e-05,6.176099259346865075e-06,2.582961310356790403e-05,3.039791028737200723e-05,2.422181102802514131e-05,3.568964747565757199e-05
3.337728937728937778e-04,1.000000000000000000e+01,1.925000000000000044e-01,1.549999999999999989e-01,3.863432900586752909e-05,8.185647707337165250e-06,1.516632598613665164e-04,4.681997671320469264e-05,3.863432900586752909e-05,1.742870915199210295e-04
3.337728937728937778e-04,1.300000000000000000e+01,7.749999999999999944e-02,6.500000000000000222e-02,-1.413302627581692978e-07,-9.486257901784258687e-07,1.036600674539022019e-05,-1.089956052936595219e-06,-1.413302627581692978e-07,9.614226401132733185e-06
3.337728937728937778e-04,1.400000000000000000e+01,1.925000000000000044e-01,6.500000000000000222e-02,-6.576365687649153329e-06,-1.546599632071501526e-05,-6.399374660648154934e-05,-2.204236200836416943e-05,-6.576365687649153329e-06,-6.024331184048518922e-05
3.387545787545787426e-04,9.000000000000000000e+00,7.749999999999999944e-02,1.549999999999999989e-01,2.217020260622793346e-05,5.395900577668298148e-06,2.428348476130768533e-05,2.756610318389623161e-05,2.217020260622793346e-05,3.296377237807355696e-05
3.387545787545787426e-04,1.000000000000000000e+01,1.925000000000000044e-01,1.549999999999999989e-01,3.745599395235613697e-05,6.269295413470972804e-06,1.525290102648099873e-04,4.372528936582710892e-05,3.745599395235613697e-05,1.736688077538378074e-04
3.387545787545787426e-04,1.300000000000000000e+01,7.749999999999999944e-02,6.500000000000000222e-02,-8.092461228169921147e-07,-1.997282925352839751e-06,7.117371834756568063e-06,-2.806529048169831866e-06,-8.092461228169921147e-07,5.648268478773656168e-06
3.387545787545787426e-04,1.400000000000000000e+01,1.925000000000000044e-01,6.500000000000000222e-02,-7.358163039688107953e-06,-1.613600805844079549e-05,-6.694817477739138168e-05,-2.349417109812890260e-05,-7.358163039688107953e-06,-6.306076455542771234e-05
3.437362637362637073e-04,9.000000000000000000e+00,7.749999999999999944e-02,1.549999999999999989e-01,1.909549480680972493e-05,4.634705855091870491e-06,2.254402630530594204e-05,2.373020066190159626e-05,1.909549480680972493e-05,2.918675650238954176e-05
3.437362637362637073e-04,1.000000000000000000e+01,1.925000000000000044e-01,1.549999999999999989e-01,3.553500279185649931e-05,4.297405751690493567e-06,1.543077432809026044e-04,3.983240854354699542e-05,3.553500279185649931e-05,1.734550848499732240e-04
3.437362637362637073e-04,1.300000000000000000e+01,7.749999999999999944e-02,6.500000000000000222e-02,-9.702131421225117413e-07,-2.473457678736351697e-06,3.410872200573489357e-06,-3.443670820858863650e-06,-9.702131421225117413e-07,1.769705910880964051e-06
3.437362637362637073e-04,1.400000000000000000e+01,1.925000000000000044e-01,6.500000000000000222e-02,-7.927409007462776308e-06,-1.702610681123795078e-05,-6.907415664004188955e-05,-2.495351581870072709e-05,-7.927409007462776308e-06,-6.543452305381179440e-05
3.487179487179487263e-04,9.000000000000000000e+00,7.749999999999999944e-02,1.549999999999999989e-01,1.517299324960645675e-05,4.162150767172967900e-06,2.056733141353920500e-05,1.933514401677942550e-05,1.517299324960645675e-05,2.451846783503869529e-05
3.487179487179487263e-04,1.000000000000000000e+01,1.925000000000000044e-01,1.549999999999999989e-01,3.291091907462055562e-05,2.097847179207839643e-06,1.564118610989160391e-04,3.500876625382839442e-05,3.291091907462055562e-05,1.730347006640563939e-04
3.487179487179487263e-04,1.300000000000000000e+01,7.749999999999999944e-02,6.500000000000000222e-02,-9.498749183455833752e-07,-2.577303506545121277e-06,-5.790889367914980635e-07,-3.527178424890704653e-06,-9.498749183455833752e-07,-2.130147488380765920e-06
3.487179487179487263e-04,1.400000000000000000e+01,1.925000000000000044e-01,6.500000000000000222e-02,-8.183944815003821121e-06,-1.794045286927028020e-05,-7.054998848229957181e-05,-2.612439768427410132e-05,-8.183944815003821121e-06,-6.731199964120789761e-05
3.536996336996336911e-04,9.000000000000000000e+00,7.749999999999999944e-02,1.549999999999999989e-01,1.064809578227973508e-05,4.015427800603132951e-06,1.836252007094777154e-05,1.466352358288286887e-05,1.064809578227973508e-05,1.919549311368013968e-05
3.536996336996336911e-04,1.000000000000000000e+01,1.925000000000000044e-01,1.549999999999999989e-01,2.977448772555167718e-05,-4.538786495608170283e-07,1.576512019177931398e-04,2.932060907599085925e-05,2.977448772555167718e-05,1.713233792641170731e-04
3.536996336996336911e-04,1.300000000000000000e+01,7.749999999999999944e-02,6.500000000000000222e-02,-1.127981701828002072e-06,-2.586219508628703795e-06,-4.824805367811270838e-06,-3.714201210456705654e-06,-1.127981701828002072e-06,-6.365271143740265183e-06
3.536996336996336911e-04,1.400000000000000000e+01,1.925000000000000044e-01,6.500000000000000222e-02,-8.365733378988836387e-06,-1.890113526971920732e-05,-7.128717192963784130e-05,-2.726686864870804370e-05,-8.365733378988836387e-06,-6.868462074810062154e-05
3.586813186813186559e-04,9.000000000000000000e+00,7.749999999999999944e-02,1.549999999999999989e-01,5.698346227650173398e-06,4.012317298879987152e-06,1.608590429728105510e-05,9.710663526530161397e-06,5.698346227650173398e-06,1.344881090838264381e-05
3.586813186813186559e-04,1.000000000000000000e+01,1.925000000000000044e-01,1.549999999999999989e-01,2.664585975005824201e-05,-3.197120225137043843e-06,1.569878139846744023e-04,2.344873952492119944e-05,2.664585975005824201e-05,1.676971897235015208e-04
3.586813186813186559e-04,1.300000000000000000e+01,7.749999999999999944e-02,6.500000000000000222e-02,-1.842168694639996560e-06,-2.800211143433941513e-06,-9.313977045531220684e-06,-4.642379838073938073e-06,-1.842168694639996560e-06,-1.124706757753459116e-05
3.586813186813186559e-04,1.400000000000000000e+01,1.925000000000000044e-01,6.500000000000000222e-02,-8.778906176227704782e-06,-2.005219653468649180e-05,-7.103666533625844755e-05,-2.883110271091419828e-05,-8.778906176227704782e-06,-6.954174837667232269e-05
3.636630036630036206e-04,9.000000000000000000e+00,7.749999999999999944e-02,1.549999999999999989e-01,2.656541803528398018e-07,3.807503121266364929e-06,1.400844398414122399e-05,4.073157301619205048e-06,2.656541803528398018e-07,7.334392413088886722e-06
3.636630036630036206e-04,1.000000000000000000e+01,1.925000000000000044e-01,1.549999999999999989e-01,2.407145959736818630e-05,-5.599651064148192947e-06,1.545094475937458338e-04,1.847180853321999335e-05,2.407145959736818630e-05,1.627823420748479544e-04
3.636630036630036206e-04,1.300000000000000000e+01,7.749999999999999944e-02,6.500000000000000222e-02,-3.202473419853304032e-06,-3.351988899413217735e-06,-1.391510060837866487e-05,-6.554462319266522190e-06,-3.202473419853304032e-06,-1.676653709994116743e-05
3.636630036630036206e-04,1.400000000000000000e+01,1.925000000000000044e-01,6.500000000000000222e-02,-9.614467929757412670e-06,-2.176937977046751262e-05,-6.943228997801739635e-05,-3.138384770022492360e-05,-9.614467929757412670e-06,-6.996672663306822341e-05
3.686446886446886396e-04,9.000000000000000000e+00,7.749999999999999944e-02,1.549999999999999989e-01,-5.450720308314009241e-06,3.270076573210565058e-06,1.218851372790210257e-05,-2.180643735103444183e-06,-5.450720308314009241e-06,1.058976110510533328e-06
3.686446886446886396e-04,1.000000000000000000e+01,1.925000000000000044e-01,1.549999999999999989e-01,2.266207656958638255e-05,-7.113220762282746867e-06,1.505973316792603729e-04,1.554885580730363569e-05,2.266207656958638255e-05,1.575359268566930548e-04
3.686446886446886396e-04,1.300000000000000000e+01,7.749999999999999944e-02,6.500000000000000222e-02,-5.012515274049087257e-06,-4.117529041899517399e-06,-1.821806338363506883e-05,-9.130044315948604656e-06,-5.012515274049087257e-06,-2.235668988417027894e-05
3.686446886446886396e-04,1.400000000000000000e+01,1.925000000000000044e-01,6.500000000000000222e-02,-1.069465816594239704e-05,-2.384757318190637796e-05,-6.639289678886655267e-05,-3.454223134784877838e-05,-1.069465816594239704e-05,-6.970013155058547491e-05
3.736263736263736044e-04,9.000000000000000000e+00,7.749999999999999944e-02,1.549999999999999989e-01,-1.142023876640822982e-05,2.325880233950354679e-06,1.068090625000471469e-05,-9.094358532457874291e-06,-1.142023876640822982e-05,-5.326804414170686136e-06
3.736263736263736044e-04,1.000000000000000000e+01,1.925000000000000044e-01,1.549999999999999989e-01,2.271963194560978099e-05,-7.278851291103334113e-06,1.459895356028149895e-04,1.544078065450644603e-05,2.271963194560978099e-05,1.530359589215016529e-04
3.736263736263736044e-04,1.300000000000000000e+01,7.749999999999999944e-02,6.500000000000000222e-02,-6.987088256606459655e-06,-4.966347506534963514e-06,-2.175159380768329758e-05,-1.195343576314142402e-05,-6.987088256606459655e-06,-2.733362948724960562e-05
3.736263736263736044e-04,1.400000000000000000e+01,1.925000000000000044e-01,6.500000000000000222e-02,-1.186062251471222144e-05,-2.583631608229132001e-05,-6.225748890168608662e-05,-3.769693859700354484e-05,-1.186062251471222144e-05,-6.858071681800650640e-05
3.786080586080585691e-04,9.000000000000000000e+00,7.749999999999999944e-02,1.549999999999999989e-01,-1.753356834342147870e-05,9.879094114245492624e-07,9.870040971797461210e-06,-1.654565893199692986e-05,-1.753356834342147870e-05,-1.153196744538509278e-05
3.786080586080585691e-04,1.000000000000000000e+01,1.925000000000000044e-01,1.549999999999999989e-01,2.358510266188347903e-05,-6.098314263656620242e-06,1.413710512136494226e-04,1.748678839822685879e-05,2.358510266188347903e-05,1.495379787709417790e-04
3.786080586080585691e-04,1.300000000000000000e+01,7.749999999999999944e-02,6.500000000000000222e-02,-8.881803289530232245e-06,-5.821522889873866524e-06,-2.426285894656188966e-05,-1.470332617940409877e-05,-8.881803289530232245e-06,-3.127115423708543051e-05
3.786080586080585691e-04,1.400000000000000000e+01,1.925000000000000044e-01,6.500000000000000222e-02,-1.300684864623835951e-05,-2.733422642508865258e-05,-5.776872143981780445e-05,-4.034107507132701548e-05,-1.300684864623835951e-05,-6.678802068096544259e-05
3.835897435897435881e-04,9.000000000000000000e+00,7.749999999999999944e-02,1.549999999999999989e-01,-2.350165988011801706e-05,-6.558059049390702358e-07,9.720626415724142386e-06,-2.415746578505708603e-05,-2.350165988011801706e-05,-1.729751185561127858e-05
3.835897435897435881e-04,1.000000000000000000e+01,1.925000000000000044e-01,1.549999999999999989e-01,2.442816397492061738e-05,-3.893961610219216977e-06,1.368267801446418613e-04,2.053420236470140210e-05,2.442816397492061738e-05,1.464870212670403701e-04
3.835897435897435881e-04,1.300000000000000000e+01,7.749999999999999944e-02,6.500000000000000222e-02,-1.040140857847327081e-05,-6.508875865924502226e-06,-2.551791026464415082e-05,-1.691028444439777304e-05,-1.040140857847327081e-05,-3.369290810984437690e-05
3.835897435897435881e-04,1.400000000000000000e+01,1.925000000000000044e-01,6.500000000000000222e-02,-1.390307044015788636e-05,-2.837886833970872932e-05,-5.362441002218638322e-05,-4.228193877986661229e-05,-1.390307044015788636e-05,-6.482163681757476903e-05
3.885714285714285529e-04,9.000000000000000000e+00,7.749999999999999944e-02,1.549999999999999989e-01,-2.906740169105958034e-05,-2.430809576306495580e-06,9.893413052486001592e-06,-3.149821126736607803e-05,-2.906740169105958034e-05,-2.253731440147152654e-05
3.885714285714285529e-04,1.000000000000000000e+01,1.925000000000000044e-01,1.549999999999999989e-01,2.465979581297857403e-05,-1.135899544045735584e-06,1.326400857855467475e-04,2.352389626893283803e-05,2.465979581297857403e-05,1.436142925711929102e-04
3.885714285714285529e-04,1.300000000000000000e+01,7.749999999999999944e-02,6.500000000000000222e-02,-1.131531390379869536e-05,-6.831744916493090960e-06,-2.528462648577958156e-05,-1.814705882029178462e-05,-1.131531390379869536e-05,-3.415587003315212483e-05
3.885714285714285529e-04,1.400000000000000000e+01,1.925000000000000044e-01,6.500000000000000222e-02,-1.426991755517305116e-05,-2.904136783662594052e-05,-4.991890086895384897e-05,-4.331128539179899167e-05,-1.426991755517305116e-05,-6.276689833287926409e-05
3.935531135531135176e-04,9.000000000000000000e+00,7.749999999999999944e-02,1.549999999999999989e-01,-3.380079762640526088e-05,-4.068814304927768864e-06,9.748559128486044555e-06,-3.786961193133303144e-05,-3.380079762640526088e-05,-2.714424237147545203e-05
3.935531135531135176e-04,1.000000000000000000e+01,1.925000000000000044e-01,1.549999999999999989e-01,2.427840629473275856e-05,1.601959646821134722e-06,1.295325502790134291e-04,2.588036594155389392e-05,2.427840629473275856e-05,1.414012467602658769e-04
3.935531135531135176e-04,1.300000000000000000e+01,7.749999999999999944e-02,6.500000000000000222e-02,-1.148746633010396076e-05,-6.671356022638763758e-06,-2.361145610053771049e-05,-1.815882235274272368e-05,-1.148746633010396076e-05,-3.257757877046328073e-05
3.935531135531135176e-04,1.400000000000000000e+01,1.925000000000000044e-01,6.500000000000000222e-02,-1.399739474272033440e-05,-2.961013839231773644e-05,-4.641378411616815190e-05,-4.360753313503807423e-05,-1.399739474272033440e-05,-6.067913646312313619e-05
3.985347985347985366e-04,9.000000000000000000e+00,7.749999999999999944e-02,1.549999999999999989e-01,-3.753784414205552832e-05,-5.490845849595393640e-06,8.887592917386440860e-06,-4.302868999165092111e-05,-3.753784414205552832e-05,-3.115436169298078939e-05
3.985347985347985366e-04,1.000000000000000000e+01,1.925000000000000044e-01,1.549999999999999989e-01,2.326504796907245506e-05,3.681247109327215293e-06,1.273018408989023422e-04,2.694629507839967162e-05,2.326504796907245506e-05,1.393972552208118311e-04
3.985347985347985366e-04,1.300000000000000000e+01,7.749999999999999944e-02,6.500000000000000222e-02,-1.096720388097901285e-05,-6.178763998234289404e-06,-2.096146933190912279e-05,-1.714596787921330226e-05,-1.096720388097901285e-05,-2.949550644230546569e-05
3.985347985347985366e-04,1.400000000000000000e+01,1.925000000000000044e-01,6.500000000000000222e-02,-1.333427505979342150e-05,-3.026677079121022773e-05,-4.273116125031649294e-05,-4.360104585100364923e-05,-1.333427505979342150e-05,-5.847777639465481401e-05
4.035164835164835014e-04,9.000000000000000000e+00,7.749999999999999944e-02,1.549999999999999989e-01,-4.036215244634738607e-05,-6.759441791231974909e-06,7.172615617923403082e-06,-4.712159423757936183e-05,-4.036215244634738607e-05,-3.471730378416858985e-05
4.035164835164835014e-04,1.000000000000000000e+01,1.925000000000000044e-01,1.549999999999999989e-01,2.164441080576012816e-05,4.555563476558487912e-06,1.257102717914523144e-04,2.619997428231861776e-05,2.164441080576012816e-05,1.371793680257615269e-04
4.035164835164835014e-04,1.300000000000000000e+01,7.749999999999999944e-02,6.500000000000000222e-02,-9.970864100350157821e-06,-5.648507661456803121e-06,-1.783513816806781525e-05,-1.561937176180696094e-05,-9.970864100350157821e-06,-2.564149823512003188e-05
4.035164835164835014e-04,1.400000000000000000e+01,1.925000000000000044e-01,6.500000000000000222e-02,-1.287385266581277324e-05,-3.085413344144708728e-05,-3.866991829451000466e-05,-4.372798610725986391e-05,-1.287385266581277324e-05,-5.597590659478591580e-05
4.084981684981684662e-04,9.000000000000000000e+00,7.749999999999999944e-02,1.549999999999999989e-01,-4.229807323827893353e-05,-7.854386488532512497e-06,4.499813949582464942e-06,-5.015245972681144603e-05,-4.229807323827893353e-05,-3.790529204699462379e-05
4.084981684981684662e-04,1.000000000000000000e+01,1.925000000000000044e-01,1.549999999999999989e-01,1.930060779577893142e-05,3.953187694088960638e-06,1.243941551929239435e-04,2.325379548986789206e-05,1.930060779577893142e-05,1.342194781202730384e-04
4.084981684981684662e-04,1.300000000000000000e+01,7.749999999999999944e-02,6.500000000000000222e-02,-8.675441009677982093e-06,-5.189371377612622150e-06,-1.465793792023873730e-05,-1.386481238729060509e-05,-8.675441009677982093e-06,-2.157964503918384134e-05
4.084981684981684662e-04,1.400000000000000000e+01,1.925000000000000044e-01,6.500000000000000222e-02,-1.288966810898676242e-05,-3.100206985609737316e-05,-3.424580296387406329e-05,-4.389173796508413219e-05,-1.288966810898676242e-05,-5.291356885117476914e-05
4.134798534798534851e-04,9.000000000000000000e+00,7.749999999999999944e-02,1.549999999999999989e-01,-4.339136454473763638e-05,-8.626394914554632177e-06,6.448479146922837442e-07,-5.201775945929226855e-05,-4.339136454473763638e-05,-4.086124608253999989e-05
4.134798534798534851e-04,1.000000000000000000e+01,1.925000000000000044e-01,1.549999999999999989e-01,1.611813158592547541e-05,1.910647834298782882e-06,1.229410410248431100e-04,1.802877942022425829e-05,1.611813158592547541e-05,1.300594648016852007e-04
4.134798534798534851e-04,1.300000000000000000e+01,7.749999999999999944e-02,6.500000000000000222e-02,-7.128149322574507266e-06,-4.647620110211102294e-06,-1.158189790687095130e-05,-1.177576943278560956e-05,-7.128149322574507266e-06,-1.742840723826431332e-05
4.134798534798534851e-04,1.400000000000000000e+01,1.925000000000000044e-01,6.500000000000000222e-02,-1.332929317572295017e-05,-3.045860000029458796e-05,-2.942678765119879634e-05,-4.378789317601754151e-05,-1.332929317572295017e-05,-4.904633213828569691e-05
4.184615384615384499e-04,9.000000000000000000e+00,7.749999999999999944e-02,1.549999999999999989e-01,-4.368794646048376100e-05,-8.808595514104997637e-06,-4.807385468486564664e-06,-5.249654197458875695e-05,-4.368794646048376100e-05,-4.381393186797518860e-05
4.184615384615384499e-04,1.000000000000000000e+01,1.925000000000000044e-01,1.549999999999999989e-01,1.231963000422431440e-05,-1.377498021678373720e-06,1.210694332485984714e-04,1.094213198254593983e-05,1.231963000422431440e-05,1.246380605428492390e-04
4.184615384615384499e-04,1.300000000000000000e+01,7.749999999999999944e-02,6.500000000000000222e-02,-5.436587756100235145e-06,-3.958877268761524581e-06,-8.490434854908506012e-06,-9.395465024861759725e-06,-5.436587756100235145e-06,-1.311689474550996512e-05
4.184615384615384499e-04,1.400000000000000000e+01,1.925000000000000044e-01,6.500000000000000222e-02,-1.406851998952573519e-05,-2.927169900462015838e-05,-2.393722970408567938e-05,-4.334021899414589187e-05,-1.406851998952573519e-05,-4.419698111955886843e-05
4.234432234432234147e-04,9.000000000000000000e+00,7.749999999999999944e-02,1.549999999999999989e-01,-4.307790831375107817e-05,-8.239090222258243324e-06,-1.151384322364340239e-05,-5.131699853600932488e-05,-4.307790831375107817e-05,-4.648255128442688785e-05
4.234432234432234147e-04,1.000000000000000000e+01,1.925000000000000044e-01,1.549999999999999989e-01,8.322089416873339304e-06,-5.449056810322695710e-06,1.186817207038404085e-04,2.873032606550643594e-06,8.322089416873339304e-06,1.182946724944446555e-04
4.234432234432234147e-04,1.300000000000000000e+01,7.749999999999999944e-02,6.500000000000000222e-02,-3.759721456456168840e-06,-3.275226104593063071e-06,-5.558783349771781365e-06,-7.034947561049231487e-06,-3.759721456456168840e-06,-8.971557470063893272e-06
4.234432234432234147e-04,1.400000000000000000e+01,1.925000000000000044e-01,6.500000000000000222e-02,-1.498471345376024030e-05,-2.794727353275820310e-05,-1.804573644990168632e-05,-4.293198698651844679e-05,-1.498471345376024030e-05,-3.896858414517209029e-05
4.284249084249083794e-04,9.000000000000000000e+00,7.749999999999999944e-02,1.549999999999999989e-01,-4.164843786537998627e-05,-7.005216706290769159e-06,-1.892992634803866291e-05,-4.865365457167075458e-05,-4.164843786537998627e-05,-4.868826744118787375e-05
4.284249084249083794e-04,1.000000000000000000e+01,1.925000000000000044e-01,1.549999999999999989e-01,4.625973279783726129e-06,-9.939315630126329898e-06,1.159188364907412408e-04,-5.313342350342603769e-06,4.625973279783726129e-06,1.116150037692595706e-04
4.284249084249083794e-04,1.300000000000000000e+01,7.749999999999999944e-02,6.500000000000000222e-02,-2.262002953889758689e-06,-2.807182651001878139e-06,-3.171827455359210182e-06,-5.069185604891636405e-06,-2.262002953889758689e-06,-5.547948270304475141e-06
4.284249084249083794e-04,1.400000000000000000e+01,1.925000000000000044e-01,6.500000000000000222e-02,-1.580534052424749047e-05,-2.655186768753774315e-05,-1.252405631440159505e-05,-4.235720821178523023e-05,-1.580534052424749047e-05,-3.393208336695516426e-05
4.334065934065933984e-04,9.000000000000000000e+00,7.749999999999999944e-02,1.549999999999999989e-01,-3.966987859697100399e-05,-5.391723451193862998e-06,-2.631508072957578306e-05,-4.506160204816486953e-05,-3.966987859697100399e-05,-5.034058425381160662e-05
4.334065934065933984e-04,1.000000000000000000e+01,1.925000000000000044e-01,1.549999999999999989e-01,2.068116558159565205e-06,-1.442454496756480145e-05,1.133161799217252750e-04,-1.235642840940523582e-05,2.068116558159565205e-06,1.057986847185978261e-04
4.334065934065933984e-04,1.300000000000000000e+01,7.749999999999999944e-02,6.500000000000000222e-02,-1.090997257452082995e-06,-2.763728484930354194e-06,-1.556131513248104296e-06,-3.854725742382437189e-06,-1.090997257452082995e-06,-3.236884491534604047e-06
4.334065934065933984e-04,1.400000000000000000e+01,1.925000000000000044e-01,6.500000000000000222e-02,-1.621998447899189035e-05,-2.488295279526665487e-05,-8.304309463589684402e-06,-4.110293727425854522e-05,-1.621998447899189035e-05,-2.954048384555618223e-05
4.383882783882783632e-04,9.000000000000000000e+00,7.749999999999999944e-02,1.549999999999999989e-01,-3.741989220083386528e-05,-3.783662959400928938e-06,-3.297751231216662025e-05,-4.120355516023479125e-05,-3.741989220083386528e-05,-5.138606767953546393e-05
4.383882783882783632e-04,1.000000000000000000e+01,1.925000000000000044e-01,1.549999999999999989e-01,1.062567323917381940e-06,-1.841540200341130868e-05,1.118053996577118907e-04,-1.735283467949392717e-05,1.062567323917381940e-06,1.021927066609993836e-04
4.383882783882783632e-04,1.300000000000000000e+01,7.749999999999999944e-02,6.500000000000000222e-02,-2.385738159569151103e-07,-3.116967622022334612e-06,-6.201756086441570568e-07,-3.355541437979249881e-06,-2.385738159569151103e-07,-1.933890342478085867e-06
4.383882783882783632e-04,1.400000000000000000e+01,1.925000000000000044e-01,6.500000000000000222e-02,-1.603959581328836186e-05,-2.291495894160540072e-05,-5.797380548534730972e-06,-3.895455475489376259e-05,-1.603959581328836186e-05,-2.603937873483633177e-05
4.433699633699633279e-04,9.000000000000000000e+00,7.749999999999999944e-02,1.549999999999999989e-01,-3.512143195467507022e-05,-2.466430238361183326e-06,-3.853937528741501362e-05,-3.758786219303625651e-05,-3.512143195467507022e-05,-5.186707357863833655e-05
4.433699633699633279e-04,1.000000000000000000e+01,1.925000000000000044e-01,1.549999999999999989e-01,1.757512003540833216e-06,-2.146615895119163638e-05,1.114560181981661980e-04,-1.970864694765080401e-05,1.757512003540833216e-06,1.011257578168448039e-04
4.433699633699633279e-04,1.300000000000000000e+01,7.749999999999999944e-02,6.500000000000000222e-02,5.276528331701849563e-07,-3.519615928909285540e-06,2.436299540445099505e-07,-2.991963095739100584e-06,5.276528331701849563e-07,-7.731554633888945072e-07
4.433699633699633279e-04,1.400000000000000000e+01,1.925000000000000044e-01,6.500000000000000222e-02,-1.517793606282562391e-05,-2.070633835794514178e-05,-4.298387499989315714e-06,-3.588427442077076569e-05,-1.517793606282562391e-05,-2.295675047285232104e-05
4.483516483516483469e-04,9.000000000000000000e+00,7.749999999999999944e-02,1.549999999999999989e-01,-3.264181205463137801e-05,-1.559205679163195925e-06,-4.306023723804343036e-05,-3.420101773379457605e-05,-3.264181205463137801e-05,-5.169606275938029463e-05
4.483516483516483469e-04,1.000000000000000000e+01,1.925000000000000044e-01,1.549999999999999989e-01,3.841048440340028360e-06,-2.346887854544505513e-05,1.121872826779291617e-04,-1.962783010510502592e-05,3.841048440340028360e-06,1.023670199689812662e-04
4.483516483516483469e-04,1.300000000000000000e+01,7.749999999999999944e-02,6.500000000000000222e-02,1.392340148664867229e-06,-3.621090089178866134e-06,1.629620585314763433e-06,-2.228749940513998905e-06,1.392340148664867229e-06,1.069918633517450368e-06
4.483516483516483469e-04,1.400000000000000000e+01,1.925000000000000044e-01,6.500000000000000222e-02,-1.370290806858372319e-05,-1.835545112946665493e-05,-2.952605731064816701e-06,-3.205835919805037642e-05,-1.370290806858372319e-05,-1.976998737235720138e-05
4.533333333333333117e-04,9.000000000000000000e+00,7.749999999999999944e-02,1.549999999999999989e-01,-3.004208970202132154e-05,-1.043843758805407613e-06,-4.681498303122049435e-05,-3.108593346082672682e-05,-3.004208970202132154e-05,-5.106332591912058532e-05
4.533333333333333117e-04,1.000000000000000000e+01,1.925000000000000044e-01,1.549999999999999989e-01,6.257097017792695219e-06,-2.459143832812731991e-05,1.137039654106016050e-04,-1.833434131033462384e-05,6.257097017792695219e-06,1.049112094537833637e-04
4.533333333333333117e-04,1.300000000000000000e+01,7.749999999999999944e-02,6.500000000000000222e-02,2.390978009891047549e-06,-3.201719589183311903e-06,3.753931598005018060e-06,-8.107415792922643537e-07,2.390978009891047549e-06,3.910580988845398543e-06
4.533333333333333117e-04,1.400000000000000000e+01,1.925000000000000044e-01,6.500000000000000222e-02,-1.165124416161138238e-05,-1.576071639507651588e-05,-1.280578933418775409e-06,-2.741196055668789996e-05,-1.165124416161138238e-05,-1.605303780555813637e-05
4.583150183150182765e-04,9.000000000000000000e+00,7.749999999999999944e-02,1.549999999999999989e-01,-2.762122289719866594e-05,-8.408070256464239182e-07,-5.045933469057486189e-05,-2.846202992284508848e-05,-2.762122289719866594e-05,-5.056402184095580755e-05
4.583150183150182765e-04,1.000000000000000000e+01,1.925000000000000044e-01,1.549999999999999989e-01,8.086432112306409729e-06,-2.516138690485168159e-05,1.152663494327219788e-04,-1.707495479254527186e-05,8.086432112306409729e-06,1.073458037051956942e-04
4.583150183150182765e-04,1.300000000000000000e+01,7.749999999999999944e-02,6.500000000000000222e-02,3.610912634689173010e-06,-2.228375618694388279e-06,6.697215602123181956e-06,1.382537015994784731e-06,3.610912634689173010e-06,7.893872921279700714e-06
4.583150183150182765e-04,1.400000000000000000e+01,1.925000000000000044e-01,6.500000000000000222e-02,-9.061369197504757245e-06,-1.249880342643905362e-05,5.461773643631893094e-07,-2.156017262394380917e-05,-9.061369197504757245e-06,-1.157714674133472510e-05
4.632967032967032954e-04,9.000000000000000000e+00,7.749999999999999944e-02,1.549999999999999989e-01,-2.587096186075946527e-05,-1.004314224876027091e-06,-5.446658637310504311e-05,-2.687527608563549278e-05,-2.587096186075946527e-05,-5.089322473524652776e-05
4.632967032967032954e-04,1.000000000000000000e+01,1.925000000000000044e-01,1.549999999999999989e-01,8.647447541023175642e-06,-2.540566902165074310e-05,1.162458747409810477e-04,-1.675822148062756746e-05,8.647447541023175642e-06,1.085517553009598219e-04
4.632967032967032954e-04,1.300000000000000000e+01,7.749999999999999944e-02,6.500000000000000222e-02,5.006417901128908748e-06,-8.896628015694063413e-07,1.021467773092952729e-05,4.116755099559502513e-06,5.006417901128908748e-06,1.268217758874367281e-05
4.632967032967032954e-04,1.400000000000000000e+01,1.925000000000000044e-01,6.500000000000000222e-02,-6.348204954104793671e-06,-8.241199004301482913e-06,1.902171194331505067e-06,-1.458940395840627658e-05,-6.348204954104793671e-06,-6.578967625702496737e-06
4.682783882783882602e-04,9.000000000000000000e+00,7.749999999999999944e-02,1.549999999999999989e-01,-2.485091852628541455e-05,-1.552799503612824928e-06,-5.858769531897457068e-05,-2.640371802989823884e-05,-2.485091852628541455e-05,-5.198626653198589430e-05
4.682783882783882602e-04,1.000000000000000000e+01,1.925000000000000044e-01,1.549999999999999989e-01,7.820217155572998068e-06,-2.551054561757176475e-05,1.162866238088210364e-04,-1.769032846199876499e-05,7.820217155572998068e-06,1.080384555790254167e-04
4.682783882783882602e-04,1.300000000000000000e+01,7.749999999999999944e-02,6.500000000000000222e-02,6.516145235538718929e-06,6.156918301805431641e-07,1.401894247716628228e-05,7.131837065719262411e-06,6.516145235538718929e-06,1.788301213795094781e-05
4.682783882783882602e-04,1.400000000000000000e+01,1.925000000000000044e-01,6.500000000000000222e-02,-4.071343110893502219e-06,-3.139200880832732240e-06,2.488149059323084337e-06,-7.210543991726234883e-06,-4.071343110893502219e-06,-1.488269379045680483e-06
4.732600732600732250e-04,9.000000000000000000e+00,7.749999999999999944e-02,1.549999999999999989e-01,-2.435456125622359954e-05,-2.458203172234754434e-06,-6.231881591937983860e-05,-2.681276442845835525e-05,-2.435456125622359954e-05,-5.340186090706473875e-05
4.732600732600732250e-04,1.000000000000000000e+01,1.925000000000000044e-01,1.549999999999999989e-01,5.933521314441881046e-06,-2.555138943004802321e-05,1.152980387480488433e-04,-1.961786811560614302e-05,5.933521314441881046e-06,1.058932692654028458e-04
4.732600732600732250e-04,1.300000000000000000e+01,7.749999999999999944e-02,6.500000000000000222e-02,7.932883522862764088e-06,2.013404903544064682e-06,1.785466957412741438e-05,9.946288426406828346e-06,7.932883522862764088e-06,2.301583233261450876e-05
4.732600732600732250e-04,1.400000000000000000e+01,1.925000000000000044e-01,6.500000000000000222e-02,-2.756685234244285380e-06,2.292077134206587842e-06,2.451011798457833312e-06,-4.646081000376975379e-07,-2.756685234244285380e-06,3.284099779913045373e-06
4.782417582417582439e-04,9.000000000000000000e+00,7.749999999999999944e-02,1.549999999999999989e-01,-2.409720301154543362e-05,-3.672138458984021386e-06,-6.508949777639300757e-05,-2.776934147052945585e-05,-2.409720301154543362e-05,-5.459171462639899719e-05
4.782417582417582439e-04,1.000000000000000000e+01,1.925000000000000044e-01,1.549999999999999989e-01,3.396344143335836842e-06,-2.553274101580491228e-05,1.139172251242303338e-04,-2.213639687246907501e-05,3.396344143335836842e-06,1.029865420463852137e-04
4.782417582417582439e-04,1.300000000000000000e+01,7.749999999999999944e-02,6.500000000000000222e-02,9.068554007162548595e-06,3.135144589498656473e-06,2.143380040152489081e-05,1.220369859666120507e-05,9.068554007162548595e-06,2.762044390298846720e-05
4.782417582417582439e-04,1.400000000000000000e+01,1.925000000000000044e-01,6.500000000000000222e-02,-2.655666780728421258e-06,7.455647541207461882e-06,2.131172597896543759e-06,4.799980760479040624e-06,-2.655666780728421258e-06,7.439667122302073187e-06
4.832234432234432087e-04,9.000000000000000000e+00,7.749999999999999944e-02,1.549999999999999989e-01,-2.397582743356485826e-05,-5.125880600201003728e-06,-6.639783331195612235e-05,-2.910170803376586199e-05,-2.397582743356485826e-05,-5.520981665143883494e-05
4.832234432234432087e-04,1.000000000000000000e+01,1.925000000000000044e-01,1.549999999999999989e-01,6.064920609777059192e-07,-2.541600666757584263e-05,1.127412190402568630e-04,-2.480951460659813746e-05,6.064920609777059192e-07,1.001591764423157287e-04
4.832234432234432087e-04,1.300000000000000000e+01,7.749999999999999944e-02,6.500000000000000222e-02,1.004963446371180971e-05,4.102004548340704443e-06,2.476673495169628630e-05,1.415163901205251500e-05,1.004963446371180971e-05,3.183137473032879224e-05
4.832234432234432087e-04,1.400000000000000000e+01,1.925000000000000044e-01,6.500000000000000222e-02,-3.492897925805593171e-06,1.175894948526709068e-05,2.151474139961996455e-06,8.266051559461497090e-06,-3.492897925805593171e-06,1.096824831928977835e-05
4.882051282051281735e-04,9.000000000000000000e+00,7.749999999999999944e-02,1.549999999999999989e-01,-2.419254877829871776e-05,-6.674805816510479601e-06,-6.635648170333572076e-05,-3.086735459480919821e-05,-2.419254877829871776e-05,-5.549122170484082744e-05
4.882051282051281735e-04,1.000000000000000000e+01,1.925000000000000044e-01,1.549999999999999989e-01,-2.257474973817490706e-06,-2.530890572192614831e-05,1.122281697503048060e-04,-2.756638069574363987e-05,-2.257474973817490706e-06,9.792571493341014331e-05
4.882051282051281735e-04,1.300000000000000000e+01,7.749999999999999944e-02,6.500000000000000222e-02,1.111730999474746581e-05,5.146105357103871234e-06,2.805137035920537351e-05,1.626341535185133873e-05,1.111730999474746581e-05,3.607846398633659125e-05
4.882051282051281735e-04,1.400000000000000000e+01,1.925000000000000044e-01,6.500000000000000222e-02,-4.689763407225634654e-06,1.505258342966173731e-05,2.861210508105464733e-06,1.036282002243610350e-05,-4.689763407225634654e-06,1.408409153573446806e-05
4.931868131868131925e-04,9.000000000000000000e+00,7.749999999999999944e-02,1.549999999999999989e-01,-2.484381346946705195e-05,-8.016685295351502964e-06,-6.564606476553925998e-05,-3.286049876481855661e-05,-2.484381346946705195e-05,-5.583945463941516378e-05
4.931868131868131925e-04,1.000000000000000000e+01,1.925000000000000044e-01,1.549999999999999989e-01,-4.898730208768926867e-06,-2.544877485398221043e-05,1.121290761708326316e-04,-3.034750506275113560e-05,-4.898730208768926867e-06,9.613838656075079610e-05
4.931868131868131925e-04,1.300000000000000000e+01,7.749999999999999944e-02,6.500000000000000222e-02,1.241208088343254111e-05,6.458701408835103881e-06,3.133969731858989385e-05,1.887078229226764415e-05,1.241208088343254111e-05,4.057195712027060073e-05
4.931868131868131925e-04,1.400000000000000000e+01,1.925000000000000044e-01,6.500000000000000222e-02,-5.569516426359913482e-06,1.759586740128188427e-05,4.412142912925072941e-06,1.202635097492196995e-05,-5.569516426359913482e-06,1.722004010110289330e-05
4.981684981684981030e-04,9.000000000000000000e+00,7.749999999999999944e-02,1.549999999999999989e-01,-2.591667425311860586e-05,-8.957706208869221275e-06,-6.439896694590762315e-05,-3.487438046198782713e-05,-2.591667425311860586e-05,-5.629471323980450446e-05
4.981684981684981030e-04,1.000000000000000000e+01,1.925000000000000044e-01,1.549999999999999989e-01,-7.190081096086270330e-06,-2.593434229129387662e-05,1.121294009126035134e-04,-3.312442338738014441e-05,-7.190081096086270330e-06,9.453325223145001173e-05
4.981684981684981030e-04,1.300000000000000000e+01,7.749999999999999944e-02,6.500000000000000222e-02,1.383371396456858065e-05,8.178430526539276550e-06,3.437868783409524519e-05,2.201214449110785890e-05,1.383371396456858065e-05,4.505674056797932635e-05
4.981684981684981030e-04,1.400000000000000000e+01,1.925000000000000044e-01,6.500000000000000222e-02,-5.529862811001827976e-06,1.987897692991874468e-05,6.407214148211135148e-06,1.434911411891691670e-05,-5.529862811001827976e-06,2.059718991140190131e-05
