time_s,contact_force_N,impact_w_m,ball_travel_m,indentation_m,energy_J,S1_mean_exx_plus_eyy,S2_mean_exx_plus_eyy,S3_mean_exx_plus_eyy,S4_mean_exx_plus_eyy
0.000000000000000000e+00,0.000000000000000000e+00,0.000000000000000000e+00,0.000000000000000000e+00,0.000000000000000000e+00,6.227579619865871753e-03,0.000000000000000000e+00,0.000000000000000000e+00,0.000000000000000000e+00,0.000000000000000000e+00
4.999921876220684617e-06,1.935196563948926141e+01,9.643496287012229520e-08,8.844758344493077452e-06,8.748323381622954363e-06,6.227576680467319069e-03,-4.518455412264167305e-10,-4.518455412234408449e-10,-4.518455422931685974e-10,-4.518455422949213931e-10
9.999843752441369234e-06,5.047866861428646246e+01,9.848158739347497319e-07,1.756209944992917987e-05,1.657728357599443013e-05,6.227577035246874629e-03,-2.811565672867177147e-09,-2.811565672744852437e-09,-2.811565700521057938e-09,-2.811565700560375486e-09
1.499976562866205216e-05,7.969480191672865033e+01,3.486299408537449552e-06,2.596276928388076467e-05,2.247646987534331512e-05,6.227578146099005396e-03,-2.249012038254598306e-09,-2.249012037496439711e-09,-2.249012028131945367e-09,-2.249012028421490842e-09
1.999968750488273847e-05,9.942199761306630990e+01,7.819385195294939223e-06,3.386670818827945326e-05,2.604732299298451404e-05,6.227578860281112946e-03,-5.338074979476829571e-09,-5.338074977757682733e-09,-5.338074987227406032e-09,-5.338074988480952755e-09
2.499960938110342139e-05,1.084343978440381591e+02,1.355164022998452261e-05,4.115018313265031094e-05,2.759854290266578833e-05,6.227579131336560998e-03,-4.734883110132944147e-09,-4.734883109370396119e-09,-4.734883104886479147e-09,-4.734883108641477118e-09
2.999953125732410432e-05,1.094572645764826859e+02,1.998305310812910549e-05,4.775488317862265278e-05,2.777183007049354729e-05,6.227579204228099290e-03,-1.901756004636220179e-09,-1.901756010243338407e-09,-1.901755984334145310e-09,-1.901755993474854211e-09
3.499945313354478724e-05,1.058388103169566108e+02,2.651621333017973212e-05,5.367256381974297262e-05,2.715635048956324050e-05,6.227579181265000853e-03,-8.589581743517798475e-09,-8.589581762814760804e-09,-8.589581695056247692e-09,-8.589581715536796290e-09
3.999937500976547694e-05,9.989909300078703325e+01,3.279422425714217828e-05,5.892480944001692614e-05,2.613058518287474785e-05,6.227579080000239520e-03,-2.991316523387468982e-09,-2.991316563017182587e-09,-2.991316555434104410e-09,-2.991316597915519040e-09
4.499929688598615986e-05,9.289059431784326648e+01,3.865470920804258011e-05,6.354839860855329172e-05,2.489368940051071160e-05,6.227578948607279639e-03,1.445769405441194770e-09,1.445769338245468463e-09,1.445769361982461076e-09,1.445769283693182103e-09
4.999921876220684278e-05,8.540385422940836690e+01,4.404972358124177638e-05,6.758719212356970008e-05,2.353746854232792370e-05,6.227578850334102717e-03,-1.069586115443354567e-08,-1.069586126108721946e-08,-1.069586110573957037e-08,-1.069586123298305836e-08
5.499914063842752571e-05,7.771948346915108630e+01,4.898470140267395555e-05,7.108821809626983867e-05,2.210351669359588312e-05,6.227578773354635645e-03,-6.728229027428837754e-09,-6.728229191141812354e-09,-6.728229062290517698e-09,-6.728229248077453800e-09
5.999906251464820863e-05,6.999610101302033627e+01,5.348604964642899922e-05,7.409981548275444035e-05,2.061376583632544112e-05,6.227578710998640278e-03,1.343174968312402035e-08,1.343174944418034216e-08,1.343174968297444128e-08,1.343174943151628308e-08
6.499898439086889833e-05,6.243015122527751970e+01,5.757035443642361021e-05,7.667054484880430753e-05,1.910019041238069732e-05,6.227578653663898289e-03,-7.926540779164353990e-09,-7.926541104612314168e-09,-7.926540899279530326e-09,-7.926541223527818881e-09
6.999890626708957448e-05,5.525249632583416570e+01,6.124133127131003074e-05,7.884795332757542276e-05,1.760662205626539203e-05,6.227578613194778047e-03,-2.945436839062983886e-08,-2.945436880253632304e-08,-2.945436839936372462e-08,-2.945436880311660348e-08
7.499882814331026418e-05,4.862415018137823353e+01,6.450844378341009846e-05,8.067718170359059631e-05,1.616873792018049785e-05,6.227578579292020709e-03,1.914906602793441816e-08,1.914906553747139522e-08,1.914906579386754374e-08,1.914906530689326422e-08
7.999875001953095388e-05,4.264907695908579655e+01,6.738450060782943181e-05,8.219993977941181902e-05,1.481543917158238720e-05,6.227578570060711416e-03,3.817972220691439865e-08,3.817972164629317524e-08,3.817972223556613512e-08,3.817972166645376376e-08
8.499867189575163002e-05,3.736757508791080795e+01,6.988828093486759230e-05,8.345385101978657104e-05,1.356557008491897874e-05,6.227578537732608548e-03,-3.405442012730803615e-08,-3.405442074944770079e-08,-3.405442034829262566e-08,-3.405442099475315394e-08
8.999859377197231972e-05,3.268454905408736266e+01,7.206516184984538371e-05,8.447224721875925819e-05,1.240708536891387448e-05,6.227578525017382974e-03,-7.061015748960477217e-08,-7.061015815579789248e-08,-7.061015775031044896e-08,-7.061015846561665714e-08
9.499851564819299587e-05,2.847683990197063864e+01,7.396671166259104310e-05,8.528470154261926330e-05,1.131798988002822020e-05,6.227578550606468512e-03,1.473024277454831746e-08,1.473024209799078950e-08,1.473024312231626581e-08,1.473024235270916759e-08
9.999843752441368557e-05,2.468504524791481813e+01,7.562818365502439039e-05,8.591775755440376713e-05,1.028957389937937674e-05,6.227578488678974129e-03,1.272199964178271211e-07,1.272199957738832402e-07,1.272199957427053868e-07,1.272199949418294618e-07
1.049983594006343617e-04,2.129965460452996240e+01,7.706942893166787050e-05,8.639530871547190295e-05,9.325879783804032447e-06,6.227578503356174557e-03,6.882239155875853974e-08,6.882239098538384565e-08,6.882239192526657258e-08,6.882239112092098890e-08
1.099982812768550514e-04,1.828450641758450956e+01,7.831512090791093285e-05,8.673870533480634425e-05,8.423584426895411401e-06,6.227578575424956922e-03,-1.706780176576731702e-07,-1.706780181332317451e-07,-1.706780177804150734e-07,-1.706780185595984846e-07
1.149982031530757411e-04,1.559200230809329213e+01,7.939208669495182390e-05,8.696697149578723896e-05,7.574884800835415062e-06,6.227578471610360246e-03,-2.746653531058463900e-07,-2.746653534599142087e-07,-2.746653540645931892e-07,-2.746653547878349711e-07
1.199981250292964173e-04,1.320565147082696811e+01,8.031627504892957688e-05,8.709708115628780889e-05,6.780806107358232013e-06,6.227578427287289858e-03,2.497745477987297381e-08,2.497745457381390554e-08,2.497745495232106336e-08,2.497745431952391106e-08
1.249980469055170934e-04,1.112858370849935064e+01,8.109435361527213455e-05,8.714406565900154218e-05,6.049712043729407632e-06,6.227578592886143932e-03,5.018620159100564063e-07,5.018620158730718773e-07,5.018620156746696560e-07,5.018620151652802411e-07
1.299979687817377967e-04,9.320526717979653597e+00,8.174574652573001106e-05,8.712103458275424403e-05,5.375288057024232976e-06,6.227578623293496783e-03,5.078565829464802121e-07,5.078565830804776480e-07,5.078565821137279227e-07,5.078565817470060670e-07
1.349978906579584728e-04,7.729468977474043712e+00,8.229471909834901785e-05,8.703940948390979752e-05,4.744690385560779676e-06,6.227578415866362287e-03,-2.428502798536141686e-07,-2.428502795664426827e-07,-2.428502803230217227e-07,-2.428502805500880154e-07
1.399978125341791490e-04,6.343035238792073649e+00,8.275037461634111369e-05,8.690922076946846586e-05,4.158846153127352166e-06,6.227578320663527955e-03,-1.074121191959028615e-06,-1.074121191542477928e-06,-1.074121191415611027e-06,-1.074121191527829764e-06
1.449977344103998522e-04,5.159259439513929735e+00,8.311538570684353223e-05,8.673920347838349977e-05,3.623817771539967537e-06,6.227578527822491550e-03,-9.795505195175594547e-07,-9.795505189922194564e-07,-9.795505208594322261e-07,-9.795505208977251033e-07
1.499976562866205284e-04,4.143843921717128786e+00,8.340563797741416168e-05,8.653683478160483010e-05,3.131196804190668420e-06,6.227578749112046806e-03,2.193936899839527485e-07,2.193936905879076481e-07,2.193936889420554778e-07,2.193936889293022850e-07
1.549975781628412045e-04,3.240704185729355036e+00,8.365067008009502197e-05,8.630854393794350243e-05,2.657873857848480452e-06,6.227578678680821718e-03,1.592489556776587565e-06,1.592489557397418881e-06,1.592489557069841383e-06,1.592489557030823445e-06
1.599975000390619078e-04,2.429884106279686318e+00,8.386639399744465488e-05,8.606003293207744741e-05,2.193638934632792525e-06,6.227578396085723354e-03,1.959559229116388323e-06,1.959559229656802120e-06,1.959559229268308341e-06,1.959559229140239924e-06
1.649974219152825839e-04,1.753856583811199021e+00,8.403127951930093001e-05,8.579638565168436410e-05,1.765106132383434086e-06,6.227578251846921029e-03,9.493350896662797979e-07,9.493350900098533019e-07,9.493350892284465616e-07,9.493350889272414338e-07
1.699973437915032600e-04,1.243596007500136436e+00,8.411829440832616512e-05,8.552184364256465812e-05,1.403549234238492998e-06,6.227578362631374688e-03,-7.235085839623764344e-07,-7.235085839357829880e-07,-7.235085855523046044e-07,-7.235085861298761482e-07
1.749972656677239362e-04,8.559795344397178596e-01,8.414547842308996454e-05,8.523964562639955273e-05,1.094167203309588188e-06,6.227578548985762338e-03,-2.097559027571486526e-06,-2.097559027981675784e-06,-2.097559028288436812e-06,-2.097559029252481008e-06
1.799971875439446394e-04,5.113597790097185181e-01,8.417616434352374975e-05,8.495227887672470086e-05,7.761145332009511139e-07,6.227578673521621394e-03,-2.827477751138750672e-06,-2.827477752113397604e-06,-2.827477749507479565e-06,-2.827477750962528432e-06
1.849971094201653156e-04,1.966323857288497234e-01,8.425151901845843690e-05,8.466192291094549658e-05,4.104038924870596731e-07,6.227578653282346728e-03,-2.913426148066435665e-06,-2.913426149742398772e-06,-2.913426148680392674e-06,-2.913426150726880179e-06
1.899970312963859917e-04,4.931736024638344248e-03,8.433534558006308549e-05,8.437051036674590168e-05,3.516478668281618376e-08,6.227578612453005084e-03,-2.048426625426045362e-06,-2.048426627933745695e-06,-2.048426628367671357e-06,-2.048426631108937636e-06
1.949969531726066950e-04,0.000000000000000000e+00,8.435036646323962697e-05,8.407917774410078864e-05,0.000000000000000000e+00,6.227578668577188510e-03,2.400041019703967633e-07,2.400040985322256559e-07,2.400041012827949515e-07,2.400040977403642526e-07
1.999968750488273711e-04,0.000000000000000000e+00,8.427409321737583479e-05,8.378809032829859736e-05,0.000000000000000000e+00,6.227578604723115439e-03,3.568163758954114029e-06,3.568163754528503252e-06,3.568163759240824941e-06,3.568163754798131203e-06
2.049967969250480473e-04,0.000000000000000000e+00,8.417184799850869754e-05,8.349724815483252911e-05,0.000000000000000000e+00,6.227578386405147569e-03,6.414742334606193749e-06,6.414742329161774284e-06,6.414742336984891811e-06,6.414742331561995453e-06
2.099967188012687234e-04,0.000000000000000000e+00,8.414391830011984830e-05,8.320665122370258387e-05,0.000000000000000000e+00,6.227578253693510750e-03,7.440026615682334598e-06,7.440026609194204523e-06,7.440026615526739728e-06,7.440026609070388635e-06
2.149966406774894267e-04,0.000000000000000000e+00,8.423836053195604418e-05,8.291629953490876166e-05,0.000000000000000000e+00,6.227578153267089231e-03,6.204080635525910666e-06,6.204080627983434636e-06,6.204080631583797306e-06,6.204080624071379088e-06
2.199965625537101028e-04,0.000000000000000000e+00,8.439419204625044915e-05,8.262619308845107601e-05,0.000000000000000000e+00,6.227578127023216704e-03,2.699214400534329626e-06,2.699214391963086342e-06,2.699214401424773012e-06,2.699214392872310142e-06
2.249964844299307790e-04,0.000000000000000000e+00,8.448018880002329479e-05,8.233633188432944562e-05,0.000000000000000000e+00,6.227578395596383883e-03,-2.466940844412206020e-06,-2.466940853946395322e-06,-2.466940843829269052e-06,-2.466940853364539168e-06
2.299964063061514822e-04,0.000000000000000000e+00,8.440327668379960825e-05,8.204671592254395181e-05,0.000000000000000000e+00,6.227578795553272671e-03,-7.515456424871449291e-06,-7.515456435283932985e-06,-7.515456424840379276e-06,-7.515456435271735711e-06
2.349963281823721584e-04,0.000000000000000000e+00,8.419498029679580602e-05,8.175734520309456746e-05,0.000000000000000000e+00,6.227578968542517128e-03,-1.056099817189911829e-05,-1.056099818310397335e-05,-1.056099816936786705e-05,-1.056099818059646106e-05
2.399962500585928345e-04,0.000000000000000000e+00,8.399485319097432768e-05,8.146821972598131969e-05,0.000000000000000000e+00,6.227578942498483879e-03,-1.086421067805724596e-05,-1.086421068995884830e-05,-1.086421067711295669e-05,-1.086421068903332420e-05
2.449961719348135378e-04,0.000000000000000000e+00,8.394489911862225526e-05,8.117933949120418138e-05,0.000000000000000000e+00,6.227578893666011091e-03,-8.684599001645636372e-06,-8.684599014121669356e-06,-8.684599004309819266e-06,-8.684599016808776349e-06
2.499960938110341868e-04,0.000000000000000000e+00,8.409481896081865999e-05,8.089070449876317964e-05,0.000000000000000000e+00,6.227578781680968324e-03,-4.968823179437826339e-06,-4.968823192344858485e-06,-4.968823182509279614e-06,-4.968823195467799505e-06
2.549960156872548901e-04,0.000000000000000000e+00,8.438333791509040828e-05,8.060231474865830093e-05,0.000000000000000000e+00,6.227578510540253409e-03,-1.180981287198998732e-06,-1.180981300404709942e-06,-1.180981288736562161e-06,-1.180981302036964878e-06
2.599959375634755933e-04,0.000000000000000000e+00,8.467045604368545473e-05,8.031417024088954523e-05,0.000000000000000000e+00,6.227578219100446226e-03,1.425198116295487522e-06,1.425198102883466191e-06,1.425198118707590233e-06,1.425198105173274286e-06
2.649958594396962424e-04,0.000000000000000000e+00,8.480363820946527757e-05,8.002627097545688545e-05,0.000000000000000000e+00,6.227578106787435772e-03,2.436951222773845919e-06,2.436951209207712025e-06,2.436951225209095712e-06,2.436951211521941139e-06
2.699957813159169456e-04,0.000000000000000000e+00,8.469558286483471355e-05,7.973861695236032158e-05,0.000000000000000000e+00,6.227578146385466355e-03,2.472455408495432606e-06,2.472455394801708446e-06,2.472455404849338627e-06,2.472455391047412784e-06
2.749957031921376489e-04,0.000000000000000000e+00,8.436620118639036727e-05,7.945120817159988073e-05,0.000000000000000000e+00,6.227578248794868494e-03,2.716004189528267949e-06,2.716004175708606931e-06,2.716004185795713506e-06,2.716004171875079383e-06
2.799956250683582979e-04,0.000000000000000000e+00,8.393452090699035281e-05,7.916404463317556291e-05,0.000000000000000000e+00,6.227578340994023055e-03,3.992193705653216571e-06,3.992193691670212025e-06,3.992193703190970568e-06,3.992193689123632033e-06
2.849955469445790012e-04,0.000000000000000000e+00,8.357253510919941534e-05,7.887712633708736810e-05,0.000000000000000000e+00,6.227578446041143363e-03,6.472649331943364299e-06,6.472649317700419741e-06,6.472649324677275967e-06,6.472649310423746885e-06
2.899954688207997044e-04,0.000000000000000000e+00,8.343001993331940528e-05,7.859045328333530986e-05,0.000000000000000000e+00,6.227578609834172850e-03,9.753393634442019129e-06,9.753393619775121875e-06,9.753393628101926697e-06,9.753393613602462446e-06
2.949953906970203535e-04,0.000000000000000000e+00,8.357507511248124261e-05,7.830402547191936109e-05,0.000000000000000000e+00,6.227578725317095554e-03,1.307886478029892553e-05,1.307886476499443100e-05,1.307886477627452461e-05,1.307886476142727371e-05
2.999953125732410567e-04,0.000000000000000000e+00,8.397237973061464353e-05,7.801784290283954890e-05,0.000000000000000000e+00,6.227578651387457101e-03,1.559784460840200608e-05,1.559784459224025153e-05,1.559784460168024738e-05,1.559784458633341645e-05
3.049952344494617600e-04,0.000000000000000000e+00,8.450788259999158201e-05,7.773190557609584617e-05,0.000000000000000000e+00,6.227578478139457821e-03,1.667130321651425463e-05,1.667130319930063763e-05,1.667130321071330884e-05,1.667130319468006612e-05
3.099951563256824090e-04,0.000000000000000000e+00,8.502298567284267614e-05,7.744621349168822580e-05,0.000000000000000000e+00,6.227578489963953197e-03,1.593578679629916264e-05,1.593578677785572494e-05,1.593578678772972353e-05,1.593578677080805507e-05
3.149950782019031123e-04,0.000000000000000000e+00,8.535789376661131491e-05,7.716076664961671490e-05,0.000000000000000000e+00,6.227578582047177055e-03,1.330302873796378702e-05,1.330302871810626000e-05,1.330302872689369150e-05,1.330302870886989934e-05
3.199950000781238155e-04,0.000000000000000000e+00,8.541354639785262608e-05,7.687556504988134057e-05,0.000000000000000000e+00,6.227578584557046104e-03,9.271099695105930265e-06,9.271099673647441525e-06,9.271099684598398463e-06,9.271099665249225050e-06
3.249949219543444645e-04,0.000000000000000000e+00,8.519660490639568713e-05,7.659060869248208927e-05,0.000000000000000000e+00,6.227578591998975989e-03,4.605236332583334278e-06,4.605236309364877092e-06,4.605236317945586816e-06,4.605236297061582925e-06
3.299948438305651678e-04,0.000000000000000000e+00,8.479291226596590470e-05,7.630589757741896098e-05,0.000000000000000000e+00,6.227578604271920802e-03,-3.473439311658087156e-07,-3.473439562591055679e-07,-3.473439477017981465e-07,-3.473439702857090706e-07
3.349947657067858168e-04,0.000000000000000000e+00,8.430769776304100876e-05,7.602143170469195571e-05,0.000000000000000000e+00,6.227578523053532017e-03,-5.569591681971452560e-06,-5.569591709021873247e-06,-5.569591694886935554e-06,-5.569591719285485819e-06
3.399946875830065201e-04,0.000000000000000000e+00,8.382784310283356900e-05,7.573721107430107346e-05,0.000000000000000000e+00,6.227578390821242663e-03,-1.121104874092325076e-05,-1.121104876999570003e-05,-1.121104875397533730e-05,-1.121104878026781935e-05
3.449946094592272233e-04,0.000000000000000000e+00,8.341862997385951625e-05,7.545323568624632779e-05,0.000000000000000000e+00,6.227578378971522673e-03,-1.753061631438795889e-05,-1.753061634551946225e-05,-1.753061633110275481e-05,-1.753061635933937738e-05
3.499945313354478724e-04,0.000000000000000000e+00,8.313411909962502636e-05,7.516950554052763737e-05,0.000000000000000000e+00,6.227578448940375433e-03,-2.452920374758654984e-05,-2.452920378076460677e-05,-2.452920376661969865e-05,-2.452920379680647905e-05
3.549944532116685756e-04,0.000000000000000000e+00,8.300937877230650627e-05,7.488602063714508352e-05,0.000000000000000000e+00,6.227578531265520398e-03,-3.134575389224689384e-05,-3.134575392740877647e-05,-3.134575390886699486e-05,-3.134575394094845583e-05
3.599943750878892789e-04,0.000000000000000000e+00,8.303395621433389917e-05,7.460278097609863914e-05,0.000000000000000000e+00,6.227578760156338156e-03,-3.622369775656922059e-05,-3.622369779362519764e-05,-3.622369777340059873e-05,-3.622369780726117448e-05
3.649942969641099279e-04,0.000000000000000000e+00,8.315115862864799507e-05,7.431978655738833133e-05,0.000000000000000000e+00,6.227578985243013149e-03,-3.746473636376620618e-05,-3.746473640261318357e-05,-3.746473638392965608e-05,-3.746473641941812751e-05
3.699942188403306312e-04,0.000000000000000000e+00,8.329923441365388284e-05,7.403703738101413299e-05,0.000000000000000000e+00,6.227578968228357839e-03,-3.475361297165920017e-05,-3.475361301216420051e-05,-3.475361299240364691e-05,-3.475361302936814440e-05
3.749941407165513344e-04,0.000000000000000000e+00,8.347331651516603785e-05,7.375453344697607122e-05,0.000000000000000000e+00,6.227578744314106116e-03,-2.951590708775291038e-05,-2.951590712972863097e-05,-2.951590711150032270e-05,-2.951590714981050143e-05
3.799940625927719835e-04,0.000000000000000000e+00,8.373729810225172005e-05,7.347227475527413247e-05,0.000000000000000000e+00,6.227578484885476495e-03,-2.366574834989588070e-05,-2.366574839310923840e-05,-2.366574837452746328e-05,-2.366574841406513845e-05
3.849939844689926867e-04,0.000000000000000000e+00,8.417240730389024747e-05,7.319026130590831675e-05,0.000000000000000000e+00,6.227578375531570357e-03,-1.767510753695507178e-05,-1.767510758117069985e-05,-1.767510756033871056e-05,-1.767510760097109449e-05
3.899939063452133900e-04,0.000000000000000000e+00,8.480302077661277854e-05,7.290849309887859693e-05,0.000000000000000000e+00,6.227578320853277213e-03,-1.059552279910294483e-05,-1.059552284412580207e-05,-1.059552282172748453e-05,-1.059552286330201643e-05
3.949938282214340390e-04,0.000000000000000000e+00,8.555427418226357785e-05,7.262697013418497303e-05,0.000000000000000000e+00,6.227578216725055543e-03,-1.784097877486508854e-06,-1.784097923179646984e-06,-1.784097901537241344e-06,-1.784097943900401579e-06
3.999937500976547423e-04,0.000000000000000000e+00,8.627811879758318320e-05,7.234569241182747215e-05,0.000000000000000000e+00,6.227578187559543524e-03,8.053549117682921407e-06,8.053549071410666851e-06,8.053549092150786949e-06,8.053549049136441337e-06
4.049936719738754455e-04,0.000000000000000000e+00,8.684480907544627187e-05,7.206465993180609429e-05,0.000000000000000000e+00,6.227578294014329482e-03,1.733277920991945062e-05,1.733277916314036204e-05,1.733277918147154415e-05,1.733277913792327979e-05
4.099935938500960946e-04,0.000000000000000000e+00,8.720860556436903102e-05,7.178387269412083945e-05,0.000000000000000000e+00,6.227578513730073345e-03,2.460952769198912886e-05,2.460952764475938826e-05,2.460952766116702631e-05,2.460952761718081204e-05
4.149935157263167978e-04,0.000000000000000000e+00,8.737588588362182667e-05,7.150333069877172119e-05,0.000000000000000000e+00,6.227578658182712432e-03,2.920464361814125578e-05,2.920464357046568448e-05,2.920464359207700845e-05,2.920464354771452181e-05
4.199934376025374469e-04,0.000000000000000000e+00,8.732834016590527862e-05,7.122303394575871238e-05,0.000000000000000000e+00,6.227578581723975520e-03,3.119962528006354319e-05,3.119962523186798513e-05,3.119962525301982762e-05,3.119962520828674374e-05
4.249933594787581501e-04,0.000000000000000000e+00,8.699205860713427887e-05,7.094298243508184016e-05,0.000000000000000000e+00,6.227578427352923988e-03,3.108139776868504446e-05,3.108139771983987990e-05,3.108139773473933174e-05,3.108139768957738491e-05
4.299932813549788534e-04,0.000000000000000000e+00,8.628497331104027388e-05,7.066317616674107739e-05,0.000000000000000000e+00,6.227578427568932623e-03,2.949574538151698117e-05,2.949574533188829080e-05,2.949574534783773824e-05,2.949574530214331262e-05
4.349932032311995024e-04,0.000000000000000000e+00,8.519285203263713237e-05,7.038361514073639700e-05,0.000000000000000000e+00,6.227578550031113644e-03,2.699664212557010678e-05,2.699664207503808965e-05,2.699664209158813088e-05,2.699664204523358199e-05
4.399931251074202057e-04,0.000000000000000000e+00,8.380999786801819260e-05,7.010429935706782606e-05,0.000000000000000000e+00,6.227578524407895687e-03,2.371182351538760015e-05,2.371182346382512678e-05,2.371182348024806225e-05,2.371182343308208968e-05
4.449930469836409089e-04,0.000000000000000000e+00,8.232851911058801332e-05,6.982522881573539170e-05,0.000000000000000000e+00,6.227578366782106530e-03,1.932530802521360738e-05,1.932530797247297894e-05,1.932530798960299041e-05,1.932530794144162538e-05
4.499929688598615580e-04,0.000000000000000000e+00,8.097393645548165309e-05,6.954640351673908036e-05,0.000000000000000000e+00,6.227578183077685930e-03,1.363413753026917100e-05,1.363413747620320536e-05,1.363413748621323236e-05,1.363413743685106937e-05
4.549928907360822612e-04,0.000000000000000000e+00,7.991545936509065356e-05,6.926782346007889204e-05,0.000000000000000000e+00,6.227577968650832921e-03,7.122850014026010016e-06,7.122849958516402079e-06,7.122849968707943158e-06,7.122849917953901753e-06
4.599928126123029645e-04,0.000000000000000000e+00,7.921750451764875210e-05,6.898948864575482674e-05,0.000000000000000000e+00,6.227577969766907168e-03,9.439561427348039649e-07,9.439560856949149649e-07,9.439561022698867050e-07,9.439560499829452117e-07
4.649927344885236135e-04,0.000000000000000000e+00,7.886036595301088286e-05,6.871139907376688446e-05,0.000000000000000000e+00,6.227578254322499798e-03,-3.656189670900772362e-06,-3.656189729548654310e-06,-3.656189710551669996e-06,-3.656189764440569327e-06
4.699926563647443167e-04,0.000000000000000000e+00,7.879709286787590352e-05,6.843355474411507875e-05,0.000000000000000000e+00,6.227578586123868297e-03,-6.169018433762577821e-06,-6.169018494090738507e-06,-6.169018475837141225e-06,-6.169018531329805962e-06
4.749925782409650200e-04,0.000000000000000000e+00,7.900060875496448323e-05,6.815595565679934186e-05,0.000000000000000000e+00,6.227578878556019708e-03,-6.818561417567425191e-06,-6.818561479606129952e-06,-6.818561467246127776e-06,-6.818561524306686921e-06
4.799925001171856690e-04,0.000000000000000000e+00,7.947556604070445509e-05,6.787860181181972798e-05,0.000000000000000000e+00,6.227579008210636612e-03,-5.705978187167498912e-06,-5.705978250856153549e-06,-5.705978240401965341e-06,-5.705978298979741760e-06
4.849924219934063723e-04,0.000000000000000000e+00,8.024082033772447114e-05,6.760149320917622356e-05,0.000000000000000000e+00,6.227578899052768104e-03,-2.726056810358910586e-06,-2.726056875534064001e-06,-2.726056862870476323e-06,-2.726056922880026414e-06
4.899923438696270755e-04,0.000000000000000000e+00,8.130406486386017957e-05,6.732462984886885572e-05,0.000000000000000000e+00,6.227578722433682427e-03,1.656867259755089952e-06,1.656867193332958350e-06,1.656867206789864168e-06,1.656867145505295711e-06
4.949922657458477246e-04,0.000000000000000000e+00,8.262633318304834877e-05,6.704801173089759735e-05,0.000000000000000000e+00,6.227578631337182292e-03,5.963355534780297977e-06,5.963355467381061354e-06,5.963355479850589972e-06,5.963355417521533328e-06
4.999921876220683736e-04,0.000000000000000000e+00,8.410966409872203586e-05,6.677163885526247555e-05,0.000000000000000000e+00,6.227578649668150980e-03,8.288697699747367832e-06,8.288697631635927272e-06,8.288697642334199036e-06,8.288697579227168041e-06
5.049921094982891311e-04,0.000000000000000000e+00,8.561396121614421801e-05,6.649551122196347677e-05,0.000000000000000000e+00,6.227578711516546309e-03,7.941487348787826573e-06,7.941487280220343474e-06,7.941487287564371543e-06,7.941487223951546683e-06
5.099920313745097801e-04,0.000000000000000000e+00,8.699400367424737644e-05,6.621962883100060101e-05,0.000000000000000000e+00,6.227578781124862815e-03,5.804133536856354269e-06,5.804133468097849147e-06,5.804133477210759837e-06,5.804133413375805668e-06
5.149919532507304292e-04,0.000000000000000000e+00,8.814301676351764335e-05,6.594399168237383472e-05,0.000000000000000000e+00,6.227578703392535296e-03,3.029703282225939076e-06,3.029703213542676737e-06,3.029703220178793209e-06,3.029703156430686175e-06
5.199918751269511866e-04,0.000000000000000000e+00,8.902048248464471028e-05,6.566859977608315079e-05,0.000000000000000000e+00,6.227578476750568817e-03,7.183973693049031272e-07,7.183973009123162385e-07,7.183973037541709630e-07,7.183972404101731845e-07
5.249917970031718357e-04,0.000000000000000000e+00,8.963532205897808318e-05,6.539345311212858987e-05,0.000000000000000000e+00,6.227578409972303608e-03,2.358639238047387250e-07,2.358638558257698829e-07,2.358638573267407998e-07,2.358637946718585341e-07
5.299917188793924847e-04,0.000000000000000000e+00,9.001149393079733432e-05,6.511855169051015198e-05,0.000000000000000000e+00,6.227578563933604781e-03,2.506743320397294119e-06,2.506743252884794791e-06,2.506743251285599128e-06,2.506743189548450379e-06
5.349916407556132422e-04,0.000000000000000000e+00,9.017005536437133024e-05,6.484389551122783711e-05,0.000000000000000000e+00,6.227578629018413851e-03,7.180525189439174627e-06,7.180525122431220639e-06,7.180525116555078645e-06,7.180525055906863171e-06
5.399915626318338912e-04,0.000000000000000000e+00,9.013649433677070155e-05,6.456948457428165881e-05,0.000000000000000000e+00,6.227578427681608984e-03,1.317093231585906927e-05,1.317093224938358476e-05,1.317093224138955377e-05,1.317093218193669745e-05
5.449914845080545403e-04,0.000000000000000000e+00,8.994438533387878298e-05,6.429531887967158998e-05,0.000000000000000000e+00,6.227578244365201791e-03,1.946446957751027363e-05,1.946446951153640880e-05,1.946446950398147122e-05,1.946446944573523705e-05
5.499914063842752977e-04,0.000000000000000000e+00,8.961810158537377466e-05,6.402139842739765772e-05,0.000000000000000000e+00,6.227578336125942290e-03,2.505171158938265794e-05,2.505171152379378992e-05,2.505171151097903523e-05,2.505171145383770472e-05
5.549913282604959468e-04,0.000000000000000000e+00,8.916106428512393189e-05,6.374772321745983492e-05,0.000000000000000000e+00,6.227578548350147514e-03,2.894056395386850560e-05,2.894056388849137887e-05,2.894056387187055957e-05,2.894056381565428390e-05
5.599912501367165958e-04,0.000000000000000000e+00,8.857764941690235026e-05,6.347429324985809449e-05,0.000000000000000000e+00,6.227578609122459176e-03,3.034902267447517549e-05,3.034902260911872315e-05,3.034902258601130520e-05,3.034902253052298659e-05
5.649911720129373533e-04,0.000000000000000000e+00,8.789833821476849261e-05,6.320110852459246353e-05,0.000000000000000000e+00,6.227578512386211691e-03,2.868423544832088615e-05,2.868423538277450191e-05,2.868423536104289248e-05,2.868423530609384586e-05
5.699910938891580023e-04,0.000000000000000000e+00,8.719096280955977794e-05,6.292816904166296914e-05,0.000000000000000000e+00,6.227578329956112019e-03,2.390780164479458939e-05,2.390780157880038222e-05,2.390780155937812681e-05,2.390780150477630272e-05
5.749910157653786514e-04,0.000000000000000000e+00,8.653892677829079266e-05,6.265547480106959776e-05,0.000000000000000000e+00,6.227578173260242198e-03,1.681762548551621718e-05,1.681762541877141346e-05,1.681762539784139196e-05,1.681762534337920634e-05
5.799909376415994088e-04,0.000000000000000000e+00,8.600695370923200627e-05,6.238302580281234941e-05,0.000000000000000000e+00,6.227578246666729683e-03,8.880759739467842894e-06,8.880759671680783765e-06,8.880759645127379989e-06,8.880759590581768391e-06
5.849908595178200579e-04,0.000000000000000000e+00,8.562434427734472956e-05,6.211082204689122408e-05,0.000000000000000000e+00,6.227578619559891344e-03,2.159306710766268151e-06,2.159306641717967224e-06,2.159306616855921801e-06,2.159306562003967608e-06
5.899907813940407069e-04,0.000000000000000000e+00,8.537373792814378557e-05,6.183886353330622177e-05,0.000000000000000000e+00,6.227578995903312181e-03,-1.283123978182032458e-06,-1.283124048626640306e-06,-1.283124074086599722e-06,-1.283124129430709279e-06
5.949907032702614644e-04,0.000000000000000000e+00,8.517550012076463616e-05,6.156715026205735602e-05,0.000000000000000000e+00,6.227579082503139317e-03,-4.522709651322428262e-07,-4.522710370535842198e-07,-4.522710660898567639e-07,-4.522711220369055494e-07
5.999906251464821134e-04,0.000000000000000000e+00,8.490729451437209691e-05,6.129568223314455909e-05,0.000000000000000000e+00,6.227578989963167971e-03,3.805336444906514008e-06,3.805336371466960924e-06,3.805336349303628963e-06,3.805336292714510569e-06
6.049905470227027625e-04,0.000000000000000000e+00,8.447767157587868659e-05,6.102445944656787841e-05,0.000000000000000000e+00,6.227578880781489516e-03,9.164076468963174544e-06,9.164076394020286210e-06,9.164076370526563645e-06,9.164076313291417457e-06
6.099904688989235199e-04,0.000000000000000000e+00,8.389223465524898321e-05,6.075348190232733429e-05,0.000000000000000000e+00,6.227578608018462074e-03,1.306904545622565834e-05,1.306904537988088813e-05,1.306904534957824209e-05,1.306904529171627796e-05
6.149903907751441690e-04,0.000000000000000000e+00,8.324692790074510011e-05,6.048274960042289964e-05,0.000000000000000000e+00,6.227578292353720332e-03,1.370146506506305041e-05,1.370146498752471421e-05,1.370146495520606200e-05,1.370146489679294709e-05
6.199903126513648180e-04,0.000000000000000000e+00,8.264729104183357426e-05,6.021226254085458801e-05,0.000000000000000000e+00,6.227578239893628506e-03,1.088169783035802590e-05,1.088169775191739632e-05,1.088169772343397885e-05,1.088169766464874712e-05
6.249902345275855755e-04,0.000000000000000000e+00,8.213040397123270097e-05,5.994202072362239941e-05,0.000000000000000000e+00,6.227578299636388724e-03,6.225708786346266921e-06,6.225708707314054289e-06,6.225708682984016284e-06,6.225708624115734670e-06
6.299901564038062245e-04,0.000000000000000000e+00,8.166216689436825785e-05,5.967202414872632704e-05,0.000000000000000000e+00,6.227578210916018264e-03,1.621178217860216492e-06,1.621178138524200247e-06,1.621178111799883221e-06,1.621178053207537836e-06
6.349900782800268735e-04,0.000000000000000000e+00,8.120353112348769416e-05,5.940227281616636414e-05,0.000000000000000000e+00,6.227578051904827765e-03,-2.158750894070947418e-06,-2.158750973422528741e-06,-2.158751007324000933e-06,-2.158751065252685839e-06
6.399900001562476310e-04,0.000000000000000000e+00,8.075784295202592970e-05,5.913276672594252426e-05,0.000000000000000000e+00,6.227578033080334585e-03,-5.275015218353957532e-06,-5.275015297386732594e-06,-5.275015324435845462e-06,-5.275015381294920880e-06
6.449899220324682800e-04,0.000000000000000000e+00,8.035438805797871895e-05,5.886350587805480741e-05,0.000000000000000000e+00,6.227578201557120059e-03,-8.033630221650037522e-06,-8.033630299989732957e-06,-8.033630323155828261e-06,-8.033630378519175631e-06
6.499898439086889291e-04,0.000000000000000000e+00,8.001495727258500887e-05,5.859449027250321357e-05,0.000000000000000000e+00,6.227578489199247190e-03,-1.006994069472326148e-05,-1.006994077201270721e-05,-1.006994080319692989e-05,-1.006994085664472581e-05
6.549897657849095781e-04,0.000000000000000000e+00,7.974686606053530422e-05,5.832571990928771564e-05,0.000000000000000000e+00,6.227578663982664964e-03,-1.060649030567873416e-05,-1.060649038160928494e-05,-1.060649041785351135e-05,-1.060649046902446237e-05
6.599896876611303356e-04,0.000000000000000000e+00,7.953179692729613471e-05,5.805719478840834751e-05,0.000000000000000000e+00,6.227578657606075603e-03,-9.375141971523471578e-06,-9.375142045819143732e-06,-9.375142085647693397e-06,-9.375142134272764922e-06
6.649896095373509846e-04,0.000000000000000000e+00,7.930627035594691517e-05,5.778891490986510241e-05,0.000000000000000000e+00,6.227578674252504630e-03,-6.978426802585472978e-06,-6.978426874994053981e-06,-6.978426912820961454e-06,-6.978426958718949419e-06
6.699895314135716337e-04,0.000000000000000000e+00,7.898167564222276042e-05,5.752088027365798032e-05,0.000000000000000000e+00,6.227578689630641762e-03,-4.711254088291245930e-06,-4.711254158620083220e-06,-4.711254198286768277e-06,-4.711254241349323616e-06
6.749894532897923911e-04,0.000000000000000000e+00,7.849483294141969226e-05,5.725309087978695414e-05,0.000000000000000000e+00,6.227578776796974941e-03,-3.792106393605946067e-06,-3.792106461780477029e-06,-3.792106502373207961e-06,-3.792106542560086444e-06
6.799893751660130402e-04,0.000000000000000000e+00,7.783801110955681948e-05,5.698554672825205099e-05,0.000000000000000000e+00,6.227578940780109304e-03,-4.580360093317749363e-06,-4.580360159405062394e-06,-4.580360201430384385e-06,-4.580360238780220879e-06
6.849892970422336892e-04,0.000000000000000000e+00,7.705505271845293480e-05,5.671824781905327085e-05,0.000000000000000000e+00,6.227578860866511863e-03,-6.652052208903739766e-06,-6.652052273079075818e-06,-6.652052313937698862e-06,-6.652052348589647328e-06
6.899892189184544467e-04,0.000000000000000000e+00,7.620460522070699675e-05,5.645119415219062052e-05,0.000000000000000000e+00,6.227578497051504229e-03,-9.381527562455102030e-06,-9.381527624951056351e-06,-9.381527669502309365e-06,-9.381527701704204866e-06
6.949891407946750957e-04,0.000000000000000000e+00,7.532052540354612689e-05,5.618438572766406609e-05,0.000000000000000000e+00,6.227578132379434778e-03,-1.268083195778555316e-05,-1.268083201888458413e-05,-1.268083206670497097e-05,-1.268083209677984477e-05
6.999890626708957448e-04,0.000000000000000000e+00,7.440250994004450613e-05,5.591782254547363469e-05,0.000000000000000000e+00,6.227578017521705547e-03,-1.722249888421210090e-05,-1.722249894427457022e-05,-1.722249898903779831e-05,-1.722249901733961870e-05
7.049889845471165022e-04,0.000000000000000000e+00,7.345964589379922220e-05,5.565150460561932630e-05,0.000000000000000000e+00,6.227578129017349862e-03,-2.357534012701011761e-05,-2.357534018647857289e-05,-2.357534023158829506e-05,-2.357534025850246541e-05
7.099889064233371513e-04,0.000000000000000000e+00,7.257802242873701774e-05,5.538543190810114094e-05,0.000000000000000000e+00,6.227578249682165674e-03,-3.120752923162705642e-05,-3.120752929097404040e-05,-3.120752933832953151e-05,-3.120752936430055778e-05
7.149888282995578003e-04,0.000000000000000000e+00,7.192221724879612171e-05,5.511960445291906504e-05,0.000000000000000000e+00,6.227578333015248296e-03,-3.893335237915389313e-05,-3.893335243880044217e-05,-3.893335248269053176e-05,-3.893335250820310992e-05
7.199887501757785578e-04,0.000000000000000000e+00,7.165307735119116667e-05,5.485402224007309861e-05,0.000000000000000000e+00,6.227578420598966352e-03,-4.592755706246239104e-05,-4.592755712272364205e-05,-4.592755716049165532e-05,-4.592755718600008641e-05
7.249886720519992068e-04,0.000000000000000000e+00,7.185171074115854096e-05,5.458868526956326198e-05,0.000000000000000000e+00,6.227578590669895046e-03,-5.171878673701675588e-05,-5.171878679811600708e-05,-5.171878683569568766e-05,-5.171878686156837680e-05
7.299885939282198559e-04,0.000000000000000000e+00,7.251125292909151390e-05,5.432359354138954836e-05,0.000000000000000000e+00,6.227578786705528953e-03,-5.561353406693275871e-05,-5.561353412905721793e-05,-5.561353416479441212e-05,-5.561353419131592171e-05
7.349885158044406133e-04,0.000000000000000000e+00,7.356845049994451598e-05,5.405874705555194421e-05,0.000000000000000000e+00,6.227578779565121764e-03,-5.704138686887539342e-05,-5.704138693218432319e-05,-5.704138696788935045e-05,-5.704138699528031565e-05
7.399884376806612624e-04,0.000000000000000000e+00,7.493124785178030978e-05,5.379414581205044953e-05,0.000000000000000000e+00,6.227578591135049871e-03,-5.605949824816289505e-05,-5.605949831271502524e-05,-5.605949833880827498e-05,-5.605949836720657920e-05
7.449883595568819114e-04,0.000000000000000000e+00,7.649560762572366762e-05,5.352978981088507787e-05,0.000000000000000000e+00,6.227578530760963064e-03,-5.346808367573816965e-05,-5.346808374142763469e-05,-5.346808376497160664e-05,-5.346808379438223720e-05
7.499882814331026689e-04,0.000000000000000000e+00,7.815205885994880905e-05,5.326567905205582923e-05,0.000000000000000000e+00,6.227578699803885086e-03,-5.039527945380711484e-05,-5.039527952039759255e-05,-5.039527954274328393e-05,-5.039527957301755606e-05
7.549882033093233179e-04,0.000000000000000000e+00,7.980784416305914699e-05,5.300181353556270361e-05,0.000000000000000000e+00,6.227578798420070616e-03,-4.793285573942666092e-05,-4.793285580664289946e-05,-4.793285582279198240e-05,-4.793285585365898108e-05
7.599881251855439670e-04,0.000000000000000000e+00,8.142611586528777164e-05,5.273819326140568068e-05,0.000000000000000000e+00,6.227578678837703170e-03,-4.722354947757377087e-05,-4.722354954512762997e-05,-4.722354956068211610e-05,-4.722354959180279777e-05
7.649880470617647244e-04,0.000000000000000000e+00,8.303616907764279210e-05,5.247481822958478077e-05,0.000000000000000000e+00,6.227578520645917111e-03,-4.923706030311307173e-05,-4.923706037065525532e-05,-4.923706038554846623e-05,-4.923706041653922659e-05
7.699879689379853735e-04,0.000000000000000000e+00,8.467068346931730263e-05,5.221168844010000388e-05,0.000000000000000000e+00,6.227578442610481359e-03,-5.368950171023227202e-05,-5.368950177732133365e-05,-5.368950178827123349e-05,-5.368950181870261329e-05
7.749878908142060225e-04,0.000000000000000000e+00,8.630235621983122169e-05,5.194880389295135001e-05,0.000000000000000000e+00,6.227578413952493050e-03,-5.857848545149348460e-05,-5.857848551763022369e-05,-5.857848552229577604e-05,-5.857848555170579673e-05
7.799878126904267800e-04,0.000000000000000000e+00,8.784921436050800074e-05,5.168616458813879205e-05,0.000000000000000000e+00,6.227578376005618241e-03,-6.115778279563813551e-05,-6.115778286032288395e-05,-6.115778286516728899e-05,-6.115778289309965732e-05
7.849877345666474290e-04,0.000000000000000000e+00,8.923368137367034025e-05,5.142377052566236389e-05,0.000000000000000000e+00,6.227578376436169669e-03,-5.987151717286091598e-05,-5.987151723561912525e-05,-5.987151723449034882e-05,-5.987151726053588011e-05
7.899876564428680780e-04,0.000000000000000000e+00,9.042287920134259836e-05,5.116162170552205875e-05,0.000000000000000000e+00,6.227578567858102661e-03,-5.529391416180612308e-05,-5.529391422218538950e-05,-5.529391422302647966e-05,-5.529391424685746025e-05
7.949875783190888355e-04,0.000000000000000000e+00,9.142569222213155721e-05,5.089971812771787663e-05,0.000000000000000000e+00,6.227578756949918651e-03,-4.909786268608009799e-05,-4.909786274366349161e-05,-4.909786274654593795e-05,-4.909786276791942524e-05
7.999875001953094845e-04,0.000000000000000000e+00,9.227042420643049008e-05,5.063805979224979042e-05,0.000000000000000000e+00,6.227578629793738968e-03,-4.272069632995998528e-05,-4.272069638441201330e-05,-4.272069638566819026e-05,-4.272069640438343066e-05
8.049874220715301336e-04,0.000000000000000000e+00,9.300548689548438809e-05,5.037664669911782724e-05,0.000000000000000000e+00,6.227578359660475120e-03,-3.718878809112973296e-05,-3.718878814224029053e-05,-3.718878814116762156e-05,-3.718878815702595536e-05
8.099873439477508911e-04,0.000000000000000000e+00,9.371929298041338280e-05,5.011547884832198707e-05,0.000000000000000000e+00,6.227578335981595950e-03,-3.310802328058460881e-05,-3.310802332826853187e-05,-3.310802332808857463e-05,-3.310802334093402579e-05
8.149872658239715401e-04,0.000000000000000000e+00,9.452368762908208179e-05,4.985455623986227670e-05,0.000000000000000000e+00,6.227578482212843547e-03,-3.056467338264230423e-05,-3.056467342689636726e-05,-3.056467343027900350e-05,-3.056467344009043685e-05
8.199871877001921891e-04,0.000000000000000000e+00,9.550329149409636769e-05,4.959387887373866902e-05,0.000000000000000000e+00,6.227578530941045576e-03,-2.912479089474025388e-05,-2.912479093560069973e-05,-2.912479093602389095e-05,-2.912479094293937625e-05
8.249871095764128382e-04,0.000000000000000000e+00,9.667858704716237174e-05,4.933344674995117758e-05,0.000000000000000000e+00,6.227578534114625031e-03,-2.823814891020364585e-05,-2.823814894774079521e-05,-2.823814894661922872e-05,-2.823814895085502365e-05
8.299870314526335956e-04,0.000000000000000000e+00,9.799720147206783321e-05,4.907325986849980917e-05,0.000000000000000000e+00,6.227578506528087809e-03,-2.778259354899192097e-05,-2.778259358334302705e-05,-2.778259358174668166e-05,-2.778259358351964359e-05
8.349869533288542447e-04,0.000000000000000000e+00,9.935946459070322471e-05,4.881331822938456377e-05,0.000000000000000000e+00,6.227578441855965985e-03,-2.788410699925961735e-05,-2.788410703065977584e-05,-2.788410703102620907e-05,-2.788410703057238915e-05
8.399868752050748937e-04,0.000000000000000000e+00,1.006619551529525032e-04,4.855362183260542784e-05,0.000000000000000000e+00,6.227578469827708095e-03,-2.786940521855555241e-05,-2.786940524731294099e-05,-2.786940524947659857e-05,-2.786940524711190281e-05
8.449867970812956512e-04,0.000000000000000000e+00,1.018362535287491882e-04,4.829417067816240138e-05,0.000000000000000000e+00,6.227578619959812760e-03,-2.636913844208576207e-05,-2.636913846849665255e-05,-2.636913847076943846e-05,-2.636913846688283117e-05
8.499867189575163002e-04,0.000000000000000000e+00,1.028732975778919365e-04,4.803496476605550471e-05,0.000000000000000000e+00,6.227578692741557800e-03,-2.268159988514953195e-05,-2.268159990944335167e-05,-2.268159990504839925e-05,-2.268159990001521767e-05
8.549866408337369493e-04,0.000000000000000000e+00,1.038300845410018713e-04,4.777600409628473106e-05,0.000000000000000000e+00,6.227578541959800928e-03,-1.734519102459064710e-05,-1.734519104697526811e-05,-1.734519104097148842e-05,-1.734519103507460767e-05
8.599865627099577067e-04,0.000000000000000000e+00,1.048065553138854370e-04,4.751728866885007366e-05,0.000000000000000000e+00,6.227578327063625421e-03,-1.151799705479012185e-05,-1.151799707552549857e-05,-1.151799707011943784e-05,-1.151799706354509675e-05
8.649864845861783558e-04,0.000000000000000000e+00,1.058867002846929951e-04,4.725881848375151895e-05,0.000000000000000000e+00,6.227578315035091870e-03,-6.577585143542029435e-06,-6.577585162913767806e-06,-6.577585156475824434e-06,-6.577585149346846172e-06
8.699864064623990048e-04,0.000000000000000000e+00,1.070760729616068653e-04,4.700059354098908726e-05,0.000000000000000000e+00,6.227578509382849375e-03,-3.611035918605259552e-06,-3.611035936819812004e-06,-3.611035929451732435e-06,-3.611035921813226586e-06
8.749863283386197623e-04,0.000000000000000000e+00,1.082922442022489436e-04,4.674261384056277858e-05,0.000000000000000000e+00,6.227578587010895728e-03,-2.642832292199514122e-06,-2.642832309325564862e-06,-2.642832302590077027e-06,-2.642832294355483600e-06
8.799862502148404113e-04,0.000000000000000000e+00,1.094176034514521918e-04,4.648487938247259293e-05,0.000000000000000000e+00,6.227578445050120995e-03,-2.619994916775053877e-06,-2.619994932777234197e-06,-2.619994927555254478e-06,-2.619994918496013491e-06
8.849861720910610604e-04,0.000000000000000000e+00,1.103657275337152432e-04,4.622739016671850997e-05,0.000000000000000000e+00,6.227578340403070421e-03,-2.526607949699569185e-06,-2.526607964481662920e-06,-2.526607959711445259e-06,-2.526607949519236718e-06
8.899860939672818178e-04,0.000000000000000000e+00,1.110884982995904779e-04,4.597014619330055002e-05,0.000000000000000000e+00,6.227578422151835297e-03,-2.291378422199521219e-06,-2.291378435580307363e-06,-2.291378428208096391e-06,-2.291378416567441181e-06
8.949860158435024669e-04,0.000000000000000000e+00,1.115124989327721577e-04,4.571314746221871310e-05,0.000000000000000000e+00,6.227578553965174187e-03,-2.274350155026539567e-06,-2.274350166679691901e-06,-2.274350153928108088e-06,-2.274350140536749279e-06
8.999859377197231159e-04,0.000000000000000000e+00,1.115035109172814295e-04,4.545639397347299920e-05,0.000000000000000000e+00,6.227578612574275266e-03,-2.473132592388673505e-06,-2.473132601831733920e-06,-2.473132587875212283e-06,-2.473132572409363060e-06
9.049858595959438734e-04,0.000000000000000000e+00,1.109222589602791028e-04,4.519988572706338121e-05,0.000000000000000000e+00,6.227578623957264435e-03,-2.702676391304127169e-06,-2.702676397978939917e-06,-2.702676386538282315e-06,-2.702676368602259707e-06
9.099857814721645224e-04,0.000000000000000000e+00,1.097092663580609493e-04,4.494362272298989302e-05,0.000000000000000000e+00,6.227578566439175185e-03,-2.819996108076494662e-06,-2.819996111462830741e-06,-2.819996103570303946e-06,-2.819996082693081402e-06
9.149857033483851715e-04,0.000000000000000000e+00,1.079215217651208403e-04,4.468760496125252785e-05,0.000000000000000000e+00,6.227578542823743527e-03,-2.537834107807331061e-06,-2.537834107473409497e-06,-2.537834105519543351e-06,-2.537834081233289327e-06
9.199856252246059289e-04,0.000000000000000000e+00,1.057030763103215473e-04,4.443183244185128569e-05,0.000000000000000000e+00,6.227578629973271572e-03,-1.383797758725622537e-06,-1.383797754296206041e-06,-1.383797749880358589e-06,-1.383797721815976784e-06
9.249855471008265780e-04,0.000000000000000000e+00,1.032154642234803151e-04,4.417630516478614623e-05,0.000000000000000000e+00,6.227578623024976334e-03,8.989675529141626604e-07,8.989675617878458342e-07,8.989675700579033661e-07,8.989676021673418331e-07
9.299854689770472270e-04,0.000000000000000000e+00,1.005809882762825219e-04,4.392102313005712301e-05,0.000000000000000000e+00,6.227578508555890215e-03,4.158684980872364135e-06,4.158684994481939807e-06,4.158684997762883812e-06,4.158685034152609307e-06
9.349853908532679845e-04,0.000000000000000000e+00,9.788529282715903446e-05,4.366598633766422281e-05,0.000000000000000000e+00,6.227578467583207503e-03,8.155844177911726324e-06,8.155844196429252297e-06,8.155844194116488127e-06,8.155844235001299736e-06
9.399853127294886335e-04,0.000000000000000000e+00,9.522597266948217270e-05,4.341119478760745241e-05,0.000000000000000000e+00,6.227578579362651710e-03,1.268031370588549630e-05,1.268031372933430071e-05,1.268031371557361182e-05,1.268031376105399391e-05
9.449852346057092825e-04,0.000000000000000000e+00,9.272054900935835381e-05,4.315664847988678470e-05,0.000000000000000000e+00,6.227578724377942285e-03,1.722606921482295057e-05,1.722606924311990222e-05,1.722606922778185332e-05,1.722606927774698518e-05
9.499851564819300400e-04,0.000000000000000000e+00,9.045824880875916586e-05,4.290234741450223323e-05,0.000000000000000000e+00,6.227578738099232014e-03,2.110627139490265256e-05,2.110627142793346467e-05,2.110627141880679647e-05,2.110627147294086525e-05
9.549850783581506890e-04,0.000000000000000000e+00,8.845030661193067781e-05,4.264829159145380478e-05,0.000000000000000000e+00,6.227578726120521456e-03,2.384071842996148585e-05,2.384071846759574584e-05,2.384071845420993510e-05,2.384071851208606331e-05
9.599850002343713381e-04,0.000000000000000000e+00,8.663625110315391039e-05,4.239448101074149935e-05,0.000000000000000000e+00,6.227578697127161660e-03,2.560067179307923995e-05,2.560067183510305507e-05,2.560067182049662580e-05,2.560067188166099690e-05
9.649849221105920955e-04,0.000000000000000000e+00,8.492483251034614426e-05,4.214091567236530339e-05,0.000000000000000000e+00,6.227578594751695916e-03,2.741417272776920660e-05,2.741417277384082277e-05,2.741417275761341300e-05,2.741417282159565604e-05
9.699848439868127446e-04,0.000000000000000000e+00,8.323887899971637552e-05,4.188759557632521689e-05,0.000000000000000000e+00,6.227578472763274815e-03,3.067408439118307915e-05,3.067408444088901893e-05,3.067408442248755341e-05,3.067408448878556081e-05
9.749847658630333936e-04,0.000000000000000000e+00,8.153706092575584337e-05,4.163452072262126020e-05,0.000000000000000000e+00,6.227578387726500318e-03,3.586878880924107311e-05,3.586878886217765753e-05,3.586878884254863121e-05,3.586878891066478466e-05
9.799846877392541511e-04,0.000000000000000000e+00,7.980583972068229699e-05,4.138169111125342652e-05,0.000000000000000000e+00,6.227578374214876207e-03,4.171313109421030132e-05,4.171313114998864740e-05,4.171313113278164741e-05,4.171313120230344187e-05
9.849846096154748001e-04,0.000000000000000000e+00,7.805275041424009649e-05,4.112910674222170908e-05,0.000000000000000000e+00,6.227578444867785078e-03,4.630176801081424944e-05,4.630176806901743400e-05,4.630176804978439220e-05,4.630176812043342488e-05
9.899845314916954492e-04,0.000000000000000000e+00,7.631524650530545654e-05,4.087676761552609434e-05,0.000000000000000000e+00,6.227578441129407415e-03,4.897218349403809084e-05,4.897218355423258211e-05,4.897218353390774871e-05,4.897218360551854326e-05
9.949844533679160982e-04,0.000000000000000000e+00,7.464581097973554263e-05,4.062467373116660261e-05,0.000000000000000000e+00,6.227578353202429216e-03,5.047189593518045414e-05,5.047189599699491964e-05,5.047189598249785588e-05,5.047189605496963570e-05
9.999843752441367473e-04,0.000000000000000000e+00,7.308530636828003836e-05,4.037282508914323391e-05,0.000000000000000000e+00,6.227578289512534712e-03,5.211301519162144641e-05,5.211301525481305195e-05,5.211301523836429553e-05,5.211301531164951837e-05
1.004984297120357613e-03,0.000000000000000000e+00,7.166744568215831007e-05,4.012122168945598822e-05,0.000000000000000000e+00,6.227578258598136067e-03,5.496395476618768272e-05,5.496395483064270905e-05,5.496395481191689090e-05,5.496395488606053758e-05
1.009984218996578262e-03,0.000000000000000000e+00,7.044014638964187359e-05,3.986986353210484523e-05,0.000000000000000000e+00,6.227578311974645009e-03,5.905618798589540319e-05,5.905618805159592710e-05,5.905618803603859493e-05,5.905618811122029742e-05
1.014984140872798911e-03,0.000000000000000000e+00,6.945838259259298081e-05,3.961875061708982525e-05,0.000000000000000000e+00,6.227578533225590525e-03,6.335833033396378136e-05,6.335833040096770601e-05,6.335833038921331460e-05,6.335833046572609888e-05
1.019984062749019560e-03,0.000000000000000000e+00,6.873720743631235195e-05,3.936788294441092830e-05,0.000000000000000000e+00,6.227578728601064137e-03,6.667335607719950842e-05,6.667335614564832221e-05,6.667335613411529778e-05,6.667335621227563568e-05
1.024983984625240209e-03,0.000000000000000000e+00,6.820375875997444445e-05,3.911726051406815436e-05,0.000000000000000000e+00,6.227578655854154079e-03,6.806058766844428481e-05,6.806058773858258374e-05,6.806058773073278383e-05,6.806058781081306759e-05
1.029983906501460858e-03,0.000000000000000000e+00,6.771996440535114426e-05,3.886688332606148312e-05,0.000000000000000000e+00,6.227578425218032766e-03,6.678762625402088658e-05,6.678762632618126321e-05,6.678762631501450938e-05,6.678762639730290640e-05
1.034983828377681724e-03,0.000000000000000000e+00,6.715777321730151395e-05,3.861675138039093489e-05,0.000000000000000000e+00,6.227578210936217384e-03,6.284514537688006149e-05,6.284514545141489509e-05,6.284514543949539325e-05,6.284514552441047331e-05
1.039983750253902373e-03,0.000000000000000000e+00,6.647161970451647003e-05,3.836686467705650969e-05,0.000000000000000000e+00,6.227578116357676205e-03,5.732489320410918184e-05,5.732489328131387684e-05,5.732489326647658367e-05,5.732489335455085946e-05
1.044983672130123022e-03,0.000000000000000000e+00,6.571437591855729750e-05,3.811722321605820750e-05,0.000000000000000000e+00,6.227578100556965639e-03,5.148643663944042596e-05,5.148643671953245977e-05,5.148643670881836713e-05,5.148643680053205889e-05
1.049983594006343671e-03,0.000000000000000000e+00,6.500039360985644036e-05,3.786782699739600801e-05,0.000000000000000000e+00,6.227578208172273797e-03,4.565938679377667259e-05,4.565938687694716971e-05,4.565938686587474825e-05,4.565938696152901347e-05
1.054983515882564320e-03,0.000000000000000000e+00,6.445213111760718123e-05,3.761867602106992476e-05,0.000000000000000000e+00,6.227578539903080683e-03,3.951439834246009300e-05,3.951439842893912793e-05,3.951439841437798782e-05,3.951439851413433195e-05
1.059983437758784969e-03,0.000000000000000000e+00,6.414753213275866837e-05,3.736977028707996453e-05,0.000000000000000000e+00,6.227578817107506763e-03,3.307966728120775987e-05,3.307966737124455679e-05,3.307966735977930855e-05,3.307966746375994152e-05
1.064983359635005835e-03,0.000000000000000000e+00,6.406953909944142450e-05,3.712110979542613409e-05,0.000000000000000000e+00,6.227578770399483897e-03,2.719464267635297627e-05,2.719464277010259643e-05,2.719464275183124872e-05,2.719464286011883755e-05
1.069983281511226484e-03,0.000000000000000000e+00,6.409822749066707340e-05,3.687269454610840635e-05,0.000000000000000000e+00,6.227578541713609840e-03,2.303271932658333693e-05,2.303271942403031349e-05,2.303271940355527744e-05,2.303271951607720091e-05
1.074983203387447133e-03,0.000000000000000000e+00,6.406578361544433347e-05,3.662452453912679485e-05,0.000000000000000000e+00,6.227578497914647987e-03,2.133826897598939474e-05,2.133826907699218852e-05,2.133826905328165601e-05,2.133826916973225721e-05
1.079983125263667782e-03,0.000000000000000000e+00,6.383831406414088548e-05,3.637659977448130637e-05,0.000000000000000000e+00,6.227578770427847493e-03,2.139669228571569151e-05,2.139669239008270025e-05,2.139669236813571406e-05,2.139669248802889771e-05
1.084983047139888431e-03,0.000000000000000000e+00,6.337259093732098398e-05,3.612892025217194090e-05,0.000000000000000000e+00,6.227579052939685202e-03,2.136441046377681255e-05,2.136441057124120394e-05,2.136441055034592773e-05,2.136441067312864231e-05
1.089982969016109081e-03,0.000000000000000000e+00,6.271728488987138067e-05,3.588148597219869169e-05,0.000000000000000000e+00,6.227579139666527056e-03,2.010561855260188446e-05,2.010561866273952538e-05,2.010561863901840158e-05,2.010561876410738358e-05
1.094982890892329946e-03,0.000000000000000000e+00,6.198843155156935852e-05,3.563429693456154516e-05,0.000000000000000000e+00,6.227579000871653891e-03,1.799373076352020706e-05,1.799373087574967039e-05,1.799373085248399281e-05,1.799373097920956444e-05
1.099982812768550595e-03,0.000000000000000000e+00,6.132283510725737401e-05,3.538735313926052843e-05,0.000000000000000000e+00,6.227578662729296895e-03,1.626241872714472172e-05,1.626241884081331774e-05,1.626241881576342624e-05,1.626241894333096556e-05
1.104982734644771245e-03,0.000000000000000000e+00,6.081441219070092780e-05,3.514065458629563472e-05,0.000000000000000000e+00,6.227578430551032433e-03,1.646515678756588363e-05,1.646515690200425641e-05,1.646515687983057710e-05,1.646515700737852285e-05
1.109982656520991894e-03,0.000000000000000000e+00,6.047909346049977106e-05,3.489420127566685725e-05,0.000000000000000000e+00,6.227578457567107574e-03,1.965545268328537862e-05,1.965545279779339785e-05,1.965545278551826075e-05,1.965545291222486562e-05
1.114982578397212543e-03,0.000000000000000000e+00,6.027439435515001553e-05,3.464799320737418247e-05,0.000000000000000000e+00,6.227578559004401035e-03,2.539221060158654107e-05,2.539221071542990371e-05,2.539221069983823960e-05,2.539221082498821814e-05
1.119982500273433192e-03,0.000000000000000000e+00,6.014014890832693644e-05,3.440203038141763072e-05,0.000000000000000000e+00,6.227578499720488187e-03,3.221097446039704977e-05,3.221097457286544753e-05,3.221097455128546039e-05,3.221097467426277232e-05
1.124982422149653841e-03,0.000000000000000000e+00,6.001260002820237737e-05,3.415631279779720198e-05,0.000000000000000000e+00,6.227578245417984652e-03,3.925075807575212036e-05,3.925075818624352967e-05,3.925075817176673372e-05,3.925075829200144783e-05
1.129982344025874707e-03,0.000000000000000000e+00,5.980835419992945796e-05,3.391084045651290304e-05,0.000000000000000000e+00,6.227578038862024816e-03,4.668599140701108318e-05,4.668599151507436075e-05,4.668599150421607599e-05,4.668599162117491390e-05
1.134982265902095356e-03,0.000000000000000000e+00,5.942847739952915689e-05,3.366561335756470001e-05,0.000000000000000000e+00,6.227578006737370317e-03,5.466382463175591431e-05,5.466382473706740545e-05,5.466382473254311787e-05,5.466382484582355596e-05
1.139982187778316005e-03,0.000000000000000000e+00,5.878207470856514056e-05,3.342063150095262000e-05,0.000000000000000000e+00,6.227578119025222077e-03,6.250441504073235598e-05,6.250441514304847434e-05,6.250441514162068850e-05,6.250441525107059966e-05
1.144982109654536654e-03,0.000000000000000000e+00,5.780508378538915556e-05,3.317589488667666302e-05,0.000000000000000000e+00,6.227578378276732093e-03,6.878923227330255589e-05,6.878923237244619028e-05,6.878923237168460601e-05,6.878923247739865464e-05
1.149982031530757303e-03,0.000000000000000000e+00,5.648783921618089890e-05,3.293140351473682905e-05,0.000000000000000000e+00,6.227578630515291126e-03,7.202858892334370808e-05,7.202858901923449200e-05,7.202858901954788064e-05,7.202858912174083363e-05
1.154981953406977952e-03,0.000000000000000000e+00,5.491536109209672623e-05,3.268715738513309777e-05,0.000000000000000000e+00,6.227578696407633924e-03,7.147750127436840238e-05,7.147750136705904162e-05,7.147750137568012940e-05,7.147750147461229015e-05
1.159981875283198818e-03,0.000000000000000000e+00,5.326761165277306415e-05,3.244315649786548952e-05,0.000000000000000000e+00,6.227578625138359587e-03,6.750192919074561701e-05,6.750192928043481872e-05,6.750192930081616615e-05,6.750192939684579571e-05
1.164981797159419467e-03,0.000000000000000000e+00,5.176851604542451473e-05,3.219940085293400428e-05,0.000000000000000000e+00,6.227578603459093566e-03,6.140899069753128685e-05,6.140899078453085401e-05,6.140899080354395186e-05,6.140899089718366102e-05
1.169981719035640116e-03,0.000000000000000000e+00,5.062045429650040198e-05,3.195589045033864206e-05,0.000000000000000000e+00,6.227578670631501827e-03,5.482546429009548298e-05,5.482546437475183175e-05,5.482546438775142935e-05,5.482546447960330268e-05
1.174981640911860765e-03,0.000000000000000000e+00,4.995280770628211906e-05,3.171262529007938254e-05,0.000000000000000000e+00,6.227578687557628126e-03,4.872428305393107956e-05,4.872428313657157801e-05,4.872428315294051004e-05,4.872428324354559831e-05
1.179981562788081414e-03,0.000000000000000000e+00,4.979507763070984398e-05,3.146960537215623925e-05,0.000000000000000000e+00,6.227578605361210051e-03,4.292077789348734560e-05,4.292077797444274315e-05,4.292077800115923973e-05,4.292077809090433206e-05
1.184981484664302063e-03,0.000000000000000000e+00,5.009803878876031722e-05,3.122683069656921899e-05,0.000000000000000000e+00,6.227578570315295964e-03,3.678407459998220985e-05,3.678407467961882453e-05,3.678407470860647395e-05,3.678407479775953767e-05
1.189981406540522929e-03,0.000000000000000000e+00,5.079234155364188680e-05,3.098430126331832852e-05,0.000000000000000000e+00,6.227578560371001444e-03,3.054063598361906256e-05,3.054063606228450315e-05,3.054063608656256806e-05,3.054063617535308136e-05
1.194981328416743578e-03,0.000000000000000000e+00,5.184264463619073693e-05,3.074201707240354752e-05,0.000000000000000000e+00,6.227578567280387702e-03,2.529814740229003413e-05,2.529814748022240158e-05,2.529814749743148527e-05,2.529814758603493981e-05
1.199981250292964227e-03,0.000000000000000000e+00,5.325791394148078617e-05,3.049997812382487260e-05,0.000000000000000000e+00,6.227578668776799671e-03,2.142844839032549537e-05,2.142844846762566793e-05,2.142844848667878639e-05,2.142844857510758274e-05
1.204981172169184876e-03,0.000000000000000000e+00,5.504942376890919244e-05,3.025818441758232409e-05,0.000000000000000000e+00,6.227578706388606569e-03,1.767539852721189848e-05,1.767539860386767886e-05,1.767539863325182778e-05,1.767539872129938477e-05
1.209981094045405525e-03,0.000000000000000000e+00,5.716160686109961133e-05,3.001663595367589521e-05,0.000000000000000000e+00,6.227578525391502112e-03,1.269700388537082441e-05,1.269700396124829502e-05,1.269700399425880714e-05,1.269700408158780066e-05
1.214981015921626174e-03,0.000000000000000000e+00,5.943818759482602152e-05,2.977533273210557918e-05,0.000000000000000000e+00,6.227578337817046145e-03,6.532147763084944953e-06,6.532147837894605169e-06,6.532147866682958740e-06,6.532147952956691513e-06
1.219980937797847040e-03,0.000000000000000000e+00,6.168434090128026878e-05,2.953427475287138617e-05,0.000000000000000000e+00,6.227578391756822401e-03,2.643100135551335450e-07,2.643100868566091940e-07,2.643101203392285171e-07,2.643102052453300352e-07
1.224980859674067689e-03,0.000000000000000000e+00,6.378519817705504791e-05,2.929346201597330941e-05,0.000000000000000000e+00,6.227578506461275802e-03,-5.076630802253551215e-06,-5.076630730993684108e-06,-5.076630695566068609e-06,-5.076630612423285552e-06
1.229980781550288338e-03,0.000000000000000000e+00,6.575077450841496161e-05,2.905289452141135228e-05,0.000000000000000000e+00,6.227578451241546839e-03,-8.910377367343905557e-06,-8.910377298687882105e-06,-8.910377268351122660e-06,-8.910377187555826195e-06
1.234980703426508987e-03,0.000000000000000000e+00,6.766160947277551280e-05,2.881257226918550800e-05,0.000000000000000000e+00,6.227578295028693423e-03,-1.057691986277758785e-05,-1.057691979728619976e-05,-1.057691975860503415e-05,-1.057691968088148912e-05
1.239980625302729636e-03,0.000000000000000000e+00,6.959361146158097623e-05,2.857249525929578675e-05,0.000000000000000000e+00,6.227578104563786555e-03,-9.401556188349073087e-06,-9.401556126570294786e-06,-9.401556082196639171e-06,-9.401556008229964778e-06
1.244980547178950285e-03,0.000000000000000000e+00,7.156562916241870724e-05,2.833266349174217496e-05,0.000000000000000000e+00,6.227578017885287975e-03,-5.704076589309197349e-06,-5.704076531767865691e-06,-5.704076483511564359e-06,-5.704076413826528012e-06
1.249980469055171151e-03,0.000000000000000000e+00,7.352144107202871653e-05,2.809307696652468958e-05,0.000000000000000000e+00,6.227578187013574004e-03,-1.034014840978399300e-06,-1.034014788149879340e-06,-1.034014737854727564e-06,-1.034014672890697323e-06
1.254980390931391800e-03,0.000000000000000000e+00,7.534888818848704340e-05,2.785373568364331705e-05,0.000000000000000000e+00,6.227578394963228028e-03,2.623007554216158363e-06,2.623007601944019556e-06,2.623007656619503328e-06,2.623007716364339529e-06
1.259980312807612449e-03,0.000000000000000000e+00,7.692290460549739523e-05,2.761463964309806754e-05,0.000000000000000000e+00,6.227578483120251376e-03,4.325630987598435973e-06,4.325631029957119639e-06,4.325631086638238516e-06,4.325631140624943048e-06
1.264980234683833098e-03,0.000000000000000000e+00,7.815216661843075617e-05,2.737578884488892750e-05,0.000000000000000000e+00,6.227578611795284678e-03,4.661714629546695606e-06,4.661714666382954001e-06,4.661714728610998577e-06,4.661714776452458748e-06
1.269980156560053747e-03,0.000000000000000000e+00,7.900292190367908831e-05,2.713718328901591049e-05,0.000000000000000000e+00,6.227578834153812970e-03,4.535914352471827449e-06,4.535914383710214502e-06,4.535914451065968689e-06,4.535914492656882209e-06
1.274980078436274396e-03,0.000000000000000000e+00,7.949222842349480407e-05,2.689882297547900632e-05,0.000000000000000000e+00,6.227578925986434338e-03,4.372154900991179027e-06,4.372154926590718673e-06,4.372154996107533429e-06,4.372155031566955862e-06
1.279980000312495262e-03,0.000000000000000000e+00,7.966982000838682099e-05,2.666070790427822179e-05,0.000000000000000000e+00,6.227578797552931790e-03,4.486914126227368180e-06,4.486914146187291312e-06,4.486914221678128649e-06,4.486914251228670418e-06
1.284979922188715911e-03,0.000000000000000000e+00,7.961442142945710063e-05,2.642283807541355689e-05,0.000000000000000000e+00,6.227578610269153027e-03,4.956583877805857795e-06,4.956583892236085573e-06,4.956583975512130630e-06,4.956583999449820432e-06
1.289979844064936560e-03,0.000000000000000000e+00,7.943906839253963399e-05,2.618521348888501162e-05,0.000000000000000000e+00,6.227578474020294477e-03,4.988494189158064566e-06,4.988494198326389844e-06,4.988494292084536233e-06,4.988494310826324343e-06
1.294979765941157209e-03,0.000000000000000000e+00,7.927665924163935075e-05,2.594783414469257920e-05,0.000000000000000000e+00,6.227578452133696041e-03,3.151460860321200532e-06,3.151460864611195405e-06,3.151460955590953024e-06,3.151460969684874841e-06
1.299979687817377858e-03,0.000000000000000000e+00,7.922182210963781815e-05,2.571070004283626642e-05,0.000000000000000000e+00,6.227578540149962191e-03,-1.032095775047041944e-06,-1.032095775187876418e-06,-1.032095684856539461e-06,-1.032095674816305571e-06
1.304979609693598507e-03,0.000000000000000000e+00,7.928452016875256242e-05,2.547381118331606988e-05,0.000000000000000000e+00,6.227578555766086037e-03,-6.478275355219019794e-06,-6.478275359260000533e-06,-6.478275264994205277e-06,-6.478275258474402946e-06
1.309979531569819156e-03,0.000000000000000000e+00,7.940305320012866778e-05,2.523716756613198959e-05,0.000000000000000000e+00,6.227578536777942514e-03,-1.186645653819816369e-05,-1.186645654550017384e-05,-1.186645644429957077e-05,-1.186645644085530441e-05
1.314979453446040022e-03,0.000000000000000000e+00,7.951522462457883875e-05,2.500076919128403231e-05,0.000000000000000000e+00,6.227578537642624104e-03,-1.681333425495066275e-05,-1.681333426484471231e-05,-1.681333416219976559e-05,-1.681333416141102545e-05
1.319979375322260671e-03,0.000000000000000000e+00,7.962593547902736921e-05,2.476461605877219128e-05,0.000000000000000000e+00,6.227578546096004461e-03,-2.154801572807205759e-05,-2.154801573999178305e-05,-2.154801563606189075e-05,-2.154801563747863128e-05
1.324979297198481320e-03,0.000000000000000000e+00,7.979363373835483028e-05,2.452870816859646649e-05,0.000000000000000000e+00,6.227578578497414141e-03,-2.634435147284976703e-05,-2.634435148638712213e-05,-2.634435138495474035e-05,-2.634435138813426825e-05
1.329979219074701969e-03,0.000000000000000000e+00,8.005621692057923050e-05,2.429304552075685795e-05,0.000000000000000000e+00,6.227578544908208072e-03,-3.114621588541109979e-05,-3.114621590029211342e-05,-3.114621579527741585e-05,-3.114621579989281707e-05
1.334979140950922618e-03,0.000000000000000000e+00,8.040014591946439406e-05,2.405762811525336903e-05,0.000000000000000000e+00,6.227578550473317209e-03,-3.544091559849553273e-05,-3.544091561457273306e-05,-3.544091550673646033e-05,-3.544091551265383927e-05
1.339979062827143267e-03,0.000000000000000000e+00,8.082211132641437500e-05,2.382245595208599297e-05,0.000000000000000000e+00,6.227578679533633463e-03,-3.843312120637394701e-05,-3.843312122366092045e-05,-3.843312111426344402e-05,-3.843312112150693098e-05
1.344978984703364133e-03,0.000000000000000000e+00,8.140218491065101785e-05,2.358752903125473994e-05,0.000000000000000000e+00,6.227578735316153559e-03,-3.964124914418973750e-05,-3.964124916287329209e-05,-3.964124905324807222e-05,-3.964124906188961755e-05
1.349978906579584782e-03,0.000000000000000000e+00,8.228843885986994878e-05,2.335284735275960314e-05,0.000000000000000000e+00,6.227578693269415072e-03,-3.935595267832111047e-05,-3.935595269872853974e-05,-3.935595259288556593e-05,-3.935595260300082661e-05
1.354978828455805431e-03,0.000000000000000000e+00,8.359883899400029957e-05,2.311841091660058936e-05,0.000000000000000000e+00,6.227578625593681132e-03,-3.848521672255860202e-05,-3.848521674510906531e-05,-3.848521663004338670e-05,-3.848521664182995858e-05
1.359978750332026080e-03,0.000000000000000000e+00,8.534246617333269408e-05,2.288421972277768506e-05,0.000000000000000000e+00,6.227578562648054122e-03,-3.743555730491732614e-05,-3.743555733008689662e-05,-3.743555721593604070e-05,-3.743555722985752185e-05
1.364978672208246729e-03,0.000000000000000000e+00,8.740936113645266794e-05,2.265027377129090377e-05,0.000000000000000000e+00,6.227578579992031939e-03,-3.593992934750586866e-05,-3.593992937580307780e-05,-3.593992925831984519e-05,-3.593992927504672657e-05
1.369978594084467378e-03,0.000000000000000000e+00,8.961470054759188692e-05,2.241657306214023195e-05,0.000000000000000000e+00,6.227578604783430040e-03,-3.396140757901372731e-05,-3.396140761094628666e-05,-3.396140748353338845e-05,-3.396140750370509862e-05
1.374978515960688244e-03,0.000000000000000000e+00,9.176409810262258068e-05,2.218311759532568653e-05,0.000000000000000000e+00,6.227578480580866008e-03,-3.217342532658110939e-05,-3.217342536261914257e-05,-3.217342523134425524e-05,-3.217342525542728573e-05
1.379978437836908893e-03,0.000000000000000000e+00,9.369039072646475220e-05,2.194990737084725398e-05,0.000000000000000000e+00,6.227578272891916636e-03,-3.155453351989271699e-05,-3.155453356045954396e-05,-3.155453343205642358e-05,-3.155453346041953188e-05
1.384978359713129542e-03,0.000000000000000000e+00,9.527170479437598082e-05,2.171694238870494444e-05,0.000000000000000000e+00,6.227578258683848754e-03,-3.263359552253759153e-05,-3.263359556800618462e-05,-3.263359543473039540e-05,-3.263359546775341819e-05
1.389978281589350191e-03,0.000000000000000000e+00,9.645127762150960482e-05,2.148422264889874775e-05,0.000000000000000000e+00,6.227578333587557857e-03,-3.504560227147168196e-05,-3.504560232211532787e-05,-3.504560218417851285e-05,-3.504560222220383441e-05
1.394978203465570840e-03,0.000000000000000000e+00,9.724872665821515509e-05,2.125174815142867070e-05,0.000000000000000000e+00,6.227578332157287025e-03,-3.769210750430154673e-05,-3.769210756022932975e-05,-3.769210742135129172e-05,-3.769210746453053771e-05
1.399978125341791490e-03,0.000000000000000000e+00,9.774115520600819989e-05,2.101951889629470651e-05,0.000000000000000000e+00,6.227578386735524787e-03,-3.916137029469902412e-05,-3.916137035584766750e-05,-3.916137021461310927e-05,-3.916137026283785270e-05
1.404978047218012355e-03,0.000000000000000000e+00,9.800939204383767717e-05,2.078753488349686194e-05,0.000000000000000000e+00,6.227578514118246346e-03,-3.856722711801137410e-05,-3.856722718417914171e-05,-3.856722703942617802e-05,-3.856722709241201233e-05
1.409977969094233004e-03,0.000000000000000000e+00,9.809027441130040918e-05,2.055579611303513701e-05,0.000000000000000000e+00,6.227578516614560265e-03,-3.615652061405919129e-05,-3.615652068490262142e-05,-3.615652053687612612e-05,-3.615652059428808027e-05
1.414977890970453654e-03,0.000000000000000000e+00,9.798287012411369601e-05,2.032430258490953171e-05,0.000000000000000000e+00,6.227578333005325678e-03,-3.274953392040991294e-05,-3.274953399541882072e-05,-3.274953384662206753e-05,-3.274953390809853300e-05
1.419977812846674303e-03,0.000000000000000000e+00,9.768329172494257613e-05,2.009305429912004265e-05,0.000000000000000000e+00,6.227578350343015122e-03,-2.876666118415111917e-05,-2.876666126266973168e-05,-2.876666110922507154e-05,-2.876666117430884704e-05
1.424977734722894952e-03,0.000000000000000000e+00,9.719941750518519791e-05,1.986205125566666983e-05,0.000000000000000000e+00,6.227578623192273934e-03,-2.442501770814617862e-05,-2.442501778942848684e-05,-2.442501764244133823e-05,-2.442501771054703591e-05
1.429977656599115601e-03,0.000000000000000000e+00,9.654178766219021466e-05,1.963129345454941326e-05,0.000000000000000000e+00,6.227578759104119947e-03,-2.032458917599761888e-05,-2.032458925923555338e-05,-2.032458911192484835e-05,-2.032458918241412385e-05
1.434977578475336467e-03,0.000000000000000000e+00,9.572391526244343593e-05,1.940078089576827294e-05,0.000000000000000000e+00,6.227578631503212676e-03,-1.723795695654147946e-05,-1.723795704089270663e-05,-1.723795689296454508e-05,-1.723795696525029614e-05
1.439977500351557116e-03,0.000000000000000000e+00,9.479058550934550806e-05,1.917051357932325563e-05,0.000000000000000000e+00,6.227578418804668135e-03,-1.523881912925188043e-05,-1.523881921392814125e-05,-1.523881907120686233e-05,-1.523881914476493480e-05
1.444977422227777765e-03,0.000000000000000000e+00,9.383414167747221356e-05,1.894049150521435456e-05,0.000000000000000000e+00,6.227578368736740901e-03,-1.360813663411026326e-05,-1.360813671848737407e-05,-1.360813657965813530e-05,-1.360813665394785112e-05
1.449977344103998414e-03,0.000000000000000000e+00,9.296991052201108400e-05,1.871071467344157313e-05,0.000000000000000000e+00,6.227578420937604324e-03,-1.141239121430676896e-05,-1.141239129796672069e-05,-1.141239116725411754e-05,-1.141239124166200970e-05
1.454977265980219063e-03,0.000000000000000000e+00,9.229040032875012920e-05,1.848118308400490455e-05,0.000000000000000000e+00,6.227578449361489098e-03,-8.064870713232982790e-06,-8.064870795921550358e-06,-8.064870675791875108e-06,-8.064870749708843913e-06
1.459977187856439712e-03,0.000000000000000000e+00,9.181614349189787814e-05,1.825189673690435900e-05,0.000000000000000000e+00,6.227578501237560245e-03,-3.437160258004022491e-06,-3.437160339564108392e-06,-3.437160227019136729e-06,-3.437160300030858977e-06
1.464977109732660361e-03,0.000000000000000000e+00,9.147824066725306091e-05,1.802285563213992291e-05,0.000000000000000000e+00,6.227578576769918391e-03,2.160197039835512068e-06,2.160196959492545596e-06,2.160197078082749900e-06,2.160197006069880244e-06
1.469977031608881227e-03,0.000000000000000000e+00,9.115513233021594859e-05,1.779405976971160983e-05,0.000000000000000000e+00,6.227578660870769674e-03,8.045817853263503028e-06,8.045817774131862281e-06,8.045817892922862944e-06,8.045817821766067888e-06
1.474976953485101876e-03,0.000000000000000000e+00,9.073772721498868919e-05,1.756550914961941301e-05,0.000000000000000000e+00,6.227578653994571278e-03,1.319205486153519261e-05,1.319205478346230408e-05,1.319205488903462885e-05,1.319205481854317648e-05
1.479976875361322525e-03,0.000000000000000000e+00,9.017809436721936395e-05,1.733720377186333920e-05,0.000000000000000000e+00,6.227578654016745381e-03,1.671521126266997431e-05,1.671521118533161751e-05,1.671521127470743058e-05,1.671521120468197000e-05
1.484976797237543174e-03,0.000000000000000000e+00,8.951644729020430695e-05,1.710914363644337486e-05,0.000000000000000000e+00,6.227578786848778948e-03,1.848178460669186422e-05,1.848178452960535064e-05,1.848178461959145094e-05,1.848178454969217794e-05
1.489976719113763823e-03,0.000000000000000000e+00,8.887689300942044662e-05,1.688132874335953354e-05,0.000000000000000000e+00,6.227578799958514467e-03,1.897458889075543959e-05,1.897458881331887101e-05,1.897458890338084175e-05,1.897458883305005968e-05
1.494976640989984472e-03,0.000000000000000000e+00,8.840903057927988523e-05,1.665375909261180507e-05,0.000000000000000000e+00,6.227578544564345980e-03,1.856283783086729882e-05,1.856283775241444656e-05,1.856283783691455841e-05,1.856283776548399892e-05
1.499976562866205338e-03,0.000000000000000000e+00,8.820797284207026578e-05,1.642643468420019963e-05,0.000000000000000000e+00,6.227578326827777622e-03,1.735970482642449345e-05,1.735970474627175788e-05,1.735970482367190404e-05,1.735970475052486616e-05
1.504976484742425987e-03,0.000000000000000000e+00,8.827304745652118890e-05,1.619935551812470704e-05,0.000000000000000000e+00,6.227578262097389038e-03,1.611429646258609355e-05,1.611429638004371201e-05,1.611429645440563230e-05,1.611429637902390806e-05
1.509976406618646636e-03,0.000000000000000000e+00,8.852846897810075569e-05,1.597252159438533747e-05,0.000000000000000000e+00,6.227578234875462936e-03,1.632622942535214884e-05,1.632622933972754654e-05,1.632622941380114698e-05,1.632622933569695043e-05
1.514976328494867285e-03,0.000000000000000000e+00,8.887476615812484775e-05,1.574593291298208075e-05,0.000000000000000000e+00,6.227578295125831866e-03,1.862516897635127145e-05,1.862516888698982406e-05,1.862516895387072904e-05,1.862516887252783424e-05
1.519976250371087934e-03,0.000000000000000000e+00,8.923169651632662978e-05,1.551958947391494367e-05,0.000000000000000000e+00,6.227578481898151698e-03,2.230461960249383591e-05,2.230461950883738260e-05,2.230461957258099952e-05,2.230461948749456130e-05
1.524976172247308583e-03,0.000000000000000000e+00,8.955817672400730720e-05,1.529349127718392283e-05,0.000000000000000000e+00,6.227578584499983243e-03,2.623860988190555908e-05,2.623860978353943996e-05,2.623860984576192122e-05,2.623860975654021056e-05
1.529976094123529449e-03,0.000000000000000000e+00,8.984188720850080792e-05,1.506763832278902501e-05,0.000000000000000000e+00,6.227578511430410281e-03,2.952990917381735555e-05,2.952990907052933803e-05,2.952990913915653018e-05,2.952990904557588632e-05
1.534976015999750098e-03,0.000000000000000000e+00,9.007978861665697867e-05,1.484203061073024004e-05,0.000000000000000000e+00,6.227578443295704938e-03,3.177088425651949022e-05,3.177088414838414031e-05,3.177088421718783379e-05,3.177088411913066486e-05
1.539975937875970747e-03,0.000000000000000000e+00,9.026917882318438171e-05,1.461666814100757132e-05,0.000000000000000000e+00,6.227578425203973700e-03,3.291714083652538808e-05,3.291714072392399937e-05,3.291714079074479550e-05,3.291714068810093637e-05
1.544975859752191396e-03,0.000000000000000000e+00,9.040836148640952368e-05,1.439155091362101884e-05,0.000000000000000000e+00,6.227578366497835659e-03,3.256761383587504179e-05,3.256761371940304454e-05,3.256761378092881410e-05,3.256761367359265673e-05
1.549975781628412045e-03,0.000000000000000000e+00,9.048898876698982551e-05,1.416667892857058938e-05,0.000000000000000000e+00,6.227578262687783958e-03,3.001265199402383376e-05,3.001265187438452282e-05,3.001265192705404792e-05,3.001265181505159281e-05
1.554975703504632694e-03,0.000000000000000000e+00,9.048578481899302247e-05,1.394205218585627617e-05,0.000000000000000000e+00,6.227578281871540972e-03,2.538655653911272501e-05,2.538655641709646683e-05,2.538655646738314595e-05,2.538655635100784598e-05
1.559975625380853560e-03,0.000000000000000000e+00,9.036193042213362290e-05,1.371767068547807920e-05,0.000000000000000000e+00,6.227578490360787672e-03,2.026463788982589570e-05,2.026463776631790407e-05,2.026463782079929702e-05,2.026463770060296706e-05
1.564975547257074209e-03,0.000000000000000000e+00,9.011222216557332606e-05,1.349353442743600016e-05,0.000000000000000000e+00,6.227578725256086196e-03,1.665416647015388837e-05,1.665416634608899970e-05,1.665416639647078367e-05,1.665416627308631656e-05
1.569975469133294858e-03,0.000000000000000000e+00,8.980824943241999525e-05,1.326964341173003737e-05,0.000000000000000000e+00,6.227578883987748559e-03,1.549952260720265259e-05,1.549952248349145776e-05,1.549952252244288787e-05,1.549952239642714340e-05
1.574975391009515507e-03,0.000000000000000000e+00,8.959708399761412434e-05,1.304599763836019083e-05,0.000000000000000000e+00,6.227579007276690115e-03,1.667386654667252311e-05,1.667386642416271916e-05,1.667386645369660657e-05,1.667386632556826028e-05
1.579975312885736156e-03,0.000000000000000000e+00,8.962860704500485629e-05,1.282259710732646560e-05,0.000000000000000000e+00,6.227579019463970814e-03,1.987044421928618358e-05,1.987044409874988847e-05,1.987044411989094653e-05,1.987044399025744302e-05
1.584975234761956805e-03,0.000000000000000000e+00,8.996493472516278484e-05,1.259944181862885832e-05,0.000000000000000000e+00,6.227578960146289838e-03,2.481383464595879695e-05,2.481383452805621526e-05,2.481383454943684812e-05,2.481383441895250341e-05
1.589975156638177671e-03,0.000000000000000000e+00,9.054324704533945711e-05,1.237653177226736897e-05,0.000000000000000000e+00,6.227578809013737185e-03,3.068815275519981442e-05,3.068815264041552016e-05,3.068815265500271500e-05,3.068815252415253676e-05
1.594975078514398320e-03,0.000000000000000000e+00,9.120670647993611019e-05,1.215386696824199587e-05,0.000000000000000000e+00,6.227578555037480493e-03,3.614392432202239428e-05,3.614392421062964704e-05,3.614392421869629416e-05,3.614392408767328055e-05
1.599975000390618969e-03,0.000000000000000000e+00,9.177524308233653500e-05,1.193144740655273901e-05,0.000000000000000000e+00,6.227578283588708179e-03,3.996064058815273714e-05,3.996064048022684832e-05,3.996064048406375849e-05,3.996064035287362866e-05
1.604974922266839618e-03,0.000000000000000000e+00,9.212313439399118730e-05,1.170927308719960009e-05,0.000000000000000000e+00,6.227578066576418964e-03,4.167580247208167396e-05,4.167580236752230742e-05,4.167580236157501127e-05,4.167580223017080572e-05
1.609974844143060267e-03,0.000000000000000000e+00,9.223370182365182954e-05,1.148734401018257910e-05,0.000000000000000000e+00,6.227578120999946280e-03,4.116304505484678791e-05,4.116304495335990126e-05,4.116304493251417648e-05,4.116304480076748501e-05
1.614974766019280916e-03,0.000000000000000000e+00,9.219970768051027801e-05,1.126566017550167775e-05,0.000000000000000000e+00,6.227578370220245192e-03,3.834159775328089181e-05,3.834159765435530404e-05,3.834159763307068067e-05,3.834159750065721165e-05
1.619974687895501782e-03,0.000000000000000000e+00,9.215054668112050143e-05,1.104422158315689434e-05,0.000000000000000000e+00,6.227578436565715976e-03,3.357637929849906097e-05,3.357637920143793502e-05,3.357637917692255858e-05,3.357637904331868978e-05
1.624974609771722431e-03,0.000000000000000000e+00,9.216703290524699539e-05,1.082302823314822716e-05,0.000000000000000000e+00,6.227578341542232103e-03,2.766581192106084389e-05,2.766581182504717921e-05,2.766581178988281647e-05,2.766581165450045631e-05
1.629974531647943080e-03,0.000000000000000000e+00,9.225136397470532336e-05,1.060208012547567624e-05,0.000000000000000000e+00,6.227578322856129958e-03,2.139838405991542901e-05,2.139838396404259541e-05,2.139838392315658949e-05,2.139838378548315767e-05
1.634974453524163729e-03,0.000000000000000000e+00,9.236212566328902711e-05,1.038137726013924325e-05,0.000000000000000000e+00,6.227578374194666679e-03,1.577350268541852167e-05,1.577350258872027480e-05,1.577350254536073276e-05,1.577350240497840488e-05
1.639974375400384378e-03,0.000000000000000000e+00,9.247460264981130290e-05,1.016091963713892650e-05,0.000000000000000000e+00,6.227578428000138042e-03,1.189178687009325857e-05,1.189178677163856182e-05,1.189178673236975016e-05,1.189178658887177082e-05
1.644974297276605027e-03,0.000000000000000000e+00,9.260145627383937941e-05,9.940707256474731076e-06,0.000000000000000000e+00,6.227578413697660437e-03,9.941637984664218212e-06,9.941637883660917911e-06,9.941637847435925925e-06,9.941637700378326198e-06
1.649974219152825676e-03,0.000000000000000000e+00,9.275541670351894214e-05,9.720740118146653592e-06,0.000000000000000000e+00,6.227578341090898688e-03,8.561528293668893590e-06,8.561528189485070970e-06,8.561528153091666811e-06,8.561528002067298290e-06
1.654974141029046542e-03,0.000000000000000000e+00,9.290964244037542153e-05,9.501018222154692351e-06,0.000000000000000000e+00,6.227578359341590444e-03,6.061816409832102983e-06,6.061816301992576794e-06,6.061816255490849155e-06,6.061816100255839196e-06
1.659974062905267191e-03,0.000000000000000000e+00,9.300503973313184556e-05,9.281541568498847354e-06,0.000000000000000000e+00,6.227578486582301467e-03,2.174651247947635029e-06,2.174651136190014794e-06,2.174651093441792111e-06,2.174650933969657382e-06
1.664973984781487840e-03,0.000000000000000000e+00,9.299848068863022317e-05,9.062310157179118600e-06,0.000000000000000000e+00,6.227578647851948410e-03,-1.835762260346877529e-06,-1.835762376011110701e-06,-1.835762418283018806e-06,-1.835762581866646380e-06
1.669973906657708489e-03,0.000000000000000000e+00,9.289160422583536984e-05,8.843323988195507784e-06,0.000000000000000000e+00,6.227578749784291184e-03,-4.739325018893792979e-06,-4.739325138198558088e-06,-4.739325180384935771e-06,-4.739325347920477722e-06
1.674973828533929138e-03,0.000000000000000000e+00,9.272884977977021641e-05,8.624583061548018293e-06,0.000000000000000000e+00,6.227578797033847015e-03,-6.380853077178680869e-06,-6.380853199675980920e-06,-6.380853244527037010e-06,-6.380853415845700001e-06
1.679973750410149787e-03,0.000000000000000000e+00,9.259392023545656117e-05,8.406087377236645046e-06,0.000000000000000000e+00,6.227578770362850874e-03,-7.405800057528335944e-06,-7.405800182634317901e-06,-7.405800230840477424e-06,-7.405800405619561384e-06
1.684973672286370653e-03,0.000000000000000000e+00,9.258595921779100746e-05,8.187836935261389736e-06,0.000000000000000000e+00,6.227578643607243995e-03,-8.334810101007461853e-06,-8.334810228002225639e-06,-8.334810275267946503e-06,-8.334810452871712548e-06
1.689973594162591302e-03,0.000000000000000000e+00,9.277083741740971582e-05,7.969831735622250670e-06,0.000000000000000000e+00,6.227578569813617404e-03,-9.228925788475862908e-06,-9.228925916505494278e-06,-9.228925967627793421e-06,-9.228926147165350931e-06
1.694973516038811951e-03,0.000000000000000000e+00,9.314581009955329258e-05,7.752071778319227847e-06,0.000000000000000000e+00,6.227578534953215512e-03,-9.869792199779759163e-06,-9.869792327892086361e-06,-9.869792379250853385e-06,-9.869792559827611901e-06
1.699973437915032600e-03,0.000000000000000000e+00,9.363371640370415764e-05,7.534557063352324656e-06,0.000000000000000000e+00,6.227578481472571120e-03,-9.667012969138454181e-06,-9.667013096338299889e-06,-9.667013146512281273e-06,-9.667013327392092931e-06
1.704973359791253249e-03,0.000000000000000000e+00,9.410831051651427637e-05,7.317287590721538555e-06,0.000000000000000000e+00,6.227578533367771930e-03,-7.896731915315373206e-06,-7.896732040610572159e-06,-7.896732095358356969e-06,-7.896732275882924703e-06
1.709973281667473899e-03,0.000000000000000000e+00,9.444485722836232894e-05,7.100263360426869545e-06,0.000000000000000000e+00,6.227578678664885681e-03,-4.790311936594650799e-06,-4.790312059026489602e-06,-4.790312124085031143e-06,-4.790312303533294440e-06
1.714973203543694764e-03,0.000000000000000000e+00,9.455504804774212757e-05,6.883484372468320167e-06,0.000000000000000000e+00,6.227578644134807231e-03,-1.243387618782245733e-06,-1.243387737467767078e-06,-1.243387805513932738e-06,-1.243387983121029528e-06
1.719973125419915413e-03,0.000000000000000000e+00,9.441367039730566753e-05,6.666950626845887032e-06,0.000000000000000000e+00,6.227578448893536164e-03,2.330551637676139792e-06,2.330551523483713186e-06,2.330551446430770489e-06,2.330551271330816896e-06
1.724973047296136063e-03,0.000000000000000000e+00,9.407954177229333316e-05,6.450662123559570987e-06,0.000000000000000000e+00,6.227578428777651512e-03,6.298769972013287054e-06,6.298769862881836568e-06,6.298769780454875973e-06,6.298769608336495295e-06
1.729972969172356712e-03,0.000000000000000000e+00,9.368306988624103119e-05,6.234618862609374574e-06,0.000000000000000000e+00,6.227578501372423719e-03,1.084794935253018357e-05,1.084794924883062493e-05,1.084794915556116912e-05,1.084794898673693176e-05
1.734972891048577361e-03,0.000000000000000000e+00,9.335699786457317601e-05,6.018820843995294404e-06,0.000000000000000000e+00,6.227578533735559328e-03,1.519627879563447166e-05,1.519627869751765466e-05,1.519627859421081438e-05,1.519627842891401523e-05
1.739972812924798010e-03,0.000000000000000000e+00,9.316013413784130599e-05,5.803268067717331325e-06,0.000000000000000000e+00,6.227578520811744532e-03,1.822701849647978266e-05,1.822701840386558984e-05,1.822701830101319798e-05,1.822701813941185789e-05
1.744972734801018876e-03,0.000000000000000000e+00,9.305731908661420062e-05,5.587960533775487031e-06,0.000000000000000000e+00,6.227578479197411893e-03,1.925436186517705009e-05,1.925436177778600802e-05,1.925436167333684047e-05,1.925436151544536578e-05
1.749972656677239525e-03,0.000000000000000000e+00,9.294637377481566474e-05,5.372898242169759827e-06,0.000000000000000000e+00,6.227578557690619486e-03,1.793709166988404651e-05,1.793709158726411403e-05,1.793709148543434843e-05,1.793709133103803661e-05
1.754972578553460174e-03,0.000000000000000000e+00,9.270280634314537898e-05,5.158081192900149713e-06,0.000000000000000000e+00,6.227578751771638971e-03,1.454261487036948112e-05,1.454261479188623731e-05,1.454261468198887253e-05,1.454261453070034832e-05
1.759972500429680823e-03,0.000000000000000000e+00,9.223914705278776186e-05,4.943509385966657537e-06,0.000000000000000000e+00,6.227578829877440311e-03,9.926795072259405846e-06,9.926794997126688958e-06,9.926794870669997770e-06,9.926794722062488686e-06
1.764972422305901472e-03,0.000000000000000000e+00,9.154481176307684555e-05,4.729182821369283299e-06,0.000000000000000000e+00,6.227578743703754069e-03,4.774821026400446095e-06,4.774820953796014981e-06,4.774820819196915503e-06,4.774820672852833461e-06
1.769972344182122121e-03,0.000000000000000000e+00,9.067357515525975380e-05,4.515101499108026151e-06,0.000000000000000000e+00,6.227578561551845929e-03,-1.180653870241906611e-06,-1.180653941065905810e-06,-1.180654067329897003e-06,-1.180654211906987848e-06
1.774972266058342987e-03,0.000000000000000000e+00,8.970783340334844856e-05,4.301265419182887787e-06,0.000000000000000000e+00,6.227578345176320793e-03,-8.805990398014520000e-06,-8.805990467712673499e-06,-8.805990587554374488e-06,-8.805990731028459029e-06
1.779972187934563636e-03,0.000000000000000000e+00,8.872457280944943568e-05,4.087674581593867362e-06,0.000000000000000000e+00,6.227578310641052051e-03,-1.838729943418130610e-05,-1.838729950333226615e-05,-1.838729962282887576e-05,-1.838729976594145172e-05
1.784972109810784285e-03,0.000000000000000000e+00,8.777075200444724688e-05,3.874328986340963179e-06,0.000000000000000000e+00,6.227578353476128682e-03,-2.934280836848715359e-05,-2.934280843757740848e-05,-2.934280856429231427e-05,-2.934280870759918943e-05
1.789972031687004934e-03,0.000000000000000000e+00,8.685831860020971895e-05,3.661228633424176934e-06,0.000000000000000000e+00,6.227578246015294181e-03,-4.107956898179623270e-05,-4.107956905119233425e-05,-4.107956917841662194e-05,-4.107956932208791778e-05
1.794971953563225583e-03,0.000000000000000000e+00,8.598175876273911073e-05,3.448373522843508627e-06,0.000000000000000000e+00,6.227578195325283832e-03,-5.318681148603752773e-05,-5.318681155598605062e-05,-5.318681167767643490e-05,-5.318681182155489466e-05
1.799971875439446232e-03,0.000000000000000000e+00,8.514192628397384329e-05,3.235763654598957410e-06,0.000000000000000000e+00,6.227578346058618500e-03,-6.491377419309867424e-05,-6.491377426370808612e-05,-6.491377438407472053e-05,-6.491377452788007118e-05
1.804971797315667098e-03,0.000000000000000000e+00,8.434783101706115160e-05,3.023399028690524554e-06,0.000000000000000000e+00,6.227578566434602454e-03,-7.482139967564748438e-05,-7.482139974682313439e-05,-7.482139986973016291e-05,-7.482140001311455852e-05
1.809971719191887747e-03,0.000000000000000000e+00,8.358687594802068337e-05,2.811279645118209212e-06,0.000000000000000000e+00,6.227578717045373705e-03,-8.138468636446033564e-05,-8.138468643584243129e-05,-8.138468655054130398e-05,-8.138468669294411715e-05
1.814971641068108396e-03,0.000000000000000000e+00,8.280722999389448927e-05,2.599405503882010961e-06,0.000000000000000000e+00,6.227578716921402559e-03,-8.397805279100800299e-05,-8.397805286196430535e-05,-8.397805296911035465e-05,-8.397805310967876552e-05
1.819971562944329045e-03,0.000000000000000000e+00,8.195820349377196698e-05,2.387776604981931071e-06,0.000000000000000000e+00,6.227578532828184459e-03,-8.313495850825482994e-05,-8.313495857791781463e-05,-8.313495869703784694e-05,-8.313495883477335950e-05
1.824971484820549694e-03,0.000000000000000000e+00,8.105451170315321153e-05,2.176392948417967847e-06,0.000000000000000000e+00,6.227578358243106293e-03,-7.983989895684915163e-05,-7.983989902416558401e-05,-7.983989915298967299e-05,-7.983989928694950570e-05
1.829971406696770343e-03,0.000000000000000000e+00,8.017883869140548603e-05,1.965254534190122562e-06,0.000000000000000000e+00,6.227578312751406477e-03,-7.516382304791320113e-05,-7.516382311169391469e-05,-7.516382323917577494e-05,-7.516382336852444159e-05
1.834971328572990992e-03,0.000000000000000000e+00,7.941861506649314337e-05,1.754361362298395425e-06,0.000000000000000000e+00,6.227578278676238442e-03,-7.040448525841095371e-05,-7.040448531740064564e-05,-7.040448544103326291e-05,-7.040448556496864364e-05
1.839971250449211858e-03,0.000000000000000000e+00,7.879825683805211480e-05,1.543713432742785379e-06,0.000000000000000000e+00,6.227578277342552676e-03,-6.640936177858521917e-05,-6.640936183156996250e-05,-6.640936195735804145e-05,-6.640936207504932569e-05
1.844971172325432507e-03,0.000000000000000000e+00,7.826665541922881743e-05,1.333310745523293271e-06,0.000000000000000000e+00,6.227578417150970991e-03,-6.314354435225062799e-05,-6.314354439814542095e-05,-6.314354453326335775e-05,-6.314354464388880156e-05
1.849971094201653156e-03,0.000000000000000000e+00,7.773676707174000491e-05,1.123153300639918676e-06,0.000000000000000000e+00,6.227578572387945308e-03,-6.023100689029027230e-05,-6.023100692818032608e-05,-6.023100706972504066e-05,-6.023100717258456793e-05
1.854971016077873805e-03,0.000000000000000000e+00,7.714252616324406551e-05,9.132410980926614899e-07,0.000000000000000000e+00,6.227578670940200206e-03,-5.752253550674055676e-05,-5.752253553594955282e-05,-5.752253568220873082e-05,-5.752253577681085915e-05
1.859970937954094454e-03,0.000000000000000000e+00,7.646657650321805747e-05,7.035741378815223470e-07,0.000000000000000000e+00,6.227578678729443415e-03,-5.495140724539099075e-05,-5.495140726559368877e-05,-5.495140741502287741e-05,-5.495140750106518215e-05
1.864970859830315103e-03,0.000000000000000000e+00,7.572801159836977031e-05,4.941524200065002945e-07,0.000000000000000000e+00,6.227578639667069420e-03,-5.221552702760830260e-05,-5.221552703885104545e-05,-5.221552719094317693e-05,-5.221552726823177563e-05
1.869970781706535969e-03,0.000000000000000000e+00,7.497333559096185486e-05,2.849759444675961796e-07,0.000000000000000000e+00,6.227578650437166907e-03,-4.862810776641906185e-05,-4.862810776897478387e-05,-4.862810792651878531e-05,-4.862810799496363498e-05
1.874970703582756618e-03,0.000000000000000000e+00,7.428957539854722913e-05,7.604471126480980375e-08,0.000000000000000000e+00,6.227578674289041376e-03,-4.350121347211551590e-05,-4.350121346633689450e-05,-4.350121362691195930e-05,-4.350121368664933060e-05
1.879970625458977267e-03,0.000000000000000000e+00,7.378596092996401719e-05,-1.326412796018591111e-07,0.000000000000000000e+00,6.227578676202763161e-03,-3.701457481963340857e-05,-3.701457480596832768e-05,-3.701457497166901924e-05,-3.701457502319347099e-05
1.884970547335197916e-03,0.000000000000000000e+00,7.353150889203141757e-05,-3.410820281324103398e-07,0.000000000000000000e+00,6.227578583862404711e-03,-3.033761513880888972e-05,-3.033761511789028284e-05,-3.033761529451552084e-05,-3.033761533864806853e-05
1.889970469211418565e-03,0.000000000000000000e+00,7.351536274180388286e-05,-5.492775343268437634e-07,0.000000000000000000e+00,6.227578416738563036e-03,-2.466245215044621955e-05,-2.466245212307271339e-05,-2.466245229214471805e-05,-2.466245232982687945e-05
1.894970391087639214e-03,0.000000000000000000e+00,7.369276554552707482e-05,-7.572277981851597789e-07,0.000000000000000000e+00,6.227578386100332368e-03,-2.066450768609756912e-05,-2.066450765311503450e-05,-2.066450782260641195e-05,-2.066450785472712104e-05
1.899970312963860080e-03,0.000000000000000000e+00,7.405226274196466147e-05,-9.649328197073580686e-07,0.000000000000000000e+00,6.227578465111100782e-03,-1.842826923689351221e-05,-1.842826919911392508e-05,-1.842826937385819768e-05,-1.842826940129380829e-05
1.904970234840080729e-03,0.000000000000000000e+00,7.462283891817889396e-05,-1.172392598893439162e-06,0.000000000000000000e+00,6.227578399628978453e-03,-1.758297968136125820e-05,-1.758297963955837638e-05,-1.758297980733914708e-05,-1.758297983109196347e-05
1.909970156716301378e-03,0.000000000000000000e+00,7.542878309962135967e-05,-1.379607135743402318e-06,0.000000000000000000e+00,6.227578208887571409e-03,-1.765987553792471411e-05,-1.765987549284600013e-05,-1.765987565374646450e-05,-1.765987567488754627e-05
1.914970078592522027e-03,0.000000000000000000e+00,7.646224688305321344e-05,-1.586576430257247748e-06,0.000000000000000000e+00,6.227578119914529801e-03,-1.839404735687768689e-05,-1.839404730923820258e-05,-1.839404746713519992e-05,-1.839404748652172749e-05
1.919970000468742676e-03,0.000000000000000000e+00,7.768180107498969867e-05,-1.793300482434975875e-06,0.000000000000000000e+00,6.227578180001418391e-03,-1.967460495958128858e-05,-1.967460491003795203e-05,-1.967460505629021146e-05,-1.967460507438295041e-05
1.924969922344963325e-03,0.000000000000000000e+00,7.903415678690725804e-05,-1.999779292276586066e-06,0.000000000000000000e+00,6.227578367062333760e-03,-2.107358848945574712e-05,-2.107358843856889773e-05,-2.107358857178215220e-05,-2.107358858877054315e-05
1.929969844221184191e-03,0.000000000000000000e+00,8.047002654496707792e-05,-2.206012859782078530e-06,0.000000000000000000e+00,6.227578550476724206e-03,-2.121016578712689771e-05,-2.121016573531425825e-05,-2.121016586799947916e-05,-2.121016588401778360e-05
1.934969766097404840e-03,0.000000000000000000e+00,8.195141277700269814e-05,-2.412001184951453481e-06,0.000000000000000000e+00,6.227578588062097388e-03,-1.834699917713765528e-05,-1.834699912461166499e-05,-1.834699925531613324e-05,-1.834699927046912237e-05
1.939969687973625489e-03,0.000000000000000000e+00,8.345326413360187412e-05,-2.617744267784710917e-06,0.000000000000000000e+00,6.227578547113199470e-03,-1.179605120318352381e-05,-1.179605114990384869e-05,-1.179605127430327642e-05,-1.179605128851382112e-05
1.944969609849846138e-03,0.000000000000000000e+00,8.495526906960943674e-05,-2.823242108281850840e-06,0.000000000000000000e+00,6.227578665420401179e-03,-2.757126971937692091e-06,-2.757126917622852925e-06,-2.757127031768129866e-06,-2.757127044664819739e-06
1.949969531726066787e-03,0.000000000000000000e+00,8.643869821934940453e-05,-3.028494706442873248e-06,0.000000000000000000e+00,6.227579005382959283e-03,6.715736291897943400e-06,6.715736347719472914e-06,6.715736238961839244e-06,6.715736227987898914e-06
1.954969453602287653e-03,0.000000000000000000e+00,8.790711019043140209e-05,-3.233502062267777719e-06,0.000000000000000000e+00,6.227579266537607537e-03,1.521928642090132733e-05,1.521928647884602793e-05,1.521928637833150461e-05,1.521928636997651561e-05
1.959969375478508302e-03,0.000000000000000000e+00,8.940396313830364667e-05,-3.438264175756564676e-06,0.000000000000000000e+00,6.227579071086393296e-03,2.251293850396054772e-05,2.251293856472960515e-05,2.251293846811546525e-05,2.251293846309248872e-05
1.964969297354728951e-03,0.000000000000000000e+00,9.098752648077686341e-05,-3.642781046909234119e-06,0.000000000000000000e+00,6.227578676711844653e-03,2.895011626818509804e-05,2.895011633247433969e-05,2.895011623479633997e-05,2.895011623391254918e-05
1.969969219230949600e-03,0.000000000000000000e+00,9.267294548516265208e-05,-3.847052675725785624e-06,0.000000000000000000e+00,6.227578517502717868e-03,3.468224099987948100e-05,3.468224106833231311e-05,3.468224097058499560e-05,3.468224097483535949e-05
1.974969141107170249e-03,0.000000000000000000e+00,9.440894657210742067e-05,-4.051079062206220886e-06,0.000000000000000000e+00,6.227578470747882622e-03,3.912857727764697870e-05,3.912857735089825923e-05,3.912857725894625306e-05,3.912857726943556348e-05
1.979969062983390898e-03,0.000000000000000000e+00,9.611519406109770062e-05,-4.254860206350536516e-06,0.000000000000000000e+00,6.227578301918642104e-03,4.117621944845929597e-05,4.117621952715739815e-05,4.117621944888203318e-05,4.117621946659467795e-05
1.984968984859611547e-03,0.000000000000000000e+00,9.773331886940996949e-05,-4.458396108158735903e-06,0.000000000000000000e+00,6.227578200950726652e-03,3.999656567129834421e-05,3.999656575599592654e-05,3.999656567368108177e-05,3.999656569932352024e-05
1.989968906735832196e-03,0.000000000000000000e+00,9.923727792058552398e-05,-4.661686767630818199e-06,0.000000000000000000e+00,6.227578333534651393e-03,3.561639542337360936e-05,3.561639551439609513e-05,3.561639542668802895e-05,3.561639546073428787e-05
1.994968828612052845e-03,0.000000000000000000e+00,1.006111946273954204e-04,-4.864732184766780864e-06,0.000000000000000000e+00,6.227578484678915165e-03,2.827131045815384859e-05,2.827131055560063881e-05,2.827131046874793699e-05,2.827131051156894225e-05
1.999968750488273495e-03,0.000000000000000000e+00,1.018299594957633902e-04,-5.067532359566627285e-06,0.000000000000000000e+00,6.227578463570132908e-03,1.836230948769620745e-05,1.836230959152414409e-05,1.836230950280060738e-05,1.836230955466334715e-05
2.004968672364494577e-03,0.000000000000000000e+00,1.028694928049231241e-04,-5.270087292030355769e-06,0.000000000000000000e+00,6.227578430995616039e-03,7.051000683677286655e-06,7.051000793730720645e-06,7.051000708459314993e-06,7.051000769337810773e-06
2.009968594240715226e-03,0.000000000000000000e+00,1.037203902597840188e-04,-5.472396982157966315e-06,0.000000000000000000e+00,6.227578480261336882e-03,-3.959482350894870494e-06,-3.959482234931062520e-06,-3.959482318668197585e-06,-3.959482249262329745e-06
2.014968516116935875e-03,0.000000000000000000e+00,1.044078893845152450e-04,-5.674461429949458924e-06,0.000000000000000000e+00,6.227578510507845305e-03,-1.352039033643909242e-05,-1.352039021508944408e-05,-1.352039031465056237e-05,-1.352039023758628849e-05
2.019968437993156524e-03,0.000000000000000000e+00,1.050158801234474124e-04,-5.876280635404834442e-06,0.000000000000000000e+00,6.227578498688837727e-03,-2.150464265239383478e-05,-2.150464252639327592e-05,-2.150464262115487344e-05,-2.150464253741935113e-05
2.024968359869377173e-03,0.000000000000000000e+00,1.056817368338898894e-04,-6.077854598524092023e-06,0.000000000000000000e+00,6.227578402577451516e-03,-2.841667151803525308e-05,-2.841667138827517236e-05,-2.841667146176872803e-05,-2.841667137232964499e-05
2.029968281745597822e-03,0.000000000000000000e+00,1.065407616945956005e-04,-6.279183319307231666e-06,0.000000000000000000e+00,6.227578336330312665e-03,-3.463946855375096574e-05,-3.463946842119579826e-05,-3.463946849472632862e-05,-3.463946840062666024e-05
2.034968203621818471e-03,0.000000000000000000e+00,1.076471778102369470e-04,-6.480266797754255066e-06,0.000000000000000000e+00,6.227578453246595744e-03,-4.067580652486401743e-05,-4.067580639049197784e-05,-4.067580646686212178e-05,-4.067580636931937289e-05
2.039968125498039121e-03,0.000000000000000000e+00,1.089479664963298802e-04,-6.681105033865159681e-06,0.000000000000000000e+00,6.227578612214537852e-03,-4.695039704006375927e-05,-4.695039690484995189e-05,-4.695039697430471555e-05,-4.695039687461905462e-05
2.044968047374259770e-03,0.000000000000000000e+00,1.103252627756160978e-04,-6.881698027639946359e-06,0.000000000000000000e+00,6.227578558048366304e-03,-5.274712854912521720e-05,-5.274712841401953188e-05,-5.274712847902633580e-05,-5.274712837839229613e-05
2.049967969250480419e-03,0.000000000000000000e+00,1.116549353831395951e-04,-7.082045779078616793e-06,0.000000000000000000e+00,6.227578332475328625e-03,-5.653037578692440103e-05,-5.653037565277254257e-05,-5.653037571392993411e-05,-5.653037561334007567e-05
2.054967891126701068e-03,0.000000000000000000e+00,1.128334518366391846e-04,-7.282148288181169289e-06,0.000000000000000000e+00,6.227578251559015045e-03,-5.743732474056894796e-05,-5.743732460800276228e-05,-5.743732465262494584e-05,-5.743732455289557800e-05
2.059967813002921717e-03,0.000000000000000000e+00,1.137687076141442942e-04,-7.482005554947603001e-06,0.000000000000000000e+00,6.227578378514786461e-03,-5.536423321550945897e-05,-5.536423308488757982e-05,-5.536423311721074334e-05,-5.536423301903551156e-05
2.064967734879142366e-03,0.000000000000000000e+00,1.143786371150169750e-04,-7.681617579377919623e-06,0.000000000000000000e+00,6.227578575746597206e-03,-5.050006366296389221e-05,-5.050006353442359314e-05,-5.050006355918282698e-05,-5.050006346310931434e-05
2.069967656755363448e-03,0.000000000000000000e+00,1.146155686770063364e-04,-7.880984361472119154e-06,0.000000000000000000e+00,6.227578752628509969e-03,-4.326031779232801180e-05,-4.326031766588666716e-05,-4.326031768248981397e-05,-4.326031758879567108e-05
2.074967578631584098e-03,0.000000000000000000e+00,1.144739134025911115e-04,-8.080105901230202442e-06,0.000000000000000000e+00,6.227578788856343202e-03,-3.427474369414069147e-05,-3.427474356971279158e-05,-3.427474357961132702e-05,-3.427474348818710368e-05
2.079967500507804747e-03,0.000000000000000000e+00,1.139519713827938976e-04,-8.278982198652166098e-06,0.000000000000000000e+00,6.227578703821942674e-03,-2.447191402437061197e-05,-2.447191390168239916e-05,-2.447191390911719020e-05,-2.447191381951700827e-05
2.084967422384025396e-03,0.000000000000000000e+00,1.130271146928105337e-04,-8.477613253738010122e-06,0.000000000000000000e+00,6.227578637975338463e-03,-1.485320551430751514e-05,-1.485320539289472050e-05,-1.485320539548524202e-05,-1.485320530711109115e-05
2.089967344260246045e-03,0.000000000000000000e+00,1.116823904809434431e-04,-8.675999066487737903e-06,0.000000000000000000e+00,6.227578595855719906e-03,-6.100730392502007644e-06,-6.100730271882330610e-06,-6.100730267476394714e-06,-6.100730179667577354e-06
2.094967266136466694e-03,0.000000000000000000e+00,1.099637389541777458e-04,-8.874139636901349441e-06,0.000000000000000000e+00,6.227578541264026761e-03,1.494937009111161395e-06,1.494937129289681648e-06,1.494937144588719167e-06,1.494937232657838221e-06
2.099967188012687343e-03,0.000000000000000000e+00,1.080074200934919595e-04,-9.072034964978843041e-06,0.000000000000000000e+00,6.227578576037688142e-03,8.047332476873007720e-06,8.047332596892904112e-06,8.047332623887827201e-06,8.047332713305971585e-06
2.104967109888907992e-03,0.000000000000000000e+00,1.060080304874301045e-04,-9.269685050720220397e-06,0.000000000000000000e+00,6.227578696247656857e-03,1.382057799526152416e-05,1.382057811547283136e-05,1.382057814757844463e-05,1.382057823955706796e-05
2.109967031765128641e-03,0.000000000000000000e+00,1.041346161576219297e-04,-9.467089894125479816e-06,0.000000000000000000e+00,6.227578693173615836e-03,1.881865347296402230e-05,1.881865359378016354e-05,1.881865362051161872e-05,1.881865371605039269e-05
2.114966953641349290e-03,0.000000000000000000e+00,1.024500287146896802e-04,-9.664249495194617909e-06,0.000000000000000000e+00,6.227578547898782874e-03,2.298765508007234577e-05,2.298765520184727410e-05,2.298765521924518853e-05,2.298765531892568595e-05
2.119966875517569939e-03,0.000000000000000000e+00,1.009050280996859729e-04,-9.861163853927639759e-06,0.000000000000000000e+00,6.227578355688477042e-03,2.673165204607501675e-05,2.673165216902665680e-05,2.673165219771713317e-05,2.673165230183305424e-05
2.124966797393790588e-03,0.000000000000000000e+00,9.938811180036970715e-05,-1.005783297032454537e-05,0.000000000000000000e+00,6.227578197538984409e-03,3.072173039361735208e-05,3.072173051784122546e-05,3.072173055927884973e-05,3.072173066809896140e-05
2.129966719270011671e-03,0.000000000000000000e+00,9.776679101793499011e-05,-1.025425684438533473e-05,0.000000000000000000e+00,6.227578305933876429e-03,3.502211504018672503e-05,3.502211516568381089e-05,3.502211520495140452e-05,3.502211531873620668e-05
2.134966641146232320e-03,0.000000000000000000e+00,9.592138893567170614e-05,-1.045043547611000615e-05,0.000000000000000000e+00,6.227578528516499769e-03,3.913426071386616738e-05,3.913426084053104741e-05,3.913426087551406379e-05,3.913426099426931627e-05
2.139966563022452969e-03,0.000000000000000000e+00,9.380283681697199288e-05,-1.064636886549855964e-05,0.000000000000000000e+00,6.227578455367904081e-03,4.268257495608929891e-05,4.268257508366349253e-05,4.268257510529245851e-05,4.268257522862040142e-05
2.144966484898673618e-03,0.000000000000000000e+00,9.147241464008261196e-05,-1.084205701255099350e-05,0.000000000000000000e+00,6.227578263518488387e-03,4.548408335608769142e-05,4.548408348410526951e-05,4.548408350201478507e-05,4.548408362927067725e-05
2.149966406774894267e-03,0.000000000000000000e+00,8.909432897376924404e-05,-1.103749991726730942e-05,0.000000000000000000e+00,6.227578333213464740e-03,4.730759450242602685e-05,4.730759463020272232e-05,4.730759465777395646e-05,4.730759478830108989e-05
2.154966328651114916e-03,0.000000000000000000e+00,8.688107845659783716e-05,-1.123269757964750909e-05,0.000000000000000000e+00,6.227578530720676714e-03,4.801238792402142427e-05,4.801238805071627572e-05,4.801238809239611076e-05,4.801238822556736934e-05
2.159966250527335565e-03,0.000000000000000000e+00,8.501208598612874500e-05,-1.142764999969159252e-05,0.000000000000000000e+00,6.227578592568332183e-03,4.770137870075633074e-05,4.770137882547222861e-05,4.770137887286494174e-05,4.770137900797274803e-05
2.164966172403556214e-03,0.000000000000000000e+00,8.358327647068194901e-05,-1.162235717739955802e-05,0.000000000000000000e+00,6.227578490701348585e-03,4.670145700589800803e-05,4.670145712775699252e-05,4.670145717813232550e-05,4.670145731431557903e-05
2.169966094279776863e-03,0.000000000000000000e+00,8.262287601430232651e-05,-1.181681911277140727e-05,0.000000000000000000e+00,6.227578482590897906e-03,4.507567915230347838e-05,4.507567927046281946e-05,4.507567932566970291e-05,4.507567946195237778e-05
2.174966016155997512e-03,0.000000000000000000e+00,8.213829758925685824e-05,-1.201103580580713519e-05,0.000000000000000000e+00,6.227578630702156406e-03,4.245819523073580585e-05,4.245819534438867416e-05,4.245819540324357943e-05,4.245819553863544669e-05
2.179965938032218161e-03,0.000000000000000000e+00,8.212233078854110080e-05,-1.220500725650674518e-05,0.000000000000000000e+00,6.227578745017166122e-03,3.883867050924007979e-05,3.883867061770956047e-05,3.883867067776921765e-05,3.883867081133328945e-05
2.184965859908438810e-03,0.000000000000000000e+00,8.250422579623011032e-05,-1.239873346487023893e-05,0.000000000000000000e+00,6.227578761511935214e-03,3.519347756421817172e-05,3.519347766712238845e-05,3.519347773762425424e-05,3.519347786845790517e-05
2.189965781784659893e-03,0.000000000000000000e+00,8.313284759232122912e-05,-1.259221443089761473e-05,0.000000000000000000e+00,6.227578711631719804e-03,3.275071568004503570e-05,3.275071577733286156e-05,3.275071585810782754e-05,3.275071598531232176e-05
2.194965703660880542e-03,0.000000000000000000e+00,8.383618452155602255e-05,-1.278545015458887430e-05,0.000000000000000000e+00,6.227578614497523285e-03,3.189178866568719023e-05,3.189178875745795846e-05,3.189178884246988489e-05,3.189178896524991268e-05
2.199965625537101191e-03,0.000000000000000000e+00,8.450084788433115304e-05,-1.297844063594401762e-05,0.000000000000000000e+00,6.227578473259817726e-03,3.216800170451659480e-05,3.216800179085889150e-05,3.216800188245867427e-05,3.216800200034362412e-05
2.204965547413321840e-03,0.000000000000000000e+00,8.511239496443388764e-05,-1.317118587496303961e-05,0.000000000000000000e+00,6.227578427485551404e-03,3.327788459337627133e-05,3.327788467445450899e-05,3.327788477615692826e-05,3.327788488914769463e-05
2.209965469289542489e-03,0.000000000000000000e+00,8.573630382132837308e-05,-1.336368587164594367e-05,0.000000000000000000e+00,6.227578468669127051e-03,3.520821652101234082e-05,3.520821659726240259e-05,3.520821671767846984e-05,3.520821682617272455e-05
2.214965391165763138e-03,0.000000000000000000e+00,8.646571826339473116e-05,-1.355594062599273148e-05,0.000000000000000000e+00,6.227578446158002143e-03,3.784276098413301588e-05,3.784276105627491364e-05,3.784276118461936514e-05,3.784276128921360233e-05
2.219965313041983787e-03,0.000000000000000000e+00,8.737993278497259919e-05,-1.374795013800340136e-05,0.000000000000000000e+00,6.227578423097693272e-03,4.123664144913870836e-05,4.123664151800435722e-05,4.123664164632001637e-05,4.123664174771734793e-05
2.224965234918204436e-03,0.000000000000000000e+00,8.852478813863314086e-05,-1.393971440767795499e-05,0.000000000000000000e+00,6.227578524876418477e-03,4.575976834150559272e-05,4.575976840792122927e-05,4.575976853560292153e-05,4.575976863470532235e-05
2.229965156794425085e-03,0.000000000000000000e+00,8.989373411251303566e-05,-1.413123343501639238e-05,0.000000000000000000e+00,6.227578676454398679e-03,5.122953014125122454e-05,5.122953020608248258e-05,5.122953034457162407e-05,5.122953044257090338e-05
2.234965078670645734e-03,0.000000000000000000e+00,9.141114744474766437e-05,-1.432250722001871013e-05,0.000000000000000000e+00,6.227578741929006186e-03,5.619973328809996135e-05,5.619973335233844540e-05,5.619973350574565313e-05,5.619973360399070753e-05
2.239965000546866383e-03,0.000000000000000000e+00,9.293555320850322115e-05,-1.451353576268490826e-05,0.000000000000000000e+00,6.227578598592657319e-03,5.836813391230097413e-05,5.836813397704866728e-05,5.836813412196739870e-05,5.836813422167071180e-05
2.244964922423087032e-03,0.000000000000000000e+00,9.430189261427859729e-05,-1.470431906301499014e-05,0.000000000000000000e+00,6.227578356295866181e-03,5.603455430174356935e-05,5.603455436806841752e-05,5.603455450179629195e-05,5.603455460389206654e-05
2.249964844299307681e-03,0.000000000000000000e+00,9.538392510766791142e-05,-1.489485712100895578e-05,0.000000000000000000e+00,6.227578208758710945e-03,4.930659909446054214e-05,4.930659916323949549e-05,4.930659930067454174e-05,4.930659940593339486e-05
2.254964766175528764e-03,0.000000000000000000e+00,9.612562635729321296e-05,-1.508514993666680348e-05,0.000000000000000000e+00,6.227578239780425656e-03,4.042514727830375621e-05,4.042514735017651434e-05,4.042514749245866259e-05,4.042514760161079762e-05
2.259964688051749413e-03,0.000000000000000000e+00,9.652102698670669899e-05,-1.527519750998852986e-05,0.000000000000000000e+00,6.227578359119745333e-03,3.289946596776004156e-05,3.289946604317746994e-05,3.289946618639130700e-05,3.289946630004290815e-05
2.264964609927970062e-03,0.000000000000000000e+00,9.658205021452885585e-05,-1.546499984097413999e-05,0.000000000000000000e+00,6.227578392525716031e-03,2.964495559296210638e-05,2.964495567218248907e-05,2.964495581553813300e-05,2.964495593399097778e-05
2.269964531804190711e-03,0.000000000000000000e+00,9.632402334201448665e-05,-1.565455692962363726e-05,0.000000000000000000e+00,6.227578405793646188e-03,3.130200840103533968e-05,3.130200848401047713e-05,3.130200861883300950e-05,3.130200874201432762e-05
2.274964453680411360e-03,0.000000000000000000e+00,9.578628377987124566e-05,-1.584386877593701152e-05,0.000000000000000000e+00,6.227578441699604950e-03,3.645367966295114831e-05,3.645367974922692243e-05,3.645367987575763921e-05,3.645368000329668435e-05
2.279964375556632009e-03,0.000000000000000000e+00,9.505904903687612125e-05,-1.603293537991427631e-05,0.000000000000000000e+00,6.227578467786546584e-03,4.329543857152531964e-05,4.329543866030593282e-05,4.329543877854595888e-05,4.329543890989011995e-05
2.284964297432852658e-03,0.000000000000000000e+00,9.427015662191104157e-05,-1.622175674155541469e-05,0.000000000000000000e+00,6.227578596887908130e-03,5.085318129099741444e-05,5.085318138136092213e-05,5.085318150379101012e-05,5.085318163824395829e-05
2.289964219309073307e-03,0.000000000000000000e+00,9.353723198505500868e-05,-1.641033286086044022e-05,0.000000000000000000e+00,6.227578781931367852e-03,5.873954371258554197e-05,5.873954380367051167e-05,5.873954392896700658e-05,5.873954406560640430e-05
2.294964141185293956e-03,0.000000000000000000e+00,9.293055632968433950e-05,-1.659866373782934273e-05,0.000000000000000000e+00,6.227578810769371018e-03,6.659858127018363980e-05,6.659858136116321827e-05,6.659858147931133109e-05,6.659858161691394756e-05
2.299964063061514605e-03,0.000000000000000000e+00,9.245992578557311133e-05,-1.678674937246213577e-05,0.000000000000000000e+00,6.227578722277913800e-03,7.348970444412441226e-05,7.348970453403733908e-05,7.348970465147410685e-05,7.348970478862972033e-05
2.304963984937735254e-03,0.000000000000000000e+00,9.208841724865545679e-05,-1.697458976475880579e-05,0.000000000000000000e+00,6.227578715225112749e-03,7.790488428654737988e-05,7.790488437427272553e-05,7.790488449158968897e-05,7.790488462696984007e-05
2.309963906813955904e-03,0.000000000000000000e+00,9.175220414602000617e-05,-1.716218491471936295e-05,0.000000000000000000e+00,6.227578722119268134e-03,7.849713786173793950e-05,7.849713794622561352e-05,7.849713807192297186e-05,7.849713820444961126e-05
2.314963828690176986e-03,0.000000000000000000e+00,9.139719861851407061e-05,-1.734953482234379371e-05,0.000000000000000000e+00,6.227578567825341541e-03,7.480925292780066010e-05,7.480925300829132795e-05,7.480925314804199287e-05,7.480925327682228009e-05
2.319963750566397635e-03,0.000000000000000000e+00,9.100892738735621957e-05,-1.753663948763211161e-05,0.000000000000000000e+00,6.227578409988524140e-03,6.757153117782756051e-05,6.757153125379824371e-05,6.757153139240647125e-05,6.757153151662500493e-05
2.324963672442618284e-03,0.000000000000000000e+00,9.061634719774996221e-05,-1.772349891058430988e-05,0.000000000000000000e+00,6.227578370175219577e-03,5.864078181681998411e-05,5.864078188779021168e-05,5.864078202232641981e-05,5.864078214132473010e-05
2.329963594318838933e-03,0.000000000000000000e+00,9.027600865774178794e-05,-1.791011309120039529e-05,0.000000000000000000e+00,6.227578453225328901e-03,4.976620441813045092e-05,4.976620448363637409e-05,4.976620462408346950e-05,4.976620473757625536e-05
2.334963516195059582e-03,0.000000000000000000e+00,9.004901635202683364e-05,-1.809648202948036108e-05,0.000000000000000000e+00,6.227578583684116771e-03,4.141647391483518193e-05,4.141647397460783046e-05,4.141647411749479411e-05,4.141647422564510600e-05
2.339963438071280231e-03,0.000000000000000000e+00,8.997094001716924151e-05,-1.828260572542421061e-05,0.000000000000000000e+00,6.227578584768305066e-03,3.349083828320544411e-05,3.349083833734249784e-05,3.349083848636683183e-05,3.349083858958955327e-05
2.344963359947500880e-03,0.000000000000000000e+00,9.003411497290454105e-05,-1.846848417903194052e-05,0.000000000000000000e+00,6.227578607946869169e-03,2.653062585345053451e-05,2.653062590243120402e-05,2.653062605645755556e-05,2.653062615516028219e-05
2.349963281823721530e-03,0.000000000000000000e+00,9.018328739794492040e-05,-1.865411739030355080e-05,0.000000000000000000e+00,6.227578700518058598e-03,2.126538198974587554e-05,2.126538203430525668e-05,2.126538219157968481e-05,2.126538228615123863e-05
2.354963203699942179e-03,0.000000000000000000e+00,9.035659292145307867e-05,-1.883950535923904483e-05,0.000000000000000000e+00,6.227578718309654052e-03,1.762156337338865683e-05,1.762156341436379433e-05,1.762156357312475173e-05,1.762156366414409671e-05
2.359963125576162828e-03,0.000000000000000000e+00,9.054075765593148039e-05,-1.902464808583842262e-05,0.000000000000000000e+00,6.227578602150303684e-03,1.466112897288258098e-05,1.466112901115789076e-05,1.466112916778412862e-05,1.466112925611998173e-05
2.364963047452383477e-03,0.000000000000000000e+00,9.076731384189558034e-05,-1.920954557010168417e-05,0.000000000000000000e+00,6.227578356053465464e-03,1.120107905369472068e-05,1.120107909024780241e-05,1.120107924308868052e-05,1.120107932974816396e-05
2.369962969328604126e-03,0.000000000000000000e+00,9.106372763212522588e-05,-1.939419781202882608e-05,0.000000000000000000e+00,6.227578214149384964e-03,6.462908237919701291e-06,6.462908273817452263e-06,6.462908426557148899e-06,6.462908512505673537e-06
2.374962891204825208e-03,0.000000000000000000e+00,9.142424737681069727e-05,-1.957860481161985175e-05,0.000000000000000000e+00,6.227578302113742983e-03,6.065534510740961791e-07,6.065534873267234626e-07,6.065536436960804744e-07,6.065537298396327539e-07
2.379962813081045857e-03,0.000000000000000000e+00,9.182472286428850806e-05,-1.976276656887475440e-05,0.000000000000000000e+00,6.227578420855048834e-03,-5.224142020947891756e-06,-5.224141983547439961e-06,-5.224141826357953992e-06,-5.224141739123592683e-06
2.384962734957266507e-03,0.000000000000000000e+00,9.227270255178489594e-05,-1.994668308379354420e-05,0.000000000000000000e+00,6.227578342774974310e-03,-9.356683433416679294e-06,-9.356683394289335689e-06,-9.356683240250080448e-06,-9.356683151057231581e-06
2.389962656833487156e-03,0.000000000000000000e+00,9.283123546717449203e-05,-2.013035435637621436e-05,0.000000000000000000e+00,6.227578160507511902e-03,-1.054105086969467643e-05,-1.054105082831900076e-05,-1.054105069307227429e-05,-1.054105060117434609e-05
2.394962578709707805e-03,0.000000000000000000e+00,9.359069859972515045e-05,-2.031378038662277167e-05,0.000000000000000000e+00,6.227578189407503677e-03,-8.750091270003186722e-06,-8.750091225829837458e-06,-8.750091107793156903e-06,-8.750091012681983802e-06
2.399962500585928454e-03,0.000000000000000000e+00,9.461330475957133569e-05,-2.049696117453320596e-05,0.000000000000000000e+00,6.227578314799167743e-03,-5.128999548647147562e-06,-5.128999501242491271e-06,-5.128999382902745716e-06,-5.128999284403244314e-06
2.404962422462149103e-03,0.000000000000000000e+00,9.589124194411122377e-05,-2.067989672010753078e-05,0.000000000000000000e+00,6.227578352925974142e-03,-6.569030920078147315e-07,-6.569030412850796645e-07,-6.569029173320377684e-07,-6.569028155965428120e-07
2.409962344338369752e-03,0.000000000000000000e+00,9.733763316622868263e-05,-2.086258702334572581e-05,0.000000000000000000e+00,6.227578399616654978e-03,4.890419010629153139e-06,4.890419064405272574e-06,4.890419173752863845e-06,4.890419278342116244e-06
2.414962266214590401e-03,0.000000000000000000e+00,9.881338532625226023e-05,-2.104503208424781137e-05,0.000000000000000000e+00,6.227578512206023362e-03,1.238324219626180819e-05,1.238324225273276634e-05,1.238324234886514607e-05,1.238324245574065814e-05
2.419962188090811050e-03,0.000000000000000000e+00,1.001860729687971483e-04,-2.122723190281377390e-05,0.000000000000000000e+00,6.227578666119064528e-03,2.184267798977873137e-05,2.184267804864127010e-05,2.184267813646453954e-05,2.184267824479706516e-05
2.424962109967031699e-03,0.000000000000000000e+00,1.014006207355692670e-04,-2.140918647904362698e-05,0.000000000000000000e+00,6.227578804380057460e-03,3.196968789669856587e-05,3.196968795748748453e-05,3.196968804203149640e-05,3.196968815069013649e-05
2.429962031843252348e-03,0.000000000000000000e+00,1.025021003023807018e-04,-2.159089581293735703e-05,0.000000000000000000e+00,6.227578779195549336e-03,4.085186747810134084e-05,4.085186753989551820e-05,4.085186762322124597e-05,4.085186773092556453e-05
2.434961953719472997e-03,0.000000000000000000e+00,1.035983882707204319e-04,-2.177235990449497423e-05,0.000000000000000000e+00,6.227578658236992797e-03,4.675649052807091176e-05,4.675649058953022650e-05,4.675649066555627177e-05,4.675649077113923358e-05
2.439961875595694080e-03,0.000000000000000000e+00,1.047927271254622128e-04,-2.195357875371646501e-05,0.000000000000000000e+00,6.227578593903465576e-03,4.890558785264321838e-05,4.890558791231780083e-05,4.890558799543018472e-05,4.890558809796914050e-05
2.444961797471914729e-03,0.000000000000000000e+00,1.061202891981263233e-04,-2.213455236060184295e-05,0.000000000000000000e+00,6.227578600572187574e-03,4.778554338484014569e-05,4.778554344138696749e-05,4.778554352915182553e-05,4.778554362785112676e-05
2.449961719348135378e-03,0.000000000000000000e+00,1.075346946291439224e-04,-2.231528072515110125e-05,0.000000000000000000e+00,6.227578643986392964e-03,4.465196330606648284e-05,4.465196335822505734e-05,4.465196343777814102e-05,4.465196353179359400e-05
2.454961641224356027e-03,0.000000000000000000e+00,1.089468572101674694e-04,-2.249576384736424331e-05,0.000000000000000000e+00,6.227578615341343958e-03,4.095582004258206048e-05,4.095582008908732702e-05,4.095582016203793118e-05,4.095582025051925035e-05
2.459961563100576676e-03,0.000000000000000000e+00,1.102676142958769630e-04,-2.267600172724126912e-05,0.000000000000000000e+00,6.227578508710221623e-03,3.772643681680788806e-05,3.772643685645446455e-05,3.772643693071399212e-05,3.772643701302807117e-05
2.464961484976797325e-03,0.000000000000000000e+00,1.114223867989174040e-04,-2.285599436478217869e-05,0.000000000000000000e+00,6.227578448284588376e-03,3.491596231207107329e-05,3.491596234393037445e-05,3.491596242655067964e-05,3.491596250238305929e-05
2.469961406853017974e-03,0.000000000000000000e+00,1.123328546098392163e-04,-2.303574175998696863e-05,0.000000000000000000e+00,6.227578492382431809e-03,3.124531174866645604e-05,3.124531177227397578e-05,3.124531186389722476e-05,3.124531193311900015e-05
2.474961328729238623e-03,0.000000000000000000e+00,1.128931984116973280e-04,-2.321524391285563894e-05,0.000000000000000000e+00,6.227578613647398627e-03,2.481094886724982584e-05,2.481094888258169139e-05,2.481094897803077812e-05,2.481094904056819301e-05
2.479961250605459272e-03,0.000000000000000000e+00,1.129998271121668903e-04,-2.339450082338819301e-05,0.000000000000000000e+00,6.227578648449629169e-03,1.421596780987155915e-05,1.421596781714287960e-05,1.421596790974665561e-05,1.421596796564628325e-05
2.484961172481679921e-03,0.000000000000000000e+00,1.126243774093211322e-04,-2.357351249158462744e-05,0.000000000000000000e+00,6.227578416953150932e-03,-3.691987659729086249e-07,-3.691987664670439294e-07,-3.691986791637344032e-07,-3.691986296004959614e-07
2.489961094357900570e-03,0.000000000000000000e+00,1.118468877263401772e-04,-2.375227891744494902e-05,0.000000000000000000e+00,6.227578210908518187e-03,-1.710148020858041055e-05,-1.710148021642803867e-05,-1.710148011739140827e-05,-1.710148007360326418e-05
2.494961016234121219e-03,0.000000000000000000e+00,1.108022999268360668e-04,-2.393080010096915096e-05,0.000000000000000000e+00,6.227578291124364306e-03,-3.328031601808013944e-05,-3.328031603263720701e-05,-3.328031591711646842e-05,-3.328031587839285968e-05
2.499960938110342302e-03,0.000000000000000000e+00,1.095982850532683871e-04,-2.410907604215723667e-05,0.000000000000000000e+00,6.227578471481507588e-03,-4.636147867739673025e-05,-4.636147869781400544e-05,-4.636147858411305276e-05,-4.636147854970139738e-05
2.504960859986562951e-03,0.000000000000000000e+00,1.082749964185233482e-04,-2.428710674100919935e-05,0.000000000000000000e+00,6.227578629880449121e-03,-5.473298291744999798e-05,-5.473298294289019209e-05,-5.473298283093752219e-05,-5.473298280008303927e-05
2.509960781862783600e-03,0.000000000000000000e+00,1.068183280935398373e-04,-2.446489219752504918e-05,0.000000000000000000e+00,6.227578813848885092e-03,-5.859522411481489246e-05,-5.859522414465785542e-05,-5.859522403932665891e-05,-5.859522401125851458e-05
2.514960703739004249e-03,0.000000000000000000e+00,1.051996681799189130e-04,-2.464243241170477599e-05,0.000000000000000000e+00,6.227578855935735590e-03,-5.995707088625775577e-05,-5.995707092006637791e-05,-5.995707081711521523e-05,-5.995707079105584003e-05
2.519960625615224898e-03,0.000000000000000000e+00,1.034279741912989440e-04,-2.481972738354839333e-05,0.000000000000000000e+00,6.227578682088543739e-03,-6.104784138162020542e-05,-6.104784141891634003e-05,-6.104784131532582333e-05,-6.104784129062346945e-05
2.524960547491445547e-03,0.000000000000000000e+00,1.015781456464532131e-04,-2.499677711305588765e-05,0.000000000000000000e+00,6.227578512897651540e-03,-6.286712046439755109e-05,-6.286712050457427534e-05,-6.286712040626164127e-05,-6.286712038259350784e-05
2.529960469367666196e-03,0.000000000000000000e+00,9.977756920290540774e-05,-2.517358160022727250e-05,0.000000000000000000e+00,6.227578521877111077e-03,-6.516152151288124163e-05,-6.516152155542094386e-05,-6.516152145579085506e-05,-6.516152143322016463e-05
2.534960391243886845e-03,0.000000000000000000e+00,9.815231351829830947e-05,-2.535014084506252756e-05,0.000000000000000000e+00,6.227578571489373292e-03,-6.732422289622978816e-05,-6.732422294094290917e-05,-6.732422283849629353e-05,-6.732422281731945341e-05
2.539960313120107494e-03,0.000000000000000000e+00,9.677232547776404498e-05,-2.552645484756167315e-05,0.000000000000000000e+00,6.227578494195735656e-03,-6.880185046361648982e-05,-6.880185051057565761e-05,-6.880185041001650242e-05,-6.880185039059096052e-05
2.544960234996328143e-03,0.000000000000000000e+00,9.563243104353354380e-05,-2.570252360772469572e-05,0.000000000000000000e+00,6.227578329962769887e-03,-6.894459510371600314e-05,-6.894459515299909051e-05,-6.894459506461839886e-05,-6.894459504736402602e-05
2.549960156872548792e-03,0.000000000000000000e+00,9.467083845306534565e-05,-2.587834712555160544e-05,0.000000000000000000e+00,6.227578266052920253e-03,-6.721744270585025397e-05,-6.721744275744980705e-05,-6.721744267567662291e-05,-6.721744266120333706e-05
2.554960078748769441e-03,0.000000000000000000e+00,9.379574683314097639e-05,-2.605392540104239552e-05,0.000000000000000000e+00,6.227578308194241068e-03,-6.375506216705027751e-05,-6.375506222103598339e-05,-6.375506212890977981e-05,-6.375506211805332464e-05
2.559960000624990524e-03,0.000000000000000000e+00,9.292261438564423665e-05,-2.622925843419706936e-05,0.000000000000000000e+00,6.227578328026475880e-03,-5.947221743997171771e-05,-5.947221749668524238e-05,-5.947221739723109927e-05,-5.947221739087265333e-05
2.564959922501211173e-03,0.000000000000000000e+00,9.200056395126958084e-05,-2.640434622501562018e-05,0.000000000000000000e+00,6.227578422885603378e-03,-5.520116196635724591e-05,-5.520116202641862425e-05,-5.520116194193235292e-05,-5.520116194075515330e-05
2.569959844377431822e-03,0.000000000000000000e+00,9.099964301680883987e-05,-2.657918877349805815e-05,0.000000000000000000e+00,6.227578569641786972e-03,-5.096762026491970959e-05,-5.096762032903701372e-05,-5.096762024934381046e-05,-5.096762025377074345e-05
2.574959766253652471e-03,0.000000000000000000e+00,8.988733263976622461e-05,-2.675378607964437648e-05,0.000000000000000000e+00,6.227578584854302247e-03,-4.649104492399975435e-05,-4.649104499275256487e-05,-4.649104490833586543e-05,-4.649104491866618439e-05
2.579959688129873120e-03,0.000000000000000000e+00,8.864060718175081953e-05,-2.692813814345457857e-05,0.000000000000000000e+00,6.227578529878745155e-03,-4.180637910429136120e-05,-4.180637917808426170e-05,-4.180637909132742030e-05,-4.180637910785021418e-05
2.584959610006093769e-03,0.000000000000000000e+00,8.728416088274262049e-05,-2.710224496492866442e-05,0.000000000000000000e+00,6.227578625502328859e-03,-3.741132518551630278e-05,-3.741132526470751366e-05,-3.741132517576210853e-05,-3.741132519871225617e-05
2.589959531882314418e-03,0.000000000000000000e+00,8.589741627965035244e-05,-2.727610654406663064e-05,0.000000000000000000e+00,6.227578715615056035e-03,-3.423116031117141985e-05,-3.423116039614093365e-05,-3.423116030429942122e-05,-3.423116033376458715e-05
2.594959453758535067e-03,0.000000000000000000e+00,8.455791144691523944e-05,-2.744972288086848061e-05,0.000000000000000000e+00,6.227578585294131844e-03,-3.268963215449958250e-05,-3.268963224550230191e-05,-3.268963215210817809e-05,-3.268963218799749262e-05
2.599959375634755716e-03,0.000000000000000000e+00,8.327703607023956430e-05,-2.762309397533421095e-05,0.000000000000000000e+00,6.227578366804208641e-03,-3.224501262654979667e-05,-3.224501272353683096e-05,-3.224501263137369674e-05,-3.224501267340197403e-05
2.604959297510976365e-03,0.000000000000000000e+00,8.200951666123660081e-05,-2.779621982746382505e-05,0.000000000000000000e+00,6.227578232372812071e-03,-3.234172478536680878e-05,-3.234172488803668198e-05,-3.234172479836790393e-05,-3.234172484603339555e-05
2.609959219387197014e-03,0.000000000000000000e+00,8.071644431772388023e-05,-2.796910043725731951e-05,0.000000000000000000e+00,6.227578272504073233e-03,-3.306847330643652668e-05,-3.306847341447626351e-05,-3.306847332974137106e-05,-3.306847338234493601e-05
2.614959141263417663e-03,0.000000000000000000e+00,7.939853465373078098e-05,-2.814173580471470112e-05,0.000000000000000000e+00,6.227578428726755592e-03,-3.462375547594759181e-05,-3.462375558916118884e-05,-3.462375549802572920e-05,-3.462375555469892832e-05
2.619959063139638313e-03,0.000000000000000000e+00,7.807923492873423098e-05,-2.831412592983595971e-05,0.000000000000000000e+00,6.227578602371632716e-03,-3.684063357725520790e-05,-3.684063369539160456e-05,-3.684063359833783085e-05,-3.684063365803646225e-05
2.624958985015859395e-03,0.000000000000000000e+00,7.676616688679625572e-05,-2.848627081262110545e-05,0.000000000000000000e+00,6.227578708890470736e-03,-3.936936263841130622e-05,-3.936936276088348835e-05,-3.936936266693354152e-05,-3.936936272848487114e-05
2.629958906892080044e-03,0.000000000000000000e+00,7.544757166032058679e-05,-2.865817045307012816e-05,0.000000000000000000e+00,6.227578670271048840e-03,-4.208406670441506171e-05,-4.208406683028760001e-05,-4.208406674345933679e-05,-4.208406680570698848e-05
2.634958828768300693e-03,0.000000000000000000e+00,7.412244866910812520e-05,-2.882982485118303802e-05,0.000000000000000000e+00,6.227578531221759396e-03,-4.493173888825133168e-05,-4.493173901654359240e-05,-4.493173893291363072e-05,-4.493173899481960965e-05
2.639958750644521342e-03,0.000000000000000000e+00,7.282476891838468548e-05,-2.900123400695982486e-05,0.000000000000000000e+00,6.227578391378217268e-03,-4.766651909597076456e-05,-4.766651922588258615e-05,-4.766651914352777497e-05,-4.766651920412811022e-05
2.644958672520741991e-03,0.000000000000000000e+00,7.159280950463511948e-05,-2.917239792040050224e-05,0.000000000000000000e+00,6.227578364706181160e-03,-5.002160538296047102e-05,-5.002160551374784008e-05,-5.002160543691821126e-05,-5.002160549525497632e-05
2.649958594396962640e-03,0.000000000000000000e+00,7.042213280618701149e-05,-2.934331659150505659e-05,0.000000000000000000e+00,6.227578419728290425e-03,-5.210997748646991170e-05,-5.210997761721644021e-05,-5.210997755553078471e-05,-5.210997761073656362e-05
2.654958516273183289e-03,0.000000000000000000e+00,6.926085265846154779e-05,-2.951399002027349809e-05,0.000000000000000000e+00,6.227578486002144018e-03,-5.399963019396539416e-05,-5.399963032362834392e-05,-5.399963027255321943e-05,-5.399963032403523822e-05
2.659958438149403939e-03,0.000000000000000000e+00,6.806821690856303705e-05,-2.968441820670581318e-05,0.000000000000000000e+00,6.227578633347647871e-03,-5.504324975810260151e-05,-5.504324988580380263e-05,-5.504324983639149191e-05,-5.504324988389412281e-05
2.664958360025624588e-03,0.000000000000000000e+00,6.687367037038013278e-05,-2.985460115080201880e-05,0.000000000000000000e+00,6.227578796204508681e-03,-5.399632009224865549e-05,-5.399632021748413692e-05,-5.399632017552017315e-05,-5.399632021898717317e-05
2.669958281901845237e-03,0.000000000000000000e+00,6.577401144783130065e-05,-3.002453885256210140e-05,0.000000000000000000e+00,6.227578779760046569e-03,-4.942073876854596290e-05,-4.942073889116655198e-05,-4.942073885873271853e-05,-4.942073889815075876e-05
2.674958203778065886e-03,0.000000000000000000e+00,6.487375880044406900e-05,-3.019423131198607115e-05,0.000000000000000000e+00,6.227578611724483675e-03,-4.024668858981879838e-05,-4.024668870990516653e-05,-4.024668868953785273e-05,-4.024668872496627291e-05
2.679958125654286535e-03,0.000000000000000000e+00,6.422208443167653070e-05,-3.036367852907392127e-05,0.000000000000000000e+00,6.227578552920675498e-03,-2.705413487410171676e-05,-2.705413499188961019e-05,-2.705413498244889944e-05,-2.705413501418331407e-05
2.684958047530507617e-03,0.000000000000000000e+00,6.379874333203707849e-05,-3.053288050382565853e-05,0.000000000000000000e+00,6.227578680106406195e-03,-1.247333988174785704e-05,-1.247333999765467664e-05,-1.247333999791256768e-05,-1.247334002654423117e-05
2.689957969406728266e-03,0.000000000000000000e+00,6.356043921346612850e-05,-3.070183723624126938e-05,0.000000000000000000e+00,6.227578824287903665e-03,5.730182264213436246e-07,5.730181117342955175e-07,5.730181086314190141e-07,5.730180823351778286e-07
2.694957891282948916e-03,0.000000000000000000e+00,6.348654259739704804e-05,-3.087054872632075722e-05,0.000000000000000000e+00,6.227578911205550356e-03,1.068933400375756941e-05,1.068933388944806252e-05,1.068933387876420557e-05,1.068933385396253877e-05
2.699957813159169565e-03,0.000000000000000000e+00,6.357645946978357965e-05,-3.103901497406413558e-05,0.000000000000000000e+00,6.227578813140199378e-03,1.772865701734708659e-05,1.772865690262829169e-05,1.772865687694492119e-05,1.772865685269559780e-05
2.704957735035390214e-03,0.000000000000000000e+00,6.381468787366561656e-05,-3.120723597947140448e-05,0.000000000000000000e+00,6.227578412114791184e-03,2.181123966051070744e-05,2.181123954484473319e-05,2.181123950898494624e-05,2.181123948423696100e-05
2.709957656911610863e-03,0.000000000000000000e+00,6.416405934348310769e-05,-3.137521174254255036e-05,0.000000000000000000e+00,6.227578009055282672e-03,2.318849421535914014e-05,2.318849409839471859e-05,2.318849406002532887e-05,2.318849403373480516e-05
2.714957578787831512e-03,0.000000000000000000e+00,6.460099104687512419e-05,-3.154294226327757322e-05,0.000000000000000000e+00,6.227577857402646043e-03,2.228638920953612094e-05,2.228638909089098951e-05,2.228638904772045780e-05,2.228638901899585617e-05
2.719957500664052161e-03,0.000000000000000000e+00,6.514569082741574011e-05,-3.171042754167647984e-05,0.000000000000000000e+00,6.227577911634600040e-03,1.948084007594860374e-05,1.948083995513690434e-05,1.948083991323288001e-05,1.948083988144345906e-05
2.724957422540272810e-03,0.000000000000000000e+00,6.584575681146916982e-05,-3.187766757773927698e-05,0.000000000000000000e+00,6.227578215089338808e-03,1.536293408654678527e-05,1.536293396318357191e-05,1.536293391338041986e-05,1.536293387825315038e-05
2.729957344416493459e-03,0.000000000000000000e+00,6.674620274340699766e-05,-3.204466237146595111e-05,0.000000000000000000e+00,6.227578585354726602e-03,1.095513099141892537e-05,1.095513086548838394e-05,1.095513080338133971e-05,1.095513076503936167e-05
2.734957266292714108e-03,0.000000000000000000e+00,6.786124104013044800e-05,-3.221141192285650222e-05,0.000000000000000000e+00,6.227578671054321592e-03,7.431466452646441761e-06,7.431466324503285952e-06,7.431466267995475945e-06,7.431466226891758835e-06
2.739957188168934757e-03,0.000000000000000000e+00,6.915395724807929891e-05,-3.237791623191093031e-05,0.000000000000000000e+00,6.227578586467800645e-03,5.709729845486914662e-06,5.709729715586107889e-06,5.709729657804183299e-06,5.709729614633915862e-06
2.744957110045155406e-03,0.000000000000000000e+00,7.052786309688379612e-05,-3.254417529862926249e-05,0.000000000000000000e+00,6.227578633504600447e-03,5.768278670426781176e-06,5.768278539173205189e-06,5.768278472528159079e-06,5.768278428206543474e-06
2.749957031921376489e-03,0.000000000000000000e+00,7.184555560152483067e-05,-3.271018912301147164e-05,0.000000000000000000e+00,6.227578753797325881e-03,6.647332917108249699e-06,6.647332785068517022e-06,6.647332717860592108e-06,6.647332673499215082e-06
2.754956953797597138e-03,0.000000000000000000e+00,7.299457100525981175e-05,-3.287595770505755100e-05,0.000000000000000000e+00,6.227578729890181387e-03,7.535084221648090647e-06,7.535084089848186032e-06,7.535084012412133297e-06,7.535083969189002534e-06
2.759956875673817787e-03,0.000000000000000000e+00,7.395576633843173753e-05,-3.304148104476750734e-05,0.000000000000000000e+00,6.227578601273259587e-03,8.116451467227844607e-06,8.116451337116951641e-06,8.116451250582248017e-06,8.116451209567911518e-06
2.764956797550038436e-03,0.000000000000000000e+00,7.480577718791326834e-05,-3.320675914214136777e-05,0.000000000000000000e+00,6.227578436708733518e-03,7.936080758762615949e-06,7.936080631871779718e-06,7.936080540705677815e-06,7.936080502800982225e-06
2.769956719426259085e-03,0.000000000000000000e+00,7.563459451688492839e-05,-3.337179199717910517e-05,0.000000000000000000e+00,6.227578324322274005e-03,6.436338179042753359e-06,6.436338056719015442e-06,6.436337956097589781e-06,6.436337922118478549e-06
2.774956641302479734e-03,0.000000000000000000e+00,7.645859563850948158e-05,-3.353657960988071956e-05,0.000000000000000000e+00,6.227578407647158323e-03,3.470783757096902400e-06,3.470783640501038441e-06,3.470783524729041078e-06,3.470783495509104739e-06
2.779956563178700383e-03,0.000000000000000000e+00,7.722406749674119242e-05,-3.370112198024620415e-05,0.000000000000000000e+00,6.227578544501189903e-03,-3.906111001740784476e-07,-3.906112099722353422e-07,-3.906113399812881608e-07,-3.906113636034175857e-07
2.784956485054921032e-03,0.000000000000000000e+00,7.787800740065458130e-05,-3.386541910827559282e-05,0.000000000000000000e+00,6.227578510501297591e-03,-4.096497334902411477e-06,-4.096497436934699261e-06,-4.096497567474076549e-06,-4.096497584780230211e-06
2.789956406931141681e-03,0.000000000000000000e+00,7.841881113724844031e-05,-3.402947099396885848e-05,0.000000000000000000e+00,6.227578405902685701e-03,-6.433039737568160595e-06,-6.433039831132151785e-06,-6.433039970055765270e-06,-6.433039980524320004e-06
2.794956328807362330e-03,0.000000000000000000e+00,7.889411097471965540e-05,-3.419327763732600111e-05,0.000000000000000000e+00,6.227578379128120498e-03,-6.199519637504236678e-06,-6.199519722352052165e-06,-6.199519875829535674e-06,-6.199519879079140307e-06
2.799956250683582979e-03,0.000000000000000000e+00,7.937013808791022740e-05,-3.435683903834702073e-05,0.000000000000000000e+00,6.227578428346635178e-03,-2.833378305453294999e-06,-2.833378381788415813e-06,-2.833378549578828708e-06,-2.833378545305388247e-06
2.804956172559803628e-03,0.000000000000000000e+00,7.990609451304424521e-05,-3.452015519703193088e-05,0.000000000000000000e+00,6.227578512005663668e-03,3.018694537241733867e-06,3.018694468985030545e-06,3.018694280027502738e-06,3.018694292009029416e-06
2.809956094436024711e-03,0.000000000000000000e+00,8.053014451296400364e-05,-3.468322611338073156e-05,0.000000000000000000e+00,6.227578623967202666e-03,9.690202559873937739e-06,9.690202499211601379e-06,9.690202305317878958e-06,9.690202324989265399e-06
2.814956016312245360e-03,0.000000000000000000e+00,8.119572499412546830e-05,-3.484605178739340244e-05,0.000000000000000000e+00,6.227578709820996358e-03,1.563660259020813696e-05,1.563660253655695489e-05,1.563660234551450461e-05,1.563660237259697025e-05
2.819955938188466009e-03,0.000000000000000000e+00,8.176983790432807071e-05,-3.500863221906995031e-05,0.000000000000000000e+00,6.227578711751780016e-03,2.036744328555207428e-05,2.036744323810235922e-05,2.036744303826710048e-05,2.036744307218453585e-05
2.824955860064686658e-03,0.000000000000000000e+00,8.210078075538814672e-05,-3.517096740841038871e-05,0.000000000000000000e+00,6.227578702299637822e-03,2.411074011907962764e-05,2.411074007684825557e-05,2.411073985825241644e-05,2.411073989815135793e-05
2.829955781940907307e-03,0.000000000000000000e+00,8.213461831214774879e-05,-3.533305735541471764e-05,0.000000000000000000e+00,6.227578620260508860e-03,2.713796131378544242e-05,2.713796127583220676e-05,2.713796103903705838e-05,2.713796108390254029e-05
2.834955703817127956e-03,0.000000000000000000e+00,8.197296504383808882e-05,-3.549490206008292355e-05,0.000000000000000000e+00,6.227578492494553059e-03,2.962400437165703786e-05,2.962400433719814853e-05,2.962400409470434206e-05,2.962400414347552338e-05
2.839955625693348605e-03,0.000000000000000000e+00,8.180817973136509909e-05,-3.565650152241500644e-05,0.000000000000000000e+00,6.227578523625875405e-03,3.194761451494403478e-05,3.194761448319572203e-05,3.194761424041205750e-05,3.194761429201403648e-05
2.844955547569569254e-03,0.000000000000000000e+00,8.181106505518470238e-05,-3.581785574241096631e-05,0.000000000000000000e+00,6.227578682335391420e-03,3.471865704668293935e-05,3.471865701663354430e-05,3.471865677473803786e-05,3.471865682811175227e-05
2.849955469445789903e-03,0.000000000000000000e+00,8.205928869001752422e-05,-3.597896472007082349e-05,0.000000000000000000e+00,6.227578698988309180e-03,3.811202138636623989e-05,3.811202135680696521e-05,3.811202111293275592e-05,3.811202116715079954e-05
2.854955391322010552e-03,0.000000000000000000e+00,8.253139795432921184e-05,-3.613982845539455766e-05,0.000000000000000000e+00,6.227578544919157646e-03,4.170890034255554977e-05,4.170890031240977592e-05,4.170890005511688423e-05,4.170890010946867775e-05
2.859955313198231201e-03,0.000000000000000000e+00,8.314809734694030702e-05,-3.630044694838216880e-05,0.000000000000000000e+00,6.227578414128259569e-03,4.538518004163017761e-05,4.538518001022998186e-05,4.538517975141041831e-05,4.538517980532298798e-05
2.864955235074451850e-03,0.000000000000000000e+00,8.380421157183731945e-05,-3.646082019903365692e-05,0.000000000000000000e+00,6.227578409127638125e-03,4.958354873745793458e-05,4.958354870448599127e-05,4.958354845400576524e-05,4.958354850691945267e-05
2.869955156950672933e-03,0.000000000000000000e+00,8.438055684500518031e-05,-3.662094820734904913e-05,0.000000000000000000e+00,6.227578468634305947e-03,5.467860932230144376e-05,5.467860928756677744e-05,5.467860903886589659e-05,5.467860909026113855e-05
2.874955078826893582e-03,0.000000000000000000e+00,8.477954235172420927e-05,-3.678083097332831831e-05,0.000000000000000000e+00,6.227578545221280557e-03,6.034287992626435199e-05,6.034287988966029751e-05,6.034287964727201440e-05,6.034287969682361122e-05
2.879955000703114231e-03,0.000000000000000000e+00,8.497547794159974099e-05,-3.694046849697145771e-05,0.000000000000000000e+00,6.227578632606834211e-03,6.559590648375516271e-05,6.559590644542118913e-05,6.559590619985938527e-05,6.559590624753554951e-05
2.884954922579334880e-03,0.000000000000000000e+00,8.501796023283960150e-05,-3.709986077827847408e-05,0.000000000000000000e+00,6.227578617798372462e-03,6.942886911941811726e-05,6.942886907986605609e-05,6.942886883265016629e-05,6.942886887866221571e-05
2.889954844455555529e-03,0.000000000000000000e+00,8.497481901971008767e-05,-3.725900781724939453e-05,0.000000000000000000e+00,6.227578483944012575e-03,7.134715797459756186e-05,7.134715793466602993e-05,7.134715768978204216e-05,7.134715773446326053e-05
2.894954766331776178e-03,0.000000000000000000e+00,8.487402480147997598e-05,-3.741790961388419197e-05,0.000000000000000000e+00,6.227578323867565685e-03,7.159553510304730254e-05,7.159553506371854636e-05,7.159553481311257321e-05,7.159553485686936014e-05
2.899954688207996827e-03,0.000000000000000000e+00,8.470219651597916542e-05,-3.757656616818286639e-05,0.000000000000000000e+00,6.227578225385524587e-03,7.109315619285341544e-05,7.109315615505269314e-05,7.109315590523305117e-05,7.109315594858087704e-05
2.904954610084217476e-03,0.000000000000000000e+00,8.444497597949822117e-05,-3.773497748014541101e-05,0.000000000000000000e+00,6.227578245412750124e-03,7.133187941232735450e-05,7.133187937686910520e-05,7.133187913296789250e-05,7.133187917653639417e-05
2.909954531960438125e-03,0.000000000000000000e+00,8.411833290220361648e-05,-3.789314354977185294e-05,0.000000000000000000e+00,6.227578286889971088e-03,7.373760151599962329e-05,7.373760148370892486e-05,7.373760124202943214e-05,7.373760128649902779e-05
2.914954453836658774e-03,0.000000000000000000e+00,8.375881684755446090e-05,-3.805106437706217863e-05,0.000000000000000000e+00,6.227578391938661320e-03,7.829656195539965076e-05,7.829656192717778689e-05,7.829656168209411619e-05,7.829656172815305736e-05
2.919954375712879423e-03,0.000000000000000000e+00,8.339285680547023187e-05,-3.820873996201638130e-05,0.000000000000000000e+00,6.227578555528667445e-03,8.337882061302581466e-05,8.337882058966484926e-05,8.337882034992615975e-05,8.337882039825047359e-05
2.924954297589100072e-03,0.000000000000000000e+00,8.304096330490476146e-05,-3.836617030463446094e-05,0.000000000000000000e+00,6.227578663083691360e-03,8.698614435469128334e-05,8.698614433660918990e-05,8.698614410019566714e-05,8.698614415135851713e-05
2.929954219465320722e-03,0.000000000000000000e+00,8.274638210602349537e-05,-3.852335540491643113e-05,0.000000000000000000e+00,6.227578749745121128e-03,8.712565865231362871e-05,8.712565863954744628e-05,8.712565839280226286e-05,8.712565844714693453e-05
2.934954141341541804e-03,0.000000000000000000e+00,8.256071070655402833e-05,-3.868029526286229184e-05,0.000000000000000000e+00,6.227578743480396278e-03,8.176302688715475747e-05,8.176302687960900850e-05,8.176302662159191719e-05,8.176302667920956483e-05
2.939954063217762453e-03,0.000000000000000000e+00,8.249583156919234608e-05,-3.883698987847202276e-05,0.000000000000000000e+00,6.227578583672655453e-03,7.038274007310324184e-05,7.038274007069750563e-05,7.038273981303855341e-05,7.038273987383963546e-05
2.944953985093983102e-03,0.000000000000000000e+00,8.251163181745845585e-05,-3.899343925174563065e-05,0.000000000000000000e+00,6.227578443489076299e-03,5.495856795336780565e-05,5.495856795586755573e-05,5.495856770826994546e-05,5.495856777201109242e-05
2.949953906970203751e-03,0.000000000000000000e+00,8.256428758148829045e-05,-3.914964338268312231e-05,0.000000000000000000e+00,6.227578370400069230e-03,3.850861369678582443e-05,3.850861370353669057e-05,3.850861347065078898e-05,3.850861353693912665e-05
2.954953828846424400e-03,0.000000000000000000e+00,8.267183426755775517e-05,-3.930560227128451127e-05,0.000000000000000000e+00,6.227578341736016328e-03,2.296738280231315886e-05,2.296738281225888420e-05,2.296738257387170352e-05,2.296738264225508570e-05
2.959953750722645049e-03,0.000000000000000000e+00,8.293347324716994083e-05,-3.946131591754977721e-05,0.000000000000000000e+00,6.227578433297495213e-03,8.743736461077899764e-06,8.743736473087463233e-06,8.743736218987521530e-06,8.743736289064369906e-06
2.964953672598865698e-03,0.000000000000000000e+00,8.347277917322122674e-05,-3.961678432147892014e-05,0.000000000000000000e+00,6.227578633917815049e-03,-4.331140140315393825e-06,-4.331140127197297162e-06,-4.331140379585475912e-06,-4.331140308185804323e-06
2.969953594475086348e-03,0.000000000000000000e+00,8.435916277179961609e-05,-3.977200748307194004e-05,0.000000000000000000e+00,6.227578757864303538e-03,-1.600961582494768906e-05,-1.600961581160184811e-05,-1.600961605678932439e-05,-1.600961598448833351e-05
2.974953516351306997e-03,0.000000000000000000e+00,8.555736828466644283e-05,-3.992698540232885726e-05,0.000000000000000000e+00,6.227578690918587206e-03,-2.562289551331372412e-05,-2.562289550074568642e-05,-2.562289573567768080e-05,-2.562289566292815548e-05
2.979953438227527646e-03,0.000000000000000000e+00,8.692758433609301108e-05,-4.008171807924965145e-05,0.000000000000000000e+00,6.227578529558136164e-03,-3.278969866867724128e-05,-3.278969865792112902e-05,-3.278969888605684274e-05,-3.278969881323929051e-05
2.984953360103748295e-03,0.000000000000000000e+00,8.829110087205820946e-05,-4.023620551383432262e-05,0.000000000000000000e+00,6.227578360845322479e-03,-3.734311302564962185e-05,-3.734311301743146425e-05,-3.734311324253490843e-05,-3.734311316992254824e-05
2.989953281979968944e-03,0.000000000000000000e+00,8.952238901997507505e-05,-4.039044770608287078e-05,0.000000000000000000e+00,6.227578178059047648e-03,-3.852495621730923090e-05,-3.852495621185147913e-05,-3.852495643435290587e-05,-3.852495636219425041e-05
2.994953203856190026e-03,0.000000000000000000e+00,9.059417931645417552e-05,-4.054444465599532302e-05,0.000000000000000000e+00,6.227578068020647381e-03,-3.557575423475162375e-05,-3.557575423186280772e-05,-3.557575445261907553e-05,-3.557575438124139800e-05
2.999953125732410675e-03,0.000000000000000000e+00,9.153243944082441760e-05,-4.069819636357165224e-05,0.000000000000000000e+00,6.227578169982429281e-03,-2.882432770337936965e-05,-2.882432770266979999e-05,-2.882432791697454649e-05,-2.882432784676634363e-05
3.004953047608631325e-03,0.000000000000000000e+00,9.234406898421174386e-05,-4.085170282881185166e-05,0.000000000000000000e+00,6.227578360893775040e-03,-1.958068102527330332e-05,-1.958068102629384249e-05,-1.958068122761480719e-05,-1.958068115889112105e-05
3.009952969484851974e-03,0.000000000000000000e+00,9.300167273324585918e-05,-4.100496405171592806e-05,0.000000000000000000e+00,6.227578522466110413e-03,-9.567498872952881169e-06,-9.567498875176276587e-06,-9.567499064470752406e-06,-9.567498997371153688e-06
3.014952891361072623e-03,0.000000000000000000e+00,9.347327601533229858e-05,-4.115798003228390178e-05,0.000000000000000000e+00,6.227578651922072855e-03,-3.370190956469952995e-07,-3.370190983521695054e-07,-3.370192804922094875e-07,-3.370192150119242594e-07
3.019952813237293272e-03,0.000000000000000000e+00,9.375171451292349533e-05,-4.131075077051575925e-05,0.000000000000000000e+00,6.227578707483169378e-03,7.444727485434260791e-06,7.444727483172153426e-06,7.444727301597834044e-06,7.444727365532960023e-06
3.024952735113513921e-03,0.000000000000000000e+00,9.387451664640632351e-05,-4.146327626641149370e-05,0.000000000000000000e+00,6.227578742863936270e-03,1.423338237060569395e-05,1.423338236971706321e-05,1.423338218192282335e-05,1.423338224443000933e-05
3.029952656989734570e-03,0.000000000000000000e+00,9.392772658209013143e-05,-4.161555651997109835e-05,0.000000000000000000e+00,6.227578726255759631e-03,2.089386628079834088e-05,2.089386628201544253e-05,2.089386609575994813e-05,2.089386615698780942e-05
3.034952578865955219e-03,0.000000000000000000e+00,9.401602657166285479e-05,-4.176759153119460031e-05,0.000000000000000000e+00,6.227578664928302629e-03,2.743468299052033278e-05,2.743468299443826335e-05,2.743468281713192276e-05,2.743468287722727390e-05
3.039952500742175868e-03,0.000000000000000000e+00,9.420981102940893370e-05,-4.191938130008198603e-05,0.000000000000000000e+00,6.227578658572716433e-03,3.269884234199641777e-05,3.269884234929694731e-05,3.269884218796940555e-05,3.269884224708232383e-05
3.044952422618396517e-03,0.000000000000000000e+00,9.449838218837873884e-05,-4.207092582663324873e-05,0.000000000000000000e+00,6.227578654839435388e-03,3.507164973594817321e-05,3.507164974746116023e-05,3.507164959161682187e-05,3.507164964991231948e-05
3.049952344494617166e-03,0.000000000000000000e+00,9.480044337454995179e-05,-4.222222511084838841e-05,0.000000000000000000e+00,6.227578609504034156e-03,3.348093549954435084e-05,3.348093551604091380e-05,3.348093535188706704e-05,3.348093540947109762e-05
3.054952266370838249e-03,0.000000000000000000e+00,9.503070347163408390e-05,-4.237327915272741185e-05,0.000000000000000000e+00,6.227578570089017766e-03,2.835020770062299489e-05,2.835020772259830586e-05,2.835020756273291576e-05,2.835020761954762359e-05
3.059952188247058898e-03,0.000000000000000000e+00,9.515101124989349746e-05,-4.252408795227033259e-05,0.000000000000000000e+00,6.227578494860819096e-03,2.160131896459633146e-05,2.160131899231376688e-05,2.160131884474207406e-05,2.160131890056491986e-05
3.064952110123279547e-03,0.000000000000000000e+00,9.516219485228619678e-05,-4.267465150947712354e-05,0.000000000000000000e+00,6.227578379284823273e-03,1.543663772929874736e-05,1.543663776302572568e-05,1.543663762625266956e-05,1.543663768077329707e-05
3.069952031999500196e-03,0.000000000000000000e+00,9.507099410590601533e-05,-4.282496982434779147e-05,0.000000000000000000e+00,6.227578278055156263e-03,1.093767590651466226e-05,1.093767594658159410e-05,1.093767581248086933e-05,1.093767586536523925e-05
3.074951953875720845e-03,0.000000000000000000e+00,9.487702777966912880e-05,-4.297504289688234316e-05,0.000000000000000000e+00,6.227578215196480534e-03,7.552678263802873887e-06,7.552678310314540611e-06,7.552678172007356200e-06,7.552678222967091086e-06
3.079951875751941494e-03,0.000000000000000000e+00,9.456749067866716287e-05,-4.312487072708079216e-05,0.000000000000000000e+00,6.227578264667576156e-03,3.700129747917298104e-06,3.700129800431575617e-06,3.700129668223890706e-06,3.700129717109838216e-06
3.084951797628162143e-03,0.000000000000000000e+00,9.409796159403488458e-05,-4.327445331494311813e-05,0.000000000000000000e+00,6.227578449231598208e-03,-2.103407163128905172e-06,-2.103407105563780359e-06,-2.103407234357703110e-06,-2.103407187535066874e-06
3.089951719504382792e-03,0.000000000000000000e+00,9.338922992163728118e-05,-4.342379066046932109e-05,0.000000000000000000e+00,6.227578688882572620e-03,-1.048022135443994659e-05,-1.048022129295182256e-05,-1.048022142506421542e-05,-1.048022138023741581e-05
3.094951641380603441e-03,0.000000000000000000e+00,9.237129062165892724e-05,-4.357288276365940102e-05,0.000000000000000000e+00,6.227578831627875178e-03,-2.082263666375254560e-05,-2.082263659938714891e-05,-2.082263672258298517e-05,-2.082263667974846465e-05
3.099951563256824090e-03,0.000000000000000000e+00,9.102655542714915783e-05,-4.372172962451337827e-05,0.000000000000000000e+00,6.227578760140792431e-03,-3.155495132839421750e-05,-3.155495126210453136e-05,-3.155495137865475379e-05,-3.155495133790231819e-05
3.104951485133044739e-03,0.000000000000000000e+00,8.939479855869472040e-05,-4.387033124303123249e-05,0.000000000000000000e+00,6.227578535402876654e-03,-4.077622842588365384e-05,-4.077622835861393702e-05,-4.077622846517816956e-05,-4.077622842665665611e-05
3.109951407009265388e-03,0.000000000000000000e+00,8.756347860415447865e-05,-4.401868761921296370e-05,0.000000000000000000e+00,6.227578341152669589e-03,-4.712690139659668958e-05,-4.712690132926781599e-05,-4.712690142343543674e-05,-4.712690138733253439e-05
3.114951328885486037e-03,0.000000000000000000e+00,8.565636186740005302e-05,-4.416679875305857189e-05,0.000000000000000000e+00,6.227578275853942226e-03,-5.036182579215334843e-05,-5.036182572549296679e-05,-5.036182581970396918e-05,-5.036182578625284916e-05
3.119951250761707120e-03,0.000000000000000000e+00,8.379896660512673649e-05,-4.431466464456807738e-05,0.000000000000000000e+00,6.227578269767445468e-03,-5.093135359675777407e-05,-5.093135353109298140e-05,-5.093135362297556475e-05,-5.093135359243250535e-05
3.124951172637927769e-03,0.000000000000000000e+00,8.206848145502779678e-05,-4.446228529374146663e-05,0.000000000000000000e+00,6.227578310159746951e-03,-4.928611481482993427e-05,-4.928611475007226646e-05,-4.928611482223157922e-05,-4.928611479478927704e-05
3.129951094514148418e-03,0.000000000000000000e+00,8.049735236585963359e-05,-4.460966070057872609e-05,0.000000000000000000e+00,6.227578336922708589e-03,-4.582660000085477073e-05,-4.582659993674485950e-05,-4.582659999045300963e-05,-4.582659996613160374e-05
3.134951016390369067e-03,0.000000000000000000e+00,7.912890282811006119e-05,-4.475679086507986253e-05,0.000000000000000000e+00,6.227578340672866759e-03,-4.092654440148886915e-05,-4.092654433779467491e-05,-4.092654439167938736e-05,-4.092654437028985388e-05
3.139950938266589716e-03,0.000000000000000000e+00,7.803929011651875621e-05,-4.490367578724489627e-05,0.000000000000000000e+00,6.227578402682720608e-03,-3.515268032067730736e-05,-3.515268025705753005e-05,-3.515268030863992563e-05,-3.515268028979851120e-05
3.144950860142810365e-03,0.000000000000000000e+00,7.730475532851765856e-05,-4.505031546707381377e-05,0.000000000000000000e+00,6.227578620995541554e-03,-2.957071545566935879e-05,-2.957071539140177069e-05,-2.957071543425370620e-05,-2.957071541735449766e-05
3.149950782019031014e-03,0.000000000000000000e+00,7.695635733918160064e-05,-4.519670990456660825e-05,0.000000000000000000e+00,6.227578944847322016e-03,-2.545934679677699968e-05,-2.545934673079316019e-05,-2.545934677417703579e-05,-2.545934675835491095e-05
3.154950703895251663e-03,0.000000000000000000e+00,7.697403124764207280e-05,-4.534285909972327294e-05,0.000000000000000000e+00,6.227579044278545688e-03,-2.374963771113015816e-05,-2.374963764236287015e-05,-2.374963767813266155e-05,-2.374963766235049635e-05
3.159950625771472312e-03,0.000000000000000000e+00,7.733992042483071232e-05,-4.548876305254382816e-05,0.000000000000000000e+00,6.227579024016129811e-03,-2.471310246524358774e-05,-2.471310239283764948e-05,-2.471310241999727305e-05,-2.471310240321264773e-05
3.164950547647692961e-03,0.000000000000000000e+00,7.806614489309262185e-05,-4.563442176302827391e-05,0.000000000000000000e+00,6.227579070051096448e-03,-2.797396346491119631e-05,-2.797396338802538211e-05,-2.797396341686543433e-05,-2.797396339812175395e-05
3.169950469523913610e-03,0.000000000000000000e+00,7.915188987292975323e-05,-4.577983523117659664e-05,0.000000000000000000e+00,6.227578946309529108e-03,-3.261255997472571323e-05,-3.261255989220508689e-05,-3.261255991445012365e-05,-3.261255989290748049e-05
3.174950391400134259e-03,0.000000000000000000e+00,8.053656075839371532e-05,-4.592500345698879635e-05,0.000000000000000000e+00,6.227578712724832384e-03,-3.716843667977540904e-05,-3.716843659018287751e-05,-3.716843660688827814e-05,-3.716843658189014713e-05
3.179950313276355342e-03,0.000000000000000000e+00,8.211579800478208233e-05,-4.606992644046487982e-05,0.000000000000000000e+00,6.227578630957168564e-03,-4.054779064547467198e-05,-4.054779054753203545e-05,-4.054779056941605999e-05,-4.054779054053393055e-05
3.184950235152575991e-03,0.000000000000000000e+00,8.378287992855592767e-05,-4.621460418160486060e-05,0.000000000000000000e+00,6.227578681112442595e-03,-4.272093956235526309e-05,-4.272093945531837262e-05,-4.272093947810511744e-05,-4.272093944508039380e-05
3.189950157028796640e-03,0.000000000000000000e+00,8.544784825562485003e-05,-4.635903668040871158e-05,0.000000000000000000e+00,6.227578622231707238e-03,-4.385493561881536435e-05,-4.385493550240040291e-05,-4.385493551711636031e-05,-4.385493547979945646e-05
3.194950078905017289e-03,0.000000000000000000e+00,8.701958614411359390e-05,-4.650322393687643954e-05,0.000000000000000000e+00,6.227578415032875361e-03,-4.323004430055181789e-05,-4.323004417463091739e-05,-4.323004417667446908e-05,-4.323004413507212739e-05
3.199950000781237938e-03,0.000000000000000000e+00,8.839144797045286168e-05,-4.664716595100805126e-05,0.000000000000000000e+00,6.227578192358030652e-03,-3.994043212405411664e-05,-3.994043198857446966e-05,-3.994043199388062963e-05,-3.994043194821929251e-05
3.204949922657458587e-03,0.000000000000000000e+00,8.946755950016018030e-05,-4.679086272280356029e-05,0.000000000000000000e+00,6.227577989608885055e-03,-3.404567863338861012e-05,-3.404567848857556131e-05,-3.404567850299849275e-05,-3.404567845368165958e-05
3.209949844533679236e-03,0.000000000000000000e+00,9.022925614747048242e-05,-4.693431425226294630e-05,0.000000000000000000e+00,6.227577826986262222e-03,-2.650859550483513168e-05,-2.650859535135244316e-05,-2.650859536901778622e-05,-2.650859531654216052e-05
3.214949766409899885e-03,0.000000000000000000e+00,9.077697605682782272e-05,-4.707752053938620929e-05,0.000000000000000000e+00,6.227577878973275007e-03,-1.873545471320029276e-05,-1.873545455204919812e-05,-1.873545457197984610e-05,-1.873545451693960453e-05
3.219949688286120534e-03,0.000000000000000000e+00,9.127899671192954596e-05,-4.722048158417334248e-05,0.000000000000000000e+00,6.227578214445981912e-03,-1.204410311723095433e-05,-1.204410294948144254e-05,-1.204410296495816766e-05,-1.204410290811327496e-05
3.224949610162341183e-03,0.000000000000000000e+00,9.186331278810231521e-05,-4.736319738662437976e-05,0.000000000000000000e+00,6.227578506905941808e-03,-7.153548973433029371e-06,-7.153548799994073506e-06,-7.153548804429636074e-06,-7.153548746716873418e-06
3.229949532038561832e-03,0.000000000000000000e+00,9.254609530551107346e-05,-4.750566794673929401e-05,0.000000000000000000e+00,6.227578600323076079e-03,-4.174685853736037175e-06,-4.174685675342214701e-06,-4.174685666682098179e-06,-4.174685609114450902e-06
3.234949453914782481e-03,0.000000000000000000e+00,9.324700077060402278e-05,-4.764789326451808525e-05,0.000000000000000000e+00,6.227578626308888539e-03,-2.583471747607753786e-06,-2.583471565026142823e-06,-2.583471561517634946e-06,-2.583471505057086836e-06
3.239949375791003564e-03,0.000000000000000000e+00,9.385470912455371384e-05,-4.778987333996075347e-05,0.000000000000000000e+00,6.227578574743762238e-03,-1.532164381732924891e-06,-1.532164195919488516e-06,-1.532164201121509810e-06,-1.532164146639261358e-06
3.244949297667224213e-03,0.000000000000000000e+00,9.428902854329541754e-05,-4.793160817306731900e-05,0.000000000000000000e+00,6.227578501702042864e-03,-8.521059620815281800e-07,-8.521057740334782835e-07,-8.521057741928342977e-07,-8.521057224824452616e-07
3.249949219543444862e-03,0.000000000000000000e+00,9.452978760168595290e-05,-4.807309776383776828e-05,0.000000000000000000e+00,6.227578454651292415e-03,-1.388592362807000225e-06,-1.388592173296124217e-06,-1.388592163860720133e-06,-1.388592115551712175e-06
3.254949141419665511e-03,0.000000000000000000e+00,9.460458167081698560e-05,-4.821434211227208777e-05,0.000000000000000000e+00,6.227578401295663472e-03,-4.100633734066289585e-06,-4.100633543639932108e-06,-4.100633512877957042e-06,-4.100633468276952702e-06
3.259949063295886160e-03,0.000000000000000000e+00,9.454810255181158283e-05,-4.835534121837028424e-05,0.000000000000000000e+00,6.227578455056336469e-03,-8.470893227768151910e-06,-8.470893036997577185e-06,-8.470892994054599181e-06,-8.470892953125199758e-06
3.264948985172106809e-03,0.000000000000000000e+00,9.437295123547090911e-05,-4.849609508213237802e-05,0.000000000000000000e+00,6.227578639861522380e-03,-1.205621774892239292e-05,-1.205621755849304711e-05,-1.205621752625383642e-05,-1.205621748877279960e-05
3.269948907048327458e-03,0.000000000000000000e+00,9.408610586526516947e-05,-4.863660370355835555e-05,0.000000000000000000e+00,6.227578840973976328e-03,-1.228814281998729708e-05,-1.228814263043188091e-05,-1.228814259385811125e-05,-1.228814255955393418e-05
3.274948828924548107e-03,0.000000000000000000e+00,9.370563979346202273e-05,-4.877686708264821006e-05,0.000000000000000000e+00,6.227578911985093453e-03,-8.331616104492808810e-06,-8.331615915875749284e-06,-8.331615868900081300e-06,-8.331615837465538356e-06
3.279948750800768757e-03,0.000000000000000000e+00,9.323728395302468316e-05,-4.891688521940193478e-05,0.000000000000000000e+00,6.227578831452294274e-03,-1.301213528551630924e-06,-1.301213340514265078e-06,-1.301213293906328824e-06,-1.301213264962553601e-06
3.284948672676989406e-03,0.000000000000000000e+00,9.264253815251110452e-05,-4.905665811381955003e-05,0.000000000000000000e+00,6.227578592759250645e-03,6.564498355241678472e-06,6.564498543112686624e-06,6.564498595224090703e-06,6.564498622161344400e-06
3.289948594553210055e-03,0.000000000000000000e+00,9.185214796715809892e-05,-4.919618576590105582e-05,0.000000000000000000e+00,6.227578366416777235e-03,1.319747962616686110e-05,1.319747981411016521e-05,1.319747987267324222e-05,1.319747989822608663e-05
3.294948516429430704e-03,0.000000000000000000e+00,9.080669904067523678e-05,-4.933546817564643858e-05,0.000000000000000000e+00,6.227578389206273220e-03,1.785651150546502169e-05,1.785651169374125548e-05,1.785651176264703676e-05,1.785651178754399477e-05
3.299948438305651353e-03,0.000000000000000000e+00,8.949263551918872311e-05,-4.947450534305569832e-05,0.000000000000000000e+00,6.227578474645631933e-03,2.120989807304737889e-05,2.120989826224203696e-05,2.120989833241373947e-05,2.120989835739461133e-05
3.304948360181872435e-03,0.000000000000000000e+00,8.794839668048596356e-05,-4.961329726812884183e-05,0.000000000000000000e+00,6.227578474635104763e-03,2.445152096988296975e-05,2.445152116081581736e-05,2.445152122412643780e-05,2.445152124992279572e-05
3.309948282058093084e-03,0.000000000000000000e+00,8.623474422955482925e-05,-4.975184395086588264e-05,0.000000000000000000e+00,6.227578440056652682e-03,2.793839229820779989e-05,2.793839249149624273e-05,2.793839256261603939e-05,2.793839259003966279e-05
3.314948203934313734e-03,0.000000000000000000e+00,8.441434864956599989e-05,-4.989014539126679365e-05,0.000000000000000000e+00,6.227578410875276617e-03,3.048662197467125914e-05,3.048662217046360252e-05,3.048662224627387800e-05,3.048662227623585586e-05
3.319948125810534383e-03,0.000000000000000000e+00,8.255367480786939395e-05,-5.002820158933158164e-05,0.000000000000000000e+00,6.227578456732063734e-03,3.072532820949132456e-05,3.072532840761844311e-05,3.072532848806430630e-05,3.072532852143432800e-05
3.324948047686755032e-03,0.000000000000000000e+00,8.072064126363786619e-05,-5.016601254506024662e-05,0.000000000000000000e+00,6.227578517738576944e-03,2.866452664182833060e-05,2.866452684212542220e-05,2.866452692543712988e-05,2.866452696287580658e-05
3.329947969562975681e-03,0.000000000000000000e+00,7.896575950190665215e-05,-5.030357825845281568e-05,0.000000000000000000e+00,6.227578498363577943e-03,2.521229403095412051e-05,2.521229423339635354e-05,2.521229431081003868e-05,2.521229435270870976e-05
3.334947891439196330e-03,0.000000000000000000e+00,7.730473617933979614e-05,-5.044089872950926172e-05,0.000000000000000000e+00,6.227578533673685211e-03,2.124176487053644323e-05,2.124176507507930781e-05,2.124176515515413668e-05,2.124176520164694506e-05
3.339947813315416979e-03,0.000000000000000000e+00,7.574457440180919644e-05,-5.057797395822958474e-05,0.000000000000000000e+00,6.227578563677965522e-03,1.733688637072979203e-05,1.733688657706068556e-05,1.733688665721933343e-05,1.733688670814598321e-05
3.344947735191637628e-03,0.000000000000000000e+00,7.431077689345889198e-05,-5.071480394461377796e-05,0.000000000000000000e+00,6.227578437466719206e-03,1.385524733612053163e-05,1.385524754364277869e-05,1.385524761459064291e-05,1.385524766939221431e-05
3.349947657067858277e-03,0.000000000000000000e+00,7.302789245394966677e-05,-5.085138868866187527e-05,0.000000000000000000e+00,6.227578275779902493e-03,1.095291145730527845e-05,1.095291166541648954e-05,1.095291173666665812e-05,1.095291179435026252e-05
3.354947578944078926e-03,0.000000000000000000e+00,7.188133771609628384e-05,-5.098772819037384956e-05,0.000000000000000000e+00,6.227578173166942697e-03,8.944037031906317220e-06,8.944037240199501489e-06,8.944037327901758715e-06,8.944037387200263610e-06
3.359947500820299575e-03,0.000000000000000000e+00,7.080960621262689643e-05,-5.112382244974970083e-05,0.000000000000000000e+00,6.227578302038344095e-03,8.246499237771970830e-06,8.246499445844362409e-06,8.246499539107543400e-06,8.246499598729963858e-06
3.364947422696520658e-03,0.000000000000000000e+00,6.973731562686836410e-05,-5.125967146678942908e-05,0.000000000000000000e+00,6.227578635975681946e-03,8.874012562883303441e-06,8.874012769986713045e-06,8.874012856293493655e-06,8.874012915037341048e-06
3.369947344572741307e-03,0.000000000000000000e+00,6.863416604415213576e-05,-5.139527524149305464e-05,0.000000000000000000e+00,6.227578861757542168e-03,1.068366605923652178e-05,1.068366626427283556e-05,1.068366634789214326e-05,1.068366640458429898e-05
3.374947266448961956e-03,0.000000000000000000e+00,6.752491779421230579e-05,-5.153063377386056396e-05,0.000000000000000000e+00,6.227578777045726481e-03,1.393525188669174086e-05,1.393525208859472900e-05,1.393525217918705587e-05,1.393525223265953940e-05
3.379947188325182605e-03,0.000000000000000000e+00,6.644158952230281006e-05,-5.166574706389194348e-05,0.000000000000000000e+00,6.227578500836257122e-03,1.893245783439936051e-05,1.893245803244837585e-05,1.893245813567101936e-05,1.893245818486184452e-05
3.384947110201403254e-03,0.000000000000000000e+00,6.537864572102555544e-05,-5.180061511158719998e-05,0.000000000000000000e+00,6.227578329913435219e-03,2.538885964414766650e-05,2.538885983788005625e-05,2.538885996006640542e-05,2.538886000413992169e-05
3.389947032077623903e-03,0.000000000000000000e+00,6.429250519454564826e-05,-5.193523791694634701e-05,0.000000000000000000e+00,6.227578434170404596e-03,3.196823275310760928e-05,3.196823294203869441e-05,3.196823306236522012e-05,3.196823310076568240e-05
3.394946953953844552e-03,0.000000000000000000e+00,6.314757074240278528e-05,-5.206961547996938458e-05,0.000000000000000000e+00,6.227578648362053389e-03,3.709034610147578589e-05,3.709034628506304181e-05,3.709034639010216780e-05,3.709034642253756657e-05
3.399946875830065201e-03,0.000000000000000000e+00,6.195460738708261572e-05,-5.220374780065629912e-05,0.000000000000000000e+00,6.227578732499029421e-03,4.002263301942010962e-05,4.002263319738310065e-05,4.002263331390862360e-05,4.002263334023770086e-05
3.404946797706285850e-03,0.000000000000000000e+00,6.077632084082704606e-05,-5.233763487900708387e-05,0.000000000000000000e+00,6.227578701607353051e-03,4.082497191438838748e-05,4.082497208698812174e-05,4.082497221801999871e-05,4.082497223811962976e-05
3.409946719582506499e-03,0.000000000000000000e+00,5.971382286777064240e-05,-5.247127671502175916e-05,0.000000000000000000e+00,6.227578652171643185e-03,3.967608424429228516e-05,3.967608441218284826e-05,3.967608454879705183e-05,3.967608456260271309e-05
3.414946641458727148e-03,0.000000000000000000e+00,5.886063275641640480e-05,-5.260467330870032497e-05,0.000000000000000000e+00,6.227578616732259119e-03,3.681126456458090623e-05,3.681126472837934475e-05,3.681126485895947533e-05,3.681126486667808678e-05
3.419946563334947797e-03,0.000000000000000000e+00,5.823946779018694670e-05,-5.273782466004276777e-05,0.000000000000000000e+00,6.227578657936414658e-03,3.268332278342535313e-05,3.268332294348381593e-05,3.268332307396527056e-05,3.268332307615830662e-05
3.424946485211168880e-03,0.000000000000000000e+00,5.776687660653434569e-05,-5.287073076904908755e-05,0.000000000000000000e+00,6.227578649631521426e-03,2.805173194600114341e-05,2.805173210252624892e-05,2.805173224239583389e-05,2.805173223980481431e-05
3.429946407087389529e-03,0.000000000000000000e+00,5.728842180099040060e-05,-5.300339163571928430e-05,0.000000000000000000e+00,6.227578556612561704e-03,2.343340393125888454e-05,2.343340408450850010e-05,2.343340423118655622e-05,2.343340422453612785e-05
3.434946328963610178e-03,0.000000000000000000e+00,5.668231471637111800e-05,-5.313580726005338515e-05,0.000000000000000000e+00,6.227578547744033396e-03,1.901597841461500645e-05,1.901597856488466184e-05,1.901597871310344378e-05,1.901597870312295960e-05
3.439946250839830827e-03,0.000000000000000000e+00,5.594739951385590149e-05,-5.326797764205135619e-05,0.000000000000000000e+00,6.227578600252319310e-03,1.530729173482080102e-05,1.530729188221999727e-05,1.530729202943419476e-05,1.530729201698102150e-05
3.444946172716051476e-03,0.000000000000000000e+00,5.517320133297802141e-05,-5.339990278171320422e-05,0.000000000000000000e+00,6.227578593099158434e-03,1.316041606479976434e-05,1.316041620904611423e-05,1.316041635526928486e-05,1.316041634129423734e-05
3.449946094592272125e-03,0.000000000000000000e+00,5.444087028210596336e-05,-5.353158267903892922e-05,0.000000000000000000e+00,6.227578634671829087e-03,1.279038971141310985e-05,1.279038985190255352e-05,1.279039000026395041e-05,1.279038998559523711e-05
3.454946016468492774e-03,0.000000000000000000e+00,5.377029956695535015e-05,-5.366301733402855832e-05,0.000000000000000000e+00,6.227578563693421908e-03,1.354951817128381828e-05,1.354951830742632445e-05,1.354951845670843259e-05,1.354951844189161390e-05
3.459945938344713423e-03,0.000000000000000000e+00,5.314958308959153913e-05,-5.379420674668206439e-05,0.000000000000000000e+00,6.227578307050963755e-03,1.458061139281641740e-05,1.458061152427772652e-05,1.458061167267660631e-05,1.458061165801725781e-05
3.464945860220934072e-03,0.000000000000000000e+00,5.257863300801947278e-05,-5.392515091699944744e-05,0.000000000000000000e+00,6.227578184197900095e-03,1.497410011234032249e-05,1.497410023889642655e-05,1.497410039307308409e-05,1.497410037873633656e-05
3.469945782097154721e-03,0.000000000000000000e+00,5.206560306305534834e-05,-5.405584984498070070e-05,0.000000000000000000e+00,6.227578207752044841e-03,1.372828910133618280e-05,1.372828922257930319e-05,1.372828937880617688e-05,1.372828936476030216e-05
3.474945703973375370e-03,0.000000000000000000e+00,5.159932136525070676e-05,-5.418630353062585804e-05,0.000000000000000000e+00,6.227578191327750624e-03,1.037942574106083241e-05,1.037942585644287613e-05,1.037942601210971873e-05,1.037942599798033503e-05
3.479945625849596019e-03,0.000000000000000000e+00,5.114087490630507972e-05,-5.431651197393489236e-05,0.000000000000000000e+00,6.227578312823188467e-03,5.712120813369899205e-06,5.712120922551888759e-06,5.712121070599831784e-06,5.712121055712838101e-06
3.484945547725816668e-03,0.000000000000000000e+00,5.065287145297234065e-05,-5.444647517490780366e-05,0.000000000000000000e+00,6.227578557140985363e-03,1.353392259355590585e-06,1.353392362347470983e-06,1.353392511374248247e-06,1.353392495014964765e-06
3.489945469602037751e-03,0.000000000000000000e+00,5.014550259598064369e-05,-5.457619313354459195e-05,0.000000000000000000e+00,6.227578596906514774e-03,-1.511813125913066514e-06,-1.511813029041703891e-06,-1.511812870449898127e-06,-1.511812888859527349e-06
3.494945391478258400e-03,0.000000000000000000e+00,4.969801679470227732e-05,-5.470566584984527076e-05,0.000000000000000000e+00,6.227578477329820741e-03,-2.440576145461185457e-06,-2.440576054928088217e-06,-2.440575896861411539e-06,-2.440575917815213486e-06
3.499945313354479049e-03,0.000000000000000000e+00,4.943406231415545786e-05,-5.483489332380984011e-05,0.000000000000000000e+00,6.227578432376683175e-03,-1.640799554674165909e-06,-1.640799470927602097e-06,-1.640799305184151681e-06,-1.640799329221677446e-06
3.504945235230699698e-03,0.000000000000000000e+00,4.946990278468900242e-05,-5.496387555543827966e-05,0.000000000000000000e+00,6.227578484010023140e-03,1.356243640306515755e-07,1.356244407391322047e-07,1.356246169283673622e-07,1.356245891538292464e-07
3.509945157106920347e-03,0.000000000000000000e+00,4.986555984147922354e-05,-5.509261254473059619e-05,0.000000000000000000e+00,6.227578591665715660e-03,1.658784823003564321e-06,1.658784892916933857e-06,1.658785068510435337e-06,1.658785036250029765e-06
3.514945078983140996e-03,0.000000000000000000e+00,5.060653513382428690e-05,-5.522110429168680326e-05,0.000000000000000000e+00,6.227578659169954838e-03,1.442806882372598100e-06,1.442806946046239078e-06,1.442807124175370532e-06,1.442807086716282034e-06
3.519945000859361645e-03,0.000000000000000000e+00,5.163653162356147551e-05,-5.534935079630690086e-05,0.000000000000000000e+00,6.227578645900004595e-03,-1.560884645813164388e-06,-1.560884587899144162e-06,-1.560884402691538998e-06,-1.560884445859228914e-06
3.524944922735582294e-03,0.000000000000000000e+00,5.290151267876223688e-05,-5.547735205859087544e-05,0.000000000000000000e+00,6.227578660855007976e-03,-7.076973332416836346e-06,-7.076973279946462245e-06,-7.076973096532311915e-06,-7.076973145701060009e-06
3.529944844611802943e-03,0.000000000000000000e+00,5.435388869335446059e-05,-5.560510807853872022e-05,0.000000000000000000e+00,6.227578670024561981e-03,-1.369689185894424607e-05,-1.369689181150997073e-05,-1.369689163008902361e-05,-1.369689168547531371e-05
3.534944766488023592e-03,0.000000000000000000e+00,5.592119787118567261e-05,-5.573261885615044876e-05,0.000000000000000000e+00,6.227578569639449432e-03,-1.978194344756717328e-05,-1.978194340447850900e-05,-1.978194322302629789e-05,-1.978194328480612990e-05
3.539944688364244241e-03,0.000000000000000000e+00,5.749158605623101942e-05,-5.585988439142607461e-05,0.000000000000000000e+00,6.227578461111988109e-03,-2.420836660385060175e-05,-2.420836656426165399e-05,-2.420836637805162154e-05,-2.420836644616035499e-05
3.544944610240464890e-03,0.000000000000000000e+00,5.896052874433256965e-05,-5.598690468436557743e-05,0.000000000000000000e+00,6.227578485348968587e-03,-2.657266243175388252e-05,-2.657266239493725666e-05,-2.657266221048416367e-05,-2.657266228441734976e-05
3.549944532116685973e-03,0.000000000000000000e+00,6.030149973625369836e-05,-5.611367973496895724e-05,0.000000000000000000e+00,6.227578628117091432e-03,-2.721757679621930126e-05,-2.721757676168526317e-05,-2.721757657595447180e-05,-2.721757665483237536e-05
3.554944453992906622e-03,0.000000000000000000e+00,6.158020361660383280e-05,-5.624020954323621403e-05,0.000000000000000000e+00,6.227578649006783318e-03,-2.709952652543079829e-05,-2.709952649279257579e-05,-2.709952630637723272e-05,-2.709952638918256378e-05
3.559944375869127271e-03,0.000000000000000000e+00,6.288792103303400256e-05,-5.636649410916737491e-05,0.000000000000000000e+00,6.227578496802214925e-03,-2.743264290123270899e-05,-2.743264286997610564e-05,-2.743264269189888037e-05,-2.743264277760029839e-05
3.564944297745347920e-03,0.000000000000000000e+00,6.424346660343757047e-05,-5.649253343276240598e-05,0.000000000000000000e+00,6.227578291066425409e-03,-2.893353511361027521e-05,-2.893353508305632974e-05,-2.893353490078147346e-05,-2.893353498825234331e-05
3.569944219621568569e-03,0.000000000000000000e+00,6.555665696601191297e-05,-5.661832751402131404e-05,0.000000000000000000e+00,6.227578116772424302e-03,-3.113261432077146421e-05,-3.113261429031663176e-05,-3.113261410841992486e-05,-3.113261419637668669e-05
3.574944141497789218e-03,0.000000000000000000e+00,6.669685448419166883e-05,-5.674387635294409908e-05,0.000000000000000000e+00,6.227578159944189076e-03,-3.235879162881410688e-05,-3.235879159814742133e-05,-3.235879142152638121e-05,-3.235879150870148071e-05
3.579944063374009867e-03,0.000000000000000000e+00,6.758366275639153564e-05,-5.686917994953078821e-05,0.000000000000000000e+00,6.227578422533016494e-03,-3.129276218265935065e-05,-3.129276215162745837e-05,-3.129276198431398220e-05,-3.129276206975752274e-05
3.584943985250230516e-03,0.000000000000000000e+00,6.822636472970248828e-05,-5.699423830378135431e-05,0.000000000000000000e+00,6.227578706602300215e-03,-2.831679102362924281e-05,-2.831679099195751539e-05,-2.831679083561735105e-05,-2.831679091877783286e-05
3.589943907126451166e-03,0.000000000000000000e+00,6.870141537494111304e-05,-5.711905141569579739e-05,0.000000000000000000e+00,6.227578807529562423e-03,-2.495291761174516117e-05,-2.495291757907139378e-05,-2.495291742609949661e-05,-2.495291750662095579e-05
3.594943829002671815e-03,0.000000000000000000e+00,6.910780457715148600e-05,-5.724361928527411068e-05,0.000000000000000000e+00,6.227578710330337192e-03,-2.246838292743081483e-05,-2.246838289368618773e-05,-2.246838274399904367e-05,-2.246838282153698854e-05
3.599943750878892464e-03,0.000000000000000000e+00,6.954139180265161925e-05,-5.736794191251632128e-05,0.000000000000000000e+00,6.227578639215865242e-03,-2.147207415474166359e-05,-2.147207412043639893e-05,-2.147207398150670883e-05,-2.147207405576935009e-05
3.604943672755113113e-03,0.000000000000000000e+00,7.008169788785699645e-05,-5.749201929742241564e-05,0.000000000000000000e+00,6.227578619291622430e-03,-2.178738563045628875e-05,-2.178738559656414917e-05,-2.178738545933710371e-05,-2.178738553021182663e-05
3.609943594631334195e-03,0.000000000000000000e+00,7.078322907022341847e-05,-5.761585143999238697e-05,0.000000000000000000e+00,6.227578561795588455e-03,-2.253913384305740762e-05,-2.253913381065530741e-05,-2.253913367408683346e-05,-2.253913374169074204e-05
3.614943516507554844e-03,0.000000000000000000e+00,7.168195470143371969e-05,-5.773943834022623528e-05,0.000000000000000000e+00,6.227578505974553161e-03,-2.268731533851801145e-05,-2.268731530857338760e-05,-2.268731517973744354e-05,-2.268731524438837165e-05
3.619943438383775493e-03,0.000000000000000000e+00,7.279432923662329687e-05,-5.786277999812397413e-05,0.000000000000000000e+00,6.227578501771842932e-03,-2.177167066142745395e-05,-2.177167063490400973e-05,-2.177167051717645216e-05,-2.177167057932246667e-05
3.624943360259996143e-03,0.000000000000000000e+00,7.409224864970589519e-05,-5.798587641368560351e-05,0.000000000000000000e+00,6.227578547545735421e-03,-2.016514966709325083e-05,-2.016514964511348447e-05,-2.016514953615517429e-05,-2.016514959633691602e-05
3.629943282136216792e-03,0.000000000000000000e+00,7.548387293375598273e-05,-5.810872758691110310e-05,0.000000000000000000e+00,6.227578493508088668e-03,-1.825180058329648990e-05,-1.825180056701184442e-05,-1.825180044743609484e-05,-1.825180050637078384e-05
3.634943204012437441e-03,0.000000000000000000e+00,7.684150129544923451e-05,-5.823133351780047966e-05,0.000000000000000000e+00,6.227578328117356309e-03,-1.599672046884542507e-05,-1.599672045905779335e-05,-1.599672034058659506e-05,-1.599672039928557850e-05
3.639943125888658090e-03,0.000000000000000000e+00,7.806111767701739220e-05,-5.835369420635373998e-05,0.000000000000000000e+00,6.227578261792221688e-03,-1.364733342856144679e-05,-1.364733342550234495e-05,-1.364733331464494117e-05,-1.364733337431141242e-05
3.644943047764878739e-03,0.000000000000000000e+00,7.910161847854593851e-05,-5.847580965257089761e-05,0.000000000000000000e+00,6.227578347668173003e-03,-1.213176452960496789e-05,-1.213176453310633951e-05,-1.213176442777453483e-05,-1.213176448946928407e-05
3.649942969641099388e-03,0.000000000000000000e+00,7.997503454969190296e-05,-5.859767985645193222e-05,0.000000000000000000e+00,6.227578450132383731e-03,-1.227177651648743434e-05,-1.227177652633738058e-05,-1.227177642147152195e-05,-1.227177648588421696e-05
3.654942891517320037e-03,0.000000000000000000e+00,8.070479064684963201e-05,-5.871930481799683704e-05,0.000000000000000000e+00,6.227578508578798973e-03,-1.393437237531095956e-05,-1.393437239144030663e-05,-1.393437228200709219e-05,-1.393437234952607894e-05
3.659942813393540686e-03,0.000000000000000000e+00,8.128624299083805666e-05,-5.884068453720562561e-05,0.000000000000000000e+00,6.227578503159145532e-03,-1.651491763550677025e-05,-1.651491765787113362e-05,-1.651491755019630198e-05,-1.651491762104168707e-05
3.664942735269761335e-03,0.000000000000000000e+00,8.167670165829499197e-05,-5.896181901407831149e-05,0.000000000000000000e+00,6.227578472592171233e-03,-2.000394286038452253e-05,-2.000394288871288216e-05,-2.000394278924696868e-05,-2.000394286340169455e-05
3.669942657145981984e-03,0.000000000000000000e+00,8.182584493269245290e-05,-5.908270824861487435e-05,0.000000000000000000e+00,6.227578476488000205e-03,-2.469447764608272470e-05,-2.469447767981724500e-05,-2.469447758739870324e-05,-2.469447766443365962e-05
3.674942579022203067e-03,0.000000000000000000e+00,8.172737768172860947e-05,-5.920335224081531419e-05,0.000000000000000000e+00,6.227578569197866031e-03,-3.010126370847308332e-05,-3.010126374700148824e-05,-3.010126365299420066e-05,-3.010126373208641711e-05
3.679942500898423716e-03,0.000000000000000000e+00,8.144385708156518368e-05,-5.932375099067963101e-05,0.000000000000000000e+00,6.227578647500644354e-03,-3.504534362543465314e-05,-3.504534366827184689e-05,-3.504534357608805184e-05,-3.504534365632479953e-05
3.684942422774644365e-03,0.000000000000000000e+00,8.107409682572483661e-05,-5.944390449820785192e-05,0.000000000000000000e+00,6.227578664600522292e-03,-3.891392744208469699e-05,-3.891392748869435865e-05,-3.891392741385064940e-05,-3.891392749452970415e-05
3.689942344650865014e-03,0.000000000000000000e+00,8.068987400582748192e-05,-5.956381276339994303e-05,0.000000000000000000e+00,6.227578700941569650e-03,-4.179141292054423356e-05,-4.179141297005548451e-05,-4.179141290201516423e-05,-4.179141298262045257e-05
3.694942266527085663e-03,0.000000000000000000e+00,8.032019806775290342e-05,-5.968347578625591112e-05,0.000000000000000000e+00,6.227578678344297507e-03,-4.354935234337561228e-05,-4.354935239464624553e-05,-4.354935231650328874e-05,-4.354935239646777972e-05
3.699942188403306312e-03,0.000000000000000000e+00,7.998807961514064579e-05,-5.980289356677575619e-05,0.000000000000000000e+00,6.227578601247643793e-03,-4.370056664437084817e-05,-4.370056669633854888e-05,-4.370056662985332010e-05,-4.370056670850339890e-05
3.704942110279526961e-03,0.000000000000000000e+00,7.972596401082468487e-05,-5.992206610495949857e-05,0.000000000000000000e+00,6.227578600860119579e-03,-4.234507589448607124e-05,-4.234507594634578541e-05,-4.234507588977113349e-05,-4.234507596653514774e-05
3.709942032155747610e-03,0.000000000000000000e+00,7.955093708731132154e-05,-6.004099340080712471e-05,0.000000000000000000e+00,6.227578606644792666e-03,-4.041947081515928663e-05,-4.041947086620942026e-05,-4.041947081969602220e-05,-4.041947089426561126e-05
3.714941954031968259e-03,0.000000000000000000e+00,7.944270733564420166e-05,-6.015967545431862782e-05,0.000000000000000000e+00,6.227578375731008045e-03,-3.892655690597133670e-05,-3.892655695546450180e-05,-3.892655692527495330e-05,-3.892655699751173230e-05
3.719941875908188908e-03,0.000000000000000000e+00,7.935998507959394262e-05,-6.027811226549400114e-05,0.000000000000000000e+00,6.227578111578157410e-03,-3.788594221509994185e-05,-3.788594226239408067e-05,-3.788594224696559916e-05,-3.788594231670129993e-05
3.724941797784409557e-03,0.000000000000000000e+00,7.928472048715871229e-05,-6.039630383433327177e-05,0.000000000000000000e+00,6.227578124850771321e-03,-3.616635982293604681e-05,-3.616635986781095789e-05,-3.616635986033352721e-05,-3.616635992727196605e-05
3.729941719660630206e-03,0.000000000000000000e+00,7.924050822732629231e-05,-6.051425016083642616e-05,0.000000000000000000e+00,6.227578213272719904e-03,-3.244215309290721263e-05,-3.244215313567898833e-05,-3.244215313200688366e-05,-3.244215319578299615e-05
3.734941641536851289e-03,0.000000000000000000e+00,7.926780033180203671e-05,-6.063195124500345753e-05,0.000000000000000000e+00,6.227578285522354998e-03,-2.661362746939296319e-05,-2.661362751068574822e-05,-2.661362751160533801e-05,-2.661362757196887672e-05
3.739941563413071938e-03,0.000000000000000000e+00,7.939554836172701968e-05,-6.074940708683436587e-05,0.000000000000000000e+00,6.227578467187515343e-03,-2.020006379752698050e-05,-2.020006383792406546e-05,-2.020006385226191074e-05,-2.020006390928414842e-05
3.744941485289292587e-03,0.000000000000000000e+00,7.963490515211309640e-05,-6.086661768632916475e-05,0.000000000000000000e+00,6.227578557989031822e-03,-1.518882417620019347e-05,-1.518882421612233689e-05,-1.518882424296669648e-05,-1.518882429707121736e-05
3.749941407165513236e-03,0.000000000000000000e+00,7.999583521557738618e-05,-6.098358304348785417e-05,0.000000000000000000e+00,6.227578494184909247e-03,-1.253573779799413959e-05,-1.253573783784791728e-05,-1.253573787070735768e-05,-1.253573792252099495e-05
3.754941329041733885e-03,0.000000000000000000e+00,8.049109944023431188e-05,-6.110030315831040701e-05,0.000000000000000000e+00,6.227578479301753775e-03,-1.187996803150339035e-05,-1.187996807184913495e-05,-1.187996810952072368e-05,-1.187996815980152947e-05
3.759941250917954534e-03,0.000000000000000000e+00,8.111232064629153333e-05,-6.121677803079684360e-05,0.000000000000000000e+00,6.227578706882473669e-03,-1.200804997056063740e-05,-1.200805001212384278e-05,-1.200805005083687208e-05,-1.200805010057311022e-05
3.764941172794175183e-03,0.000000000000000000e+00,8.180239476636979462e-05,-6.133300766094715718e-05,0.000000000000000000e+00,6.227579046451894862e-03,-1.183234409678720284e-05,-1.183234414035609076e-05,-1.183234418627428554e-05,-1.183234423669647638e-05
3.769941094670395832e-03,0.000000000000000000e+00,8.245973076946959955e-05,-6.144899204876134774e-05,0.000000000000000000e+00,6.227579231314218228e-03,-1.121371705077878889e-05,-1.121371709709676967e-05,-1.121371715081343586e-05,-1.121371720314987881e-05
3.774941016546616481e-03,0.000000000000000000e+00,8.299221276282367011e-05,-6.156473119423941528e-05,0.000000000000000000e+00,6.227579145123805782e-03,-1.080725504555462885e-05,-1.080725509532785015e-05,-1.080725515663611859e-05,-1.080725521181738437e-05
3.779940938422837130e-03,0.000000000000000000e+00,8.337795596471926163e-05,-6.168022509738141400e-05,0.000000000000000000e+00,6.227578754973190842e-03,-1.106892794929428685e-05,-1.106892800333006085e-05,-1.106892806526566222e-05,-1.106892812388462646e-05
3.784940860299057779e-03,0.000000000000000000e+00,8.366614442575769789e-05,-6.179547375818728971e-05,0.000000000000000000e+00,6.227578274143163138e-03,-1.191525061525550429e-05,-1.191525067450518790e-05,-1.191525074197609198e-05,-1.191525080450922766e-05
3.789940782175278428e-03,0.000000000000000000e+00,8.393294650889491105e-05,-6.191047717665702885e-05,0.000000000000000000e+00,6.227578088606014993e-03,-1.319623711575773876e-05,-1.319623718107853949e-05,-1.319623724570222025e-05,-1.319623731265938021e-05
3.794940704051499511e-03,0.000000000000000000e+00,8.423422208839856829e-05,-6.202523535279065852e-05,0.000000000000000000e+00,6.227578285030063894e-03,-1.533845005475057883e-05,-1.533845012661759068e-05,-1.533845018592859270e-05,-1.533845025768269506e-05
3.799940625927720160e-03,0.000000000000000000e+00,8.455937173044911746e-05,-6.213974828658815161e-05,0.000000000000000000e+00,6.227578499908564304e-03,-1.859149348121854061e-05,-1.859149355976034149e-05,-1.859149363142089753e-05,-1.859149370791235353e-05
3.804940547803940809e-03,0.000000000000000000e+00,8.481044052084724040e-05,-6.225401597804953524e-05,0.000000000000000000e+00,6.227578547894108661e-03,-2.235139439661145571e-05,-2.235139448187789860e-05,-2.235139455560337528e-05,-2.235139463633415663e-05
3.809940469680161458e-03,0.000000000000000000e+00,8.484646475064049932e-05,-6.236803842717478230e-05,0.000000000000000000e+00,6.227578494460724208e-03,-2.605329202602930369e-05,-2.605329211804522358e-05,-2.605329219200082217e-05,-2.605329227636184105e-05
3.814940391556382107e-03,0.000000000000000000e+00,8.455411755673086034e-05,-6.248181563396390634e-05,0.000000000000000000e+00,6.227578444088756326e-03,-2.978082811312597771e-05,-2.978082821162889604e-05,-2.978082828804585718e-05,-2.978082837557116753e-05
3.819940313432602756e-03,0.000000000000000000e+00,8.388513874581399220e-05,-6.259534759841696157e-05,0.000000000000000000e+00,6.227578563452166108e-03,-3.324462301717614739e-05,-3.324462312141818150e-05,-3.324462319585181160e-05,-3.324462328612799359e-05
3.824940235308823405e-03,0.000000000000000000e+00,8.283673818876790239e-05,-6.270863432053389377e-05,0.000000000000000000e+00,6.227578746870717288e-03,-3.482694304321005209e-05,-3.482694315211165510e-05,-3.482694322743899306e-05,-3.482694331988173624e-05
3.829940157185044054e-03,0.000000000000000000e+00,8.142472581386556456e-05,-6.282167580031470296e-05,0.000000000000000000e+00,6.227578717540404804e-03,-3.247871454424921893e-05,-3.247871465674342749e-05,-3.247871474708820559e-05,-3.247871484090965414e-05
3.834940079061264703e-03,0.000000000000000000e+00,7.967772687771993681e-05,-6.293447203775938913e-05,0.000000000000000000e+00,6.227578511597073839e-03,-2.540775230186206074e-05,-2.540775241709850797e-05,-2.540775251371167885e-05,-2.540775260810122901e-05
3.839940000937485352e-03,0.000000000000000000e+00,7.765701440804624047e-05,-6.304702303286795228e-05,0.000000000000000000e+00,6.227578417627446621e-03,-1.437917065719826678e-05,-1.437917077448226200e-05,-1.437917087727164138e-05,-1.437917097161523831e-05
3.844939922813706001e-03,0.000000000000000000e+00,7.545674779369441587e-05,-6.315932878564037886e-05,0.000000000000000000e+00,6.227578497428888117e-03,-8.138707239695507013e-07,-8.138708426122418250e-07,-8.138709449412647318e-07,-8.138710389152486676e-07
3.849939844689926650e-03,0.000000000000000000e+00,7.316831006483325310e-05,-6.327138929607669597e-05,0.000000000000000000e+00,6.227578521660464064e-03,1.380414428313100584e-05,1.380414416380674034e-05,1.380414405449036054e-05,1.380414396101039332e-05
3.854939766566147299e-03,0.000000000000000000e+00,7.084007692998352138e-05,-6.338320456417687650e-05,0.000000000000000000e+00,6.227578411767551586e-03,2.779230257749791243e-05,2.779230245800608009e-05,2.779230233160340759e-05,2.779230223866464868e-05
3.859939688442368382e-03,0.000000000000000000e+00,6.847377372567816528e-05,-6.349477458994097468e-05,0.000000000000000000e+00,6.227578356946809023e-03,3.938128221663348669e-05,3.938128209724918688e-05,3.938128196513289089e-05,3.938128187261134654e-05
3.864939610318589031e-03,0.000000000000000000e+00,6.603000639914655590e-05,-6.360609937336896339e-05,0.000000000000000000e+00,6.227578308667388630e-03,4.714834793012846411e-05,4.714834781097640719e-05,4.714834767750687781e-05,4.714834758486134816e-05
3.869939532194809680e-03,0.000000000000000000e+00,6.344717562287503874e-05,-6.371717891446084263e-05,0.000000000000000000e+00,6.227578126098920475e-03,5.037139549216353027e-05,5.037139537334200593e-05,5.037139524360615035e-05,5.037139514983620140e-05
3.874939454071030329e-03,0.000000000000000000e+00,6.068592759944866082e-05,-6.382801321321658530e-05,0.000000000000000000e+00,6.227578057620014769e-03,4.919620560089347578e-05,4.919620548250623539e-05,4.919620534395467096e-05,4.919620524787107524e-05
3.879939375947250978e-03,0.000000000000000000e+00,5.777675540219547094e-05,-6.393860226963620494e-05,0.000000000000000000e+00,6.227578229272593205e-03,4.452249526340007279e-05,4.452249514545724010e-05,4.452249499232267533e-05,4.452249489283185909e-05
3.884939297823471627e-03,0.000000000000000000e+00,5.483100888115111511e-05,-6.404894608371970157e-05,0.000000000000000000e+00,6.227578349344674823e-03,3.790906757369989668e-05,3.790906745595154276e-05,3.790906730742840832e-05,3.790906720356915178e-05
3.889939219699692276e-03,0.000000000000000000e+00,5.202182101398784923e-05,-6.415904465546707518e-05,0.000000000000000000e+00,6.227578428641061120e-03,3.144727778810715889e-05,3.144727766999630197e-05,3.144727752710456105e-05,3.144727741794709988e-05
3.894939141575912925e-03,0.000000000000000000e+00,4.955860937851095830e-05,-6.426889798487832577e-05,0.000000000000000000e+00,6.227578567496730270e-03,2.708245084444214134e-05,2.708245072528403321e-05,2.708245058545287644e-05,2.708245047014031483e-05
3.899939063452133575e-03,0.000000000000000000e+00,4.764124264721883255e-05,-6.437850607195345334e-05,0.000000000000000000e+00,6.227578591069788706e-03,2.564531463693064110e-05,2.564531451611498774e-05,2.564531437570987128e-05,2.564531425368631507e-05
3.904938985328354224e-03,0.000000000000000000e+00,4.637320628528906010e-05,-6.448786891669251210e-05,0.000000000000000000e+00,6.227578543897513939e-03,2.658332182176319398e-05,2.658332169870883255e-05,2.658332154581694612e-05,2.658332141699749888e-05
3.909938907204575306e-03,0.000000000000000000e+00,4.569190922788691643e-05,-6.459698651909544784e-05,0.000000000000000000e+00,6.227578591850576467e-03,2.835995453599640158e-05,2.835995440999822796e-05,2.835995425409089407e-05,2.835995411873193234e-05
3.914938829080795955e-03,0.000000000000000000e+00,4.539186831292857778e-05,-6.470585887916224701e-05,0.000000000000000000e+00,6.227578631095028773e-03,2.911766231302275373e-05,2.911766218335218068e-05,2.911766203874106452e-05,2.911766189712497894e-05
3.919938750957016604e-03,0.000000000000000000e+00,4.523928059031173942e-05,-6.481448599689293671e-05,0.000000000000000000e+00,6.227578587063753619e-03,2.730596008244499278e-05,2.730595994865753467e-05,2.730595981335556810e-05,2.730595966566478583e-05
3.924938672833237253e-03,0.000000000000000000e+00,4.508861144577112998e-05,-6.492286787228748984e-05,0.000000000000000000e+00,6.227578555556034443e-03,2.240883790914275199e-05,2.240883777118735646e-05,2.240883764326632996e-05,2.240883748978421741e-05
3.929938594709457902e-03,0.000000000000000000e+00,4.491991464334389354e-05,-6.503100450534593350e-05,0.000000000000000000e+00,6.227578568614155867e-03,1.522040006292714915e-05,1.522039992094144210e-05,1.522039978867469612e-05,1.522039963000507937e-05
3.934938516585678552e-03,0.000000000000000000e+00,4.479412726965071527e-05,-6.513889589606824059e-05,0.000000000000000000e+00,6.227578638160884486e-03,7.432419413300330135e-06,7.432419267401881445e-06,7.432419134052436779e-06,7.432418971063274715e-06
3.939938438461899201e-03,0.000000000000000000e+00,4.477863175592696772e-05,-6.524654204445442466e-05,0.000000000000000000e+00,6.227578709968718471e-03,8.450518523316021836e-07,8.450517026374734953e-07,8.450515610925074439e-07,8.450513946777179839e-07
3.944938360338119850e-03,0.000000000000000000e+00,4.487419968826528339e-05,-6.535394295050452637e-05,0.000000000000000000e+00,6.227578671552130851e-03,-3.473004952639091653e-06,-3.473005105856984128e-06,-3.473005248387227904e-06,-3.473005417464165684e-06
3.949938282214340499e-03,0.000000000000000000e+00,4.499431110573072560e-05,-6.546109861421851861e-05,0.000000000000000000e+00,6.227578582812624657e-03,-5.332900185186000327e-06,-5.332900341441746821e-06,-5.332900471001284866e-06,-5.332900642034291925e-06
3.954938204090561148e-03,0.000000000000000000e+00,4.501114024560206450e-05,-6.556800903559638783e-05,0.000000000000000000e+00,6.227578517294443498e-03,-5.099471427848391433e-06,-5.099471586568846255e-06,-5.099471713274824322e-06,-5.099471885369584639e-06
3.959938125966781797e-03,0.000000000000000000e+00,4.483196689679328081e-05,-6.567467421463813403e-05,0.000000000000000000e+00,6.227578525939522075e-03,-3.488522338108048016e-06,-3.488522498816270208e-06,-3.488522634414678828e-06,-3.488522806334695825e-06
3.964938047843002446e-03,0.000000000000000000e+00,4.444791492897754044e-05,-6.578109415134375721e-05,0.000000000000000000e+00,6.227578638388181834e-03,-1.812558467523706095e-06,-1.812558629881475189e-06,-1.812558776252634756e-06,-1.812558946615332975e-06
3.969937969719223095e-03,0.000000000000000000e+00,4.393269161136579849e-05,-6.588726884571324382e-05,0.000000000000000000e+00,6.227578626588369838e-03,-1.534442578867968375e-06,-1.534442742559926380e-06,-1.534442894341085593e-06,-1.534443062008575796e-06
3.974937891595443744e-03,0.000000000000000000e+00,4.339887423119194855e-05,-6.599319829774662096e-05,0.000000000000000000e+00,6.227578533697548935e-03,-2.925927839845158985e-06,-2.925928004431392353e-06,-2.925928156290699885e-06,-2.925928320516493629e-06
3.979937813471664393e-03,0.000000000000000000e+00,4.294175470179623652e-05,-6.609888250744386153e-05,0.000000000000000000e+00,6.227578628528968561e-03,-4.782729021748194468e-06,-4.782729186582007096e-06,-4.782729340751049808e-06,-4.782729500992852884e-06
3.984937735347885042e-03,0.000000000000000000e+00,4.259236998292434460e-05,-6.620432147480501974e-05,0.000000000000000000e+00,6.227578691931359538e-03,-5.685741869035576006e-06,-5.685742033286682483e-06,-5.685742189429154414e-06,-5.685742345230680337e-06
3.989937657224105691e-03,0.000000000000000000e+00,4.230888935823281258e-05,-6.630951519983006848e-05,0.000000000000000000e+00,6.227578603047624964e-03,-4.936772248751805291e-06,-4.936772411550629734e-06,-4.936772570871183683e-06,-4.936772722059051585e-06
3.994937579100326340e-03,0.000000000000000000e+00,4.201300142375920802e-05,-6.641446368251900775e-05,0.000000000000000000e+00,6.227578466302387435e-03,-2.472053867589609109e-06,-2.472054028182973209e-06,-2.472054203414906394e-06,-2.472054350330742451e-06
3.999937500976546989e-03,0.000000000000000000e+00,4.164712673617885287e-05,-6.651916692287181045e-05,0.000000000000000000e+00,6.227578346296214901e-03,1.539940905140878637e-06,1.539940747363070899e-06,1.539940565116777622e-06,1.539940421725675628e-06
