time_s,contact_force_N,impact_w_m,ball_travel_m,indentation_m,energy_J,S1_mean_exx_plus_eyy,S2_mean_exx_plus_eyy,S3_mean_exx_plus_eyy,S4_mean_exx_plus_eyy
0.000000000000000000e+00,0.000000000000000000e+00,0.000000000000000000e+00,0.000000000000000000e+00,0.000000000000000000e+00,6.227579619865871753e-03,0.000000000000000000e+00,0.000000000000000000e+00,0.000000000000000000e+00,0.000000000000000000e+00
4.999687519530029071e-06,1.960955853955088912e+01,1.853103034892866335e-08,8.844315482322019279e-06,8.825784451973089960e-06,6.227529588163373785e-03,-9.050977265063870981e-10,-9.050977265064495503e-10,-9.050977165498196192e-10,-9.050977165497410370e-10
9.999375039060058143e-06,5.405576842091210921e+01,2.066073919876953750e-07,1.755807188124249498e-05,1.735146448925479858e-05,6.227520388896257489e-03,-8.084054710966043256e-09,-8.084054710966473390e-09,-8.084054673011449802e-09,-8.084054673010649091e-09
1.499906255859008806e-05,9.403835690152733662e+01,8.302979593224296804e-07,2.592862613654399015e-05,2.509832817722155919e-05,6.227533735982015289e-03,-2.083742526453545328e-08,-2.083742526453600914e-08,-2.083742529271740410e-08,-2.083742529271594826e-08
1.999875007812011629e-05,1.323831388143119057e+02,2.182242329702849056e-06,3.370783221504231595e-05,3.152558988533946859e-05,6.227563315461051574e-03,-2.070872865287194863e-08,-2.070872865287258390e-08,-2.070872873403210454e-08,-2.070872873402781643e-08
2.499843759765014620e-05,1.624696785899785141e+02,4.520254063139292519e-06,4.065760553882618802e-05,3.613735147568689635e-05,6.227594987386542678e-03,2.344380024639820221e-08,2.344380024639650814e-08,2.344380032730371883e-08,2.344380032731038922e-08
2.999812511718017612e-05,1.791860691671577115e+02,8.015657398754159188e-06,4.659110142760812854e-05,3.857544402885397104e-05,6.227612700537935378e-03,1.422246380163203149e-07,1.422246380163122681e-07,1.422246381294997986e-07,1.422246381295114453e-07
3.499781263671020604e-05,1.799913182805842098e+02,1.271342084560516886e-05,5.140434863911001100e-05,3.869092779350484214e-05,6.227607577746111824e-03,3.612031520385641700e-07,3.612031520385446882e-07,3.612031518761328968e-07,3.612031518761557667e-07
3.999750015624023257e-05,1.654430357644941125e+02,1.851505633938520527e-05,5.509197353898821970e-05,3.657691719960301442e-05,6.227583497539996259e-03,6.993899418698391661e-07,6.993899418698065553e-07,6.993899417195797564e-07,6.993899417196174494e-07
4.499718767577026588e-05,1.388959419559202786e+02,2.519258800723755146e-05,5.774384849219189137e-05,3.255126048495433992e-05,6.227553993942694897e-03,1.148860605315312094e-06,1.148860605315257460e-06,1.148860605491261589e-06,1.148860605491328505e-06
4.999687519530029241e-05,1.054904191782321590e+02,3.242777433041687705e-05,5.952449811056503707e-05,2.709672378014816002e-05,6.227533297526221916e-03,1.645532124096579352e-06,1.645532124096481097e-06,1.645532124181424949e-06,1.645532124181530404e-06
5.499656271483031894e-05,7.084671090527696435e+01,3.986097772870184866e-05,6.064140951617029380e-05,2.078043178746844514e-05,6.227528713932129964e-03,2.073870980792887143e-06,2.073870980792761782e-06,2.073870980612157417e-06,2.073870980612301413e-06
5.999625023436035224e-05,3.990041844508562718e+01,4.713839596706709294e-05,6.131024135752751814e-05,1.417184539046042519e-05,6.227538730807058442e-03,2.313633301133582769e-06,2.313633301133404892e-06,2.313633301186701052e-06,2.313633301186878082e-06
6.499593775389037877e-05,1.619566656229998713e+01,5.395494713114008301e-05,6.172410578255692923e-05,7.769158651416846213e-06,6.227556420465156159e-03,2.280377962520648820e-06,2.280377962520442144e-06,2.280377962722632296e-06,2.280377962722865230e-06
6.999562527342041208e-05,2.022332385518363917e+00,6.009027621630543220e-05,6.203120587613562744e-05,1.940929659830195240e-06,6.227574572704459854e-03,1.928989423334362803e-06,1.928989423334128175e-06,1.928989423155945477e-06,1.928989423156247445e-06
7.499531279295044539e-05,0.000000000000000000e+00,6.543454446792110397e-05,6.231848344785722226e-05,0.000000000000000000e+00,6.227583361102939294e-03,1.251334905477144751e-06,1.251334905476872006e-06,1.251334905284729358e-06,1.251334905285091889e-06
7.999500031248046514e-05,0.000000000000000000e+00,6.999061542970443019e-05,6.260581817633739123e-05,0.000000000000000000e+00,6.227580193985551502e-03,2.978477386511126223e-07,2.978477386508288663e-07,2.978477389244814946e-07,2.978477389249329632e-07
8.499468783201049845e-05,0.000000000000000000e+00,7.380001573346077666e-05,6.289339812416419259e-05,0.000000000000000000e+00,6.227576171476753228e-03,-8.037856279569705102e-07,-8.037856279572398667e-07,-8.037856277955870169e-07,-8.037856277950499980e-07
8.999437535154053175e-05,0.000000000000000000e+00,7.691111171526908441e-05,6.318122329133761279e-05,0.000000000000000000e+00,6.227573214329677406e-03,-1.876452728866003303e-06,-1.876452728866226919e-06,-1.876452729117768600e-06,-1.876452729117158736e-06
9.499406287107055151e-05,0.000000000000000000e+00,7.937962634113947616e-05,6.346929367785765182e-05,0.000000000000000000e+00,6.227572663646021613e-03,-2.744049095590600721e-06,-2.744049095590748104e-06,-2.744049095629687903e-06,-2.744049095628989948e-06
9.999375039060058481e-05,0.000000000000000000e+00,8.126809939657546518e-05,6.375760928372432325e-05,0.000000000000000000e+00,6.227574155092333551e-03,-3.261031392517837132e-06,-3.261031392517845602e-06,-3.261031392331081613e-06,-3.261031392330354859e-06
1.049934379101306181e-04,0.000000000000000000e+00,8.264183070413100892e-05,6.404617010893762707e-05,0.000000000000000000e+00,6.227575549262693438e-03,-3.328931257201421680e-06,-3.328931257201215004e-06,-3.328931257304725818e-06,-3.328931257304007535e-06
1.099931254296606379e-04,0.000000000000000000e+00,8.356776252829828367e-05,6.433497615349753618e-05,0.000000000000000000e+00,6.227574844909624513e-03,-2.927144801384754224e-06,-2.927144801384242616e-06,-2.927144801474953069e-06,-2.927144801474366922e-06
1.149928129491906712e-04,0.000000000000000000e+00,8.411877958078013522e-05,6.462402741740407768e-05,0.000000000000000000e+00,6.227571637739702515e-03,-2.137750369547110389e-06,-2.137750369546214229e-06,-2.137750369291370814e-06,-2.137750369290996425e-06
1.199925004687207045e-04,0.000000000000000000e+00,8.437541154149435520e-05,6.491332390065723801e-05,0.000000000000000000e+00,6.227567631282829655e-03,-1.119042102531846318e-06,-1.119042102530436856e-06,-1.119042102449634995e-06,-1.119042102449579090e-06
1.249921879882507378e-04,0.000000000000000000e+00,8.441771712741578796e-05,6.520286560325703074e-05,0.000000000000000000e+00,6.227564988761237486e-03,-3.453105133399899404e-08,-3.453105133196442090e-08,-3.453105159372301259e-08,-3.453105159416855192e-08
1.299918755077807575e-04,0.000000000000000000e+00,8.431271423881197614e-05,6.549265252520342876e-05,0.000000000000000000e+00,6.227564775647998624e-03,1.001783300121230182e-06,1.001783300123989815e-06,1.001783300023418205e-06,1.001783300022398378e-06
1.349915630273107773e-04,0.000000000000000000e+00,8.410857465624092930e-05,6.578268466649645917e-05,0.000000000000000000e+00,6.227566445760197335e-03,1.926387209386056832e-06,1.926387209389609289e-06,1.926387209467975083e-06,1.926387209466242053e-06
1.399912505468408242e-04,0.000000000000000000e+00,8.383731978474380086e-05,6.607296202713612196e-05,0.000000000000000000e+00,6.227568607636941797e-03,2.699053498611315326e-06,2.699053498615806295e-06,2.699053498588658889e-06,2.699053498586094073e-06
1.449909380663708439e-04,0.000000000000000000e+00,8.351779223447578242e-05,6.636348460712239005e-05,0.000000000000000000e+00,6.227570532314477200e-03,3.289818014856371223e-06,3.289818014861792234e-06,3.289818014849208713e-06,3.289818014845746042e-06
1.499906255859008908e-04,0.000000000000000000e+00,8.315495256457976984e-05,6.665425240645529053e-05,0.000000000000000000e+00,6.227572317601239374e-03,3.683461253329739255e-06,3.683461253336151294e-06,3.683461253354061806e-06,3.683461253349617424e-06
1.549903131054309105e-04,0.000000000000000000e+00,8.274169860849647752e-05,6.694526542513482340e-05,0.000000000000000000e+00,6.227574414209147494e-03,3.874524580739575528e-06,3.874524580747019253e-06,3.874524580612522280e-06,3.874524580607014871e-06
1.599900006249609303e-04,0.000000000000000000e+00,8.226816983937198288e-05,6.723652366316097511e-05,0.000000000000000000e+00,6.227576331281677730e-03,3.844759312551220049e-06,3.844759312559711554e-06,3.844759312444970777e-06,3.844759312438313945e-06
1.649896881444909771e-04,0.000000000000000000e+00,8.173264389702721879e-05,6.752802712053374565e-05,0.000000000000000000e+00,6.227576742549869107e-03,3.549069946094294744e-06,3.549069946103914073e-06,3.549069946168003551e-06,3.549069946160143085e-06
1.699893756640209969e-04,0.000000000000000000e+00,8.114520759791032131e-05,6.781977579725313504e-05,0.000000000000000000e+00,6.227574582130761607e-03,2.930752444857496167e-06,2.930752444868221721e-06,2.930752444976098567e-06,2.930752444967002704e-06
1.749890631835510166e-04,0.000000000000000000e+00,8.052521678263250019e-05,6.811176969331915682e-05,0.000000000000000000e+00,6.227570238472425815e-03,1.948947283392766407e-06,1.948947283404663409e-06,1.948947283589337767e-06,1.948947283578934932e-06
1.799887507030810635e-04,0.000000000000000000e+00,7.990056602703485798e-05,6.840400880873181099e-05,0.000000000000000000e+00,6.227565671960959975e-03,5.920841679913903042e-07,5.920841680045011037e-07,5.920841682060763104e-07,5.920841681943351632e-07
1.849884382226110833e-04,0.000000000000000000e+00,7.931005741581965518e-05,6.869649314349107045e-05,0.000000000000000000e+00,6.227562874851992787e-03,-1.113412425471601129e-06,-1.113412425457340059e-06,-1.113412425581826373e-06,-1.113412425594810541e-06
1.899881257421411030e-04,0.000000000000000000e+00,7.880088365250834776e-05,6.898922269759696229e-05,0.000000000000000000e+00,6.227562762557741632e-03,-3.075489906935870659e-06,-3.075489906920419931e-06,-3.075489907142895676e-06,-3.075489907157109735e-06
1.949878132616711499e-04,0.000000000000000000e+00,7.841694356278937361e-05,6.928219747104948653e-05,0.000000000000000000e+00,6.227564570347061783e-03,-5.109666554156268242e-06,-5.109666554139656232e-06,-5.109666553947600829e-06,-5.109666553962986335e-06
1.999875007812011696e-04,0.000000000000000000e+00,7.818562629550692214e-05,6.957541746384861606e-05,0.000000000000000000e+00,6.227566944803485799e-03,-6.962352603549462382e-06,-6.962352603531708572e-06,-6.962352603284339376e-06,-6.962352603300732851e-06
2.049871883007311894e-04,0.000000000000000000e+00,7.811306949820950364e-05,6.986888267599437798e-05,0.000000000000000000e+00,6.227569074751656761e-03,-8.383324137034635655e-06,-8.383324137015797642e-06,-8.383324137113201349e-06,-8.383324137130538419e-06
2.099868758202612362e-04,0.000000000000000000e+00,7.818743058801340764e-05,7.016259310748677229e-05,0.000000000000000000e+00,6.227571138800543429e-03,-9.184002792403244897e-06,-9.184002792383373504e-06,-9.184002792326796785e-06,-9.184002792344853834e-06
2.149865633397912560e-04,0.000000000000000000e+00,7.838230748208118792e-05,7.045654875832578544e-05,0.000000000000000000e+00,6.227573628796312030e-03,-9.243981119919636102e-06,-9.243981119898802480e-06,-9.243981119649146295e-06,-9.243981119667897910e-06
2.199862508593212757e-04,0.000000000000000000e+00,7.865818460653435542e-05,7.075074962851140388e-05,0.000000000000000000e+00,6.227576181576856273e-03,-8.501419710940493889e-06,-8.501419710918731919e-06,-8.501419711173446584e-06,-8.501419711192719972e-06
2.249859383788513226e-04,0.000000000000000000e+00,7.896766374303957996e-05,7.104519571804365470e-05,0.000000000000000000e+00,6.227577746538881694e-03,-6.965964614276013789e-06,-6.965964614253359893e-06,-6.965964614703035285e-06,-6.965964614722711860e-06
2.299856258983813424e-04,0.000000000000000000e+00,7.926642199345189735e-05,7.133988702692253792e-05,0.000000000000000000e+00,6.227577238781142194e-03,-4.730983232567396296e-06,-4.730983232543894520e-06,-4.730983232406012803e-06,-4.730983232425973134e-06
2.349853134179113892e-04,0.000000000000000000e+00,7.952211882423211261e-05,7.163482355514803998e-05,0.000000000000000000e+00,6.227574760931890024e-03,-1.947985310629697100e-06,-1.947985310605441464e-06,-1.947985310407577956e-06,-1.947985310427706847e-06
2.399850009374414090e-04,0.000000000000000000e+00,7.971407156784585005e-05,7.193000530272016088e-05,0.000000000000000000e+00,6.227571546379952021e-03,1.218027139255236762e-06,1.218027139280170024e-06,1.218027138912400177e-06,1.218027138892234016e-06
2.449846884569714558e-04,0.000000000000000000e+00,7.982773248863031773e-05,7.222543226963891417e-05,0.000000000000000000e+00,6.227569159916711457e-03,4.606273788536415427e-06,4.606273788561996669e-06,4.606273788273102529e-06,4.606273788252987191e-06
2.499843759765014756e-04,0.000000000000000000e+00,7.985307718050038998e-05,7.252110445590428630e-05,0.000000000000000000e+00,6.227568364587582513e-03,8.048453037027251486e-06,8.048453037053433275e-06,8.048453037155144991e-06,8.048453037135165178e-06
2.549840634960314953e-04,0.000000000000000000e+00,7.978753507617743082e-05,7.281702186151627727e-05,0.000000000000000000e+00,6.227568535691132244e-03,1.136203736299716405e-05,1.136203736302400483e-05,1.136203736289997041e-05,1.136203736288017864e-05
2.599837510155615151e-04,0.000000000000000000e+00,7.963580611758769941e-05,7.311318448647490063e-05,0.000000000000000000e+00,6.227568520563134431e-03,1.435896950784339886e-05,1.435896950787090710e-05,1.435896950765200330e-05,1.435896950763238601e-05
2.649834385350915348e-04,0.000000000000000000e+00,7.940388991652985631e-05,7.340959233078014283e-05,0.000000000000000000e+00,6.227567586876574073e-03,1.684663505933919265e-05,1.684663505936748355e-05,1.684663505968383003e-05,1.684663505966436521e-05
2.699831260546215546e-04,0.000000000000000000e+00,7.909465619183792581e-05,7.370624539443201742e-05,0.000000000000000000e+00,6.227566251403693354e-03,1.861322483818706600e-05,1.861322483821623781e-05,1.861322483872611438e-05,1.861322483870671393e-05
2.749828135741516286e-04,0.000000000000000000e+00,7.871115868858623700e-05,7.400314367743049729e-05,0.000000000000000000e+00,6.227565515014542308e-03,1.942517409863487641e-05,1.942517409866504772e-05,1.942517409885644668e-05,1.942517409883700897e-05
2.799825010936816483e-04,0.000000000000000000e+00,7.826329925236322487e-05,7.430028717977560956e-05,0.000000000000000000e+00,6.227565959341127381e-03,1.906090987456325652e-05,1.906090987459453236e-05,1.906090987477336812e-05,1.906090987475380166e-05
2.849821886132116681e-04,0.000000000000000000e+00,7.776983922494946921e-05,7.459767590146735422e-05,0.000000000000000000e+00,6.227567178972121670e-03,1.736453592794718435e-05,1.736453592797963588e-05,1.736453592830397157e-05,1.736453592828421198e-05
2.899818761327416878e-04,0.000000000000000000e+00,7.725608916396959041e-05,7.489530984250571772e-05,0.000000000000000000e+00,6.227568139531051809e-03,1.428148719385239721e-05,1.428148719388614469e-05,1.428148719398713643e-05,1.428148719396716509e-05
2.949815636522717076e-04,0.000000000000000000e+00,7.675393535552112016e-05,7.519318900289070006e-05,0.000000000000000000e+00,6.227568316188075020e-03,9.865928448151271320e-06,9.865928448186252086e-06,9.865928448018468412e-06,9.865928447998254818e-06
2.999812511718017815e-04,0.000000000000000000e+00,7.630497797563204310e-05,7.549131338262231479e-05,0.000000000000000000e+00,6.227568123019451563e-03,4.287132400634186067e-06,4.287132400670567826e-06,4.287132400513505895e-06,4.287132400492945017e-06
3.049809386913318013e-04,0.000000000000000000e+00,7.595921025701128724e-05,7.578968298170054836e-05,0.000000000000000000e+00,6.227568756723160862e-03,-2.149387263542935602e-06,-2.149387263505212142e-06,-2.149387263535088689e-06,-2.149387263556061224e-06
3.099806262108618211e-04,1.374549034787390656e-01,7.576498899842681628e-05,7.608824624072857987e-05,3.232572423017635857e-07,6.227570853572286617e-03,-8.998636189312748707e-06,-8.998636189273575127e-06,-8.998636189231802850e-06,-8.998636189253171797e-06
3.149803137303918408e-04,3.726227706507467818e-01,7.575767899457318592e-05,7.638615354987670844e-05,6.284745553035225255e-07,6.227574032565356271e-03,-1.573091538753433426e-05,-1.573091538749373766e-05,-1.573091538761252556e-05,-1.573091538763441290e-05
3.199800012499218606e-04,4.648686943243127700e-01,7.595370693087209963e-05,7.668203711008262096e-05,7.283301792105213290e-07,6.227576929385015420e-03,-2.182633457540297030e-05,-2.182633457536088293e-05,-2.182633457575219182e-05,-2.182633457577462803e-05
3.249796887694518803e-04,3.698765847394930861e-01,7.634995495898238486e-05,7.697533785334302690e-05,6.253828943606420335e-07,6.227578400676845975e-03,-2.684855990244949871e-05,-2.684855990240595782e-05,-2.684855990271777437e-05,-2.684855990274086110e-05
3.299793762889819543e-04,1.496270854141867612e-01,7.692455180105284588e-05,7.726662174498148325e-05,3.420699439286373688e-07,6.227578350393985634e-03,-3.047380028056525695e-05,-3.047380028052032016e-05,-3.047380028064149669e-05,-3.047380028066516618e-05
3.349790638085119740e-04,0.000000000000000000e+00,7.763706872177184633e-05,7.755718457522672838e-05,0.000000000000000000e+00,6.227577363344220795e-03,-3.250330566297207591e-05,-3.250330566292590245e-05,-3.250330566322229622e-05,-3.250330566324643327e-05
3.399787513280419938e-04,0.000000000000000000e+00,7.843385719567330173e-05,7.784791297193386760e-05,0.000000000000000000e+00,6.227576014114798164e-03,-3.287400789246913268e-05,-3.287400789242191567e-05,-3.287400789259043457e-05,-3.287400789261497142e-05
3.449784388475720135e-04,0.000000000000000000e+00,7.925890702926143775e-05,7.813888658798761211e-05,0.000000000000000000e+00,6.227574282988986888e-03,-3.164238529348604653e-05,-3.164238529343797572e-05,-3.164238529287471236e-05,-3.164238529289941184e-05
3.499781263671020333e-04,0.000000000000000000e+00,8.006280159237107337e-05,7.843010542338800257e-05,0.000000000000000000e+00,6.227571843715056475e-03,-2.893653324044980429e-05,-2.893653324040121509e-05,-2.893653323977377713e-05,-2.893653323979834108e-05
3.549778138866320530e-04,0.000000000000000000e+00,8.080493044737277529e-05,7.872156947813501186e-05,0.000000000000000000e+00,6.227568636325040569e-03,-2.491987936711134445e-05,-2.491987936706254857e-05,-2.491987936717588836e-05,-2.491987936720009995e-05
3.599775014061621270e-04,0.000000000000000000e+00,8.145090676389498243e-05,7.901327875222864000e-05,0.000000000000000000e+00,6.227565395869653908e-03,-1.979425012361395994e-05,-1.979425012356519117e-05,-1.979425012363571174e-05,-1.979425012365922538e-05
3.649771889256921468e-04,0.000000000000000000e+00,8.197296531879821077e-05,7.930523324566888697e-05,0.000000000000000000e+00,6.227563364843879262e-03,-1.380915116354551362e-05,-1.380915116349700573e-05,-1.380915116287581888e-05,-1.380915116289841771e-05
3.699768764452221665e-04,0.000000000000000000e+00,8.235396431783436775e-05,7.959743295845576633e-05,0.000000000000000000e+00,6.227563272992363286e-03,-7.239959087742411312e-06,-7.239959087694364216e-06,-7.239959087189322515e-06,-7.239959087210769389e-06
3.749765639647521863e-04,0.000000000000000000e+00,8.258773664942333252e-05,7.988987789058926454e-05,0.000000000000000000e+00,6.227564930262535943e-03,-3.570842787393118225e-07,-3.570842786919016943e-07,-3.570842785227627673e-07,-3.570842785427967906e-07
3.799762514842822060e-04,0.000000000000000000e+00,8.267275885910271014e-05,8.018256804206939513e-05,0.000000000000000000e+00,6.227567302440051994e-03,6.568546995142027299e-06,6.568546995188675097e-06,6.568546995748801044e-06,6.568546995730454311e-06
3.849759390038122800e-04,0.000000000000000000e+00,8.260589643647217161e-05,8.047550341289614456e-05,0.000000000000000000e+00,6.227569458731001609e-03,1.322885442948401946e-05,1.322885442952973214e-05,1.322885442996549332e-05,1.322885442994904733e-05
3.899756265233422997e-04,0.000000000000000000e+00,8.238306704817041518e-05,8.076868400306951284e-05,0.000000000000000000e+00,6.227571002845601680e-03,1.926203703637936114e-05,1.926203703642404382e-05,1.926203703575844194e-05,1.926203703574414064e-05
3.949753140428723195e-04,0.000000000000000000e+00,8.200414986474387474e-05,8.106210981258951350e-05,0.000000000000000000e+00,6.227572109486791824e-03,2.428624048558362337e-05,2.428624048562721168e-05,2.428624048463931716e-05,2.428624048462737738e-05
3.999750015624023393e-04,0.000000000000000000e+00,8.147518560634153654e-05,8.135578084145611945e-05,0.000000000000000000e+00,6.227572965054129286e-03,2.796300065281944594e-05,2.796300065286190601e-05,2.796300065261610721e-05,2.796300065260661706e-05
4.049746890819323590e-04,5.771661748552316951e-01,8.080804925238156786e-05,8.164939664452934532e-05,8.413473921477774599e-07,6.227572971535421352e-03,3.005410053870119844e-05,3.005410053874261496e-05,3.005410053875228808e-05,3.005410053874530514e-05
4.099743766014623788e-04,1.978352546541717993e+00,8.002652932964562232e-05,8.193921628699954354e-05,1.912686957353921212e-06,6.227571814418677784e-03,3.045771587250345073e-05,3.045771587254394907e-05,3.045771587236516752e-05,3.045771587236066808e-05
4.149740641209924527e-04,3.970147991168064383e+00,7.917343186183421245e-05,8.221650625389428826e-05,3.043074392060075807e-06,6.227569272470577857e-03,2.922843417966683766e-05,2.922843417970666515e-05,2.922843417985216508e-05,2.922843417984994925e-05
4.199737516405224725e-04,6.343123697521529714e+00,7.830994175517819330e-05,8.246882657385264147e-05,4.158884818674448173e-06,6.227566218125537949e-03,2.657610295954570246e-05,2.657610295958506239e-05,2.657610295996417740e-05,2.657610295996412996e-05
4.249734391600524922e-04,8.804255709495667048e+00,7.750646689441477194e-05,8.268138169453177907e-05,5.174914800117007122e-06,6.227564072442025138e-03,2.282642014808447664e-05,2.282642014812360617e-05,2.282642014804093914e-05,2.282642014804284327e-05
4.299731266795825120e-04,1.101657426724552735e+01,7.682979411521877926e-05,8.283884409947187401e-05,6.009049984253094748e-06,6.227563898366891490e-03,1.834728584247793471e-05,1.834728584251708457e-05,1.834728584217779028e-05,1.834728584218143252e-05
4.349728141991125317e-04,1.265925598681249475e+01,7.633499431176071217e-05,8.292744505399340168e-05,6.592450742232689506e-06,6.227565654711366729e-03,1.348139649416966027e-05,1.348139649420898801e-05,1.348139649437094409e-05,1.348139649437612794e-05
4.399725017186425515e-04,1.347965089560576502e+01,7.606268907878866283e-05,8.293696883118325462e-05,6.874279752394591792e-06,6.227568248058242516e-03,8.520714078280453496e-06,8.520714078320096332e-06,8.520714079016631853e-06,8.520714079023228546e-06
4.449721892381726255e-04,1.333928565468302452e+01,7.603584560063443522e-05,8.286232033891540816e-05,6.826474738280972942e-06,6.227570407133194326e-03,3.708202924462226241e-06,3.708202924502255324e-06,3.708202925147694430e-06,3.708202925155614188e-06
4.499718767577026452e-04,1.224982145481008189e+01,7.625484968297438948e-05,8.270437786348324620e-05,6.449528180508856722e-06,6.227571433512005261e-03,-7.689074641225295958e-07,-7.689074640820854666e-07,-7.689074638448179855e-07,-7.689074638356581712e-07
4.549715642772326650e-04,1.037355913757550319e+01,7.669702878284565548e-05,8.246991897764353429e-05,5.772890194797878813e-06,6.227571609090237770e-03,-4.786723583303383430e-06,-4.786723583262456492e-06,-4.786723583225249723e-06,-4.786723583214965049e-06
4.599712517967626847e-04,7.979108466862435023e+00,7.732431412164279382e-05,8.217062219376277364e-05,4.846308072119979819e-06,6.227571506093126930e-03,-8.254369682512283026e-06,-8.254369682470795352e-06,-8.254369682383325648e-06,-8.254369682372031310e-06
4.649709393162927045e-04,5.383049403625205898e+00,7.809353983615235537e-05,8.182140631893604517e-05,3.727866482783689797e-06,6.227571431039830019e-03,-1.105265539949551741e-05,-1.105265539945333517e-05,-1.105265539962281460e-05,-1.105265539961065968e-05
4.699706268358227784e-04,2.914271224334608945e+00,7.896220331672735302e-05,8.143845481265120617e-05,2.476251495923853150e-06,6.227571361967643680e-03,-1.300262115926492059e-05,-1.300262115922195399e-05,-1.300262115976162748e-05,-1.300262115974873564e-05
4.749703143553527982e-04,9.178550804654715956e-01,7.989086269739325446e-05,8.103714305266925542e-05,1.146280355276000956e-06,6.227571349861560183e-03,-1.389486727867759823e-05,-1.389486727863371684e-05,-1.389486727873715820e-05,-1.389486727872370054e-05
4.799700018748828179e-04,0.000000000000000000e+00,8.084850629226868451e-05,8.062978742058594581e-05,0.000000000000000000e+00,6.227571982957832639e-03,-1.354166402278991372e-05,-1.354166402274504639e-05,-1.354166402217256901e-05,-1.354166402215863701e-05
4.849696893944128377e-04,0.000000000000000000e+00,8.182208255193919224e-05,8.022220913489977879e-05,0.000000000000000000e+00,6.227572910526509020e-03,-1.181251606078892332e-05,-1.181251606074309714e-05,-1.181251606062519693e-05,-1.181251606061071436e-05
4.899693769139429117e-04,0.000000000000000000e+00,8.281533732053796969e-05,7.981487606856024417e-05,0.000000000000000000e+00,6.227574642490115407e-03,-8.666227708488078447e-06,-8.666227708441425566e-06,-8.666227709077089911e-06,-8.666227709061941574e-06
4.949690644334729314e-04,0.000000000000000000e+00,8.383522718202387071e-05,7.940778822156734193e-05,0.000000000000000000e+00,6.227576373003456539e-03,-4.200243451202431770e-06,-4.200243451155167331e-06,-4.200243451409103574e-06,-4.200243451393048911e-06
4.999687519530029512e-04,0.000000000000000000e+00,8.488328402805309135e-05,7.900094559392104498e-05,0.000000000000000000e+00,6.227576890828672405e-03,1.310342226867180944e-06,1.310342226914738456e-06,1.310342227096274133e-06,1.310342227113552335e-06
5.049684394725329709e-04,0.000000000000000000e+00,8.595333651895152095e-05,7.859434818562138043e-05,0.000000000000000000e+00,6.227575377179566177e-03,7.429734251548579234e-06,7.429734251596067289e-06,7.429734251342048037e-06,7.429734251360972448e-06
5.099681269920629907e-04,0.000000000000000000e+00,8.703314745238038895e-05,7.818799599666833471e-05,0.000000000000000000e+00,6.227572105673877430e-03,1.363367146774528688e-05,1.363367146779228196e-05,1.363367146780237182e-05,1.363367146782333927e-05
5.149678145115930104e-04,0.000000000000000000e+00,8.810444604507424381e-05,7.778188902706190783e-05,0.000000000000000000e+00,6.227568434298190458e-03,1.939600864663916906e-05,1.939600864668522732e-05,1.939600864787345531e-05,1.939600864789693506e-05
5.199675020311230302e-04,0.000000000000000000e+00,8.914174881126708133e-05,7.737602727680211335e-05,0.000000000000000000e+00,6.227565921767657872e-03,2.426190341289296315e-05,2.426190341293768310e-05,2.426190341403590536e-05,2.426190341406228197e-05
5.249671895506530499e-04,0.000000000000000000e+00,9.011527861095661217e-05,7.697041074588893770e-05,0.000000000000000000e+00,6.227565515406525629e-03,2.790846359599913538e-05,2.790846359604211383e-05,2.790846359591144375e-05,2.790846359594109329e-05
5.299668770701830697e-04,0.000000000000000000e+00,9.099851868448021179e-05,7.656503943432239445e-05,0.000000000000000000e+00,6.227566973876084294e-03,3.018943056956756077e-05,3.018943056960837081e-05,3.018943056928599346e-05,3.018943056931938011e-05
5.349665645897130895e-04,0.000000000000000000e+00,9.177370740105876828e-05,7.615991334210245648e-05,0.000000000000000000e+00,6.227569244922047560e-03,3.113781341295267935e-05,3.113781341299085004e-05,3.113781341310957018e-05,3.113781341314708357e-05
5.399662521092431092e-04,0.000000000000000000e+00,9.243050447605270933e-05,7.575503246922915090e-05,0.000000000000000000e+00,6.227571124587619189e-03,3.090821752958987069e-05,3.090821752962490397e-05,3.090821752934475969e-05,3.090821752938684706e-05
5.449659396287732374e-04,0.000000000000000000e+00,9.296166794723768802e-05,7.535039681570247772e-05,0.000000000000000000e+00,6.227571992743741701e-03,2.968797043944085122e-05,2.968797043947237101e-05,2.968797043900999944e-05,2.968797043905721983e-05
5.499656271483032571e-04,0.000000000000000000e+00,9.336202319686037179e-05,7.494600638152242337e-05,0.000000000000000000e+00,6.227571982250617970e-03,2.763917790294949693e-05,2.763917790297695435e-05,2.763917790339478215e-05,2.763917790344755230e-05
5.549653146678332769e-04,0.000000000000000000e+00,9.363001038607616426e-05,7.454186116668898787e-05,0.000000000000000000e+00,6.227571496466736099e-03,2.490081800189456173e-05,2.490081800191743839e-05,2.490081800258250156e-05,2.490081800264135002e-05
5.599650021873632966e-04,0.000000000000000000e+00,9.376596921230266721e-05,7.413796117120218475e-05,0.000000000000000000e+00,6.227570871079252113e-03,2.161415249800924954e-05,2.161415249802717953e-05,2.161415249761916037e-05,2.161415249768452421e-05
5.649646897068933164e-04,0.000000000000000000e+00,9.376621882934499462e-05,7.373430639506200048e-05,0.000000000000000000e+00,6.227570158810843796e-03,1.792464083806209301e-05,1.792464083807471719e-05,1.792464083702760490e-05,1.792464083709986020e-05
5.699643772264233361e-04,0.000000000000000000e+00,9.361919038987424847e-05,7.333089683826843504e-05,0.000000000000000000e+00,6.227569495058754914e-03,1.397103841375034080e-05,1.397103841375737964e-05,1.397103841325028812e-05,1.397103841332974659e-05
5.749640647459533559e-04,0.000000000000000000e+00,9.330797353932022411e-05,7.292773250082150199e-05,0.000000000000000000e+00,6.227569205142151169e-03,9.902788188975483172e-06,9.902788188976780826e-06,9.902788189006000075e-06,9.902788189092895491e-06
5.799637522654833757e-04,0.000000000000000000e+00,9.281556200124164416e-05,7.252481338272118779e-05,0.000000000000000000e+00,6.227569718671163886e-03,5.918630077137994493e-06,5.918630077133368846e-06,5.918630077149595456e-06,5.918630077244124333e-06
5.849634397850133954e-04,0.000000000000000000e+00,9.212733508322156688e-05,7.212213948396750598e-05,0.000000000000000000e+00,6.227571108213178323e-03,2.274386764845875517e-06,2.274386764835368920e-06,2.274386764927072095e-06,2.274386765029220880e-06
5.899631273045434152e-04,0.000000000000000000e+00,9.123200930444164028e-05,7.171971080456042945e-05,0.000000000000000000e+00,6.227572784352385787e-03,-7.567982718597311112e-07,-7.567982718760534361e-07,-7.567982714750256872e-07,-7.567982713652790164e-07
5.949628148240734349e-04,0.000000000000000000e+00,9.012591632863625518e-05,7.131752734449998531e-05,0.000000000000000000e+00,6.227573860429345097e-03,-2.934822555851898326e-06,-2.934822555873944900e-06,-2.934822555658068389e-06,-2.934822555540793289e-06
5.999625023436035631e-04,0.000000000000000000e+00,8.881966315499140142e-05,7.091558910378616002e-05,0.000000000000000000e+00,6.227573651959361634e-03,-4.093125696848291502e-06,-4.093125696875965763e-06,-4.093125697442254722e-06,-4.093125697317520650e-06
6.049621898631335828e-04,0.000000000000000000e+00,8.734032888086188924e-05,7.051389608241896711e-05,0.000000000000000000e+00,6.227572278438969593e-03,-4.190996008387493121e-06,-4.190996008420551122e-06,-4.190996009120617077e-06,-4.190996008988693390e-06
6.099618773826636026e-04,0.000000000000000000e+00,8.572636993929456928e-05,7.011244828039839305e-05,0.000000000000000000e+00,6.227570440227964306e-03,-3.374538049882797118e-06,-3.374538049921008468e-06,-3.374538049539582755e-06,-3.374538049400801489e-06
6.149615649021936224e-04,0.000000000000000000e+00,8.402076674054303064e-05,6.971124569772443782e-05,0.000000000000000000e+00,6.227568880230348845e-03,-1.986535324829790934e-06,-1.986535324872786327e-06,-1.986535323776793456e-06,-1.986535323631469707e-06
6.199612524217236421e-04,0.000000000000000000e+00,8.226820555795885746e-05,6.931028833439711499e-05,0.000000000000000000e+00,6.227567806097841947e-03,-4.846993161446285989e-07,-4.846993161920421151e-07,-4.846993157343258392e-07,-4.846993155828831245e-07
6.249609399412536619e-04,0.000000000000000000e+00,8.051456181980761752e-05,6.890957619041639744e-05,0.000000000000000000e+00,6.227566950472233388e-03,6.863464777319216266e-07,6.863464776805033385e-07,6.863464776619092713e-07,6.863464778189356272e-07
6.299606274607836816e-04,0.000000000000000000e+00,7.880379591419968410e-05,6.850910926578232584e-05,0.000000000000000000e+00,6.227566135163574261e-03,1.188742969723459799e-06,1.188742969668551736e-06,1.188742969970691776e-06,1.188742970132664804e-06
6.349603149803137014e-04,0.000000000000000000e+00,7.717311890378354894e-05,6.810888756049487307e-05,0.000000000000000000e+00,6.227565564387394469e-03,8.252665309959361412e-07,8.252665309380736265e-07,8.252665307827481127e-07,8.252665309490172922e-07
6.399600024998437211e-04,0.000000000000000000e+00,7.565207402141646488e-05,6.770891107455403915e-05,0.000000000000000000e+00,6.227565848314813371e-03,-4.543666151880294173e-07,-4.543666152483517157e-07,-4.543666163318423805e-07,-4.543666161618869137e-07
6.449596900193737409e-04,0.000000000000000000e+00,7.426687330348773577e-05,6.730917980795982406e-05,0.000000000000000000e+00,6.227567339270577602e-03,-2.553548370577510566e-06,-2.553548370639913178e-06,-2.553548371038994445e-06,-2.553548370865840582e-06
6.499593775389037606e-04,0.000000000000000000e+00,7.304437756215063926e-05,6.690969376071224137e-05,0.000000000000000000e+00,6.227569716122022432e-03,-5.254448881492747661e-06,-5.254448881556722365e-06,-5.254448880629207736e-06,-5.254448880453438235e-06
6.549590650584338888e-04,0.000000000000000000e+00,7.201117550446214477e-05,6.651045293281127751e-05,0.000000000000000000e+00,6.227571987666186137e-03,-8.286179347268456195e-06,-8.286179347333643851e-06,-8.286179346793826365e-06,-8.286179346615956222e-06
6.599587525779639086e-04,0.000000000000000000e+00,7.119048780472998729e-05,6.611145732425694605e-05,0.000000000000000000e+00,6.227573183156364343e-03,-1.140819405101754715e-05,-1.140819405108371736e-05,-1.140819405143469055e-05,-1.140819405125502131e-05
6.649584400974939283e-04,0.000000000000000000e+00,7.060187882255400567e-05,6.571270693504923342e-05,0.000000000000000000e+00,6.227573074328739480e-03,-1.446102869371360992e-05,-1.446102869378062039e-05,-1.446102869370911896e-05,-1.446102869352784543e-05
6.699581276170239481e-04,0.000000000000000000e+00,7.026293456491495724e-05,6.531420176518813964e-05,0.000000000000000000e+00,6.227572177995407271e-03,-1.737248932091921489e-05,-1.737248932098703173e-05,-1.737248932077922406e-05,-1.737248932059647501e-05
6.749578151365539678e-04,0.000000000000000000e+00,7.018777185139403506e-05,6.491594181467367824e-05,0.000000000000000000e+00,6.227571261400304502e-03,-2.014985095911277192e-05,-2.014985095918142902e-05,-2.014985096004049661e-05,-2.014985095985635165e-05
6.799575026560839876e-04,0.000000000000000000e+00,7.038151443748751155e-05,6.451792708350582214e-05,0.000000000000000000e+00,6.227570586112214299e-03,-2.287411579640585520e-05,-2.287411579647531868e-05,-2.287411579739487798e-05,-2.287411579720934388e-05
6.849571901756140073e-04,0.000000000000000000e+00,7.083612439674207722e-05,6.412015757168461198e-05,0.000000000000000000e+00,6.227569930165432165e-03,-2.566808651291033948e-05,-2.566808651298074486e-05,-2.566808651258288332e-05,-2.566808651239593298e-05
6.899568776951440271e-04,0.000000000000000000e+00,7.153144083687328883e-05,6.372263327921000710e-05,0.000000000000000000e+00,6.227569012336926259e-03,-2.862137268419688064e-05,-2.862137268426837700e-05,-2.862137268363968204e-05,-2.862137268345116639e-05
6.949565652146740468e-04,0.000000000000000000e+00,7.243844338201786822e-05,6.332535420608203462e-05,0.000000000000000000e+00,6.227568057770162084e-03,-3.172067252820006208e-05,-3.172067252827268330e-05,-3.172067252870082118e-05,-3.172067252851075377e-05
6.999562527342040666e-04,0.000000000000000000e+00,7.352037525064421155e-05,6.292832035230068097e-05,0.000000000000000000e+00,6.227567803218985072e-03,-3.484715203841905911e-05,-3.484715203849288650e-05,-3.484715203919627622e-05,-3.484715203900462315e-05
7.049559402537340863e-04,0.000000000000000000e+00,7.473324920051057307e-05,6.253153171786594616e-05,0.000000000000000000e+00,6.227568773927916711e-03,-3.782891722159851617e-05,-3.782891722167365815e-05,-3.782891722186499273e-05,-3.782891722167169304e-05
7.099556277732641061e-04,0.000000000000000000e+00,7.603039517611026165e-05,6.213498830277784375e-05,0.000000000000000000e+00,6.227570683470870158e-03,-4.048606935311024164e-05,-4.048606935318685407e-05,-4.048606935345999171e-05,-4.048606935326490985e-05
7.149553152927942343e-04,0.000000000000000000e+00,7.737042898093042173e-05,6.173869010703636018e-05,0.000000000000000000e+00,6.227572458042207257e-03,-4.265549557753517624e-05,-4.265549557761334721e-05,-4.265549557812878370e-05,-4.265549557793179094e-05
7.199550028123242540e-04,0.000000000000000000e+00,7.872235223778140546e-05,6.134263713064150899e-05,0.000000000000000000e+00,6.227573216386624901e-03,-4.423793665333411413e-05,-4.423793665341401306e-05,-4.423793665323339853e-05,-4.423793665303442032e-05
7.249546903318542738e-04,0.000000000000000000e+00,8.006446880419388127e-05,6.094682937359326987e-05,0.000000000000000000e+00,6.227572930108659158e-03,-4.526575272382343806e-05,-4.526575272390520046e-05,-4.526575272285340916e-05,-4.526575272265231676e-05
7.299543778513842935e-04,0.000000000000000000e+00,8.138109927763737938e-05,6.055126683589165637e-05,0.000000000000000000e+00,6.227572369765075125e-03,-4.591899468112713368e-05,-4.591899468121090862e-05,-4.591899468058093295e-05,-4.591899468037752307e-05
7.349540653709143133e-04,0.000000000000000000e+00,8.266191735028449391e-05,6.015594951753667525e-05,0.000000000000000000e+00,6.227572307849022978e-03,-4.645025097393720693e-05,-4.645025097402303508e-05,-4.645025097466060695e-05,-4.645025097445483215e-05
7.399537528904443330e-04,0.000000000000000000e+00,8.390272872941201634e-05,5.976087741852831298e-05,0.000000000000000000e+00,6.227572732098130177e-03,-4.707767694360973901e-05,-4.707767694369753228e-05,-4.707767694463403223e-05,-4.707767694442591285e-05
7.449534404099743528e-04,0.000000000000000000e+00,8.510364841391467158e-05,5.936605053886656955e-05,0.000000000000000000e+00,6.227572935387682904e-03,-4.792544877115665562e-05,-4.792544877124612263e-05,-4.792544877135735499e-05,-4.792544877114701977e-05
7.499531279295043725e-04,0.000000000000000000e+00,8.626516237974975751e-05,5.897146887855145850e-05,0.000000000000000000e+00,6.227572186220906546e-03,-4.901526958472050442e-05,-4.901526958481129280e-05,-4.901526958458321732e-05,-4.901526958437091698e-05
7.549528154490343923e-04,0.000000000000000000e+00,8.738674908188616690e-05,5.857713243758295952e-05,0.000000000000000000e+00,6.227570577805143989e-03,-5.026588955794920063e-05,-5.026588955804095124e-05,-5.026588955804219130e-05,-5.026588955782819690e-05
7.599525029685644121e-04,0.000000000000000000e+00,8.846962708506761171e-05,5.818304121596109293e-05,0.000000000000000000e+00,6.227568938497300872e-03,-5.149562558943273553e-05,-5.149562558952485884e-05,-5.149562558899519219e-05,-5.149562558877991030e-05
7.649521904880944318e-04,0.000000000000000000e+00,8.951954554964573622e-05,5.778919521368584518e-05,0.000000000000000000e+00,6.227568145174377026e-03,-5.246064000643205639e-05,-5.246064000652394930e-05,-5.246064000555241606e-05,-5.246064000533634812e-05
7.699518780076245600e-04,0.000000000000000000e+00,9.054605154440048553e-05,5.739559443075722305e-05,0.000000000000000000e+00,6.227568371900288509e-03,-5.292954077004891934e-05,-5.292954077014003298e-05,-5.292954077044316236e-05,-5.292954077022673528e-05
7.749515655271545797e-04,0.000000000000000000e+00,9.156036210298879919e-05,5.700223886717522653e-05,0.000000000000000000e+00,6.227569055969694664e-03,-5.274598291970467793e-05,-5.274598291979440922e-05,-5.274598292135881808e-05,-5.274598292114240455e-05
7.799512530466845995e-04,0.000000000000000000e+00,9.257586461215266656e-05,5.660912852293984885e-05,0.000000000000000000e+00,6.227569580358654003e-03,-5.184581303057123487e-05,-5.184581303065910268e-05,-5.184581303137097627e-05,-5.184581303115501675e-05
7.849509405662146192e-04,0.000000000000000000e+00,9.361040229857718901e-05,5.621626339805109679e-05,0.000000000000000000e+00,6.227569746079407963e-03,-5.025318466292574675e-05,-5.025318466301128352e-05,-5.025318466271667869e-05,-5.025318466250157297e-05
7.899506280857446390e-04,0.000000000000000000e+00,9.468547493789828697e-05,5.582364349250897712e-05,0.000000000000000000e+00,6.227569919587163001e-03,-4.809081489560604013e-05,-4.809081489568871055e-05,-4.809081489605224354e-05,-4.809081489583849308e-05
7.949503156052746588e-04,0.000000000000000000e+00,9.582071759312268716e-05,5.543126880631346951e-05,0.000000000000000000e+00,6.227570519790467593e-03,-4.558224760128460706e-05,-4.558224760136395711e-05,-4.558224760200425981e-05,-4.558224760179223730e-05
7.999500031248046785e-04,0.000000000000000000e+00,9.702784355791297950e-05,5.503913933946458752e-05,0.000000000000000000e+00,6.227571560165157637e-03,-4.298997100781360185e-05,-4.298997100788927916e-05,-4.298997100758411691e-05,-4.298997100737435089e-05
8.049496906443346983e-04,0.000000000000000000e+00,9.830810723313103362e-05,5.464725509196233114e-05,0.000000000000000000e+00,6.227572491471627947e-03,-4.049541501470008023e-05,-4.049541501477162402e-05,-4.049541501467915513e-05,-4.049541501447221481e-05
8.099493781638647180e-04,0.000000000000000000e+00,9.965201864985162898e-05,5.425561606380669360e-05,0.000000000000000000e+00,6.227572666393802782e-03,-3.811260209453666667e-05,-3.811260209460360260e-05,-3.811260209572919419e-05,-3.811260209552566234e-05
8.149490656833947378e-04,0.000000000000000000e+00,1.010381767037327454e-04,5.386422225499768845e-05,0.000000000000000000e+00,6.227571944722588675e-03,-3.570741139071958808e-05,-3.570741139078152990e-05,-3.570741139137894563e-05,-3.570741139117943887e-05
8.199487532029247575e-04,0.000000000000000000e+00,1.024323895727248122e-04,5.347307366553529537e-05,0.000000000000000000e+00,6.227570691089365403e-03,-3.308560305854786805e-05,-3.308560305860468024e-05,-3.308560305761491885e-05,-3.308560305741985055e-05
8.249484407224548857e-04,0.000000000000000000e+00,1.037911628178473625e-04,5.308217029541953467e-05,0.000000000000000000e+00,6.227569497815469042e-03,-3.006736480050787810e-05,-3.006736480055942514e-05,-3.006736479965287288e-05,-3.006736479946261911e-05
8.299481282419849055e-04,0.000000000000000000e+00,1.050695801821773727e-04,5.269151214465039960e-05,0.000000000000000000e+00,6.227568686898471428e-03,-2.653448660816763664e-05,-2.653448660821384060e-05,-2.653448660829732755e-05,-2.653448660811220342e-05
8.349478157615149252e-04,0.000000000000000000e+00,1.062282317819628584e-04,5.230109921322787658e-05,0.000000000000000000e+00,6.227568263506358393e-03,-2.248626538388702695e-05,-2.248626538392795558e-05,-2.248626538386518366e-05,-2.248626538368541955e-05
8.399475032810449450e-04,0.000000000000000000e+00,1.072353181484809884e-04,5.191093150115198596e-05,0.000000000000000000e+00,6.227568037820761446e-03,-1.808604164422505158e-05,-1.808604164426091496e-05,-1.808604164388335510e-05,-1.808604164370896118e-05
8.449471908005749647e-04,0.000000000000000000e+00,1.080661885938357031e-04,5.152100900842272095e-05,0.000000000000000000e+00,6.227567936651240768e-03,-1.363244917603744711e-05,-1.363244917606851289e-05,-1.363244917651929875e-05,-1.363244917635026316e-05
8.499468783201049845e-04,0.000000000000000000e+00,1.087042989727016792e-04,5.113133173504007478e-05,0.000000000000000000e+00,6.227568127251733622e-03,-9.456207164699962966e-06,-9.456207164726414111e-06,-9.456207165797370383e-06,-9.456207165633657549e-06
8.549465658396350042e-04,0.000000000000000000e+00,1.091430253488316713e-04,5.074189968100405423e-05,0.000000000000000000e+00,6.227568740966783756e-03,-5.828652993122153839e-06,-5.828652993144217353e-06,-5.828652993434234658e-06,-5.828652993275861520e-06
8.599462533591650240e-04,0.000000000000000000e+00,1.093846605841512038e-04,5.035271284631465252e-05,0.000000000000000000e+00,6.227569668327454649e-03,-2.931780134316757045e-06,-2.931780134334622664e-06,-2.931780133779856741e-06,-2.931780133626665750e-06
8.649459408786950437e-04,0.000000000000000000e+00,1.094361296177864888e-04,4.996377123097187642e-05,0.000000000000000000e+00,6.227570520608649920e-03,-8.422502464020371015e-07,-8.422502464159182774e-07,-8.422502463241439516e-07,-8.422502461761063094e-07
8.699456283982250635e-04,0.000000000000000000e+00,1.093052349190166240e-04,4.957507483497572594e-05,0.000000000000000000e+00,6.227571066813530724e-03,5.149659369163653863e-07,5.149659369063060231e-07,5.149659361710475435e-07,5.149659363140233169e-07
8.749453159177550832e-04,0.000000000000000000e+00,1.089999144412390301e-04,4.918662365832619429e-05,0.000000000000000000e+00,6.227571358718128440e-03,1.394900081525930969e-06,1.394900081519605327e-06,1.394900080946916187e-06,1.394900081084901242e-06
8.799450034372851030e-04,0.000000000000000000e+00,1.085283761915853173e-04,4.879841770102329504e-05,0.000000000000000000e+00,6.227571609544882772e-03,2.172879336931803567e-06,2.172879336928979559e-06,2.172879336747189348e-06,2.172879336880303964e-06
8.849446909568152312e-04,0.000000000000000000e+00,1.078974249796473261e-04,4.841045696306701463e-05,0.000000000000000000e+00,6.227571946191647057e-03,3.219510335673565846e-06,3.219510335674040185e-06,3.219510334977087923e-06,3.219510335105528611e-06
8.899443784763452509e-04,0.000000000000000000e+00,1.071105749874751227e-04,4.802274144445735306e-05,0.000000000000000000e+00,6.227572216743954177e-03,4.802012636006386235e-06,4.802012636009887869e-06,4.802012635131751872e-06,4.802012635255725309e-06
8.949440659958752707e-04,0.000000000000000000e+00,1.061695826694131586e-04,4.763527114519431710e-05,0.000000000000000000e+00,6.227572075724163714e-03,7.054111712744466644e-06,7.054111712750888848e-06,7.054111713205543947e-06,7.054111713325167022e-06
8.999437535154052904e-04,0.000000000000000000e+00,1.050789705705141485e-04,4.724804606527790676e-05,0.000000000000000000e+00,6.227571223133527602e-03,9.974908999151591075e-06,9.974908999160881333e-06,9.974909000491671737e-06,9.974909000607017296e-06
9.049434410349353102e-04,0.000000000000000000e+00,1.038486131846237627e-04,4.686106620470812203e-05,0.000000000000000000e+00,6.227569857360121773e-03,1.342342988256293372e-05,1.342342988257515471e-05,1.342342988284918850e-05,1.342342988296021758e-05
9.099431285544653299e-04,0.000000000000000000e+00,1.024914242507853459e-04,4.647433156348495614e-05,0.000000000000000000e+00,6.227568622183183612e-03,1.714270263475748147e-05,1.714270263477273823e-05,1.714270263433994166e-05,1.714270263444657634e-05
9.149428160739953497e-04,0.000000000000000000e+00,1.010191416978632305e-04,4.608784214160841587e-05,0.000000000000000000e+00,6.227568290451363647e-03,2.085218538076950140e-05,2.085218538078808530e-05,2.085218538126454811e-05,2.085218538136655460e-05
9.199425035935253694e-04,0.000000000000000000e+00,9.944074222039862312e-05,4.570159793907850121e-05,0.000000000000000000e+00,6.227569368740020796e-03,2.436530859408265172e-05,2.436530859410504727e-05,2.436530859469694373e-05,2.436530859479393239e-05
9.249421911130553892e-04,0.000000000000000000e+00,9.776345035993859727e-05,4.531559895589520540e-05,0.000000000000000000e+00,6.227571771602433311e-03,2.763877263700441995e-05,2.763877263703114892e-05,2.763877263649780955e-05,2.763877263658933315e-05
9.299418786325854090e-04,0.000000000000000000e+00,9.599306945639609311e-05,4.492984519205853519e-05,0.000000000000000000e+00,6.227574759124509390e-03,3.072721240663295789e-05,3.072721240666449462e-05,3.072721240640234131e-05,3.072721240648797973e-05
9.349415661521154287e-04,0.000000000000000000e+00,9.413321786228955740e-05,4.454433664756849061e-05,0.000000000000000000e+00,6.227577141577085758e-03,3.371194529560040532e-05,3.371194529563727497e-05,3.371194529649947997e-05,3.371194529657885712e-05
9.399412536716455569e-04,0.000000000000000000e+00,9.218669211539998653e-05,4.415907332242507163e-05,0.000000000000000000e+00,6.227577931332537765e-03,3.666060050981641120e-05,3.666060050985908811e-05,3.666060050981749540e-05,3.666060050989017761e-05
9.449409411911755766e-04,0.000000000000000000e+00,9.016005066542315499e-05,4.377405521662827150e-05,0.000000000000000000e+00,6.227576764748415060e-03,3.959070132195040260e-05,3.959070132199934077e-05,3.959070132029853927e-05,3.959070132036409962e-05
9.499406287107055964e-04,0.000000000000000000e+00,8.806767252110971978e-05,4.338928233017809021e-05,0.000000000000000000e+00,6.227574006439506524e-03,4.240718307319146947e-05,4.240718307324712970e-05,4.240718307203724139e-05,4.240718307209529364e-05
9.549403162302356161e-04,0.000000000000000000e+00,8.593183074414815624e-05,4.300475466307454131e-05,0.000000000000000000e+00,6.227570471853787794e-03,4.487006159230795711e-05,4.487006159237079341e-05,4.487006159234408138e-05,4.487006159239423928e-05
9.599400037497656359e-04,0.000000000000000000e+00,8.378058201097378572e-05,4.262047221531761125e-05,0.000000000000000000e+00,6.227567052564731906e-03,4.666145643196591191e-05,4.666145643203633761e-05,4.666145643162150831e-05,4.666145643166326365e-05
9.649396912692956556e-04,0.000000000000000000e+00,8.164738840667792701e-05,4.223643498690730680e-05,0.000000000000000000e+00,6.227564535036459251e-03,4.750854479447438476e-05,4.750854479455279291e-05,4.750854479377191662e-05,4.750854479380481538e-05
9.699393787888256754e-04,0.000000000000000000e+00,7.957211613434492822e-05,4.185264297784362797e-05,0.000000000000000000e+00,6.227563450011934162e-03,4.725090673021038843e-05,4.725090673029718559e-05,4.725090673051232518e-05,4.725090673053587947e-05
9.749390663083556952e-04,0.000000000000000000e+00,7.759917810656409749e-05,4.146909618812656798e-05,0.000000000000000000e+00,6.227564103463995721e-03,4.583202419852070082e-05,4.583202419861615804e-05,4.583202419926783809e-05,4.583202419928163456e-05
9.799387538278858233e-04,0.000000000000000000e+00,7.577128335918082228e-05,4.108579461775613360e-05,0.000000000000000000e+00,6.227566343933975401e-03,4.330114605093729902e-05,4.330114605104151118e-05,4.330114605073476328e-05,4.330114605073844279e-05
9.849384413474157347e-04,0.000000000000000000e+00,7.412258853927033053e-05,4.070273826673231806e-05,0.000000000000000000e+00,6.227569360876930409e-03,3.986346180191603080e-05,3.986346180202900467e-05,3.986346180141775181e-05,3.986346180141112463e-05
9.899381288669458628e-04,0.000000000000000000e+00,7.267520471488308435e-05,4.031992713505512814e-05,0.000000000000000000e+00,6.227571810970656402e-03,3.589999868083375279e-05,3.589999868095530540e-05,3.589999868145887665e-05,3.589999868144181402e-05
9.949378163864757742e-04,0.000000000000000000e+00,7.143825090633221275e-05,3.993736122272457061e-05,0.000000000000000000e+00,6.227572483479503623e-03,3.188866905226214326e-05,3.188866905239184094e-05,3.188866905357515952e-05,3.188866905354781052e-05
9.999375039060059023e-04,0.000000000000000000e+00,7.040653030499479856e-05,3.955504052974062514e-05,0.000000000000000000e+00,6.227571121828370630e-03,2.827758811604380747e-05,2.827758811618098954e-05,2.827758811674042769e-05,2.827758811670315147e-05
1.004937191425535814e-03,0.000000000000000000e+00,6.955941758908142645e-05,3.917296505610330529e-05,0.000000000000000000e+00,6.227568559500157308e-03,2.540477688732431109e-05,2.540477688746810341e-05,2.540477688759075378e-05,2.540477688754405177e-05
1.009936878945065942e-03,0.000000000000000000e+00,6.886353060873175158e-05,3.879113480181261783e-05,0.000000000000000000e+00,6.227566303183670361e-03,2.347662388053040107e-05,2.347662388068002436e-05,2.347662388132802489e-05,2.347662388127244259e-05
1.014936566464595853e-03,0.000000000000000000e+00,6.827970470253725166e-05,3.840954976686854243e-05,0.000000000000000000e+00,6.227565526483810551e-03,2.255733964049400382e-05,2.255733964064852634e-05,2.255733964129335220e-05,2.255733964122952657e-05
1.019936253984125981e-03,0.000000000000000000e+00,6.776978498674180850e-05,3.802820995127109943e-05,0.000000000000000000e+00,6.227566390754260897e-03,2.256848716473137782e-05,2.256848716488986785e-05,2.256848716436004874e-05,2.256848716428862354e-05
1.024935941503656110e-03,0.000000000000000000e+00,6.729945738277486381e-05,3.764711535502027526e-05,0.000000000000000000e+00,6.227568094486740646e-03,2.334788956143536926e-05,2.334788956159681035e-05,2.334788956063361192e-05,2.334788956055538334e-05
1.029935629023186021e-03,0.000000000000000000e+00,6.683892010109130472e-05,3.726626597811607671e-05,0.000000000000000000e+00,6.227569607385979693e-03,2.476378253759377226e-05,2.476378253775729705e-05,2.476378253775073085e-05,2.476378253766633249e-05
1.034935316542716149e-03,0.000000000000000000e+00,6.636524581726695171e-05,3.688566182055850377e-05,0.000000000000000000e+00,6.227570449582836218e-03,2.679281384244062693e-05,2.679281384260534434e-05,2.679281384264766211e-05,2.679281384255792405e-05
1.039935004062246060e-03,0.000000000000000000e+00,6.586586190788584977e-05,3.650530288234754290e-05,0.000000000000000000e+00,6.227570767577995069e-03,2.949058850031188809e-05,2.949058850047689350e-05,2.949058849927336471e-05,2.949058849917901202e-05
1.044934691581776189e-03,0.000000000000000000e+00,6.533894872423335991e-05,3.612518916348321442e-05,0.000000000000000000e+00,6.227571060096127181e-03,3.290126573522868481e-05,3.290126573539309729e-05,3.290126573433438742e-05,3.290126573423633489e-05
1.049934379101306100e-03,0.000000000000000000e+00,6.478970001874341685e-05,3.574532066396551156e-05,0.000000000000000000e+00,6.227571569037140646e-03,3.700802941847004248e-05,3.700802941863309971e-05,3.700802941901174377e-05,3.700802941891068935e-05
1.054934066620836228e-03,0.000000000000000000e+00,6.422640455306868890e-05,3.536569738379442753e-05,0.000000000000000000e+00,6.227572199461343071e-03,4.174240941876498467e-05,4.174240941892608356e-05,4.174240941912266297e-05,4.174240941901929784e-05
1.059933754140366139e-03,0.000000000000000000e+00,6.365931195754381692e-05,3.498631932296996912e-05,0.000000000000000000e+00,6.227572776626603968e-03,4.697766306918129531e-05,4.697766306933987343e-05,4.697766306847355524e-05,4.697766306836850282e-05
1.064933441659896268e-03,0.000000000000000000e+00,6.310011573420649532e-05,3.460718648149213632e-05,0.000000000000000000e+00,6.227573400723592466e-03,5.247414227118407735e-05,5.247414227133973490e-05,5.247414227134246574e-05,5.247414227123627491e-05
1.069933129179426179e-03,0.000000000000000000e+00,6.255912296496704767e-05,3.422829885936092237e-05,0.000000000000000000e+00,6.227574422022677698e-03,5.785094273144046183e-05,5.785094273159300908e-05,5.785094273284375826e-05,5.785094273273667297e-05
1.074932816698956307e-03,0.000000000000000000e+00,6.204199824124454583e-05,3.384965645657633403e-05,0.000000000000000000e+00,6.227575903218349890e-03,6.264812650285139404e-05,6.264812650300089197e-05,6.264812650328102270e-05,6.264812650317318524e-05
1.079932504218486218e-03,0.000000000000000000e+00,6.155028377092710407e-05,3.347125927313836452e-05,0.000000000000000000e+00,6.227577352224377034e-03,6.642595325817125340e-05,6.642595325831790530e-05,6.642595325751624621e-05,6.642595325740760915e-05
1.084932191738016347e-03,0.000000000000000000e+00,6.108543790373832433e-05,3.309310730904702741e-05,0.000000000000000000e+00,6.227577797158489158e-03,6.881327565101901216e-05,6.881327565116315684e-05,6.881327565125961018e-05,6.881327565114998379e-05
1.089931879257546475e-03,0.000000000000000000e+00,6.065144746100613354e-05,3.271520056430230914e-05,0.000000000000000000e+00,6.227576558188717762e-03,6.952014624917578634e-05,6.952014624931780328e-05,6.952014624993312867e-05,6.952014624982225544e-05
1.094931566777076386e-03,0.000000000000000000e+00,6.025327409493261022e-05,3.233753903890420971e-05,0.000000000000000000e+00,6.227573733676112187e-03,6.838923272754852132e-05,6.838923272768900681e-05,6.838923272714649915e-05,6.838923272703387765e-05
1.099931254296606514e-03,0.000000000000000000e+00,5.989411250189867236e-05,3.196012273285274267e-05,0.000000000000000000e+00,6.227570197760818119e-03,6.547059034294169431e-05,6.547059034308116336e-05,6.547059034222576851e-05,6.547059034211096505e-05
1.104930941816136426e-03,0.000000000000000000e+00,5.957518164440871373e-05,3.158295164614789447e-05,0.000000000000000000e+00,6.227566988690522165e-03,6.102084225906934865e-05,6.102084225920844502e-05,6.102084225951981433e-05,6.102084225940225293e-05
1.109930629335666554e-03,0.000000000000000000e+00,5.929700001645944762e-05,3.120602577878967189e-05,0.000000000000000000e+00,6.227564606451918734e-03,5.540400049247977534e-05,5.540400049261909532e-05,5.540400049309516172e-05,5.540400049297425285e-05
1.114930316855196465e-03,0.000000000000000000e+00,5.905866215569470517e-05,3.082934513077807492e-05,0.000000000000000000e+00,6.227563047659551848e-03,4.899212633600745259e-05,4.899212633614763316e-05,4.899212633555410701e-05,4.899212633542920014e-05
1.119930004374726593e-03,0.000000000000000000e+00,5.885534493512507083e-05,3.045290970211309679e-05,0.000000000000000000e+00,6.227562205530803169e-03,4.213926608457446970e-05,4.213926608471631045e-05,4.213926608407137956e-05,4.213926608394173609e-05
1.124929691894256505e-03,0.000000000000000000e+00,5.867805886186481428e-05,3.007671949279474427e-05,0.000000000000000000e+00,6.227562378087862088e-03,3.518200727324179915e-05,3.518200727338593027e-05,3.518200727377593135e-05,3.518200727364086686e-05
1.129929379413786633e-03,0.000000000000000000e+00,5.851724397588804478e-05,2.970077450282301398e-05,0.000000000000000000e+00,6.227563970372267110e-03,2.840199847072698793e-05,2.840199847087410061e-05,2.840199847141853612e-05,2.840199847127727135e-05
1.134929066933316544e-03,0.000000000000000000e+00,5.836670969809094759e-05,2.932507473219790931e-05,0.000000000000000000e+00,6.227567012429728946e-03,2.198571133973550835e-05,2.198571133988627005e-05,2.198571133964799629e-05,2.198571133949989089e-05
1.139928754452846672e-03,0.000000000000000000e+00,5.822452479396889144e-05,2.894962018091942687e-05,0.000000000000000000e+00,6.227570794124694803e-03,1.605616317784158340e-05,1.605616317799645490e-05,1.605616317778970432e-05,1.605616317763408743e-05
1.144928441972376800e-03,0.000000000000000000e+00,5.809251903977936265e-05,2.857441084898756326e-05,0.000000000000000000e+00,6.227574104164849966e-03,1.075734227734366695e-05,1.075734227750311582e-05,1.075734227815604947e-05,1.075734227799245522e-05
1.149928129491906712e-03,0.000000000000000000e+00,5.797789564091261491e-05,2.819944673640233205e-05,0.000000000000000000e+00,6.227576046943660189e-03,6.290034001798674048e-06,6.290034001962964558e-06,6.290034002524294987e-06,6.290034002352359157e-06
1.154927817011436840e-03,0.000000000000000000e+00,5.789602378251480568e-05,2.782472784316371628e-05,0.000000000000000000e+00,6.227576523217964906e-03,2.856750702740572354e-06,2.856750702909765914e-06,2.856750702568647959e-06,2.856750702388245611e-06
1.159927504530966751e-03,0.000000000000000000e+00,5.786996044930645556e-05,2.745025416927172613e-05,0.000000000000000000e+00,6.227576201494801171e-03,5.890899065736763762e-07,5.890899067476300502e-07,5.890899067697759384e-07,5.890899065809468835e-07
1.164927192050496879e-03,0.000000000000000000e+00,5.792564001046095440e-05,2.707602571472636160e-05,0.000000000000000000e+00,6.227575714516811987e-03,-4.629277924325651821e-07,-4.629277922541262568e-07,-4.629277910411708411e-07,-4.629277912382254330e-07
1.169926879570026791e-03,0.000000000000000000e+00,5.808698449586862961e-05,2.670204247952761930e-05,0.000000000000000000e+00,6.227575182022261797e-03,-3.033395091555442409e-07,-3.033395089730433691e-07,-3.033395083201325857e-07,-3.033395085250993123e-07
1.174926567089556919e-03,0.000000000000000000e+00,5.837428540887590225e-05,2.632830446367550261e-05,0.000000000000000000e+00,6.227574202809203936e-03,9.997525192327633514e-07,9.997525194187218116e-07,9.997525184634211131e-07,9.997525182510470833e-07
1.179926254609086830e-03,0.000000000000000000e+00,5.880380598025107184e-05,2.595481166717000476e-05,0.000000000000000000e+00,6.227572415387109921e-03,3.266802620312892678e-06,3.266802620501592984e-06,3.266802619746986578e-06,3.266802619527848990e-06
1.184925942128616959e-03,0.000000000000000000e+00,5.938536615718097936e-05,2.558156409001113252e-05,0.000000000000000000e+00,6.227570029740204204e-03,6.199705892127210690e-06,6.199705892317791409e-06,6.199705892565865337e-06,6.199705892340695180e-06
1.189925629648146870e-03,0.000000000000000000e+00,6.011937239552523563e-05,2.520856173219888929e-05,0.000000000000000000e+00,6.227567721166550781e-03,9.442380641570662171e-06,9.442380641762218672e-06,9.442380641259643531e-06,9.442380641029223464e-06
1.194925317167676998e-03,0.000000000000000000e+00,6.099746500060001538e-05,2.483580459373326151e-05,0.000000000000000000e+00,6.227566223943587116e-03,1.263993137417024047e-05,1.263993137436179528e-05,1.263993137309782900e-05,1.263993137286308568e-05
1.199925004687207126e-03,0.000000000000000000e+00,6.200703222660146460e-05,2.446329267461425935e-05,0.000000000000000000e+00,6.227565668455108984e-03,1.544848932829427938e-05,1.544848932848480759e-05,1.544848932855092359e-05,1.544848932831277181e-05
1.204924692206737038e-03,0.000000000000000000e+00,6.313517259592591174e-05,2.409102597484188280e-05,0.000000000000000000e+00,6.227565613356106367e-03,1.755280687820471734e-05,1.755280687839316184e-05,1.755280687932487437e-05,1.755280687908427635e-05
1.209924379726267166e-03,0.000000000000000000e+00,6.436921716510387225e-05,2.371900449441612847e-05,0.000000000000000000e+00,6.227565527702718338e-03,1.874881055382281248e-05,1.874881055400811958e-05,1.874881055367005179e-05,1.874881055342804431e-05
1.214924067245797077e-03,0.000000000000000000e+00,6.569591737192301457e-05,2.334722823333699977e-05,0.000000000000000000e+00,6.227565426968170899e-03,1.902453059547242484e-05,1.902453059565355098e-05,1.902453059488881236e-05,1.902453059464639831e-05
1.219923754765327205e-03,0.000000000000000000e+00,6.710216339796828771e-05,2.297569719160448990e-05,0.000000000000000000e+00,6.227565853736547613e-03,1.852995372601801946e-05,1.852995372619383301e-05,1.852995372694318612e-05,1.852995372670143952e-05
1.224923442284857117e-03,0.000000000000000000e+00,6.857603796722082715e-05,2.260441136921860904e-05,0.000000000000000000e+00,6.227567203665434169e-03,1.745510650815705882e-05,1.745510650832653317e-05,1.745510650952995693e-05,1.745510650928996878e-05
1.229923129804387245e-03,0.000000000000000000e+00,7.010515869641856235e-05,2.223337076617935040e-05,0.000000000000000000e+00,6.227569256974358099e-03,1.594646490071391311e-05,1.594646490087614363e-05,1.594646490100805716e-05,1.594646490077076935e-05
1.234922817323917156e-03,0.000000000000000000e+00,7.167293773122937830e-05,2.186257538248671060e-05,0.000000000000000000e+00,6.227571088865062332e-03,1.411774753647283244e-05,1.411774753662699244e-05,1.411774753679970246e-05,1.411774753656602639e-05
1.239922504843447284e-03,0.000000000000000000e+00,7.325694322696860823e-05,2.149202521814069981e-05,0.000000000000000000e+00,6.227571835420203823e-03,1.207756676747068820e-05,1.207756676761614747e-05,1.207756676868261447e-05,1.207756676845322609e-05
1.244922192362977196e-03,0.000000000000000000e+00,7.483122973506032335e-05,2.112172027314130785e-05,0.000000000000000000e+00,6.227571396442046180e-03,9.907522379757038641e-06,9.907522379893222904e-06,9.907522380437788857e-06,9.907522380213320043e-06
1.249921879882507324e-03,0.000000000000000000e+00,7.636958483685799210e-05,2.075166054748854151e-05,0.000000000000000000e+00,6.227570611561235661e-03,7.636164354965119418e-06,7.636164355091683081e-06,7.636164354487380977e-06,7.636164354268268800e-06
1.254921567402037452e-03,0.000000000000000000e+00,7.784651173441489323e-05,2.038184604118240079e-05,0.000000000000000000e+00,6.227570488638141215e-03,5.271168023112654720e-06,5.271168023229377554e-06,5.271168022921352329e-06,5.271168022707892403e-06
1.259921254921567363e-03,0.000000000000000000e+00,7.923742970852748241e-05,2.001227675422287891e-05,0.000000000000000000e+00,6.227571262159935575e-03,2.854684088690337618e-06,2.854684088797160331e-06,2.854684089390701728e-06,2.854684089183031273e-06
1.264920942441097491e-03,0.000000000000000000e+00,8.052151402746234271e-05,1.964295268660998603e-05,0.000000000000000000e+00,6.227572312921122837e-03,4.646569976065540917e-07,4.646569977035046358e-07,4.646569979731516453e-07,4.646569977713019999e-07
1.269920629960627403e-03,0.000000000000000000e+00,8.168657486707736571e-05,1.927387383834371198e-05,0.000000000000000000e+00,6.227572747649241791e-03,-1.832724715019609891e-06,-1.832724714932452742e-06,-1.832724715496565674e-06,-1.832724715692584344e-06
1.274920317480157531e-03,0.000000000000000000e+00,8.273162926246909496e-05,1.890504020942406017e-05,0.000000000000000000e+00,6.227572314201362640e-03,-4.002247737670137142e-06,-4.002247737592718330e-06,-4.002247737878435249e-06,-4.002247738068664449e-06
1.279920004999687442e-03,0.000000000000000000e+00,8.366523476130787959e-05,1.853645179985104075e-05,0.000000000000000000e+00,6.227571487434867964e-03,-6.006400812547969097e-06,-6.006400812480191215e-06,-6.006400812105047946e-06,-6.006400812289535110e-06
1.284919692519217570e-03,0.000000000000000000e+00,8.450244669124623261e-05,1.816810860962463677e-05,0.000000000000000000e+00,6.227571039802360514e-03,-7.788846280234907680e-06,-7.788846280176599626e-06,-7.788846280414754797e-06,-7.788846280593631215e-06
1.289919380038747482e-03,0.000000000000000000e+00,8.526314046733276598e-05,1.780001063874485842e-05,0.000000000000000000e+00,6.227571295653038831e-03,-9.327836329012046334e-06,-9.327836328963081053e-06,-9.327836330140627951e-06,-9.327836330314051171e-06
1.294919067558277610e-03,0.000000000000000000e+00,8.597025203135812317e-05,1.743215788721170229e-05,0.000000000000000000e+00,6.227571870839001059e-03,-1.070450931273377666e-05,-1.070450931269394071e-05,-1.070450931311600028e-05,-1.070450931328415326e-05
1.299918755077807521e-03,0.000000000000000000e+00,8.664555166993345746e-05,1.706455035502517178e-05,0.000000000000000000e+00,6.227572196587881186e-03,-1.209466104540461456e-05,-1.209466104537369277e-05,-1.209466104446266140e-05,-1.209466104462577284e-05
1.304918442597337649e-03,0.000000000000000000e+00,8.730464080129108815e-05,1.669718804218526688e-05,0.000000000000000000e+00,6.227572136497728714e-03,-1.369108480277725926e-05,-1.369108480275501278e-05,-1.369108480220170545e-05,-1.369108480236000744e-05
1.309918130116867778e-03,0.000000000000000000e+00,8.795535445351824750e-05,1.633007094869198082e-05,0.000000000000000000e+00,6.227572199361701422e-03,-1.565223901907900956e-05,-1.565223901906516565e-05,-1.565223901923464678e-05,-1.565223901938840359e-05
1.314917817636397689e-03,0.000000000000000000e+00,8.860038092652235261e-05,1.596319907454532038e-05,0.000000000000000000e+00,6.227572842581331758e-03,-1.811551689093268629e-05,-1.811551689092708909e-05,-1.811551689016225222e-05,-1.811551689031159768e-05
1.319917505155927817e-03,0.000000000000000000e+00,8.924046991585776474e-05,1.559657241974528555e-05,0.000000000000000000e+00,6.227573998996300750e-03,-2.120259288768860158e-05,-2.120259288769119012e-05,-2.120259288630907968e-05,-2.120259288645407478e-05
1.324917192675457728e-03,0.000000000000000000e+00,8.987536177321537787e-05,1.523019098429186956e-05,0.000000000000000000e+00,6.227574971972639137e-03,-2.496286602223382693e-05,-2.496286602224465201e-05,-2.496286602222965952e-05,-2.496286602237024666e-05
1.329916880194987857e-03,0.000000000000000000e+00,9.050375182332977210e-05,1.486405476818507749e-05,0.000000000000000000e+00,6.227574936915224700e-03,-2.932054210071823454e-05,-2.932054210073748251e-05,-2.932054210135745642e-05,-2.932054210149341876e-05
1.334916567714517768e-03,0.000000000000000000e+00,9.112459397767993835e-05,1.449816377142491104e-05,0.000000000000000000e+00,6.227573593170649020e-03,-3.410844487544824018e-05,-3.410844487547623970e-05,-3.410844487466804830e-05,-3.410844487479904703e-05
1.339916255234047896e-03,0.000000000000000000e+00,9.173871187585961955e-05,1.413251799401137020e-05,0.000000000000000000e+00,6.227571354661422080e-03,-3.914774710663462419e-05,-3.914774710667183943e-05,-3.914774710545232883e-05,-3.914774710557787944e-05
1.344915942753577807e-03,0.000000000000000000e+00,9.234775960697108913e-05,1.376711743594444820e-05,0.000000000000000000e+00,6.227569011903841267e-03,-4.426700534870111817e-05,-4.426700534874807090e-05,-4.426700534896249898e-05,-4.426700534908202550e-05
1.349915630273107936e-03,0.000000000000000000e+00,9.295051143628376799e-05,1.340196209722415521e-05,0.000000000000000000e+00,6.227566997240963770e-03,-4.925403829174663140e-05,-4.925403829180382306e-05,-4.925403829232185486e-05,-4.925403829243483550e-05
1.354915317792637847e-03,0.000000000000000000e+00,9.354001766935302997e-05,1.303705197785047936e-05,0.000000000000000000e+00,6.227565374955810334e-03,-5.383502519410038876e-05,-5.383502519416824626e-05,-5.383502519376242261e-05,-5.383502519386842370e-05
1.359915005312167975e-03,0.000000000000000000e+00,9.410392322071195947e-05,1.267238707782343082e-05,0.000000000000000000e+00,6.227564182017038263e-03,-5.771735493547693415e-05,-5.771735493555595894e-05,-5.771735493555509158e-05,-5.771735493565367266e-05
1.364914692831697886e-03,0.000000000000000000e+00,9.462604722221753541e-05,1.230796739714300620e-05,0.000000000000000000e+00,6.227563856825046006e-03,-6.062530831908800991e-05,-6.062530831917857467e-05,-6.062530832012029912e-05,-6.062530832021109428e-05
1.369914380351228015e-03,0.000000000000000000e+00,9.508658131278407326e-05,1.194379293580920212e-05,0.000000000000000000e+00,6.227565016393031908e-03,-6.228309788454194310e-05,-6.228309788464440021e-05,-6.228309788484593984e-05,-6.228309788492861025e-05
1.374914067870758143e-03,0.000000000000000000e+00,9.546203200291944067e-05,1.157986369382202535e-05,0.000000000000000000e+00,6.227567772034288754e-03,-6.240714460575670446e-05,-6.240714460587138595e-05,-6.240714460501990777e-05,-6.240714460509422983e-05
1.379913755390288054e-03,0.000000000000000000e+00,9.572817514848152242e-05,1.121617967118146910e-05,0.000000000000000000e+00,6.227571306124560918e-03,-6.077083944463839652e-05,-6.077083944476538370e-05,-6.077083944452679824e-05,-6.077083944459261609e-05
1.384913442909818182e-03,0.000000000000000000e+00,9.586600480937389386e-05,1.085274086788753678e-05,0.000000000000000000e+00,6.227574060227104163e-03,-5.729228647470991373e-05,-5.729228647484949121e-05,-5.729228647548444744e-05,-5.729228647554165943e-05
1.389913130429348094e-03,0.000000000000000000e+00,9.586660604827996763e-05,1.048954728394023177e-05,0.000000000000000000e+00,6.227574788552317671e-03,-5.204869704469393778e-05,-5.204869704484614622e-05,-5.204869704498846808e-05,-5.204869704503704711e-05
1.394912817948878222e-03,0.000000000000000000e+00,9.573203918670551379e-05,1.012659891933954391e-05,0.000000000000000000e+00,6.227573366270831509e-03,-4.521637456565602065e-05,-4.521637456582075162e-05,-4.521637456527436116e-05,-4.521637456531442921e-05
1.399912505468408133e-03,0.000000000000000000e+00,9.547369832320289182e-05,9.763895774085483350e-06,0.000000000000000000e+00,6.227570886662046716e-03,-3.702939723174507021e-05,-3.702939723192199845e-05,-3.702939723170003516e-05,-3.702939723173197847e-05
1.404912192987938261e-03,0.000000000000000000e+00,9.511061098847472812e-05,9.401437848178046715e-06,0.000000000000000000e+00,6.227568718309884829e-03,-2.780437624573593551e-05,-2.780437624592468156e-05,-2.780437624597754319e-05,-2.780437624600174800e-05
1.409911880507468173e-03,0.000000000000000000e+00,9.466711059610477736e-05,9.039225141617230613e-06,0.000000000000000000e+00,6.227567592687448424e-03,-1.796504586027900574e-05,-1.796504586047890212e-05,-1.796504585973703001e-05,-1.796504585975408587e-05
1.414911568026998301e-03,0.000000000000000000e+00,9.416815339926377449e-05,8.677257654403043515e-06,0.000000000000000000e+00,6.227567460105927141e-03,-7.990051994567047989e-06,-7.990051994777271402e-06,-7.990051993375562318e-06,-7.990051993386223074e-06
1.419911255546528212e-03,0.000000000000000000e+00,9.363377886945945005e-05,8.315535386535473562e-06,0.000000000000000000e+00,6.227567932322682423e-03,1.684304973608656119e-06,1.684304973389179718e-06,1.684304974033394861e-06,1.684304974028197467e-06
1.424910943066058340e-03,0.000000000000000000e+00,9.307671962861901159e-05,7.954058338014530918e-06,0.000000000000000000e+00,6.227568843985342717e-03,1.071080912700982111e-05,1.071080912678224708e-05,1.071080912653378351e-05,1.071080912653308725e-05
1.429910630585588469e-03,0.000000000000000000e+00,9.250447855965255239e-05,7.592826508840213043e-06,0.000000000000000000e+00,6.227570205731636568e-03,1.880833932885306501e-05,1.880833932861854870e-05,1.880833932888530309e-05,1.880833932888817284e-05
1.434910318105118380e-03,0.000000000000000000e+00,9.192273907280479252e-05,7.231839899012516548e-06,0.000000000000000000e+00,6.227571897353251923e-03,2.574438398951535496e-05,2.574438398927516691e-05,2.574438399004223995e-05,2.574438399004771517e-05
1.439910005624648508e-03,0.000000000000000000e+00,9.133691567878508258e-05,6.871098508531443975e-06,0.000000000000000000e+00,6.227573368493465045e-03,3.136168867996400148e-05,3.136168867971948001e-05,3.136168867949305116e-05,3.136168867950007137e-05
1.444909693144178419e-03,0.000000000000000000e+00,9.075256121531596063e-05,6.510602337396994476e-06,0.000000000000000000e+00,6.227573953755060308e-03,3.558865822256151057e-05,3.558865822231400755e-05,3.558865822154193363e-05,3.558865822154951627e-05
1.449909380663708548e-03,0.000000000000000000e+00,9.017710704671310143e-05,6.150351385609168051e-06,0.000000000000000000e+00,6.227573435969132459e-03,3.838945275292702879e-05,3.838945275267792657e-05,3.838945275317470123e-05,3.838945275318181630e-05
1.454909068183238459e-03,0.000000000000000000e+00,8.962255674499648977e-05,5.790345653167964700e-06,0.000000000000000000e+00,6.227572271197164347e-03,3.972271632057713768e-05,3.972271632032778473e-05,3.972271632143474837e-05,3.972271632144045399e-05
1.459908755702768587e-03,0.000000000000000000e+00,8.910598194140035091e-05,5.430585140073385271e-06,0.000000000000000000e+00,6.227571267357748241e-03,3.958887915730502187e-05,3.958887915705677345e-05,3.958887915695693876e-05,3.958887915696024558e-05
1.464908443222298498e-03,0.000000000000000000e+00,8.864650674786447328e-05,5.071069846325429764e-06,0.000000000000000000e+00,6.227570871316472946e-03,3.811482316441024631e-05,3.811482316416432215e-05,3.811482316368148627e-05,3.811482316368154048e-05
1.469908130741828627e-03,0.000000000000000000e+00,8.826133980823919211e-05,4.711799771924098177e-06,0.000000000000000000e+00,6.227570878478229377e-03,3.555752114472784112e-05,3.555752114448535253e-05,3.555752114499322671e-05,3.555752114498923549e-05
1.474907818261358538e-03,0.000000000000000000e+00,8.796361336941816128e-05,4.352774916869388818e-06,0.000000000000000000e+00,6.227570696719577845e-03,3.222048412368805099e-05,3.222048412344987210e-05,3.222048412372873567e-05,3.222048412372012982e-05
1.479907505780888666e-03,0.000000000000000000e+00,8.776131569187874137e-05,3.993995281161303381e-06,0.000000000000000000e+00,6.227569944916248185e-03,2.839359582106242751e-05,2.839359582082918852e-05,2.839359581997754093e-05,2.839359581996393758e-05
1.484907193300418794e-03,0.000000000000000000e+00,8.765520168956987134e-05,3.635460864799841864e-06,0.000000000000000000e+00,6.227568743027286566e-03,2.436738858255518703e-05,2.436738858232732162e-05,2.436738858193764919e-05,2.436738858191885861e-05
1.489906880819948706e-03,0.000000000000000000e+00,8.763660224479663421e-05,3.277171667785003422e-06,0.000000000000000000e+00,6.227567576332197069e-03,2.044356196132772615e-05,2.044356196110542066e-05,2.044356196174920974e-05,2.044356196172518789e-05
1.494906568339478834e-03,0.000000000000000000e+00,8.768848397981116147e-05,2.919127690116788902e-06,0.000000000000000000e+00,6.227566928882945739e-03,1.687474200756852174e-05,1.687474200735168130e-05,1.687474200736648066e-05,1.687474200733749520e-05
1.499906255859008745e-03,0.000000000000000000e+00,8.779040129843489638e-05,2.561328931795197456e-06,0.000000000000000000e+00,6.227566907122708897e-03,1.379122331388717168e-05,1.379122331367538125e-05,1.379122331278498530e-05,1.379122331275149023e-05
1.504905943378538873e-03,0.000000000000000000e+00,8.792365567122761686e-05,2.203775392820229507e-06,0.000000000000000000e+00,6.227567285523422438e-03,1.120637087721206666e-05,1.120637087700482650e-05,1.120637087672983386e-05,1.120637087669240178e-05
1.509905630898068785e-03,0.000000000000000000e+00,8.807338580705350889e-05,1.846467073191885057e-06,0.000000000000000000e+00,6.227567809528341755e-03,9.087058600329495347e-06,9.087058600126202357e-06,9.087058600605380754e-06,9.087058600564685903e-06
1.514905318417598913e-03,0.000000000000000000e+00,8.822861672854515524e-05,1.489403972910164316e-06,0.000000000000000000e+00,6.227568424354515235e-03,7.399965741950464575e-06,7.399965741750329324e-06,7.399965741947179781e-06,7.399965741903971783e-06
1.519905005937128824e-03,0.000000000000000000e+00,8.838283177533133215e-05,1.132586091975066861e-06,0.000000000000000000e+00,6.227569205313453378e-03,6.107659125124547560e-06,6.107659124926673041e-06,6.107659125075384074e-06,6.107659125030584502e-06
1.524904693456658952e-03,0.000000000000000000e+00,8.853456543914097409e-05,7.760134303865932222e-07,0.000000000000000000e+00,6.227570206625558658e-03,5.178393544671589264e-06,5.178393544475049668e-06,5.178393545411482708e-06,5.178393545366053790e-06
1.529904380976188864e-03,0.000000000000000000e+00,8.868553333475419039e-05,4.196859881447428690e-07,0.000000000000000000e+00,6.227571464601260563e-03,4.644376882412913050e-06,4.644376882216752078e-06,4.644376883430464741e-06,4.644376883385342449e-06
1.534904068495718992e-03,0.000000000000000000e+00,8.883664181155278487e-05,6.360376524951619902e-08,0.000000000000000000e+00,6.227573005273818844e-03,4.642238926878480910e-06,4.642238926681862540e-06,4.642238927072537852e-06,4.642238927028578536e-06
1.539903756015249120e-03,0.000000000000000000e+00,8.898550663812097167e-05,-2.922332382990870261e-07,0.000000000000000000e+00,6.227574801711386124e-03,5.362994519740641655e-06,5.362994519542677350e-06,5.362994519296085730e-06,5.362994519254137270e-06
1.544903443534779031e-03,0.000000000000000000e+00,8.912746586470529457e-05,-6.478250225010666739e-07,0.000000000000000000e+00,6.227576610827840857e-03,6.951411366248699030e-06,6.951411366048590885e-06,6.951411366267899573e-06,6.951411366228793756e-06
1.549903131054309159e-03,0.000000000000000000e+00,8.925771835689710887e-05,-1.003171587356422930e-06,0.000000000000000000e+00,6.227577872481462710e-03,9.459108907588136488e-06,9.459108907385277180e-06,9.459108908116651166e-06,9.459108908080965668e-06
1.554902818573839071e-03,0.000000000000000000e+00,8.937156610676112733e-05,-1.358272932865155476e-06,0.000000000000000000e+00,6.227577842247174547e-03,1.286791980500393767e-05,1.286791980479793756e-05,1.286791980498699023e-05,1.286791980495515365e-05
1.559902506093369199e-03,0.000000000000000000e+00,8.946351326507442458e-05,-1.713129059027264524e-06,0.000000000000000000e+00,6.227575980604210630e-03,1.709554615211158449e-05,1.709554615190224199e-05,1.709554615156363549e-05,1.709554615153584942e-05
1.564902193612899110e-03,0.000000000000000000e+00,8.952826247891508202e-05,-2.067739965842750075e-06,0.000000000000000000e+00,6.227572508588563420e-03,2.194543763273568127e-05,2.194543763252292015e-05,2.194543763274925413e-05,2.194543763272567273e-05
1.569901881132429238e-03,0.000000000000000000e+00,8.956399875157768011e-05,-2.422105653311612127e-06,0.000000000000000000e+00,6.227568482928031932e-03,2.708875124295409420e-05,2.708875124273810419e-05,2.708875124309164558e-05,2.708875124307211978e-05
1.574901568651959150e-03,0.000000000000000000e+00,8.957487990620507424e-05,-2.776226121433850682e-06,0.000000000000000000e+00,6.227565256651815262e-03,3.215248084273615868e-05,3.215248084251731925e-05,3.215248084148073388e-05,3.215248084146495874e-05
1.579901256171489278e-03,0.000000000000000000e+00,8.957058487863449510e-05,-3.130101370209465739e-06,0.000000000000000000e+00,6.227563738336171044e-03,3.683960653826974128e-05,3.683960653804864535e-05,3.683960653622066694e-05,3.683960653620813085e-05
1.584900943691019189e-03,0.000000000000000000e+00,8.956446549762471130e-05,-3.483731399638457298e-06,0.000000000000000000e+00,6.227564103858793630e-03,4.095869380792334786e-05,4.095869380770078149e-05,4.095869380681785467e-05,4.095869380680796810e-05
1.589900631210549318e-03,0.000000000000000000e+00,8.957252660716399201e-05,-3.837116209720825783e-06,0.000000000000000000e+00,6.227565967705806990e-03,4.437241128769581693e-05,4.437241128747252550e-05,4.437241128705123841e-05,4.437241128704327630e-05
1.594900318730079446e-03,0.000000000000000000e+00,8.961238965497242707e-05,-4.190255800456570346e-06,0.000000000000000000e+00,6.227568626013041050e-03,4.697553490154997736e-05,4.697553490132704506e-05,4.697553490026676310e-05,4.697553490025989874e-05
1.599900006249609357e-03,0.000000000000000000e+00,8.970007833106674253e-05,-4.543150171845690988e-06,0.000000000000000000e+00,6.227571321087409587e-03,4.872887923373113493e-05,4.872887923350982216e-05,4.872887923293160359e-05,4.872887923292470536e-05
1.604899693769139485e-03,0.000000000000000000e+00,8.984566238520807580e-05,-4.895799323888188556e-06,0.000000000000000000e+00,6.227573266382801370e-03,4.966012862179693804e-05,4.966012862157860683e-05,4.966012862232224755e-05,4.966012862231413636e-05
1.609899381288669397e-03,0.000000000000000000e+00,9.005162185593032465e-05,-5.248203256584063049e-06,0.000000000000000000e+00,6.227573726815607835e-03,4.979112160933592138e-05,4.979112160912207605e-05,4.979112160964833424e-05,4.979112160963771583e-05
1.614899068808199525e-03,0.000000000000000000e+00,9.031527590430121484e-05,-5.600361969933313621e-06,0.000000000000000000e+00,6.227572306098062491e-03,4.907669884838207941e-05,4.907669884817427851e-05,4.907669884779314079e-05,4.907669884777872090e-05
1.619898756327729436e-03,0.000000000000000000e+00,9.063198150285939521e-05,-5.952275463935940271e-06,0.000000000000000000e+00,6.227569388580701977e-03,4.743104972009030930e-05,4.743104971989010459e-05,4.743104972013333857e-05,4.743104972011374839e-05
1.624898443847259564e-03,0.000000000000000000e+00,9.099580158809756703e-05,-6.303943738591943847e-06,0.000000000000000000e+00,6.227566176560468854e-03,4.479072233247539188e-05,4.479072233228443677e-05,4.479072233356470336e-05,4.479072233353856053e-05
1.629898131366789476e-03,0.000000000000000000e+00,9.139868550159234732e-05,-6.655366793901324349e-06,0.000000000000000000e+00,6.227564049591084380e-03,4.112574142085852875e-05,4.112574142067824625e-05,4.112574142166690311e-05,4.112574142163303534e-05
1.634897818886319604e-03,0.000000000000000000e+00,9.183109696396324839e-05,-7.006544629864080930e-06,0.000000000000000000e+00,6.227563848780371704e-03,3.641560362911337820e-05,3.641560362894505581e-05,3.641560362943208621e-05,3.641560362938948384e-05
1.639897506405849515e-03,0.000000000000000000e+00,9.228395599687683269e-05,-7.357477246480213589e-06,0.000000000000000000e+00,6.227565503496251646e-03,3.067750061582326859e-05,3.067750061566794985e-05,3.067750061641020821e-05,3.067750061635805809e-05
1.644897193925379643e-03,0.000000000000000000e+00,9.274914736670991557e-05,-7.708164643749722326e-06,0.000000000000000000e+00,6.227568321345006326e-03,2.405087119499367711e-05,2.405087119485222938e-05,2.405087119541373769e-05,2.405087119535147060e-05
1.649896881444909771e-03,0.000000000000000000e+00,9.321796735286701132e-05,-8.058606821672608837e-06,0.000000000000000000e+00,6.227571427644589333e-03,1.683268961307465337e-05,1.683268961294763231e-05,1.683268961250588091e-05,1.683268961243313772e-05
1.654896568964439683e-03,0.000000000000000000e+00,9.368011607672185393e-05,-8.408803780248873120e-06,0.000000000000000000e+00,6.227574094154444267e-03,9.397959965401251359e-06,9.397959965288875498e-06,9.397959964415499826e-06,9.397959964332241569e-06
1.659896256483969811e-03,0.000000000000000000e+00,9.412486188955505558e-05,-8.758755519478510093e-06,0.000000000000000000e+00,6.227575814391288732e-03,2.082166998769112777e-06,2.082166998671355858e-06,2.082166998447501143e-06,2.082166998353930261e-06
1.664895944003499722e-03,0.000000000000000000e+00,9.454239463482837311e-05,-9.108462039361528228e-06,0.000000000000000000e+00,6.227576184503393758e-03,-4.859332249074142266e-06,-4.859332249157434403e-06,-4.859332248862476355e-06,-4.859332248966116766e-06
1.669895631523029850e-03,0.000000000000000000e+00,9.492296812014803706e-05,-9.457923339897920747e-06,0.000000000000000000e+00,6.227575021743502783e-03,-1.122046681529505544e-05,-1.122046681536426650e-05,-1.122046681556750359e-05,-1.122046681568077730e-05
1.674895319042559762e-03,0.000000000000000000e+00,9.525498645646395153e-05,-9.807139421087687650e-06,0.000000000000000000e+00,6.227572632329664119e-03,-1.684109282509666268e-05,-1.684109282515239406e-05,-1.684109282608375083e-05,-1.684109282620610643e-05
1.679895006562089890e-03,0.000000000000000000e+00,9.552526285080513164e-05,-1.015611028293083571e-05,0.000000000000000000e+00,6.227570040006331561e-03,-2.165450325890650536e-05,-2.165450325894954480e-05,-2.165450325977465992e-05,-2.165450325990534694e-05
1.684894694081619801e-03,0.000000000000000000e+00,9.572201903978551157e-05,-1.050483592542735478e-05,0.000000000000000000e+00,6.227568523790866749e-03,-2.569433822811784427e-05,-2.569433822814923193e-05,-2.569433822864197471e-05,-2.569433822878015628e-05
1.689894381601149929e-03,0.000000000000000000e+00,9.583764925904486695e-05,-1.085331634857725500e-05,0.000000000000000000e+00,6.227568863776730863e-03,-2.901186935013052947e-05,-2.901186935015123095e-05,-2.901186935104134738e-05,-2.901186935118621712e-05
1.694894069120679841e-03,0.000000000000000000e+00,9.586890264127110575e-05,-1.120155155238052960e-05,0.000000000000000000e+00,6.227570861942272745e-03,-3.159102855262935970e-05,-3.159102855264065573e-05,-3.159102855357012870e-05,-3.159102855372069050e-05
1.699893756640209969e-03,0.000000000000000000e+00,9.581565763343317325e-05,-1.154954153683717859e-05,0.000000000000000000e+00,6.227573421880075281e-03,-3.335224804111174723e-05,-3.335224804111500661e-05,-3.335224804073088733e-05,-3.335224804088599601e-05
1.704893444159739880e-03,0.000000000000000000e+00,9.568045639007851256e-05,-1.189728630194720875e-05,0.000000000000000000e+00,6.227575248953994523e-03,-3.419867357092626917e-05,-3.419867357092296235e-05,-3.419867356968791378e-05,-3.419867356984643091e-05
1.709893131679270008e-03,0.000000000000000000e+00,9.546834489789671576e-05,-1.224478584771061159e-05,0.000000000000000000e+00,6.227575548624538111e-03,-3.401169199299435627e-05,-3.401169199298592659e-05,-3.401169199260634741e-05,-3.401169199276714815e-05
1.714892819198800137e-03,0.000000000000000000e+00,9.518511548853571757e-05,-1.259204017412739220e-05,0.000000000000000000e+00,6.227574419789446737e-03,-3.262585289135605109e-05,-3.262585289134379283e-05,-3.262585289147625523e-05,-3.262585289163830280e-05
1.719892506718330048e-03,0.000000000000000000e+00,9.483457434288999986e-05,-1.293904928119755059e-05,0.000000000000000000e+00,6.227572459966078042e-03,-2.988997178291321802e-05,-2.988997178289842544e-05,-2.988997178226629491e-05,-2.988997178242865080e-05
1.724892194237860176e-03,0.000000000000000000e+00,9.441795696788380255e-05,-1.328581316892108167e-05,0.000000000000000000e+00,6.227570227429322751e-03,-2.580561845447761659e-05,-2.580561845446138744e-05,-2.580561845394135326e-05,-2.580561845410304507e-05
1.729891881757390087e-03,0.000000000000000000e+00,9.393656941539632078e-05,-1.363233183729799391e-05,0.000000000000000000e+00,6.227568041716133318e-03,-2.060498803328422463e-05,-2.060498803326739917e-05,-2.060498803392451717e-05,-2.060498803408488083e-05
1.734891569276920216e-03,0.000000000000000000e+00,9.339467166869545531e-05,-1.397860528632828053e-05,0.000000000000000000e+00,6.227566214037822540e-03,-1.469758287714870101e-05,-1.469758287713178238e-05,-1.469758287769131710e-05,-1.469758287784989352e-05
1.739891256796450127e-03,0.000000000000000000e+00,9.279953217745309649e-05,-1.432463351601194154e-05,0.000000000000000000e+00,6.227565335723881865e-03,-8.575440954066614269e-06,-8.575440954049944661e-06,-8.575440953644978208e-06,-8.575440953801506509e-06
1.744890944315980255e-03,0.000000000000000000e+00,9.215956584009936793e-05,-1.467041652634898371e-05,0.000000000000000000e+00,6.227565956297222843e-03,-2.776438081328716307e-06,-2.776438081312429981e-06,-2.776438081306220806e-06,-2.776438081460479058e-06
1.749890631835510166e-03,0.000000000000000000e+00,9.148357986586210541e-05,-1.501595431733939687e-05,0.000000000000000000e+00,6.227568130023318667e-03,2.129060480461219050e-06,2.129060480477191127e-06,2.129060479566105972e-06,2.129060479414111839e-06
1.754890319355040295e-03,0.000000000000000000e+00,9.078166952365629373e-05,-1.536124688898318950e-05,0.000000000000000000e+00,6.227571022726860646e-03,5.614489017644040295e-06,5.614489017659960280e-06,5.614489017160418364e-06,5.614489017010547742e-06
1.759890006874570206e-03,0.000000000000000000e+00,9.006554296605922497e-05,-1.570629424128035991e-05,0.000000000000000000e+00,6.227573256365743874e-03,7.314352112841655709e-06,7.314352112857999210e-06,7.314352113027976699e-06,7.314352112879974633e-06
1.764889694394100334e-03,0.000000000000000000e+00,8.934712324355065629e-05,-1.605109637423090470e-05,0.000000000000000000e+00,6.227573743625061838e-03,7.072684104081065287e-06,7.072684104098415063e-06,7.072684103913819478e-06,7.072684103767231956e-06
1.769889381913630462e-03,0.000000000000000000e+00,8.863688369893914861e-05,-1.639565328783482387e-05,0.000000000000000000e+00,6.227572483948087996e-03,4.887238793802456134e-06,4.887238793821417813e-06,4.887238793432814344e-06,4.887238793287233097e-06
1.774889069433160374e-03,0.000000000000000000e+00,8.794315711141431364e-05,-1.673996498209212759e-05,0.000000000000000000e+00,6.227570569410415501e-03,8.374186578116600465e-07,8.374186578329485256e-07,8.374186581748237286e-07,8.374186580296956445e-07
1.779888756952690502e-03,0.000000000000000000e+00,8.727129725084101892e-05,-1.708403145700280231e-05,0.000000000000000000e+00,6.227569185558869125e-03,-4.927819210979079961e-06,-4.927819210954619343e-06,-4.927819210211530044e-06,-4.927819210356941037e-06
1.784888444472220413e-03,0.000000000000000000e+00,8.662134276904469776e-05,-1.742785271256685141e-05,0.000000000000000000e+00,6.227568854294987348e-03,-1.218379955344586681e-05,-1.218379955341725404e-05,-1.218379955333875441e-05,-1.218379955348524537e-05
1.789888131991750541e-03,0.000000000000000000e+00,8.598554077089619959e-05,-1.777142874878428168e-05,0.000000000000000000e+00,6.227569208301374053e-03,-2.067811473474024384e-05,-2.067811473470662002e-05,-2.067811473525609029e-05,-2.067811473540443287e-05
1.794887819511280453e-03,0.000000000000000000e+00,8.534865773837508707e-05,-1.811475956565508633e-05,0.000000000000000000e+00,6.227569590822074931e-03,-3.019749589577564095e-05,-3.019749589573610146e-05,-3.019749589589539108e-05,-3.019749589604633574e-05
1.799887507030810581e-03,0.000000000000000000e+00,8.469168978780567021e-05,-1.845784516317926875e-05,0.000000000000000000e+00,6.227569625857254550e-03,-4.055222397618724089e-05,-4.055222397614101999e-05,-4.055222397561675403e-05,-4.055222397577100890e-05
1.804887194550340492e-03,0.000000000000000000e+00,8.399623389739743567e-05,-1.880068554135682556e-05,0.000000000000000000e+00,6.227569474883462922e-03,-5.147768637121228247e-05,-5.147768637115867545e-05,-5.147768637078958592e-05,-5.147768637094773714e-05
1.809886882069870620e-03,0.000000000000000000e+00,8.324686903275879527e-05,-1.914328070018775675e-05,0.000000000000000000e+00,6.227569509679737290e-03,-6.257368853892747820e-05,-6.257368853886601748e-05,-6.257368853892337178e-05,-6.257368853908581237e-05
1.814886569589400532e-03,0.000000000000000000e+00,8.243210160675981636e-05,-1.948563063967207249e-05,0.000000000000000000e+00,6.227569712227949868e-03,-7.334713122228034364e-05,-7.334713122221083272e-05,-7.334713122184857367e-05,-7.334713122201535107e-05
1.819886257108930660e-03,0.000000000000000000e+00,8.154613273939026149e-05,-1.982773535980975583e-05,0.000000000000000000e+00,6.227569711933438924e-03,-8.327505842724408614e-05,-8.327505842716659279e-05,-8.327505842650056739e-05,-8.327505842667143766e-05
1.824885944628460788e-03,0.000000000000000000e+00,8.059172821047224375e-05,-2.016959486060082034e-05,0.000000000000000000e+00,6.227569129593033860e-03,-9.180311469029910261e-05,-9.180311469021381655e-05,-9.180311469056821514e-05,-9.180311469074290721e-05
1.829885632147990699e-03,0.000000000000000000e+00,7.958214101127990769e-05,-2.051120914204526262e-05,0.000000000000000000e+00,6.227568155253352007e-03,-9.833928024137987426e-05,-9.833928024128722918e-05,-9.833928024235419254e-05,-9.833928024253205591e-05
1.834885319667520828e-03,0.000000000000000000e+00,7.854090873850862696e-05,-2.085257820414307590e-05,0.000000000000000000e+00,6.227567420817356481e-03,-1.023452812755290152e-04,-1.023452812754295532e-04,-1.023452812754995113e-04,-1.023452812756797599e-04
1.839885007187050739e-03,0.000000000000000000e+00,7.750071513527705960e-05,-2.119370204689427034e-05,0.000000000000000000e+00,6.227567593592014776e-03,-1.034852678154744171e-04,-1.034852678153688971e-04,-1.034852678148101400e-04,-1.034852678149918116e-04
1.844884694706580867e-03,0.000000000000000000e+00,7.650235097258682954e-05,-2.153458067029883916e-05,0.000000000000000000e+00,6.227568861281245274e-03,-1.016908087810674925e-04,-1.016908087809566600e-04,-1.016908087813819925e-04,-1.016908087815642469e-04
1.849884382226110778e-03,0.000000000000000000e+00,7.559251008459102463e-05,-2.187521407435678576e-05,0.000000000000000000e+00,6.227570745238598243e-03,-9.710500616012567238e-05,-9.710500616001025906e-05,-9.710500616069345551e-05,-9.710500616087534397e-05
1.854884069745640907e-03,0.000000000000000000e+00,7.481894677142882132e-05,-2.221560225906811013e-05,0.000000000000000000e+00,6.227572523549986146e-03,-9.000954597432640281e-05,-9.000954597420707281e-05,-9.000954597371762329e-05,-9.000954597389829203e-05
1.859883757265170818e-03,0.000000000000000000e+00,7.422443857663674487e-05,-2.255574522443280549e-05,0.000000000000000000e+00,6.227573692316096948e-03,-8.080469148820994762e-05,-8.080469148808770382e-05,-8.080469148746245798e-05,-8.080469148764090411e-05
1.864883444784700946e-03,0.000000000000000000e+00,7.384285701577478222e-05,-2.289564297045088541e-05,0.000000000000000000e+00,6.227574306096437737e-03,-6.998638307464157817e-05,-6.998638307451719308e-05,-6.998638307481678525e-05,-6.998638307499200587e-05
1.869883132304230857e-03,0.000000000000000000e+00,7.369850399484870153e-05,-2.323529549712233971e-05,0.000000000000000000e+00,6.227574478351957481e-03,-5.806400736936749118e-05,-5.806400736924181860e-05,-5.806400736919715625e-05,-5.806400736936838565e-05
1.874882819823760986e-03,0.000000000000000000e+00,7.380664229499207232e-05,-2.357470280444716500e-05,0.000000000000000000e+00,6.227574054364178567e-03,-4.547716825029765115e-05,-4.547716825017155166e-05,-4.547716824926510443e-05,-4.547716824943131940e-05
1.879882507343291114e-03,0.000000000000000000e+00,7.417315211966665853e-05,-2.391386489242537146e-05,0.000000000000000000e+00,6.227572639727088806e-03,-3.259808819750845517e-05,-3.259808819738287746e-05,-3.259808819723421301e-05,-3.259808819739451230e-05
1.884882194862821025e-03,0.000000000000000000e+00,7.479385961754909939e-05,-2.425278176105695230e-05,0.000000000000000000e+00,6.227570110952469415e-03,-1.979427826714574260e-05,-1.979427826702153030e-05,-1.979427826795768127e-05,-1.979427826811119753e-05
1.889881882382351153e-03,0.000000000000000000e+00,7.565514757591960374e-05,-2.459145341034191430e-05,0.000000000000000000e+00,6.227567101181218610e-03,-7.448944727848390838e-06,-7.448944727726306285e-06,-7.448944728124094980e-06,-7.448944728270153953e-06
1.894881569901881065e-03,0.000000000000000000e+00,7.673567492385001973e-05,-2.492987984028024730e-05,0.000000000000000000e+00,6.227564823044515890e-03,4.086060961258512643e-06,4.086060961378036615e-06,4.086060961817823745e-06,4.086060961679668436e-06
1.899881257421411193e-03,0.000000000000000000e+00,7.800754535731419914e-05,-2.526806105087195468e-05,0.000000000000000000e+00,6.227564404357070933e-03,1.451994639671059018e-05,1.451994639682729268e-05,1.451994639684807887e-05,1.451994639671805931e-05
1.904880944940941104e-03,0.000000000000000000e+00,7.943657672864958160e-05,-2.560599704211704661e-05,0.000000000000000000e+00,6.227565874221094831e-03,2.358034815910923008e-05,2.358034815922296288e-05,2.358034815869659628e-05,2.358034815857475906e-05
1.909880632460471232e-03,0.000000000000000000e+00,8.098344759380980131e-05,-2.594368781401550954e-05,0.000000000000000000e+00,6.227568210554846294e-03,3.096926822088347952e-05,3.096926822099445439e-05,3.096926822088492964e-05,3.096926822077108164e-05
1.914880319980001144e-03,0.000000000000000000e+00,8.260698021609073818e-05,-2.628113336656735024e-05,0.000000000000000000e+00,6.227570107799681488e-03,3.641276597323591887e-05,3.641276597334446106e-05,3.641276597359362427e-05,3.641276597348739279e-05
1.919880007499531272e-03,0.000000000000000000e+00,8.426809953478049664e-05,-2.661833369977256871e-05,0.000000000000000000e+00,6.227570989069264838e-03,3.977364153809501374e-05,3.977364153820171278e-05,3.977364153787241348e-05,3.977364153777318865e-05
1.924879695019061183e-03,0.000000000000000000e+00,8.593209017125235836e-05,-2.695528881363116157e-05,0.000000000000000000e+00,6.227571263234145740e-03,4.110522161472516075e-05,4.110522161483051810e-05,4.110522161407453780e-05,4.110522161398183852e-05
1.929879382538591311e-03,0.000000000000000000e+00,8.756926757500422848e-05,-2.729199870814313220e-05,0.000000000000000000e+00,6.227571713238343708e-03,4.060617705725728054e-05,4.060617705736179763e-05,4.060617705743410714e-05,4.060617705734747261e-05
1.934879070058121439e-03,0.000000000000000000e+00,8.915648328255653646e-05,-2.762846338330847721e-05,0.000000000000000000e+00,6.227572768742542508e-03,3.856168357445853150e-05,3.856168357456271655e-05,3.856168357555682830e-05,3.856168357547577741e-05
1.939878757577651351e-03,0.000000000000000000e+00,9.068035612698919167e-05,-2.796468283912720000e-05,0.000000000000000000e+00,6.227574082022857734e-03,3.533157440852893836e-05,3.533157440863322505e-05,3.533157440912255260e-05,3.533157440904671266e-05
1.944878445097181479e-03,0.000000000000000000e+00,9.213982835494281896e-05,-2.830065707559930395e-05,0.000000000000000000e+00,6.227575082680987008e-03,3.132848117320675670e-05,3.132848117331150418e-05,3.132848117306731475e-05,3.132848117299634694e-05
1.949878132616711390e-03,0.000000000000000000e+00,9.354547785763624580e-05,-2.863638609272477551e-05,0.000000000000000000e+00,6.227575522790917278e-03,2.692897692593650594e-05,2.692897692604205980e-05,2.692897692652057920e-05,2.692897692645429718e-05
1.954877820136241302e-03,0.000000000000000000e+00,9.491615581112559561e-05,-2.897186989050363161e-05,0.000000000000000000e+00,6.227575685018816795e-03,2.238293898450595013e-05,2.238293898461260513e-05,2.238293898579117694e-05,2.238293898572940114e-05
1.959877507655771647e-03,0.000000000000000000e+00,9.627518846487668916e-05,-2.930710846893586210e-05,0.000000000000000000e+00,6.227575841091674558e-03,1.781730258621548553e-05,1.781730258632344496e-05,1.781730258660546288e-05,1.781730258654801711e-05
1.964877195175301558e-03,0.000000000000000000e+00,9.764651662793179341e-05,-2.964210182802146698e-05,0.000000000000000000e+00,6.227575712971151686e-03,1.330528110930799334e-05,1.330528110941743169e-05,1.330528110919209552e-05,1.330528110913892048e-05
1.969876882694831469e-03,0.000000000000000000e+00,9.904957536667443653e-05,-2.997684996776044962e-05,0.000000000000000000e+00,6.227574638941944969e-03,8.892107314873595072e-06,8.892107314984473379e-06,8.892107315848003140e-06,8.892107315799271640e-06
1.974876570214361381e-03,0.000000000000000000e+00,1.004936207846717297e-04,-3.031135288815280665e-05,0.000000000000000000e+00,6.227572158631172229e-03,4.561995994600178940e-06,4.561995994712192271e-06,4.561995995651002932e-06,4.561995995607153731e-06
1.979876257733891726e-03,0.000000000000000000e+00,1.019746449677402090e-04,-3.064561058919854146e-05,0.000000000000000000e+00,6.227568733679108084e-03,2.390861301679956933e-07,2.390861302806527694e-07,2.390861295020160385e-07,2.390861294636810214e-07
1.984875945253421637e-03,0.000000000000000000e+00,1.034766019357512669e-04,-3.097962307089765404e-05,0.000000000000000000e+00,6.227565598986874867e-03,-4.139318174713796760e-06,-4.139318174601236245e-06,-4.139318175898143638e-06,-4.139318175930066615e-06
1.989875632772951548e-03,0.000000000000000000e+00,1.049748438925175671e-04,-3.131339033325014100e-05,0.000000000000000000e+00,6.227564032826074861e-03,-8.560952425877620546e-06,-8.560952425766254348e-06,-8.560952426038013010e-06,-8.560952426062288975e-06
1.994875320292481893e-03,0.000000000000000000e+00,1.064387609268406748e-04,-3.164691237625600912e-05,0.000000000000000000e+00,6.227564328559494385e-03,-1.296233450536895621e-05,-1.296233450526019379e-05,-1.296233450570248051e-05,-1.296233450571750349e-05
1.999875007812011805e-03,0.000000000000000000e+00,1.078336804524726160e-04,-3.198018919991525163e-05,0.000000000000000000e+00,6.227565597849083617e-03,-1.728992897618748600e-05,-1.728992897608291470e-05,-1.728992897734756538e-05,-1.728992897735161420e-05
2.004874695331541716e-03,0.000000000000000000e+00,1.091242854253216097e-04,-3.231322080422786852e-05,0.000000000000000000e+00,6.227566589600780009e-03,-2.150747138978834435e-05,-2.150747138968966840e-05,-2.150747138998538793e-05,-2.150747138997663300e-05
2.009874382851071627e-03,0.000000000000000000e+00,1.102797744628077737e-04,-3.264600718919386657e-05,0.000000000000000000e+00,6.227566635931118012e-03,-2.555096761320431787e-05,-2.555096761311320084e-05,-2.555096761211859781e-05,-2.555096761209520276e-05
2.014874070370601972e-03,0.000000000000000000e+00,1.112778393233378806e-04,-3.297854835481323223e-05,0.000000000000000000e+00,6.227566148081559519e-03,-2.931112317913272747e-05,-2.931112317905093458e-05,-2.931112317887279338e-05,-2.931112317883288458e-05
2.019873757890131884e-03,0.000000000000000000e+00,1.121051306446667952e-04,-3.331084430108597905e-05,0.000000000000000000e+00,6.227566048341686908e-03,-3.267201377139217710e-05,-3.267201377132142613e-05,-3.267201377237323099e-05,-3.267201377231499578e-05
2.024873445409661795e-03,0.000000000000000000e+00,1.127554568737835025e-04,-3.364289502801210704e-05,0.000000000000000000e+00,6.227566979377350403e-03,-3.554213927638108386e-05,-3.554213927632303839e-05,-3.554213927682269974e-05,-3.554213927674442712e-05
2.029873132929191706e-03,0.000000000000000000e+00,1.132283049611869125e-04,-3.397470053559160263e-05,0.000000000000000000e+00,6.227568743901823120e-03,-3.782506104753035741e-05,-3.782506104748645400e-05,-3.782506104704573937e-05,-3.782506104694588435e-05
2.034872820448722051e-03,0.000000000000000000e+00,1.135277430241113535e-04,-3.430626082382447938e-05,0.000000000000000000e+00,6.227570671621172720e-03,-3.937372027739297693e-05,-3.937372027736465215e-05,-3.937372027712379664e-05,-3.937372027700101752e-05
2.039872507968251963e-03,0.000000000000000000e+00,1.136598597681714019e-04,-3.463757589271073052e-05,0.000000000000000000e+00,6.227572337765200153e-03,-4.000361580456177882e-05,-4.000361580455029983e-05,-4.000361580438691056e-05,-4.000361580423997406e-05
2.044872195487781874e-03,0.000000000000000000e+00,1.136290632610753527e-04,-3.496864574225036281e-05,0.000000000000000000e+00,6.227573792981143559e-03,-3.955483399626875463e-05,-3.955483399627528017e-05,-3.955483399514947852e-05,-3.955483399497721912e-05
2.049871883007312219e-03,0.000000000000000000e+00,1.134363751394672497e-04,-3.529947037244336949e-05,0.000000000000000000e+00,6.227575277099252349e-03,-3.792571012728564249e-05,-3.792571012731112124e-05,-3.792571012580781394e-05,-3.792571012560949303e-05
2.054871570526842130e-03,0.000000000000000000e+00,1.130812701512258088e-04,-3.563004978328975056e-05,0.000000000000000000e+00,6.227576578484497576e-03,-3.505956218216011545e-05,-3.505956218220525892e-05,-3.505956218201200666e-05,-3.505956218178715668e-05
2.059871258046372042e-03,0.000000000000000000e+00,1.125644186833089038e-04,-3.596038397478951279e-05,0.000000000000000000e+00,6.227577079306947927e-03,-3.095072395705217761e-05,-3.095072395711746691e-05,-3.095072395806990463e-05,-3.095072395781823420e-05
2.064870945565901953e-03,0.000000000000000000e+00,1.118882028253718509e-04,-3.629047294694264940e-05,0.000000000000000000e+00,6.227576211614818842e-03,-2.569784591288603155e-05,-2.569784591297177839e-05,-2.569784591316041263e-05,-2.569784591288196580e-05
2.069870633085432298e-03,0.000000000000000000e+00,1.110558459751637546e-04,-3.662031669974916040e-05,0.000000000000000000e+00,6.227574090909497422e-03,-1.952931457804340249e-05,-1.952931457814942391e-05,-1.952931457732156779e-05,-1.952931457701683583e-05
2.074870320604962209e-03,0.000000000000000000e+00,1.100721131801649598e-04,-3.694991523320904578e-05,0.000000000000000000e+00,6.227571534806126789e-03,-1.273832418783062872e-05,-1.273832418795649442e-05,-1.273832418785808275e-05,-1.273832418752785171e-05
2.079870008124492121e-03,0.000000000000000000e+00,1.089454781526962376e-04,-3.727926854732231232e-05,0.000000000000000000e+00,6.227569474328439880e-03,-5.589446158777202862e-06,-5.589446158922078530e-06,-5.589446159745375920e-06,-5.589446159390831645e-06
2.084869695644022032e-03,0.000000000000000000e+00,1.076885000296004378e-04,-3.760837664208896002e-05,0.000000000000000000e+00,6.227568368324850820e-03,1.701644130855437773e-06,1.701644130692632958e-06,1.701644130399349494e-06,1.701644130776793305e-06
2.089869383163552377e-03,0.000000000000000000e+00,1.063152059211139154e-04,-3.793723951750897533e-05,0.000000000000000000e+00,6.227567952686386202e-03,8.923673554943942194e-06,8.923673554764588049e-06,8.923673554481650246e-06,8.923673554880279197e-06
2.094869070683082288e-03,0.000000000000000000e+00,1.048384653680680030e-04,-3.826585717358237180e-05,0.000000000000000000e+00,6.227567799107521299e-03,1.585395931460126270e-05,1.585395931440711258e-05,1.585395931266463706e-05,1.585395931308243437e-05
2.099868758202612200e-03,0.000000000000000000e+00,1.032701796119395036e-04,-3.859422961030914266e-05,0.000000000000000000e+00,6.227567741825643273e-03,2.229901930526800071e-05,2.229901930506095198e-05,2.229901930336572057e-05,2.229901930380044837e-05
2.104868445722142545e-03,0.000000000000000000e+00,1.016230206223513600e-04,-3.892235682768928790e-05,0.000000000000000000e+00,6.227567998939858608e-03,2.812258437251113479e-05,2.812258437229327453e-05,2.812258437277551410e-05,2.812258437322492607e-05
2.109868133241672456e-03,0.000000000000000000e+00,9.991092054435856513e-05,-3.925023882572281430e-05,0.000000000000000000e+00,6.227568758630333198e-03,3.321726750376001892e-05,3.321726750353343422e-05,3.321726750467379128e-05,3.321726750513558009e-05
2.114867820761202367e-03,0.000000000000000000e+00,9.814868265799389093e-05,-3.957787560440971508e-05,0.000000000000000000e+00,6.227569810429922463e-03,3.746702913331061743e-05,3.746702913307752751e-05,3.746702913285164754e-05,3.746702913332347878e-05
2.119867508280732279e-03,0.000000000000000000e+00,9.635353129782705346e-05,-3.990526716374999026e-05,0.000000000000000000e+00,6.227570594368301952e-03,4.075463508621337844e-05,4.075463508597592462e-05,4.075463508566483313e-05,4.075463508614447062e-05
2.124867195800262624e-03,0.000000000000000000e+00,9.454888518039506417e-05,-4.023241350374364659e-05,0.000000000000000000e+00,6.227570548162639393e-03,4.299392111576659422e-05,4.299392111552684324e-05,4.299392111609820423e-05,4.299392111658355411e-05
2.129866883319792535e-03,0.000000000000000000e+00,9.276683408252883300e-05,-4.055931462439067053e-05,0.000000000000000000e+00,6.227569697227579130e-03,4.413843901029998581e-05,4.413843901005971306e-05,4.413843900974872322e-05,4.413843901023788813e-05
2.134866570839322446e-03,0.000000000000000000e+00,9.104665943902851130e-05,-4.088597052569108240e-05,0.000000000000000000e+00,6.227568630356251737e-03,4.417396384892790194e-05,4.417396384868879471e-05,4.417396384732210366e-05,4.417396384781338954e-05
2.139866258358852358e-03,0.000000000000000000e+00,8.943115750514949846e-05,-4.121238120764486866e-05,0.000000000000000000e+00,6.227568156445459184e-03,4.314262584216318303e-05,4.314262584192682018e-05,4.314262584198121325e-05,4.314262584247301413e-05
2.144865945878382703e-03,0.000000000000000000e+00,8.796395923723553903e-05,-4.153854667025202253e-05,0.000000000000000000e+00,6.227568647429983922e-03,4.119946515888192905e-05,4.119946515864960485e-05,4.119946516033085005e-05,4.119946516082184456e-05
2.149865633397912614e-03,0.000000000000000000e+00,8.668765520432236194e-05,-4.186446691351256434e-05,0.000000000000000000e+00,6.227569807045689465e-03,3.863515519997910789e-05,3.863515519975183879e-05,3.863515520062603777e-05,3.863515520111518914e-05
2.154865320917442525e-03,0.000000000000000000e+00,8.564010016500703953e-05,-4.219014193742647375e-05,0.000000000000000000e+00,6.227570982047610747e-03,3.581779292126778817e-05,3.581779292104627889e-05,3.581779292075158597e-05,3.581779292123810136e-05
2.159865008436972437e-03,0.000000000000000000e+00,8.484902356172386131e-05,-4.251557174199376433e-05,0.000000000000000000e+00,6.227571693100641438e-03,3.309746156173313424e-05,3.309746156151788623e-05,3.309746156173335786e-05,3.309746156221674262e-05
2.164864695956502782e-03,0.000000000000000000e+00,8.432873014795290499e-05,-4.284075632721442929e-05,0.000000000000000000e+00,6.227572053987856515e-03,3.075503893876230244e-05,3.075503893855349865e-05,3.075503893912269801e-05,3.075503893960266754e-05
2.169864383476032693e-03,0.000000000000000000e+00,8.408108871818049035e-05,-4.316569569308846864e-05,0.000000000000000000e+00,6.227572515156877889e-03,2.900655350877017629e-05,2.900655350856763378e-05,2.900655350809240086e-05,2.900655350856905002e-05
2.174864070995562604e-03,0.000000000000000000e+00,8.409820926277101821e-05,-4.349038983961589592e-05,0.000000000000000000e+00,6.227573437016717221e-03,2.800198834243473712e-05,2.800198834223810690e-05,2.800198834140005250e-05,2.800198834187372349e-05
2.179863758515092950e-03,0.000000000000000000e+00,8.436349038875777756e-05,-4.381483876679669081e-05,0.000000000000000000e+00,6.227574585281254495e-03,2.779292246887412877e-05,2.779292246868256041e-05,2.779292246921260314e-05,2.779292246968403119e-05
2.184863446034622861e-03,0.000000000000000000e+00,8.485194125373375954e-05,-4.413904247463086008e-05,0.000000000000000000e+00,6.227575292529196997e-03,2.832368066317890291e-05,2.832368066299158666e-05,2.832368066420475129e-05,2.832368066467459708e-05
2.189863133554152772e-03,0.000000000000000000e+00,8.553277341475020595e-05,-4.446300096311841052e-05,0.000000000000000000e+00,6.227575011761380015e-03,2.948710685532352350e-05,2.948710685513956828e-05,2.948710685483313208e-05,2.948710685530235446e-05
2.194862821073682684e-03,0.000000000000000000e+00,8.637367175104409395e-05,-4.478671423225933534e-05,0.000000000000000000e+00,6.227573727826412990e-03,3.119573245960875524e-05,3.119573245942715138e-05,3.119573245775290605e-05,3.119573245822237237e-05
2.199862508593213029e-03,0.000000000000000000e+00,8.734271681402732952e-05,-4.511018228205363454e-05,0.000000000000000000e+00,6.227571927563373654e-03,3.339978258165806940e-05,3.339978258147784112e-05,3.339978258051637064e-05,3.339978258098700925e-05
2.204862196112742940e-03,0.000000000000000000e+00,8.840643984265134862e-05,-4.543340511250131491e-05,0.000000000000000000e+00,6.227570095425191167e-03,3.606395572081376498e-05,3.606395572063409913e-05,3.606395572044344895e-05,3.606395572091603235e-05
2.209861883632272851e-03,0.000000000000000000e+00,8.952734462364255559e-05,-4.575638272360236288e-05,0.000000000000000000e+00,6.227568413837367318e-03,3.915838891151464650e-05,3.915838891133488578e-05,3.915838891044325825e-05,3.915838891091844373e-05
2.214861571151802763e-03,0.000000000000000000e+00,9.066421447943434641e-05,-4.607911511535679879e-05,0.000000000000000000e+00,6.227566704113162224e-03,4.266100092763232363e-05,4.266100092745185818e-05,4.266100092668763795e-05,4.266100092716595407e-05
2.219861258671333108e-03,0.000000000000000000e+00,9.177416582062560132e-05,-4.640160228776460231e-05,0.000000000000000000e+00,6.227564914311108264e-03,4.652212607800191983e-05,4.652212607782032274e-05,4.652212607876490000e-05,4.652212607924676688e-05
2.224860946190863019e-03,0.000000000000000000e+00,9.281373354981296787e-05,-4.672384424082578699e-05,0.000000000000000000e+00,6.227563466095392512e-03,5.059585556164554964e-05,5.059585556146237368e-05,5.059585556239562781e-05,5.059585556288128262e-05
2.229860633710392930e-03,0.000000000000000000e+00,9.373948344408040013e-05,-4.704584097454035283e-05,0.000000000000000000e+00,6.227563111069354430e-03,5.460782482257212805e-05,5.460782482238721737e-05,5.460782482121633323e-05,5.460782482170589794e-05
2.234860321229923275e-03,0.000000000000000000e+00,9.451097339444705138e-05,-4.736759248890828628e-05,0.000000000000000000e+00,6.227564391176590788e-03,5.819765495899995673e-05,5.819765495881331133e-05,5.819765495751627349e-05,5.819765495800960581e-05
2.239860008749453187e-03,0.000000000000000000e+00,9.509610987477438461e-05,-4.768909878392960089e-05,0.000000000000000000e+00,6.227567074128580703e-03,6.099485109048090683e-05,6.099485109029263513e-05,6.099485109108318114e-05,6.099485109157996258e-05
2.244859696268983098e-03,0.000000000000000000e+00,9.547517770986492036e-05,-4.801035985960428989e-05,0.000000000000000000e+00,6.227570227522721998e-03,6.267565700838178676e-05,6.267565700819218691e-05,6.267565700936987441e-05,6.267565700986958319e-05
2.249859383788513009e-03,0.000000000000000000e+00,9.564101303359121605e-05,-4.833137571593235326e-05,0.000000000000000000e+00,6.227572726744178520e-03,6.300491675306288939e-05,6.300491675287261191e-05,6.300491675311658451e-05,6.300491675361838038e-05
2.254859071308043354e-03,0.000000000000000000e+00,9.559733361522799924e-05,-4.865214635291379780e-05,0.000000000000000000e+00,6.227574022937648786e-03,6.189279569063140798e-05,6.189279569044127958e-05,6.189279569157385072e-05,6.189279569207662237e-05
2.259858758827573266e-03,0.000000000000000000e+00,9.535832608329428172e-05,-4.897267177054861673e-05,0.000000000000000000e+00,6.227574353205605866e-03,5.945248989528795718e-05,5.945248989509906883e-05,5.945248989716184478e-05,5.945248989766416920e-05
2.264858446347103177e-03,0.000000000000000000e+00,9.494874149936459451e-05,-4.929295196883681681e-05,0.000000000000000000e+00,6.227574337863731394e-03,5.600163693808977625e-05,5.600163693790338835e-05,5.600163693811548540e-05,5.600163693861586503e-05
2.269858133866633088e-03,0.000000000000000000e+00,9.440123178885164140e-05,-4.961298694777839128e-05,0.000000000000000000e+00,6.227574320619789008e-03,5.197836426223675037e-05,5.197836426205424526e-05,5.197836426052841367e-05,5.197836426102515444e-05
2.274857821386163433e-03,0.000000000000000000e+00,9.375075449732357495e-05,-4.993277670737334014e-05,0.000000000000000000e+00,6.227574031046336119e-03,4.781601644898393681e-05,4.781601644880679173e-05,4.781601644852075887e-05,4.781601644901213284e-05
2.279857508905693345e-03,0.000000000000000000e+00,9.303002196126170258e-05,-5.025232124762166338e-05,0.000000000000000000e+00,6.227573036167843162e-03,4.384841413365849578e-05,4.384841413348818117e-05,4.384841413444283474e-05,4.384841413492712075e-05
2.284857196425223256e-03,0.000000000000000000e+00,9.226875497869318793e-05,-5.057162056852336778e-05,0.000000000000000000e+00,6.227571333236017227e-03,4.026903665366670477e-05,4.026903665350463010e-05,4.026903665328408983e-05,4.026903665375971577e-05
2.289856883944753601e-03,0.000000000000000000e+00,9.149477170459412254e-05,-5.089067467007844656e-05,0.000000000000000000e+00,6.227569632119351294e-03,3.711724477747074390e-05,3.711724477731815600e-05,3.711724477618944733e-05,3.711724477665497663e-05
2.294856571464283512e-03,0.000000000000000000e+00,9.073391826078228595e-05,-5.120948355228689973e-05,0.000000000000000000e+00,6.227568849292460310e-03,3.428225938275582848e-05,3.428225938261385898e-05,3.428225938242219914e-05,3.428225938287634433e-05
2.299856258983813424e-03,0.000000000000000000e+00,9.000959964001000770e-05,-5.152804721514872728e-05,0.000000000000000000e+00,6.227569359931044678e-03,3.155434888557723748e-05,3.155434888544692994e-05,3.155434888542092264e-05,3.155434888586267404e-05
2.304855946503343335e-03,0.000000000000000000e+00,8.934454462732079852e-05,-5.184636565866393600e-05,0.000000000000000000e+00,6.227570679253260390e-03,2.872656087980808513e-05,2.872656087969031706e-05,2.872656087814351631e-05,2.872656087857198285e-05
2.309855634022873680e-03,0.000000000000000000e+00,8.876405009934000643e-05,-5.216443888283251910e-05,0.000000000000000000e+00,6.227571903199400141e-03,2.568845395362147392e-05,2.568845395351690940e-05,2.568845395166555626e-05,2.568845395208013146e-05
2.314855321542403591e-03,0.000000000000000000e+00,8.829679205578101200e-05,-5.248226688765448336e-05,0.000000000000000000e+00,6.227572560565204293e-03,2.245969107878903270e-05,2.245969107869811557e-05,2.245969107868194740e-05,2.245969107908221790e-05
2.319855009061933503e-03,0.000000000000000000e+00,8.797177162422160565e-05,-5.279984967312982200e-05,0.000000000000000000e+00,6.227572809876183273e-03,1.918173150409699927e-05,1.918173150402010223e-05,1.918173150492719659e-05,1.918173150531291845e-05
2.324854696581463414e-03,0.000000000000000000e+00,8.781455063181142415e-05,-5.311718723925853503e-05,0.000000000000000000e+00,6.227573051100098248e-03,1.610583461215849745e-05,1.610583461209586783e-05,1.610583461176877759e-05,1.610583461213986611e-05
2.329854384100993759e-03,0.000000000000000000e+00,8.784577441627173372e-05,-5.343427958604062922e-05,0.000000000000000000e+00,6.227573270762781256e-03,1.355935698585191044e-05,1.355935698580356011e-05,1.355935698495919023e-05,1.355935698531565050e-05
2.334854071620523670e-03,0.000000000000000000e+00,8.808074248362424911e-05,-5.375112671347609102e-05,0.000000000000000000e+00,6.227572948955165978e-03,1.185161057995826246e-05,1.185161057992408976e-05,1.185161058040107434e-05,1.185161058074319603e-05
2.339853759140053582e-03,0.000000000000000000e+00,8.852733522778972889e-05,-5.406772862156493397e-05,0.000000000000000000e+00,6.227571599182195501e-03,1.114927610403617408e-05,1.114927610401582157e-05,1.114927610471642624e-05,1.114927610504463796e-05
2.344853446659583927e-03,0.000000000000000000e+00,8.918306818018300588e-05,-5.438408531030715809e-05,0.000000000000000000e+00,6.227569397985144480e-03,1.140787927849081841e-05,1.140787927848382530e-05,1.140787927774583091e-05,1.140787927806061037e-05
2.349853134179113838e-03,0.000000000000000000e+00,9.003471570017376649e-05,-5.470019677970274982e-05,0.000000000000000000e+00,6.227567218040773629e-03,1.240132842750506802e-05,1.240132842751089052e-05,1.240132842714123518e-05,1.240132842744316177e-05
2.354852821698643749e-03,0.000000000000000000e+00,9.106143495855017610e-05,-5.501606302975172949e-05,0.000000000000000000e+00,6.227565802022641886e-03,1.380961035246938432e-05,1.380961035248735836e-05,1.380961035425110627e-05,1.380961035454078307e-05
2.359852509218173661e-03,0.000000000000000000e+00,9.223834692041624293e-05,-5.533168406045407676e-05,0.000000000000000000e+00,6.227565173337164077e-03,1.530864204699221832e-05,1.530864204702162392e-05,1.530864204855349317e-05,1.530864204883159102e-05
2.364852196737704006e-03,0.000000000000000000e+00,9.353803367380786706e-05,-5.564705987180980519e-05,0.000000000000000000e+00,6.227564704500850555e-03,1.664587148344345494e-05,1.664587148348355348e-05,1.664587148285024049e-05,1.664587148311736758e-05
2.369851884257233917e-03,0.000000000000000000e+00,9.493137500216593315e-05,-5.596219046381890801e-05,0.000000000000000000e+00,6.227563957001098355e-03,1.770312166709770514e-05,1.770312166714783255e-05,1.770312166658635135e-05,1.770312166684303621e-05
2.374851571776763828e-03,0.000000000000000000e+00,9.639022984354202986e-05,-5.627707583648138522e-05,0.000000000000000000e+00,6.227563339252994816e-03,1.852861303128470756e-05,1.852861303134430818e-05,1.852861303201926808e-05,1.852861303226592407e-05
2.379851259296293740e-03,0.000000000000000000e+00,9.789087687365685556e-05,-5.659171598979724358e-05,0.000000000000000000e+00,6.227563948744136400e-03,1.931241949393758356e-05,1.931241949400620679e-05,1.931241949349728567e-05,1.931241949373421773e-05
2.384850946815824085e-03,0.000000000000000000e+00,9.941454087006738253e-05,-5.690611092376647633e-05,0.000000000000000000e+00,6.227566642641556641e-03,2.030906392848189789e-05,2.030906392855927944e-05,2.030906392675484176e-05,2.030906392698210070e-05
2.389850634335353996e-03,0.000000000000000000e+00,1.009441564041837000e-04,-5.722026063838907668e-05,0.000000000000000000e+00,6.227571043223257760e-03,2.174502293052856563e-05,2.174502293061469872e-05,2.174502293055316347e-05,2.174502293077066798e-05
2.394850321854883907e-03,0.000000000000000000e+00,1.024608607107471052e-04,-5.753416513366506498e-05,0.000000000000000000e+00,6.227575603086708995e-03,2.374668159444205288e-05,2.374668159453713063e-05,2.374668159587436526e-05,2.374668159608181380e-05
2.399850009374414252e-03,0.000000000000000000e+00,1.039432297913349716e-04,-5.784782440959442766e-05,0.000000000000000000e+00,6.227578524175654377e-03,2.629286040656422137e-05,2.629286040666863343e-05,2.629286040618422206e-05,2.629286040638116061e-05
2.404849696893944164e-03,0.000000000000000000e+00,1.053680800302010244e-04,-5.816123846617716472e-05,0.000000000000000000e+00,6.227578959820909490e-03,2.918442384122079441e-05,2.918442384133514047e-05,2.918442383953659137e-05,2.918442383972236263e-05
2.409849384413474075e-03,0.000000000000000000e+00,1.067104678273106497e-04,-5.847440730341328294e-05,0.000000000000000000e+00,6.227577297498540325e-03,3.205089682530806744e-05,3.205089682543302851e-05,3.205089682514591822e-05,3.205089682531974971e-05
2.414849071933003986e-03,0.000000000000000000e+00,1.079438300280016999e-04,-5.878733092130276878e-05,0.000000000000000000e+00,6.227574581054416865e-03,3.442787649298396024e-05,3.442787649312052228e-05,3.442787649360140660e-05,3.442787649376234963e-05
2.419848759452534331e-03,0.000000000000000000e+00,1.090429421311127795e-04,-5.910000931984564254e-05,0.000000000000000000e+00,6.227571687688599096e-03,3.589096425845488599e-05,3.589096425860400445e-05,3.589096425770202278e-05,3.589096425784904737e-05
2.424848446972064243e-03,0.000000000000000000e+00,1.099889856085036572e-04,-5.941244249904188392e-05,0.000000000000000000e+00,6.227568953013400133e-03,3.617232229173848203e-05,3.617232229190134953e-05,3.617232229087797787e-05,3.617232229100983718e-05
2.429848134491594154e-03,0.000000000000000000e+00,1.107725773661016270e-04,-5.972463045889149968e-05,0.000000000000000000e+00,6.227566554463194459e-03,3.520169322443165858e-05,3.520169322460942030e-05,3.520169322526712444e-05,3.520169322538255132e-05
2.434847822011124065e-03,0.000000000000000000e+00,1.113927390145357985e-04,-6.003657319939450338e-05,0.000000000000000000e+00,6.227564953336303666e-03,3.308498959491189891e-05,3.308498959510579492e-05,3.308498959574683623e-05,3.308498959584452284e-05
2.439847509530654410e-03,0.000000000000000000e+00,1.118544763958413717e-04,-6.034827072055087469e-05,0.000000000000000000e+00,6.227564904206056053e-03,3.005839807239343056e-05,3.005839807260468396e-05,3.005839807135784808e-05,3.005839807143636125e-05
2.444847197050184322e-03,0.000000000000000000e+00,1.121679265243677654e-04,-6.065972302236062716e-05,0.000000000000000000e+00,6.227566676759524640e-03,2.641832741018655824e-05,2.641832741041635489e-05,2.641832740903434271e-05,2.641832740909232042e-05
2.449846884569714233e-03,0.000000000000000000e+00,1.123478901547189516e-04,-6.097093010482375401e-05,0.000000000000000000e+00,6.227569547396364855e-03,2.241722994015962425e-05,2.241722994040907545e-05,2.241722994092468473e-05,2.241722994096079206e-05
2.454846572089244578e-03,0.000000000000000000e+00,1.124107736253978902e-04,-6.128189196794026202e-05,0.000000000000000000e+00,6.227572109014169882e-03,1.816230278490657649e-05,1.816230278517652589e-05,1.816230278609851786e-05,1.816230278611163671e-05
2.459846259608774489e-03,0.000000000000000000e+00,1.123694003312271605e-04,-6.159260861171014442e-05,0.000000000000000000e+00,6.227573250063256696e-03,1.357590498575471026e-05,1.357590498604580160e-05,1.357590498552557260e-05,1.357590498551470347e-05
2.464845947128304401e-03,0.000000000000000000e+00,1.122295374575821004e-04,-6.190308003613339443e-05,0.000000000000000000e+00,6.227572984708360654e-03,8.429349456699382145e-06,8.429349457011927138e-06,8.429349456513205997e-06,8.429349456477681435e-06
2.469845634647834312e-03,0.000000000000000000e+00,1.119902316589403658e-04,-6.221330624121002560e-05,0.000000000000000000e+00,6.227572317421916671e-03,2.415700352360498088e-06,2.415700352694549248e-06,2.415700353629361913e-06,2.415700353568873596e-06
2.474845322167364657e-03,0.000000000000000000e+00,1.116459574730320855e-04,-6.252328722694003792e-05,0.000000000000000000e+00,6.227572340888929726e-03,-4.761462740689875309e-06,-4.761462740334731335e-06,-4.761462739985494569e-06,-4.761462740070966122e-06
2.479845009686894568e-03,0.000000000000000000e+00,1.111882156553788289e-04,-6.283302299332341786e-05,0.000000000000000000e+00,6.227573222255051305e-03,-1.328434089723413222e-05,-1.328434089685860017e-05,-1.328434089836657292e-05,-1.328434089847664655e-05
2.484844697206424480e-03,0.000000000000000000e+00,1.106074757684257209e-04,-6.314251354036019251e-05,0.000000000000000000e+00,6.227574192387333972e-03,-2.312191444409031907e-05,-2.312191444369542554e-05,-2.312191444447964930e-05,-2.312191444461368379e-05
2.489844384725954391e-03,0.000000000000000000e+00,1.098973377154035294e-04,-6.345175886805032122e-05,0.000000000000000000e+00,6.227574291543127791e-03,-3.398037029381456922e-05,-3.398037029340158306e-05,-3.398037029226228987e-05,-3.398037029241931622e-05
2.494844072245484736e-03,0.000000000000000000e+00,1.090593137657285824e-04,-6.376075897639383108e-05,0.000000000000000000e+00,6.227573200889362573e-03,-4.532895337903057153e-05,-4.532895337860102418e-05,-4.532895337838868319e-05,-4.532895337856740714e-05
2.499843759765014647e-03,0.000000000000000000e+00,1.081040632443157432e-04,-6.406951386539072211e-05,0.000000000000000000e+00,6.227571375085005911e-03,-5.648370094958318820e-05,-5.648370094913886860e-05,-5.648370095065662966e-05,-5.648370095085559432e-05
2.504843447284544559e-03,0.000000000000000000e+00,1.070478979489794752e-04,-6.437802353504099430e-05,0.000000000000000000e+00,6.227569502110740646e-03,-6.671331943491753274e-05,-6.671331943446031114e-05,-6.671331943473388245e-05,-6.671331943495145472e-05
2.509843134804074904e-03,0.000000000000000000e+00,1.059081743442249731e-04,-6.468628798534463409e-05,0.000000000000000000e+00,6.227567988050562199e-03,-7.534607547017568852e-05,-7.534607546970744870e-05,-7.534607546865937757e-05,-7.534607546889383629e-05
2.514842822323604815e-03,0.000000000000000000e+00,1.047010162043194204e-04,-6.499430721630165505e-05,0.000000000000000000e+00,6.227566880678519178e-03,-8.187190351834252981e-05,-8.187190351786525046e-05,-8.187190351863611821e-05,-8.187190351888567444e-05
2.519842509843134726e-03,0.000000000000000000e+00,1.034403794790871364e-04,-6.530208122791205717e-05,0.000000000000000000e+00,6.227566263029681720e-03,-8.602646002786061888e-05,-8.602646002737635998e-05,-8.602646002938541371e-05,-8.602646002964825143e-05
2.524842197362664638e-03,0.000000000000000000e+00,1.021359091651854214e-04,-6.560961002017582689e-05,0.000000000000000000e+00,6.227566437575458858e-03,-8.782495961925367999e-05,-8.782495961876454218e-05,-8.782495961890280506e-05,-8.782495961917695913e-05
2.529841884882194983e-03,0.000000000000000000e+00,1.007905263875261126e-04,-6.591689359309297778e-05,0.000000000000000000e+00,6.227567734724518897e-03,-8.751809417326818056e-05,-8.751809417277602054e-05,-8.751809417212956499e-05,-8.751809417241328715e-05
2.534841572401724894e-03,0.000000000000000000e+00,9.940102620661148537e-05,-6.622393194666350983e-05,0.000000000000000000e+00,6.227570016479453199e-03,-8.548387627860815486e-05,-8.548387627811473446e-05,-8.548387627941351379e-05,-8.548387627970515062e-05
2.539841259921254805e-03,0.000000000000000000e+00,9.796182659971073680e-05,-6.653072508088742304e-05,0.000000000000000000e+00,6.227572479803615037e-03,-8.210917181623738107e-05,-8.210917181574440790e-05,-8.210917181734965053e-05,-8.210917181764772481e-05
2.544840947440784717e-03,0.000000000000000000e+00,9.646814681398322398e-05,-6.683727299576469030e-05,0.000000000000000000e+00,6.227574061230357200e-03,-7.770766949253619092e-05,-7.770766949204512865e-05,-7.770766949156198105e-05,-7.770766949186501556e-05
2.549840634960315062e-03,0.000000000000000000e+00,9.491646242029413776e-05,-6.714357569129535228e-05,0.000000000000000000e+00,6.227574115852651734e-03,-7.248517905029261280e-05,-7.248517904980458630e-05,-7.248517904911546740e-05,-7.248517904942243214e-05
2.554840322479844973e-03,0.000000000000000000e+00,9.330456536644755969e-05,-6.744963316747938187e-05,0.000000000000000000e+00,6.227572844631078415e-03,-6.654953487468584560e-05,-6.654953487420178998e-05,-6.654953487522031661e-05,-6.654953487553029001e-05
2.559840009999374884e-03,0.000000000000000000e+00,9.163377650665592642e-05,-6.775544542431679261e-05,0.000000000000000000e+00,6.227571055950724410e-03,-5.996611445086737078e-05,-5.996611445038786204e-05,-5.996611445104427191e-05,-5.996611445135675931e-05
2.564839697518905230e-03,0.000000000000000000e+00,8.991150502901371262e-05,-6.806101246180758452e-05,0.000000000000000000e+00,6.227569546589806909e-03,-5.283894019456342325e-05,-5.283894019408878664e-05,-5.283894019283158646e-05,-5.283894019314623548e-05
2.569839385038435141e-03,0.000000000000000000e+00,8.815043100849839709e-05,-6.836633427995174404e-05,0.000000000000000000e+00,6.227568568792150698e-03,-4.536869758565977245e-05,-4.536869758519002831e-05,-4.536869758420197454e-05,-4.536869758451891394e-05
2.574839072557965052e-03,0.000000000000000000e+00,8.636433499724389528e-05,-6.867141087874928471e-05,0.000000000000000000e+00,6.227567905224104701e-03,-3.785900722819837759e-05,-3.785900722773313966e-05,-3.785900722846005656e-05,-3.785900722877965903e-05
2.579838760077494964e-03,0.000000000000000000e+00,8.456452939142376324e-05,-6.897624225820019300e-05,0.000000000000000000e+00,6.227567326552787240e-03,-3.069272616753244048e-05,-3.069272616707103115e-05,-3.069272616748880812e-05,-3.069272616781177162e-05
2.584838447597025309e-03,0.000000000000000000e+00,8.275939336156533767e-05,-6.928082841830448244e-05,0.000000000000000000e+00,6.227566925801908577e-03,-2.430454467631383401e-05,-2.430454467585550110e-05,-2.430454467477896288e-05,-2.430454467510618865e-05
2.589838135116555220e-03,0.000000000000000000e+00,8.095539358220186382e-05,-6.958516935906215305e-05,0.000000000000000000e+00,6.227567025100909023e-03,-1.913465134952753335e-05,-1.913465134907118927e-05,-1.913465134856469406e-05,-1.913465134889738150e-05
2.594837822636085131e-03,0.000000000000000000e+00,7.915752534163593044e-05,-6.988926508047320482e-05,0.000000000000000000e+00,6.227567728070198573e-03,-1.554109707098552613e-05,-1.554109707052993422e-05,-1.554109707156793921e-05,-1.554109707190745712e-05
2.599837510155615043e-03,0.000000000000000000e+00,7.737032086713026920e-05,-7.019311558253761064e-05,0.000000000000000000e+00,6.227568634508524881e-03,-1.369509497949092342e-05,-1.369509497903470470e-05,-1.369509497936472229e-05,-1.369509497971261397e-05
2.604837197675145388e-03,0.000000000000000000e+00,7.560140629869460920e-05,-7.049672086525541118e-05,0.000000000000000000e+00,6.227569091359139511e-03,-1.351200088187586647e-05,-1.351200088141762842e-05,-1.351200088031998214e-05,-1.351200088067781460e-05
2.609836885194675299e-03,0.000000000000000000e+00,7.386594091293618622e-05,-7.080008092862659288e-05,0.000000000000000000e+00,6.227568870190595962e-03,-1.464570453204150477e-05,-1.464570453157999717e-05,-1.464570453171376400e-05,-1.464570453208304665e-05
2.614836572714205210e-03,0.000000000000000000e+00,7.218775450596252830e-05,-7.110319577265114218e-05,0.000000000000000000e+00,6.227568490751758841e-03,-1.654386454987723915e-05,-1.654386454941127616e-05,-1.654386455134549961e-05,-1.654386455172759279e-05
2.619836260233735555e-03,0.000000000000000000e+00,7.059619058479745511e-05,-7.140606539732907265e-05,0.000000000000000000e+00,6.227568873525286125e-03,-1.855675405148022217e-05,-1.855675405100878735e-05,-1.855675405181906245e-05,-1.855675405221530447e-05
2.624835947753265467e-03,0.000000000000000000e+00,6.912239122113989528e-05,-7.170868980266038428e-05,0.000000000000000000e+00,6.227570583984863052e-03,-2.008220445894544934e-05,-2.008220445846777696e-05,-2.008220445790258237e-05,-2.008220445831390157e-05
2.629835635272795378e-03,0.000000000000000000e+00,6.779810524568544790e-05,-7.201106898864506351e-05,0.000000000000000000e+00,6.227573318182867343e-03,-2.070046343780727966e-05,-2.070046343732295977e-05,-2.070046343838591836e-05,-2.070046343881299915e-05
2.634835322792325289e-03,0.000000000000000000e+00,6.665524194435500397e-05,-7.231320295528311036e-05,0.000000000000000000e+00,6.227576065733198690e-03,-2.024614426921326720e-05,-2.024614426872221848e-05,-2.024614427101116917e-05,-2.024614427145431987e-05
2.639835010311855634e-03,0.000000000000000000e+00,6.572294591024122610e-05,-7.261509170257455191e-05,0.000000000000000000e+00,6.227577792661961875e-03,-1.880027824622320450e-05,-1.880027824572554892e-05,-1.880027824605840915e-05,-1.880027824651768058e-05
2.644834697831385546e-03,0.000000000000000000e+00,6.502302866268923733e-05,-7.291673523051936108e-05,0.000000000000000000e+00,6.227578075060075449e-03,-1.662666642181217377e-05,-1.662666642130841617e-05,-1.662666642050995548e-05,-1.662666642098503932e-05
2.649834385350915457e-03,0.000000000000000000e+00,6.456753267944679653e-05,-7.321813353911755140e-05,0.000000000000000000e+00,6.227577133415107720e-03,-1.408613450709719918e-05,-1.408613450658818151e-05,-1.408613450745647837e-05,-1.408613450794664448e-05
2.654834072870445368e-03,0.000000000000000000e+00,6.435945215977436934e-05,-7.351928662836910934e-05,0.000000000000000000e+00,6.227575448359555163e-03,-1.154780489013783296e-05,-1.154780488962479866e-05,-1.154780489055557437e-05,-1.154780489105974193e-05
2.659833760389975713e-03,0.000000000000000000e+00,6.439387458689313287e-05,-7.382019449827404844e-05,0.000000000000000000e+00,6.227573355488686367e-03,-9.306466495306442834e-06,-9.306466494790843714e-06,-9.306466493297890546e-06,-9.306466493814678900e-06
2.664833447909505625e-03,0.000000000000000000e+00,6.465799348818011144e-05,-7.412085714883236869e-05,0.000000000000000000e+00,6.227571058360760990e-03,-7.521278312059340149e-06,-7.521278311542953289e-06,-7.521278309875011585e-06,-7.521278310402670759e-06
2.669833135429035536e-03,0.000000000000000000e+00,6.513204675860929916e-05,-7.442127458004405656e-05,0.000000000000000000e+00,6.227568851714137751e-03,-6.199039648563186384e-06,-6.199039648048087861e-06,-6.199039648488954111e-06,-6.199039649025474944e-06
2.674832822948565881e-03,0.000000000000000000e+00,6.579272581353177724e-05,-7.472144679190912558e-05,0.000000000000000000e+00,6.227567162355888107e-03,-5.231279687952001405e-06,-5.231279687440573922e-06,-5.231279687656480080e-06,-5.231279688199506973e-06
2.679832510468095792e-03,0.000000000000000000e+00,6.661644979264968688e-05,-7.502137378442757577e-05,0.000000000000000000e+00,6.227566320183152912e-03,-4.461655223467444323e-06,-4.461655222962155289e-06,-4.461655221252866518e-06,-4.461655221799792304e-06
2.684832197987625704e-03,0.000000000000000000e+00,6.757892870004351266e-05,-7.532105555759939356e-05,0.000000000000000000e+00,6.227566277448866316e-03,-3.747775562801929298e-06,-3.747775562305322351e-06,-3.747775561076643463e-06,-3.747775561624794058e-06
2.689831885507155615e-03,0.000000000000000000e+00,6.865177208134841641e-05,-7.562049211142457897e-05,0.000000000000000000e+00,6.227566621658485457e-03,-3.006832300073040092e-06,-3.006832299587759670e-06,-3.006832300050032983e-06,-3.006832300596635202e-06
2.694831573026685960e-03,0.000000000000000000e+00,6.980044626713919828e-05,-7.591968344590315908e-05,0.000000000000000000e+00,6.227566842235180387e-03,-2.253347993616399445e-06,-2.253347993145051020e-06,-2.253347993027237208e-06,-2.253347993569494148e-06
2.699831260546215871e-03,0.000000000000000000e+00,7.098574394368791548e-05,-7.621862956103512036e-05,0.000000000000000000e+00,6.227566825707546959e-03,-1.615575857168289589e-06,-1.615575856713331252e-06,-1.615575855370258871e-06,-1.615575855905541342e-06
2.704830948065745783e-03,0.000000000000000000e+00,7.216668937495675034e-05,-7.651733045682044924e-05,0.000000000000000000e+00,6.227566994926406370e-03,-1.299706723901317972e-06,-1.299706723465038406e-06,-1.299706723236229396e-06,-1.299706723761901431e-06
2.709830635585275694e-03,0.000000000000000000e+00,7.330265394294055339e-05,-7.681578613325914574e-05,0.000000000000000000e+00,6.227567953217185565e-03,-1.507068505227014926e-06,-1.507068504811624887e-06,-1.507068506112442183e-06,-1.507068506626171053e-06
2.714830323104806039e-03,0.000000000000000000e+00,7.435575818627200031e-05,-7.711399659035123694e-05,0.000000000000000000e+00,6.227569911022200894e-03,-2.352845243269700853e-06,-2.352845242877101082e-06,-2.352845243332957274e-06,-2.352845243832493260e-06
2.719830010624335950e-03,0.000000000000000000e+00,7.529542612614806990e-05,-7.741196182809669576e-05,0.000000000000000000e+00,6.227572419095409213e-03,-3.817811487573105834e-06,-3.817811487205080182e-06,-3.817811486454470078e-06,-3.817811486937732867e-06
2.724829698143865862e-03,0.000000000000000000e+00,7.610361294004003166e-05,-7.770968184649552218e-05,0.000000000000000000e+00,6.227574646879114988e-03,-5.723256534760921875e-06,-5.723256534419018720e-06,-5.723256534812087748e-06,-5.723256535277215562e-06
2.729829385663395773e-03,0.000000000000000000e+00,7.677705707443214904e-05,-7.800715664554774332e-05,0.000000000000000000e+00,6.227575819726028326e-03,-7.729894034038883527e-06,-7.729894033724385276e-06,-7.729894035463509935e-06,-7.729894035908967950e-06
2.734829073182926118e-03,0.000000000000000000e+00,7.732566840198258856e-05,-7.830438622525333207e-05,0.000000000000000000e+00,6.227575628343785807e-03,-9.394542595512548998e-06,-9.394542595226458538e-06,-9.394542595779933582e-06,-9.394542596204458025e-06
2.739828760702456029e-03,0.000000000000000000e+00,7.776988820473605863e-05,-7.860137058561228842e-05,0.000000000000000000e+00,6.227574174317292849e-03,-1.028822042764699310e-05,-1.028822042739006260e-05,-1.028822042659693821e-05,-1.028822042699953467e-05
2.744828448221985941e-03,0.000000000000000000e+00,7.813896604737365027e-05,-7.889810972662462593e-05,0.000000000000000000e+00,6.227571785283822665e-03,-1.010982526220144531e-05,-1.010982526197398477e-05,-1.010982526230268438e-05,-1.010982526268282938e-05
2.749828135741516286e-03,0.000000000000000000e+00,7.846831681315318040e-05,-7.919460364829034461e-05,0.000000000000000000e+00,6.227568808546034979e-03,-8.727668465342398407e-06,-8.727668465144311282e-06,-8.727668466226816001e-06,-8.727668466584423147e-06
2.754827823261046197e-03,0.000000000000000000e+00,7.879382645298890590e-05,-7.949085235060944445e-05,0.000000000000000000e+00,6.227565723487802664e-03,-6.156217657662040551e-06,-6.156217657492803368e-06,-6.156217656619675876e-06,-6.156217656955094994e-06
2.759827510780576108e-03,0.000000000000000000e+00,7.914495289241525549e-05,-7.978685583358191189e-05,0.000000000000000000e+00,6.227563356347211483e-03,-2.522103355309263964e-06,-2.522103355168088983e-06,-2.522103353182996967e-06,-2.522103353496902295e-06
2.764827198300106020e-03,0.000000000000000000e+00,7.954057973555039211e-05,-8.008261409720774694e-05,0.000000000000000000e+00,6.227562625658260298e-03,1.958378502070918584e-06,1.958378502185051192e-06,1.958378502420888881e-06,1.958378502127556289e-06
2.769826885819636365e-03,0.000000000000000000e+00,7.998861030988977782e-05,-8.037812714148697671e-05,0.000000000000000000e+00,6.227563974651272212e-03,7.009388090161253011e-06,7.009388090249610406e-06,7.009388089941507254e-06,7.009388089667532753e-06
2.774826573339166276e-03,0.000000000000000000e+00,8.048695355088069975e-05,-8.067339496641957408e-05,0.000000000000000000e+00,6.227566889031732264e-03,1.234206739533994773e-05,1.234206739540375811e-05,1.234206739710435294e-05,1.234206739684849308e-05
2.779826260858696187e-03,0.000000000000000000e+00,8.102462462310040998e-05,-8.096841757200553906e-05,0.000000000000000000e+00,6.227570259705200902e-03,1.769734085605730424e-05,1.769734085609779242e-05,1.769734085795534922e-05,1.769734085771631314e-05
2.784825948378226099e-03,0.000000000000000000e+00,8.158441033129228365e-05,-8.126319495824489876e-05,0.000000000000000000e+00,6.227572991097733192e-03,2.287011000465060100e-05,2.287011000466888675e-05,2.287011000441218495e-05,2.287011000418891045e-05
2.789825635897756444e-03,0.000000000000000000e+00,8.214767709725682781e-05,-8.155772712513762606e-05,0.000000000000000000e+00,6.227574627224065698e-03,2.772580232374345332e-05,2.772580232374039383e-05,2.772580232365634445e-05,2.772580232344779139e-05
2.794825323417286355e-03,0.000000000000000000e+00,8.269856070449907968e-05,-8.185201407268373453e-05,0.000000000000000000e+00,6.227575422863319832e-03,3.221857944988782058e-05,3.221857944986432050e-05,3.221857945175247891e-05,3.221857945155776976e-05
2.799825010936816266e-03,0.000000000000000000e+00,8.322457854449234413e-05,-8.214605580088321060e-05,0.000000000000000000e+00,6.227575813323649699e-03,3.638942689568411964e-05,3.638942689564084643e-05,3.638942689690803482e-05,3.638942689672637675e-05
2.804824698456346611e-03,0.000000000000000000e+00,8.371452694374215879e-05,-8.243985230973608139e-05,0.000000000000000000e+00,6.227575871932771595e-03,4.031489728821996974e-05,4.031489728815754680e-05,4.031489728741730776e-05,4.031489728724803670e-05
2.809824385975876523e-03,0.000000000000000000e+00,8.415707115017971574e-05,-8.273340359924231978e-05,0.000000000000000000e+00,6.227575264963742738e-03,4.402462642569861657e-05,4.402462642561748437e-05,4.402462642531465315e-05,4.402462642515726765e-05
2.814824073495406434e-03,0.000000000000000000e+00,8.454143444180561211e-05,-8.302670966940192579e-05,0.000000000000000000e+00,6.227573937244455793e-03,4.745522781776391328e-05,4.745522781766451227e-05,4.745522781846061482e-05,4.745522781831463377e-05
2.819823761014936345e-03,0.000000000000000000e+00,8.485846714339218542e-05,-8.331977052021491295e-05,0.000000000000000000e+00,6.227572330289545509e-03,5.048165392242413754e-05,5.048165392230679976e-05,5.048165392181573749e-05,5.048165392168063234e-05
2.824823448534466690e-03,0.000000000000000000e+00,8.510062562723958455e-05,-8.361258615168128128e-05,0.000000000000000000e+00,6.227571139207449709e-03,5.298470987031909496e-05,5.298470987018403725e-05,5.298470986835805105e-05,5.298470986823365918e-05
2.829823136053996602e-03,0.000000000000000000e+00,8.526195850305757313e-05,-8.390515656380101721e-05,0.000000000000000000e+00,6.227570666641466836e-03,5.488642733934972080e-05,5.488642733919693638e-05,5.488642733854856993e-05,5.488642733843483712e-05
2.834822823573526513e-03,0.000000000000000000e+00,8.533967488800458926e-05,-8.419748175657413430e-05,0.000000000000000000e+00,6.227570592195180894e-03,5.614945431614390994e-05,5.614945431597323619e-05,5.614945431651823752e-05,5.614945431641528575e-05
2.839822511093056424e-03,0.000000000000000000e+00,8.533647445224208574e-05,-8.448956173000063256e-05,0.000000000000000000e+00,6.227570249233801113e-03,5.678650678979764920e-05,5.678650678960876086e-05,5.678650678914703981e-05,5.678650678905514690e-05
2.844822198612586769e-03,0.000000000000000000e+00,8.526138009379948858e-05,-8.478139648408049842e-05,0.000000000000000000e+00,6.227569149628030092e-03,5.688375268795253759e-05,5.688375268774508228e-05,5.688375268650728254e-05,5.688375268642692961e-05
2.849821886132116681e-03,0.000000000000000000e+00,8.512862917880927461e-05,-8.507298601881374545e-05,0.000000000000000000e+00,6.227567553298381763e-03,5.659150360840726926e-05,5.659150360818066423e-05,5.659150360838416220e-05,5.659150360831591845e-05
2.854821573651646592e-03,0.000000000000000000e+00,8.495639759909656826e-05,-8.536433033420036008e-05,0.000000000000000000e+00,6.227566225641635068e-03,5.607477695744323950e-05,5.607477695719690199e-05,5.607477695867220299e-05,5.607477695861683414e-05
2.859821261171176937e-03,0.000000000000000000e+00,8.476628582970003158e-05,-8.565542943024036942e-05,0.000000000000000000e+00,6.227565897753458389e-03,5.547910800899611740e-05,5.547910800872961373e-05,5.547910800937856294e-05,5.547910800933662464e-05
2.864820948690706848e-03,0.000000000000000000e+00,8.458208446124151935e-05,-8.594628330693374638e-05,0.000000000000000000e+00,6.227566688940465792e-03,5.493762843276418003e-05,5.493762843247724592e-05,5.493762843256146133e-05,5.493762843253350246e-05
2.869820636210236760e-03,0.000000000000000000e+00,8.442649782048479402e-05,-8.623689196428049094e-05,0.000000000000000000e+00,6.227568331221582446e-03,5.456915084644189018e-05,5.456915084613430202e-05,5.456915084762344693e-05,5.456915084760991473e-05
2.874820323729766671e-03,0.000000000000000000e+00,8.431731443892857510e-05,-8.652725540228061666e-05,0.000000000000000000e+00,6.227570458063346782e-03,5.442700568864615430e-05,5.442700568831800696e-05,5.442700569043912653e-05,5.442700569044028528e-05
2.879820011249297016e-03,0.000000000000000000e+00,8.426570441774214792e-05,-8.681737362093412355e-05,0.000000000000000000e+00,6.227572646518231975e-03,5.444311728358809481e-05,5.444311728323968644e-05,5.444311728369497682e-05,5.444311728371097558e-05
2.884819698768826927e-03,0.000000000000000000e+00,8.427705110946543472e-05,-8.710724662024101159e-05,0.000000000000000000e+00,6.227574412189977072e-03,5.443294123004793197e-05,5.443294122967981145e-05,5.443294122950159572e-05,5.443294122953219055e-05
2.889819386288356839e-03,0.000000000000000000e+00,8.435244376087993863e-05,-8.739687440020126724e-05,0.000000000000000000e+00,6.227575098925473666e-03,5.415262421199062829e-05,5.415262421160355456e-05,5.415262421314924739e-05,5.415262421319403172e-05
2.894819073807886750e-03,0.000000000000000000e+00,8.448979932661407756e-05,-8.768625696081491761e-05,0.000000000000000000e+00,6.227574157790271778e-03,5.335024951651498929e-05,5.335024951610994491e-05,5.335024951791739124e-05,5.335024951797578231e-05
2.899818761327417095e-03,0.000000000000000000e+00,8.468553745406858825e-05,-8.797539430208192203e-05,0.000000000000000000e+00,6.227571472690883285e-03,5.179633166459043491e-05,5.179633166416854474e-05,5.179633166387227294e-05,5.179633166394353213e-05
2.904818448846947006e-03,0.000000000000000000e+00,8.493731135647174994e-05,-8.826428642400230761e-05,0.000000000000000000e+00,6.227567946403782424e-03,4.932969648061164296e-05,4.932969648017435034e-05,4.932969647948602426e-05,4.932969647956904704e-05
2.909818136366476918e-03,0.000000000000000000e+00,8.524622468662961612e-05,-8.855293332657607436e-05,0.000000000000000000e+00,6.227565197657866647e-03,4.592520311143225307e-05,4.592520311098112333e-05,4.592520311180667552e-05,4.592520311190016763e-05
2.914817823886007263e-03,0.000000000000000000e+00,8.561671537858333149e-05,-8.884133500980322226e-05,0.000000000000000000e+00,6.227564607532954169e-03,4.172728715816766219e-05,4.172728715770435549e-05,4.172728715790729781e-05,4.172728715800981590e-05
2.919817511405537174e-03,0.000000000000000000e+00,8.605443538628930412e-05,-8.912949147368373778e-05,0.000000000000000000e+00,6.227566436269679588e-03,3.700197969192833125e-05,3.700197969145471786e-05,3.700197968967943167e-05,3.700197968978935622e-05
2.924817198925067085e-03,0.000000000000000000e+00,8.656402389437595939e-05,-8.941740271821763445e-05,0.000000000000000000e+00,6.227569678247711106e-03,3.204067000594341096e-05,3.204067000546145598e-05,3.204067000425387161e-05,3.204067000436933914e-05
2.929816886444596997e-03,0.000000000000000000e+00,8.714783061862087861e-05,-8.970506874340489873e-05,0.000000000000000000e+00,6.227572853591823755e-03,2.709472860607226014e-05,2.709472860558405068e-05,2.709472860593096827e-05,2.709472860604993913e-05
2.934816573964127342e-03,0.000000000000000000e+00,8.780507020843736138e-05,-8.999248954924554417e-05,0.000000000000000000e+00,6.227574726695042293e-03,2.236815933138302782e-05,2.236815933089054254e-05,2.236815933039127083e-05,2.236815933051169520e-05
2.939816261483657253e-03,0.000000000000000000e+00,8.853082241393593773e-05,-9.027966513573957078e-05,0.000000000000000000e+00,6.227574892477222811e-03,1.802043821437964631e-05,1.802043821388481644e-05,1.802043821237484807e-05,1.802043821249477777e-05
2.944815949003187164e-03,0.000000000000000000e+00,8.931538495540634556e-05,-9.056659550288696499e-05,0.000000000000000000e+00,6.227573525918491185e-03,1.414139979546737418e-05,1.414139979497193275e-05,1.414139979505367990e-05,1.414139979517121250e-05
2.949815636522717076e-03,0.000000000000000000e+00,9.014475797455833177e-05,-9.085328065068775391e-05,0.000000000000000000e+00,6.227571025440632561e-03,1.073128417452616124e-05,1.073128417403166510e-05,1.073128417562052442e-05,1.073128417573396077e-05
2.954815324042247421e-03,0.000000000000000000e+00,9.100195972446131158e-05,-9.113972057914189690e-05,0.000000000000000000e+00,6.227567839006768399e-03,7.730254068363605997e-06,7.730254067871240991e-06,7.730254068555548745e-06,7.730254068663452272e-06
2.959815011561777332e-03,0.000000000000000000e+00,9.186807306160466730e-05,-9.142591528824942104e-05,0.000000000000000000e+00,6.227564717083228403e-03,5.072096486185643643e-06,5.072096485696278828e-06,5.072096485618043477e-06,5.072096485719341841e-06
2.964814699081307244e-03,0.000000000000000000e+00,9.272270641481181641e-05,-9.171186477801032634e-05,0.000000000000000000e+00,6.227562906028828206e-03,2.707771914341051160e-06,2.707771913855027890e-06,2.707771914859354009e-06,2.707771914953499180e-06
2.969814386600837589e-03,0.000000000000000000e+00,9.354480877331898460e-05,-9.199756904842461280e-05,0.000000000000000000e+00,6.227563446437131382e-03,6.104954128468294482e-07,6.104954123642315795e-07,6.104954139189889298e-07,6.104954140056675053e-07
2.974814074120367500e-03,0.000000000000000000e+00,9.431447895308282022e-05,-9.228302809949228043e-05,0.000000000000000000e+00,6.227566472613109590e-03,-1.184536282164426410e-06,-1.184536282643832235e-06,-1.184536282266641264e-06,-1.184536282187325522e-06
2.979813761639897411e-03,0.000000000000000000e+00,9.501477005407385999e-05,-9.256824193121331566e-05,0.000000000000000000e+00,6.227570830553198246e-03,-2.525080508535443188e-06,-2.525080509012186365e-06,-2.525080509182262958e-06,-2.525080509109895004e-06
2.984813449159427323e-03,0.000000000000000000e+00,9.563191849922609200e-05,-9.285321054358773205e-05,0.000000000000000000e+00,6.227574746757302306e-03,-3.162397258792064322e-06,-3.162397259266946567e-06,-3.162397258306866909e-06,-3.162397258240698389e-06
2.989813136678957668e-03,0.000000000000000000e+00,9.615394936108380463e-05,-9.313793393661551605e-05,0.000000000000000000e+00,6.227576736580780169e-03,-2.872261928726498013e-06,-2.872261929200490874e-06,-2.872261927829278363e-06,-2.872261927768358060e-06
2.994812824198487579e-03,0.000000000000000000e+00,9.656921107486363186e-05,-9.342241211029668122e-05,0.000000000000000000e+00,6.227576370904735169e-03,-1.579689205523939860e-06,-1.579689205998115680e-06,-1.579689206006067625e-06,-1.579689205949321500e-06
2.999812511718017490e-03,0.000000000000000000e+00,9.686602226921533858e-05,-9.370664506463122754e-05,0.000000000000000000e+00,6.227574327457651750e-03,6.073435311789701554e-07,6.073435307034763520e-07,6.073435300907903162e-07,6.073435301446548354e-07
3.004812199237547402e-03,0.000000000000000000e+00,9.703314245783960994e-05,-9.399063279961915502e-05,0.000000000000000000e+00,6.227571616548728192e-03,3.435932285332737954e-06,3.435932284854598020e-06,3.435932285537428548e-06,3.435932285589839559e-06
3.009811886757077747e-03,0.000000000000000000e+00,9.706033973369566621e-05,-9.427437531526043656e-05,0.000000000000000000e+00,6.227569061986204871e-03,6.546513340518067824e-06,6.546513340035797757e-06,6.546513341104821099e-06,6.546513341157404904e-06
3.014811574276607658e-03,0.000000000000000000e+00,9.693903489263022265e-05,-9.455787261155511282e-05,0.000000000000000000e+00,6.227567075274554644e-03,9.502693037305747268e-06,9.502693036817937605e-06,9.502693036379418484e-06,9.502693036433764118e-06
3.019811261796137569e-03,0.000000000000000000e+00,9.666325743499555459e-05,-9.484112468850315668e-05,0.000000000000000000e+00,6.227566051788207754e-03,1.185351457913911896e-05,1.185351457864437040e-05,1.185351457791658275e-05,1.185351457797428433e-05
3.024810949315667914e-03,0.000000000000000000e+00,9.623048527424017640e-05,-9.512413154610458170e-05,0.000000000000000000e+00,6.227566370530396647e-03,1.322350461594684224e-05,1.322350461544376735e-05,1.322350461619491448e-05,1.322350461625761524e-05
3.029810636835197826e-03,0.000000000000000000e+00,9.564160437842172719e-05,-9.540689318435938788e-05,0.000000000000000000e+00,6.227568193729799730e-03,1.337122569600730314e-05,1.337122569549462290e-05,1.337122569608927729e-05,1.337122569615848327e-05
3.034810324354727737e-03,0.000000000000000000e+00,9.490003461341958236e-05,-9.568940960326756168e-05,0.000000000000000000e+00,6.227571165065898771e-03,1.218879602174463847e-05,1.218879602122122801e-05,1.218879602017382603e-05,1.218879602025082133e-05
3.039810011874257648e-03,0.000000000000000000e+00,9.401113558229963777e-05,-9.597168080282911663e-05,0.000000000000000000e+00,6.227574332415135826e-03,9.684401519199769420e-06,9.684401518664949429e-06,9.684401518109311062e-06,9.684401518195030796e-06
3.044809699393787993e-03,0.000000000000000000e+00,9.298295095562557691e-05,-9.625370678304403919e-05,0.000000000000000000e+00,6.227576605500765271e-03,5.988741202651175322e-06,5.988741202104691687e-06,5.988741203287480024e-06,5.988741203382405313e-06
3.049809386913317905e-03,0.000000000000000000e+00,9.182808115221308500e-05,-9.653548754391234291e-05,0.000000000000000000e+00,6.227577145970801184e-03,1.356431902885829751e-06,1.356431902327755317e-06,1.356431902955220384e-06,1.356431903059534185e-06
3.054809074432847816e-03,0.000000000000000000e+00,9.056538098810717628e-05,-9.681702308543402779e-05,0.000000000000000000e+00,6.227575910518166891e-03,-3.893899323477770078e-06,-3.893899324046945726e-06,-3.893899324715848491e-06,-3.893899324602336759e-06
3.059808761952377727e-03,0.000000000000000000e+00,8.922051484225730330e-05,-9.709831340760909384e-05,0.000000000000000000e+00,6.227573457673753199e-03,-9.487260480572282982e-06,-9.487260481151609472e-06,-9.487260480811566401e-06,-9.487260480689549611e-06
3.064808449471908072e-03,0.000000000000000000e+00,8.782563102106673227e-05,-9.737935851043752749e-05,0.000000000000000000e+00,6.227570574347028251e-03,-1.526087665621972362e-05,-1.526087665680788975e-05,-1.526087665537719689e-05,-1.526087665524770588e-05
3.069808136991437984e-03,0.000000000000000000e+00,8.641881041066545313e-05,-9.766015839391934230e-05,0.000000000000000000e+00,6.227567874387570854e-03,-2.114277545803101491e-05,-2.114277545862630289e-05,-2.114277545847908856e-05,-2.114277545834350908e-05
3.074807824510967895e-03,0.000000000000000000e+00,8.504307728056828921e-05,-9.794071305805453827e-05,0.000000000000000000e+00,6.227565738446934687e-03,-2.708951709053161180e-05,-2.708951709113196842e-05,-2.708951709198632651e-05,-2.708951709184628147e-05
3.079807512030498240e-03,0.000000000000000000e+00,8.374425361437982582e-05,-9.822102250284310185e-05,0.000000000000000000e+00,6.227564458737991707e-03,-3.305049147702696029e-05,-3.305049147763014261e-05,-3.305049147725250145e-05,-3.305049147710996274e-05
3.084807199550028151e-03,0.000000000000000000e+00,8.256784779545258562e-05,-9.850108672828504660e-05,0.000000000000000000e+00,6.227564095201286627e-03,-3.894504156269652242e-05,-3.894504156329981317e-05,-3.894504156204525573e-05,-3.894504156190245952e-05
3.089806887069558063e-03,0.000000000000000000e+00,8.155606197046011158e-05,-9.878090573438037250e-05,0.000000000000000000e+00,6.227564573058726009e-03,-4.460427770676644562e-05,-4.460427770736695809e-05,-4.460427770695579475e-05,-4.460427770681527537e-05
3.094806574589087974e-03,0.000000000000000000e+00,8.074526946190016747e-05,-9.906047952112906601e-05,0.000000000000000000e+00,6.227565503190521379e-03,-4.970909884170931402e-05,-4.970909884230397181e-05,-4.970909884217392176e-05,-4.970909884203828806e-05
3.099806262108618319e-03,0.000000000000000000e+00,8.016309661791936518e-05,-9.933980808853112713e-05,0.000000000000000000e+00,6.227566422186899507e-03,-5.381392825624414274e-05,-5.381392825682983553e-05,-5.381392825568427429e-05,-5.381392825555607416e-05
3.104805949628148230e-03,0.000000000000000000e+00,7.982479021365495480e-05,-9.961889143658658296e-05,0.000000000000000000e+00,6.227567032988094720e-03,-5.646739692447194837e-05,-5.646739692504553875e-05,-5.646739692378598043e-05,-5.646739692366808700e-05
3.109805637147678142e-03,0.000000000000000000e+00,7.973041310611174795e-05,-9.989772956529540640e-05,0.000000000000000000e+00,6.227567531988498217e-03,-5.733541666758021880e-05,-5.733541666813863713e-05,-5.733541666817468685e-05,-5.733541666806987161e-05
3.114805324667208053e-03,0.000000000000000000e+00,7.986485983052647351e-05,-1.001763224746576110e-04,0.000000000000000000e+00,6.227568565773390109e-03,-5.625632967765851599e-05,-5.625632967819866551e-05,-5.625632967871348536e-05,-5.625632967862433684e-05
3.119805012186738398e-03,0.000000000000000000e+00,8.020084779807124605e-05,-1.004546701646731832e-04,0.000000000000000000e+00,6.227570658967194160e-03,-5.325907810626002525e-05,-5.325907810677933777e-05,-5.325907810626508712e-05,-5.325907810619382116e-05
3.124804699706268309e-03,0.000000000000000000e+00,8.070317272021893537e-05,-1.007327726353421366e-04,0.000000000000000000e+00,6.227573873150411485e-03,-4.858777537542866579e-05,-4.858777537592493900e-05,-4.858777537505122113e-05,-4.858777537499987061e-05
3.129804387225798221e-03,0.000000000000000000e+00,8.133262657184192309e-05,-1.010106298866644711e-04,0.000000000000000000e+00,6.227577582627709732e-03,-4.269910189227391404e-05,-4.269910189274522350e-05,-4.269910189304589986e-05,-4.269910189301620628e-05
3.134804074745328566e-03,0.000000000000000000e+00,8.204922689350395795e-05,-1.012882419186401733e-04,0.000000000000000000e+00,6.227580937572527349e-03,-3.618170827602466084e-05,-3.618170827646950900e-05,-3.618170827728007887e-05,-3.618170827727345846e-05
3.139803762264858477e-03,0.000000000000000000e+00,8.281487314821064536e-05,-1.015656087312692566e-04,0.000000000000000000e+00,6.227583113656729071e-03,-2.962751901412077698e-05,-2.962751901453808978e-05,-2.962751901438029771e-05,-2.962751901439758057e-05
3.144803449784388388e-03,0.000000000000000000e+00,8.359511001589372214e-05,-1.018427303245517210e-04,0.000000000000000000e+00,6.227583619686273726e-03,-2.353489748349603440e-05,-2.353489748388535785e-05,-2.353489748360826966e-05,-2.353489748365001822e-05
3.149803137303918300e-03,0.000000000000000000e+00,8.435978546320182787e-05,-1.021196066984875531e-04,0.000000000000000000e+00,6.227582332286672739e-03,-1.826734458631971021e-05,-1.826734458668075292e-05,-1.826734458749526319e-05,-1.826734458756164008e-05
3.154802824823448645e-03,0.000000000000000000e+00,8.508345397996318522e-05,-1.023962378530767663e-04,0.000000000000000000e+00,6.227579351328090332e-03,-1.402265406546238018e-05,-1.402265406579536916e-05,-1.402265406621316308e-05,-1.402265406630397857e-05
3.159802512342978556e-03,0.000000000000000000e+00,8.574684234653632902e-05,-1.026726237883193607e-04,0.000000000000000000e+00,6.227575020823925868e-03,-1.079261862544162511e-05,-1.079261862574716345e-05,-1.079261862456572020e-05,-1.079261862468032545e-05
3.164802199862508467e-03,0.000000000000000000e+00,8.633933487155867940e-05,-1.029487645042153363e-04,0.000000000000000000e+00,6.227569855381088516e-03,-8.367799796969819116e-06,-8.367799797248896143e-06,-8.367799796427475778e-06,-8.367799796564900097e-06
3.169801887382038379e-03,0.000000000000000000e+00,8.686062917463078961e-05,-1.032246600007646794e-04,0.000000000000000000e+00,6.227564709201696171e-03,-6.441136132965045213e-06,-6.441136133219028042e-06,-6.441136133907947043e-06,-6.441136134066857200e-06
3.174801574901568724e-03,0.000000000000000000e+00,8.731998640884304323e-05,-1.035003102779673902e-04,0.000000000000000000e+00,6.227560472864761276e-03,-4.769365851913100169e-06,-4.769365852143418592e-06,-4.769365852239268840e-06,-4.769365852418053778e-06
3.179801262421098635e-03,0.000000000000000000e+00,8.773377159790068014e-05,-1.037757153358234957e-04,0.000000000000000000e+00,6.227557965355751818e-03,-3.282477000425405270e-06,-3.282477000633826197e-06,-3.282476999295985090e-06,-3.282476999492727127e-06
3.184800949940628546e-03,0.000000000000000000e+00,8.812322537405799477e-05,-1.040508751743329688e-04,0.000000000000000000e+00,6.227557679870984915e-03,-2.082722921025059482e-06,-2.082722921213561582e-06,-2.082722920404648506e-06,-2.082722920617423182e-06
3.189800637460158891e-03,0.000000000000000000e+00,8.851296891869197886e-05,-1.043257897934958095e-04,0.000000000000000000e+00,6.227559605061225648e-03,-1.377477099652621927e-06,-1.377477099823099166e-06,-1.377477099693421810e-06,-1.377477099920087827e-06
3.194800324979688803e-03,0.000000000000000000e+00,8.892892166388185137e-05,-1.046004591933120449e-04,0.000000000000000000e+00,6.227563194693876668e-03,-1.408871734885676634e-06,-1.408871735040077188e-06,-1.408871733667914307e-06,-1.408871733906218556e-06
3.199800012499218714e-03,0.000000000000000000e+00,8.939484008482009999e-05,-1.048748833737816479e-04,0.000000000000000000e+00,6.227567402887766376e-03,-2.378138533646878279e-06,-2.378138533787113053e-06,-2.378138531691194400e-06,-2.378138531939120944e-06
3.204799700018748625e-03,0.000000000000000000e+00,8.992849604098278153e-05,-1.051490623349046185e-04,0.000000000000000000e+00,6.227571147228340084e-03,-4.344528755307663426e-06,-4.344528755435389219e-06,-4.344528754732849928e-06,-4.344528754988381133e-06
3.209799387538278970e-03,0.000000000000000000e+00,9.053869702310367014e-05,-1.054229960766809703e-04,0.000000000000000000e+00,6.227573566758178719e-03,-7.146373794325742090e-06,-7.146373794442586897e-06,-7.146373794667575788e-06,-7.146373794928778726e-06
3.214799075057808882e-03,0.000000000000000000e+00,9.122301524268648437e-05,-1.056966845991107033e-04,0.000000000000000000e+00,6.227574386003300114e-03,-1.041872605038378823e-05,-1.041872605049122250e-05,-1.041872604996833889e-05,-1.041872605023343310e-05
3.219798762577338793e-03,0.000000000000000000e+00,9.196593664192107811e-05,-1.059701279021938174e-04,0.000000000000000000e+00,6.227573786058712181e-03,-1.369510231802588163e-05,-1.369510231812503869e-05,-1.369510231742005995e-05,-1.369510231768755295e-05
3.224798450096868704e-03,0.000000000000000000e+00,9.273861681289635110e-05,-1.062433259859302991e-04,0.000000000000000000e+00,6.227572267670026564e-03,-1.650344474116657053e-05,-1.650344474125823305e-05,-1.650344474163869653e-05,-1.650344474190738894e-05
3.229798137616399049e-03,0.000000000000000000e+00,9.350180761218449639e-05,-1.065162788503201484e-04,0.000000000000000000e+00,6.227570488454013328e-03,-1.841896061267563924e-05,-1.841896061276036963e-05,-1.841896061354292643e-05,-1.841896061381196443e-05
3.234797825135928961e-03,0.000000000000000000e+00,9.421142486355524944e-05,-1.067889864953633925e-04,0.000000000000000000e+00,6.227569072622583801e-03,-1.912646291760907070e-05,-1.912646291768708921e-05,-1.912646291772905123e-05,-1.912646291799787577e-05
3.239797512655458872e-03,0.000000000000000000e+00,9.482411459398883786e-05,-1.070614489210600041e-04,0.000000000000000000e+00,6.227568601805730415e-03,-1.851775631465384474e-05,-1.851775631472492097e-05,-1.851775631459624989e-05,-1.851775631486473901e-05
3.244797200174989217e-03,0.000000000000000000e+00,9.530075487855448036e-05,-1.073336661274099969e-04,0.000000000000000000e+00,6.227569359729129804e-03,-1.675038157550568326e-05,-1.675038157556918024e-05,-1.675038157628510943e-05,-1.675038157655354094e-05
3.249796887694519128e-03,0.000000000000000000e+00,9.560817179085081500e-05,-1.076056381144133709e-04,0.000000000000000000e+00,6.227571248100238592e-03,-1.419179634566831237e-05,-1.419179634572325601e-05,-1.419179634664973726e-05,-1.419179634691876678e-05
3.254796575214049040e-03,0.000000000000000000e+00,9.572040671995446677e-05,-1.078773648820701125e-04,0.000000000000000000e+00,6.227573598404281124e-03,-1.128209489928958465e-05,-1.128209489933477725e-05,-1.128209489921818824e-05,-1.128209489948867466e-05
3.259796262733578951e-03,0.000000000000000000e+00,9.561980886371157225e-05,-1.081488464303802352e-04,0.000000000000000000e+00,6.227575470879614765e-03,-8.412050386080580487e-06,-8.412050386114690504e-06,-8.412050385415622354e-06,-8.412050385688668507e-06
3.264795950253109296e-03,0.000000000000000000e+00,9.529722225707397073e-05,-1.084200827593437256e-04,0.000000000000000000e+00,6.227576085228106115e-03,-5.856542290218739959e-06,-5.856542290240215632e-06,-5.856542290199907028e-06,-5.856542290476690290e-06
3.269795637772639207e-03,0.000000000000000000e+00,9.475129801262673014e-05,-1.086910738689606106e-04,0.000000000000000000e+00,6.227575163280471560e-03,-3.732072166372172998e-06,-3.732072166379457481e-06,-3.732072166437736736e-06,-3.732072166719463283e-06
3.274795325292169119e-03,0.000000000000000000e+00,9.398815178352819201e-05,-1.089618197592308633e-04,0.000000000000000000e+00,6.227573081596399045e-03,-1.964165212320217617e-06,-1.964165212311879424e-06,-1.964165211354196869e-06,-1.964165211642106756e-06
3.279795012811699030e-03,0.000000000000000000e+00,9.302194443121461899e-05,-1.092323204301544836e-04,0.000000000000000000e+00,6.227570560219542611e-03,-3.061977726079965372e-07,-3.061977725828904807e-07,-3.061977716115232612e-07,-3.061977719064465809e-07
3.284794700331229375e-03,0.000000000000000000e+00,9.187506225739083582e-05,-1.095025758817314850e-04,0.000000000000000000e+00,6.227568392207177492e-03,1.561286276540522605e-06,1.561286276583436682e-06,1.561286276512238480e-06,1.561286276209576668e-06
3.289794387850759286e-03,0.000000000000000000e+00,9.057633469998500723e-05,-1.097725861139618676e-04,0.000000000000000000e+00,6.227567005168980520e-03,3.899301835635510260e-06,3.899301835697062450e-06,3.899301836099535238e-06,3.899301835788542009e-06
3.294794075370289198e-03,0.000000000000000000e+00,8.915789946188504636e-05,-1.100423511268456178e-04,0.000000000000000000e+00,6.227566416550160168e-03,6.831539940346218980e-06,6.831539940427059805e-06,6.831539942313442836e-06,6.831539941993692981e-06
3.299793762889819543e-03,0.000000000000000000e+00,8.765285775938178611e-05,-1.103118709203827492e-04,0.000000000000000000e+00,6.227566385780716751e-03,1.034275440031793135e-05,1.034275440041842672e-05,1.034275440186680902e-05,1.034275440153813313e-05
3.304793450409349454e-03,0.000000000000000000e+00,8.609437193062549132e-05,-1.105811454945732617e-04,0.000000000000000000e+00,6.227566698447750508e-03,1.430662793383709721e-05,1.430662793395729118e-05,1.430662793390509701e-05,1.430662793356753066e-05
3.309793137928879365e-03,0.000000000000000000e+00,8.451450988011689877e-05,-1.108501748494171419e-04,0.000000000000000000e+00,6.227567314874094505e-03,1.850975975262165348e-05,1.850975975276135293e-05,1.850975975285422840e-05,1.850975975250801554e-05
3.314792825448409277e-03,0.000000000000000000e+00,8.294145879281682513e-05,-1.111189589849144032e-04,0.000000000000000000e+00,6.227568189538325305e-03,2.270226752747091383e-05,2.270226752762968507e-05,2.270226752824608450e-05,2.270226752789167914e-05
3.319792512967939622e-03,0.000000000000000000e+00,8.139611632332916110e-05,-1.113874979010650321e-04,0.000000000000000000e+00,6.227569263494416030e-03,2.669646837121624142e-05,2.669646837139330858e-05,2.669646837092140958e-05,2.669646837055948257e-05
3.324792200487469533e-03,0.000000000000000000e+00,7.988988476874731470e-05,-1.116557915978690557e-04,0.000000000000000000e+00,6.227570306033042638e-03,3.045124849461382601e-05,3.045124849480799646e-05,3.045124849359245336e-05,3.045124849322406179e-05
3.329791888006999444e-03,0.000000000000000000e+00,7.842391905879203345e-05,-1.119238400753264469e-04,0.000000000000000000e+00,6.227571045675213933e-03,3.406127397089058200e-05,3.406127397110036157e-05,3.406127397096433485e-05,3.406127397059069845e-05
3.334791575526529356e-03,0.000000000000000000e+00,7.698911338202110211e-05,-1.121916433334372193e-04,0.000000000000000000e+00,6.227571328585558390e-03,3.766939323460970484e-05,3.766939323483331476e-05,3.766939323523673283e-05,3.766939323485946436e-05
3.339791263046059701e-03,0.000000000000000000e+00,7.556732797730880788e-05,-1.124592013722013593e-04,0.000000000000000000e+00,6.227571253175298756e-03,4.139540067912295671e-05,4.139540067935833023e-05,4.139540067854429768e-05,4.139540067816505054e-05
3.344790950565589612e-03,0.000000000000000000e+00,7.413526933076926956e-05,-1.127265141916188805e-04,0.000000000000000000e+00,6.227571064006048179e-03,4.531231105651200528e-05,4.531231105675695366e-05,4.531231105521107787e-05,4.531231105483175619e-05
3.349790638085119523e-03,0.000000000000000000e+00,7.267071369864035505e-05,-1.129935817916897828e-04,0.000000000000000000e+00,6.227570901621649717e-03,4.941066916955084894e-05,4.941066916980305470e-05,4.941066916907096073e-05,4.941066916869363127e-05
3.354790325604649435e-03,0.000000000000000000e+00,7.115828477963432111e-05,-1.132604041724140527e-04,0.000000000000000000e+00,6.227570900539759063e-03,5.352388548039656215e-05,5.352388548065372135e-05,5.352388548058896738e-05,5.352388548021562914e-05
3.359790013124179780e-03,0.000000000000000000e+00,6.959223926963414234e-05,-1.135269813337917174e-04,0.000000000000000000e+00,6.227571145058430867e-03,5.728548619225819736e-05,5.728548619251818904e-05,5.728548619216576913e-05,5.728548619179826525e-05
3.364789700643709691e-03,0.000000000000000000e+00,6.797656633522017626e-05,-1.137933132758227361e-04,0.000000000000000000e+00,6.227571728923884248e-03,6.018625822174662737e-05,6.018625822200749319e-05,6.018625822157794584e-05,6.018625822121818046e-05
3.369789388163239603e-03,0.000000000000000000e+00,6.632451043618523272e-05,-1.140593999985071359e-04,0.000000000000000000e+00,6.227572599561885178e-03,6.169690440399823895e-05,6.169690440425813576e-05,6.169690440446269760e-05,6.169690440411224280e-05
3.374789075682769948e-03,0.000000000000000000e+00,6.465831761791642743e-05,-1.143252415018449169e-04,0.000000000000000000e+00,6.227573506410967984e-03,6.137508292984854980e-05,6.137508293010598005e-05,6.137508293053316926e-05,6.137508293019369200e-05
3.379788763202299859e-03,0.000000000000000000e+00,6.300792414663790601e-05,-1.145908377858360791e-04,0.000000000000000000e+00,6.227574048790691583e-03,5.893562205067945050e-05,5.893562205093305894e-05,5.893562205067985030e-05,5.893562205035258387e-05
3.384788450721829770e-03,0.000000000000000000e+00,6.140769032271624361e-05,-1.148561888504806089e-04,0.000000000000000000e+00,6.227573835705212633e-03,5.431308357545734563e-05,5.431308357570608194e-05,5.431308357531899466e-05,5.431308357500510458e-05
3.389788138241359682e-03,0.000000000000000000e+00,5.989248384506190472e-05,-1.151212946957785199e-04,0.000000000000000000e+00,6.227572874614046780e-03,4.770945954354274550e-05,4.770945954378588461e-05,4.770945954463439478e-05,4.770945954433491781e-05
3.394787825760890027e-03,0.000000000000000000e+00,5.849493618841002411e-05,-1.153861553217297984e-04,0.000000000000000000e+00,6.227571584742771886e-03,3.957422230097183105e-05,3.957422230120883765e-05,3.957422230286633882e-05,3.957422230258196615e-05
3.399787513280419938e-03,0.000000000000000000e+00,5.724370037765025835e-05,-1.156507707283344581e-04,0.000000000000000000e+00,6.227570656101002501e-03,3.050142015958616783e-05,3.050142015981690638e-05,3.050142016068209294e-05,3.050142016041341747e-05
3.404787200799949849e-03,0.000000000000000000e+00,5.616134772933687461e-05,-1.159151409155924990e-04,0.000000000000000000e+00,6.227570522031931552e-03,2.110692486087987100e-05,2.110692486110440249e-05,2.110692486141912605e-05,2.110692486116623589e-05
3.409786888319479761e-03,0.000000000000000000e+00,5.526227164750594254e-05,-1.161792658835039075e-04,0.000000000000000000e+00,6.227571121198660804e-03,1.195708436132568900e-05,1.195708436154443526e-05,1.195708436240882052e-05,1.195708436217176311e-05
3.414786575839010106e-03,0.000000000000000000e+00,5.455271765739163193e-05,-1.164431456320687107e-04,0.000000000000000000e+00,6.227571926486321144e-03,3.544001109894948301e-06,3.544001110108581445e-06,3.544001110578509395e-06,3.544001110356995033e-06
3.419786263358540017e-03,0.000000000000000000e+00,5.403337369014992581e-05,-1.167067801612868680e-04,0.000000000000000000e+00,6.227572216216933042e-03,-3.749445621613468110e-06,-3.749445621404107823e-06,-3.749445622324767415e-06,-3.749445622531226614e-06
3.424785950878069928e-03,0.000000000000000000e+00,5.370180760174947897e-05,-1.169701694711584064e-04,0.000000000000000000e+00,6.227571581656256468e-03,-9.704131204705011021e-06,-9.704131204498849978e-06,-9.704131205216334318e-06,-9.704131205408424450e-06
3.429785638397600273e-03,0.000000000000000000e+00,5.355220672180605312e-05,-1.172333135616833260e-04,0.000000000000000000e+00,6.227570097721416009e-03,-1.427581154331670204e-05,-1.427581154311262470e-05,-1.427581154257968851e-05,-1.427581154275816343e-05
3.434785325917130185e-03,0.000000000000000000e+00,5.357335208109254888e-05,-1.174962124328616267e-04,0.000000000000000000e+00,6.227568276845960385e-03,-1.752485131485148910e-05,-1.752485131464847902e-05,-1.752485131467402553e-05,-1.752485131483954594e-05
3.439785013436660096e-03,0.000000000000000000e+00,5.374755366865139824e-05,-1.177588660846933086e-04,0.000000000000000000e+00,6.227566582982743161e-03,-1.952434931268526123e-05,-1.952434931248248155e-05,-1.952434931394109939e-05,-1.952434931409413114e-05
3.444784700956190007e-03,0.000000000000000000e+00,5.405118388505355452e-05,-1.180212745171783581e-04,0.000000000000000000e+00,6.227565295248500138e-03,-2.032967780986039469e-05,-2.032967780965720504e-05,-2.032967781085817579e-05,-2.032967781099906786e-05
3.449784388475720352e-03,0.000000000000000000e+00,5.445531452373442887e-05,-1.182834377303167888e-04,0.000000000000000000e+00,6.227564548278828258e-03,-2.000309086188444105e-05,-2.000309086168040775e-05,-2.000309086225674252e-05,-2.000309086238554235e-05
3.454784075995250264e-03,0.000000000000000000e+00,5.492623327594028780e-05,-1.185453557241085870e-04,0.000000000000000000e+00,6.227564524249514129e-03,-1.862567934588142435e-05,-1.862567934567643899e-05,-1.862567934716444549e-05,-1.862567934728101416e-05
3.459783763514780175e-03,0.000000000000000000e+00,5.542780519599840123e-05,-1.188070284985537665e-04,0.000000000000000000e+00,6.227565556147704288e-03,-1.628564211080906052e-05,-1.628564211060339414e-05,-1.628564211267364092e-05,-1.628564211277746344e-05
3.464783451034310086e-03,0.000000000000000000e+00,5.592654640466986836e-05,-1.190684560536523271e-04,0.000000000000000000e+00,6.227567773328755024e-03,-1.309591919628461833e-05,-1.309591919607885878e-05,-1.309591919689971841e-05,-1.309591919698995283e-05
3.469783138553840431e-03,0.000000000000000000e+00,5.639694526077721100e-05,-1.193296383894042688e-04,0.000000000000000000e+00,6.227570800674383546e-03,-9.247825730320040124e-06,-9.247825730115032740e-06,-9.247825729942336275e-06,-9.247825730017979705e-06
3.474782826073370343e-03,0.000000000000000000e+00,5.682390647755334668e-05,-1.195905755058095647e-04,0.000000000000000000e+00,6.227573647658176358e-03,-5.031868183447625088e-06,-5.031868183244460848e-06,-5.031868183744754082e-06,-5.031868183804642699e-06
3.479782513592900254e-03,0.000000000000000000e+00,5.720238891840290007e-05,-1.198512674028682552e-04,0.000000000000000000e+00,6.227575324070343428e-03,-7.896595990606974474e-07,-7.896595988607383796e-07,-7.896595999599770809e-07,-7.896596000027556329e-07
3.484782201112430599e-03,0.000000000000000000e+00,5.753682523839441721e-05,-1.201117140805803133e-04,0.000000000000000000e+00,6.227575427238298510e-03,3.146942238021567583e-06,3.146942238216734138e-06,3.146942237870749978e-06,3.146942237846638338e-06
3.489781888631960510e-03,0.000000000000000000e+00,5.784123630188477475e-05,-1.203719155389457526e-04,0.000000000000000000e+00,6.227574374692898714e-03,6.472705762742250976e-06,6.472705762930744606e-06,6.472705763489505136e-06,6.472705763485688406e-06
3.494781576151490422e-03,0.000000000000000000e+00,5.813791432349298490e-05,-1.206318717779645731e-04,0.000000000000000000e+00,6.227573010930830162e-03,8.911514116543625002e-06,8.911514116723417910e-06,8.911514117326915332e-06,8.911514117345138399e-06
3.499781263671020333e-03,0.000000000000000000e+00,5.845305736482323661e-05,-1.208915827976367611e-04,0.000000000000000000e+00,6.227571870581686056e-03,1.026042838297482808e-05,1.026042838314373322e-05,1.026042838388064172e-05,1.026042838392274265e-05
3.504780951190550678e-03,0.000000000000000000e+00,5.881120969038869969e-05,-1.211510485979623304e-04,0.000000000000000000e+00,6.227570961207642107e-03,1.045546052800941992e-05,1.045546052816503681e-05,1.045546052981840955e-05,1.045546052988632634e-05
3.509780638710080589e-03,0.000000000000000000e+00,5.923153099846121400e-05,-1.214102691789412672e-04,0.000000000000000000e+00,6.227569988143835493e-03,9.584947240569898766e-06,9.584947240709760846e-06,9.584947242568495027e-06,9.584947242664187728e-06
3.514780326229610501e-03,0.000000000000000000e+00,5.972612952951460012e-05,-1.216692445405735852e-04,0.000000000000000000e+00,6.227568969173930512e-03,7.828967384791001908e-06,7.828967384912669721e-06,7.828967385186554436e-06,7.828967385311893289e-06
3.519780013749140412e-03,0.000000000000000000e+00,6.029864767298787076e-05,-1.219279746828592844e-04,0.000000000000000000e+00,6.227568322333009408e-03,5.384459060032389699e-06,5.384459060133588114e-06,5.384459059039472267e-06,5.384459059196195386e-06
3.524779701268670757e-03,0.000000000000000000e+00,6.094336521411578114e-05,-1.221864596057983376e-04,0.000000000000000000e+00,6.227568513975998213e-03,2.433676788530326654e-06,2.433676788608938934e-06,2.433676788087707046e-06,2.433676788277377204e-06
3.529779388788200668e-03,0.000000000000000000e+00,6.164745847236060888e-05,-1.224446993093908126e-04,0.000000000000000000e+00,6.227569530015839884e-03,-8.564747919420055710e-07,-8.564747918878581429e-07,-8.564747918286302110e-07,-8.564747916046543710e-07
3.534779076307730580e-03,0.000000000000000000e+00,6.239677168687626861e-05,-1.227026937936366417e-04,0.000000000000000000e+00,6.227570729295305550e-03,-4.348857308526100338e-06,-4.348857308497919551e-06,-4.348857309343105967e-06,-4.348857309083800383e-06
3.539778763827260925e-03,0.000000000000000000e+00,6.318109343480358552e-05,-1.229604430585358248e-04,0.000000000000000000e+00,6.227571364545365570e-03,-7.963697550462275313e-06,-7.963697550461036950e-06,-7.963697551636032585e-06,-7.963697551340804333e-06
3.544778451346790836e-03,0.000000000000000000e+00,6.399517149135200249e-05,-1.232179471040883891e-04,0.000000000000000000e+00,6.227571095872633071e-03,-1.167545495654017826e-05,-1.167545495656632616e-05,-1.167545495688436671e-05,-1.167545495655305824e-05
3.549778138866320747e-03,0.000000000000000000e+00,6.483665058989826642e-05,-1.234752059302943617e-04,0.000000000000000000e+00,6.227570315751165646e-03,-1.546854785079316159e-05,-1.546854785084666697e-05,-1.546854785173140304e-05,-1.546854785136423798e-05
3.554777826385850659e-03,0.000000000000000000e+00,6.570473285772740447e-05,-1.237322195371536883e-04,0.000000000000000000e+00,6.227569721868512521e-03,-1.930234119851713859e-05,-1.930234119859748813e-05,-1.930234120112364192e-05,-1.930234120072126062e-05
3.559777513905381004e-03,0.000000000000000000e+00,6.660034616662264878e-05,-1.239889879246663961e-04,0.000000000000000000e+00,6.227569730244264870e-03,-2.312220269058097366e-05,-2.312220269068711705e-05,-2.312220269256329841e-05,-2.312220269212671053e-05
3.564777201424910915e-03,0.000000000000000000e+00,6.752533512922207707e-05,-1.242455110928325122e-04,0.000000000000000000e+00,6.227570164128892749e-03,-2.688083341065184104e-05,-2.688083341078222312e-05,-2.688083341047179233e-05,-2.688083341000243443e-05
3.569776888944440826e-03,0.000000000000000000e+00,6.847984918154053486e-05,-1.245017890416519823e-04,0.000000000000000000e+00,6.227570510693219465e-03,-3.052200516966817746e-05,-3.052200516982079247e-05,-3.052200516928075136e-05,-3.052200516878046660e-05
3.574776576463970738e-03,0.000000000000000000e+00,6.946056043609964367e-05,-1.247578217711248065e-04,0.000000000000000000e+00,6.227570467482667141e-03,-3.395133517593590947e-05,-3.395133517610833827e-05,-3.395133517643311103e-05,-3.395133517590409491e-05
3.579776263983501083e-03,0.000000000000000000e+00,7.046163844030381321e-05,-1.250136092812510118e-04,0.000000000000000000e+00,6.227570092070248975e-03,-3.705185524557223287e-05,-3.705185524576175141e-05,-3.705185524536794208e-05,-3.705185524481260695e-05
3.584775951503030994e-03,0.000000000000000000e+00,7.147654631051950525e-05,-1.252691515720306254e-04,0.000000000000000000e+00,6.227569724620398914e-03,-3.973231419571335657e-05,-3.973231419591682066e-05,-3.973231419469242437e-05,-3.973231419411360271e-05
3.589775639022560905e-03,0.000000000000000000e+00,7.249797316477156646e-05,-1.255244486434635930e-04,0.000000000000000000e+00,6.227569523777134151e-03,-4.193893755339184615e-05,-4.193893755360583378e-05,-4.193893755339316075e-05,-4.193893755279390866e-05
3.594775326542091250e-03,0.000000000000000000e+00,7.351689649838382171e-05,-1.257795004955499418e-04,0.000000000000000000e+00,6.227569359581029522e-03,-4.361815459711171155e-05,-4.361815459733269906e-05,-4.361815459785145591e-05,-4.361815459723503277e-05
3.599775014061621162e-03,0.000000000000000000e+00,7.452393884317996082e-05,-1.260343071282896447e-04,0.000000000000000000e+00,6.227569056645920233e-03,-4.469722297519213207e-05,-4.469722297541657547e-05,-4.469722297466298042e-05,-4.469722297403263883e-05
3.604774701581151073e-03,0.000000000000000000e+00,7.551300066948582251e-05,-1.262888685416827558e-04,0.000000000000000000e+00,6.227568761180915340e-03,-4.512058975375229827e-05,-4.512058975397671457e-05,-4.512058975223310063e-05,-4.512058975159214064e-05
3.609774389100680984e-03,0.000000000000000000e+00,7.648319467225352965e-05,-1.265431847357292210e-04,0.000000000000000000e+00,6.227568965368229965e-03,-4.489259239004876790e-05,-4.489259239026980285e-05,-4.489259238962792805e-05,-4.489259238897954805e-05
3.614774076620211329e-03,0.000000000000000000e+00,7.743656539606168362e-05,-1.267972557104290673e-04,0.000000000000000000e+00,6.227569963491027052e-03,-4.407236803971004385e-05,-4.407236803992471588e-05,-4.407236804065904601e-05,-4.407236804000613946e-05
3.619773764139741241e-03,0.000000000000000000e+00,7.837408656654183637e-05,-1.270510814657823220e-04,0.000000000000000000e+00,6.227571510990822894e-03,-4.274130516278732230e-05,-4.274130516299298190e-05,-4.274130516370747113e-05,-4.274130516305260625e-05
3.624773451659271152e-03,0.000000000000000000e+00,7.929370046735744490e-05,-1.273046620017889306e-04,0.000000000000000000e+00,6.227572827915333308e-03,-4.099197005924701492e-05,-4.099197005944160211e-05,-4.099197006005088307e-05,-4.099197005939619437e-05
3.629773139178801063e-03,0.000000000000000000e+00,8.019022876888324809e-05,-1.275579973184488933e-04,0.000000000000000000e+00,6.227573298977796649e-03,-3.893670461751018018e-05,-3.893670461769200089e-05,-3.893670461925872724e-05,-3.893670461860596299e-05
3.634772826698331408e-03,0.000000000000000000e+00,8.105444109034536072e-05,-1.278110874157622372e-04,0.000000000000000000e+00,6.227572973066352983e-03,-3.669805593098466332e-05,-3.669805593115256558e-05,-3.669805593305998891e-05,-3.669805593241042306e-05
3.639772514217861320e-03,0.000000000000000000e+00,8.187145024742334539e-05,-1.280639322937289894e-04,0.000000000000000000e+00,6.227572533242604381e-03,-3.437506287276346188e-05,-3.437506287291674774e-05,-3.437506287337506033e-05,-3.437506287272968221e-05
3.644772201737391231e-03,0.000000000000000000e+00,8.262175450821912103e-05,-1.283165319523490956e-04,0.000000000000000000e+00,6.227572711878696411e-03,-3.201834892774363633e-05,-3.201834892788214316e-05,-3.201834892740918029e-05,-3.201834892676837615e-05
3.649771889256921576e-03,0.000000000000000000e+00,8.328576667513921331e-05,-1.285688863916225830e-04,0.000000000000000000e+00,6.227573548405302209e-03,-2.963205049282290521e-05,-2.963205049294691083e-05,-2.963205049369624361e-05,-2.963205049306001006e-05
3.654771576776451487e-03,0.000000000000000000e+00,8.384795800445969552e-05,-1.288209956115494515e-04,0.000000000000000000e+00,6.227574351207922597e-03,-2.718281853450224450e-05,-2.718281853461238250e-05,-2.718281853619483317e-05,-2.718281853556292965e-05
3.659771264295981399e-03,0.000000000000000000e+00,8.429736117533221881e-05,-1.290728596121297012e-04,0.000000000000000000e+00,6.227574172702927090e-03,-2.459889547363099048e-05,-2.459889547372835861e-05,-2.459889547411257953e-05,-2.459889547348425388e-05
3.664770951815511310e-03,0.000000000000000000e+00,8.462644594520380478e-05,-1.293244783933633049e-04,0.000000000000000000e+00,6.227572623712853729e-03,-2.178181704025820397e-05,-2.178181704034428624e-05,-2.178181704016676507e-05,-2.178181703954099746e-05
3.669770639335041655e-03,0.000000000000000000e+00,8.483214654862158955e-05,-1.295758519552502898e-04,0.000000000000000000e+00,6.227569984537192731e-03,-1.866278195696583826e-05,-1.866278195704251168e-05,-1.866278195785176018e-05,-1.866278195722715131e-05
3.674770326854571566e-03,0.000000000000000000e+00,8.491847136488302769e-05,-1.298269802977906830e-04,0.000000000000000000e+00,6.227566937817798597e-03,-1.528455017238443801e-05,-1.528455017245385406e-05,-1.528455017270628004e-05,-1.528455017208123749e-05
3.679770014374101478e-03,0.000000000000000000e+00,8.489674591438132252e-05,-1.300778634209844302e-04,0.000000000000000000e+00,6.227564157778899857e-03,-1.184110265669687636e-05,-1.184110265676129660e-05,-1.184110265507687333e-05,-1.184110265444966915e-05
3.684769701893631389e-03,0.000000000000000000e+00,8.478246733312983841e-05,-1.303285013248315586e-04,0.000000000000000000e+00,6.227562057284046285e-03,-8.637116418201471778e-06,-8.637116418263361087e-06,-8.637116417127718604e-06,-8.637116416496538451e-06
3.689769389413161734e-03,0.000000000000000000e+00,8.459220740723439171e-05,-1.305788940093320410e-04,0.000000000000000000e+00,6.227560904342706663e-03,-6.006043574687000108e-06,-6.006043574748848760e-06,-6.006043575868627163e-06,-6.006043575231628741e-06
3.694769076932691645e-03,0.000000000000000000e+00,8.434307898006931285e-05,-1.308290414744859317e-04,0.000000000000000000e+00,6.227560915040764554e-03,-4.245337222396963219e-06,-4.245337222461236926e-06,-4.245337223400660839e-06,-4.245337222756119588e-06
3.699768764452221557e-03,0.000000000000000000e+00,8.405292553039691163e-05,-1.310789437202931765e-04,0.000000000000000000e+00,6.227562391516040796e-03,-3.574044800004667881e-06,-3.574044800073584176e-06,-3.574044799453606881e-06,-3.574044798800019318e-06
3.704768451971751902e-03,0.000000000000000000e+00,8.373885493595632919e-05,-1.313286007467538024e-04,0.000000000000000000e+00,6.227565376870720405e-03,-4.088582876862893902e-06,-4.088582876938390795e-06,-4.088582876880166597e-06,-4.088582876216337559e-06
3.709768139491281813e-03,0.000000000000000000e+00,8.341570176253325657e-05,-1.315780125538678095e-04,0.000000000000000000e+00,6.227569448861761635e-03,-5.730952590449805863e-06,-5.730952590533648572e-06,-5.730952591514462750e-06,-5.730952590839399514e-06
3.714767827010811724e-03,0.000000000000000000e+00,8.309757261004718136e-05,-1.318271791416351978e-04,0.000000000000000000e+00,6.227573698252183640e-03,-8.307431713773808242e-06,-8.307431713867401995e-06,-8.307431713757455424e-06,-8.307431713070469352e-06
3.719767514530341636e-03,0.000000000000000000e+00,8.280155239466684201e-05,-1.320761005100559401e-04,0.000000000000000000e+00,6.227577086580098759e-03,-1.154978812384827994e-05,-1.154978812395262593e-05,-1.154978812307426462e-05,-1.154978812237505078e-05
3.724767202049871981e-03,0.000000000000000000e+00,8.254883546518962108e-05,-1.323247766591300635e-04,0.000000000000000000e+00,6.227578924668408789e-03,-1.517116118389605669e-05,-1.517116118401163603e-05,-1.517116118479582422e-05,-1.517116118408454693e-05
3.729766889569401892e-03,0.000000000000000000e+00,8.236107168162399477e-05,-1.325732075888575953e-04,0.000000000000000000e+00,6.227579078860984163e-03,-1.890254415437619755e-05,-1.890254415450300855e-05,-1.890254415644619700e-05,-1.890254415572345767e-05
3.734766577088931803e-03,0.000000000000000000e+00,8.225525388362782983e-05,-1.328213932992384811e-04,0.000000000000000000e+00,6.227578054529519895e-03,-2.253684532110363143e-05,-2.253684532124117603e-05,-2.253684532176912150e-05,-2.253684532103596367e-05
3.739766264608461715e-03,0.000000000000000000e+00,8.224114289833010544e-05,-1.330693337902727480e-04,0.000000000000000000e+00,6.227576540240037893e-03,-2.597737604597711509e-05,-2.597737604612434636e-05,-2.597737604534431372e-05,-2.597737604460217394e-05
3.744765952127992060e-03,0.000000000000000000e+00,8.232060716126592354e-05,-1.333170290619603961e-04,0.000000000000000000e+00,6.227574990052382568e-03,-2.924070169189789615e-05,-2.924070169205325554e-05,-2.924070169200361263e-05,-2.924070169125439844e-05
3.749765639647521971e-03,0.000000000000000000e+00,8.248587171361186458e-05,-1.335644791143014254e-04,0.000000000000000000e+00,6.227573401339307410e-03,-3.239021487786438271e-05,-3.239021487802578653e-05,-3.239021487862769492e-05,-3.239021487787369330e-05
3.754765327167051883e-03,0.000000000000000000e+00,8.271707561840574386e-05,-1.338116839472958087e-04,0.000000000000000000e+00,6.227571652962479547e-03,-3.544378864354365771e-05,-3.544378864370865295e-05,-3.544378864351001356e-05,-3.544378864275374188e-05
3.759765014686582228e-03,0.000000000000000000e+00,8.298277118939713121e-05,-1.340586435609435732e-04,0.000000000000000000e+00,6.227569835803584836e-03,-3.831088262010488925e-05,-3.831088262027088737e-05,-3.831088261995051918e-05,-3.831088261919466086e-05
3.764764702206112139e-03,0.000000000000000000e+00,8.324439156746788067e-05,-1.343053579552447188e-04,0.000000000000000000e+00,6.227568252956208229e-03,-4.077036931716948169e-05,-4.077036931733374510e-05,-4.077036931855324215e-05,-4.077036931780047381e-05
3.769764389725642050e-03,0.000000000000000000e+00,8.346123035077168001e-05,-1.345518271301992456e-04,0.000000000000000000e+00,6.227567315808994232e-03,-4.247661147513959721e-05,-4.247661147529927309e-05,-4.247661147701046937e-05,-4.247661147626353539e-05
3.774764077245171962e-03,0.000000000000000000e+00,8.359326350271096781e-05,-1.347980510858071536e-04,0.000000000000000000e+00,6.227567179309247830e-03,-4.299877246326858614e-05,-4.299877246342090299e-05,-4.299877246345931085e-05,-4.299877246272077266e-05
3.779763764764702307e-03,0.000000000000000000e+00,8.360369547877185496e-05,-1.350440298220684156e-04,0.000000000000000000e+00,6.227567636733319541e-03,-4.190566085667373890e-05,-4.190566085681616241e-05,-4.190566085618406577e-05,-4.190566085545628828e-05
3.784763452284232218e-03,0.000000000000000000e+00,8.346364396363185976e-05,-1.352897633389830859e-04,0.000000000000000000e+00,6.227568263002834087e-03,-3.887956753375532073e-05,-3.887956753388543176e-05,-3.887956753476463163e-05,-3.887956753404982392e-05
3.789763139803762129e-03,0.000000000000000000e+00,8.315670634520877839e-05,-1.355352516365511103e-04,0.000000000000000000e+00,6.227568917998036260e-03,-3.381311466471872241e-05,-3.381311466483421705e-05,-3.381311466598191281e-05,-3.381311466528217550e-05
3.794762827323292041e-03,0.000000000000000000e+00,8.267888507345949253e-05,-1.357804947147725158e-04,0.000000000000000000e+00,6.227569871767758315e-03,-2.685043274761991962e-05,-2.685043274771864978e-05,-2.685043274717448193e-05,-2.685043274649182759e-05
3.799762514842822386e-03,0.000000000000000000e+00,8.203365918253881358e-05,-1.360254925736473024e-04,0.000000000000000000e+00,6.227571455158602103e-03,-1.836800143232731074e-05,-1.836800143240737229e-05,-1.836800143196246315e-05,-1.836800143129865698e-05
3.804762202362352297e-03,0.000000000000000000e+00,8.122682559331850685e-05,-1.362702452131754702e-04,0.000000000000000000e+00,6.227573633274801658e-03,-8.912758279372379812e-06,-8.912758279432165092e-06,-8.912758280755588003e-06,-8.912758280112161448e-06
3.809761889881882208e-03,0.000000000000000000e+00,8.026432509141136705e-05,-1.365147526333569921e-04,0.000000000000000000e+00,6.227575739975455861e-03,8.895022679204456987e-07,8.895022678822817822e-07,8.895022672472154419e-07,8.895022678689257667e-07
3.814761577401412553e-03,0.000000000000000000e+00,7.915146005656703532e-05,-1.367590148341918952e-04,0.000000000000000000e+00,6.227576767537983116e-03,1.044582575384729779e-05,1.044582575383184113e-05,1.044582575531206848e-05,1.044582575591092247e-05
3.819761264920942465e-03,0.000000000000000000e+00,7.789118073886696443e-05,-1.370030318156801794e-04,0.000000000000000000e+00,6.227575888325069704e-03,1.929657591094585808e-05,1.929657591095382019e-05,1.929657591165063693e-05,1.929657591222582651e-05
3.824760952440472376e-03,0.000000000000000000e+00,7.648283198239374918e-05,-1.372468035778218447e-04,0.000000000000000000e+00,6.227573075479622688e-03,2.715862101597913282e-05,2.715862101601073731e-05,2.715862101475411989e-05,2.715862101530521985e-05
3.829760639960002287e-03,0.000000000000000000e+00,7.492418917843374476e-05,-1.374903301206168913e-04,0.000000000000000000e+00,6.227569146804559468e-03,3.390072103653536651e-05,3.390072103659049819e-05,3.390072103620251644e-05,3.390072103672942515e-05
3.834760327479532632e-03,0.000000000000000000e+00,7.321597051206884491e-05,-1.377336114440653190e-04,0.000000000000000000e+00,6.227565235838710550e-03,3.949272886808948035e-05,3.949272886816771909e-05,3.949272886911327213e-05,3.949272886961606411e-05
3.839760014999062544e-03,0.000000000000000000e+00,7.136480652198788361e-05,-1.379766475481671278e-04,0.000000000000000000e+00,6.227562215660099876e-03,4.396394084774317803e-05,4.396394084784391396e-05,4.396394084735313630e-05,4.396394084783210971e-05
3.844759702518592455e-03,0.000000000000000000e+00,6.938292155615339012e-05,-1.382194384329222907e-04,0.000000000000000000e+00,6.227560516865239017e-03,4.735499944488533310e-05,4.735499944500767854e-05,4.735499944332060575e-05,4.735499944377620106e-05
3.849759390038122366e-03,0.000000000000000000e+00,6.728712610464093855e-05,-1.384619840983308348e-04,0.000000000000000000e+00,6.227560395894242776e-03,4.964523788707345998e-05,4.964523788721643237e-05,4.964523788707606207e-05,4.964523788750884169e-05
3.854759077557652711e-03,0.000000000000000000e+00,6.509953178692228567e-05,-1.387042845443927600e-04,0.000000000000000000e+00,6.227561998957800542e-03,5.069504917587835724e-05,5.069504917604096046e-05,5.069504917675350490e-05,5.069504917716392286e-05
3.859758765077182623e-03,0.000000000000000000e+00,6.284821280605500972e-05,-1.389463397711080664e-04,0.000000000000000000e+00,6.227565230909549304e-03,5.026123661695240284e-05,5.026123661713374920e-05,5.026123661599940946e-05,5.026123661638781133e-05
3.864758452596712534e-03,0.000000000000000000e+00,6.056475624025280417e-05,-1.391881497784767539e-04,0.000000000000000000e+00,6.227569392079789282e-03,4.808264798886036887e-05,4.808264798905971299e-05,4.808264798679339164e-05,4.808264798716002138e-05
3.869758140116242879e-03,0.000000000000000000e+00,5.827966360666954977e-05,-1.394297145664987955e-04,0.000000000000000000e+00,6.227573099611987198e-03,4.398418952555251685e-05,4.398418952576906590e-05,4.398418952472441678e-05,4.398418952506943024e-05
3.874757827635772790e-03,0.000000000000000000e+00,5.601979820648692352e-05,-1.396710341351742183e-04,0.000000000000000000e+00,6.227574918847452595e-03,3.796973110150001380e-05,3.796973110173324601e-05,3.796973110126850275e-05,3.796973110159185927e-05
3.879757515155302702e-03,0.000000000000000000e+00,5.380945136242472343e-05,-1.399121084845030222e-04,0.000000000000000000e+00,6.227574353160352134e-03,3.029996085038684045e-05,3.029996085063632892e-05,3.029996084905822184e-05,3.029996084935973169e-05
3.884757202674832613e-03,0.000000000000000000e+00,5.167215788356250899e-05,-1.401529376144852073e-04,0.000000000000000000e+00,6.227572337712540887e-03,2.152282370819335732e-05,2.152282370845905123e-05,2.152282370694045668e-05,2.152282370721949982e-05
3.889756890194362958e-03,0.000000000000000000e+00,4.963084105089284102e-05,-1.403935215251207735e-04,0.000000000000000000e+00,6.227570511881632548e-03,1.240753700239800170e-05,1.240753700268000268e-05,1.240753700297899176e-05,1.240753700323492785e-05
3.894756577713892869e-03,0.000000000000000000e+00,4.770788060976335508e-05,-1.406338602164097209e-04,0.000000000000000000e+00,6.227570038121177202e-03,3.792057427627160472e-06,3.792057427925774315e-06,3.792057428636335855e-06,3.792057428868201807e-06
3.899756265233422781e-03,0.000000000000000000e+00,4.592724916454281483e-05,-1.408739536883520224e-04,0.000000000000000000e+00,6.227570818520372989e-03,-3.577970771951784077e-06,-3.577970771635873822e-06,-3.577970772426481669e-06,-3.577970772219870851e-06
3.904755952752952692e-03,0.000000000000000000e+00,4.431683324252530515e-05,-1.411138019409477050e-04,0.000000000000000000e+00,6.227571817165673124e-03,-9.156166847601710410e-06,-9.156166847267552524e-06,-9.156166847990103815e-06,-9.156166847810277026e-06
3.909755640272482603e-03,0.000000000000000000e+00,4.290711257197263220e-05,-1.413534049741967688e-04,0.000000000000000000e+00,6.227572131296057155e-03,-1.265327288446679895e-05,-1.265327288411307799e-05,-1.265327288280664148e-05,-1.265327288265533090e-05
3.914755327792012948e-03,0.000000000000000000e+00,4.172611297019136127e-05,-1.415927627880992138e-04,0.000000000000000000e+00,6.227571746509344246e-03,-1.407150537719365396e-05,-1.407150537681897572e-05,-1.407150537539380721e-05,-1.407150537527279330e-05
3.919755015311543293e-03,0.000000000000000000e+00,4.079462746099469785e-05,-1.418318753826550399e-04,0.000000000000000000e+00,6.227571373803589966e-03,-1.370178043113032078e-05,-1.370178043073313179e-05,-1.370178043126513285e-05,-1.370178043117624182e-05
3.924754702831072771e-03,0.000000000000000000e+00,4.012427248237678782e-05,-1.420707427578642200e-04,0.000000000000000000e+00,6.227571511571668161e-03,-1.204979331609742416e-05,-1.204979331567603205e-05,-1.204979331615791417e-05,-1.204979331610301458e-05
3.929754390350603116e-03,0.000000000000000000e+00,3.971667093855102523e-05,-1.423093649137268085e-04,0.000000000000000000e+00,6.227571912909787150e-03,-9.697985184100693353e-06,-9.697985183653427769e-06,-9.697985182531178571e-06,-9.697985182511984804e-06
3.934754077870133461e-03,0.000000000000000000e+00,3.956158135295529402e-05,-1.425477418502427509e-04,0.000000000000000000e+00,6.227571882076522389e-03,-7.162027617799164483e-06,-7.162027617324546512e-06,-7.162027617186750345e-06,-7.162027617204669327e-06
3.939753765389662939e-03,0.000000000000000000e+00,3.963541057238733614e-05,-1.427858735674120746e-04,0.000000000000000000e+00,6.227571165997700282e-03,-4.796272389597086055e-06,-4.796272389093923921e-06,-4.796272391031338993e-06,-4.796272391087388857e-06
3.944753452909193284e-03,0.000000000000000000e+00,3.990316566419347777e-05,-1.430237600652347794e-04,0.000000000000000000e+00,6.227570395709763548e-03,-2.753891485744975150e-06,-2.753891485212379044e-06,-2.753891486069482790e-06,-2.753891486164296693e-06
3.949753140428722761e-03,0.000000000000000000e+00,4.032374194983963356e-05,-1.432614013437108653e-04,0.000000000000000000e+00,6.227570546030813427e-03,-9.849382759457966910e-07,-9.849382753831167276e-07,-9.849382744701672529e-07,-9.849382746039859648e-07
3.954752827948253106e-03,0.000000000000000000e+00,4.085517934986485550e-05,-1.434987974028403325e-04,0.000000000000000000e+00,6.227571984333908975e-03,7.181690557806580074e-07,7.181690563736323160e-07,7.181690556373590910e-07,7.181690554647663871e-07
3.959752515467783451e-03,0.000000000000000000e+00,4.145785766879701915e-05,-1.437359482426231537e-04,0.000000000000000000e+00,6.227573899284272185e-03,2.609711081141542638e-06,2.609711081764601862e-06,2.609711079143040820e-06,2.609711078932384996e-06
3.964752202987312929e-03,0.000000000000000000e+00,4.209705405310638541e-05,-1.439728538630593560e-04,0.000000000000000000e+00,6.227574874978974301e-03,4.851662285941788775e-06,4.851662286594293830e-06,4.851662285470932477e-06,4.851662285223382016e-06
3.969751890506843274e-03,0.000000000000000000e+00,4.274619496695776695e-05,-1.442095142641489395e-04,0.000000000000000000e+00,6.227574026127302188e-03,7.431888107392862458e-06,7.431888108073898971e-06,7.431888108295450602e-06,7.431888108012492470e-06
3.974751578026373619e-03,0.000000000000000000e+00,4.338869173677263109e-05,-1.444459294458919042e-04,0.000000000000000000e+00,6.227571779113219574e-03,1.017791688773671914e-05,1.017791688844499115e-05,1.017791688718112143e-05,1.017791688686451237e-05
3.979751265545903097e-03,0.000000000000000000e+00,4.401540170523479515e-05,-1.446820994082882229e-04,0.000000000000000000e+00,6.227569463523955837e-03,1.281838346826760197e-05,1.281838346900144591e-05,1.281838346720340503e-05,1.281838346685524230e-05
3.984750953065433442e-03,0.000000000000000000e+00,4.461879174593249989e-05,-1.449180241513379499e-04,0.000000000000000000e+00,6.227568162117060394e-03,1.504380322066191654e-05,1.504380322141929275e-05,1.504380322169202719e-05,1.504380322131475702e-05
3.989750640584963787e-03,0.000000000000000000e+00,4.518832098915229276e-05,-1.451537036750410309e-04,0.000000000000000000e+00,6.227567930398517602e-03,1.658694720237213321e-05,1.658694720315063441e-05,1.658694720413168491e-05,1.658694720372792464e-05
3.994750328104493264e-03,0.000000000000000000e+00,4.570935774127107398e-05,-1.453891379793974931e-04,0.000000000000000000e+00,6.227567969487804098e-03,1.734291412145022457e-05,1.734291412224713688e-05,1.734291412161173681e-05,1.734291412118433415e-05
3.999750015624023609e-03,0.000000000000000000e+00,4.616345563365027369e-05,-1.456243270644073365e-04,0.000000000000000000e+00,6.227567670655334911e-03,1.746378173516705597e-05,1.746378173597931314e-05,1.746378173525417162e-05,1.746378173480618267e-05
