time_s,contact_force_N,impact_w_m,ball_travel_m,indentation_m,energy_J,S1_mean_exx_plus_eyy,S2_mean_exx_plus_eyy,S3_mean_exx_plus_eyy,S4_mean_exx_plus_eyy
0.000000000000000000e+00,0.000000000000000000e+00,0.000000000000000000e+00,0.000000000000000000e+00,0.000000000000000000e+00,6.227579619865871753e-03,0.000000000000000000e+00,0.000000000000000000e+00,0.000000000000000000e+00,0.000000000000000000e+00
4.999843754882660928e-06,1.958470499366007900e+01,2.624992297796051248e-08,8.844575481888980014e-06,8.818325558911019178e-06,6.227567044426043398e-03,-4.503626796103226892e-10,-4.503626796100389663e-10,-4.503625901600923728e-10,-4.503625901603231562e-10
9.999687509765321856e-06,5.367300923268593493e+01,2.894299181284859367e-07,1.755888903622352201e-05,1.726945911809503681e-05,6.227565392518799592e-03,-2.662709557869589203e-09,-2.662709557870899457e-09,-2.662709674455018774e-09,-2.662709674453443822e-09
1.499953126464798109e-05,9.226382781263833976e+01,1.151340240664216935e-06,2.593292550665998638e-05,2.478158526599576796e-05,6.227569749705843920e-03,2.813435241782010960e-09,2.813435241781931551e-09,2.813435377000709533e-09,2.813435377001635976e-09
1.999937501953064371e-05,1.274338416755186927e+02,2.992844491679761400e-06,3.372770803963166960e-05,3.073486354795191032e-05,6.227577478656764164e-03,4.373358039300533921e-08,4.373358039301068611e-08,4.373358025060708350e-08,4.373358025060136602e-08
2.499921877441330125e-05,1.523006764816214229e+02,6.112022920751104154e-06,4.072529533924373001e-05,3.461327241849262586e-05,6.227583967576767049e-03,1.622991894130735503e-07,1.622991894130745033e-07,1.622991895162847267e-07,1.622991895162778446e-07
2.999906252929596218e-05,1.623828609439370041e+02,1.064691713805299694e-05,4.677139384515829223e-05,3.612447670710529699e-05,6.227585375032142385e-03,3.756609364929860106e-07,3.756609364929674818e-07,3.756609364045769467e-07,3.756609364045658294e-07
3.499890628417862311e-05,1.566780305208765185e+02,1.652964511238656239e-05,5.180300596836824063e-05,3.527336085598167825e-05,6.227581374759502339e-03,6.635962231469655600e-07,6.635962231469683129e-07,6.635962231619563491e-07,6.635962231618807514e-07
3.999875003906128742e-05,1.376772162517147535e+02,2.349416867179023499e-05,5.585473820002862926e-05,3.236056952823839427e-05,6.227575075767720174e-03,9.652497780799785777e-07,9.652497780799908596e-07,9.652497780445886941e-07,9.652497780444260638e-07
4.499859379394394496e-05,1.103004078757542601e+02,3.112941822677995588e-05,5.904368241482219808e-05,2.791426418804224220e-05,6.227570403472310230e-03,1.175355517787984270e-06,1.175355517787992740e-06,1.175355517715813251e-06,1.175355517715540930e-06
4.999843754882660250e-05,8.029684420973458714e+01,3.894974319322645198e-05,6.153926774537558865e-05,2.258952455214913667e-05,6.227569465537195238e-03,1.195724499329152216e-06,1.195724499329244543e-06,1.195724499590145090e-06,1.195724499589672869e-06
5.499828130370926682e-05,5.264281576846122590e+01,4.648012947308539911e-05,6.352789693315784899e-05,1.704776746007244988e-05,6.227571803032911323e-03,9.746677125750323943e-07,9.746677125752162004e-07,9.746677121347090929e-07,9.746677121340149494e-07
5.999812505859192436e-05,3.052274980223416279e+01,5.332834009173929765e-05,6.518212957167889390e-05,1.185378947993959625e-05,6.227575314069254929e-03,5.145429375984975063e-07,5.145429375987982029e-07,5.145429379991661132e-07,5.145429379982818108e-07
6.499796881347458190e-05,1.507977783788450665e+01,5.923268478908862524e-05,6.664074893863502558e-05,7.408064149546400340e-06,6.227577909191604581e-03,-1.370840183860176610e-07,-1.370840183855094412e-07,-1.370840185067079975e-07,-1.370840185078057522e-07
6.999781256835724622e-05,5.842007107687922307e+00,6.406446551353585611e-05,6.800132117957703574e-05,3.936855666041179629e-06,6.227578624277876895e-03,-8.521536499361865192e-07,-8.521536499353581209e-07,-8.521536499946182400e-07,-8.521536499959158945e-07
7.499765632323991053e-05,1.395494236963024548e+00,6.780717779512818514e-05,6.932280876317517603e-05,1.515630968046990891e-06,6.227577787682346197e-03,-1.432106810987864191e-06,-1.432106810986700368e-06,-1.432106810980083347e-06,-1.432106810981472481e-06
7.999750007812257485e-05,2.536632325060465473e-02,7.052936279406318495e-05,7.063414313016394552e-05,1.047803361007605683e-07,6.227576494243496248e-03,-1.676820156771990526e-06,-1.676820156770345588e-06,-1.676820156480663708e-06,-1.676820156482093500e-06
8.499734383300522561e-05,0.000000000000000000e+00,7.235069789901292330e-05,7.194477882517271675e-05,0.000000000000000000e+00,6.227575763768117278e-03,-1.446523614745076378e-06,-1.446523614742869857e-06,-1.446523615169141729e-06,-1.446523615170520699e-06
8.999718758788788993e-05,0.000000000000000000e+00,7.341455050794075908e-05,7.325565951647970686e-05,0.000000000000000000e+00,6.227575860756000281e-03,-7.437560402739695965e-07,-7.437560402711265304e-07,-7.437560402138124695e-07,-7.437560402150897952e-07
9.499703134277055424e-05,4.356390831210831815e-01,7.386916010956124995e-05,7.456663085397907209e-05,6.974707444178221459e-07,6.227576144134029656e-03,2.632378656299090787e-07,2.632378656334716993e-07,2.632378658842540145e-07,2.632378658831253431e-07
9.999687509765320501e-05,2.114306910145481666e+00,7.387510821738590549e-05,7.587444884725066637e-05,1.999340629864760884e-06,6.227576017715217606e-03,1.277893101980233473e-06,1.277893101984610092e-06,1.277893101799867124e-06,1.277893101798864237e-06
1.049967188525358693e-04,5.038024260585994618e+00,7.360170520644197757e-05,7.716852861777717286e-05,3.566823411335195287e-06,6.227575388659423172e-03,2.006927493840596235e-06,2.006927493845829204e-06,2.006927493512399767e-06,2.006927493511454478e-06
1.099965626074185336e-04,8.916777214153862374e+00,7.321169050423317903e-05,7.843060341175698213e-05,5.218912907523803098e-06,6.227574674903544986e-03,2.251905078934737689e-06,2.251905078940885454e-06,2.251905079623378863e-06,2.251905079622345483e-06
1.149964063623011980e-04,1.322337057763330570e+01,7.284964497238533444e-05,7.963651530029224480e-05,6.786870327906910361e-06,6.227574448328726184e-03,1.948847805536904078e-06,1.948847805543998826e-06,1.948847804992136532e-06,1.948847804990913417e-06
1.199962501171838487e-04,1.733122904909699358e+01,7.263126306577237512e-05,8.075946242228524102e-05,8.128199356512865901e-06,6.227574934423170394e-03,1.157607499635492326e-06,1.157607499643583185e-06,1.157607499717810376e-06,1.157607499716146803e-06
1.249960938720664995e-04,2.065891144743797625e+01,7.263597238679223250e-05,8.177387225718955020e-05,9.137899870397317697e-06,6.227575831015260029e-03,4.025874389535470535e-08,4.025874390450943745e-08,4.025874400477103335e-08,4.025874400245016307e-08
1.299959376269491638e-04,2.281132959524363812e+01,7.289691824209705204e-05,8.265898646819333918e-05,9.762068226096287139e-06,6.227576627551886616e-03,-1.151252929678093205e-06,-1.151252929667833942e-06,-1.151252929713350104e-06,-1.151252929716528172e-06
1.349957813818318281e-04,2.362809068097831044e+01,7.340760752148954658e-05,8.340132784586878965e-05,9.993720324379243075e-06,6.227576905031506627e-03,-2.151090068701270021e-06,-2.151090068689723268e-06,-2.151090069098487816e-06,-2.151090069102899163e-06
1.399956251367144924e-04,2.318289967599019974e+01,7.412791918212920475e-05,8.399571018621419664e-05,9.867791004084991891e-06,6.227576554964189479e-03,-2.737029620361513334e-06,-2.737029620348577447e-06,-2.737029620077255853e-06,-2.737029620083012289e-06
1.449954688915971567e-04,2.173057296347603540e+01,7.499355979987632685e-05,8.444480195186077347e-05,9.451242151984446619e-06,6.227575817993062993e-03,-2.774166000275785418e-06,-2.774166000261199511e-06,-2.774166000167304215e-06,-2.774166000174829255e-06
1.499953126464798211e-04,1.960709474552228571e+01,7.593252935963211491e-05,8.475757453368759468e-05,8.825045174055479776e-06,6.227575082182585341e-03,-2.246587969833596139e-06,-2.246587969817112878e-06,-2.246587970090609652e-06,-2.246587970100126914e-06
1.549951564013624854e-04,1.712188122357423836e+01,7.688463051773165814e-05,8.494724248522299358e-05,8.062611967491335437e-06,6.227574606986261210e-03,-1.270518366743551646e-06,-1.270518366724910145e-06,-1.270518366155697228e-06,-1.270518366167372730e-06
1.599950001562451497e-04,1.448828545896309805e+01,7.781629530033262320e-05,8.502935347679683911e-05,7.213058176464215909e-06,6.227574513742952303e-03,-3.344582919625804568e-08,-3.344582917519064221e-08,-3.344582940712859196e-08,-3.344582942133164042e-08
1.649948439111277869e-04,1.184555721962466812e+01,7.871358866659285093e-05,8.502042801905755685e-05,6.306839352464705924e-06,6.227574822374132811e-03,1.286049440510517595e-06,1.286049440534156591e-06,1.286049440566001641e-06,1.286049440549128745e-06
1.699946876660104512e-04,9.283161035815506779e+00,7.957615886434187306e-05,8.493707107102547885e-05,5.360912206683605789e-06,6.227575482428349823e-03,2.489931862330275339e-06,2.489931862356511337e-06,2.489931862577976572e-06,2.489931862558374535e-06
1.749945314208931155e-04,6.873128934211235830e+00,8.040795080461263244e-05,8.479538988684446601e-05,4.387439082231833569e-06,6.227576372871463165e-03,3.388230848919201959e-06,3.388230848948095947e-06,3.388230848878267398e-06,3.388230848855744792e-06
1.799943751757757799e-04,4.689616752353332529e+00,8.121010704940886439e-05,8.461053053611986929e-05,3.400423486711004906e-06,6.227577195220848801e-03,3.844745547616089368e-06,3.844745547647524455e-06,3.844745547312683861e-06,3.844745547287171228e-06
1.849942189306584442e-04,2.817807592581512033e+00,8.197490334099216268e-05,8.439620553482641879e-05,2.421302193834256114e-06,6.227577463026669723e-03,3.807696292192037277e-06,3.807696292225667873e-06,3.807696292645720829e-06,3.807696292617296097e-06
1.899940626855411085e-04,1.344742478327992430e+00,8.268550483900848644e-05,8.416416210388179340e-05,1.478657264873306965e-06,6.227576836036795641e-03,3.279853375944241510e-06,3.279853375979727956e-06,3.279853375658269211e-06,3.279853375627030213e-06
1.949939064404237728e-04,3.476990281493549384e-01,8.332351450762669046e-05,8.392364232346323310e-05,6.001278158365426323e-07,6.227575476902316200e-03,2.337316990553146457e-06,2.337316990590146126e-06,2.337316990557659448e-06,2.337316990523666322e-06
1.999937501953064100e-04,0.000000000000000000e+00,8.386566512814486000e-05,8.368085506510494179e-05,0.000000000000000000e+00,6.227574029903305136e-03,1.119828629895170934e-06,1.119828629933090905e-06,1.119828630070600351e-06,1.119828630034090266e-06
2.049935939501890743e-04,0.000000000000000000e+00,8.428759566471858756e-05,8.343817643418846314e-05,0.000000000000000000e+00,6.227573249841967563e-03,-2.539504149285672143e-07,-2.539504148902554906e-07,-2.539504145211644837e-07,-2.539504145599602868e-07
2.099934377050717386e-04,0.000000000000000000e+00,8.456700352703306819e-05,8.319574303794458709e-05,0.000000000000000000e+00,6.227573578005954867e-03,-1.703044217919028451e-06,-1.703044217880671835e-06,-1.703044218824467708e-06,-1.703044218865333660e-06
2.149932814599544030e-04,0.000000000000000000e+00,8.469262811035480607e-05,8.295355487637331364e-05,0.000000000000000000e+00,6.227574756752136259e-03,-3.166068903377101204e-06,-3.166068903339175304e-06,-3.166068902456716474e-06,-3.166068902499482744e-06
2.199931252148370673e-04,0.000000000000000000e+00,8.466915364400581475e-05,8.271161194947462922e-05,0.000000000000000000e+00,6.227576127170315369e-03,-4.558857721288149530e-06,-4.558857721250919891e-06,-4.558857721550794965e-06,-4.558857721595211679e-06
2.249929689697197316e-04,0.000000000000000000e+00,8.451571334308678892e-05,8.246991425724853385e-05,0.000000000000000000e+00,6.227577164913823682e-03,-5.792396627603363969e-06,-5.792396627567028797e-06,-5.792396627456457963e-06,-5.792396627502445922e-06
2.299928127246023959e-04,0.000000000000000000e+00,8.426752170053562079e-05,8.222846179969504107e-05,0.000000000000000000e+00,6.227577676032814563e-03,-6.750243165602170082e-06,-6.750243165566800527e-06,-6.750243165690303860e-06,-6.750243165737738552e-06
2.349926564794850331e-04,0.000000000000000000e+00,8.396747672769096487e-05,8.198725457681413733e-05,0.000000000000000000e+00,6.227577701738428416e-03,-7.287621527039527810e-06,-7.287621527005045099e-06,-7.287621526505016139e-06,-7.287621526553954315e-06
2.399925002343676974e-04,0.000000000000000000e+00,8.365984414857845100e-05,8.174629258860582263e-05,0.000000000000000000e+00,6.227577298634007913e-03,-7.272509049805616783e-06,-7.272509049772052256e-06,-7.272509050578388658e-06,-7.272509050628665146e-06
2.449923439892503618e-04,0.000000000000000000e+00,8.338300074757921520e-05,8.150557583507011053e-05,0.000000000000000000e+00,6.227576476364606040e-03,-6.622570203603802709e-06,-6.622570203571164835e-06,-6.622570203402886494e-06,-6.622570203454469106e-06
2.499921877441329990e-04,0.000000000000000000e+00,8.317219745223759374e-05,8.126510431620698747e-05,0.000000000000000000e+00,6.227575367163320531e-03,-5.302993417844624867e-06,-5.302993417812751017e-06,-5.302993417867093263e-06,-5.302993417919797347e-06
2.549920314990156904e-04,0.000000000000000000e+00,8.305744578966604689e-05,8.102487803201645345e-05,0.000000000000000000e+00,6.227574376140863725e-03,-3.281201171573038263e-06,-3.281201171541632822e-06,-3.281201171564639931e-06,-3.281201171618558660e-06
2.599918752538983276e-04,0.000000000000000000e+00,8.305454550938233007e-05,8.078489698249853557e-05,0.000000000000000000e+00,6.227573913452254077e-03,-5.789154372235638278e-07,-5.789154371923210175e-07,-5.789154375600044674e-07,-5.789154376150836318e-07
2.649917190087810190e-04,0.000000000000000000e+00,8.316306584595050788e-05,8.054516116765319319e-05,0.000000000000000000e+00,6.227574048971985798e-03,2.698727952525732871e-06,2.698727952557352611e-06,2.698727953285229198e-06,2.698727953228710925e-06
2.699915627636636562e-04,0.000000000000000000e+00,8.336610088332557951e-05,8.030567058748043984e-05,0.000000000000000000e+00,6.227574495440293435e-03,6.386226284347260636e-06,6.386226284380106880e-06,6.386226284358778590e-06,6.386226284300495947e-06
2.749914065185463477e-04,0.000000000000000000e+00,8.363733440929596206e-05,8.006642524198030264e-05,0.000000000000000000e+00,6.227574902981621377e-03,1.028137391423349434e-05,1.028137391426843614e-05,1.028137391502622231e-05,1.028137391496567301e-05
2.799912502734289849e-04,0.000000000000000000e+00,8.394277204850362269e-05,7.982742513115274093e-05,0.000000000000000000e+00,6.227575161539386853e-03,1.412880429896023664e-05,1.412880429899828706e-05,1.412880429902201075e-05,1.412880429895870521e-05
2.849910940283116221e-04,0.000000000000000000e+00,8.424955153076804952e-05,7.958867025499776827e-05,0.000000000000000000e+00,6.227575446460401586e-03,1.763143988381265126e-05,1.763143988385505712e-05,1.763143988423182415e-05,1.763143988416505424e-05
2.899909377831943135e-04,0.000000000000000000e+00,8.453083466438681966e-05,7.935016061351541175e-05,0.000000000000000000e+00,6.227575928801541705e-03,2.049539490588237788e-05,2.049539490593037076e-05,2.049539490565326224e-05,2.049539490558244351e-05
2.949907815380769507e-04,0.000000000000000000e+00,8.476214023278389397e-05,7.911189620670563071e-05,0.000000000000000000e+00,6.227576511116742104e-03,2.235373477456045809e-05,2.235373477461495280e-05,2.235373477427545522e-05,2.235373477420017093e-05
2.999906252929596421e-04,0.000000000000000000e+00,8.491961090994592631e-05,7.887387703456845227e-05,0.000000000000000000e+00,6.227576931556903089e-03,2.276425997572651124e-05,2.276425997578843612e-05,2.276425997551565086e-05,2.276425997543552832e-05
3.049904690478422793e-04,0.000000000000000000e+00,8.498030007978860307e-05,7.863610309710387643e-05,0.000000000000000000e+00,6.227576987742019544e-03,2.130238059358242046e-05,2.130238059365245992e-05,2.130238059330814441e-05,2.130238059322314974e-05
3.099903128027249708e-04,0.000000000000000000e+00,8.493082344088244439e-05,7.839857439431187607e-05,0.000000000000000000e+00,6.227576655872517179e-03,1.768066138044882757e-05,1.768066138052714763e-05,1.768066138015789886e-05,1.768066138006820146e-05
3.149901565576076080e-04,0.000000000000000000e+00,8.476602679456685812e-05,7.816129092619247831e-05,0.000000000000000000e+00,6.227576067203944958e-03,1.178177685342564443e-05,1.178177685351229252e-05,1.178177685274508395e-05,1.178177685265102264e-05
3.199900003124902994e-04,0.000000000000000000e+00,8.449047379444517747e-05,7.792425269274568314e-05,0.000000000000000000e+00,6.227575401562995480e-03,3.724703258572626308e-06,3.724703258667548208e-06,3.724703259061947077e-06,3.724703258963826780e-06
3.249898440673729366e-04,0.000000000000000000e+00,8.411974970379093553e-05,7.768745969397146346e-05,0.000000000000000000e+00,6.227574780485768506e-03,-6.061733038562401620e-06,-6.061733038459781885e-06,-6.061733038176283345e-06,-6.061733038277954404e-06
3.299896878222555738e-04,0.000000000000000000e+00,8.368041323234792881e-05,7.745091192986984638e-05,0.000000000000000000e+00,6.227574354591835538e-03,-1.686738737458083739e-05,-1.686738737447127537e-05,-1.686738737396156822e-05,-1.686738737406626149e-05
3.349895315771382652e-04,0.000000000000000000e+00,8.321014561009621683e-05,7.721460940044083188e-05,0.000000000000000000e+00,6.227574350350765370e-03,-2.775404281138513246e-05,-2.775404281126934305e-05,-2.775404281054543143e-05,-2.775404281065277422e-05
3.399893753320209024e-04,0.000000000000000000e+00,8.275516848511632389e-05,7.697855210568440643e-05,0.000000000000000000e+00,6.227574938849711993e-03,-3.763756555609551170e-05,-3.763756555597453507e-05,-3.763756555465591484e-05,-3.763756555476535149e-05
3.449892190869035939e-04,0.000000000000000000e+00,8.237343819431426791e-05,7.674274004560057002e-05,0.000000000000000000e+00,6.227576058279071965e-03,-4.540644542516374528e-05,-4.540644542503862835e-05,-4.540644542427608185e-05,-4.540644542438726679e-05
3.499890628417862311e-04,0.000000000000000000e+00,8.212516203248919594e-05,7.650717322018933621e-05,0.000000000000000000e+00,6.227577371460086414e-03,-5.011860686131506246e-05,-5.011860686118684201e-05,-5.011860686033556712e-05,-5.011860686044812763e-05
3.549889065966689225e-04,0.000000000000000000e+00,8.206047223997681573e-05,7.627185162945069143e-05,0.000000000000000000e+00,6.227578326288467706e-03,-5.114610637152651072e-05,-5.114610637139606765e-05,-5.114610637117349449e-05,-5.114610637128721375e-05
3.599887503515515597e-04,0.000000000000000000e+00,8.220690359438723963e-05,7.603677527338463570e-05,0.000000000000000000e+00,6.227578422962347544e-03,-4.821913554422594251e-05,-4.821913554409423228e-05,-4.821913554377656782e-05,-4.821913554389127641e-05
3.649885941064341969e-04,0.000000000000000000e+00,8.256403871768910690e-05,7.580194415199118256e-05,0.000000000000000000e+00,6.227577497274368150e-03,-4.143853272982404553e-05,-4.143853272969171187e-05,-4.143853273158828641e-05,-4.143853273170398433e-05
3.699884378613168883e-04,0.000000000000000000e+00,8.310407567344772848e-05,7.556735826527031846e-05,0.000000000000000000e+00,6.227575815220885540e-03,-3.127845315888837170e-05,-3.127845315875599062e-05,-3.127845315987676429e-05,-3.127845315999341766e-05
3.749882816161995256e-04,0.000000000000000000e+00,8.377174760732237059e-05,7.533301761322204341e-05,0.000000000000000000e+00,6.227574000203015166e-03,-1.856463883981709294e-05,-1.856463883968498629e-05,-1.856463884111781706e-05,-1.856463884123557497e-05
3.799881253710822170e-04,0.000000000000000000e+00,8.449535420998897299e-05,7.509892219584638449e-05,0.000000000000000000e+00,6.227572816422264658e-03,-4.361880630067644840e-06,-4.361880629935934605e-06,-4.361880630495462547e-06,-4.361880630614551992e-06
3.849879691259648542e-04,0.000000000000000000e+00,8.519506213349917851e-05,7.486507201314330107e-05,0.000000000000000000e+00,6.227572754174978339e-03,1.011039903771498687e-05,1.011039903784623632e-05,1.011039903596760025e-05,1.011039903584700140e-05
3.899878128808475456e-04,0.000000000000000000e+00,8.579279590893270822e-05,7.463146706511280669e-05,0.000000000000000000e+00,6.227573726771412285e-03,2.356806248303542725e-05,2.356806248316624979e-05,2.356806248369606213e-05,2.356806248357384544e-05
3.949876566357301828e-04,0.000000000000000000e+00,8.621946607991177547e-05,7.439810735175492846e-05,0.000000000000000000e+00,6.227575179736150393e-03,3.482271183263982927e-05,3.482271183277044175e-05,3.482271183351238163e-05,3.482271183338822693e-05
3.999875003906128200e-04,0.000000000000000000e+00,8.642597916735745222e-05,7.416499287306962571e-05,0.000000000000000000e+00,6.227576465299149329e-03,4.294385812342930129e-05,4.294385812355998831e-05,4.294385812430616335e-05,4.294385812418007064e-05
4.049873441454955115e-04,0.000000000000000000e+00,8.639354223469603846e-05,7.393212362905691201e-05,0.000000000000000000e+00,6.227577209602644902e-03,4.733993808825729028e-05,4.733993808838826191e-05,4.733993808938181800e-05,4.733993808925373984e-05
4.099871879003781487e-04,0.000000000000000000e+00,8.613076577600748264e-05,7.369949961971681445e-05,0.000000000000000000e+00,6.227577393540903623e-03,4.778891966294135211e-05,4.778891966307312333e-05,4.778891966520326889e-05,4.778891966507309687e-05
4.149870316552608401e-04,0.000000000000000000e+00,8.566881308818247002e-05,7.346712084504929238e-05,0.000000000000000000e+00,6.227577138935814008e-03,4.450426689991945553e-05,4.450426690005252102e-05,4.450426690040765144e-05,4.450426690027540588e-05
4.199868754101434773e-04,0.000000000000000000e+00,8.505081577436912469e-05,7.323498730505437291e-05,0.000000000000000000e+00,6.227576517680008528e-03,3.809287241332658515e-05,3.809287241346136503e-05,3.809287241366720081e-05,3.809287241353301724e-05
4.249867191650261687e-04,0.000000000000000000e+00,8.432584860819749596e-05,7.300309899973205603e-05,0.000000000000000000e+00,6.227575660409043375e-03,2.945608213703088094e-05,2.945608213716783600e-05,2.945608213760286874e-05,2.945608213746703853e-05
4.299865629199088059e-04,0.000000000000000000e+00,8.354104927286545618e-05,7.277145592908231464e-05,0.000000000000000000e+00,6.227574818574555839e-03,1.969416171443390202e-05,1.969416171457362858e-05,1.969416171524364519e-05,1.969416171510631405e-05
4.349864066747914431e-04,0.000000000000000000e+00,8.273949599603944193e-05,7.254005809310517584e-05,0.000000000000000000e+00,6.227574225539384521e-03,9.991200745887726740e-06,9.991200746030553436e-06,9.991200745086355645e-06,9.991200744947852205e-06
4.399862504296741346e-04,0.000000000000000000e+00,8.196453666951048400e-05,7.230890549180063963e-05,0.000000000000000000e+00,6.227573910522212451e-03,1.422077465948316279e-06,1.422077466094646302e-06,1.422077465697553869e-06,1.422077465558183067e-06
4.449860941845567718e-04,0.000000000000000000e+00,8.125874767782854491e-05,7.207799812516867892e-05,0.000000000000000000e+00,6.227573719577497550e-03,-5.245603381025561439e-06,-5.245603380875328288e-06,-5.245603381491773456e-06,-5.245603381631723627e-06
4.499859379394394632e-04,0.000000000000000000e+00,8.066277900722397011e-05,7.184733599320932080e-05,0.000000000000000000e+00,6.227573534144748534e-03,-9.649874944732135773e-06,-9.649874944577703032e-06,-9.649874944641386357e-06,-9.649874944781702447e-06
4.549857816943221004e-04,0.000000000000000000e+00,8.021076632777304110e-05,7.161691909592256527e-05,0.000000000000000000e+00,6.227573532000056991e-03,-1.185322112545788796e-05,-1.185322112529893883e-05,-1.185322112556907628e-05,-1.185322112570954144e-05
4.599856254492047918e-04,0.000000000000000000e+00,7.993325791450466272e-05,7.138674743330839878e-05,0.000000000000000000e+00,6.227574089167505454e-03,-1.226899124465416500e-05,-1.226899124449048605e-05,-1.226899124474578178e-05,-1.226899124488623001e-05
4.649854692040874290e-04,0.000000000000000000e+00,7.985519423275090926e-05,7.115682100536682134e-05,0.000000000000000000e+00,6.227575371928409896e-03,-1.151906090358744669e-05,-1.151906090341905993e-05,-1.151906090244630697e-05,-1.151906090258641807e-05
4.699853129589700662e-04,0.000000000000000000e+00,7.999084246635764655e-05,7.092713981209784648e-05,0.000000000000000000e+00,6.227577071399372291e-03,-1.025474135208985868e-05,-1.025474135191688269e-05,-1.025474135127780141e-05,-1.025474135141721965e-05
4.749851567138527577e-04,0.000000000000000000e+00,8.034133936367138283e-05,7.069770385350146067e-05,0.000000000000000000e+00,6.227578563085462912e-03,-8.973900413918023920e-06,-8.973900413740800911e-06,-8.973900413489349016e-06,-8.973900413627549218e-06
4.799850004687353949e-04,0.000000000000000000e+00,8.089105906248504109e-05,7.046851312957766390e-05,0.000000000000000000e+00,6.227579289583548561e-03,-7.927561530693634560e-06,-7.927561530512652419e-06,-7.927561529729379029e-06,-7.927561529865776745e-06
4.849848442236180863e-04,0.000000000000000000e+00,8.160810839373685253e-05,7.023956764032646973e-05,0.000000000000000000e+00,6.227579073611488880e-03,-7.074856949583505983e-06,-7.074856949399301728e-06,-7.074856948087752525e-06,-7.074856948221639635e-06
4.899846879785007235e-04,0.000000000000000000e+00,8.244388126016934093e-05,7.001086738574786460e-05,0.000000000000000000e+00,6.227578140004303396e-03,-6.115620311876292041e-06,-6.115620311689372199e-06,-6.115620313000923097e-06,-6.115620313131796463e-06
4.949845317333834149e-04,0.000000000000000000e+00,8.334468102122428394e-05,6.978241236584184850e-05,0.000000000000000000e+00,6.227576835967068430e-03,-4.598839700642620533e-06,-4.598839700453413701e-06,-4.598839702175313099e-06,-4.598839702302756829e-06
4.999843754882659979e-04,0.000000000000000000e+00,8.426230768293062085e-05,6.955420258060844856e-05,0.000000000000000000e+00,6.227575426432623538e-03,-2.134384993427487720e-06,-2.134384993236225139e-06,-2.134384993591665575e-06,-2.134384993715485698e-06
5.049842192431486894e-04,0.000000000000000000e+00,8.515914007487814484e-05,6.932623803004762410e-05,0.000000000000000000e+00,6.227574128257888295e-03,1.456578231620931133e-06,1.456578231814380753e-06,1.456578230675434841e-06,1.456578230555005390e-06
5.099840629980313808e-04,0.000000000000000000e+00,8.600917226276456851e-05,6.909851871415938868e-05,0.000000000000000000e+00,6.227573224666326478e-03,6.107373984808037913e-06,6.107373985004114182e-06,6.107373982955381193e-06,6.107373982837817255e-06
5.149839067529140722e-04,0.000000000000000000e+00,8.679519495504785817e-05,6.887104463294376941e-05,0.000000000000000000e+00,6.227573030789052000e-03,1.150360528150878755e-05,1.150360528170789281e-05,1.150360528177724956e-05,1.150360528166202767e-05
5.199837505077966552e-04,0.000000000000000000e+00,8.750780320337875416e-05,6.864381578640072563e-05,0.000000000000000000e+00,6.227573727126576100e-03,1.714711440187418771e-05,1.714711440207683526e-05,1.714711440247978578e-05,1.714711440236632063e-05
5.249835942626793466e-04,0.000000000000000000e+00,8.813699104560728491e-05,6.841683217453027089e-05,0.000000000000000000e+00,6.227575104863949072e-03,2.246528084473321400e-05,2.246528084493975790e-05,2.246528084528557096e-05,2.246528084517343397e-05
5.299834380175620380e-04,0.000000000000000000e+00,8.867036502435043021e-05,6.819009379733243230e-05,0.000000000000000000e+00,6.227576559545795407e-03,2.693533175997172717e-05,2.693533176018228601e-05,2.693533176098517837e-05,2.693533176087434242e-05
5.349832817724446210e-04,0.000000000000000000e+00,8.909291560445829294e-05,6.796360065480716920e-05,0.000000000000000000e+00,6.227577429504410102e-03,3.012591376999578985e-05,3.012591377021004514e-05,3.012591377250272955e-05,3.012591377239349957e-05
5.399831255273273125e-04,0.000000000000000000e+00,8.938732527824786226e-05,6.773735274695450869e-05,0.000000000000000000e+00,6.227577397699735756e-03,3.174037299806315213e-05,3.174037299828079894e-05,3.174037299930719281e-05,3.174037299919987712e-05
5.449829692822100039e-04,0.000000000000000000e+00,8.953373455169010161e-05,6.751135007377445077e-05,0.000000000000000000e+00,6.227576611020827109e-03,3.165930874093569295e-05,3.165930874115633486e-05,3.165930874172591370e-05,3.165930874162105102e-05
5.499828130370926953e-04,0.000000000000000000e+00,8.951126028671561982e-05,6.728559263526696834e-05,0.000000000000000000e+00,6.227575544401888971e-03,2.994103024881889511e-05,2.994103024904192905e-05,2.994103024974633520e-05,2.994103024964449473e-05
5.549826567919752783e-04,0.000000000000000000e+00,8.930817025594022527e-05,6.706008043143208851e-05,0.000000000000000000e+00,6.227574706144616348e-03,2.679515784560709222e-05,2.679515784583201673e-05,2.679515784695451835e-05,2.679515784685609651e-05
5.599825005468579697e-04,0.000000000000000000e+00,8.892517671883510156e-05,6.683481346226981127e-05,0.000000000000000000e+00,6.227574415215497011e-03,2.252410683344725686e-05,2.252410683367367215e-05,2.252410683446091135e-05,2.252410683436611820e-05
5.649823443017406611e-04,0.000000000000000000e+00,8.837808812786729471e-05,6.660979172778010951e-05,0.000000000000000000e+00,6.227574781512838428e-03,1.751062471054602937e-05,1.751062471077363051e-05,1.751062470995011459e-05,1.751062470985887220e-05
5.699821880566232441e-04,0.000000000000000000e+00,8.769593996671581101e-05,6.638501522796301036e-05,0.000000000000000000e+00,6.227575706709329029e-03,1.217951197754687132e-05,1.217951197777541436e-05,1.217951197761818472e-05,1.217951197753024067e-05
5.749820318115059356e-04,0.000000000000000000e+00,8.691801110905430648e-05,6.616048396281851379e-05,0.000000000000000000e+00,6.227576830424421360e-03,6.953941163586384770e-06,6.953941163815657107e-06,6.953941163616077510e-06,6.953941163531009144e-06
5.799818755663886270e-04,0.000000000000000000e+00,8.608739881822172430e-05,6.593619793234660627e-05,0.000000000000000000e+00,6.227577652592938655e-03,2.232604485268852159e-06,2.232604485498564106e-06,2.232604484543781792e-06,2.232604484461158810e-06
5.849817193212713184e-04,0.000000000000000000e+00,8.524292757799315585e-05,6.571215713654728779e-05,0.000000000000000000e+00,6.227577814139215878e-03,-1.602034115355061234e-06,-1.602034115125340816e-06,-1.602034116858920798e-06,-1.602034116939482948e-06
5.899815630761539014e-04,0.000000000000000000e+00,8.442026477647373087e-05,6.548836157542057190e-05,0.000000000000000000e+00,6.227577269725969623e-03,-4.227375844946559747e-06,-4.227375844717463593e-06,-4.227375844858615704e-06,-4.227375844937384686e-06
5.949814068310365928e-04,0.000000000000000000e+00,8.365014909435636813e-05,6.526481124896644506e-05,0.000000000000000000e+00,6.227576267565313947e-03,-5.508997129473335741e-06,-5.508997129245436444e-06,-5.508997130290609032e-06,-5.508997130367897401e-06
5.999812505859192843e-04,0.000000000000000000e+00,8.295761869844971680e-05,6.504150615718490725e-05,0.000000000000000000e+00,6.227575178577825221e-03,-5.507115903024082792e-06,-5.507115902797901278e-06,-5.507115904193313519e-06,-5.507115904269556649e-06
6.049810943408018673e-04,0.000000000000000000e+00,8.235762681179228733e-05,6.481844630007597204e-05,0.000000000000000000e+00,6.227574316416150703e-03,-4.445516053315024829e-06,-4.445516053090977839e-06,-4.445516053530116988e-06,-4.445516053605873074e-06
6.099809380956845587e-04,0.000000000000000000e+00,8.185530115391987088e-05,6.459563167763962587e-05,0.000000000000000000e+00,6.227573881254313583e-03,-2.660729833102195273e-06,-2.660729832880552161e-06,-2.660729831289888661e-06,-2.660729831365830247e-06
6.149807818505672501e-04,0.000000000000000000e+00,8.144772702249302430e-05,6.437306228987586874e-05,0.000000000000000000e+00,6.227573944926148748e-03,-5.557872557123842201e-07,-5.557872554932991483e-07,-5.557872560357288833e-07,-5.557872561126310046e-07
6.199806256054499415e-04,0.000000000000000000e+00,8.112284053139103023e-05,6.415073813678472776e-05,0.000000000000000000e+00,6.227574341581515287e-03,1.502813182183506297e-06,1.502813182400172242e-06,1.502813182875244223e-06,1.502813182796310917e-06
6.249804693603325245e-04,0.000000000000000000e+00,8.086282088710640371e-05,6.392865921836616227e-05,0.000000000000000000e+00,6.227574731768458806e-03,3.204682410359111828e-06,3.204682410573506031e-06,3.204682411021708433e-06,3.204682410939641105e-06
6.299803131152152159e-04,0.000000000000000000e+00,8.064452877561831203e-05,6.370682553462018582e-05,0.000000000000000000e+00,6.227574907556204277e-03,4.262493349223262393e-06,4.262493349435904932e-06,4.262493351362342458e-06,4.262493351276112809e-06
6.349801568700979074e-04,0.000000000000000000e+00,8.044120664493136169e-05,6.348523708554682551e-05,0.000000000000000000e+00,6.227575009800709674e-03,4.484134597321484591e-06,4.484134597532880297e-06,4.484134596842894035e-06,4.484134596751260317e-06
6.399800006249805988e-04,0.000000000000000000e+00,8.021877094446478536e-05,6.326389387114604069e-05,0.000000000000000000e+00,6.227575365933091071e-03,3.858330285963912094e-06,3.858330286174540389e-06,3.858330286831527942e-06,3.858330286733704107e-06
6.449798443798631818e-04,0.000000000000000000e+00,7.993735732843157762e-05,6.304279589141784492e-05,0.000000000000000000e+00,6.227576129050845823e-03,2.573971651495870894e-06,2.573971651705863915e-06,2.573971651607848650e-06,2.573971651503382383e-06
6.499796881347458732e-04,0.000000000000000000e+00,7.955854065698397186e-05,6.282194314636226529e-05,0.000000000000000000e+00,6.227577033202445767e-03,9.265510983706878834e-07,9.265510985802319761e-07,9.265510986263698608e-07,9.265510985151629051e-07
6.549795318896285646e-04,0.000000000000000000e+00,7.905123468448957370e-05,6.260133563597926115e-05,0.000000000000000000e+00,6.227577607572657749e-03,-7.644135203921446605e-07,-7.644135201831189519e-07,-7.644135219591047909e-07,-7.644135220769202976e-07
6.599793756445111476e-04,0.000000000000000000e+00,7.839863936313885232e-05,6.238097336026885960e-05,0.000000000000000000e+00,6.227577609299733696e-03,-2.250030507779029196e-06,-2.250030507570709913e-06,-2.250030507378262333e-06,-2.250030507502198500e-06
6.649792193993938390e-04,0.000000000000000000e+00,7.760066441089922542e-05,6.216085631923106065e-05,0.000000000000000000e+00,6.227577153939067856e-03,-3.443938563943694218e-06,-3.443938563736269402e-06,-3.443938564145313471e-06,-3.443938564274809562e-06
6.699790631542765305e-04,0.000000000000000000e+00,7.667851553055125889e-05,6.194098451286583719e-05,0.000000000000000000e+00,6.227576449310240347e-03,-4.450642512273667294e-06,-4.450642512067389361e-06,-4.450642512800279536e-06,-4.450642512934644372e-06
6.749789069091592219e-04,0.000000000000000000e+00,7.567207245516986464e-05,6.172135794117321632e-05,0.000000000000000000e+00,6.227575585718658421e-03,-5.541469128902327300e-06,-5.541469128697548615e-06,-5.541469130300229819e-06,-5.541469130438756975e-06
6.799787506640418049e-04,0.000000000000000000e+00,7.463705626143971798e-05,6.150197660415319804e-05,0.000000000000000000e+00,6.227574579992964723e-03,-7.083613556099128982e-06,-7.083613555896430610e-06,-7.083613554809541649e-06,-7.083613554951233320e-06
6.849785944189244963e-04,0.000000000000000000e+00,7.364354692706377757e-05,6.128284050180575525e-05,0.000000000000000000e+00,6.227573567989877490e-03,-9.513280123157358433e-06,-9.513280122957245205e-06,-9.513280123002412390e-06,-9.513280123146360557e-06
6.899784381738071877e-04,0.000000000000000000e+00,7.277149957153288928e-05,6.106394963413091506e-05,0.000000000000000000e+00,6.227572912344349169e-03,-1.321314386702184896e-05,-1.321314386682498156e-05,-1.321314386645790459e-05,-1.321314386660323850e-05
6.949782819286897707e-04,0.000000000000000000e+00,7.210373712378701449e-05,6.084530400112867746e-05,0.000000000000000000e+00,6.227572996326919200e-03,-1.833968983198823249e-05,-1.833968983179545118e-05,-1.833968983205317959e-05,-1.833968983219866935e-05
6.999781256835724622e-04,0.000000000000000000e+00,7.171253335277174505e-05,6.062690360279902212e-05,0.000000000000000000e+00,6.227573881646671604e-03,-2.472388945724596134e-05,-2.472388945705830627e-05,-2.472388945559882785e-05,-2.472388945574327068e-05
7.049779694384551536e-04,0.000000000000000000e+00,7.165282498616877310e-05,6.040874843914196938e-05,0.000000000000000000e+00,6.227575221091929437e-03,-3.191778723931699486e-05,-3.191778723913564849e-05,-3.191778723866443390e-05,-3.191778723880651859e-05
7.099778131933378450e-04,0.000000000000000000e+00,7.195595720522306854e-05,6.019083851015750568e-05,0.000000000000000000e+00,6.227576504699528122e-03,-3.930643961367383238e-05,-3.930643961350019740e-05,-3.930643961343141833e-05,-3.930643961356980996e-05
7.149776569482204280e-04,0.000000000000000000e+00,7.262647435128355932e-05,5.997317381584563780e-05,0.000000000000000000e+00,6.227577343256089117e-03,-4.623522058452286332e-05,-4.623522058435799683e-05,-4.623522058420378262e-05,-4.623522058433750541e-05
7.199775007031031194e-04,0.000000000000000000e+00,7.364151449987268679e-05,5.975575435620636574e-05,0.000000000000000000e+00,6.227577656053800460e-03,-5.220256236162618509e-05,-5.220256236147108997e-05,-5.220256236128437003e-05,-5.220256236141272601e-05
7.249773444579858108e-04,0.000000000000000000e+00,7.495272473438080820e-05,5.953858013123968271e-05,0.000000000000000000e+00,6.227577583104209648e-03,-5.692317606804727113e-05,-5.692317606790233363e-05,-5.692317606905637197e-05,-5.692317606917936116e-05
7.299771882128683938e-04,0.000000000000000000e+00,7.649160370608789760e-05,5.932165114094559551e-05,0.000000000000000000e+00,6.227577264631428515e-03,-6.027720935792599364e-05,-6.027720935779132217e-05,-6.027720936017166094e-05,-6.027720936028979832e-05
7.349770319677510853e-04,0.000000000000000000e+00,7.817131536486999523e-05,5.910496738532410412e-05,0.000000000000000000e+00,6.227576724861971953e-03,-6.223321151243676845e-05,-6.223321151231194968e-05,-6.223321151262910592e-05,-6.223321151274344859e-05
7.399768757226337767e-04,0.000000000000000000e+00,7.989679967965693404e-05,5.888852886437520177e-05,0.000000000000000000e+00,6.227575974373518453e-03,-6.283967671048747714e-05,-6.283967671037180632e-05,-6.283967671111475586e-05,-6.283967671122660486e-05
7.449767194775164681e-04,0.000000000000000000e+00,8.157767525757592423e-05,5.867233557809890202e-05,0.000000000000000000e+00,6.227575112639005712e-03,-6.220600999657529780e-05,-6.220600999646781271e-05,-6.220600999838041311e-05,-6.220600999849143541e-05
7.499765632323990511e-04,0.000000000000000000e+00,8.314105456904375086e-05,5.845638752649519131e-05,0.000000000000000000e+00,6.227574377169034330e-03,-6.047320452096804780e-05,-6.047320452086735252e-05,-6.047320452179197369e-05,-6.047320452190399210e-05
7.549764069872817425e-04,0.000000000000000000e+00,8.453805566088673008e-05,5.824068470956407642e-05,0.000000000000000000e+00,6.227574048093954644e-03,-5.780079799481478123e-05,-5.780079799471956795e-05,-5.780079799300321492e-05,-5.780079799311788286e-05
7.599762507421644340e-04,0.000000000000000000e+00,8.574498356575849961e-05,5.802522712730555734e-05,0.000000000000000000e+00,6.227574254670483964e-03,-5.433207693426107316e-05,-5.433207693416988498e-05,-5.433207693385829883e-05,-5.433207693397699187e-05
7.649760944970470170e-04,0.000000000000000000e+00,8.676390764259688708e-05,5.781001477971962731e-05,0.000000000000000000e+00,6.227574886385212234e-03,-5.019933063231629645e-05,-5.019933063222787976e-05,-5.019933063163640682e-05,-5.019933063176042600e-05
7.699759382519297084e-04,0.000000000000000000e+00,8.761481177169072544e-05,5.759504766680629309e-05,0.000000000000000000e+00,6.227575697120607719e-03,-4.557576741445374421e-05,-4.557576741436681830e-05,-4.557576741348302413e-05,-4.557576741361324358e-05
7.749757820068123998e-04,0.000000000000000000e+00,8.832924109007218264e-05,5.738032578856555469e-05,0.000000000000000000e+00,6.227576454426355344e-03,-4.074655161517517403e-05,-4.074655161508847852e-05,-4.074655161342246635e-05,-4.074655161355961793e-05
7.799756257616950912e-04,0.000000000000000000e+00,8.894418808316433933e-05,5.716584914499740533e-05,0.000000000000000000e+00,6.227577004110634341e-03,-3.612769212281846394e-05,-3.612769212273073165e-05,-3.612769212384460708e-05,-3.612769212398947682e-05
7.849754695165776742e-04,0.000000000000000000e+00,8.949955484200295417e-05,5.695161773610185856e-05,0.000000000000000000e+00,6.227577256143095215e-03,-3.216718582385785297e-05,-3.216718582376784386e-05,-3.216718582335118497e-05,-3.216718582350443017e-05
7.899753132714603656e-04,0.000000000000000000e+00,9.003355824073820516e-05,5.673763156187890084e-05,0.000000000000000000e+00,6.227577104423074120e-03,-2.918064426937594556e-05,-2.918064426928245007e-05,-2.918064427003049535e-05,-2.918064427019274621e-05
7.949751570263430571e-04,0.000000000000000000e+00,9.057765837173836288e-05,5.652389062232853894e-05,0.000000000000000000e+00,6.227576474347077534e-03,-2.722671814143346592e-05,-2.722671814133543371e-05,-2.722671814085054123e-05,-2.722671814102214672e-05
7.999750007812256401e-04,0.000000000000000000e+00,9.115892476983541266e-05,5.631039491745077285e-05,0.000000000000000000e+00,6.227575474866049211e-03,-2.614483845637443146e-05,-2.614483845627113071e-05,-2.614483845844233026e-05,-2.614483845862348351e-05
8.049748445361083315e-04,0.000000000000000000e+00,9.180156313291326338e-05,5.609714444724559580e-05,0.000000000000000000e+00,6.227574463729490181e-03,-2.565011350340678400e-05,-2.565011350329787250e-05,-2.565011350390152239e-05,-2.565011350409199299e-05
8.099746882909910229e-04,0.000000000000000000e+00,9.252909455672168643e-05,5.588413921171301457e-05,0.000000000000000000e+00,6.227573857641490948e-03,-2.543461866623725914e-05,-2.543461866612263186e-05,-2.543461866642347764e-05,-2.543461866662277771e-05
8.149745320458737143e-04,0.000000000000000000e+00,9.336176731111823818e-05,5.567137921085302916e-05,0.000000000000000000e+00,6.227573884693294454e-03,-2.524050131588785210e-05,-2.524050131576777671e-05,-2.524050131521639214e-05,-2.524050131542356285e-05
8.199743758007562973e-04,0.000000000000000000e+00,9.431553529897594300e-05,5.545886444466563279e-05,0.000000000000000000e+00,6.227574464517763274e-03,-2.489474066289419169e-05,-2.489474066276927127e-05,-2.489474066516844127e-05,-2.489474066538231031e-05
8.249742195556389887e-04,0.000000000000000000e+00,9.539843398948284346e-05,5.524659491315083224e-05,0.000000000000000000e+00,6.227575311245145059e-03,-2.433155526240785211e-05,-2.433155526227884561e-05,-2.433155526224965346e-05,-2.433155526246894013e-05
8.299740633105216802e-04,0.000000000000000000e+00,9.660426282487435739e-05,5.503457061630862750e-05,0.000000000000000000e+00,6.227576146843969568e-03,-2.361767293801895568e-05,-2.361767293788659831e-05,-2.361767293713696737e-05,-2.361767293736033335e-05
8.349739070654042632e-04,0.000000000000000000e+00,9.791343786850624682e-05,5.482279155413901858e-05,0.000000000000000000e+00,6.227576835294151847e-03,-2.297072066826965394e-05,-2.297072066813472498e-05,-2.297072066794872332e-05,-2.297072066817485402e-05
8.399737508202869546e-04,0.000000000000000000e+00,9.929710249675540834e-05,5.461125772664199871e-05,0.000000000000000000e+00,6.227577301014180361e-03,-2.268339226809434577e-05,-2.268339226795739410e-05,-2.268339226950215858e-05,-2.268339226973000366e-05
8.449735945751696460e-04,0.000000000000000000e+00,1.007243474984189220e-04,5.439996913381758142e-05,0.000000000000000000e+00,6.227577414832640226e-03,-2.295789958986605998e-05,-2.295789958972740746e-05,-2.295789958803542527e-05,-2.295789958826422242e-05
8.499734383300523374e-04,0.000000000000000000e+00,1.021630866177729356e-04,5.418892577566575318e-05,0.000000000000000000e+00,6.227577024735070528e-03,-2.373445382509777136e-05,-2.373445382495766872e-05,-2.373445382550478424e-05,-2.373445382573381856e-05
8.549732820849349204e-04,0.000000000000000000e+00,1.035819460240709256e-04,5.397812765218651398e-05,0.000000000000000000e+00,6.227576098305712821e-03,-2.465333921554865160e-05,-2.465333921540721743e-05,-2.465333921746556509e-05,-2.465333921769428092e-05
8.599731258398176119e-04,0.000000000000000000e+00,1.049512529302437848e-04,5.376757476337987738e-05,0.000000000000000000e+00,6.227574852548538320e-03,-2.519715624544514325e-05,-2.519715624530233011e-05,-2.519715624752668606e-05,-2.519715624775447694e-05
8.649729695947003033e-04,0.000000000000000000e+00,1.062398196249916940e-04,5.355726710924582981e-05,0.000000000000000000e+00,6.227573744098588437e-03,-2.485511217683756012e-05,-2.485511217669330702e-05,-2.485511217731969127e-05,-2.485511217754609301e-05
8.699728133495828863e-04,0.000000000000000000e+00,1.074123111650265058e-04,5.334720468978437129e-05,0.000000000000000000e+00,6.227573252485301032e-03,-2.326311782559197254e-05,-2.326311782544622189e-05,-2.326311782818553660e-05,-2.326311782840988852e-05
8.749726571044655777e-04,0.000000000000000000e+00,1.084261448686749937e-04,5.313738750499552213e-05,0.000000000000000000e+00,6.227573608675896280e-03,-2.031573503866474509e-05,-2.031573503851752738e-05,-2.031573504170809381e-05,-2.031573504192973184e-05
8.799725008593482691e-04,0.000000000000000000e+00,1.092329552905514704e-04,5.292781555487925525e-05,0.000000000000000000e+00,6.227574687469782967e-03,-1.618857675243736530e-05,-1.618857675228842981e-05,-1.618857675308646359e-05,-1.618857675330475076e-05
8.849723446142309605e-04,0.000000000000000000e+00,1.097760443949499700e-04,5.271848883943558418e-05,0.000000000000000000e+00,6.227576050341840364e-03,-1.124967835983495426e-05,-1.124967835968397742e-05,-1.124967835857788791e-05,-1.124967835879236174e-05
8.899721883691135435e-04,0.000000000000000000e+00,1.099918261064176321e-04,5.250940735866451570e-05,0.000000000000000000e+00,6.227577128895697700e-03,-5.982628528574773951e-06,-5.982628528421535526e-06,-5.982628527374872160e-06,-5.982628527584974447e-06
8.949720321239962350e-04,0.000000000000000000e+00,1.098175161329998197e-04,5.230057111256602949e-05,0.000000000000000000e+00,6.227577516626199919e-03,-9.688611439777931541e-07,-9.688611438218323657e-07,-9.688611431093150267e-07,-9.688611433146595301e-07
8.999718758788789264e-04,0.000000000000000000e+00,1.092018863510640507e-04,5.209198010114013909e-05,0.000000000000000000e+00,6.227577166884877211e-03,3.274846252860503348e-06,3.274846253019787046e-06,3.274846255973002992e-06,3.274846255772668689e-06
9.049717196337615094e-04,0.000000000000000000e+00,1.081156377111416693e-04,5.188363432438685129e-05,0.000000000000000000e+00,6.227576351897580811e-03,6.492586298774710260e-06,6.492586298937916568e-06,6.492586301841626827e-06,6.492586301646475518e-06
9.099715633886442008e-04,0.000000000000000000e+00,1.065564257270517300e-04,5.167553378230614576e-05,0.000000000000000000e+00,6.227575504921591468e-03,8.765235334636909496e-06,8.765235334804608467e-06,8.765235335322384461e-06,8.765235335132581318e-06
9.149714071435268922e-04,0.000000000000000000e+00,1.045546745281395498e-04,5.146767847489804281e-05,0.000000000000000000e+00,6.227575003118346678e-03,1.042195699198879139e-05,1.042195699216166065e-05,1.042195699189263113e-05,1.042195699170818632e-05
9.199712508984095836e-04,0.000000000000000000e+00,1.021708700606217541e-04,5.126006840216253569e-05,0.000000000000000000e+00,6.227575007393432172e-03,1.190810450594765294e-05,1.190810450612627864e-05,1.190810450741112598e-05,1.190810450723201578e-05
9.249710946532921666e-04,0.000000000000000000e+00,9.948777312629943537e-05,5.105270356409961761e-05,0.000000000000000000e+00,6.227575457504493442e-03,1.358990315114260244e-05,1.358990315132737760e-05,1.358990314980274540e-05,1.358990314962907315e-05
9.299709384081748581e-04,0.000000000000000000e+00,9.660174138334019583e-05,5.084558396070929534e-05,0.000000000000000000e+00,6.227576124015189035e-03,1.555466102499634409e-05,1.555466102518740084e-05,1.555466102207003160e-05,1.555466102190191250e-05
9.349707821630575495e-04,0.000000000000000000e+00,9.361592046076648967e-05,5.063870959199156889e-05,0.000000000000000000e+00,6.227576653230284393e-03,1.761882372621238554e-05,1.761882372640977471e-05,1.761882372435031913e-05,1.761882372418778028e-05
9.399706259179401325e-04,0.000000000000000000e+00,9.063388033339119735e-05,5.043208045794643149e-05,0.000000000000000000e+00,6.227576762009160924e-03,1.951253010928781143e-05,1.951253010949144154e-05,1.951253010985480173e-05,1.951253010969773811e-05
9.449704696728228239e-04,0.000000000000000000e+00,8.774896898525877203e-05,5.022569655857388990e-05,0.000000000000000000e+00,6.227576450916523162e-03,2.106688925881370860e-05,2.106688925902337975e-05,2.106688925589054030e-05,2.106688925573870457e-05
9.499703134277055153e-04,0.000000000000000000e+00,8.503991276297672970e-05,5.001955789387394413e-05,0.000000000000000000e+00,6.227575982731274780e-03,2.224599536981360537e-05,2.224599537002893131e-05,2.224599536764260233e-05,2.224599536749562856e-05
9.549701571825882068e-04,0.000000000000000000e+00,8.256825525055918691e-05,4.981366446384659418e-05,0.000000000000000000e+00,6.227575653171868106e-03,2.314876069273297859e-05,2.314876069295364422e-05,2.314876069220305445e-05,2.314876069206027857e-05
9.599700009374707898e-04,0.000000000000000000e+00,8.037807084095363597e-05,4.960801626849183326e-05,0.000000000000000000e+00,6.227575576916321090e-03,2.404458901963766611e-05,2.404458901986335635e-05,2.404458902046711466e-05,2.404458902032758461e-05
9.649698446923534812e-04,0.000000000000000000e+00,7.849629292721026783e-05,4.940261330780967494e-05,0.000000000000000000e+00,6.227575624769273593e-03,2.533376755236148195e-05,2.533376755259178682e-05,2.533376755049030147e-05,2.533376755035303469e-05
9.699696884472361726e-04,0.000000000000000000e+00,7.693568604413410727e-05,4.919745558180010567e-05,0.000000000000000000e+00,6.227575596573628990e-03,2.745547278052503328e-05,2.745547278075959703e-05,2.745547278027287834e-05,2.745547278013671610e-05
9.749695322021187556e-04,0.000000000000000000e+00,7.569889391703020715e-05,4.899254309046312543e-05,0.000000000000000000e+00,6.227575404362710801e-03,3.079024581129188230e-05,3.079024581153063717e-05,3.079024581287723660e-05,3.079024581274055259e-05
9.799693759570014470e-04,0.000000000000000000e+00,7.477495425724754730e-05,4.878787583379874779e-05,0.000000000000000000e+00,6.227575065879700084e-03,3.557069815418230656e-05,3.557069815442507975e-05,3.557069815508236377e-05,3.557069815494377562e-05
9.849692197118841384e-04,0.000000000000000000e+00,7.413681862141895292e-05,4.858345381180695919e-05,0.000000000000000000e+00,6.227574673886672636e-03,4.167169922872797279e-05,4.167169922897443228e-05,4.167169922791499735e-05,4.167169922777323114e-05
9.899690634667668299e-04,0.000000000000000000e+00,7.374074973926945595e-05,4.837927702448775963e-05,0.000000000000000000e+00,6.227574433017602287e-03,4.853955805399567751e-05,4.853955805424565388e-05,4.853955805566215046e-05,4.853955805551589159e-05
9.949689072216495213e-04,0.000000000000000000e+00,7.352977030570396870e-05,4.817534547184116944e-05,0.000000000000000000e+00,6.227574575351292260e-03,5.537953545100256708e-05,5.537953545125588414e-05,5.537953545296385493e-05,5.537953545281191754e-05
9.999687509765319959e-04,0.000000000000000000e+00,7.343641531013364772e-05,4.797165915386716152e-05,0.000000000000000000e+00,6.227575167421997224e-03,6.138483453666941821e-05,6.138483453692558807e-05,6.138483453609320541e-05,6.138483453593480347e-05
1.004968594731414687e-03,0.000000000000000000e+00,7.338697270001813858e-05,4.776821807056574941e-05,0.000000000000000000e+00,6.227576005609235590e-03,6.583846210682883814e-05,6.583846210708735260e-05,6.583846210502490191e-05,6.583846210485941200e-05
1.009968438486297379e-03,0.000000000000000000e+00,7.331074206673735070e-05,4.756502222193693990e-05,0.000000000000000000e+00,6.227576679912049697e-03,6.817035947590757044e-05,6.817035947616800935e-05,6.817035947651945349e-05,6.817035947634642837e-05
1.014968282241180070e-03,0.000000000000000000e+00,7.314573738987029334e-05,4.736207160798071265e-05,0.000000000000000000e+00,6.227576840573536415e-03,6.806226910888789707e-05,6.806226910914943374e-05,6.806226910887729900e-05,6.806226910869672513e-05
1.019968125996062762e-03,0.000000000000000000e+00,7.284447722499568195e-05,4.715936622869708122e-05,0.000000000000000000e+00,6.227576436889706996e-03,6.543254496497696014e-05,6.543254496523849681e-05,6.543254496284029581e-05,6.543254496265267462e-05
1.024967969750945453e-03,0.000000000000000000e+00,7.237901331087461193e-05,4.695690608408605238e-05,0.000000000000000000e+00,6.227575660041142352e-03,6.042029924831328412e-05,6.042029924857367560e-05,6.042029924707259091e-05,6.042029924687857293e-05
1.029967813505828144e-03,0.000000000000000000e+00,7.174713871653527720e-05,4.675469117414760581e-05,0.000000000000000000e+00,6.227574723293017103e-03,5.342551083214546164e-05,5.342551083240342722e-05,5.342551083231549843e-05,5.342551083211610687e-05
1.034967657260710619e-03,0.000000000000000000e+00,7.097200257221540089e-05,4.655272149888176183e-05,0.000000000000000000e+00,6.227573838625963948e-03,4.512282411786298800e-05,4.512282411811713176e-05,4.512282411835177344e-05,4.512282411814826869e-05
1.039967501015593310e-03,0.000000000000000000e+00,7.009438831050206296e-05,4.635099705828851367e-05,0.000000000000000000e+00,6.227573274106081719e-03,3.632102857659240674e-05,3.632102857684123791e-05,3.632102857490945391e-05,3.632102857470314379e-05
1.044967344770476002e-03,0.000000000000000000e+00,6.916532906622972906e-05,4.614951785236785456e-05,0.000000000000000000e+00,6.227573330350049535e-03,2.777748474461896186e-05,2.777748474486120312e-05,2.777748474536083397e-05,2.777748474515313133e-05
1.049967188525358693e-03,0.000000000000000000e+00,6.823614315588539549e-05,4.594828388111979125e-05,0.000000000000000000e+00,6.227574174012781225e-03,2.015778448768162657e-05,2.015778448791612934e-05,2.015778448861099112e-05,2.015778448840325121e-05
1.054967032280241385e-03,0.000000000000000000e+00,6.735063102717359963e-05,4.574729514454432377e-05,0.000000000000000000e+00,6.227575629406389805e-03,1.405336912684043627e-05,1.405336912706610618e-05,1.405336912694672366e-05,1.405336912674018653e-05
1.059966876035124076e-03,0.000000000000000000e+00,6.653798525732332173e-05,4.554655164264144533e-05,0.000000000000000000e+00,6.227577155477059812e-03,9.962829018142749352e-06,9.962829018358698707e-06,9.962829016565916205e-06,9.962829016361684703e-06
1.064966719790006767e-03,0.000000000000000000e+00,6.581223831146794379e-05,4.534605337541116270e-05,0.000000000000000000e+00,6.227578194466593109e-03,8.231076862573548014e-06,8.231076862779119523e-06,8.231076864692793955e-06,8.231076864491906539e-06
1.069966563544889242e-03,0.000000000000000000e+00,6.517329998038099738e-05,4.514580034285347590e-05,0.000000000000000000e+00,6.227578518195083304e-03,9.034292521177946720e-06,9.034292521372962504e-06,9.034292522594463635e-06,9.034292522397403114e-06
1.074966407299771934e-03,0.000000000000000000e+00,6.460617996667465776e-05,4.494579254496837813e-05,0.000000000000000000e+00,6.227578268129824006e-03,1.233069982486906909e-05,1.233069982505326657e-05,1.233069982457834367e-05,1.233069982438560979e-05
1.079966251054654625e-03,0.000000000000000000e+00,6.408348402715555799e-05,4.474602998175587618e-05,0.000000000000000000e+00,6.227577732093577366e-03,1.774036051153400601e-05,1.774036051170732928e-05,1.774036051119047655e-05,1.774036051100256738e-05
1.084966094809537316e-03,0.000000000000000000e+00,6.356920054997669133e-05,4.454651265321597683e-05,0.000000000000000000e+00,6.227577084168927669e-03,2.459833671151607124e-05,2.459833671167872867e-05,2.459833671420588535e-05,2.459833671402291607e-05
1.089965938564420008e-03,0.000000000000000000e+00,6.302607693133841827e-05,4.434724055934866652e-05,0.000000000000000000e+00,6.227576327077862482e-03,3.215822741121790121e-05,3.215822741137053654e-05,3.215822741103141166e-05,3.215822741085323658e-05
1.094965782319302699e-03,0.000000000000000000e+00,6.241906272783151455e-05,4.414821370015394524e-05,0.000000000000000000e+00,6.227575483029258903e-03,3.974307844882965567e-05,3.974307844897267549e-05,3.974307844870796753e-05,3.974307844853466458e-05
1.099965626074185391e-03,0.000000000000000000e+00,6.171912959576263873e-05,4.394943207563182657e-05,0.000000000000000000e+00,6.227574733380470545e-03,4.673091179407009145e-05,4.673091179420440377e-05,4.673091179361675942e-05,4.673091179344800335e-05
1.104965469829067865e-03,0.000000000000000000e+00,6.090650049337356138e-05,4.375089568578229693e-05,0.000000000000000000e+00,6.227574266922277293e-03,5.259354806009665742e-05,5.259354806022369203e-05,5.259354806099422774e-05,5.259354806082932059e-05
1.109965313583950557e-03,0.000000000000000000e+00,5.997142056065387370e-05,4.355260453060535633e-05,0.000000000000000000e+00,6.227574109247614904e-03,5.696734022519781243e-05,5.696734022531895169e-05,5.696734022346704629e-05,5.696734022330545951e-05
1.114965157338833248e-03,0.000000000000000000e+00,5.891644819397376555e-05,4.335455861010101833e-05,0.000000000000000000e+00,6.227574107333612961e-03,5.964253276971331782e-05,5.964253276983005252e-05,5.964253276940996483e-05,5.964253276925107500e-05
1.119965001093715939e-03,0.000000000000000000e+00,5.775830850792707525e-05,4.315675792426926937e-05,0.000000000000000000e+00,6.227574125249608038e-03,6.057645873910915595e-05,6.057645873922318691e-05,6.057645873853187928e-05,6.057645873837506976e-05
1.124964844848598631e-03,0.000000000000000000e+00,5.653273999931815653e-05,4.295920247311011623e-05,0.000000000000000000e+00,6.227574226499269471e-03,5.995958638096688081e-05,5.995958638107995632e-05,5.995958638135391388e-05,5.995958638119864258e-05
1.129964688603481322e-03,0.000000000000000000e+00,5.529271286512204685e-05,4.276189225662355891e-05,0.000000000000000000e+00,6.227574630465615955e-03,5.820283361386402292e-05,5.820283361397759987e-05,5.820283361285894040e-05,5.820283361270487527e-05
1.134964532358364014e-03,0.000000000000000000e+00,5.410281726294418670e-05,4.256482727480959740e-05,0.000000000000000000e+00,6.227575386166799877e-03,5.574294154157874816e-05,5.574294154169414116e-05,5.574294154087626647e-05,5.574294154072343462e-05
1.139964376113246488e-03,0.000000000000000000e+00,5.303108343799600179e-05,4.236800752766822493e-05,0.000000000000000000e+00,6.227576226649096484e-03,5.289040550176614776e-05,5.289040550188443422e-05,5.289040550255312946e-05,5.289040550240174774e-05
1.144964219868129180e-03,0.000000000000000000e+00,5.214062017527319542e-05,4.217143301519944828e-05,0.000000000000000000e+00,6.227576770910942146e-03,4.986663451082653012e-05,4.986663451094820471e-05,4.986663451215673099e-05,4.986663451200747024e-05
1.149964063623011871e-03,0.000000000000000000e+00,5.148468551093702042e-05,4.197510373740326745e-05,0.000000000000000000e+00,6.227576880475738617e-03,4.686494582731271473e-05,4.686494582743771646e-05,4.686494582724175370e-05,4.686494582709592851e-05
1.154963907377894563e-03,0.000000000000000000e+00,5.110162741289226741e-05,4.177901969427967566e-05,0.000000000000000000e+00,6.227576771353836131e-03,4.402571448142403619e-05,4.402571448155180264e-05,4.402571448215407017e-05,4.402571448201319842e-05
1.159963751132777254e-03,0.000000000000000000e+00,5.101537134280317859e-05,4.158318088582867969e-05,0.000000000000000000e+00,6.227576763281964835e-03,4.137574446944194744e-05,4.137574446957153671e-05,4.137574447175129130e-05,4.137574447161737200e-05
1.164963594887659945e-03,0.000000000000000000e+00,5.123516277329276240e-05,4.138758731205028631e-05,0.000000000000000000e+00,6.227576919585251988e-03,3.886177498036078840e-05,3.886177498049092654e-05,3.886177498173000699e-05,3.886177498160491039e-05
1.169963438642542637e-03,0.000000000000000000e+00,5.175627140525289674e-05,4.119223897294447520e-05,0.000000000000000000e+00,6.227576982005784273e-03,3.632236315648519859e-05,3.632236315661420509e-05,3.632236315732622776e-05,3.632236315721229844e-05
1.174963282397425111e-03,0.000000000000000000e+00,5.256019326951863273e-05,4.099713586851126668e-05,0.000000000000000000e+00,6.227576670291417281e-03,3.345895476994399778e-05,3.345895477006982622e-05,3.345895477139176005e-05,3.345895477129139003e-05
1.179963126152307803e-03,0.000000000000000000e+00,5.361658361516572586e-05,4.080227799875065398e-05,0.000000000000000000e+00,6.227575958348927077e-03,3.000505099858607268e-05,3.000505099870652076e-05,3.000505099991797439e-05,3.000505099983348794e-05
1.184962969907190494e-03,0.000000000000000000e+00,5.488864442995314676e-05,4.060766536366262354e-05,0.000000000000000000e+00,6.227575086456494692e-03,2.594367098633003102e-05,2.594367098644284226e-05,2.594367098569797843e-05,2.594367098563173367e-05
1.189962813662073186e-03,0.000000000000000000e+00,5.633452883020165453e-05,4.041329796324719570e-05,0.000000000000000000e+00,6.227574347488101271e-03,2.152441532044831315e-05,2.152441532055099726e-05,2.152441532096002270e-05,2.152441532091437778e-05
1.194962657416955877e-03,0.000000000000000000e+00,5.790974413286228051e-05,4.021917579750436368e-05,0.000000000000000000e+00,6.227573937818882584e-03,1.710844748253657297e-05,1.710844748262709708e-05,1.710844748182830435e-05,1.710844748180501094e-05
1.199962501171838569e-03,0.000000000000000000e+00,5.956828602190164138e-05,4.002529886643411392e-05,0.000000000000000000e+00,6.227573923655440463e-03,1.315841738672409061e-05,1.315841738680081655e-05,1.315841738696032302e-05,1.315841738696061779e-05
1.204962344926721260e-03,0.000000000000000000e+00,6.126629128978488778e-05,3.983166717003647353e-05,0.000000000000000000e+00,6.227574305740305079e-03,1.017233911859378854e-05,1.017233911865521876e-05,1.017233911697163913e-05,1.017233911699646397e-05
1.209962188681603735e-03,0.000000000000000000e+00,6.296481417739400403e-05,3.963828070831142218e-05,0.000000000000000000e+00,6.227575012331901076e-03,8.507597437260953482e-06,8.507597437305747972e-06,8.507597436917590042e-06,8.507597436967561597e-06
1.214962032436486426e-03,0.000000000000000000e+00,6.463215043053155732e-05,3.944513948125895987e-05,0.000000000000000000e+00,6.227575879300606236e-03,8.277695683721913552e-06,8.277695683749535297e-06,8.277695682454670948e-06,8.277695682529650305e-06
1.219961876191369117e-03,0.000000000000000000e+00,6.624786438133864550e-05,3.925224348887910016e-05,0.000000000000000000e+00,6.227576638986305133e-03,9.380156722295953227e-06,9.380156722306258230e-06,9.380156723430582659e-06,9.380156723529917601e-06
1.224961719946251809e-03,0.000000000000000000e+00,6.780045755158176828e-05,3.905959273117182948e-05,0.000000000000000000e+00,6.227576990816037147e-03,1.148079095772116762e-05,1.148079095771420163e-05,1.148079095703660237e-05,1.148079095715941537e-05
1.229961563701134500e-03,0.000000000000000000e+00,6.928205114630484789e-05,3.886718720813714785e-05,0.000000000000000000e+00,6.227576709595543207e-03,1.392813434422801594e-05,1.392813434420432273e-05,1.392813434485636361e-05,1.392813434500133330e-05
1.234961407456017192e-03,0.000000000000000000e+00,7.067960268011735177e-05,3.867502691977506881e-05,0.000000000000000000e+00,6.227575812910107235e-03,1.591963189666337978e-05,1.591963189662388094e-05,1.591963189727877293e-05,1.591963189744428317e-05
1.239961251210899883e-03,0.000000000000000000e+00,7.197179888224386512e-05,3.848311186608557882e-05,0.000000000000000000e+00,6.227574673423712237e-03,1.677800296098437750e-05,1.677800296092995055e-05,1.677800296342637687e-05,1.677800296361107749e-05
1.244961094965782358e-03,0.000000000000000000e+00,7.312952362395727418e-05,3.829144204706868464e-05,0.000000000000000000e+00,6.227573876400591991e-03,1.611422120731380048e-05,1.611422120724531279e-05,1.611422120758055826e-05,1.611422120778323969e-05
1.249960938720665049e-03,0.000000000000000000e+00,7.411851325346640424e-05,3.810001746272438628e-05,0.000000000000000000e+00,6.227573854118447112e-03,1.381387858836803818e-05,1.381387858828670608e-05,1.381387859039914018e-05,1.381387859061846751e-05
1.254960782475547740e-03,0.000000000000000000e+00,7.490715692159803651e-05,3.790883811305268374e-05,0.000000000000000000e+00,6.227574595026479955e-03,1.000916899724689645e-05,1.000916899715424799e-05,1.000916899798309683e-05,1.000916899821765720e-05
1.259960626230430432e-03,0.000000000000000000e+00,7.547401799291782740e-05,3.771790399805357023e-05,0.000000000000000000e+00,6.227575695258334362e-03,5.048448517876355897e-06,5.048448517773997048e-06,5.048448519551770126e-06,5.048448519800309922e-06
1.264960469985313123e-03,0.000000000000000000e+00,7.581519620247286634e-05,3.752721511772705255e-05,0.000000000000000000e+00,6.227576666203021860e-03,-6.882664592318738146e-07,-6.882664593422049381e-07,-6.882664600193027474e-07,-6.882664597579964713e-07
1.269960313740195815e-03,0.000000000000000000e+00,7.594545790487602314e-05,3.733677147207313068e-05,0.000000000000000000e+00,6.227577237653061058e-03,-6.829982889053904239e-06,-6.829982889170652484e-06,-6.829982888108476557e-06,-6.829982887835477838e-06
1.274960157495078506e-03,0.000000000000000000e+00,7.589994815575333261e-05,3.714657306109179786e-05,0.000000000000000000e+00,6.227577362007906923e-03,-1.292294439219444029e-05,-1.292294439231602001e-05,-1.292294439213922391e-05,-1.292294439185539672e-05
1.279960001249961198e-03,0.000000000000000000e+00,7.573334537825621529e-05,3.695661988478306085e-05,0.000000000000000000e+00,6.227577049782775757e-03,-1.837602970004212344e-05,-1.837602970016737590e-05,-1.837602969966819566e-05,-1.837602969937417359e-05
1.284959845004843672e-03,0.000000000000000000e+00,7.551232924883017673e-05,3.676691194314692644e-05,0.000000000000000000e+00,6.227576315758644350e-03,-2.267625790551002578e-05,-2.267625790563799890e-05,-2.267625790660474471e-05,-2.267625790630088011e-05
1.289959688759726364e-03,0.000000000000000000e+00,7.530590218313365850e-05,3.657744923618337429e-05,0.000000000000000000e+00,6.227575321129502281e-03,-2.553173107416156616e-05,-2.553173107429177884e-05,-2.553173107369975363e-05,-2.553173107338625657e-05
1.294959532514609055e-03,0.000000000000000000e+00,7.517571743745945492e-05,3.638823176389242473e-05,0.000000000000000000e+00,6.227574435687762387e-03,-2.681632663107047987e-05,-2.681632663120263733e-05,-2.681632663005091647e-05,-2.681632662972793264e-05
1.299959376269491746e-03,0.000000000000000000e+00,7.517300025113367475e-05,3.619925952627407100e-05,0.000000000000000000e+00,6.227574083370892265e-03,-2.657610510561862348e-05,-2.657610510575333899e-05,-2.657610510519689933e-05,-2.657610510486396795e-05
1.304959220024374438e-03,0.000000000000000000e+00,7.533540804789538208e-05,3.601053252332829952e-05,0.000000000000000000e+00,6.227574448860112750e-03,-2.502253164790579231e-05,-2.502253164804417039e-05,-2.502253164783436372e-05,-2.502253164749071906e-05
1.309959063779257129e-03,0.000000000000000000e+00,7.568919083761732863e-05,3.582205075505513064e-05,0.000000000000000000e+00,6.227575313696125450e-03,-2.247681028081032308e-05,-2.247681028095357329e-05,-2.247681027961337744e-05,-2.247681027925846385e-05
1.314958907534139821e-03,0.000000000000000000e+00,7.625407871137473092e-05,3.563381422145455758e-05,0.000000000000000000e+00,6.227576220888229874e-03,-1.927471354239025230e-05,-1.927471354253985865e-05,-1.927471354102144028e-05,-1.927471354065466485e-05
1.319958751289022295e-03,0.000000000000000000e+00,7.704546509329890760e-05,3.544582292252656679e-05,0.000000000000000000e+00,6.227576836646165834e-03,-1.586391565230205479e-05,-1.586391565245979604e-05,-1.586391565203644220e-05,-1.586391565165713746e-05
1.324958595043904987e-03,0.000000000000000000e+00,7.807278671580700896e-05,3.525807685827117858e-05,0.000000000000000000e+00,6.227577122958099197e-03,-1.279588925001850887e-05,-1.279588925018601980e-05,-1.279588924992847943e-05,-1.279588924953626929e-05
1.329958438798787678e-03,0.000000000000000000e+00,7.933402719259477053e-05,3.507057602868838620e-05,0.000000000000000000e+00,6.227577205690755860e-03,-1.053108925666932104e-05,-1.053108925684813308e-05,-1.053108925612379116e-05,-1.053108925571864175e-05
1.334958282553670370e-03,0.000000000000000000e+00,8.081543181153216023e-05,3.488332043377818286e-05,0.000000000000000000e+00,6.227577141488997367e-03,-9.302926115933062145e-06,-9.302926116124952377e-06,-9.302926115383049771e-06,-9.302926114964657847e-06
1.339958126308553061e-03,0.000000000000000000e+00,8.248906199966237818e-05,3.469631007354058211e-05,0.000000000000000000e+00,6.227576835673188059e-03,-9.131427949893075111e-06,-9.131427950099727433e-06,-9.131427951411564628e-06,-9.131427950979848876e-06
1.344957970063435752e-03,0.000000000000000000e+00,8.431124848433381674e-05,3.450954494797557040e-05,0.000000000000000000e+00,6.227576198032715518e-03,-9.953206934061992444e-06,-9.953206934284575762e-06,-9.953206934024816168e-06,-9.953206933580154364e-06
1.349957813818318444e-03,0.000000000000000000e+00,8.622272499641782861e-05,3.432302505708314773e-05,0.000000000000000000e+00,6.227575347873626557e-03,-1.164251615339200977e-05,-1.164251615363147107e-05,-1.164251615301411110e-05,-1.164251615255700300e-05
1.354957657573200918e-03,0.000000000000000000e+00,8.815201305710092488e-05,3.413675040086332766e-05,0.000000000000000000e+00,6.227574591621734719e-03,-1.409002513407972242e-05,-1.409002513433709169e-05,-1.409002513322664844e-05,-1.409002513275751416e-05
1.359957501328083610e-03,0.000000000000000000e+00,9.002064270527083479e-05,3.395072097931609663e-05,0.000000000000000000e+00,6.227574209871803573e-03,-1.723554470828535053e-05,-1.723554470856131048e-05,-1.723554471004168690e-05,-1.723554470956094488e-05
1.364957345082966301e-03,0.000000000000000000e+00,9.174687926949267670e-05,3.376493679244145464e-05,0.000000000000000000e+00,6.227574322959537195e-03,-2.101692982076013803e-05,-2.101692982105547131e-05,-2.101692981889907112e-05,-2.101692981840717537e-05
1.369957188837848993e-03,0.000000000000000000e+00,9.325675405897307531e-05,3.357939784023941524e-05,0.000000000000000000e+00,6.227574867112701563e-03,-2.528798793681902605e-05,-2.528798793713435270e-05,-2.528798793560457732e-05,-2.528798793510163287e-05
1.374957032592731684e-03,0.000000000000000000e+00,9.449382516463719921e-05,3.339410412270997166e-05,0.000000000000000000e+00,6.227575618508969686e-03,-2.983263106804506817e-05,-2.983263106838094384e-05,-2.983263106684175622e-05,-2.983263106632817304e-05
1.379956876347614375e-03,0.000000000000000000e+00,9.542476318036687086e-05,3.320905563985311712e-05,0.000000000000000000e+00,6.227576268929426763e-03,-3.452131053898732367e-05,-3.452131053934390421e-05,-3.452131053909715335e-05,-3.452131053857338206e-05
1.384956720102497067e-03,0.000000000000000000e+00,9.603812234321326918e-05,3.302425239166885840e-05,0.000000000000000000e+00,6.227576541605656449e-03,-3.926826169237595740e-05,-3.926826169275337495e-05,-3.926826168964813184e-05,-3.926826168911459595e-05
1.389956563857379541e-03,0.000000000000000000e+00,9.634193932059076934e-05,3.283969437815719550e-05,0.000000000000000000e+00,6.227576308519361392e-03,-4.395618571659645654e-05,-4.395618571699469077e-05,-4.395618571585080327e-05,-4.395618571530795680e-05
1.394956407612262233e-03,0.000000000000000000e+00,9.636155614362639844e-05,3.265538159931812164e-05,0.000000000000000000e+00,6.227575707087173486e-03,-4.836479584320351247e-05,-4.836479584362262437e-05,-4.836479584260988467e-05,-4.836479584205799866e-05
1.399956251367144924e-03,0.000000000000000000e+00,9.613224061605563824e-05,3.247131405515164360e-05,0.000000000000000000e+00,6.227575075758991913e-03,-5.218004499517072119e-05,-5.218004499561067688e-05,-5.218004499606911144e-05,-5.218004499550847050e-05
1.404956095122027616e-03,0.000000000000000000e+00,9.569545323327804086e-05,3.228749174565776137e-05,0.000000000000000000e+00,6.227574713643575267e-03,-5.497239120354515237e-05,-5.497239120400593151e-05,-5.497239120291912725e-05,-5.497239120234995500e-05
1.409955938876910307e-03,0.000000000000000000e+00,9.509573186916151671e-05,3.210391467083646819e-05,0.000000000000000000e+00,6.227574722203828468e-03,-5.624198058523260008e-05,-5.624198058571393841e-05,-5.624198058709847813e-05,-5.624198058652103883e-05
1.414955782631792999e-03,0.000000000000000000e+00,9.437898175352423024e-05,3.192058283068777760e-05,0.000000000000000000e+00,6.227575034693478943e-03,-5.557756095869540862e-05,-5.557756095919723160e-05,-5.557756096047269381e-05,-5.557756095988712977e-05
1.419955626386675690e-03,0.000000000000000000e+00,9.358731570075944962e-05,3.173749622521167605e-05,0.000000000000000000e+00,6.227575487334822621e-03,-5.268335664127027129e-05,-5.268335664179242984e-05,-5.268335664402343330e-05,-5.268335664342985972e-05
1.424955470141558165e-03,0.000000000000000000e+00,9.275718598945921901e-05,3.155465485440817031e-05,0.000000000000000000e+00,6.227575890138986776e-03,-4.738975955160053976e-05,-4.738975955214263407e-05,-4.738975955069255432e-05,-4.738975955009122869e-05
1.429955313896440856e-03,0.000000000000000000e+00,9.192377106682456003e-05,3.137205871827726040e-05,0.000000000000000000e+00,6.227576080298726294e-03,-3.967183487868701053e-05,-3.967183487924881021e-05,-3.967183487941055285e-05,-3.967183487880166491e-05
1.434955157651323547e-03,0.000000000000000000e+00,9.112241434507977107e-05,3.118970781681893953e-05,0.000000000000000000e+00,6.227575972649523374e-03,-2.978751781546474980e-05,-2.978751781604577036e-05,-2.978751781597562247e-05,-2.978751781535966012e-05
1.439955001406206239e-03,0.000000000000000000e+00,9.038871747754097762e-05,3.100760215003321447e-05,0.000000000000000000e+00,6.227575665440566316e-03,-1.834833813780588992e-05,-1.834833813840499293e-05,-1.834833813665712689e-05,-1.834833813603529968e-05
1.444954845161088930e-03,0.000000000000000000e+00,8.975591439788871656e-05,3.082574171792008523e-05,0.000000000000000000e+00,6.227575457462504460e-03,-6.227774846279208665e-06,-6.227774846894877951e-06,-6.227774843190443731e-06,-6.227774842564311894e-06
1.449954688915971622e-03,0.000000000000000000e+00,8.925443747163829748e-05,3.064412652047954504e-05,0.000000000000000000e+00,6.227575608075026047e-03,5.599698761862852129e-06,5.599698761232214077e-06,5.599698762015458667e-06,5.599698762644155319e-06
1.454954532670854313e-03,0.000000000000000000e+00,8.890688105556341877e-05,3.046275655771160743e-05,0.000000000000000000e+00,6.227576081029039673e-03,1.628073409083568231e-05,1.628073409019192711e-05,1.628073409048659632e-05,1.628073409111590453e-05
1.459954376425736788e-03,0.000000000000000000e+00,8.872271561549579773e-05,3.028163182961626226e-05,0.000000000000000000e+00,6.227576564972069420e-03,2.519863435172660542e-05,2.519863435107172020e-05,2.519863435316117768e-05,2.519863435378908660e-05
1.464954220180619479e-03,0.000000000000000000e+00,8.869908373538457839e-05,3.010075233619350952e-05,0.000000000000000000e+00,6.227576707516578602e-03,3.208007577567936915e-05,3.208007577501524111e-05,3.208007577576871418e-05,3.208007577639342470e-05
1.469954063935502171e-03,0.000000000000000000e+00,8.882184760151705849e-05,2.992011807744334920e-05,0.000000000000000000e+00,6.227576382773064405e-03,3.689950735473279772e-05,3.689950735406139875e-05,3.689950735297640376e-05,3.689950735359621503e-05
1.474953907690384862e-03,0.000000000000000000e+00,8.906605493031048064e-05,2.973972905336578470e-05,0.000000000000000000e+00,6.227575770418490239e-03,3.974123727519645038e-05,3.974123727451988111e-05,3.974123727470132912e-05,3.974123727531470973e-05
1.479953751445267553e-03,0.000000000000000000e+00,8.939467059145983507e-05,2.955958526396081264e-05,0.000000000000000000e+00,6.227575168152576016e-03,4.077448978004821019e-05,4.077448977936832056e-05,4.077448978114363385e-05,4.077448978174945892e-05
1.484953595200150245e-03,0.000000000000000000e+00,8.976426146648891187e-05,2.937968670922843300e-05,0.000000000000000000e+00,6.227574790641289895e-03,4.026540011223802759e-05,4.026540011155659975e-05,4.026540011218355999e-05,4.026540011278105703e-05
1.489953438955032936e-03,0.000000000000000000e+00,9.013045975439760397e-05,2.920003338916864918e-05,0.000000000000000000e+00,6.227574751205964231e-03,3.854631255739938902e-05,3.854631255671789341e-05,3.854631255640559575e-05,3.854631255699454793e-05
1.494953282709915411e-03,0.000000000000000000e+00,9.045147651411839798e-05,2.902062530378146118e-05,0.000000000000000000e+00,6.227575050298108511e-03,3.587614460682721120e-05,3.587614460614698276e-05,3.587614460632841044e-05,3.587614460690890584e-05
1.499953126464798102e-03,0.000000000000000000e+00,9.069324002393995348e-05,2.884146245306686899e-05,0.000000000000000000e+00,6.227575525498094643e-03,3.247330432294910277e-05,3.247330432227140188e-05,3.247330432401834973e-05,3.247330432459075427e-05
1.504952970219680794e-03,0.000000000000000000e+00,9.083338001576970913e-05,2.866254483702486923e-05,0.000000000000000000e+00,6.227575922326601329e-03,2.851979815565716317e-05,2.851979815498312823e-05,2.851979815401843902e-05,2.851979815458336934e-05
1.509952813974563485e-03,0.000000000000000000e+00,9.086274834712427086e-05,2.848387245565546191e-05,0.000000000000000000e+00,6.227576042527590248e-03,2.418741128724256212e-05,2.418741128657284366e-05,2.418741128491956748e-05,2.418741128547817893e-05
1.514952657729446176e-03,0.000000000000000000e+00,9.078049075917913918e-05,2.830544530895865040e-05,0.000000000000000000e+00,6.227575843115908637e-03,1.968375513342134308e-05,1.968375513275618844e-05,1.968375513196913220e-05,1.968375513252298333e-05
1.519952501484328868e-03,0.000000000000000000e+00,9.059318446988945546e-05,2.812726339693443132e-05,0.000000000000000000e+00,6.227575452105386065e-03,1.529314711274415398e-05,1.529314711208350217e-05,1.529314711391932749e-05,1.529314711447028177e-05
1.524952345239211559e-03,0.000000000000000000e+00,9.031537854106865383e-05,2.794932671958280467e-05,0.000000000000000000e+00,6.227575049697308719e-03,1.136231845787772431e-05,1.136231845722108065e-05,1.136231845544177275e-05,1.136231845599200874e-05
1.529952188994094034e-03,0.000000000000000000e+00,8.996842946746445629e-05,2.777163527690377384e-05,0.000000000000000000e+00,6.227574744902843878e-03,8.130919471955537397e-06,8.130919471302209026e-06,8.130919471205996248e-06,8.130919471757711158e-06
1.534952032748976725e-03,0.000000000000000000e+00,8.957851103353381048e-05,2.759418906889733543e-05,0.000000000000000000e+00,6.227574623485866712e-03,5.690632310747432763e-06,5.690632310096881813e-06,5.690632312039410423e-06,5.690632312594394034e-06
1.539951876503859417e-03,0.000000000000000000e+00,8.917531833156534403e-05,2.741698809556349624e-05,0.000000000000000000e+00,6.227574794093809415e-03,3.986834975031559621e-06,3.986834974383310907e-06,3.986834976255267273e-06,3.986834976814879918e-06
1.544951720258742108e-03,0.000000000000000000e+00,8.879321230252922329e-05,2.724003235690224947e-05,0.000000000000000000e+00,6.227575288168880202e-03,2.901354071662770056e-06,2.901354071016229807e-06,2.901354069259635093e-06,2.901354069825070667e-06
1.549951564013624800e-03,0.000000000000000000e+00,8.846751050516314522e-05,2.706332185291359513e-05,0.000000000000000000e+00,6.227576014854968242e-03,2.294750949809395759e-06,2.294750949164070155e-06,2.294750949720086299e-06,2.294750950292031320e-06
1.554951407768507491e-03,0.000000000000000000e+00,8.823249778217971153e-05,2.688685658359753661e-05,0.000000000000000000e+00,6.227576802879275508e-03,2.075308423843772734e-06,2.075308423199447900e-06,2.075308424643368448e-06,2.075308425221778872e-06
1.559951251523390182e-03,0.000000000000000000e+00,8.812060549405821596e-05,2.671063654895407052e-05,0.000000000000000000e+00,6.227577453702482467e-03,2.326562777007056484e-06,2.326562776363735807e-06,2.326562775812218256e-06,2.326562776396553252e-06
1.564951095278272657e-03,0.000000000000000000e+00,8.815980177539747885e-05,2.653466174898319686e-05,0.000000000000000000e+00,6.227577811776662149e-03,3.237698196254562367e-06,3.237698195612391114e-06,3.237698192801843045e-06,3.237698193391130219e-06
1.569950939033155348e-03,0.000000000000000000e+00,8.836786437908987295e-05,2.635893218368491901e-05,0.000000000000000000e+00,6.227577797351073821e-03,5.056958525595234017e-06,5.056958524954798335e-06,5.056958525277016445e-06,5.056958525869572742e-06
1.574950782788038040e-03,0.000000000000000000e+00,8.874620718498839745e-05,2.618344785305923360e-05,0.000000000000000000e+00,6.227577356815690475e-03,8.012190445084107923e-06,8.012190444446265009e-06,8.012190445007139734e-06,8.012190445601028414e-06
1.579950626542920731e-03,0.000000000000000000e+00,8.927991154296702724e-05,2.600820875710614739e-05,0.000000000000000000e+00,6.227576509764256273e-03,1.230218501335959120e-05,1.230218501272514658e-05,1.230218501162622975e-05,1.230218501221935271e-05
1.584950470297803423e-03,0.000000000000000000e+00,8.993743964973738183e-05,2.583321489582565361e-05,0.000000000000000000e+00,6.227575418827435358e-03,1.793173413892990638e-05,1.793173413829991715e-05,1.793173413650707367e-05,1.793173413709715070e-05
1.589950314052686114e-03,0.000000000000000000e+00,9.067363407105525448e-05,2.565846626921775226e-05,0.000000000000000000e+00,6.227574327040189678e-03,2.460386416421748762e-05,2.460386416359338019e-05,2.460386416522822154e-05,2.460386416581255569e-05
1.594950157807568806e-03,0.000000000000000000e+00,9.143544809233655919e-05,2.548396287728244672e-05,0.000000000000000000e+00,6.227573502711274654e-03,3.178015931779752467e-05,3.178015931718106764e-05,3.178015931857157048e-05,3.178015931914728183e-05
1.599950001562451280e-03,0.000000000000000000e+00,9.216973315529110701e-05,2.530970472001973362e-05,0.000000000000000000e+00,6.227573208189242024e-03,3.873542315100716841e-05,3.873542315040031335e-05,3.873542314926301238e-05,3.873542314982700080e-05
1.604949845317333972e-03,0.000000000000000000e+00,9.282922137661021454e-05,2.513569179742961295e-05,0.000000000000000000e+00,6.227573561015396601e-03,4.471767691262656355e-05,4.471767691203142465e-05,4.471767691259203849e-05,4.471767691314112590e-05
1.609949689072216663e-03,0.000000000000000000e+00,9.337439248829284709e-05,2.496192410951208809e-05,0.000000000000000000e+00,6.227574429895696775e-03,4.906383005369474478e-05,4.906383005311340236e-05,4.906383005561193271e-05,4.906383005614309691e-05
1.614949532827099354e-03,0.000000000000000000e+00,9.377718906782592321e-05,2.478840165626715566e-05,0.000000000000000000e+00,6.227575494241953738e-03,5.138357599000804171e-05,5.138357598944235923e-05,5.138357599056273309e-05,5.138357599107325679e-05
1.619949376581982046e-03,0.000000000000000000e+00,9.402194744202476394e-05,2.461512443769481905e-05,0.000000000000000000e+00,6.227576365058639860e-03,5.154332727839750920e-05,5.154332727784918751e-05,5.154332727570301608e-05,5.154332727619050726e-05
1.624949220336864737e-03,0.000000000000000000e+00,9.410519347272561404e-05,2.444209245379508165e-05,0.000000000000000000e+00,6.227576782484011038e-03,4.959407230169589375e-05,4.959407230116610513e-05,4.959407230179072756e-05,4.959407230225337695e-05
1.629949064091747429e-03,0.000000000000000000e+00,9.403287339531366971e-05,2.426930570456793329e-05,0.000000000000000000e+00,6.227576747113722742e-03,4.571031482139335485e-05,4.571031482088296668e-05,4.571031482152687435e-05,4.571031482196357743e-05
1.634948907846629903e-03,0.000000000000000000e+00,9.381860518459257247e-05,2.409676419001337736e-05,0.000000000000000000e+00,6.227576421276736877e-03,4.012582472079398275e-05,4.012582472030317121e-05,4.012582471859399424e-05,4.012582471900432411e-05
1.639948751601512595e-03,0.000000000000000000e+00,9.348277055869826666e-05,2.392446791013142063e-05,0.000000000000000000e+00,6.227575955328956518e-03,3.314275663608922090e-05,3.314275663561738289e-05,3.314275663175233089e-05,3.314275663213696516e-05
1.644948595356395286e-03,0.000000000000000000e+00,9.304919999147688017e-05,2.375241686492205294e-05,0.000000000000000000e+00,6.227575457793837511e-03,2.502454279723753260e-05,2.502454279678323156e-05,2.502454279646764402e-05,2.502454279682817174e-05
1.649948439111277977e-03,0.000000000000000000e+00,9.254519714896878354e-05,2.358061105438527769e-05,0.000000000000000000e+00,6.227575006217640936e-03,1.605576905734765235e-05,1.605576905690916711e-05,1.605576905601435812e-05,1.605576905635282571e-05
1.654948282866160669e-03,0.000000000000000000e+00,9.200239500947593875e-05,2.340905047852110164e-05,0.000000000000000000e+00,6.227574702407119925e-03,6.572916374436465589e-06,6.572916374011758187e-06,6.572916371576057349e-06,6.572916371894927984e-06
1.659948126621043360e-03,0.000000000000000000e+00,9.145892959635466336e-05,2.323773513732951463e-05,0.000000000000000000e+00,6.227574701297123282e-03,-2.996533909874629385e-06,-2.996533910287796810e-06,-2.996533912806852466e-06,-2.996533912504863197e-06
1.664947970375926052e-03,0.000000000000000000e+00,9.095758878287132487e-05,2.306666503081052682e-05,0.000000000000000000e+00,6.227575096530377392e-03,-1.216017569625600130e-05,-1.216017569665970397e-05,-1.216017569420521595e-05,-1.216017569391755847e-05
1.669947814130808526e-03,0.000000000000000000e+00,9.054233664253065277e-05,2.289584015896413484e-05,0.000000000000000000e+00,6.227575787373353100e-03,-2.036704609949289231e-05,-2.036704609988902929e-05,-2.036704610006456501e-05,-2.036704609978890322e-05
1.674947657885691218e-03,0.000000000000000000e+00,9.025507613919097629e-05,2.272526052179033189e-05,0.000000000000000000e+00,6.227576537324930502e-03,-2.697200749180938024e-05,-2.697200749219980822e-05,-2.697200749282424768e-05,-2.697200749255830644e-05
1.679947501640573909e-03,0.000000000000000000e+00,9.012971665547007906e-05,2.255492611928912476e-05,0.000000000000000000e+00,6.227577091660087272e-03,-3.141139927775438818e-05,-3.141139927814070297e-05,-3.141139927796613286e-05,-3.141139927770805886e-05
1.684947345395456601e-03,0.000000000000000000e+00,9.018778325269106761e-05,2.238483695146051345e-05,0.000000000000000000e+00,6.227577283000693825e-03,-3.327425420552950386e-05,-3.327425420591270834e-05,-3.327425420280127850e-05,-3.327425420254987912e-05
1.689947189150339292e-03,0.000000000000000000e+00,9.043398734095846900e-05,2.221499301830449119e-05,0.000000000000000000e+00,6.227577086339664350e-03,-3.239817708671449790e-05,-3.239817708709519516e-05,-3.239817708873456305e-05,-3.239817708848913356e-05
1.694947032905221983e-03,0.000000000000000000e+00,9.085566026830373262e-05,2.204539431982106474e-05,0.000000000000000000e+00,6.227576542783682875e-03,-2.884798330272738570e-05,-2.884798330310576548e-05,-2.884798330480640096e-05,-2.884798330456677195e-05
1.699946876660104675e-03,0.000000000000000000e+00,9.142175927481064495e-05,2.187604085601023410e-05,0.000000000000000000e+00,6.227575700223045296e-03,-2.293906552310599588e-05,-2.293906552348193282e-05,-2.293906552424907023e-05,-2.293906552401559407e-05
1.704946720414987149e-03,0.000000000000000000e+00,9.208322044902550875e-05,2.170693262687199929e-05,0.000000000000000000e+00,6.227574707231352952e-03,-1.517445814561633108e-05,-1.517445814598918481e-05,-1.517445814603755378e-05,-1.517445814581097586e-05
1.709946564169869841e-03,0.000000000000000000e+00,9.277740968226781551e-05,2.153806963240635690e-05,0.000000000000000000e+00,6.227573896369616689e-03,-6.106377654699161466e-06,-6.106377655067971469e-06,-6.106377657873756249e-06,-6.106377657655182785e-06
1.714946407924752532e-03,0.000000000000000000e+00,9.343468513386343430e-05,2.136945187261331033e-05,0.000000000000000000e+00,6.227573660653550232e-03,3.652018942388324195e-06,3.652018942024986024e-06,3.652018940235146114e-06,3.652018940444192152e-06
1.719946251679635224e-03,0.000000000000000000e+00,9.398734832086140501e-05,2.120107934749285619e-05,0.000000000000000000e+00,6.227574231399883239e-03,1.341474640529905447e-05,1.341474640494317527e-05,1.341474640489917021e-05,1.341474640509679147e-05
1.724946095434517915e-03,0.000000000000000000e+00,9.437572887664887316e-05,2.103295205704499448e-05,0.000000000000000000e+00,6.227575459278827594e-03,2.235972032488897719e-05,2.235972032454265591e-05,2.235972032527015895e-05,2.235972032545446316e-05
1.729945939189400607e-03,0.000000000000000000e+00,9.455487875239859587e-05,2.086507000126972859e-05,0.000000000000000000e+00,6.227576840106367577e-03,2.967629568281183805e-05,2.967629568247743621e-05,2.967629568084245934e-05,2.967629568101155083e-05
1.734945782944283298e-03,0.000000000000000000e+00,9.449838054498772204e-05,2.069743318016705513e-05,0.000000000000000000e+00,6.227577817776283955e-03,3.464923001474144525e-05,3.464923001442111094e-05,3.464923001395110930e-05,3.464923001410369043e-05
1.739945626699165773e-03,0.000000000000000000e+00,9.419902313155352740e-05,2.053004159373697410e-05,0.000000000000000000e+00,6.227578122903533811e-03,3.669786595309048878e-05,3.669786595278605836e-05,3.669786595404659246e-05,3.669786595418175859e-05
1.744945470454048464e-03,0.000000000000000000e+00,9.366869598299687298e-05,2.036289524197949227e-05,0.000000000000000000e+00,6.227577811075550238e-03,3.546792188335558737e-05,3.546792188306891077e-05,3.546792188303148546e-05,3.546792188314861318e-05
1.749945314208931155e-03,0.000000000000000000e+00,9.293687077645752424e-05,2.019599412489460626e-05,0.000000000000000000e+00,6.227577102934241625e-03,3.087125264790687774e-05,3.087125264763958125e-05,3.087125264521722965e-05,3.087125264531594626e-05
1.754945157963813847e-03,0.000000000000000000e+00,9.204890813280008953e-05,2.002933824248230929e-05,0.000000000000000000e+00,6.227576176773622942e-03,2.310044458358435573e-05,2.310044458333762520e-05,2.310044458297202545e-05,2.310044458305237161e-05
1.759945001718696538e-03,0.000000000000000000e+00,9.105876082574917117e-05,1.986292759474260814e-05,0.000000000000000000e+00,6.227575135402046297e-03,1.252690015720794141e-05,1.252690015698267808e-05,1.252690015852917898e-05,1.252690015859138000e-05
1.764944845473579230e-03,0.000000000000000000e+00,9.002132872061956973e-05,1.969676218167550280e-05,0.000000000000000000e+00,6.227574136548711184e-03,-1.857298834113622476e-07,-1.857298836143210826e-07,-1.857298853692704348e-07,-1.857298853251455240e-07
1.769944689228461921e-03,0.000000000000000000e+00,8.898491404298465276e-05,1.953084200328098651e-05,0.000000000000000000e+00,6.227573462315634696e-03,-1.411365221775062775e-05,-1.411365221793102882e-05,-1.411365221911766438e-05,-1.411365221909128439e-05
1.774944532983344396e-03,0.000000000000000000e+00,8.798577815074901532e-05,1.936516705955906604e-05,0.000000000000000000e+00,6.227573369002733887e-03,-2.824355316237870273e-05,-2.824355316253657273e-05,-2.824355316256825515e-05,-2.824355316255936470e-05
1.779944376738227087e-03,0.000000000000000000e+00,8.704622208855694262e-05,1.919973735050974138e-05,0.000000000000000000e+00,6.227573896950169656e-03,-4.162861942682107626e-05,-4.162861942695636437e-05,-4.162861942650130439e-05,-4.162861942650999833e-05
1.784944220493109778e-03,0.000000000000000000e+00,8.617429096616632735e-05,1.903455287613300576e-05,0.000000000000000000e+00,6.227574838217054404e-03,-5.347108297710466272e-05,-5.347108297721761625e-05,-5.347108298008548008e-05,-5.347108298011197527e-05
1.789944064247992470e-03,0.000000000000000000e+00,8.536703669505014015e-05,1.886961363642887274e-05,0.000000000000000000e+00,6.227575858670681384e-03,-6.316039232769975838e-05,-6.316039232779107530e-05,-6.316039232921440236e-05,-6.316039232925863781e-05
1.794943908002875161e-03,0.000000000000000000e+00,8.461175601127346121e-05,1.870491963139733215e-05,0.000000000000000000e+00,6.227576703366948310e-03,-7.042177329334946138e-05,-7.042177329342019202e-05,-7.042177329493960649e-05,-7.042177329500140602e-05
1.799943751757757853e-03,0.000000000000000000e+00,8.388838456117967421e-05,1.854047086103838060e-05,0.000000000000000000e+00,6.227577248860072072e-03,-7.523791689669836211e-05,-7.523791689674956356e-05,-7.523791689741744565e-05,-7.523791689749664661e-05
1.804943595512640544e-03,0.000000000000000000e+00,8.317264087391224351e-05,1.837626732535202825e-05,0.000000000000000000e+00,6.227577404279938285e-03,-7.779347633195718664e-05,-7.779347633199041744e-05,-7.779347633473172776e-05,-7.779347633482776097e-05
1.809943439267523019e-03,0.000000000000000000e+00,8.244106187878611771e-05,1.821230902433826834e-05,0.000000000000000000e+00,6.227577011694076028e-03,-7.843119085530165049e-05,-7.843119085531842852e-05,-7.843119085598467075e-05,-7.843119085609702120e-05
1.814943283022405710e-03,0.000000000000000000e+00,8.167658754540884584e-05,1.804859595799709746e-05,0.000000000000000000e+00,6.227575991845009720e-03,-7.762086599308890347e-05,-7.762086599309046201e-05,-7.762086599294967836e-05,-7.762086599307800724e-05
1.819943126777288402e-03,0.000000000000000000e+00,8.087017896927523465e-05,1.788512812632852579e-05,0.000000000000000000e+00,6.227574560538792943e-03,-7.583152788964968999e-05,-7.583152788963724877e-05,-7.583152788825691033e-05,-7.583152788840082461e-05
1.824942970532171093e-03,0.000000000000000000e+00,8.002237519571004537e-05,1.772190552933254655e-05,0.000000000000000000e+00,6.227573317748185538e-03,-7.334144536250757573e-05,-7.334144536248231381e-05,-7.334144536456098688e-05,-7.334144536472006644e-05
1.829942814287053784e-03,0.000000000000000000e+00,7.914225257627656668e-05,1.755892816700916313e-05,0.000000000000000000e+00,6.227572941012193310e-03,-7.028796990082606202e-05,-7.028796990078903652e-05,-7.028796989981055761e-05,-7.028796989998447719e-05
1.834942658041936476e-03,0.000000000000000000e+00,7.824743249319013078e-05,1.739619603935837553e-05,0.000000000000000000e+00,6.227573710245675777e-03,-6.670881808755172078e-05,-6.670881808750369062e-05,-6.670881808694981239e-05,-6.670881808713842291e-05
1.839942501796819167e-03,0.000000000000000000e+00,7.736347474051821641e-05,1.723370914638018035e-05,0.000000000000000000e+00,6.227575274706685302e-03,-6.263463750035728279e-05,-6.263463750029883074e-05,-6.263463750051899155e-05,-6.263463750072226590e-05
1.844942345551701642e-03,0.000000000000000000e+00,7.652304916496265453e-05,1.707146748807457761e-05,0.000000000000000000e+00,6.227576912115509282e-03,-5.815290681506136332e-05,-5.815290681499295017e-05,-5.815290681825002224e-05,-5.815290681846785879e-05
1.849942189306584333e-03,0.000000000000000000e+00,7.576439100523151731e-05,1.690947106444157068e-05,0.000000000000000000e+00,6.227578000999135777e-03,-5.352676149191200957e-05,-5.352676149183420451e-05,-5.352676149157765517e-05,-5.352676149180978285e-05
1.854942033061467025e-03,0.000000000000000000e+00,7.512469449415583604e-05,1.674771987548115618e-05,0.000000000000000000e+00,6.227578288683170357e-03,-4.917250979810963392e-05,-4.917250979802299262e-05,-4.917250979884032520e-05,-4.917250979908607995e-05
1.859941876816349716e-03,0.000000000000000000e+00,7.463396587961512827e-05,1.658621392119333411e-05,0.000000000000000000e+00,6.227577816099737033e-03,-4.543024368806831075e-05,-4.543024368797350405e-05,-4.543024368981454032e-05,-4.543024369007296669e-05
1.864941720571232408e-03,0.000000000000000000e+00,7.430892095962315924e-05,1.642495320157810786e-05,0.000000000000000000e+00,6.227576736802178589e-03,-4.252295116751754868e-05,-4.252295116741543039e-05,-4.252295116948362735e-05,-4.252295116975324810e-05
1.869941564326115099e-03,0.000000000000000000e+00,7.415296341041483072e-05,1.626393771663547743e-05,0.000000000000000000e+00,6.227575320671946413e-03,-4.051194944172617246e-05,-4.051194944161779291e-05,-4.051194944097983479e-05,-4.051194944125866449e-05
1.874941408080997790e-03,0.000000000000000000e+00,7.415883387980188300e-05,1.610316746636544281e-05,0.000000000000000000e+00,6.227573998702508849e-03,-3.928647610935582786e-05,-3.928647610924200018e-05,-3.928647610943901327e-05,-3.928647610972491061e-05
1.879941251835880265e-03,0.000000000000000000e+00,7.431275756969050799e-05,1.594264245076800062e-05,0.000000000000000000e+00,6.227573274159730644e-03,-3.847000419067352702e-05,-3.847000419055520668e-05,-3.847000419159652188e-05,-3.847000419188707451e-05
1.884941095590762956e-03,0.000000000000000000e+00,7.460011744691272034e-05,1.578236266984315087e-05,0.000000000000000000e+00,6.227573431311183086e-03,-3.750437367036358466e-05,-3.750437367024184231e-05,-3.750437367092472027e-05,-3.750437367121719736e-05
1.889940939345645648e-03,0.000000000000000000e+00,7.500846753648814612e-05,1.562232812359089693e-05,0.000000000000000000e+00,6.227574327592128381e-03,-3.576587177229075649e-05,-3.576587177216641883e-05,-3.576587177046991348e-05,-3.576587177076160452e-05
1.894940783100528339e-03,0.000000000000000000e+00,7.553034635461884421e-05,1.546253881201123541e-05,0.000000000000000000e+00,6.227575435820942654e-03,-3.263353820363242187e-05,-3.263353820350629528e-05,-3.263353820316359252e-05,-3.263353820345193609e-05
1.899940626855411031e-03,0.000000000000000000e+00,7.616251934187750691e-05,1.530299473510416633e-05,0.000000000000000000e+00,6.227576183038202942e-03,-2.769970522874589807e-05,-2.769970522861860596e-05,-2.769970522939696486e-05,-2.769970522967969768e-05
1.904940470610293722e-03,0.000000000000000000e+00,7.690733515832355344e-05,1.514369589286969476e-05,0.000000000000000000e+00,6.227576281925063448e-03,-2.088925116969706687e-05,-2.088925116956922927e-05,-2.088925116898391257e-05,-2.088925116925900854e-05
1.909940314365176414e-03,0.000000000000000000e+00,7.777199734688130855e-05,1.498464228530781732e-05,0.000000000000000000e+00,6.227575875558380956e-03,-1.251925920364249065e-05,-1.251925920351428374e-05,-1.251925920143927325e-05,-1.251925920170538729e-05
1.914940158120058888e-03,0.000000000000000000e+00,7.876454660299346522e-05,1.482583391241853061e-05,0.000000000000000000e+00,6.227575383424594109e-03,-3.119017373736789425e-06,-3.119017373608514755e-06,-3.119017373350494967e-06,-3.119017373606719045e-06
1.919940001874941580e-03,0.000000000000000000e+00,7.988975562762093321e-05,1.466727077420183972e-05,0.000000000000000000e+00,6.227575185116742199e-03,6.694789038528403810e-06,6.694789038656570059e-06,6.694789037199199051e-06,6.694789036953335880e-06
1.924939845629824271e-03,0.000000000000000000e+00,8.114538025343312109e-05,1.450895287065774295e-05,0.000000000000000000e+00,6.227575391605040880e-03,1.629321582530098494e-05,1.629321582542909020e-05,1.629321582657622354e-05,1.629321582634045700e-05
1.929939689384706962e-03,0.000000000000000000e+00,8.252293147084897331e-05,1.435088020178623861e-05,0.000000000000000000e+00,6.227575890501399133e-03,2.510575676367105699e-05,2.510575676379948074e-05,2.510575676380504744e-05,2.510575676357857115e-05
1.934939533139589654e-03,0.000000000000000000e+00,8.400701037001895473e-05,1.419305276758733178e-05,0.000000000000000000e+00,6.227576522359710466e-03,3.261585927685762659e-05,3.261585927698685671e-05,3.261585927530721071e-05,3.261585927508856101e-05
1.939939376894472345e-03,0.000000000000000000e+00,8.557741659752425654e-05,1.403547056806102077e-05,0.000000000000000000e+00,6.227577167733814451e-03,3.841012034087462141e-05,3.841012034100545750e-05,3.841012033782129125e-05,3.841012033760861821e-05
1.944939220649355037e-03,0.000000000000000000e+00,8.720977507137814310e-05,1.387813360320730049e-05,0.000000000000000000e+00,6.227577681691073147e-03,4.209094604456810183e-05,4.209094604470188560e-05,4.209094604444629849e-05,4.209094604423693905e-05
1.949939064404237511e-03,0.000000000000000000e+00,8.887412220301877134e-05,1.372104187302617434e-05,0.000000000000000000e+00,6.227577796332999308e-03,4.334016102538004343e-05,4.334016102551833342e-05,4.334016102343638064e-05,4.334016102322749554e-05
1.954938908159120203e-03,0.000000000000000000e+00,9.053363555595361799e-05,1.356419537751764400e-05,0.000000000000000000e+00,6.227577245708990246e-03,4.192478857526303192e-05,4.192478857540754929e-05,4.192478857246263935e-05,4.192478857225134190e-05
1.959938751914002894e-03,0.000000000000000000e+00,9.214511728062910298e-05,1.340759411668170441e-05,0.000000000000000000e+00,6.227576046471132790e-03,3.769396017743921890e-05,3.769396017759186102e-05,3.769396017544932845e-05,3.769396017523267775e-05
1.964938595668885585e-03,0.000000000000000000e+00,9.366643905849795365e-05,1.325123809051835893e-05,0.000000000000000000e+00,6.227574632767517680e-03,3.059814240124225410e-05,3.059814240140471502e-05,3.059814240271347579e-05,3.059814240248893074e-05
1.969938439423768277e-03,0.000000000000000000e+00,9.506247530622348961e-05,1.309512729902760927e-05,0.000000000000000000e+00,6.227573627030604658e-03,2.074424697791147013e-05,2.074424697808523047e-05,2.074424697741429228e-05,2.074424697717979629e-05
1.974938283178650968e-03,0.000000000000000000e+00,9.631111576562460515e-05,1.293926174220945035e-05,0.000000000000000000e+00,6.227573460926313746e-03,8.541733317238060666e-06,8.541733317424367257e-06,8.541733317387667013e-06,8.541733317141719139e-06
1.979938126933533660e-03,0.000000000000000000e+00,9.740607061883697253e-05,1.278364142006388555e-05,0.000000000000000000e+00,6.227574123347864518e-03,-5.327897943433680981e-06,-5.327897943234296201e-06,-5.327897941540193037e-06,-5.327897941798253483e-06
1.984937970688416351e-03,0.000000000000000000e+00,9.835785090796743922e-05,1.262826633259091657e-05,0.000000000000000000e+00,6.227575232612504730e-03,-1.986812338105955361e-05,-1.986812338084706353e-05,-1.986812337677487132e-05,-1.986812337704488849e-05
1.989937814443299043e-03,0.000000000000000000e+00,9.919197962068320340e-05,1.247313647979053832e-05,0.000000000000000000e+00,6.227576305491302686e-03,-3.388672826205345936e-05,-3.388672826182849418e-05,-3.388672826132599358e-05,-3.388672826160715431e-05
1.994937658198181734e-03,0.000000000000000000e+00,9.994370555626083804e-05,1.231825186166275420e-05,0.000000000000000000e+00,6.227576993511065376e-03,-4.614343953041277296e-05,-4.614343953017654564e-05,-4.614343952835923984e-05,-4.614343952865002964e-05
1.999937501953063992e-03,0.000000000000000000e+00,1.006553299070374568e-04,1.216361247820756590e-05,0.000000000000000000e+00,6.227577140005524300e-03,-5.556020551755755182e-05,-5.556020551731187160e-05,-5.556020551562307764e-05,-5.556020551592145686e-05
2.004937345707946683e-03,0.000000000000000000e+00,1.013701355442810808e-04,1.200921832942496833e-05,0.000000000000000000e+00,6.227576755240609059e-03,-6.140661902524813568e-05,-6.140661902499504224e-05,-6.140661902330761708e-05,-6.140661902361124790e-05
2.009937189462829375e-03,0.000000000000000000e+00,1.021259051763298212e-04,1.185506941531496488e-05,0.000000000000000000e+00,6.227575979744036719e-03,-6.334113460328210873e-05,-6.334113460302397375e-05,-6.334113460465232344e-05,-6.334113460495877318e-05
2.014937033217712066e-03,0.000000000000000000e+00,1.029479004878084807e-04,1.170116573587755725e-05,0.000000000000000000e+00,6.227575069542716155e-03,-6.146663461177131983e-05,-6.146663461151070473e-05,-6.146663461253287699e-05,-6.146663461283944870e-05
2.019936876972594757e-03,0.000000000000000000e+00,1.038468997491485941e-04,1.154750729111274036e-05,0.000000000000000000e+00,6.227574350573077989e-03,-5.624971206568026016e-05,-5.624971206541991612e-05,-5.624971206621805832e-05,-5.624971206652191276e-05
2.024936720727477449e-03,0.000000000000000000e+00,1.048214228883411034e-04,1.139409408102051759e-05,0.000000000000000000e+00,6.227574101583902358e-03,-4.849042861290552817e-05,-4.849042861264802337e-05,-4.849042861363273645e-05,-4.849042861393123086e-05
2.029936564482360140e-03,0.000000000000000000e+00,1.058589956816760396e-04,1.124092610560089064e-05,0.000000000000000000e+00,6.227574398019792949e-03,-3.913710839993871890e-05,-3.913710839968656736e-05,-3.913710840177756645e-05,-3.913710840206801743e-05
2.034936408237242832e-03,0.000000000000000000e+00,1.069394203926485358e-04,1.108800336485385442e-05,0.000000000000000000e+00,6.227575052899666369e-03,-2.911808837681984755e-05,-2.911808837657537351e-05,-2.911808837679890551e-05,-2.911808837707889055e-05
2.039936251992125523e-03,0.000000000000000000e+00,1.080346717444759512e-04,1.093532585877941233e-05,0.000000000000000000e+00,6.227575723878562078e-03,-1.925019601344990725e-05,-1.925019601321494031e-05,-1.925019601131751874e-05,-1.925019601158505579e-05
2.044936095747008215e-03,0.000000000000000000e+00,1.091084426930909385e-04,1.078289358737756605e-05,0.000000000000000000e+00,6.227576126221876125e-03,-1.014099575289878054e-05,-1.014099575267462513e-05,-1.014099575137943722e-05,-1.014099575163307276e-05
2.049935939501890906e-03,0.000000000000000000e+00,1.101127603147337986e-04,1.063070655064831051e-05,0.000000000000000000e+00,6.227576204495779977e-03,-2.227537150297154972e-06,-2.227537150084666593e-06,-2.227537149593826246e-06,-2.227537149832643798e-06
2.054935783256773597e-03,0.000000000000000000e+00,1.109884568052023091e-04,1.047876474859164909e-05,0.000000000000000000e+00,6.227576132083663743e-03,4.193550157363251245e-06,4.193550157563899798e-06,4.193550160430025510e-06,4.193550160206198748e-06
2.059935627011656289e-03,0.000000000000000000e+00,1.116711358672729261e-04,1.032706818120758350e-05,0.000000000000000000e+00,6.227576123761755476e-03,8.837691079222062006e-06,8.837691079411356929e-06,8.837691081949130320e-06,8.837691081739692953e-06
2.064935470766538980e-03,0.000000000000000000e+00,1.120969171135784723e-04,1.017561684849610863e-05,0.000000000000000000e+00,6.227576228317891795e-03,1.151320057054256727e-05,1.151320057072161987e-05,1.151320057051492350e-05,1.151320057031851859e-05
2.069935314521421238e-03,0.000000000000000000e+00,1.122086937780970042e-04,1.002441075045722789e-05,0.000000000000000000e+00,6.227576328169564732e-03,1.219516262705879319e-05,1.219516262722944153e-05,1.219516262684549335e-05,1.219516262665997450e-05
2.074935158276303929e-03,0.000000000000000000e+00,1.119604359408472828e-04,9.873449887090942969e-06,0.000000000000000000e+00,6.227576286174539219e-03,1.106578712193983491e-05,1.106578712210421012e-05,1.106578712212065950e-05,1.106578712194355169e-05
2.079935002031186621e-03,0.000000000000000000e+00,1.113246454465621575e-04,9.722734258397248782e-06,0.000000000000000000e+00,6.227576083998548860e-03,8.543006841652291524e-06,8.543006841812880500e-06,8.543006840927671778e-06,8.543006840756400022e-06
2.084934845786069312e-03,0.000000000000000000e+00,1.102961341858827853e-04,9.572263864376148718e-06,0.000000000000000000e+00,6.227575827977048853e-03,5.214861045859698496e-06,5.214861046019027087e-06,5.214861043774754001e-06,5.214861043606721299e-06
2.089934689540952004e-03,0.000000000000000000e+00,1.088936024755602608e-04,9.422038705027644472e-06,0.000000000000000000e+00,6.227575662105525739e-03,1.800319185434635447e-06,1.800319185595314209e-06,1.800319185403371461e-06,1.800319185236255249e-06
2.094934533295834695e-03,0.000000000000000000e+00,1.071603906931501923e-04,9.272058780351730961e-06,0.000000000000000000e+00,6.227575644559575803e-03,-1.010916859053425958e-06,-1.010916858889071920e-06,-1.010916859339379199e-06,-1.010916859507337362e-06
2.099934377050717386e-03,0.000000000000000000e+00,1.051602065260175904e-04,9.122324090348408185e-06,0.000000000000000000e+00,6.227575715640459170e-03,-2.616557013480885475e-06,-2.616557013310511574e-06,-2.616557012385499080e-06,-2.616557012555698492e-06
2.104934220805600078e-03,0.000000000000000000e+00,1.029687737302822172e-04,8.972834635017679533e-06,0.000000000000000000e+00,6.227575722434289425e-03,-2.583643689820716170e-06,-2.583643689642303926e-06,-2.583643689028665826e-06,-2.583643689201914556e-06
2.109934064560482769e-03,0.000000000000000000e+00,1.006617331424678813e-04,8.823590414359541617e-06,0.000000000000000000e+00,6.227575509978359840e-03,-6.915932495217026743e-07,-6.915932493336647482e-07,-6.915932471630852226e-07,-6.915932473394307059e-07
2.114933908315365461e-03,0.000000000000000000e+00,9.830988356197938309e-05,8.674591428373999518e-06,0.000000000000000000e+00,6.227575069978196799e-03,3.041484890683574698e-06,3.041484890882427541e-06,3.041484893271507686e-06,3.041484893092529624e-06
2.119933752070248152e-03,0.000000000000000000e+00,9.597688607737650133e-05,8.525837677061051542e-06,0.000000000000000000e+00,6.227574636407018707e-03,8.328982136458903604e-06,8.328982136669303200e-06,8.328982139081907144e-06,8.328982138901438304e-06
2.124933595825130844e-03,0.000000000000000000e+00,9.371805344263332068e-05,8.377329160420694302e-06,0.000000000000000000e+00,6.227574529983919208e-03,1.473219535990095417e-05,1.473219536012328338e-05,1.473219536076337940e-05,1.473219536058286313e-05
2.129933439580013535e-03,0.000000000000000000e+00,9.158100653024897359e-05,8.229065878452932880e-06,0.000000000000000000e+00,6.227574883901452509e-03,2.170086024915046709e-05,2.170086024938452940e-05,2.170086025110190564e-05,2.170086025092323590e-05
2.134933283334896226e-03,0.000000000000000000e+00,8.960763947516392719e-05,8.081047831157765581e-06,0.000000000000000000e+00,6.227575529424297755e-03,2.865942293209244873e-05,2.865942293233776303e-05,2.865942293370028667e-05,2.865942293352549973e-05
2.139933127089778484e-03,0.000000000000000000e+00,8.783709025171810604e-05,7.933275018535189017e-06,0.000000000000000000e+00,6.227576152572962369e-03,3.504546482224246467e-05,3.504546482249816698e-05,3.504546482274535830e-05,3.504546482257650736e-05
2.144932970844661176e-03,0.000000000000000000e+00,8.630342405547889969e-05,7.785747440585208271e-06,0.000000000000000000e+00,6.227576555272258153e-03,4.035311367036353191e-05,4.035311367062830086e-05,4.035311366988625934e-05,4.035311366972551281e-05
2.149932814599543867e-03,0.000000000000000000e+00,8.503675311279175106e-05,7.638465097307821648e-06,0.000000000000000000e+00,6.227576717092672860e-03,4.414061643630711086e-05,4.414061643657944889e-05,4.414061643745593826e-05,4.414061643730517995e-05
2.154932658354426558e-03,0.000000000000000000e+00,8.406391944077562907e-05,7.491427988703025761e-06,0.000000000000000000e+00,6.227576620273898508e-03,4.602422236826218929e-05,4.602422236854047011e-05,4.602422236829287899e-05,4.602422236815367421e-05
2.159932502109309250e-03,0.000000000000000000e+00,8.340597367673413412e-05,7.344636114770825691e-06,0.000000000000000000e+00,6.227576169818815552e-03,4.583401186552612817e-05,4.583401186580856283e-05,4.583401186576312799e-05,4.583401186563665580e-05
2.164932345864191941e-03,0.000000000000000000e+00,8.307193028487756521e-05,7.198089475511218051e-06,0.000000000000000000e+00,6.227575405228624912e-03,4.367726903925144369e-05,4.367726903953648044e-05,4.367726903981644854e-05,4.367726903970323751e-05
2.169932189619074633e-03,0.000000000000000000e+00,8.305483184471834624e-05,7.051788070924204534e-06,0.000000000000000000e+00,6.227574665319722536e-03,4.001367945612291409e-05,4.001367945640904182e-05,4.001367945693605894e-05,4.001367945683616327e-05
2.174932033373957324e-03,0.000000000000000000e+00,8.333468980988546705e-05,6.905731901009785141e-06,0.000000000000000000e+00,6.227574423837941783e-03,3.558170105261995123e-05,3.558170105290593666e-05,3.558170105327037089e-05,3.558170105318320781e-05
2.179931877128840016e-03,0.000000000000000000e+00,8.387941700389175905e-05,6.759920965767958178e-06,0.000000000000000000e+00,6.227574890082135210e-03,3.128060752734451104e-05,3.128060752762929707e-05,3.128060752812092854e-05,3.128060752804556294e-05
2.184931720883722707e-03,0.000000000000000000e+00,8.464911212017770729e-05,6.614355265198725337e-06,0.000000000000000000e+00,6.227575786225161315e-03,2.801219090148503478e-05,2.801219090176787602e-05,2.801219090285554086e-05,2.801219090279045146e-05
2.189931564638605398e-03,0.000000000000000000e+00,8.560193897237994743e-05,6.469034799302086621e-06,0.000000000000000000e+00,6.227576544133797340e-03,2.650056184428715951e-05,2.650056184456771376e-05,2.650056184550937384e-05,2.650056184545268362e-05
2.194931408393488090e-03,0.000000000000000000e+00,8.669916091818497743e-05,6.323959568078040333e-06,0.000000000000000000e+00,6.227576807232149472e-03,2.719312047459163906e-05,2.719312047486996392e-05,2.719312047631904756e-05,2.719312047626844242e-05
2.199931252148370781e-03,0.000000000000000000e+00,8.790380449831533874e-05,6.179129571526588169e-06,0.000000000000000000e+00,6.227576660623797278e-03,3.012414173818165185e-05,3.012414173845802176e-05,3.012414173872493878e-05,3.012414173867787763e-05
2.204931095903253473e-03,0.000000000000000000e+00,8.917722896565377275e-05,6.034544809647730129e-06,0.000000000000000000e+00,6.227576412858634725e-03,3.493282462078034804e-05,3.493282462105529493e-05,3.493282462176254034e-05,3.493282462171640754e-05
2.209930939658135730e-03,0.000000000000000000e+00,9.048112444613364491e-05,5.890205282441464518e-06,0.000000000000000000e+00,6.227576244243185864e-03,4.088327085578619249e-05,4.088327085606021104e-05,4.088327085676477982e-05,4.088327085671712236e-05
2.214930783413018422e-03,0.000000000000000000e+00,9.177616556557415971e-05,5.746110989907790490e-06,0.000000000000000000e+00,6.227576090697082949e-03,4.701107827746944118e-05,4.701107827774309380e-05,4.701107827831917108e-05,4.701107827826755628e-05
2.219930627167901113e-03,0.000000000000000000e+00,9.301979631809460640e-05,5.602261932046710585e-06,0.000000000000000000e+00,6.227575787694143369e-03,5.237742675514235651e-05,5.237742675541625308e-05,5.237742675482094477e-05,5.237742675476312969e-05
2.224930470922783805e-03,0.000000000000000000e+00,9.416440613662388579e-05,5.458658108858223957e-06,0.000000000000000000e+00,6.227575311656320493e-03,5.625445349745710307e-05,5.625445349773187378e-05,5.625445349806775961e-05,5.625445349800174525e-05
2.229930314677666496e-03,0.000000000000000000e+00,9.516137996585217703e-05,5.315299520342330605e-06,0.000000000000000000e+00,6.227574810529054941e-03,5.824003650034037299e-05,5.824003650061661415e-05,5.824003650047969297e-05,5.824003650040366329e-05
2.234930158432549187e-03,0.000000000000000000e+00,9.596508892049342555e-05,5.172186166499031376e-06,0.000000000000000000e+00,6.227574420688533965e-03,5.821067015974708617e-05,5.821067016002545507e-05,5.821067016093457892e-05,5.821067016084691440e-05
2.239930002187431879e-03,0.000000000000000000e+00,9.653599373545054547e-05,5.029318047328325424e-06,0.000000000000000000e+00,6.227574188178114194e-03,5.635606988612537708e-05,5.635606988640651748e-05,5.635606988632020821e-05,5.635606988621961458e-05
2.244929845942314570e-03,0.000000000000000000e+00,9.684902532145595825e-05,4.886695162830212749e-06,0.000000000000000000e+00,6.227574151364287033e-03,5.308367228480675602e-05,5.308367228509112870e-05,5.308367228639081605e-05,5.308367228627643950e-05
2.249929689697197262e-03,0.000000000000000000e+00,9.689954114153240380e-05,4.744317513004694197e-06,0.000000000000000000e+00,6.227574399316778905e-03,4.895414151781266542e-05,4.895414151810083958e-05,4.895414151823108614e-05,4.895414151810226260e-05
2.254929533452079953e-03,0.000000000000000000e+00,9.670362453272795438e-05,4.602185097851768921e-06,0.000000000000000000e+00,6.227575006107738398e-03,4.463100093512282210e-05,4.463100093541543472e-05,4.463100093692575545e-05,4.463100093678201735e-05
2.259929377206962645e-03,0.000000000000000000e+00,9.629059587985841040e-05,4.460297917371436922e-06,0.000000000000000000e+00,6.227575915907498233e-03,4.078978308089293447e-05,4.078978308119055474e-05,4.078978308177561734e-05,4.078978308161683593e-05
2.264929220961845336e-03,0.000000000000000000e+00,9.569807706881850796e-05,4.318655971563699046e-06,0.000000000000000000e+00,6.227576856075698469e-03,3.804288475781972810e-05,3.804288475812284392e-05,3.804288476022831033e-05,3.804288476005447884e-05
2.269929064716728027e-03,0.000000000000000000e+00,9.496706651110471632e-05,4.177259260428554447e-06,0.000000000000000000e+00,6.227577481913059571e-03,3.679935690076504304e-05,3.679935690107413553e-05,3.679935690263333345e-05,3.679935690244464161e-05
2.274928908471610719e-03,0.000000000000000000e+00,9.413394448477572303e-05,4.036107783966003125e-06,0.000000000000000000e+00,6.227577577041348497e-03,3.730249840462172178e-05,3.730249840493708231e-05,3.730249840696428287e-05,3.730249840676116437e-05
2.279928752226492977e-03,0.000000000000000000e+00,9.322677810187518662e-05,3.895201542176045926e-06,0.000000000000000000e+00,6.227577126244327257e-03,3.960458931628002912e-05,3.960458931660213881e-05,3.960458931778665002e-05,3.960458931756933524e-05
2.284928595981375668e-03,0.000000000000000000e+00,9.226643073429951982e-05,3.754540535058681156e-06,0.000000000000000000e+00,6.227576301000310906e-03,4.356646028202014931e-05,4.356646028234940795e-05,4.356646028378422078e-05,4.356646028355285881e-05
2.289928439736258359e-03,0.000000000000000000e+00,9.127126181303281578e-05,3.614124762613909663e-06,0.000000000000000000e+00,6.227575450504791409e-03,4.880643668864797688e-05,4.880643668898512988e-05,4.880643668948073224e-05,4.880643668923507236e-05
2.294928283491141051e-03,0.000000000000000000e+00,9.025835637728387307e-05,3.473954224841731446e-06,0.000000000000000000e+00,6.227574924680970292e-03,5.470174019650172450e-05,5.470174019684762566e-05,5.470174019653677134e-05,5.470174019627622401e-05
2.299928127246023742e-03,0.000000000000000000e+00,8.924860703853621500e-05,3.334028921742147353e-06,0.000000000000000000e+00,6.227574856737625765e-03,6.046953163368413753e-05,6.046953163403972196e-05,6.046953163139214769e-05,6.046953163111600140e-05
2.304927971000906434e-03,0.000000000000000000e+00,8.827339385042754535e-05,3.194348853315156113e-06,0.000000000000000000e+00,6.227575089421949830e-03,6.518230808683090889e-05,6.518230808719705752e-05,6.518230808507122166e-05,6.518230808477860905e-05
2.309927814755789125e-03,0.000000000000000000e+00,8.737519893933819778e-05,3.054914019560757302e-06,0.000000000000000000e+00,6.227575319546170725e-03,6.796906509406361568e-05,6.796906509444147369e-05,6.796906509267604019e-05,6.796906509236584995e-05
2.314927658510671817e-03,0.000000000000000000e+00,8.660326908967267432e-05,2.915724420478952615e-06,0.000000000000000000e+00,6.227575389235190037e-03,6.819043360740372200e-05,6.819043360779434649e-05,6.819043360645589890e-05,6.819043360612681644e-05
2.319927502265554508e-03,0.000000000000000000e+00,8.600722272361359150e-05,2.776780056069741627e-06,0.000000000000000000e+00,6.227575451990517014e-03,6.556696807854125542e-05,6.556696807894581190e-05,6.556696807776203932e-05,6.556696807741302108e-05
2.324927346020437199e-03,0.000000000000000000e+00,8.563336495669854071e-05,2.638080926333123493e-06,0.000000000000000000e+00,6.227575761617156445e-03,6.014448553101359320e-05,6.014448553143306425e-05,6.014448553273646499e-05,6.014448553236661653e-05
2.329927189775319891e-03,0.000000000000000000e+00,8.551666763970033262e-05,2.499627031269099482e-06,0.000000000000000000e+00,6.227576322097104489e-03,5.228129434429089415e-05,5.228129434472597771e-05,5.228129434717048091e-05,5.228129434677938886e-05
2.334927033530202582e-03,0.000000000000000000e+00,8.567490358863272953e-05,2.361418370877669171e-06,0.000000000000000000e+00,6.227576875379727331e-03,4.264862597092253260e-05,4.264862597137358103e-05,4.264862597304810418e-05,4.264862597263605314e-05
2.339926877285085274e-03,0.000000000000000000e+00,8.610876186257307918e-05,2.223454945158831713e-06,0.000000000000000000e+00,6.227577136184448033e-03,3.205189774119713154e-05,3.205189774166394156e-05,3.205189774458922067e-05,3.205189774415729485e-05
2.344926721039967965e-03,0.000000000000000000e+00,8.680476327510871679e-05,2.085736754112587108e-06,0.000000000000000000e+00,6.227577001818482630e-03,2.136036453305408100e-05,2.136036453353623249e-05,2.136036453588285595e-05,2.136036453543267149e-05
2.349926564794850223e-03,0.000000000000000000e+00,8.773709376744007822e-05,1.948263797738936203e-06,0.000000000000000000e+00,6.227576526789805646e-03,1.139228216823744014e-05,1.139228216873416906e-05,1.139228217008932521e-05,1.139228216962295904e-05
2.354926408549732914e-03,0.000000000000000000e+00,8.886803746731058908e-05,1.811036076037878787e-06,0.000000000000000000e+00,6.227575769766714731e-03,2.847747074627827749e-06,2.847747075137858474e-06,2.847747074091554250e-06,2.847747073611799870e-06
2.359926252304615606e-03,0.000000000000000000e+00,9.015387990091595222e-05,1.674053589009415070e-06,0.000000000000000000e+00,6.227574766218159710e-03,-3.811913841678974413e-06,-3.811913841157186871e-06,-3.811913841492525521e-06,-3.811913841982645889e-06
2.364926096059498297e-03,0.000000000000000000e+00,9.154817674701669252e-05,1.537316336653544418e-06,0.000000000000000000e+00,6.227573757565894701e-03,-8.319523692451926487e-06,-8.319523691920099911e-06,-8.319523692707716885e-06,-8.319523693204962494e-06
2.369925939814380988e-03,0.000000000000000000e+00,9.300218283201046505e-05,1.400824318970267254e-06,0.000000000000000000e+00,6.227573224180917022e-03,-1.049633022492359047e-05,-1.049633022438366796e-05,-1.049633022517891331e-05,-1.049633022568000445e-05
2.374925783569263680e-03,0.000000000000000000e+00,9.446629592378547589e-05,1.264577535959583790e-06,0.000000000000000000e+00,6.227573521825705179e-03,-1.029875000882827064e-05,-1.029875000828222407e-05,-1.029875001078965674e-05,-1.029875001129152207e-05
2.379925627324146371e-03,0.000000000000000000e+00,9.589423882760392042e-05,1.128575987621493180e-06,0.000000000000000000e+00,6.227574505375393921e-03,-7.849700305265013039e-06,-7.849700304714487363e-06,-7.849700305605418639e-06,-7.849700306105611924e-06
2.384925471079029063e-03,0.000000000000000000e+00,9.724639139642341998e-05,9.928196739559964805e-07,0.000000000000000000e+00,6.227575574140223162e-03,-3.506707205107077258e-06,-3.506707204553402313e-06,-3.506707204572413121e-06,-3.506707205069052255e-06
2.389925314833911754e-03,0.000000000000000000e+00,9.848862520776932757e-05,8.573085949630933755e-07,0.000000000000000000e+00,6.227576121384212002e-03,2.215569968425863518e-06,2.215569968981501885e-06,2.215569968845868193e-06,2.215569968354158791e-06
2.394925158588794446e-03,0.000000000000000000e+00,9.959566794428597930e-05,7.220427506427833353e-07,0.000000000000000000e+00,6.227576014214149247e-03,8.700003567923550991e-06,8.700003568480290501e-06,8.700003566367819129e-06,8.700003565881761131e-06
2.399925002343677137e-03,0.000000000000000000e+00,1.005544797080028127e-04,5.870221409950666774e-07,0.000000000000000000e+00,6.227575631229846989e-03,1.536226630175807661e-05,1.536226630231551577e-05,1.536226630348628132e-05,1.536226630300591877e-05
2.404924846098559828e-03,0.000000000000000000e+00,1.013648569935401929e-04,4.522467660199434019e-07,0.000000000000000000e+00,6.227575421370998808e-03,2.180010752248936381e-05,2.180010752304764322e-05,2.180010752272418167e-05,2.180010752224884372e-05
2.409924689853442520e-03,0.000000000000000000e+00,1.020372044053734586e-04,3.177166257174135616e-07,0.000000000000000000e+00,6.227575564926261104e-03,2.778081782247223411e-05,2.778081782303191621e-05,2.778081782213723258e-05,2.778081782166564868e-05
2.414924533608325211e-03,0.000000000000000000e+00,1.025919957528609110e-04,1.834317200874771567e-07,0.000000000000000000e+00,6.227575990957477485e-03,3.318538762147716059e-05,3.318538762203937362e-05,3.318538762116720074e-05,3.318538762069739561e-05
2.419924377363207469e-03,0.000000000000000000e+00,1.030602629203572176e-04,4.939204913013410098e-08,0.000000000000000000e+00,6.227576515349228861e-03,3.791138838121759787e-05,3.791138838178395798e-05,3.791138838425691472e-05,3.791138838378639131e-05
2.424924221118090160e-03,0.000000000000000000e+00,1.034780502489283374e-04,-8.440238715461551942e-08,0.000000000000000000e+00,6.227576928651157133e-03,4.192096889547264706e-05,4.192096889604503805e-05,4.192096889580210900e-05,4.192096889532812969e-05
2.429924064872972852e-03,0.000000000000000000e+00,1.038818037652431683e-04,-2.179515887667716847e-07,0.000000000000000000e+00,6.227577056497986610e-03,4.515072358823769437e-05,4.515072358881807457e-05,4.515072358885097333e-05,4.515072358837073275e-05
2.434923908627855543e-03,0.000000000000000000e+00,1.043047647058029353e-04,-3.512555557063344808e-07,0.000000000000000000e+00,6.227576773125761619e-03,4.741949402567970708e-05,4.741949402627027200e-05,4.741949402777677770e-05,4.741949402728724687e-05
2.439923752382738235e-03,0.000000000000000000e+00,1.047736711118919377e-04,-4.843142879733039740e-07,0.000000000000000000e+00,6.227576094266294715e-03,4.843133854680941263e-05,4.843133854741240522e-05,4.843133855020625192e-05,4.843133854970444927e-05
2.444923596137620926e-03,0.000000000000000000e+00,1.053017845681510881e-04,-6.171277855676799789e-07,0.000000000000000000e+00,6.227575261148906270e-03,4.779064460504469053e-05,4.779064460566210301e-05,4.779064460637691750e-05,4.779064460586014609e-05
2.449923439892503618e-03,0.000000000000000000e+00,1.058833861970749597e-04,-7.496960484894624957e-07,0.000000000000000000e+00,6.227574617751608158e-03,4.510613225790623083e-05,4.510613225853986569e-05,4.510613225882852096e-05,4.510613225829446330e-05
2.454923283647386309e-03,0.000000000000000000e+00,1.064944598772036199e-04,-8.820190767386517359e-07,0.000000000000000000e+00,6.227574394217428276e-03,4.011151489885601070e-05,4.011151489950712831e-05,4.011151489954534644e-05,4.011151489899221359e-05
2.459923127402269000e-03,0.000000000000000000e+00,1.070932672031379247e-04,-1.014096870315247276e-06,0.000000000000000000e+00,6.227574617427024048e-03,3.288972189732139022e-05,3.288972189799076987e-05,3.288972189823081223e-05,3.288972189765752678e-05
2.464922971157151692e-03,0.000000000000000000e+00,1.076242318313353093e-04,-1.145929429219249646e-06,0.000000000000000000e+00,6.227575099125109981e-03,2.383479049475711837e-05,2.383479049544495656e-05,2.383479049307079775e-05,2.383479049247692601e-05
2.469922814912034383e-03,0.000000000000000000e+00,1.080257847237110297e-04,-1.277516753450658315e-06,0.000000000000000000e+00,6.227575551519651947e-03,1.351415080368066941e-05,1.351415080438656803e-05,1.351415080190673508e-05,1.351415080129267516e-05
2.474922658666917075e-03,0.000000000000000000e+00,1.082425551639959899e-04,-1.408858843009474132e-06,0.000000000000000000e+00,6.227575820610807555e-03,2.533021122591867978e-06,2.533021123315220562e-06,2.533021121455603772e-06,2.533021120822131548e-06
2.479922502421799766e-03,0.000000000000000000e+00,1.082330711740399609e-04,-1.539955697895696249e-06,0.000000000000000000e+00,6.227575954642732871e-03,-8.596254322999556766e-06,-8.596254322259991971e-06,-8.596254324051517476e-06,-8.596254324702804498e-06
2.484922346176682457e-03,0.000000000000000000e+00,1.079726701714067342e-04,-1.670807318109324877e-06,0.000000000000000000e+00,6.227576075854872155e-03,-1.949433091382439819e-05,-1.949433091307019666e-05,-1.949433091671591117e-05,-1.949433091738280393e-05
2.489922189931564715e-03,0.000000000000000000e+00,1.074567730095098324e-04,-1.801413703650360441e-06,0.000000000000000000e+00,6.227576267612966801e-03,-2.993497093045955170e-05,-2.993497092969278698e-05,-2.993497093133913104e-05,-2.993497093201886143e-05
2.494922033686447407e-03,0.000000000000000000e+00,1.066998718978807336e-04,-1.931774854518801670e-06,0.000000000000000000e+00,6.227576503357933752e-03,-3.971735955440867970e-05,-3.971735955363160490e-05,-3.971735955312806753e-05,-3.971735955381739650e-05
2.499921877441330098e-03,0.000000000000000000e+00,1.057315335518853799e-04,-2.061890770714650892e-06,0.000000000000000000e+00,6.227576663842968735e-03,-4.865031542723018295e-05,-4.865031542644541708e-05,-4.865031542771974766e-05,-4.865031542841510750e-05
2.504921721196212790e-03,0.000000000000000000e+00,1.045895584615804037e-04,-2.191761452237905991e-06,0.000000000000000000e+00,6.227576672782170544e-03,-5.654185297601452699e-05,-5.654185297522484833e-05,-5.654185297675875046e-05,-5.654185297745642101e-05
2.509921564951095481e-03,0.000000000000000000e+00,1.033167354166005805e-04,-2.321386899088567390e-06,0.000000000000000000e+00,6.227576519598816522e-03,-6.317577505306300656e-05,-6.317577505227118661e-05,-6.317577505211099574e-05,-6.317577505280747366e-05
2.514921408705978172e-03,0.000000000000000000e+00,1.019571429345072475e-04,-2.450767111266635937e-06,0.000000000000000000e+00,6.227576189869045258e-03,-6.829250843924734491e-05,-6.829250843845606706e-05,-6.829250843739002527e-05,-6.829250843808209862e-05
2.519921252460860864e-03,0.000000000000000000e+00,1.005516921338242867e-04,-2.579902088772110359e-06,0.000000000000000000e+00,6.227575707106503509e-03,-7.156749088571831899e-05,-7.156749088493040217e-05,-7.156749088563174545e-05,-7.156749088631637846e-05
2.524921096215743555e-03,0.000000000000000000e+00,9.913746358136400717e-05,-2.708791831604991082e-06,0.000000000000000000e+00,6.227575172746810730e-03,-7.277618203171151798e-05,-7.277618203092961848e-05,-7.277618203119963903e-05,-7.277618203187439226e-05
2.529920939970626247e-03,0.000000000000000000e+00,9.774874295253670436e-05,-2.837436339765279799e-06,0.000000000000000000e+00,6.227574681371745094e-03,-7.186005639039393426e-05,-7.186005638962043732e-05,-7.186005638932705221e-05,-7.186005638999039421e-05
2.534920783725508938e-03,0.000000000000000000e+00,9.641843832496022840e-05,-2.965835613252974815e-06,0.000000000000000000e+00,6.227574302306932569e-03,-6.902189296159412838e-05,-6.902189296083075518e-05,-6.902189296072870465e-05,-6.902189296137997135e-05
2.539920627480391629e-03,0.000000000000000000e+00,9.517477929127560090e-05,-3.093989652068076132e-06,0.000000000000000000e+00,6.227574123401038129e-03,-6.470099929318170475e-05,-6.470099929243005449e-05,-6.470099929324212192e-05,-6.470099929388138107e-05
2.544920471235274321e-03,0.000000000000000000e+00,9.403874450133693286e-05,-3.221898456210584172e-06,0.000000000000000000e+00,6.227574260102859000e-03,-5.948306071701648355e-05,-5.948306071627741003e-05,-5.948306071649021181e-05,-5.948306071711866960e-05
2.549920314990157012e-03,0.000000000000000000e+00,9.302105607517739531e-05,-3.349562025680498512e-06,0.000000000000000000e+00,6.227574815023570812e-03,-5.392961709709056135e-05,-5.392961709636465411e-05,-5.392961709653462313e-05,-5.392961709715404138e-05
2.554920158745039704e-03,0.000000000000000000e+00,9.211796506615756142e-05,-3.476980360477819153e-06,0.000000000000000000e+00,6.227575740552575810e-03,-4.844646204278832381e-05,-4.844646204207578614e-05,-4.844646204248619732e-05,-4.844646204309879865e-05
2.559920002499922395e-03,0.000000000000000000e+00,9.130925495681105071e-05,-3.604153460602546517e-06,0.000000000000000000e+00,6.227576704846559882e-03,-4.339579824124471748e-05,-4.339579824054546806e-05,-4.339579824238081905e-05,-4.339579824298916489e-05
2.564919846254804653e-03,0.000000000000000000e+00,9.055959058281279523e-05,-3.731081326054680604e-06,0.000000000000000000e+00,6.227577279659652840e-03,-3.910451626884853715e-05,-3.910451626816218297e-05,-3.910451626874926489e-05,-3.910451626935609963e-05
2.569919690009687344e-03,0.000000000000000000e+00,8.982471844610769951e-05,-3.857763956834220568e-06,0.000000000000000000e+00,6.227577273219857962e-03,-3.587653561905106511e-05,-3.587653561837711826e-05,-3.587653561909725212e-05,-3.587653561970523204e-05
2.574919533764570036e-03,0.000000000000000000e+00,8.905620129018315288e-05,-3.984201352941167679e-06,0.000000000000000000e+00,6.227576801607782181e-03,-3.391249248855106947e-05,-3.391249248788892010e-05,-3.391249248871521768e-05,-3.391249248932668738e-05
2.579919377519452727e-03,0.000000000000000000e+00,8.820775888385067542e-05,-4.110393514375520666e-06,0.000000000000000000e+00,6.227576119228921299e-03,-3.328840600851167930e-05,-3.328840600786100214e-05,-3.328840600981165804e-05,-3.328840601042837256e-05
2.584919221274335419e-03,0.000000000000000000e+00,8.724199419268859729e-05,-4.236340441137281224e-06,0.000000000000000000e+00,6.227575414961318730e-03,-3.392984255452402028e-05,-3.392984255388489665e-05,-3.392984255503044434e-05,-3.392984255565330493e-05
2.589919065029218110e-03,0.000000000000000000e+00,8.613556758169679892e-05,-4.362042133226449352e-06,0.000000000000000000e+00,6.227574751381323090e-03,-3.561117360894885356e-05,-3.561117360832157484e-05,-3.561117360871474721e-05,-3.561117360934418078e-05
2.594918908784100801e-03,0.000000000000000000e+00,8.488200745168213916e-05,-4.487498590643024204e-06,0.000000000000000000e+00,6.227574217325499220e-03,-3.807974619808401456e-05,-3.807974619746942778e-05,-3.807974619753115954e-05,-3.807974619816666465e-05
2.599918752538983493e-03,0.000000000000000000e+00,8.349064450868286182e-05,-4.612709813387004933e-06,0.000000000000000000e+00,6.227574044901857883e-03,-4.103288561381473472e-05,-4.103288561321389699e-05,-4.103288561349402095e-05,-4.103288561413485219e-05
2.604918596293866184e-03,0.000000000000000000e+00,8.198476177299129160e-05,-4.737675801458392385e-06,0.000000000000000000e+00,6.227574392744577789e-03,-4.411048678473953439e-05,-4.411048678415359765e-05,-4.411048678419540720e-05,-4.411048678484049394e-05
2.609918440048748876e-03,0.000000000000000000e+00,8.039555962427693734e-05,-4.862396554857186560e-06,0.000000000000000000e+00,6.227575122490420535e-03,-4.681034759715559519e-05,-4.681034759658623997e-05,-4.681034759586761722e-05,-4.681034759651542124e-05
2.614918283803631567e-03,0.000000000000000000e+00,7.875604384072548638e-05,-4.986872073583386612e-06,0.000000000000000000e+00,6.227575873207119410e-03,-4.857223046551824655e-05,-4.857223046496751250e-05,-4.857223046473385338e-05,-4.857223046538240279e-05
2.619918127558514259e-03,0.000000000000000000e+00,7.709632556418498091e-05,-5.111102357636993388e-06,0.000000000000000000e+00,6.227576327369750524e-03,-4.891229552117622376e-05,-4.891229552064638771e-05,-4.891229552139197999e-05,-4.891229552203916738e-05
2.624917971313396950e-03,0.000000000000000000e+00,7.544251286496413426e-05,-5.235087407018006887e-06,0.000000000000000000e+00,6.227576416445241431e-03,-4.749785892095006665e-05,-4.749785892044362226e-05,-4.749785892096078670e-05,-4.749785892160419970e-05
2.629917815068279641e-03,0.000000000000000000e+00,7.381879786651237793e-05,-5.358827221726426262e-06,0.000000000000000000e+00,6.227576306584809915e-03,-4.423581207909300288e-05,-4.423581207861257934e-05,-4.423581207956684666e-05,-4.423581208020397129e-05
2.634917658823161899e-03,0.000000000000000000e+00,7.224880681651977958e-05,-5.482321801762252362e-06,0.000000000000000000e+00,6.227576140248797243e-03,-3.925872055365559694e-05,-3.925872055320367437e-05,-3.925872055505013166e-05,-3.925872055567843359e-05
2.639917502578044591e-03,0.000000000000000000e+00,7.075829282115887026e-05,-5.605571147125485184e-06,0.000000000000000000e+00,6.227575900849401970e-03,-3.295170357874463939e-05,-3.295170357832344040e-05,-3.295170358044495300e-05,-3.295170358106211476e-05
2.644917346332927282e-03,0.000000000000000000e+00,6.937609405794136158e-05,-5.728575257816123883e-06,0.000000000000000000e+00,6.227575582584148409e-03,-2.581192967644802179e-05,-2.581192967605952843e-05,-2.581192967726221696e-05,-2.581192967786595833e-05
2.649917190087809973e-03,0.000000000000000000e+00,6.813423302347233930e-05,-5.851334133834169306e-06,0.000000000000000000e+00,6.227575331386322847e-03,-1.846682423217261830e-05,-1.846682423181833491e-05,-1.846682423184765580e-05,-1.846682423243606926e-05
2.654917033842692665e-03,0.000000000000000000e+00,6.706543505646736915e-05,-5.973847775179621452e-06,0.000000000000000000e+00,6.227575375723758480e-03,-1.168868340289919592e-05,-1.168868340258010167e-05,-1.168868340348860041e-05,-1.168868340406020026e-05
2.659916877597575356e-03,0.000000000000000000e+00,6.619957531484492528e-05,-6.096116181852480322e-06,0.000000000000000000e+00,6.227575827238716714e-03,-6.288881923574206822e-06,-6.288881923290309330e-06,-6.288881924236366358e-06,-6.288881924790536817e-06
2.664916721352458048e-03,0.000000000000000000e+00,6.556056785621941952e-05,-6.218139353852747609e-06,0.000000000000000000e+00,6.227576531042786426e-03,-2.946654423367336632e-06,-2.946654423118153938e-06,-2.946654422937781660e-06,-2.946654423474418114e-06
2.669916565107340739e-03,0.000000000000000000e+00,6.516108254600310888e-05,-6.339917291180420773e-06,0.000000000000000000e+00,6.227577129145813600e-03,-2.040589233404717220e-06,-2.040589233189277354e-06,-2.040589231264142566e-06,-2.040589231783511405e-06
2.674916408862223430e-03,0.000000000000000000e+00,6.499932624835715218e-05,-6.461449993835500660e-06,0.000000000000000000e+00,6.227577342459054803e-03,-3.616324368980720040e-06,-3.616324368797968447e-06,-3.616324369152406842e-06,-3.616324369654934549e-06
2.679916252617106122e-03,0.000000000000000000e+00,6.505763441647947128e-05,-6.582737461817987271e-06,0.000000000000000000e+00,6.227577116624613378e-03,-7.284880816789183340e-06,-7.284880816638034546e-06,-7.284880817213643408e-06,-7.284880817699619245e-06
2.684916096371988813e-03,0.000000000000000000e+00,6.530572830598009863e-05,-6.703779695127879758e-06,0.000000000000000000e+00,6.227576553728073235e-03,-1.232750906435844908e-05,-1.232750906423800946e-05,-1.232750906259580570e-05,-1.232750906306529573e-05
2.689915940126871505e-03,0.000000000000000000e+00,6.570522290927200922e-05,-6.824576693765178969e-06,0.000000000000000000e+00,6.227575779031308163e-03,-1.786403729697761680e-05,-1.786403729688732647e-05,-1.786403729586475103e-05,-1.786403729631733090e-05
2.694915783881754196e-03,0.000000000000000000e+00,6.621412906110440066e-05,-6.945128457729884904e-06,0.000000000000000000e+00,6.227574872052726515e-03,-2.298585568216414014e-05,-2.298585568210329607e-05,-2.298585568329252016e-05,-2.298585568372768165e-05
2.699915627636636888e-03,0.000000000000000000e+00,6.679172549854632134e-05,-7.065434987021996714e-06,0.000000000000000000e+00,6.227573914946544012e-03,-2.683118848034918129e-05,-2.683118848031714989e-05,-2.683118848025838952e-05,-2.683118848067535335e-05
2.704915471391519145e-03,0.000000000000000000e+00,6.740094371421995450e-05,-7.185496281641515249e-06,0.000000000000000000e+00,6.227573132628540231e-03,-2.866227838779185431e-05,-2.866227838778824256e-05,-2.866227838635240313e-05,-2.866227838674990892e-05
2.709915315146401837e-03,0.000000000000000000e+00,6.801035231594816546e-05,-7.305312341588440507e-06,0.000000000000000000e+00,6.227572868069113782e-03,-2.808923356356750215e-05,-2.808923356359208982e-05,-2.808923356450771549e-05,-2.808923356488406240e-05
2.714915158901284528e-03,0.000000000000000000e+00,6.859464281966059346e-05,-7.424883166862771641e-06,0.000000000000000000e+00,6.227573350277050557e-03,-2.511773866681724741e-05,-2.511773866686934671e-05,-2.511773866872057110e-05,-2.511773866907414298e-05
2.719915002656167220e-03,0.000000000000000000e+00,6.913772890816097423e-05,-7.544208757464509499e-06,0.000000000000000000e+00,6.227574521356065568e-03,-2.012785843988280625e-05,-2.012785843996176327e-05,-2.012785843937385803e-05,-2.012785843970288968e-05
2.724914846411049911e-03,0.000000000000000000e+00,6.963542408032049528e-05,-7.663289113393655775e-06,0.000000000000000000e+00,6.227576048838511652e-03,-1.373410844648398517e-05,-1.373410844658890884e-05,-1.373410844529824238e-05,-1.373410844560080763e-05
2.729914690165932602e-03,0.000000000000000000e+00,7.009522899817393791e-05,-7.782124234650207080e-06,0.000000000000000000e+00,6.227577497848712541e-03,-6.651928895517097623e-06,-6.651928895646802084e-06,-6.651928896065088977e-06,-6.651928896339571697e-06
2.734914533920815294e-03,0.000000000000000000e+00,7.053448838100157339e-05,-7.900714121234167649e-06,0.000000000000000000e+00,6.227578495912220249e-03,4.863693040637347262e-07,4.863693039104353152e-07,4.863693029571471670e-07,4.863693027125172755e-07
2.739914377675697985e-03,0.000000000000000000e+00,7.097656629979603028e-05,-8.019058773145534095e-06,0.000000000000000000e+00,6.227578793758511283e-03,7.270707371998470011e-06,7.270707371822348144e-06,7.270707372615147266e-06,7.270707372402425105e-06
2.744914221430580677e-03,0.000000000000000000e+00,7.144754235376669666e-05,-8.137158190384304724e-06,0.000000000000000000e+00,6.227578250280068478e-03,1.338686537617016751e-05,1.338686537597185677e-05,1.338686537757778042e-05,1.338686537739911068e-05
2.749914065185463368e-03,0.000000000000000000e+00,7.197114798551505635e-05,-8.255012372950484617e-06,0.000000000000000000e+00,6.227576923714802856e-03,1.855636566907591765e-05,1.855636566885596013e-05,1.855636566685437046e-05,1.855636566671148616e-05
2.754913908940346060e-03,0.000000000000000000e+00,7.256580559611585149e-05,-8.372621320844070387e-06,0.000000000000000000e+00,6.227575165358738805e-03,2.254438418878804845e-05,2.254438418854689817e-05,2.254438418672453728e-05,2.254438418661883434e-05
2.759913752695228751e-03,0.000000000000000000e+00,7.324210270721934451e-05,-8.489985034065060339e-06,0.000000000000000000e+00,6.227573564356533864e-03,2.521458329810618928e-05,2.521458329784421893e-05,2.521458329800566002e-05,2.521458329793811422e-05
2.764913596450111442e-03,0.000000000000000000e+00,7.399968630038890891e-05,-8.607103512613459555e-06,0.000000000000000000e+00,6.227572678852513061e-03,2.644998774910768197e-05,2.644998774882523375e-05,2.644998774903367162e-05,2.644998774900457096e-05
2.769913440204994134e-03,0.000000000000000000e+00,7.482575446832103209e-05,-8.723976756489264649e-06,0.000000000000000000e+00,6.227572757660216479e-03,2.615467693220645690e-05,2.615467693190374766e-05,2.615467692874104522e-05,2.615467692875025077e-05
2.774913283959876392e-03,0.000000000000000000e+00,7.569591938208746883e-05,-8.840604765692473924e-06,0.000000000000000000e+00,6.227573639889247628e-03,2.434727223863186805e-05,2.434727223830930774e-05,2.434727223868821607e-05,2.434727223873484354e-05
2.779913127714759083e-03,0.000000000000000000e+00,7.657981468901706699e-05,-8.956987540223092464e-06,0.000000000000000000e+00,6.227574907982205525e-03,2.113663375088599395e-05,2.113663375054391800e-05,2.113663375308094431e-05,2.113663375316369265e-05
2.784912971469641774e-03,0.000000000000000000e+00,7.744619507424709676e-05,-9.073125080081116881e-06,0.000000000000000000e+00,6.227576144231937449e-03,1.677336034929134402e-05,1.677336034893041989e-05,1.677336034907782396e-05,1.677336034919474838e-05
2.789912815224524466e-03,0.000000000000000000e+00,7.826767288380264700e-05,-9.189017385266545480e-06,0.000000000000000000e+00,6.227577081419266060e-03,1.173444421768586929e-05,1.173444421730707616e-05,1.173444421565238036e-05,1.173444421580106852e-05
2.794912658979407157e-03,0.000000000000000000e+00,7.902300448884446880e-05,-9.304664455779383344e-06,0.000000000000000000e+00,6.227577589273357306e-03,6.779828010137570475e-06,6.779828009741951879e-06,6.779828011893134350e-06,6.779828012071085808e-06
2.799912502734289849e-03,0.000000000000000000e+00,7.969726523935218943e-05,-9.420066291619627084e-06,0.000000000000000000e+00,6.227577592146748935e-03,2.768827728411482110e-06,2.768827727999695348e-06,2.768827729677837023e-06,2.768827729882907088e-06
2.804912346489172540e-03,0.000000000000000000e+00,8.028113107529990524e-05,-9.535222892787275007e-06,0.000000000000000000e+00,6.227577084341335764e-03,4.160320443739638850e-07,4.160320439466323749e-07,4.160320431380445591e-07,4.160320433682274566e-07
2.809912190244055231e-03,0.000000000000000000e+00,8.076965328343769352e-05,-9.650134259282332194e-06,0.000000000000000000e+00,6.227576207984121537e-03,1.531468427145287749e-07,1.531468422721336310e-07,1.531468407329934507e-07,1.531468409863952153e-07
2.814912033998937923e-03,0.000000000000000000e+00,8.116379137440796220e-05,-9.764800391104795258e-06,0.000000000000000000e+00,6.227575300384135051e-03,2.009394195640421275e-06,2.009394195183291146e-06,2.009394198021220826e-06,2.009394198296387949e-06
2.819911877753820614e-03,0.000000000000000000e+00,8.147089459366790637e-05,-9.879221288254662505e-06,0.000000000000000000e+00,6.227574757378818125e-03,5.646688463355257315e-06,5.646688462883415918e-06,5.646688464987073065e-06,5.646688465282751938e-06
2.824911721508703306e-03,0.000000000000000000e+00,8.170384058614439194e-05,-9.993396950731939015e-06,0.000000000000000000e+00,6.227574795519660172e-03,1.047122266457379606e-05,1.047122266408736537e-05,1.047122266527598637e-05,1.047122266559098776e-05
2.829911565263585997e-03,0.000000000000000000e+00,8.187851339628928501e-05,-1.010732737853662140e-05,0.000000000000000000e+00,6.227575308123972468e-03,1.589451944146234418e-05,1.589451944096078548e-05,1.589451944233654317e-05,1.589451944267025383e-05
2.834911409018468689e-03,0.000000000000000000e+00,8.201126495345510204e-05,-1.022101257166870797e-05,0.000000000000000000e+00,6.227575984959593872e-03,2.144912761593858628e-05,2.144912761542091363e-05,2.144912762040427273e-05,2.144912762075686883e-05
2.839911252773351380e-03,0.000000000000000000e+00,8.211722443531318898e-05,-1.033445253012820381e-05,0.000000000000000000e+00,6.227576506248109697e-03,2.681137168624071624e-05,2.681137168570529993e-05,2.681137168783400554e-05,2.681137168820606307e-05
2.844911096528233638e-03,0.000000000000000000e+00,8.220760800024497954e-05,-1.044764725391510552e-05,0.000000000000000000e+00,6.227576695943716142e-03,3.186755971826996065e-05,3.186755971771516763e-05,3.186755971664145511e-05,3.186755971703402439e-05
2.849910940283116329e-03,0.000000000000000000e+00,8.228865130222586487e-05,-1.056059674302941649e-05,0.000000000000000000e+00,6.227576564621045523e-03,3.675732295538955039e-05,3.675732295481326306e-05,3.675732295472745523e-05,3.675732295514220999e-05
2.854910784037999021e-03,0.000000000000000000e+00,8.235987035747150743e-05,-1.067330099747113673e-05,0.000000000000000000e+00,6.227576251041253182e-03,4.183636714184770964e-05,4.183636714124761051e-05,4.183636714246356358e-05,4.183636714290268579e-05
2.859910627792881712e-03,0.000000000000000000e+00,8.241300157341775907e-05,-1.078576001724026116e-05,0.000000000000000000e+00,6.227575895089481652e-03,4.747779777731328570e-05,4.747779777668692855e-05,4.747779777369383260e-05,4.747779777415978881e-05
2.864910471547764403e-03,0.000000000000000000e+00,8.243238730647863618e-05,-1.089797380233679146e-05,0.000000000000000000e+00,6.227575555861180820e-03,5.395867567810959403e-05,5.395867567745463427e-05,5.395867567325139251e-05,5.395867567374696100e-05
2.869910315302647095e-03,0.000000000000000000e+00,8.239872604089739901e-05,-1.100994235276073102e-05,0.000000000000000000e+00,6.227575209914923068e-03,6.130453319899649206e-05,6.130453319831077484e-05,6.130453319812640626e-05,6.130453319865427719e-05
2.874910159057529786e-03,0.000000000000000000e+00,8.229665462451751584e-05,-1.112166566851207477e-05,0.000000000000000000e+00,6.227574827001504214e-03,6.919174529519464133e-05,6.919174529447675041e-05,6.919174529626785240e-05,6.919174529683016031e-05
2.879910002812412478e-03,0.000000000000000000e+00,8.212117166120636296e-05,-1.123314374959082439e-05,0.000000000000000000e+00,6.227574479082257849e-03,7.702733167353560716e-05,7.702733167278536636e-05,7.702733167163573259e-05,7.702733167223353456e-05
2.884909846567295169e-03,0.000000000000000000e+00,8.188187183338305891e-05,-1.134437659599698327e-05,0.000000000000000000e+00,6.227574301717272304e-03,8.411213430828879854e-05,8.411213430750666864e-05,8.411213430788487902e-05,8.411213430851850032e-05
2.889909690322177861e-03,0.000000000000000000e+00,8.160237477585799393e-05,-1.145536420773054634e-05,0.000000000000000000e+00,6.227574369237994824e-03,8.978958049383383225e-05,8.978958049302131759e-05,8.978958049700222336e-05,8.978958049767101347e-05
2.894909534077060552e-03,0.000000000000000000e+00,8.131698127871513646e-05,-1.156610658479151529e-05,0.000000000000000000e+00,6.227574670454736477e-03,9.345629157819524422e-05,9.345629157735436412e-05,9.345629158049443045e-05,9.345629158119685793e-05
2.899909377831943243e-03,0.000000000000000000e+00,8.106529307036594622e-05,-1.167660372717989350e-05,0.000000000000000000e+00,6.227575231885434416e-03,9.465228949422724314e-05,9.465228949336040995e-05,9.465228949269653940e-05,9.465228949343053072e-05
2.904909221586825935e-03,0.000000000000000000e+00,8.088625512711138360e-05,-1.178685563489567589e-05,0.000000000000000000e+00,6.227576101784402379e-03,9.311322698767101062e-05,9.311322698678123301e-05,9.311322698681126541e-05,9.311322698757375769e-05
2.909909065341708626e-03,0.000000000000000000e+00,8.081447676402614216e-05,-1.189686230793886416e-05,0.000000000000000000e+00,6.227577177972364042e-03,8.882824409928819723e-05,8.882824409837868714e-05,8.882824410073862935e-05,8.882824410152636999e-05
2.914908909096590884e-03,0.000000000000000000e+00,8.087598212868866564e-05,-1.200662374630946170e-05,0.000000000000000000e+00,6.227578022896529397e-03,8.204124172088974665e-05,8.204124171996366181e-05,8.204124171864840261e-05,8.204124171945762400e-05
2.919908752851473575e-03,0.000000000000000000e+00,8.108488926880221622e-05,-1.211613995000746342e-05,0.000000000000000000e+00,6.227578030766936848e-03,7.316192021110641075e-05,7.316192021016681404e-05,7.316192020716827675e-05,7.316192020799523841e-05
2.924908596606356267e-03,0.000000000000000000e+00,8.144103371962833503e-05,-1.222541091903287101e-05,0.000000000000000000e+00,6.227576941806394449e-03,6.268038863318058508e-05,6.268038863223036319e-05,6.268038863225158645e-05,6.268038863309239879e-05
2.929908440361238958e-03,0.000000000000000000e+00,8.193141449952008734e-05,-1.233443665338568787e-05,0.000000000000000000e+00,6.227575211404811142e-03,5.102427509680151067e-05,5.102427509584320470e-05,5.102427509848649637e-05,5.102427509933766284e-05
2.934908284116121650e-03,0.000000000000000000e+00,8.253426989108366351e-05,-1.244321715306590891e-05,0.000000000000000000e+00,6.227573734517790477e-03,3.853625809695465469e-05,3.853625809599069732e-05,3.853625809556853610e-05,3.853625809642673633e-05
2.939908127871004341e-03,0.000000000000000000e+00,8.322295858561112674e-05,-1.255175241807353582e-05,0.000000000000000000e+00,6.227573193267168031e-03,2.550190488587498290e-05,2.550190488490802364e-05,2.550190488489991923e-05,2.550190488576184301e-05
2.944907971625887032e-03,0.000000000000000000e+00,8.397029886994411703e-05,-1.266004244840857201e-05,0.000000000000000000e+00,6.227573655605986302e-03,1.228942831572718534e-05,1.228942831475966365e-05,1.228942831857384623e-05,1.228942831943657300e-05
2.949907815380769724e-03,0.000000000000000000e+00,8.474959982068718998e-05,-1.276808724407101237e-05,0.000000000000000000e+00,6.227574699955440440e-03,-5.952255558492194432e-07,-5.952255568151487112e-07,-5.952255525667228271e-07,-5.952255517055274889e-07
2.954907659135652415e-03,0.000000000000000000e+00,8.553525509479210530e-05,-1.287588680506085861e-05,0.000000000000000000e+00,6.227575856406791788e-03,-1.252875251540219414e-05,-1.252875251636479626e-05,-1.252875251583957485e-05,-1.252875251498147626e-05
2.959907502890535107e-03,0.000000000000000000e+00,8.630282066660002630e-05,-1.298344113137811411e-05,0.000000000000000000e+00,6.227576842693663406e-03,-2.278425565190786079e-05,-2.278425565286591265e-05,-2.278425565214707644e-05,-2.278425565129305039e-05
2.964907346645417798e-03,0.000000000000000000e+00,8.703170777046056713e-05,-1.309075022302277380e-05,0.000000000000000000e+00,6.227577441137107511e-03,-3.061632557570848924e-05,-3.061632557666138776e-05,-3.061632557375189734e-05,-3.061632557290178797e-05
2.969907190400300490e-03,0.000000000000000000e+00,8.770927012148492313e-05,-1.319781407999483937e-05,0.000000000000000000e+00,6.227577377039947640e-03,-3.535858633707435471e-05,-3.535858633802196774e-05,-3.535858633636567274e-05,-3.535858633551898538e-05
2.974907034155183181e-03,0.000000000000000000e+00,8.833295535495949680e-05,-1.330463270229431419e-05,0.000000000000000000e+00,6.227576530927360528e-03,-3.656661714223206119e-05,-3.656661714317453781e-05,-3.656661714580401946e-05,-3.656661714495993418e-05
2.979906877910065872e-03,0.000000000000000000e+00,8.891075884197565337e-05,-1.341120608992119321e-05,0.000000000000000000e+00,6.227575159943458602e-03,-3.410463399014928979e-05,-3.410463399108709079e-05,-3.410463399111250855e-05,-3.410463399026974465e-05
2.984906721664948130e-03,0.000000000000000000e+00,8.945706867809387276e-05,-1.351753424287547809e-05,0.000000000000000000e+00,6.227573846570899456e-03,-2.824291214693723100e-05,-2.824291214787115936e-05,-2.824291214590449455e-05,-2.824291214506188989e-05
2.989906565419830822e-03,0.000000000000000000e+00,8.998830777877607739e-05,-1.362361716115717224e-05,0.000000000000000000e+00,6.227573158967048862e-03,-1.970409638888408383e-05,-1.970409638981506452e-05,-1.970409639030904736e-05,-1.970409638946541610e-05
2.994906409174713513e-03,0.000000000000000000e+00,9.051816896354686511e-05,-1.372945484476627227e-05,0.000000000000000000e+00,6.227573325545595825e-03,-9.566154222127570947e-06,-9.566154223056352738e-06,-9.566154225351263148e-06,-9.566154224505705732e-06
2.999906252929596204e-03,0.000000000000000000e+00,9.105539308631660435e-05,-1.383504729370278157e-05,0.000000000000000000e+00,6.227574196521847016e-03,9.401130817322769483e-07,9.401130808052544447e-07,9.401130830153777034e-07,9.401130838631484163e-07
3.004906096684478896e-03,0.000000000000000000e+00,9.160345460954271574e-05,-1.394039450796669843e-05,0.000000000000000000e+00,6.227575461858571304e-03,1.072212588425937641e-05,1.072212588333425380e-05,1.072212588633830019e-05,1.072212588718796064e-05
3.009905940439361587e-03,0.000000000000000000e+00,9.215957614236289968e-05,-1.404549648755802117e-05,0.000000000000000000e+00,6.227576784171309776e-03,1.899026279134352556e-05,1.899026279042063573e-05,1.899026278969921777e-05,1.899026279055011658e-05
3.014905784194244279e-03,0.000000000000000000e+00,9.271501999933136969e-05,-1.415035323247674979e-05,0.000000000000000000e+00,6.227577807516792782e-03,2.534584933496436743e-05,2.534584933404442528e-05,2.534584933404797265e-05,2.534584933489910524e-05
3.019905627949126970e-03,0.000000000000000000e+00,9.325423867798438471e-05,-1.425496474272288597e-05,0.000000000000000000e+00,6.227578224188347680e-03,2.977288888445203175e-05,2.977288888353601983e-05,2.977288888615656020e-05,2.977288888700682881e-05
3.024905471704009662e-03,0.000000000000000000e+00,9.375690420032340832e-05,-1.435933101829642804e-05,0.000000000000000000e+00,6.227577890689657211e-03,3.254511610953919344e-05,3.254511610862813835e-05,3.254511611003029636e-05,3.254511611087855581e-05
3.029905315458892353e-03,0.000000000000000000e+00,9.419995912561417346e-05,-1.446345205919737598e-05,0.000000000000000000e+00,6.227576920548196990e-03,3.405864354766672674e-05,3.405864354676189904e-05,3.405864354556281209e-05,3.405864354640795446e-05
3.034905159213775044e-03,0.000000000000000000e+00,9.456055050691838742e-05,-1.456732786542573149e-05,0.000000000000000000e+00,6.227575683505908941e-03,3.468956044625021244e-05,3.468956044535352981e-05,3.468956044510188648e-05,3.468956044594220415e-05
3.039905002968657736e-03,0.000000000000000000e+00,9.481717486602116911e-05,-1.467095843698149288e-05,0.000000000000000000e+00,6.227574653571718924e-03,3.472258012105263337e-05,3.472258012016612869e-05,3.472258012173521995e-05,3.472258012256899853e-05
3.044904846723540427e-03,0.000000000000000000e+00,9.494751710972440919e-05,-1.477434377386466014e-05,0.000000000000000000e+00,6.227574168873506802e-03,3.422904069089956382e-05,3.422904069002535805e-05,3.422904069022316396e-05,3.422904069104874326e-05
3.049904690478423119e-03,0.000000000000000000e+00,9.492805116296715632e-05,-1.487748387607523497e-05,0.000000000000000000e+00,6.227574299429880673e-03,3.302905672021118816e-05,3.302905671935150392e-05,3.302905671815992508e-05,3.302905671897541452e-05
3.054904534233305376e-03,0.000000000000000000e+00,9.473443168238518234e-05,-1.498037874361321569e-05,0.000000000000000000e+00,6.227574825249986012e-03,3.080110268961033348e-05,3.080110268876731208e-05,3.080110268948333952e-05,3.080110269028703149e-05
3.059904377988188068e-03,0.000000000000000000e+00,9.434586623461742099e-05,-1.508302837647860227e-05,0.000000000000000000e+00,6.227575368648950727e-03,2.723547099290813639e-05,2.723547099208361758e-05,2.723547099455748911e-05,2.723547099534783861e-05
3.064904221743070759e-03,0.000000000000000000e+00,9.374908060123864160e-05,-1.518543277467139643e-05,0.000000000000000000e+00,6.227575655597040148e-03,2.212279836059422003e-05,2.212279835978991821e-05,2.212279836010883966e-05,2.212279836088460665e-05
3.069904065497953451e-03,0.000000000000000000e+00,9.294241598972611054e-05,-1.528759193819159647e-05,0.000000000000000000e+00,6.227575671046850850e-03,1.540888597685827638e-05,1.540888597607563149e-05,1.540888597487632771e-05,1.540888597563632633e-05
3.074903909252836142e-03,0.000000000000000000e+00,9.193681020338778718e-05,-1.538950586703920746e-05,0.000000000000000000e+00,6.227575575676295647e-03,7.247873264734985832e-06,7.247873263974717858e-06,7.247873266066177730e-06,7.247873266810299562e-06
3.079903753007718833e-03,0.000000000000000000e+00,9.075263511188261505e-05,-1.549117456121421925e-05,0.000000000000000000e+00,6.227575550852968225e-03,-2.024821595130416139e-06,-2.024821595868134402e-06,-2.024821594268419507e-06,-2.024821593539818707e-06
3.084903596762601525e-03,0.000000000000000000e+00,8.941821489400801431e-05,-1.559259802071664199e-05,0.000000000000000000e+00,6.227575709273333593e-03,-1.195653068590276605e-05,-1.195653068661829375e-05,-1.195653068769573490e-05,-1.195653068698134731e-05
3.089903440517484216e-03,0.000000000000000000e+00,8.796871078987626605e-05,-1.569377624554647231e-05,0.000000000000000000e+00,6.227576047389307180e-03,-2.203164626819913556e-05,-2.203164626889322485e-05,-2.203164626955466271e-05,-2.203164626885261809e-05
3.094903284272366908e-03,0.000000000000000000e+00,8.644731272947308968e-05,-1.579470923570370342e-05,0.000000000000000000e+00,6.227576429949164237e-03,-3.174579740631863040e-05,-3.174579740699194706e-05,-3.174579740545534798e-05,-3.174579740476359989e-05
3.099903128027249599e-03,0.000000000000000000e+00,8.490366158996898985e-05,-1.589539699118834549e-05,0.000000000000000000e+00,6.227576604753331906e-03,-4.067550999241897495e-05,-4.067550999307198992e-05,-4.067550999276926035e-05,-4.067550999208564377e-05
3.104902971782132291e-03,0.000000000000000000e+00,8.339199990118795918e-05,-1.599583951200039513e-05,0.000000000000000000e+00,6.227576310053039958e-03,-4.853745629865887767e-05,-4.853745629929198397e-05,-4.853745629994375211e-05,-4.853745629926603088e-05
3.109902815537014982e-03,0.000000000000000000e+00,8.196852079546182164e-05,-1.609603679813984556e-05,0.000000000000000000e+00,6.227575501384202336e-03,-5.513198675585291510e-05,-5.513198675646634314e-05,-5.513198675533947083e-05,-5.513198675466555787e-05
3.114902659291897673e-03,0.000000000000000000e+00,8.068712665071793013e-05,-1.619598884960670696e-05,0.000000000000000000e+00,6.227574479969707685e-03,-6.025116805327783963e-05,-6.025116805387144032e-05,-6.025116805245303282e-05,-6.025116805178097655e-05
3.119902503046780365e-03,0.000000000000000000e+00,7.959791703476050981e-05,-1.629569566640097592e-05,0.000000000000000000e+00,6.227573722023644134e-03,-6.363972963562454781e-05,-6.363972963619818563e-05,-6.363972963537058701e-05,-6.363972963469885600e-05
3.124902346801662623e-03,0.000000000000000000e+00,7.874566600554726715e-05,-1.639515724852264568e-05,0.000000000000000000e+00,6.227573573273503457e-03,-6.503999268914323318e-05,-6.503999268969633892e-05,-6.503999268943260674e-05,-6.503999268876002192e-05
3.129902190556545314e-03,0.000000000000000000e+00,7.817000572659467319e-05,-1.649437359597172640e-05,0.000000000000000000e+00,6.227574107338596822e-03,-6.425545380816919836e-05,-6.425545380870101308e-05,-6.425545380795573251e-05,-6.425545380728180599e-05
3.134902034311428005e-03,0.000000000000000000e+00,7.790084490402458838e-05,-1.659334470874821468e-05,0.000000000000000000e+00,6.227575174303900257e-03,-6.120394708288876093e-05,-6.120394708339836306e-05,-6.120394708265081921e-05,-6.120394708197560520e-05
3.139901878066310697e-03,0.000000000000000000e+00,7.795361174141004134e-05,-1.669207058685210376e-05,0.000000000000000000e+00,6.227576541414673802e-03,-5.601854437797784052e-05,-5.601854437846447111e-05,-5.601854437884012006e-05,-5.601854437816413356e-05
3.144901721821193388e-03,0.000000000000000000e+00,7.832686167682451962e-05,-1.679055123028340380e-05,0.000000000000000000e+00,6.227577942627779417e-03,-4.907431520891509255e-05,-4.907431520937792491e-05,-4.907431521109999710e-05,-4.907431521042426132e-05
3.149901565576076080e-03,0.000000000000000000e+00,7.900198395638884487e-05,-1.688878663904211142e-05,0.000000000000000000e+00,6.227579033821804312e-03,-4.094411668949273067e-05,-4.094411668993099229e-05,-4.094411669057939940e-05,-4.094411668990531703e-05
3.154901409330958771e-03,0.000000000000000000e+00,7.994622378392251454e-05,-1.698677681312821982e-05,0.000000000000000000e+00,6.227579443679840711e-03,-3.234790758239664064e-05,-3.234790758280959970e-05,-3.234790758330554765e-05,-3.234790758263530065e-05
3.159901253085841463e-03,0.000000000000000000e+00,8.111489510990511128e-05,-1.708452175254173918e-05,0.000000000000000000e+00,6.227578999381888983e-03,-2.407637301380499538e-05,-2.407637301419154733e-05,-2.407637301485842654e-05,-2.407637301419482704e-05
3.164901096840724154e-03,0.000000000000000000e+00,8.245554300961408943e-05,-1.718202145728266612e-05,0.000000000000000000e+00,6.227577868045309009e-03,-1.687399280057744509e-05,-1.687399280093639732e-05,-1.687399280238892330e-05,-1.687399280173503419e-05
3.169900940595606845e-03,0.000000000000000000e+00,8.390786172329342432e-05,-1.727927592735099385e-05,0.000000000000000000e+00,6.227576454078666453e-03,-1.128069543540616152e-05,-1.128069543573667716e-05,-1.128069543506264222e-05,-1.128069543442175677e-05
3.174900784350489537e-03,0.000000000000000000e+00,8.540449548210553754e-05,-1.737628516274673253e-05,0.000000000000000000e+00,6.227575157611582590e-03,-7.581575127260739244e-06,-7.581575127562198269e-06,-7.581575127541661109e-06,-7.581575126916686319e-06
3.179900628105372228e-03,0.000000000000000000e+00,8.687566471616836323e-05,-1.747304916346987879e-05,0.000000000000000000e+00,6.227574162757083462e-03,-5.796046397781959353e-06,-5.796046398054127132e-06,-5.796046397368810562e-06,-5.796046396762260433e-06
3.184900471860254920e-03,0.000000000000000000e+00,8.825638484409397376e-05,-1.756956792952042584e-05,0.000000000000000000e+00,6.227573446072761330e-03,-5.753116614144948031e-06,-5.753116614387910962e-06,-5.753116614579132038e-06,-5.753116613992876818e-06
3.189900315615137611e-03,0.000000000000000000e+00,8.949444104048380456e-05,-1.766584146089838386e-05,0.000000000000000000e+00,6.227572974570556863e-03,-7.176700279635794042e-06,-7.176700279850177234e-06,-7.176700278926860499e-06,-7.176700278362209702e-06
3.194900159370019869e-03,0.000000000000000000e+00,9.055278546076703488e-05,-1.776186975760374944e-05,0.000000000000000000e+00,6.227572827065571207e-03,-9.741153096142499013e-06,-9.741153096329307047e-06,-9.741153096090880825e-06,-9.741153095548357916e-06
3.199900003124902560e-03,0.000000000000000000e+00,9.141155046570709729e-05,-1.785765281963651581e-05,0.000000000000000000e+00,6.227573110299720015e-03,-1.310165570662945761e-05,-1.310165570679045147e-05,-1.310165570666988480e-05,-1.310165570614917130e-05
3.204899846879785252e-03,0.000000000000000000e+00,9.206547986379843022e-05,-1.795319064699669315e-05,0.000000000000000000e+00,6.227573855843727621e-03,-1.684675861976314633e-05,-1.684675861990060622e-05,-1.684675862086644401e-05,-1.684675862036652517e-05
3.209899690634667943e-03,0.000000000000000000e+00,9.252142307627035103e-05,-1.804848323968427805e-05,0.000000000000000000e+00,6.227574960457329598e-03,-2.047935150703386302e-05,-2.047935150715034699e-05,-2.047935150681979408e-05,-2.047935150633923841e-05
3.214899534389550634e-03,0.000000000000000000e+00,9.279598851503592150e-05,-1.814353059769926375e-05,0.000000000000000000e+00,6.227576205799011805e-03,-2.344229132984181882e-05,-2.344229132994021016e-05,-2.344229133036987610e-05,-2.344229132990695565e-05
3.219899378144433326e-03,0.000000000000000000e+00,9.291329051566921604e-05,-1.823833272104166380e-05,0.000000000000000000e+00,6.227577303531888625e-03,-2.524889971509733903e-05,-2.524889971518027711e-05,-2.524889971612679916e-05,-2.524889971567996217e-05
3.224899221899316017e-03,0.000000000000000000e+00,9.290284379782619306e-05,-1.833288960971147141e-05,0.000000000000000000e+00,6.227577926961319968e-03,-2.554749075938248770e-05,-2.554749075945238825e-05,-2.554749076143238197e-05,-2.554749076100035112e-05
3.229899065654198709e-03,0.000000000000000000e+00,9.279257215833523862e-05,-1.842720126370868321e-05,0.000000000000000000e+00,6.227577786504664981e-03,-2.413834327256648467e-05,-2.413834327262551609e-05,-2.413834327229945922e-05,-2.413834327188110965e-05
3.234898909409081400e-03,0.000000000000000000e+00,9.260529292968091718e-05,-1.852126768303330258e-05,0.000000000000000000e+00,6.227576847132129494e-03,-2.101634145288426754e-05,-2.101634145293453386e-05,-2.101634145357539899e-05,-2.101634145316954823e-05
3.239898753163964092e-03,0.000000000000000000e+00,9.235673920619263022e-05,-1.861508886768532952e-05,0.000000000000000000e+00,6.227575464032134717e-03,-1.637267532771128907e-05,-1.637267532775452502e-05,-1.637267532872367979e-05,-1.637267532832936901e-05
3.244898596918846783e-03,0.000000000000000000e+00,9.205830578909190195e-05,-1.870866481766476065e-05,0.000000000000000000e+00,6.227574257854478698e-03,-1.059149829513418823e-05,-1.059149829517171349e-05,-1.059149829660043445e-05,-1.059149829621679629e-05
3.249898440673729474e-03,0.000000000000000000e+00,9.171905353388206013e-05,-1.880199553297159934e-05,0.000000000000000000e+00,6.227573805821414073e-03,-4.221604919027188176e-06,-4.221604919059820967e-06,-4.221604918484838062e-06,-4.221604918111197429e-06
3.254898284428612166e-03,0.000000000000000000e+00,9.134652217849798092e-05,-1.889508101360584560e-05,0.000000000000000000e+00,6.227574323127805372e-03,2.065012207075021336e-06,2.065012207046986240e-06,2.065012206686854936e-06,2.065012207050955436e-06
3.259898128183494857e-03,0.000000000000000000e+00,9.094769562022499121e-05,-1.898792125956749605e-05,0.000000000000000000e+00,6.227575529763849926e-03,7.635783231460168080e-06,7.635783231437049163e-06,7.635783229884622424e-06,7.635783230239359822e-06
3.264897971938377115e-03,0.000000000000000000e+00,9.052544745911327809e-05,-1.908051627085655407e-05,0.000000000000000000e+00,6.227576817536650648e-03,1.206495888154006897e-05,1.206495888152278272e-05,1.206495888124815601e-05,1.206495888159340494e-05
3.269897815693259806e-03,0.000000000000000000e+00,9.007736080607949697e-05,-1.917286604747301965e-05,0.000000000000000000e+00,6.227577564642229439e-03,1.515446959130941842e-05,1.515446959129917441e-05,1.515446959226222885e-05,1.515446959259770471e-05
3.274897659448142498e-03,0.000000000000000000e+00,8.959472175260998540e-05,-1.926497058941688942e-05,0.000000000000000000e+00,6.227577395837924704e-03,1.687245981171267895e-05,1.687245981171131014e-05,1.687245981125474244e-05,1.687245981157975237e-05
3.279897503203025189e-03,0.000000000000000000e+00,8.906567827587647933e-05,-1.935682989668816676e-05,0.000000000000000000e+00,6.227576374941074140e-03,1.723674150813183886e-05,1.723674150814164072e-05,1.723674150722429049e-05,1.723674150753774011e-05
3.284897346957907881e-03,0.000000000000000000e+00,8.847591271077312588e-05,-1.944844396928685167e-05,0.000000000000000000e+00,6.227575001374862848e-03,1.629310447847377290e-05,1.629310447849720183e-05,1.629310447988915818e-05,1.629310448018966514e-05
3.289897190712790572e-03,0.000000000000000000e+00,8.780731153645546813e-05,-1.953981280721294077e-05,0.000000000000000000e+00,6.227573964574146387e-03,1.412141469221379826e-05,1.412141469225324289e-05,1.412141469339175174e-05,1.412141469367794554e-05
3.294897034467673264e-03,0.000000000000000000e+00,8.703907365713333517e-05,-1.963093641046643743e-05,0.000000000000000000e+00,6.227573773703296012e-03,1.091561157560272609e-05,1.091561157566033450e-05,1.091561157445638728e-05,1.091561157472711425e-05
3.299896878222555955e-03,0.000000000000000000e+00,8.614909473019163194e-05,-1.972181477904734167e-05,0.000000000000000000e+00,6.227574480191231006e-03,7.052296007727186924e-06,7.052296007804446493e-06,7.052296006455571089e-06,7.052296006710035033e-06
3.304896721977438646e-03,0.000000000000000000e+00,8.511945137307690482e-05,-1.981244791295565008e-05,0.000000000000000000e+00,6.227575650449083434e-03,3.072925517951491557e-06,3.072925518049234924e-06,3.072925517943340559e-06,3.072925518181357664e-06
3.309896565732321338e-03,0.000000000000000000e+00,8.393943345855482663e-05,-1.990283581219136607e-05,0.000000000000000000e+00,6.227576673722225870e-03,-4.126211963937071565e-07,-4.126211962753215966e-07,-4.126211977194958310e-07,-4.126211974976248678e-07
3.314896409487204029e-03,0.000000000000000000e+00,8.261079111437967743e-05,-1.999297847675448963e-05,0.000000000000000000e+00,6.227577123590548151e-03,-2.839749827570949025e-06,-2.839749827432423563e-06,-2.839749829535616536e-06,-2.839749829329103974e-06
3.319896253242086721e-03,0.000000000000000000e+00,8.114855354174663584e-05,-2.008287590664501737e-05,0.000000000000000000e+00,6.227576902352009378e-03,-3.703478068746528094e-06,-3.703478068588973189e-06,-3.703478070844389841e-06,-3.703478070651849087e-06
3.324896096996969412e-03,0.000000000000000000e+00,7.957751865629122848e-05,-2.017252810186295268e-05,0.000000000000000000e+00,6.227576169103587328e-03,-2.630300137859769790e-06,-2.630300137685082798e-06,-2.630300137325312329e-06,-2.630300137144536864e-06
3.329895940751852104e-03,0.000000000000000000e+00,7.792873010807073843e-05,-2.026193506240829556e-05,0.000000000000000000e+00,6.227575229215309011e-03,5.286963552192444485e-07,5.286963554086410156e-07,5.286963544488544305e-07,5.286963546205276801e-07
3.334895784506734361e-03,0.000000000000000000e+00,7.623702877526199434e-05,-2.035109678828104262e-05,0.000000000000000000e+00,6.227574438759502298e-03,5.656531318585324614e-06,5.656531318786586418e-06,5.656531317904008580e-06,5.656531318069739047e-06
3.339895628261617053e-03,0.000000000000000000e+00,7.454208297354581857e-05,-2.044001327948119726e-05,0.000000000000000000e+00,6.227574134774893980e-03,1.233886539564675082e-05,1.233886539585669301e-05,1.233886539516286800e-05,1.233886539532627759e-05
3.344895472016499744e-03,0.000000000000000000e+00,7.288422090840718324e-05,-2.052868453600875946e-05,0.000000000000000000e+00,6.227574483853550585e-03,1.986375257685417704e-05,1.986375257706958090e-05,1.986375257847915893e-05,1.986375257864373404e-05
3.349895315771382436e-03,0.000000000000000000e+00,7.130218264724783343e-05,-2.061711055786372585e-05,0.000000000000000000e+00,6.227575309772935552e-03,2.730277046647134074e-05,2.730277046668898755e-05,2.730277046476602625e-05,2.730277046493522955e-05
3.354895159526265127e-03,0.000000000000000000e+00,6.983056410685964041e-05,-2.070529134504609981e-05,0.000000000000000000e+00,6.227576154684540642e-03,3.375165940280962018e-05,3.375165940302645383e-05,3.375165940065548664e-05,3.375165940083241488e-05
3.359895003281147818e-03,0.000000000000000000e+00,6.849767194984132776e-05,-2.079322689755588134e-05,0.000000000000000000e+00,6.227576587048947940e-03,3.847026462147860859e-05,3.847026462169162722e-05,3.847026462098606910e-05,3.847026462117350733e-05
3.364894847036030510e-03,0.000000000000000000e+00,6.732410345214524154e-05,-2.088091721539306705e-05,0.000000000000000000e+00,6.227576467321866392e-03,4.096076994375906602e-05,4.096076994396546423e-05,4.096076994372081401e-05,4.096076994392098484e-05
3.369894690790913201e-03,0.000000000000000000e+00,6.632217970881212812e-05,-2.096836229855766372e-05,0.000000000000000000e+00,6.227575976792293702e-03,4.103885274351719959e-05,4.103885274371453794e-05,4.103885274075315490e-05,4.103885274096756266e-05
3.374894534545795893e-03,0.000000000000000000e+00,6.549845567888331406e-05,-2.105556214704966796e-05,0.000000000000000000e+00,6.227575455292595243e-03,3.884682967893556731e-05,3.884682967912179259e-05,3.884682967820297190e-05,3.884682967843224000e-05
3.379894378300678584e-03,0.000000000000000000e+00,6.484963273455161782e-05,-2.114251676086907977e-05,0.000000000000000000e+00,6.227575172209055127e-03,3.483038690136911419e-05,3.483038690154268140e-05,3.483038690184730155e-05,3.483038690209128092e-05
3.384894222055561275e-03,0.000000000000000000e+00,6.435859364978015467e-05,-2.122922614001589576e-05,0.000000000000000000e+00,6.227575247793038643e-03,2.968233513481348721e-05,2.968233513497324440e-05,2.968233513544359163e-05,2.968233513570141152e-05
3.389894065810443967e-03,0.000000000000000000e+00,6.399175933894423927e-05,-2.131569028449011933e-05,0.000000000000000000e+00,6.227575680940965891e-03,2.433204138949671900e-05,2.433204138964215795e-05,2.433204138862961476e-05,2.433204138889960821e-05
3.394893909565326658e-03,0.000000000000000000e+00,6.370137377343684890e-05,-2.140190919429175046e-05,0.000000000000000000e+00,6.227576361193481666e-03,1.975672881342802978e-05,1.975672881355883200e-05,1.975672881442634281e-05,1.975672881470651420e-05
3.399893753320209350e-03,0.000000000000000000e+00,6.342965216674923930e-05,-2.148788286942078578e-05,0.000000000000000000e+00,6.227577033936905135e-03,1.674100641652531192e-05,1.674100641664175523e-05,1.674100641695281961e-05,1.674100641724072950e-05
3.404893597075091607e-03,0.000000000000000000e+00,6.311323418284803038e-05,-2.157361130987722866e-05,0.000000000000000000e+00,6.227577363654612265e-03,1.569293741287121563e-05,1.569293741297413352e-05,1.569293741300095736e-05,1.569293741329371567e-05
3.409893440829974299e-03,0.000000000000000000e+00,6.269290487121218208e-05,-2.165909451566107912e-05,0.000000000000000000e+00,6.227577079394587024e-03,1.660086060893271371e-05,1.660086060902320732e-05,1.660086060753121300e-05,1.660086060782595336e-05
3.414893284584856990e-03,0.000000000000000000e+00,6.212006545228215230e-05,-2.174433248677233376e-05,0.000000000000000000e+00,6.227576202844168837e-03,1.909734597459505949e-05,1.909734597467436888e-05,1.909734597371994232e-05,1.909734597401388647e-05
3.419893128339739682e-03,0.000000000000000000e+00,6.136217583809302784e-05,-2.182932522321099597e-05,0.000000000000000000e+00,6.227575150132700493e-03,2.253217324083376793e-05,2.253217324090302134e-05,2.253217324060662418e-05,2.253217324089739365e-05
3.424892972094622373e-03,0.000000000000000000e+00,6.040541191405966672e-05,-2.191407272497706576e-05,0.000000000000000000e+00,6.227574507954873953e-03,2.615202347868814684e-05,2.615202347874822519e-05,2.615202347665667045e-05,2.615202347694237128e-05
3.429892815849505065e-03,0.000000000000000000e+00,5.925929350300302573e-05,-2.199857499207053972e-05,0.000000000000000000e+00,6.227574613442965305e-03,2.920499882944050350e-05,2.920499882949174561e-05,2.920499882673962375e-05,2.920499882701912091e-05
3.434892659604387756e-03,0.000000000000000000e+00,5.795751916660705133e-05,-2.208283202449142125e-05,0.000000000000000000e+00,6.227575321142830161e-03,3.100624757873598960e-05,3.100624757877835480e-05,3.100624757768109476e-05,3.100624757795376483e-05
3.439892503359270447e-03,0.000000000000000000e+00,5.655117652050062387e-05,-2.216684382223971036e-05,0.000000000000000000e+00,6.227576119681655503e-03,3.101518837353010627e-05,3.101518837356330319e-05,3.101518837355000138e-05,3.101518837381571901e-05
3.444892347114153139e-03,0.000000000000000000e+00,5.510225613392823727e-05,-2.225061038531540365e-05,0.000000000000000000e+00,6.227576506980055451e-03,2.899617301988594644e-05,2.899617301990928389e-05,2.899617301799675464e-05,2.899617301825569939e-05
3.449892190869035830e-03,0.000000000000000000e+00,5.367593018827422895e-05,-2.233413171371850450e-05,0.000000000000000000e+00,6.227576309954625626e-03,2.510311619736990229e-05,2.510311619738235707e-05,2.510311619652476331e-05,2.510311619677767380e-05
3.454892034623918522e-03,0.000000000000000000e+00,5.233492240906070390e-05,-2.241740780744901293e-05,0.000000000000000000e+00,6.227575687610248205e-03,1.973967610153216337e-05,1.973967610153246831e-05,1.973967610230355628e-05,1.973967610255134730e-05
3.459891878378801213e-03,0.000000000000000000e+00,5.113297138571722909e-05,-2.250043866650692554e-05,0.000000000000000000e+00,6.227574960548376559e-03,1.347657501277767731e-05,1.347657501276472279e-05,1.347657501307321557e-05,1.347657501331682225e-05
3.464891722133683905e-03,0.000000000000000000e+00,5.011446932301145865e-05,-2.258322429089224573e-05,0.000000000000000000e+00,6.227574468633647990e-03,6.930201630741693741e-06,6.930201630714345588e-06,6.930201629624607208e-06,6.930201629865034969e-06
3.469891565888566596e-03,0.000000000000000000e+00,4.931693034804286068e-05,-2.266576468060497348e-05,0.000000000000000000e+00,6.227574441405210603e-03,6.613732678726089398e-07,6.613732678299760775e-07,6.613732681213859045e-07,6.613732683596223913e-07
3.474891409643448854e-03,0.000000000000000000e+00,4.876982565618852674e-05,-2.274805983564510541e-05,0.000000000000000000e+00,6.227574844383429974e-03,-4.899417832762343567e-06,-4.899417832820753265e-06,-4.899417832901648299e-06,-4.899417832664851769e-06
3.479891253398331545e-03,0.000000000000000000e+00,4.849396243333108802e-05,-2.283010975601264492e-05,0.000000000000000000e+00,6.227575385782624547e-03,-9.351813846447230448e-06,-9.351813846521583000e-06,-9.351813846659908563e-06,-9.351813846423881138e-06
3.484891097153214237e-03,0.000000000000000000e+00,4.850106453770762499e-05,-2.291191444170759199e-05,0.000000000000000000e+00,6.227575716197513572e-03,-1.228000200692621192e-05,-1.228000200701642771e-05,-1.228000200871033267e-05,-1.228000200847438317e-05
3.489890940908096928e-03,0.000000000000000000e+00,4.879658884136768614e-05,-2.299347389272994325e-05,0.000000000000000000e+00,6.227575717298447153e-03,-1.339615937358369513e-05,-1.339615937368943534e-05,-1.339615937335397302e-05,-1.339615937311750175e-05
3.494890784662979619e-03,0.000000000000000000e+00,4.937678728395867716e-05,-2.307478810907970208e-05,0.000000000000000000e+00,6.227575585986758200e-03,-1.263487290247024739e-05,-1.263487290259061246e-05,-1.263487290276631589e-05,-1.263487290252903825e-05
3.499890628417862311e-03,0.000000000000000000e+00,5.022583985195377108e-05,-2.315585709075686848e-05,0.000000000000000000e+00,6.227575621141291130e-03,-1.023017067649764270e-05,-1.023017067663145527e-05,-1.023017067683854636e-05,-1.023017067660044031e-05
3.504890472172745002e-03,0.000000000000000000e+00,5.131544123293910761e-05,-2.323668083776143906e-05,0.000000000000000000e+00,6.227575934443280517e-03,-6.715622780452127305e-06,-6.715622780597964356e-06,-6.715622782547967185e-06,-6.715622782309327510e-06
3.509890315927627694e-03,0.000000000000000000e+00,5.260437977658299094e-05,-2.331725935009341721e-05,0.000000000000000000e+00,6.227576437794045232e-03,-2.920433952178706954e-06,-2.920433952334970556e-06,-2.920433952414297733e-06,-2.920433952175701681e-06
3.514890159682510385e-03,0.000000000000000000e+00,5.403918850363800765e-05,-2.339759262775280293e-05,0.000000000000000000e+00,6.227576974920867418e-03,2.006543490420974714e-07,2.006543488771250994e-07,2.006543483881016387e-07,2.006543486257282617e-07
3.519890003437393076e-03,0.000000000000000000e+00,5.555643318389232922e-05,-2.347768067073959623e-05,0.000000000000000000e+00,6.227577368504835786e-03,1.764895512488042233e-06,1.764895512315875163e-06,1.764895510970191378e-06,1.764895511205738535e-06
3.524889847192275768e-03,0.000000000000000000e+00,5.709271644944504678e-05,-2.355752347905379709e-05,0.000000000000000000e+00,6.227577354742985620e-03,1.062507508945842003e-06,1.062507508767784667e-06,1.062507507128930921e-06,1.062507507361202601e-06
3.529889690947158459e-03,0.000000000000000000e+00,5.859058880341096892e-05,-2.363712105269540553e-05,0.000000000000000000e+00,6.227576651232244638e-03,-2.329174729271487393e-06,-2.329174729454339784e-06,-2.329174729163365332e-06,-2.329174728935743862e-06
3.534889534702041151e-03,0.000000000000000000e+00,6.000124892031908697e-05,-2.371647339166442153e-05,0.000000000000000000e+00,6.227575244649667663e-03,-8.399743782918310791e-06,-8.399743783105112049e-06,-8.399743783357990347e-06,-8.399743783136330295e-06
3.539889378456923842e-03,0.000000000000000000e+00,6.128714063892616191e-05,-2.379558049596084172e-05,0.000000000000000000e+00,6.227573635314762740e-03,-1.652570526676653206e-05,-1.652570526695666724e-05,-1.652570526728288334e-05,-1.652570526706822825e-05
3.544889222211806100e-03,0.000000000000000000e+00,6.242509922070046220e-05,-2.387444236558466948e-05,0.000000000000000000e+00,6.227572633379590758e-03,-2.556300493438162750e-05,-2.556300493457524568e-05,-2.556300493461617770e-05,-2.556300493440917301e-05
3.549889065966688791e-03,0.000000000000000000e+00,6.340685346372755603e-05,-2.395305900053590480e-05,0.000000000000000000e+00,6.227572763194054624e-03,-3.408280067766094896e-05,-3.408280067785828731e-05,-3.408280067638039100e-05,-3.408280067618121628e-05
3.554888909721571483e-03,0.000000000000000000e+00,6.423442874115326581e-05,-2.403143040081454432e-05,0.000000000000000000e+00,6.227573878008811625e-03,-4.066855611720458438e-05,-4.066855611740612401e-05,-4.066855611737585444e-05,-4.066855611718433691e-05
3.559888753476454174e-03,0.000000000000000000e+00,6.492056397928183632e-05,-2.410955656642059140e-05,0.000000000000000000e+00,6.227575365071203253e-03,-4.424278366763396042e-05,-4.424278366784066357e-05,-4.424278366817139266e-05,-4.424278366798670560e-05
3.564888597231336866e-03,0.000000000000000000e+00,6.548753527229475503e-05,-2.418743749735404605e-05,0.000000000000000000e+00,6.227576678804179824e-03,-4.431450450285195279e-05,-4.431450450306496464e-05,-4.431450450264829219e-05,-4.431450450246921587e-05
3.569888440986219557e-03,0.000000000000000000e+00,6.596376935455034167e-05,-2.426507319361490488e-05,0.000000000000000000e+00,6.227577609717246943e-03,-4.101880570462786542e-05,-4.101880570484820241e-05,-4.101880570410131586e-05,-4.101880570392632563e-05
3.574888284741102248e-03,0.000000000000000000e+00,6.638000214781139996e-05,-2.434246365520317129e-05,0.000000000000000000e+00,6.227578140362592315e-03,-3.489418953487836040e-05,-3.489418953510726258e-05,-3.489418953550494794e-05,-3.489418953533238361e-05
3.579888128495984940e-03,0.000000000000000000e+00,6.677036488713771617e-05,-2.441960888211884526e-05,0.000000000000000000e+00,6.227578164760038185e-03,-2.677032868754850861e-05,-2.677032868778736512e-05,-2.677032868887827579e-05,-2.677032868870605705e-05
3.584887972250867631e-03,0.000000000000000000e+00,6.717513007504572527e-05,-2.449650887436192342e-05,0.000000000000000000e+00,6.227577535561223607e-03,-1.767298075487355724e-05,-1.767298075512359459e-05,-1.767298075451490994e-05,-1.767298075434115299e-05
3.589887816005750323e-03,0.000000000000000000e+00,6.763647482220099482e-05,-2.457316363193240915e-05,0.000000000000000000e+00,6.227576342615934180e-03,-8.688406679943873258e-06,-8.688406680206338275e-06,-8.688406680635667089e-06,-8.688406680458598240e-06
3.594887659760633014e-03,0.000000000000000000e+00,6.819544850107615570e-05,-2.464957315483030245e-05,0.000000000000000000e+00,6.227575032207457138e-03,-7.860915924479414872e-07,-7.860915927239209151e-07,-7.860915930988964716e-07,-7.860915929169292305e-07
3.599887503515515706e-03,0.000000000000000000e+00,6.888841213673718136e-05,-2.472573744305559993e-05,0.000000000000000000e+00,6.227574120048044899e-03,5.269007627909302261e-06,5.269007627618876687e-06,5.269007627150968063e-06,5.269007627339081375e-06
3.604887347270398397e-03,0.000000000000000000e+00,6.974204591836894449e-05,-2.480165649660830498e-05,0.000000000000000000e+00,6.227573855896073769e-03,8.926916568511286866e-06,8.926916568205787493e-06,8.926916568796892823e-06,8.926916568991940794e-06
3.609887191025281088e-03,0.000000000000000000e+00,7.076374198666296109e-05,-2.487733031548841761e-05,0.000000000000000000e+00,6.227574123426562851e-03,9.892399568493475103e-06,9.892399568172862968e-06,9.892399567987505054e-06,9.892399568189669796e-06
3.614887034780163346e-03,0.000000000000000000e+00,7.193661052175615348e-05,-2.495275889969593441e-05,0.000000000000000000e+00,6.227574625274094264e-03,8.074760835876123959e-06,8.074760835540787003e-06,8.074760835816209930e-06,8.074760836025142465e-06
3.619886878535046038e-03,0.000000000000000000e+00,7.322161869113662106e-05,-2.502794224923085879e-05,0.000000000000000000e+00,6.227575129209472066e-03,3.530355737248881107e-06,3.530355736899841699e-06,3.530355736636357701e-06,3.530355736851107658e-06
3.624886722289928729e-03,0.000000000000000000e+00,7.455819648832384824e-05,-2.510288036409319073e-05,0.000000000000000000e+00,6.227575568356724482e-03,-3.537864229443421945e-06,-3.537864229804356659e-06,-3.537864229480357663e-06,-3.537864229261442845e-06
3.629886566044811420e-03,0.000000000000000000e+00,7.586828603575543762e-05,-2.517757324428292686e-05,0.000000000000000000e+00,6.227575956351963718e-03,-1.264241895389619294e-05,-1.264241895426627350e-05,-1.264241895515056573e-05,-1.264241895492994583e-05
3.634886409799694112e-03,0.000000000000000000e+00,7.706626909271647671e-05,-2.525202088980007056e-05,0.000000000000000000e+00,6.227576278695725644e-03,-2.291045543960935137e-05,-2.291045543998519344e-05,-2.291045544097488707e-05,-2.291045544075551908e-05
3.639886253554576803e-03,0.000000000000000000e+00,7.807447556935032346e-05,-2.532622330064462183e-05,0.000000000000000000e+00,6.227576448604142841e-03,-3.321646971108876511e-05,-3.321646971146660957e-05,-3.321646971321533281e-05,-3.321646971300044394e-05
3.644886097309459495e-03,0.000000000000000000e+00,7.883289756123705182e-05,-2.540018047681657728e-05,0.000000000000000000e+00,6.227576317387723166e-03,-4.239017275964572653e-05,-4.239017276002118574e-05,-4.239017275999424332e-05,-4.239017275978739787e-05
3.649885941064342186e-03,0.000000000000000000e+00,7.930549767190787577e-05,-2.547389241831594031e-05,0.000000000000000000e+00,6.227575840031778463e-03,-4.943657493301750722e-05,-4.943657493338641379e-05,-4.943657493495327566e-05,-4.943657493475792276e-05
3.654885784819224877e-03,0.000000000000000000e+00,7.948680025491783774e-05,-2.554735912514271090e-05,0.000000000000000000e+00,6.227575206509877725e-03,-5.371551346483673963e-05,-5.371551346519525818e-05,-5.371551346533433421e-05,-5.371551346515355705e-05
3.659885628574107569e-03,0.000000000000000000e+00,7.940134406688474568e-05,-2.562058059729688567e-05,0.000000000000000000e+00,6.227574779271779527e-03,-5.508797460886268559e-05,-5.508797460920735346e-05,-5.508797460849792609e-05,-5.508797460833431321e-05
3.664885472328990260e-03,0.000000000000000000e+00,7.909645586905785127e-05,-2.569355683477846802e-05,0.000000000000000000e+00,6.227574852255378726e-03,-5.381870344392559200e-05,-5.381870344425338697e-05,-5.381870344232806753e-05,-5.381870344218412614e-05
3.669885316083872952e-03,0.000000000000000000e+00,7.863241911019624357e-05,-2.576628783758746133e-05,0.000000000000000000e+00,6.227575469901268888e-03,-5.036503999585068968e-05,-5.036503999615938237e-05,-5.036503999463300189e-05,-5.036503999451045317e-05
3.674885159838755643e-03,0.000000000000000000e+00,7.807802528559309790e-05,-2.583877360572386220e-05,0.000000000000000000e+00,6.227576372821225573e-03,-4.532128717895106548e-05,-4.532128717923917865e-05,-4.532128717640580601e-05,-4.532128717630570704e-05
3.679885003593638335e-03,0.000000000000000000e+00,7.750396056366594118e-05,-2.591101413918766726e-05,0.000000000000000000e+00,6.227577177531839689e-03,-3.940486771811399313e-05,-3.940486771838066620e-05,-3.940486771595682383e-05,-3.940486771587975738e-05
3.684884847348520592e-03,0.000000000000000000e+00,7.697477239399861250e-05,-2.598300943797887989e-05,0.000000000000000000e+00,6.227577587453001808e-03,-3.336367973731113476e-05,-3.336367973755603570e-05,-3.336367973588095012e-05,-3.336367973582706528e-05
3.689884691103403284e-03,0.000000000000000000e+00,7.654628812808208452e-05,-2.605475950209750009e-05,0.000000000000000000e+00,6.227577447788049461e-03,-2.781630306829384894e-05,-2.781630306851706584e-05,-2.781630306701921005e-05,-2.781630306698814765e-05
3.694884534858285975e-03,0.000000000000000000e+00,7.626651183790203621e-05,-2.612626433154352447e-05,0.000000000000000000e+00,6.227576709261330515e-03,-2.321494444345163186e-05,-2.321494444365342560e-05,-2.321494444331289464e-05,-2.321494444330406856e-05
3.699884378613168667e-03,0.000000000000000000e+00,7.617509325613116503e-05,-2.619752392631695642e-05,0.000000000000000000e+00,6.227575468342855768e-03,-1.981857663954760673e-05,-1.981857663972829241e-05,-1.981857664074038498e-05,-1.981857664075302271e-05
3.704884222368051358e-03,0.000000000000000000e+00,7.629807739061741337e-05,-2.626853828641779594e-05,0.000000000000000000e+00,6.227573994968615446e-03,-1.766863513689591108e-05,-1.766863513705562762e-05,-1.766863513819720441e-05,-1.766863513823049619e-05
3.709884066122934049e-03,0.000000000000000000e+00,7.664694356615710377e-05,-2.633930741184603965e-05,0.000000000000000000e+00,6.227572714942126129e-03,-1.666482587113827688e-05,-1.666482587127727160e-05,-1.666482587316142185e-05,-1.666482587321427332e-05
3.714883909877816741e-03,0.000000000000000000e+00,7.721771257014213618e-05,-2.640983130260169092e-05,0.000000000000000000e+00,6.227572104552997131e-03,-1.667146093770177826e-05,-1.667146093782029173e-05,-1.667146094049227749e-05,-1.667146094056339776e-05
3.719883753632699432e-03,0.000000000000000000e+00,7.798734432841888345e-05,-2.648010995868474977e-05,0.000000000000000000e+00,6.227572439383634306e-03,-1.753206454003041859e-05,-1.753206454012841013e-05,-1.753206454129712925e-05,-1.753206454138545446e-05
3.724883597387582124e-03,0.000000000000000000e+00,7.891249426412452143e-05,-2.655014338009521280e-05,0.000000000000000000e+00,6.227573617141393680e-03,-1.893545257489182270e-05,-1.893545257496883155e-05,-1.893545257601673667e-05,-1.893545257612157902e-05
3.729883441142464815e-03,0.000000000000000000e+00,7.993465092982090614e-05,-2.661993156683308340e-05,0.000000000000000000e+00,6.227575251742769810e-03,-2.041298134913014243e-05,-2.041298134918577894e-05,-2.041298134955383170e-05,-2.041298134967455084e-05
3.734883284897347507e-03,0.000000000000000000e+00,8.098870359825507536e-05,-2.668947451889836157e-05,0.000000000000000000e+00,6.227576910941369503e-03,-2.149718765971139333e-05,-2.149718765974508830e-05,-2.149718765961262929e-05,-2.149718765974886268e-05
3.739883128652230198e-03,0.000000000000000000e+00,8.200741947854113881e-05,-2.675877223629104392e-05,0.000000000000000000e+00,6.227578283602658825e-03,-2.186365398558314982e-05,-2.186365398559408333e-05,-2.186365398305793116e-05,-2.186365398320994308e-05
3.744882972407112889e-03,0.000000000000000000e+00,8.292853872280938005e-05,-2.682782471901113384e-05,0.000000000000000000e+00,6.227579211210704756e-03,-2.139830780975702005e-05,-2.139830780974447041e-05,-2.139830780877050110e-05,-2.139830780893884721e-05
3.749882816161995581e-03,0.000000000000000000e+00,8.370348194712547249e-05,-2.689663196705863134e-05,0.000000000000000000e+00,6.227579549910102277e-03,-2.024067213897846998e-05,-2.024067213894166470e-05,-2.024067213654844087e-05,-2.024067213673415115e-05
3.754882659916877839e-03,0.000000000000000000e+00,8.430230517861258524e-05,-2.696519398043353301e-05,0.000000000000000000e+00,6.227579113617239329e-03,-1.879294527199467724e-05,-1.879294527193257618e-05,-1.879294527083562446e-05,-1.879294527104055223e-05
3.759882503671760530e-03,0.000000000000000000e+00,8.471322191012714206e-05,-2.703351075913584226e-05,0.000000000000000000e+00,6.227577848729722552e-03,-1.750601601148391197e-05,-1.750601601139520390e-05,-1.750601600968107349e-05,-1.750601600990783099e-05
3.764882347426643221e-03,0.000000000000000000e+00,8.494046252780052095e-05,-2.710158230316555907e-05,0.000000000000000000e+00,6.227576014458788625e-03,-1.671889624668622911e-05,-1.671889624656975530e-05,-1.671889624647592438e-05,-1.671889624672731698e-05
3.769882191181525913e-03,0.000000000000000000e+00,8.500301922463273556e-05,-2.716940861252268007e-05,0.000000000000000000e+00,6.227574132033148781e-03,-1.664453578530665658e-05,-1.664453578516136671e-05,-1.664453578444168009e-05,-1.664453578472075034e-05
3.774882034936408604e-03,0.000000000000000000e+00,8.492728563069874858e-05,-2.723698968720720864e-05,0.000000000000000000e+00,6.227572818873956285e-03,-1.739093460032663872e-05,-1.739093460015145198e-05,-1.739093460102607449e-05,-1.739093460133601401e-05
3.779881878691291296e-03,0.000000000000000000e+00,8.473852651058948161e-05,-2.730432552721914478e-05,0.000000000000000000e+00,6.227572513138887947e-03,-1.890031179142406473e-05,-1.890031179121824250e-05,-1.890031179083678629e-05,-1.890031179118060713e-05
3.784881722446173987e-03,0.000000000000000000e+00,8.445523268028903461e-05,-2.737141613255848511e-05,0.000000000000000000e+00,6.227573232938952118e-03,-2.094592582525138714e-05,-2.094592582501430601e-05,-2.094592582605726784e-05,-2.094592582643762629e-05
3.789881566201056678e-03,0.000000000000000000e+00,8.408702415714015182e-05,-2.743826150322523300e-05,0.000000000000000000e+00,6.227574576611332076e-03,-2.323195479132300213e-05,-2.323195479105419453e-05,-2.323195479122166989e-05,-2.323195479164095458e-05
3.794881409955939370e-03,0.000000000000000000e+00,8.363186203282509904e-05,-2.750486163921938846e-05,0.000000000000000000e+00,6.227575944575477682e-03,-2.541990668000292905e-05,-2.541990667970220525e-05,-2.541990668051276157e-05,-2.541990668097290714e-05
3.799881253710822061e-03,0.000000000000000000e+00,8.307398495586674092e-05,-2.757121654054094811e-05,0.000000000000000000e+00,6.227576817832959633e-03,-2.717328324266486277e-05,-2.717328324233248026e-05,-2.717328324170948753e-05,-2.717328324221168659e-05
3.804881097465704753e-03,0.000000000000000000e+00,8.238856168623483417e-05,-2.763732620718991533e-05,0.000000000000000000e+00,6.227577049204530840e-03,-2.823611547548738623e-05,-2.823611547512399215e-05,-2.823611547666746575e-05,-2.823611547721231122e-05
3.809880941220587444e-03,0.000000000000000000e+00,8.154734043834693000e-05,-2.770319063916629011e-05,0.000000000000000000e+00,6.227576883862579772e-03,-2.849824485324687042e-05,-2.849824485285354898e-05,-2.849824485239571412e-05,-2.849824485298322634e-05
3.814880784975470136e-03,0.000000000000000000e+00,8.052349801160909844e-05,-2.776880983647006908e-05,0.000000000000000000e+00,6.227576669022765431e-03,-2.790827364588922377e-05,-2.790827364546733021e-05,-2.790827364524356104e-05,-2.790827364587336053e-05
3.819880628730352827e-03,0.000000000000000000e+00,7.929588529143421463e-05,-2.783418379910125901e-05,0.000000000000000000e+00,6.227576584510823715e-03,-2.631236587280811573e-05,-2.631236587235906630e-05,-2.631236587150117439e-05,-2.631236587217269533e-05
3.824880472485235085e-03,0.000000000000000000e+00,7.785482894946784197e-05,-2.789931252705985651e-05,0.000000000000000000e+00,6.227576597153621114e-03,-2.340981588043047220e-05,-2.340981587995608971e-05,-2.340981587971520031e-05,-2.340981588042741272e-05
3.829880316240117776e-03,0.000000000000000000e+00,7.620417444735046305e-05,-2.796419602034586158e-05,0.000000000000000000e+00,6.227576542086427254e-03,-1.882651592757879534e-05,-1.882651592708104490e-05,-1.882651592546752845e-05,-1.882651592621902286e-05
3.834880159995000468e-03,0.000000000000000000e+00,7.435745612067328793e-05,-2.802883427895927083e-05,0.000000000000000000e+00,6.227576283999038988e-03,-1.226811712547266607e-05,-1.226811712495346198e-05,-1.226811712366622940e-05,-1.226811712445553366e-05
3.839880003749883159e-03,0.000000000000000000e+00,7.233572467909222452e-05,-2.809322730290008766e-05,0.000000000000000000e+00,6.227575799403614436e-03,-3.635671517910643951e-06,-3.635671517371800554e-06,-3.635671516493952548e-06,-3.635671517319369214e-06
3.844879847504765850e-03,0.000000000000000000e+00,7.016695748381707772e-05,-2.815737509216831205e-05,0.000000000000000000e+00,6.227575104253741875e-03,6.846946921338441217e-06,6.846946921895114658e-06,6.846946922849795329e-06,6.846946921990151755e-06
3.849879691259648542e-03,0.000000000000000000e+00,6.788574626231998351e-05,-2.822127764676394062e-05,0.000000000000000000e+00,6.227574275821121629e-03,1.861915197553588083e-05,1.861915197610941022e-05,1.861915197670105935e-05,1.861915197580866609e-05
3.854879535014531233e-03,0.000000000000000000e+00,6.553112969496485739e-05,-2.828493496668697677e-05,0.000000000000000000e+00,6.227573526527087691e-03,3.088911798848472057e-05,3.088911798907466885e-05,3.088911798872530503e-05,3.088911798780137505e-05
3.859879378769413925e-03,0.000000000000000000e+00,6.314724985037855612e-05,-2.834834705193742049e-05,0.000000000000000000e+00,6.227573152857901820e-03,4.272448281118888943e-05,4.272448281179508042e-05,4.272448281070247568e-05,4.272448280974825579e-05
3.864879222524296616e-03,0.000000000000000000e+00,6.078530880231349464e-05,-2.841151390251526839e-05,0.000000000000000000e+00,6.227573363965950397e-03,5.309228850201975862e-05,5.309228850264259211e-05,5.309228850210744347e-05,5.309228850112386881e-05
3.869879066279179308e-03,0.000000000000000000e+00,5.850214042340996388e-05,-2.847443551842052386e-05,0.000000000000000000e+00,6.227574147132552279e-03,6.093699951692394001e-05,6.093699951756437823e-05,6.093699951683290768e-05,6.093699951582062877e-05
3.874878910034061999e-03,0.000000000000000000e+00,5.635746599841235266e-05,-2.853711189965318690e-05,0.000000000000000000e+00,6.227575180709680677e-03,6.540352854577405296e-05,6.540352854643336985e-05,6.540352854575936202e-05,6.540352854471874477e-05
3.879878753788944690e-03,0.000000000000000000e+00,5.441037319374330579e-05,-2.859954304621325412e-05,0.000000000000000000e+00,6.227576043279231185e-03,6.602924385662730191e-05,6.602924385730693404e-05,6.602924385668513055e-05,6.602924385561639181e-05
3.884878597543827382e-03,0.000000000000000000e+00,5.271514345139265704e-05,-2.866172895810072891e-05,0.000000000000000000e+00,6.227576522608250370e-03,6.285286552223695762e-05,6.285286552293854485e-05,6.285286552448532188e-05,6.285286552338843454e-05
3.889878441298710073e-03,0.000000000000000000e+00,5.131226593632402067e-05,-2.872366963531561128e-05,0.000000000000000000e+00,6.227576702334124310e-03,5.635836366047198003e-05,5.635836366119695214e-05,5.635836366178246875e-05,5.635836366065758189e-05
3.894878285053592331e-03,0.000000000000000000e+00,5.022027679943383451e-05,-2.878536507785789782e-05,0.000000000000000000e+00,6.227576751905630065e-03,4.731292902202622946e-05,4.731292902277546737e-05,4.731292902503700468e-05,4.731292902388472817e-05
3.899878128808475022e-03,0.000000000000000000e+00,4.943269643693110478e-05,-2.884681528572759194e-05,0.000000000000000000e+00,6.227576713222882955e-03,3.654762170845916988e-05,3.654762170923312083e-05,3.654762171053072787e-05,3.654762170935181386e-05
3.904877972563357714e-03,0.000000000000000000e+00,4.891861695484792214e-05,-2.890802025892469363e-05,0.000000000000000000e+00,6.227576424987321668e-03,2.477333441780207610e-05,2.477333441860046564e-05,2.477333442117307072e-05,2.477333441996888125e-05
3.909877816318240405e-03,0.000000000000000000e+00,4.862581381023438023e-05,-2.896897999744919950e-05,0.000000000000000000e+00,6.227575745727405993e-03,1.254676710404615227e-05,1.254676710486840442e-05,1.254676710469818806e-05,1.254676710347033588e-05
3.914877660073123530e-03,0.000000000000000000e+00,4.848689749995022298e-05,-2.902969450130111294e-05,0.000000000000000000e+00,6.227574874048560569e-03,3.892017278868016030e-07,3.892017287322522927e-07,3.892017299824661466e-07,3.892017287324691331e-07
3.919877503828005788e-03,0.000000000000000000e+00,4.842970514894829264e-05,-2.909016377048043395e-05,0.000000000000000000e+00,6.227574318056451445e-03,-1.109573573866265946e-05,-1.109573573779512323e-05,-1.109573573842749939e-05,-1.109573573969775743e-05
3.924877347582888913e-03,0.000000000000000000e+00,4.838567380390846641e-05,-2.915038780498715914e-05,0.000000000000000000e+00,6.227574499711743816e-03,-2.127389478419709892e-05,-2.127389478330877820e-05,-2.127389478334677271e-05,-2.127389478463523857e-05
3.929877191337771171e-03,0.000000000000000000e+00,4.829565635630915136e-05,-2.921036660482129190e-05,0.000000000000000000e+00,6.227575386779327267e-03,-2.955977132072929158e-05,-2.955977131982123160e-05,-2.955977132197438935e-05,-2.955977132327905726e-05
3.934877035092653429e-03,0.000000000000000000e+00,4.811513020166651507e-05,-2.927010016998283224e-05,0.000000000000000000e+00,6.227576492969453745e-03,-3.542138077932084682e-05,-3.542138077839400982e-05,-3.542138077908474824e-05,-3.542138078040372762e-05
3.939876878847536554e-03,0.000000000000000000e+00,4.781802668994059025e-05,-2.932958850047177676e-05,0.000000000000000000e+00,6.227577239834264193e-03,-3.841140972031984818e-05,-3.841140971937521671e-05,-3.841140972044128560e-05,-3.841140972177243515e-05
3.944876722602418812e-03,0.000000000000000000e+00,4.739700491526853708e-05,-2.938883159628812884e-05,0.000000000000000000e+00,6.227577398184315147e-03,-3.822940886739878939e-05,-3.822940886643700720e-05,-3.822940886580342655e-05,-3.822940886714474727e-05
3.949876566357301937e-03,0.000000000000000000e+00,4.685986068195359058e-05,-2.944782945743188850e-05,0.000000000000000000e+00,6.227577087142411975e-03,-3.474255186652880746e-05,-3.474255186555009139e-05,-3.474255186657258213e-05,-3.474255186792231219e-05
3.954876410112184194e-03,0.000000000000000000e+00,4.622645852409176353e-05,-2.950658208390305234e-05,0.000000000000000000e+00,6.227576487139343045e-03,-2.803025599771197555e-05,-2.803025599671675250e-05,-2.803025599488583657e-05,-2.803025599624211589e-05
3.959876253867067319e-03,0.000000000000000000e+00,4.552517709335745697e-05,-2.956508947570162375e-05,0.000000000000000000e+00,6.227575681702046326e-03,-1.856881987355104785e-05,-1.856881987253968034e-05,-1.856881987149410965e-05,-1.856881987285491551e-05
3.964876097621949577e-03,0.000000000000000000e+00,4.478877589479454539e-05,-2.962335163282760273e-05,0.000000000000000000e+00,6.227574817783188867e-03,-7.309402326389611464e-06,-7.309402325362135088e-06,-7.309402323512884287e-06,-7.309402324876654766e-06
3.969875941376832702e-03,0.000000000000000000e+00,4.405054140956325920e-05,-2.968136855528098929e-05,0.000000000000000000e+00,6.227574221944818036e-03,4.518111537279578279e-06,4.518111538323329546e-06,4.518111538749168584e-06,4.518111537383465176e-06
3.974875785131714960e-03,0.000000000000000000e+00,4.334224003986253865e-05,-2.973914024306178341e-05,0.000000000000000000e+00,6.227574292052361939e-03,1.572505684606937196e-05,1.572505684712966747e-05,1.572505684974488170e-05,1.572505684837791960e-05
3.979875628886598085e-03,0.000000000000000000e+00,4.269285230224993905e-05,-2.979666669616998849e-05,0.000000000000000000e+00,6.227575120999760509e-03,2.535263978174169799e-05,2.535263978281915439e-05,2.535263978240444706e-05,2.535263978103624490e-05
3.984875472641480343e-03,0.000000000000000000e+00,4.212552873007684531e-05,-2.985394791460559437e-05,0.000000000000000000e+00,6.227576290140882966e-03,3.274110868203088088e-05,3.274110868312623000e-05,3.274110868202815682e-05,3.274110868065819961e-05
3.989875316396363468e-03,0.000000000000000000e+00,4.165490892471425258e-05,-2.991098389836860781e-05,0.000000000000000000e+00,6.227577126739408664e-03,3.757183820053078353e-05,3.757183820164473350e-05,3.757183820062090783e-05,3.757183819924837565e-05
3.994875160151245726e-03,0.000000000000000000e+00,4.128592211314045817e-05,-2.996777464745903222e-05,0.000000000000000000e+00,6.227577206726862824e-03,3.984439916413948598e-05,3.984439916527267376e-05,3.984439916415801906e-05,3.984439916278190901e-05
3.999875003906127983e-03,0.000000000000000000e+00,4.101358958585263483e-05,-3.002432016187685742e-05,0.000000000000000000e+00,6.227576586768960101e-03,3.980993341440551965e-05,3.980993341555846702e-05,3.980993341295273617e-05,3.980993341157188273e-05
