time_s,sensor_id,x_m,y_m,exx,eyy,exy,exx_plus_eyy,eps_axis,eps_impact_dir
0.000000000000000000e+00,9.000000000000000000e+00,7.749999999999999944e-02,1.549999999999999989e-01,0.000000000000000000e+00,0.000000000000000000e+00,0.000000000000000000e+00,0.000000000000000000e+00,0.000000000000000000e+00,0.000000000000000000e+00
0.000000000000000000e+00,1.000000000000000000e+01,1.925000000000000044e-01,1.549999999999999989e-01,0.000000000000000000e+00,0.000000000000000000e+00,0.000000000000000000e+00,0.000000000000000000e+00,0.000000000000000000e+00,0.000000000000000000e+00
0.000000000000000000e+00,1.300000000000000000e+01,7.749999999999999944e-02,6.500000000000000222e-02,0.000000000000000000e+00,0.000000000000000000e+00,0.000000000000000000e+00,0.000000000000000000e+00,0.000000000000000000e+00,0.000000000000000000e+00
0.000000000000000000e+00,1.400000000000000000e+01,1.925000000000000044e-01,6.500000000000000222e-02,0.000000000000000000e+00,0.000000000000000000e+00,0.000000000000000000e+00,0.000000000000000000e+00,0.000000000000000000e+00,0.000000000000000000e+00
4.981684981684981708e-06,9.000000000000000000e+00,7.749999999999999944e-02,1.549999999999999989e-01,0.000000000000000000e+00,0.000000000000000000e+00,0.000000000000000000e+00,0.000000000000000000e+00,0.000000000000000000e+00,0.000000000000000000e+00
4.981684981684981708e-06,1.000000000000000000e+01,1.925000000000000044e-01,1.549999999999999989e-01,-5.610956792282872096e-30,-3.667384751020502962e-30,-9.385004233376117821e-30,-9.278341543303374358e-30,-5.610956792282872096e-30,-1.398266390115323042e-29
4.981684981684981708e-06,1.300000000000000000e+01,7.749999999999999944e-02,6.500000000000000222e-02,0.000000000000000000e+00,0.000000000000000000e+00,0.000000000000000000e+00,0.000000000000000000e+00,0.000000000000000000e+00,0.000000000000000000e+00
4.981684981684981708e-06,1.400000000000000000e+01,1.925000000000000044e-01,6.500000000000000222e-02,0.000000000000000000e+00,0.000000000000000000e+00,0.000000000000000000e+00,0.000000000000000000e+00,0.000000000000000000e+00,0.000000000000000000e+00
9.963369963369963416e-06,9.000000000000000000e+00,7.749999999999999944e-02,1.549999999999999989e-01,-1.770455577890307798e-81,-2.615374200984979175e-83,-6.948183652245880847e-82,-1.796609319900157476e-81,-1.770455577890307798e-81,-1.998729918970466722e-81
9.963369963369963416e-06,1.000000000000000000e+01,1.925000000000000044e-01,1.549999999999999989e-01,-1.665182166723823797e-14,-1.379366368165060498e-14,-3.111312279354924977e-14,-3.044548534888884137e-14,-1.665182166723823797e-14,-4.576744005613435480e-14
9.963369963369963416e-06,1.300000000000000000e+01,7.749999999999999944e-02,6.500000000000000222e-02,-8.043612307512063368e-117,-3.401660908312017515e-117,-1.113178066363946410e-116,-1.144527321582408088e-116,-8.043612307512063368e-117,-1.708595947767930873e-116
9.963369963369963416e-06,1.400000000000000000e+01,1.925000000000000044e-01,6.500000000000000222e-02,-5.770670642619899720e-54,-9.146642996270557184e-53,-6.592983964993328607e-53,-9.723710060532547504e-53,-5.770670642619899720e-54,-1.258457231441595354e-52
1.494505494505494512e-05,9.000000000000000000e+00,7.749999999999999944e-02,1.549999999999999989e-01,-2.299897329212251482e-45,-5.554914506310297564e-47,-1.131644572739291814e-45,-2.355446474275354370e-45,-2.299897329212251482e-45,-2.709697979560349231e-45
1.494505494505494512e-05,1.000000000000000000e+01,1.925000000000000044e-01,1.549999999999999989e-01,-9.609787862941141318e-10,-9.123334747186403704e-10,-1.967642220869294864e-09,-1.873312261012754606e-09,-9.609787862941141318e-10,-2.852475477887692753e-09
1.494505494505494512e-05,1.300000000000000000e+01,7.749999999999999944e-02,6.500000000000000222e-02,-7.621925279987772286e-80,-4.794397122827324722e-80,-1.236904019670567962e-79,-1.241632240281509701e-79,-7.621925279987772286e-80,-1.855445301732929270e-79
1.494505494505494512e-05,1.400000000000000000e+01,1.925000000000000044e-01,6.500000000000000222e-02,-1.095943505706825030e-30,-4.329172397250372271e-30,-5.215302368358505470e-30,-5.425115902957197301e-30,-1.095943505706825030e-30,-7.593158754108423213e-30
1.992673992673992683e-05,9.000000000000000000e+00,7.749999999999999944e-02,1.549999999999999989e-01,-6.538900435296397260e-26,-4.287293993468248522e-27,-5.003564246755234848e-26,-6.967629834643221754e-26,-6.538900435296397260e-26,-8.593798797792433209e-26
1.992673992673992683e-05,1.000000000000000000e+01,1.925000000000000044e-01,1.549999999999999989e-01,-1.200137932808537331e-09,-1.159520153255842644e-09,-2.484027922573001121e-09,-2.359658086064380182e-09,-1.200137932808537331e-09,-3.595935071513545361e-09
1.992673992673992683e-05,1.300000000000000000e+01,7.749999999999999944e-02,6.500000000000000222e-02,-2.218677807127614053e-56,-1.590122348515981393e-56,-3.813072460669018804e-56,-3.808800155643595446e-56,-2.218677807127614053e-56,-5.681247594752207427e-56
1.992673992673992683e-05,1.400000000000000000e+01,1.925000000000000044e-01,6.500000000000000222e-02,-2.105680639828187539e-18,-4.715345617242546128e-18,-6.776344756744900198e-18,-6.821026257070733667e-18,-2.105680639828187539e-18,-9.200665676082059982e-18
2.490842490842490854e-05,9.000000000000000000e+00,7.749999999999999944e-02,1.549999999999999989e-01,-1.163773984033704603e-15,-3.149213009784321287e-16,-1.464697244389405704e-15,-1.478695285012136830e-15,-1.163773984033704603e-15,-1.825185918301821819e-15
2.490842490842490854e-05,1.000000000000000000e+01,1.925000000000000044e-01,1.549999999999999989e-01,1.900859752184819964e-10,2.907898027421245902e-10,-1.411806999481666897e-09,4.808757779606065866e-10,1.900859752184819964e-10,-1.142092401631646921e-09
2.490842490842490854e-05,1.300000000000000000e+01,7.749999999999999944e-02,6.500000000000000222e-02,-1.232941628824902864e-39,-9.470128789271251970e-40,-2.187698269823764996e-39,-2.179954507752028225e-39,-1.232941628824902864e-39,-3.247916133452332662e-39
2.490842490842490854e-05,1.400000000000000000e+01,1.925000000000000044e-01,6.500000000000000222e-02,-1.204083080954280726e-11,-2.131021046616387070e-11,-3.378548568238184984e-11,-3.335104127570667797e-11,-1.204083080954280726e-11,-4.424769801237111112e-11
2.989010989010989025e-05,9.000000000000000000e+00,7.749999999999999944e-02,1.549999999999999989e-01,-1.933838223153845593e-10,-8.511170150709554942e-11,-2.843664444305941008e-10,-2.784955238224801087e-10,-1.933838223153845593e-10,-3.253968175609520153e-10
2.989010989010989025e-05,1.000000000000000000e+01,1.925000000000000044e-01,1.549999999999999989e-01,4.396955985803051429e-10,3.912143680345185314e-10,-1.014033812723417428e-08,8.309099666148236743e-10,4.396955985803051429e-10,-9.421861128320904254e-09
2.989010989010989025e-05,1.300000000000000000e+01,7.749999999999999944e-02,6.500000000000000222e-02,-2.540555363335589039e-27,-2.039518472652998037e-27,-4.605132002428137800e-27,-4.580073835988586718e-27,-2.540555363335589039e-27,-6.820406882010077584e-27
2.989010989010989025e-05,1.400000000000000000e+01,1.925000000000000044e-01,6.500000000000000222e-02,-5.956594989040704066e-10,-3.946791753324611261e-10,-1.090109221177554583e-09,-9.903386742365314294e-10,-5.956594989040704066e-10,-1.211558680869304387e-09
3.487179487179486857e-05,9.000000000000000000e+00,7.749999999999999944e-02,1.549999999999999989e-01,-3.681747566681246496e-10,-2.300251874618821185e-10,-1.907600681195073780e-09,-5.981999441300067163e-10,-3.681747566681246496e-10,-1.291226798293639420e-09
3.487179487179486857e-05,1.000000000000000000e+01,1.925000000000000044e-01,1.549999999999999989e-01,2.258164159984762825e-09,8.460679174562882953e-10,-2.131942299664216919e-08,3.104232077441051327e-09,2.258164159984762825e-09,-1.897278709886511202e-08
3.487179487179486857e-05,1.300000000000000000e+01,7.749999999999999944e-02,6.500000000000000222e-02,-2.022184753212540939e-18,-1.675155133821743201e-18,-3.726057492341700296e-18,-3.697339887034284140e-18,-2.022184753212540939e-18,-5.507223448378202251e-18
3.487179487179486857e-05,1.400000000000000000e+01,1.925000000000000044e-01,6.500000000000000222e-02,-7.392721780535692251e-10,-5.627351866099211722e-10,-1.850826083802705219e-09,-1.302007364663490397e-09,-7.392721780535692251e-10,-1.924372359509662027e-09
3.985347985347985366e-05,9.000000000000000000e+00,7.749999999999999944e-02,1.549999999999999989e-01,-2.956645571936460869e-09,1.562713153499453079e-10,-1.423685867025996349e-08,-2.800374256586515406e-09,-2.956645571936460869e-09,-9.712942890608036495e-09
3.985347985347985366e-05,1.000000000000000000e+01,1.925000000000000044e-01,1.549999999999999989e-01,1.686560850562931435e-08,1.066172885804142329e-08,-6.697468339519150895e-09,2.752733736367073765e-08,1.686560850562931435e-08,8.007975690927865368e-09
3.985347985347985366e-05,1.300000000000000000e+01,7.749999999999999944e-02,6.500000000000000222e-02,-1.564775707874458997e-12,-1.329193973546245812e-12,-2.929028326051693034e-12,-2.893969681420705011e-12,-1.564775707874458997e-12,-4.318476730205596754e-12
3.985347985347985366e-05,1.400000000000000000e+01,1.925000000000000044e-01,6.500000000000000222e-02,1.275665700357893935e-10,-1.390526247982891537e-09,-7.577560799490027319e-09,-1.262959677947102092e-09,1.275665700357893935e-10,-6.621176443977473515e-09
4.483516483516483198e-05,9.000000000000000000e+00,7.749999999999999944e-02,1.549999999999999989e-01,-5.012959295117930611e-09,5.908197605696290354e-10,-2.495124649724096260e-08,-4.422139534548301369e-09,-5.012959295117930611e-09,-1.684447785659360500e-08
4.483516483516483198e-05,1.000000000000000000e+01,1.925000000000000044e-01,1.549999999999999989e-01,2.099792292906414298e-08,7.996006152949063070e-09,-1.534263117352447517e-08,2.899392908201320605e-08,2.099792292906414298e-08,1.166364139920469819e-09
4.483516483516483198e-05,1.300000000000000000e+01,7.749999999999999944e-02,6.500000000000000222e-02,-7.207479313058632085e-10,-6.370998362725223411e-10,-1.401180701995126685e-09,-1.357847767578385550e-09,-7.207479313058632085e-10,-2.049089828681200174e-09
4.483516483516483198e-05,1.400000000000000000e+01,1.925000000000000044e-01,6.500000000000000222e-02,1.113741477407414747e-10,-2.211533933627919501e-09,-1.818608949839810049e-08,-2.100159785887178181e-09,1.113741477407414747e-10,-1.496782651388244455e-08
4.981684981684981708e-05,9.000000000000000000e+00,7.749999999999999944e-02,1.549999999999999989e-01,-4.079148759326300868e-09,-3.302491956762476068e-10,-1.531274440487635292e-08,-4.409397955002548733e-09,-4.079148759326300868e-09,-1.132048870880324326e-08
4.981684981684981708e-05,1.000000000000000000e+01,1.925000000000000044e-01,1.549999999999999989e-01,-1.453513020601123659e-07,-1.579293828220764650e-07,-3.724514968711371792e-07,-3.032806848821888309e-07,-1.453513020601123659e-07,-5.116644762408602783e-07
4.981684981684981708e-05,1.300000000000000000e+01,7.749999999999999944e-02,6.500000000000000222e-02,-9.152677109790625724e-10,-8.575536780719472049e-10,-1.829003061330191805e-09,-1.772821389051009881e-09,-9.152677109790625724e-10,-2.668743898692419390e-09
4.981684981684981708e-05,1.400000000000000000e+01,1.925000000000000044e-01,6.500000000000000222e-02,4.950656320644578310e-10,-2.561389056950657332e-09,-8.281166528280830315e-09,-2.066323424886199605e-09,4.950656320644578310e-10,-8.063146132643132132e-09
5.479853479853479540e-05,9.000000000000000000e+00,7.749999999999999944e-02,1.549999999999999989e-01,-7.716981237475776163e-09,-8.913847628120347526e-11,-1.476090739317835942e-09,-7.806119713756980388e-09,-7.716981237475776163e-09,-7.952023192606249191e-09
5.479853479853479540e-05,1.000000000000000000e+01,1.925000000000000044e-01,1.549999999999999989e-01,-4.408287889652074982e-07,-4.744771415126728351e-07,-1.037871394672556485e-06,-9.153059304778803863e-07,-4.408287889652074982e-07,-1.461062764362928104e-06
5.479853479853479540e-05,1.300000000000000000e+01,7.749999999999999944e-02,6.500000000000000222e-02,1.333955375371096474e-10,4.561016822101025012e-11,3.572486055589065237e-10,1.790057057581199040e-10,1.333955375371096474e-10,4.468297529466739950e-10
5.479853479853479540e-05,1.400000000000000000e+01,1.925000000000000044e-01,6.500000000000000222e-02,8.166146882319551471e-10,-3.800773057210768358e-09,7.370657853701678321e-09,-2.984158368978813418e-09,8.166146882319551471e-10,2.222829911130060732e-09
5.978021978021978049e-05,9.000000000000000000e+00,7.749999999999999944e-02,1.549999999999999989e-01,-6.716446461943821761e-09,1.049333328237213265e-09,6.205945484309566101e-09,-5.667113133706608289e-09,-6.716446461943821761e-09,-3.190058805101417302e-09
5.978021978021978049e-05,1.000000000000000000e+01,1.925000000000000044e-01,1.549999999999999989e-01,-1.606388181688823967e-07,-3.651216157977175890e-07,-7.110289190217412490e-07,-5.257604339665999592e-07,-1.606388181688823967e-07,-9.284985735988289948e-07
5.978021978021978049e-05,1.300000000000000000e+01,7.749999999999999944e-02,6.500000000000000222e-02,-4.961006123178427957e-10,-4.113421267065858452e-10,1.867124969727400223e-09,-9.074427390244286926e-10,-4.961006123178427957e-10,1.348496368071764451e-09
5.978021978021978049e-05,1.400000000000000000e+01,1.925000000000000044e-01,6.500000000000000222e-02,3.993670695929456240e-10,-1.212571865066984482e-09,6.078018997067803711e-09,-8.132047954740388068e-10,3.993670695929456240e-10,3.417475997096010858e-09
6.476190476190475881e-05,9.000000000000000000e+00,7.749999999999999944e-02,1.549999999999999989e-01,-1.217875957059891287e-09,3.474329679695069852e-10,9.809204985818576876e-10,-8.704429890903842496e-10,-1.217875957059891287e-09,-6.389641359808624457e-10
6.476190476190475881e-05,1.000000000000000000e+01,1.925000000000000044e-01,1.549999999999999989e-01,1.338748806163003024e-06,6.773915023642669972e-07,1.823444566480208463e-06,2.016140308527270127e-06,1.338748806163003024e-06,2.857544040178034302e-06
6.476190476190475881e-05,1.300000000000000000e+01,7.749999999999999944e-02,6.500000000000000222e-02,-3.476408624607703565e-10,-6.024635883740391658e-10,1.895962575573017509e-09,-9.501044508348095223e-10,-3.476408624607703565e-10,1.395963415825934691e-09
6.476190476190475881e-05,1.400000000000000000e+01,1.925000000000000044e-01,6.500000000000000222e-02,-1.222141989668142483e-10,8.845455620891128608e-10,4.436723974982386413e-09,7.623313631222986383e-10,-1.222141989668142483e-10,3.929029289304688074e-09
6.974358974358973713e-05,9.000000000000000000e+00,7.749999999999999944e-02,1.549999999999999989e-01,-9.441667439902685263e-12,-5.203327293786846349e-11,-9.221070266082698075e-10,-6.147494037777115360e-11,-9.441667439902685263e-12,-4.626006712307156302e-10
6.974358974358973713e-05,1.000000000000000000e+01,1.925000000000000044e-01,1.549999999999999989e-01,3.546083928523281240e-06,2.208112266742412843e-06,5.700983879843752172e-06,5.754196195265694506e-06,3.546083928523281240e-06,8.571771893463053679e-06
6.974358974358973713e-05,1.300000000000000000e+01,7.749999999999999944e-02,6.500000000000000222e-02,7.678528902556419690e-10,2.702857808009091219e-10,-8.373284291386022120e-10,1.038138671056551143e-09,7.678528902556419690e-10,-2.339286839414226135e-10
6.974358974358973713e-05,1.400000000000000000e+01,1.925000000000000044e-01,6.500000000000000222e-02,-2.187727256363612644e-10,2.159934944847632514e-09,1.385294970571266950e-09,1.941162219211271198e-09,-2.187727256363612644e-10,2.793530401803508603e-09
7.472527472527471545e-05,9.000000000000000000e+00,7.749999999999999944e-02,1.549999999999999989e-01,5.311910537337692355e-10,-1.436702770830927530e-10,-4.585946295615158512e-09,3.875207766506765084e-10,5.311910537337692355e-10,-1.752023433875418813e-09
7.472527472527471545e-05,1.000000000000000000e+01,1.925000000000000044e-01,1.549999999999999989e-01,5.160444254418980173e-06,3.148504183600265611e-06,8.567908285046824023e-06,8.308948438019245360e-06,5.160444254418980173e-06,1.271303449717807361e-05
7.472527472527471545e-05,1.300000000000000000e+01,7.749999999999999944e-02,6.500000000000000222e-02,-8.000461761783284904e-11,1.377156892004322503e-10,-2.510018080679333774e-09,5.771107158259940127e-11,-8.000461761783284904e-11,-2.433760293342768717e-09
7.472527472527471545e-05,1.400000000000000000e+01,1.925000000000000044e-01,6.500000000000000222e-02,-5.293579876726937014e-10,2.537264803555177464e-09,-3.252830621060639205e-09,2.007906815882483763e-09,-5.293579876726937014e-10,-2.790703834619973490e-10
7.970695970695970732e-05,9.000000000000000000e+00,7.749999999999999944e-02,1.549999999999999989e-01,2.305611189609033486e-09,-5.704196287856828981e-11,-3.797620254790302230e-09,2.248569226730465132e-09,2.305611189609033486e-09,2.999497669334981523e-10
7.970695970695970732e-05,1.000000000000000000e+01,1.925000000000000044e-01,1.549999999999999989e-01,5.153938424696812025e-06,2.653946119548465078e-06,8.521921382922632699e-06,7.807884544245277103e-06,5.153938424696812025e-06,1.247650981765328881e-05
7.970695970695970732e-05,1.300000000000000000e+01,7.749999999999999944e-02,6.500000000000000222e-02,-1.589410003379150463e-10,-2.508361008813752445e-10,-2.975134942066174257e-09,-4.097771012192902908e-10,-1.589410003379150463e-10,-3.081784780650779668e-09
7.970695970695970732e-05,1.400000000000000000e+01,1.925000000000000044e-01,6.500000000000000222e-02,-1.384147967456124599e-09,2.219965701538639083e-09,-2.930429631949081529e-09,8.358177340825144838e-10,-1.384147967456124599e-09,-4.464387503219539720e-10
8.468864468864468564e-05,9.000000000000000000e+00,7.749999999999999944e-02,1.549999999999999989e-01,1.250847299234530210e-09,-9.244011692979260849e-10,-5.947052750364335528e-09,3.264461299366041247e-10,1.250847299234530210e-09,-1.792861557345515449e-09
8.468864468864468564e-05,1.000000000000000000e+01,1.925000000000000044e-01,1.549999999999999989e-01,3.169796968993184387e-06,4.382769269372972752e-07,4.870593127053555095e-06,3.608073895930481874e-06,3.169796968993184387e-06,6.860111875879744257e-06
8.468864468864468564e-05,1.300000000000000000e+01,7.749999999999999944e-02,6.500000000000000222e-02,6.333162851032907002e-10,6.370790721279232938e-10,-2.484258493112850585e-09,1.270395357231213994e-09,6.333162851032907002e-10,-1.776703514781187071e-09
8.468864468864468564e-05,1.400000000000000000e+01,1.925000000000000044e-01,6.500000000000000222e-02,5.930413608163643065e-10,2.200430775226223826e-09,-1.790327680567186336e-09,2.793472136042588339e-09,5.930413608163643065e-10,6.626998728309545468e-10
8.967032967032966396e-05,9.000000000000000000e+00,7.749999999999999944e-02,1.549999999999999989e-01,-2.452099846543284179e-10,-1.031241319308855996e-09,-7.834249301619008451e-09,-1.276451303963184517e-09,-2.452099846543284179e-10,-4.122289516148859417e-09
8.967032967032966396e-05,1.000000000000000000e+01,1.925000000000000044e-01,1.549999999999999989e-01,-3.481139892871453629e-07,-3.139793349150025104e-06,-1.662828524777826452e-06,-3.487907338437170467e-06,-3.481139892871453629e-07,-3.022587765502401560e-06
8.967032967032966396e-05,1.300000000000000000e+01,7.749999999999999944e-02,6.500000000000000222e-02,-3.825110126755495611e-10,7.537308345509415737e-10,-3.440038360218983429e-09,3.712198218753920126e-10,-3.825110126755495611e-10,-3.290142201139717005e-09
8.967032967032966396e-05,1.400000000000000000e+01,1.925000000000000044e-01,6.500000000000000222e-02,1.705483808417133652e-09,-1.540685681180704547e-09,-1.397809617463261101e-08,1.647981272364291056e-10,1.705483808417133652e-09,-1.112105352959583705e-08
9.465201465201464228e-05,9.000000000000000000e+00,7.749999999999999944e-02,1.549999999999999989e-01,1.951310793995020514e-09,-2.872196461270946277e-10,-3.789665654942801686e-09,1.664091147867925990e-09,1.951310793995020514e-09,-4.255613805561671604e-11
9.465201465201464228e-05,1.000000000000000000e+01,1.925000000000000044e-01,1.549999999999999989e-01,-4.555246886367562387e-06,-7.384599643648385158e-06,-9.564870575415070059e-06,-1.193984653001594839e-05,-4.555246886367562387e-06,-1.491447681579624269e-05
9.465201465201464228e-05,1.300000000000000000e+01,7.749999999999999944e-02,6.500000000000000222e-02,-9.673160856594591538e-10,1.262678769615825557e-10,3.645742709693902374e-09,-8.410482086978765722e-10,-9.673160856594591538e-10,2.986958436633353267e-09
9.465201465201464228e-05,1.400000000000000000e+01,1.925000000000000044e-01,6.500000000000000222e-02,-2.428959828476331040e-08,-5.204049760689631851e-08,-8.106734840465807816e-08,-7.633009589165962892e-08,-2.428959828476331040e-08,-1.062323895360000034e-07
9.963369963369963416e-05,9.000000000000000000e+00,7.749999999999999944e-02,1.549999999999999989e-01,1.089282752778458819e-10,3.323762825848709827e-10,-2.316959505130558463e-09,4.413045578627168387e-10,1.089282752778458819e-10,-1.008658795789378063e-09
9.963369963369963416e-05,1.000000000000000000e+01,1.925000000000000044e-01,1.549999999999999989e-01,-8.702504220046053778e-06,-1.167391837245736422e-05,-1.745663151803893308e-05,-2.037642259250341969e-05,-8.702504220046053778e-06,-2.677616082299740495e-05
9.963369963369963416e-05,1.300000000000000000e+01,7.749999999999999944e-02,6.500000000000000222e-02,-4.503425334366926862e-10,-9.937323889906840776e-11,6.846320607455311214e-09,-5.497157723357610940e-10,-4.503425334366926862e-10,6.328634622956259754e-09
9.963369963369963416e-05,1.400000000000000000e+01,1.925000000000000044e-01,6.500000000000000222e-02,-1.735699068538598491e-08,-3.302681091424533672e-08,-4.384583667140247386e-08,-5.038380159963132163e-08,-1.735699068538598491e-08,-6.223543889412837791e-08
1.046153846153846125e-04,9.000000000000000000e+00,7.749999999999999944e-02,1.549999999999999989e-01,-1.009293391575746167e-08,-1.033867253287999529e-09,-1.526865971445413251e-08,-1.112680116904546099e-08,-1.009293391575746167e-08,-1.697439175883789078e-08
1.046153846153846125e-04,1.000000000000000000e+01,1.925000000000000044e-01,1.549999999999999989e-01,-1.216487298924716966e-05,-1.547376824862628091e-05,-2.414896897207692250e-05,-2.763864123787345057e-05,-1.216487298924716966e-05,-3.686291328575188881e-05
1.046153846153846125e-04,1.300000000000000000e+01,7.749999999999999944e-02,6.500000000000000222e-02,-1.446975183137596913e-10,-5.726939655222619831e-10,1.398057193716121229e-09,-7.173914838360216743e-10,-1.446975183137596913e-10,1.049816558475681886e-09
1.046153846153846125e-04,1.400000000000000000e+01,1.925000000000000044e-01,6.500000000000000222e-02,1.174811907521680027e-07,2.338134193854508810e-07,3.504389917151077239e-07,3.512946101376188837e-07,1.174811907521680027e-07,4.686322021062986400e-07
1.095970695970695908e-04,9.000000000000000000e+00,7.749999999999999944e-02,1.549999999999999989e-01,-3.862541871498473702e-09,-4.533889085424961561e-10,-1.626390304317017709e-08,-4.315930780040969599e-09,-3.862541871498473702e-09,-1.159016617813308339e-08
1.095970695970695908e-04,1.000000000000000000e+01,1.925000000000000044e-01,1.549999999999999989e-01,-1.450575066135393923e-05,-1.841505167646314970e-05,-2.878917174550367787e-05,-3.292080233781709232e-05,-1.450575066135393923e-05,-4.393605281161469458e-05
1.095970695970695908e-04,1.300000000000000000e+01,7.749999999999999944e-02,6.500000000000000222e-02,5.850375047983236772e-10,-8.084475349020501471e-10,2.916206291947271691e-09,-2.234100301037264699e-10,5.850375047983236772e-10,2.886479072054384050e-09
1.095970695970695908e-04,1.400000000000000000e+01,1.925000000000000044e-01,6.500000000000000222e-02,2.018818479398779839e-07,3.729632133446581638e-07,5.862118280378686394e-07,5.748450612845361212e-07,2.018818479398779839e-07,7.693777673495743330e-07
1.145787545787545691e-04,9.000000000000000000e+00,7.749999999999999944e-02,1.549999999999999989e-01,6.819252887410252114e-08,2.437356978102370475e-08,7.785458604899413107e-08,9.256609865512621927e-08,6.819252887410252114e-08,1.034321451965300329e-07
1.145787545787545691e-04,1.000000000000000000e+01,1.925000000000000044e-01,1.549999999999999989e-01,-1.562299676797013477e-05,-2.039636103999922348e-05,-3.111646423522828735e-05,-3.601935780796935825e-05,-1.562299676797013477e-05,-4.764058458849351659e-05
1.145787545787545691e-04,1.300000000000000000e+01,7.749999999999999944e-02,6.500000000000000222e-02,8.354066318694669522e-10,-1.078552836082664316e-09,4.576691383922698694e-09,-2.431462042131973642e-10,8.354066318694669522e-10,4.550972397721171171e-09
1.145787545787545691e-04,1.400000000000000000e+01,1.925000000000000044e-01,6.500000000000000222e-02,-5.324612866080612998e-08,-1.726382592320525377e-07,-1.757348397902222125e-07,-2.258843878928586611e-07,-5.324612866080612998e-08,-2.810176220670953466e-07
1.195604395604395610e-04,9.000000000000000000e+00,7.749999999999999944e-02,1.549999999999999989e-01,4.828445833746088867e-09,5.752312588433899484e-09,2.784623762641980761e-08,1.058075842217998752e-08,4.828445833746088867e-09,1.849007554712773334e-08
1.195604395604395610e-04,1.000000000000000000e+01,1.925000000000000044e-01,1.549999999999999989e-01,-1.549997438456876322e-05,-2.137676760337908318e-05,-3.105089143315247613e-05,-3.687674198794784641e-05,-1.549997438456876322e-05,-4.787303312963886437e-05
1.195604395604395610e-04,1.300000000000000000e+01,7.749999999999999944e-02,6.500000000000000222e-02,-8.887858176984314981e-11,-1.572601629683501104e-10,-1.657033861276881328e-10,-2.461387447381932344e-10,-8.887858176984314981e-11,-2.756992570594586401e-10
1.195604395604395610e-04,1.400000000000000000e+01,1.925000000000000044e-01,6.500000000000000222e-02,-5.322656296591765117e-07,-1.119232277761765421e-06,-1.590859023198091779e-06,-1.651497907420941827e-06,-5.322656296591765117e-07,-2.176181031543416452e-06
1.245421245421245258e-04,9.000000000000000000e+00,7.749999999999999944e-02,1.549999999999999989e-01,-2.602898247714584511e-07,-8.654943820817364992e-08,-2.838162763635988457e-07,-3.468392629796321143e-07,-2.602898247714584511e-07,-3.878626360282284451e-07
1.245421245421245258e-04,1.000000000000000000e+01,1.925000000000000044e-01,1.549999999999999989e-01,-1.418469731321111174e-05,-2.139074627030485685e-05,-2.863739311394123099e-05,-3.557544358351597197e-05,-1.418469731321111174e-05,-4.471989234303727460e-05
1.245421245421245258e-04,1.300000000000000000e+01,7.749999999999999944e-02,6.500000000000000222e-02,1.004072807702610832e-09,1.026651109965502379e-09,-3.131507492797269502e-09,2.030723917668113212e-09,1.004072807702610832e-09,-2.027079401093359278e-09
1.245421245421245258e-04,1.400000000000000000e+01,1.925000000000000044e-01,6.500000000000000222e-02,-7.373503825386386581e-07,-1.467131955044193183e-06,-2.206814584447164950e-06,-2.204482337582831947e-06,-7.373503825386386581e-07,-2.946282310896534881e-06
1.295238095238095176e-04,9.000000000000000000e+00,7.749999999999999944e-02,1.549999999999999989e-01,-3.150941611280128345e-07,-1.049454796447398618e-07,-3.692188161170768541e-07,-4.200396407727527228e-07,-3.150941611280128345e-07,-4.820659146057391241e-07
1.295238095238095176e-04,1.000000000000000000e+01,1.925000000000000044e-01,1.549999999999999989e-01,-1.188232277919837287e-05,-2.059188208254533861e-05,-2.419872386209298858e-05,-3.247420486174371318e-05,-1.188232277919837287e-05,-3.868002567731960723e-05
1.295238095238095176e-04,1.300000000000000000e+01,7.749999999999999944e-02,6.500000000000000222e-02,-9.754758564203117821e-10,-1.770742757407041542e-11,-1.291487258902258296e-08,-9.931832839943821878e-10,-9.754758564203117821e-10,-1.314804037314307438e-08
1.295238095238095176e-04,1.400000000000000000e+01,1.925000000000000044e-01,6.500000000000000222e-02,-3.649199594531214115e-07,-6.320898078522258205e-07,-1.164708058723030554e-06,-9.970097673053472320e-07,-3.649199594531214115e-07,-1.430871220933468351e-06
1.345054945054945095e-04,9.000000000000000000e+00,7.749999999999999944e-02,1.549999999999999989e-01,1.470718133743229358e-07,5.089743842521626666e-08,1.390510317610537815e-07,1.979692517995392025e-07,1.470718133743229358e-07,2.088697023440273759e-07
1.345054945054945095e-04,1.000000000000000000e+01,1.925000000000000044e-01,1.549999999999999989e-01,-8.736750926355863961e-06,-1.907481342733192468e-05,-1.797064156226254987e-05,-2.781156435368778695e-05,-8.736750926355863961e-06,-3.010747011025930594e-05
1.345054945054945095e-04,1.300000000000000000e+01,7.749999999999999944e-02,6.500000000000000222e-02,-1.125714286349695917e-09,-7.217938417896599425e-10,-1.964628752519188484e-08,-1.847508128139355756e-09,-1.125714286349695917e-09,-2.004277858508525372e-08
1.345054945054945095e-04,1.400000000000000000e+01,1.925000000000000044e-01,6.500000000000000222e-02,5.142209585080946085e-07,1.201478211119042545e-06,1.351699324548990637e-06,1.715699169627137047e-06,5.142209585080946085e-07,2.070581849884934958e-06
1.394871794871794743e-04,9.000000000000000000e+00,7.749999999999999944e-02,1.549999999999999989e-01,9.690134450956936754e-07,3.333743024738503096e-07,1.093671725648833626e-06,1.302387747569544038e-06,9.690134450956936754e-07,1.462766342696918043e-06
1.394871794871794743e-04,1.000000000000000000e+01,1.925000000000000044e-01,1.549999999999999989e-01,-4.920435324257685380e-06,-1.698496091612285123e-05,-1.026207435506428028e-05,-2.190539624038053491e-05,-4.920435324257685380e-06,-1.946428509888551797e-05
1.394871794871794743e-04,1.300000000000000000e+01,7.749999999999999944e-02,6.500000000000000222e-02,4.750145216829209903e-09,2.465964581237911112e-09,4.375724388306943034e-09,7.216109798067120602e-09,4.750145216829209903e-09,8.130010712241363939e-09
1.394871794871794743e-04,1.400000000000000000e+01,1.925000000000000044e-01,6.500000000000000222e-02,1.473379916078803858e-06,3.144959813640646781e-06,4.148414920719372245e-06,4.618339729719451062e-06,1.473379916078803858e-06,5.879472701088165293e-06
1.444688644688644661e-04,9.000000000000000000e+00,7.749999999999999944e-02,1.549999999999999989e-01,1.210057775030753119e-06,4.269509357119027621e-07,1.407569973519046019e-06,1.637008710742655828e-06,1.210057775030753119e-06,1.847752405961333639e-06
1.444688644688644661e-04,1.000000000000000000e+01,1.925000000000000044e-01,1.549999999999999989e-01,-6.929913618715660660e-07,-1.452423409287772031e-05,-1.534348808613352322e-06,-1.521722545474928617e-05,-6.929913618715660660e-07,-7.435973141915940261e-06
1.444688644688644661e-04,1.300000000000000000e+01,7.749999999999999944e-02,6.500000000000000222e-02,-1.009533363172117298e-08,-8.060312886793543238e-09,-2.374174844259660795e-09,-1.815564651851471622e-08,-1.009533363172117298e-08,-1.162695150943564751e-08
1.444688644688644661e-04,1.400000000000000000e+01,1.925000000000000044e-01,6.500000000000000222e-02,2.005626616252150168e-06,4.197308352639127274e-06,5.746852633674212393e-06,6.202934968891277018e-06,2.005626616252150168e-06,8.004502054670484403e-06
1.494505494505494309e-04,9.000000000000000000e+00,7.749999999999999944e-02,1.549999999999999989e-01,3.715504022944008501e-07,1.466837883580435436e-07,4.524596319900644671e-07,5.182341906524443938e-07,3.715504022944008501e-07,5.782471462369653582e-07
1.494505494505494309e-04,1.000000000000000000e+01,1.925000000000000044e-01,1.549999999999999989e-01,3.835805733171493805e-06,-1.177719530388014186e-05,7.980271554260787471e-06,-7.941389570708648057e-06,3.835805733171493805e-06,5.651811021475362402e-06
1.494505494505494309e-04,1.300000000000000000e+01,7.749999999999999944e-02,6.500000000000000222e-02,-2.139496746203006258e-08,-1.632060782751759418e-08,-2.076982139031168282e-08,-3.771557528954765676e-08,-2.139496746203006258e-08,-3.962863638301017370e-08
1.494505494505494309e-04,1.400000000000000000e+01,1.925000000000000044e-01,6.500000000000000222e-02,1.831985658255498655e-06,3.810226027666939800e-06,5.458202268437760041e-06,5.642211685922438243e-06,1.831985658255498655e-06,7.442065005716500380e-06
1.544322344322344228e-04,9.000000000000000000e+00,7.749999999999999944e-02,1.549999999999999989e-01,-1.262576368507375516e-06,-4.280970337754662459e-07,-1.489688361108012296e-06,-1.690673402282841708e-06,-1.262576368507375516e-06,-1.937112176676336080e-06
1.544322344322344228e-04,1.000000000000000000e+01,1.925000000000000044e-01,1.549999999999999989e-01,8.557453271929463885e-06,-8.828558292169616186e-06,1.809712574618599904e-05,-2.711050202401523010e-07,8.557453271929463885e-06,1.952035171398562276e-05
1.544322344322344228e-04,1.300000000000000000e+01,7.749999999999999944e-02,6.500000000000000222e-02,4.304754654633507004e-08,3.728593051361659048e-08,8.789875582277264959e-08,8.033347705995166052e-08,4.304754654633507004e-08,1.261816687346761688e-07
1.544322344322344228e-04,1.400000000000000000e+01,1.925000000000000044e-01,6.500000000000000222e-02,9.536740111354949179e-07,2.024508211785844224e-06,3.250734765670267196e-06,2.978182222921339141e-06,9.536740111354949179e-07,4.204001351344887499e-06
1.594139194139194146e-04,9.000000000000000000e+00,7.749999999999999944e-02,1.549999999999999989e-01,-2.718223373772370861e-06,-9.701501685467696298e-07,-3.285114817397331261e-06,-3.688373542319140491e-06,-2.718223373772370861e-06,-4.211605770610498162e-06
1.594139194139194146e-04,1.000000000000000000e+01,1.925000000000000044e-01,1.549999999999999989e-01,1.331105327709147886e-05,-5.805271929461064867e-06,2.850620330312799911e-05,7.505781347630413995e-06,1.331105327709147886e-05,3.372072146943257928e-05
1.594139194139194146e-04,1.300000000000000000e+01,7.749999999999999944e-02,6.500000000000000222e-02,8.743551501240879823e-08,7.560562269144273651e-08,1.704568638747682553e-07,1.630411377038515347e-07,8.743551501240879823e-08,2.484031564852284232e-07
1.594139194139194146e-04,1.400000000000000000e+01,1.925000000000000044e-01,6.500000000000000222e-02,-3.918688021598515513e-07,-5.919223828395020641e-07,-6.283622246762148476e-07,-9.837911849993536153e-07,-3.918688021598515513e-07,-1.014280415326057045e-06
1.643956043956043794e-04,9.000000000000000000e+00,7.749999999999999944e-02,1.549999999999999989e-01,-3.142527920948513888e-06,-1.180078301589490350e-06,-3.879596301791270347e-06,-4.322606222538004662e-06,-3.142527920948513888e-06,-4.912652510324559613e-06
1.643956043956043794e-04,1.000000000000000000e+01,1.925000000000000044e-01,1.549999999999999989e-01,1.805139264481287685e-05,-2.745906236496616271e-06,3.909167189898121817e-05,1.530548640831626015e-05,1.805139264481287685e-05,4.809779299043089230e-05
1.643956043956043794e-04,1.300000000000000000e+01,7.749999999999999944e-02,6.500000000000000222e-02,-6.305960852883274292e-08,-5.159055913743230362e-08,-1.148202816122816756e-07,-1.146501676662650465e-07,-6.305960852883274292e-08,-1.701583437834112778e-07
1.643956043956043794e-04,1.400000000000000000e+01,1.925000000000000044e-01,6.500000000000000222e-02,-1.885155791837889868e-06,-3.452000118830030401e-06,-5.090168282271242733e-06,-5.337155910667920057e-06,-1.885155791837889868e-06,-6.881642314528991843e-06
1.693772893772893713e-04,9.000000000000000000e+00,7.749999999999999944e-02,1.549999999999999989e-01,-2.168267666155857745e-06,-9.087374624054778761e-07,-2.765961742550610160e-06,-3.077005128561335833e-06,-2.168267666155857745e-06,-3.439174486702680770e-06
1.693772893772893713e-04,1.000000000000000000e+01,1.925000000000000044e-01,1.549999999999999989e-01,2.268146342668088205e-05,2.735054748448684193e-07,4.967714708011381375e-05,2.295496890152575015e-05,2.268146342668088205e-05,6.239131032696149473e-05
1.693772893772893713e-04,1.300000000000000000e+01,7.749999999999999944e-02,6.500000000000000222e-02,-2.734977851297691724e-07,-2.280552737542233857e-07,-5.126513537121452921e-07,-5.015530588839925581e-07,-2.734977851297691724e-07,-7.538634910945751591e-07
1.693772893772893713e-04,1.400000000000000000e+01,1.925000000000000044e-01,6.500000000000000222e-02,-3.341330409681075659e-06,-6.343639389067761126e-06,-8.670118156123433464e-06,-9.684969798748836785e-06,-3.341330409681075659e-06,-1.213416248042190972e-05
1.743589743589743632e-04,9.000000000000000000e+00,7.749999999999999944e-02,1.549999999999999989e-01,-1.923787847020153238e-08,-2.003467564644126559e-07,-1.481106350626683362e-07,-2.195846349346141817e-07,-1.923787847020153238e-08,-1.031289490632777785e-07
1.743589743589743632e-04,1.000000000000000000e+01,1.925000000000000044e-01,1.549999999999999989e-01,2.706361473704940992e-05,3.145694630200789597e-06,5.997967718495520882e-05,3.020930936725019952e-05,2.706361473704940992e-05,7.620050406239987461e-05
1.743589743589743632e-04,1.300000000000000000e+01,7.749999999999999944e-02,6.500000000000000222e-02,-1.640909151515967352e-07,-1.375208726168892680e-07,-3.235069248034235902e-07,-3.016117877684859767e-07,-1.640909151515967352e-07,-4.680241390155937812e-07
1.743589743589743632e-04,1.400000000000000000e+01,1.925000000000000044e-01,6.500000000000000222e-02,-4.531633138887381873e-06,-8.775419581152030200e-06,-1.078410981612301273e-05,-1.330705272003941207e-05,-4.531633138887381873e-06,-1.589958961171561653e-05
1.793406593406593279e-04,9.000000000000000000e+00,7.749999999999999944e-02,1.549999999999999989e-01,2.596184471630516414e-06,7.260565084614870711e-07,3.138270900297179801e-06,3.322240980092003591e-06,2.596184471630516414e-06,4.010057324387926409e-06
1.793406593406593279e-04,1.000000000000000000e+01,1.925000000000000044e-01,1.549999999999999989e-01,3.120410882138383772e-05,5.867524086675139111e-06,6.997693827735134483e-05,3.707163290805897429e-05,3.120410882138383772e-05,8.950639655831384893e-05
1.793406593406593279e-04,1.300000000000000000e+01,7.749999999999999944e-02,6.500000000000000222e-02,2.911423388055331595e-07,2.364807594725925942e-07,5.123020160442356163e-07,5.276230982781257801e-07,2.911423388055331595e-07,7.676672128744128001e-07
1.793406593406593279e-04,1.400000000000000000e+01,1.925000000000000044e-01,6.500000000000000222e-02,-5.030556099051323261e-06,-9.658249455156460173e-06,-1.180073390645773863e-05,-1.468880555420778343e-05,-5.030556099051323261e-06,-1.745650003230054907e-05
1.843223443223443198e-04,9.000000000000000000e+00,7.749999999999999944e-02,1.549999999999999989e-01,4.930622306147585415e-06,1.621433768964440758e-06,6.213751560376597789e-06,6.552056075112026385e-06,4.930622306147585415e-06,7.755161497873865547e-06
1.843223443223443198e-04,1.000000000000000000e+01,1.925000000000000044e-01,1.549999999999999989e-01,3.509276312416210363e-05,8.434396690881865210e-06,7.965055565556440511e-05,4.352715981504396884e-05,3.509276312416210363e-05,1.022830906252459378e-04
1.843223443223443198e-04,1.300000000000000000e+01,7.749999999999999944e-02,6.500000000000000222e-02,6.714167688183665879e-07,5.477345484980771070e-07,1.220276463350478993e-06,1.219151317316443695e-06,6.714167688183665879e-07,1.808950030565638185e-06
1.843223443223443198e-04,1.400000000000000000e+01,1.925000000000000044e-01,6.500000000000000222e-02,-4.668594339546523843e-06,-8.598824296999658742e-06,-1.199917581211408704e-05,-1.326741863654618174e-05,-4.668594339546523843e-06,-1.664726002117924189e-05
1.893040293040292846e-04,9.000000000000000000e+00,7.749999999999999944e-02,1.549999999999999989e-01,6.283039765881736694e-06,2.254188456321194895e-06,8.366563014203408561e-06,8.537228222202932436e-06,6.283039765881736694e-06,1.011336320796308458e-05
1.893040293040292846e-04,1.000000000000000000e+01,1.925000000000000044e-01,1.549999999999999989e-01,3.866622057980299767e-05,1.079732989172854326e-05,8.886220920114251080e-05,4.946355047153154093e-05,3.866622057980299767e-05,1.143384229662155072e-04
1.893040293040292846e-04,1.300000000000000000e+01,7.749999999999999944e-02,6.500000000000000222e-02,5.431119888594201780e-07,4.446604953837622610e-07,1.028639972202372406e-06,9.877724842431825449e-07,5.431119888594201780e-07,1.504208838915048860e-06
1.893040293040292846e-04,1.400000000000000000e+01,1.925000000000000044e-01,6.500000000000000222e-02,-3.643113793674946198e-06,-6.184024200232490332e-06,-1.108468636786255243e-05,-9.827137993907436106e-06,-3.643113793674946198e-06,-1.378641007329537167e-05
1.942857142857142764e-04,9.000000000000000000e+00,7.749999999999999944e-02,1.549999999999999989e-01,6.420220928299814576e-06,2.496549180335030159e-06,8.850863765586723620e-06,8.916770108634845582e-06,6.420220928299814576e-06,1.049382485108778549e-05
1.942857142857142764e-04,1.000000000000000000e+01,1.925000000000000044e-01,1.549999999999999989e-01,4.194525579446450024e-05,1.296785049062440023e-05,9.761035592558831421e-05,5.491310628508889877e-05,4.194525579446450024e-05,1.256881577732956150e-04
1.942857142857142764e-04,1.300000000000000000e+01,7.749999999999999944e-02,6.500000000000000222e-02,-1.329031427350337987e-07,-1.069454924749488109e-07,-1.948568105080467434e-07,-2.398486352099825831e-07,-1.329031427350337987e-07,-3.121893800344419669e-07
1.942857142857142764e-04,1.400000000000000000e+01,1.925000000000000044e-01,6.500000000000000222e-02,-2.271733051030816677e-06,-3.375040099559376496e-06,-8.238453296442773736e-06,-5.646773150590193173e-06,-2.271733051030816677e-06,-9.145916314274102891e-06
1.992673992673992683e-04,9.000000000000000000e+00,7.749999999999999944e-02,1.549999999999999989e-01,5.422239728095919340e-06,2.350201526160095783e-06,7.597953093534511593e-06,7.772441254256015123e-06,5.422239728095919340e-06,8.938065707823063008e-06
1.992673992673992683e-04,1.000000000000000000e+01,1.925000000000000044e-01,1.549999999999999989e-01,4.491242577554651293e-05,1.492708665726210330e-05,1.058534459716788074e-04,5.983951243280861623e-05,4.491242577554651293e-05,1.362739772295042009e-04
1.992673992673992683e-04,1.300000000000000000e+01,7.749999999999999944e-02,6.500000000000000222e-02,-9.434088340522933863e-07,-7.583050120745481938e-07,-1.792295377041521595e-06,-1.701713846126841686e-06,-9.434088340522933863e-07,-2.612865966373032464e-06
1.992673992673992683e-04,1.400000000000000000e+01,1.925000000000000044e-01,6.500000000000000222e-02,-8.832900620762878406e-07,-1.018821639727755174e-06,-3.135124830839573898e-06,-1.902111701804043014e-06,-8.832900620762878406e-07,-3.258576030214800883e-06
2.042490842490842331e-04,9.000000000000000000e+00,7.749999999999999944e-02,1.549999999999999989e-01,3.129640981412968342e-06,1.771240810588177876e-06,5.041174650026237120e-06,4.900881792001146007e-06,3.129640981412968342e-06,5.505679560629869836e-06
2.042490842490842331e-04,1.000000000000000000e+01,1.925000000000000044e-01,1.549999999999999989e-01,4.750681925616812940e-05,1.660067722575881956e-05,1.135156684937103927e-04,6.410749648192695573e-05,4.750681925616812940e-05,1.459562723569179260e-04
2.042490842490842331e-04,1.300000000000000000e+01,7.749999999999999944e-02,6.500000000000000222e-02,-1.418829866517522093e-06,-1.151377101260717532e-06,-2.643971315490886758e-06,-2.570206967778239413e-06,-1.418829866517522093e-06,-3.883722660518986628e-06
2.042490842490842331e-04,1.400000000000000000e+01,1.925000000000000044e-01,6.500000000000000222e-02,4.050570429419515839e-07,7.572356322790111775e-07,3.516576297329175448e-06,1.162292675220962814e-06,4.050570429419515839e-07,3.238766270539203445e-06
2.092307692307692249e-04,9.000000000000000000e+00,7.749999999999999944e-02,1.549999999999999989e-01,-1.771814308168948548e-07,8.214594394894154533e-07,1.564852126644294152e-06,6.442780086725206249e-07,-1.771814308168948548e-07,6.508721236695697801e-07
2.092307692307692249e-04,1.000000000000000000e+01,1.925000000000000044e-01,1.549999999999999989e-01,4.978994110906073808e-05,1.809629882494550543e-05,1.205956238915027707e-04,6.788623993400625029e-05,4.978994110906073808e-05,1.548127271373267986e-04
2.092307692307692249e-04,1.300000000000000000e+01,7.749999999999999944e-02,6.500000000000000222e-02,-1.283863726786144222e-06,-1.083713058940863270e-06,-2.093934221374910251e-06,-2.367576785727007492e-06,-1.283863726786144222e-06,-3.240403842749279938e-06
2.092307692307692249e-04,1.400000000000000000e+01,1.925000000000000044e-01,6.500000000000000222e-02,1.744979177134077247e-06,2.542424180948371169e-06,1.050662113726197822e-05,4.287403358082448839e-06,1.744979177134077247e-06,9.995718374835446191e-06
2.142124542124541897e-04,9.000000000000000000e+00,7.749999999999999944e-02,1.549999999999999989e-01,-3.809748044428128492e-06,-3.095213186657103494e-07,-2.405406122172416368e-06,-4.119269363093839000e-06,-3.809748044428128492e-06,-4.761754995918642165e-06
2.142124542124541897e-04,1.000000000000000000e+01,1.925000000000000044e-01,1.549999999999999989e-01,5.178082980542628568e-05,1.945050172625117414e-05,1.270332328206693479e-04,7.123133153167745982e-05,5.178082980542628568e-05,1.628107131323447833e-04
2.142124542124541897e-04,1.300000000000000000e+01,7.749999999999999944e-02,6.500000000000000222e-02,-4.200656271598021832e-07,-3.819029707324440792e-07,-5.093977466349548743e-07,-8.019685978922463154e-07,-4.200656271598021832e-07,-9.000382338787688900e-07
2.142124542124541897e-04,1.400000000000000000e+01,1.925000000000000044e-01,6.500000000000000222e-02,3.251665534629932737e-06,4.825700340811651728e-06,1.658417309696737197e-05,8.077365875441584465e-06,3.251665534629932737e-06,1.654193301436660229e-05
2.191941391941391816e-04,9.000000000000000000e+00,7.749999999999999944e-02,1.549999999999999989e-01,-6.850292225592527013e-06,-1.386628717255390467e-06,-7.032803819213057810e-06,-8.236920942847917056e-06,-6.850292225592527013e-06,-9.937658540287514012e-06
2.191941391941391816e-04,1.000000000000000000e+01,1.925000000000000044e-01,1.549999999999999989e-01,5.341989959480028175e-05,2.043974681654002473e-05,1.330115704106357895e-04,7.385964641134030648e-05,5.341989959480028175e-05,1.700060787270981895e-04
2.191941391941391816e-04,1.300000000000000000e+01,7.749999999999999944e-02,6.500000000000000222e-02,9.415314199543969673e-07,8.144735732892000810e-07,1.377138175454419841e-06,1.756004993243596943e-06,9.415314199543969673e-07,2.230046856011531471e-06
2.191941391941391816e-04,1.400000000000000000e+01,1.925000000000000044e-01,6.500000000000000222e-02,4.971517611013524787e-06,7.861084760509229208e-06,2.082367179290171014e-05,1.283260237152275400e-05,4.971517611013524787e-06,2.243217901638284135e-05
2.241758241758241735e-04,9.000000000000000000e+00,7.749999999999999944e-02,1.549999999999999989e-01,-8.908704759551048233e-06,-2.277487437453437768e-06,-1.179584382168075385e-05,-1.118619219700448600e-05,-8.908704759551048233e-06,-1.424840223068091673e-05
2.241758241758241735e-04,1.000000000000000000e+01,1.925000000000000044e-01,1.549999999999999989e-01,5.473893584303852393e-05,2.106182819017490094e-05,1.386942129089486066e-04,7.580076403321343165e-05,5.473893584303852393e-05,1.765764802851037458e-04
2.241758241758241735e-04,1.300000000000000000e+01,7.749999999999999944e-02,6.500000000000000222e-02,2.195286987941852662e-06,1.897708150870951017e-06,3.112828298170414163e-06,4.092995138812803891e-06,2.195286987941852662e-06,5.103852389670024597e-06
2.241758241758241735e-04,1.400000000000000000e+01,1.925000000000000044e-01,6.500000000000000222e-02,6.894239687028260052e-06,1.159829849545425162e-05,2.307220510405427006e-05,1.849253818248251167e-05,6.894239687028260052e-06,2.751206057638702938e-05
2.291575091575091382e-04,9.000000000000000000e+00,7.749999999999999944e-02,1.549999999999999989e-01,-1.030592054474016689e-05,-2.995842262688789793e-06,-1.571121490559763997e-05,-1.330176280742895753e-05,-1.030592054474016689e-05,-1.751500460808724503e-05
2.291575091575091382e-04,1.000000000000000000e+01,1.925000000000000044e-01,1.549999999999999989e-01,5.582072834243073699e-05,2.168353784663905106e-05,1.436649650378623373e-04,7.750426618906979144e-05,5.582072834243073699e-05,1.823085845331851506e-04
2.291575091575091382e-04,1.300000000000000000e+01,7.749999999999999944e-02,6.500000000000000222e-02,2.773837953948994486e-06,2.292318665453637286e-06,4.428926314377139319e-06,5.066156619402631349e-06,2.773837953948994486e-06,6.890061563364910174e-06
2.291575091575091382e-04,1.400000000000000000e+01,1.925000000000000044e-01,6.500000000000000222e-02,8.792349418769448104e-06,1.538681735939302983e-05,2.368915431552390396e-05,2.417916677816247793e-05,8.792349418769448104e-06,3.145514414579984571e-05
2.341391941391941301e-04,9.000000000000000000e+00,7.749999999999999944e-02,1.549999999999999989e-01,-1.162438325116150330e-05,-3.658079706066532786e-06,-1.789055560848805380e-05,-1.528246295722803481e-05,-1.162438325116150330e-05,-1.985625302163811364e-05
2.341391941391941301e-04,1.000000000000000000e+01,1.925000000000000044e-01,1.549999999999999989e-01,5.672432623290731403e-05,2.256936273161151531e-05,1.475541172208392267e-04,7.929368896451883272e-05,5.672432623290731403e-05,1.869805992510023378e-04
2.341391941391941301e-04,1.300000000000000000e+01,7.749999999999999944e-02,6.500000000000000222e-02,2.410070035438117047e-06,1.849062063539022685e-06,4.985345925438740181e-06,4.259132098977139520e-06,2.410070035438117047e-06,7.036212876432219932e-06
2.341391941391941301e-04,1.400000000000000000e+01,1.925000000000000044e-01,6.500000000000000222e-02,1.039523840318454612e-05,1.850287999358789684e-05,2.319065749888750199e-05,2.889811839677244127e-05,1.039523840318454612e-05,3.397941143797487750e-05
2.391208791208791220e-04,9.000000000000000000e+00,7.749999999999999944e-02,1.549999999999999989e-01,-1.271885355528137384e-05,-4.221578386796520669e-06,-1.812064521239611060e-05,-1.694043194207789366e-05,-1.271885355528137384e-05,-2.102928925892008465e-05
2.391208791208791220e-04,1.000000000000000000e+01,1.925000000000000044e-01,1.549999999999999989e-01,5.742666718180132419e-05,2.323118132747966136e-05,1.511495667039246173e-04,8.065784850928098217e-05,5.742666718180132419e-05,1.911576212428204918e-04
2.391208791208791220e-04,1.300000000000000000e+01,7.749999999999999944e-02,6.500000000000000222e-02,1.219791704308860962e-06,8.393347952879056142e-07,4.317966535027190012e-06,2.059126499596766470e-06,1.219791704308860962e-06,5.266694696664926940e-06
2.391208791208791220e-04,1.400000000000000000e+01,1.925000000000000044e-01,6.500000000000000222e-02,1.152298716353507978e-05,2.040180753726721579e-05,2.227624306033600631e-05,3.192479470080229726e-05,1.152298716353507978e-05,3.510058599421070162e-05
2.441025641025640867e-04,9.000000000000000000e+00,7.749999999999999944e-02,1.549999999999999989e-01,-1.306114863572437549e-05,-4.567177351220030974e-06,-1.696586641047125819e-05,-1.762832598694440646e-05,-1.306114863572437549e-05,-2.080769051722510416e-05
2.441025641025640867e-04,1.000000000000000000e+01,1.925000000000000044e-01,1.549999999999999989e-01,5.781250015449246956e-05,2.317315202505834050e-05,1.549889536339431079e-04,8.098565217955081344e-05,5.781250015449246956e-05,1.951017203361668419e-04
2.441025641025640867e-04,1.300000000000000000e+01,7.749999999999999944e-02,6.500000000000000222e-02,-1.483299222940204491e-07,-1.567880287709830038e-07,1.932930642916319962e-06,-3.051179510650034794e-07,-1.483299222940204491e-07,1.724737071652259932e-06
2.441025641025640867e-04,1.400000000000000000e+01,1.925000000000000044e-01,6.500000000000000222e-02,1.199987820602625803e-05,2.061815273458760970e-05,2.150288938328175165e-05,3.261803094061386604e-05,1.199987820602625803e-05,3.479931674110804278e-05
2.490842490842490515e-04,9.000000000000000000e+00,7.749999999999999944e-02,1.549999999999999989e-01,-1.201792611944751561e-05,-4.597942008801403681e-06,-1.509795271704672617e-05,-1.661586812824892014e-05,-1.201792611944751561e-05,-1.892043146798138428e-05
2.490842490842490515e-04,1.000000000000000000e+01,1.925000000000000044e-01,1.549999999999999989e-01,5.773573994016021184e-05,2.236257505313014833e-05,1.586945597285141301e-04,8.009831499329036694e-05,5.773573994016021184e-05,1.983432311849573216e-04
2.490842490842490515e-04,1.300000000000000000e+01,7.749999999999999944e-02,6.500000000000000222e-02,-1.115899832901018386e-06,-7.804326496424721959e-07,-2.058081226873058157e-06,-1.896332482543490476e-06,-1.115899832901018386e-06,-2.986239678710072412e-06
2.490842490842490515e-04,1.400000000000000000e+01,1.925000000000000044e-01,6.500000000000000222e-02,1.178780450294060855e-05,1.909803178936932326e-05,2.101250165262001589e-05,3.088583629230993180e-05,1.178780450294060855e-05,3.312646252103472439e-05
2.540659340659340705e-04,9.000000000000000000e+00,7.749999999999999944e-02,1.549999999999999989e-01,-9.127438291735699935e-06,-4.183640929824975132e-06,-1.316575793980896157e-05,-1.331107922156067591e-05,-9.127438291735699935e-06,-1.524384977201620986e-05
2.540659340659340705e-04,1.000000000000000000e+01,1.925000000000000044e-01,1.549999999999999989e-01,5.742166404171182678e-05,2.152676671293575524e-05,1.617694392134173473e-04,7.894843075464758541e-05,5.742166404171182678e-05,2.008157425108631725e-04
2.540659340659340705e-04,1.300000000000000000e+01,7.749999999999999944e-02,6.500000000000000222e-02,-1.774278894018777226e-06,-1.237089650972082667e-06,-6.433699143094349181e-06,-3.011368544990859894e-06,-1.774278894018777226e-06,-7.815373355607278336e-06
2.540659340659340705e-04,1.400000000000000000e+01,1.925000000000000044e-01,6.500000000000000222e-02,1.097445534049717691e-05,1.609939336797310591e-05,2.083248089325943100e-05,2.707384870847028281e-05,1.097445534049717691e-05,3.033358504353816709e-05
2.590476190476190353e-04,9.000000000000000000e+00,7.749999999999999944e-02,1.549999999999999989e-01,-4.632617412912156622e-06,-3.241898140281617559e-06,-1.147947043383795504e-05,-7.874515553193773757e-06,-4.632617412912156622e-06,-1.015167572428308875e-05
2.590476190476190353e-04,1.000000000000000000e+01,1.925000000000000044e-01,1.549999999999999989e-01,5.722105244330207442e-05,2.142173286581071167e-05,1.637143760249194248e-04,7.864278530911279286e-05,5.722105244330207442e-05,2.025393687452083926e-04
2.590476190476190353e-04,1.300000000000000000e+01,7.749999999999999944e-02,6.500000000000000222e-02,-2.465386760215645670e-06,-1.832795180946108630e-06,-9.365397071988014178e-06,-4.298181941161753877e-06,-2.465386760215645670e-06,-1.131601876950374104e-05
2.590476190476190353e-04,1.400000000000000000e+01,1.925000000000000044e-01,6.500000000000000222e-02,9.619289829338569035e-06,1.187321833293412752e-05,2.080546766476945375e-05,2.149250816227269486e-05,9.619289829338569035e-06,2.652879264378615892e-05
2.640293040293040000e-04,9.000000000000000000e+00,7.749999999999999944e-02,1.549999999999999989e-01,6.735992034063559739e-07,-1.982479046854205286e-06,-9.553732545713528173e-06,-1.308879843447849313e-06,6.735992034063559739e-07,-4.162593716286237248e-06
2.640293040293040000e-04,1.000000000000000000e+01,1.925000000000000044e-01,1.549999999999999989e-01,5.703472613550857051e-05,2.206839259846989402e-05,1.646056406268135740e-04,7.910311873397846453e-05,5.703472613550857051e-05,2.035345835481710815e-04
2.640293040293040000e-04,1.300000000000000000e+01,7.749999999999999944e-02,6.500000000000000222e-02,-3.470191551225778103e-06,-2.753899738253638205e-06,-9.684689158840001361e-06,-6.224091289479415884e-06,-3.470191551225778103e-06,-1.259896538020180240e-05
2.640293040293040000e-04,1.400000000000000000e+01,1.925000000000000044e-01,6.500000000000000222e-02,7.884900214234286586e-06,6.891602035038918709e-06,2.051850011716931896e-05,1.477650224927320614e-05,7.884900214234286586e-06,2.183889057722844166e-05
2.690109890109890190e-04,9.000000000000000000e+00,7.749999999999999944e-02,1.549999999999999989e-01,5.806022849400196979e-06,-8.343696988959326780e-07,-6.698780990178184391e-06,4.971653150504263983e-06,5.806022849400196979e-06,2.110593318377469930e-06
2.690109890109890190e-04,1.000000000000000000e+01,1.925000000000000044e-01,1.549999999999999989e-01,5.667692164446668169e-05,2.274576993102436179e-05,1.649732802543993934e-04,7.942269157549104687e-05,5.667692164446668169e-05,2.039268429756359356e-04
2.690109890109890190e-04,1.300000000000000000e+01,7.749999999999999944e-02,6.500000000000000222e-02,-4.736947283530509453e-06,-3.913195352653220952e-06,-7.623494364893570031e-06,-8.650142636183731252e-06,-4.736947283530509453e-06,-1.182411927477040975e-05
2.690109890109890190e-04,1.400000000000000000e+01,1.925000000000000044e-01,6.500000000000000222e-02,5.959016602645629597e-06,1.694461295585140451e-06,1.964605737941610018e-05,7.653477898230770472e-06,5.959016602645629597e-06,1.651500013097108061e-05
2.739926739926739838e-04,9.000000000000000000e+00,7.749999999999999944e-02,1.549999999999999989e-01,9.985505610069332361e-06,1.071182998211443839e-07,-2.492583238110111785e-06,1.009262390989047637e-05,9.985505610069332361e-06,8.138470358941319075e-06
2.739926739926739838e-04,1.000000000000000000e+01,1.925000000000000044e-01,1.549999999999999989e-01,5.621949371712368730e-05,2.267339478822765004e-05,1.653379140471063072e-04,7.889288850535134073e-05,5.621949371712368730e-05,2.039696188965395382e-04
2.739926739926739838e-04,1.300000000000000000e+01,7.749999999999999944e-02,6.500000000000000222e-02,-5.519002841600155503e-06,-4.677655024437389630e-06,-4.333603085956815585e-06,-1.019665786603754513e-05,-5.519002841600155503e-06,-9.406021203161125325e-06
2.739926739926739838e-04,1.400000000000000000e+01,1.925000000000000044e-01,6.500000000000000222e-02,3.948883300563655944e-06,-3.369738821257657479e-06,1.787691740559604631e-05,5.791444793059984656e-07,3.948883300563655944e-06,1.064414040601201401e-05
2.789743589743589485e-04,9.000000000000000000e+00,7.749999999999999944e-02,1.549999999999999989e-01,1.305209946067842521e-05,1.061521511442254028e-06,2.641530527944777501e-06,1.411362097212067860e-05,1.305209946067842521e-05,1.357847400853728511e-05
2.789743589743589485e-04,1.000000000000000000e+01,1.925000000000000044e-01,1.549999999999999989e-01,5.539607255300771946e-05,2.151451447786275844e-05,1.662597730947770606e-04,7.691058703087048129e-05,5.539607255300771946e-05,2.039136192190434019e-04
2.789743589743589485e-04,1.300000000000000000e+01,7.749999999999999944e-02,6.500000000000000222e-02,-4.942521535162738308e-06,-4.330900115566485474e-06,-9.690329884356521019e-07,-9.273421650729223782e-06,-4.942521535162738308e-06,-5.650838035134055856e-06
2.789743589743589485e-04,1.400000000000000000e+01,1.925000000000000044e-01,6.500000000000000222e-02,2.024754807875476885e-06,-7.892852603835516235e-06,1.489405119897373938e-05,-5.868097795960039350e-06,2.024754807875476885e-06,4.369335349443398922e-06
2.839560439560439675e-04,9.000000000000000000e+00,7.749999999999999944e-02,1.549999999999999989e-01,1.507225438869218327e-05,2.046103541222965983e-06,8.275584135701121103e-06,1.711835792991514926e-05,1.507225438869218327e-05,1.828485578859416076e-05
2.839560439560439675e-04,1.000000000000000000e+01,1.925000000000000044e-01,1.549999999999999989e-01,5.415692288740386906e-05,1.957373281569724748e-05,1.680585544947588476e-04,7.373065570310112331e-05,5.415692288740386906e-05,2.041540266839189741e-04
2.839560439560439675e-04,1.300000000000000000e+01,7.749999999999999944e-02,6.500000000000000222e-02,-2.862749420113778384e-06,-2.724528146430569456e-06,1.469902004137319887e-06,-5.587277566544348264e-06,-2.862749420113778384e-06,-1.383426381310659334e-06
2.839560439560439675e-04,1.400000000000000000e+01,1.925000000000000044e-01,6.500000000000000222e-02,3.370262044848824112e-07,-1.155785328335498384e-05,1.069030179197991144e-05,-1.122082707887010059e-05,3.370262044848824112e-07,-2.023136040874470493e-06
2.889377289377289323e-04,9.000000000000000000e+00,7.749999999999999944e-02,1.549999999999999989e-01,1.618419108619377662e-05,2.844134430134774979e-06,1.455597872140264754e-05,1.902832551632855076e-05,1.618419108619377662e-05,2.244473637378494388e-05
2.889377289377289323e-04,1.000000000000000000e+01,1.925000000000000044e-01,1.549999999999999989e-01,5.244847817616464947e-05,1.731940764465589650e-05,1.704617439611750337e-04,6.976788582082054258e-05,5.244847817616464947e-05,2.045709930034144688e-04
2.889377289377289323e-04,1.300000000000000000e+01,7.749999999999999944e-02,6.500000000000000222e-02,2.045673610297778078e-07,-2.280279113905997710e-07,2.384971657455955324e-06,-2.346055036082196313e-08,2.045673610297778078e-07,2.355324294334969300e-06
2.889377289377289323e-04,1.400000000000000000e+01,1.925000000000000044e-01,6.500000000000000222e-02,-1.197470129248563228e-06,-1.444253678886423136e-05,5.347717593723058911e-06,-1.564000691811279353e-05,-1.197470129248563228e-06,-8.552733954105232414e-06
2.939194139194138970e-04,9.000000000000000000e+00,7.749999999999999944e-02,1.549999999999999989e-01,1.665591473258388409e-05,3.203340708936688596e-06,2.120348450067051683e-05,1.985925544152057395e-05,1.665591473258388409e-05,2.615656793140470581e-05
2.939194139194138970e-04,1.000000000000000000e+01,1.925000000000000044e-01,1.549999999999999989e-01,5.070171258064401498e-05,1.492945297111721129e-05,1.718743128814574791e-04,6.563116555176123305e-05,5.070171258064401498e-05,2.039510900160017184e-04
2.939194139194138970e-04,1.300000000000000000e+01,7.749999999999999944e-02,6.500000000000000222e-02,3.451199582516454682e-06,2.543552995924613907e-06,2.194495355749822895e-06,5.994752578441069012e-06,3.451199582516454682e-06,5.236621224374715401e-06
2.939194139194138970e-04,1.400000000000000000e+01,1.925000000000000044e-01,6.500000000000000222e-02,-2.533555639505714132e-06,-1.656059661456568767e-05,-1.203198439038830878e-06,-1.909415225407140137e-05,-2.533555639505714132e-06,-1.527422223046285245e-05
2.989010989010988618e-04,9.000000000000000000e+00,7.749999999999999944e-02,1.549999999999999989e-01,1.687696639112254714e-05,3.113206818267244044e-06,2.775371791313060570e-05,1.999017320938979033e-05,1.687696639112254714e-05,2.955755187678849201e-05
2.989010989010988618e-04,1.000000000000000000e+01,1.925000000000000044e-01,1.549999999999999989e-01,4.941461248423735758e-05,1.308741968422445281e-05,1.715846559330661252e-04,6.250203216846181547e-05,4.941461248423735758e-05,2.021720387976893738e-04
2.989010989010988618e-04,1.300000000000000000e+01,7.749999999999999944e-02,6.500000000000000222e-02,6.171350664852708573e-06,5.016397070158279659e-06,2.097098139055875300e-06,1.118774773501098823e-05,6.171350664852708573e-06,7.768293565740480512e-06
2.989010989010988618e-04,1.400000000000000000e+01,1.925000000000000044e-01,6.500000000000000222e-02,-3.470450955546052628e-06,-1.772542445118042439e-05,-8.651021726690188795e-06,-2.119587540672647786e-05,-3.470450955546052628e-06,-2.177426537713334938e-05
3.038827838827838808e-04,9.000000000000000000e+00,7.749999999999999944e-02,1.549999999999999989e-01,1.732909681656457469e-05,2.989135120857440676e-06,3.321368410043260819e-05,2.031823193742201452e-05,1.732909681656457469e-05,3.264013786200519037e-05
3.038827838827838808e-04,1.000000000000000000e+01,1.925000000000000044e-01,1.549999999999999989e-01,4.879380565434081286e-05,1.265514969129567307e-05,1.699972270692605761e-04,6.144895534563648762e-05,4.879380565434081286e-05,2.000819410368978308e-04
3.038827838827838808e-04,1.300000000000000000e+01,7.749999999999999944e-02,6.500000000000000222e-02,8.066204783803482793e-06,6.917525511451214609e-06,3.204344471728386109e-06,1.498373029525469825e-05,8.066204783803482793e-06,1.074032569628761802e-05
3.038827838827838808e-04,1.400000000000000000e+01,1.925000000000000044e-01,6.500000000000000222e-02,-4.125920585971276786e-06,-1.814280780185254289e-05,-1.661006299639162021e-05,-2.226872838782381883e-05,-4.125920585971276786e-06,-2.796703513010670097e-05
3.088644688644688456e-04,9.000000000000000000e+00,7.749999999999999944e-02,1.549999999999999989e-01,1.850445176910094037e-05,3.333294635269317981e-06,3.658883993829571707e-05,2.183774640437025793e-05,1.850445176910094037e-05,3.541128038175878903e-05
3.088644688644688456e-04,1.000000000000000000e+01,1.925000000000000044e-01,1.549999999999999989e-01,4.825145953420618852e-05,1.366452180628220756e-05,1.681129687359400908e-04,6.191598134048839608e-05,4.825145953420618852e-05,1.982999592874430260e-04
3.088644688644688456e-04,1.300000000000000000e+01,7.749999999999999944e-02,6.500000000000000222e-02,9.014068819055106574e-06,8.051641840000254392e-06,5.945435004848599318e-06,1.706571065905535927e-05,9.014068819055106574e-06,1.441968879889199642e-05
3.088644688644688456e-04,1.400000000000000000e+01,1.925000000000000044e-01,6.500000000000000222e-02,-4.728188818572255237e-06,-1.811292722764390050e-05,-2.482494322176064330e-05,-2.284111604621615488e-05,-4.728188818572255237e-06,-3.395752297349426992e-05
3.138461538461538103e-04,9.000000000000000000e+00,7.749999999999999944e-02,1.549999999999999989e-01,2.052601584651992381e-05,4.226391826477704230e-06,3.778085129897547996e-05,2.475240767299762720e-05,2.052601584651992381e-05,3.794323441960968581e-05
3.138461538461538103e-04,1.000000000000000000e+01,1.925000000000000044e-01,1.549999999999999989e-01,4.715440184104647728e-05,1.520141973856974493e-05,1.664251826675516236e-04,6.235582157961622391e-05,4.715440184104647728e-05,1.965650525415509162e-04
3.138461538461538103e-04,1.300000000000000000e+01,7.749999999999999944e-02,6.500000000000000222e-02,8.855673187393139345e-06,8.178712563282430515e-06,9.686960013411119580e-06,1.703438575067556986e-05,8.855673187393139345e-06,1.800159071247231735e-05
3.138461538461538103e-04,1.400000000000000000e+01,1.925000000000000044e-01,6.500000000000000222e-02,-5.358584081309500748e-06,-1.786510608820225486e-05,-3.304153902656322973e-05,-2.322369016951175561e-05,-5.358584081309500748e-06,-3.976909238728403950e-05
3.188278388278388293e-04,9.000000000000000000e+00,7.749999999999999944e-02,1.549999999999999989e-01,2.286925844843170366e-05,5.360358274760026997e-06,3.672087976180952545e-05,2.822961672319173151e-05,2.286925844843170366e-05,3.969163439180736590e-05
3.188278388278388293e-04,1.000000000000000000e+01,1.925000000000000044e-01,1.549999999999999989e-01,4.549248122703124366e-05,1.617090601321510078e-05,1.646627856284370783e-04,6.166338724024634783e-05,4.549248122703124366e-05,1.941918905248852492e-04
3.188278388278388293e-04,1.300000000000000000e+01,7.749999999999999944e-02,6.500000000000000222e-02,7.656176072463981020e-06,7.255846841694424749e-06,1.315839124994173293e-05,1.491202291415840662e-05,7.656176072463981020e-06,2.027685753106001651e-05
3.188278388278388293e-04,1.400000000000000000e+01,1.925000000000000044e-01,6.500000000000000222e-02,-5.763560439283966451e-06,-1.736723523670742736e-05,-4.110244026369025113e-05,-2.313079567599139296e-05,-5.763560439283966451e-06,-4.522213150584226889e-05
3.238095238095237941e-04,9.000000000000000000e+00,7.749999999999999944e-02,1.549999999999999989e-01,2.507417683512150807e-05,6.435150664816585073e-06,3.443220869966578306e-05,3.150932749993809061e-05,2.507417683512150807e-05,4.070653906339899376e-05
3.238095238095237941e-04,1.000000000000000000e+01,1.925000000000000044e-01,1.549999999999999989e-01,4.355166494829749112e-05,1.572041171028990613e-05,1.624092505834285694e-04,5.927207665858739386e-05,4.355166494829749112e-05,1.906296642847153092e-04
3.238095238095237941e-04,1.300000000000000000e+01,7.749999999999999944e-02,6.500000000000000222e-02,5.681454954612735601e-06,5.452591303479510862e-06,1.535620181755150120e-05,1.113404625809224646e-05,5.681454954612735601e-06,2.050066161576804486e-05
3.238095238095237941e-04,1.400000000000000000e+01,1.925000000000000044e-01,6.500000000000000222e-02,-5.818223686324437541e-06,-1.672699617373922396e-05,-4.900712039279230686e-05,-2.254521986006366235e-05,-5.818223686324437541e-06,-5.038822880359513571e-05
3.287912087912087588e-04,9.000000000000000000e+00,7.749999999999999944e-02,1.549999999999999989e-01,2.663771134242719831e-05,7.092570404104945978e-06,3.206108042506382902e-05,3.373028174653214175e-05,2.663771134242719831e-05,4.105405315399890626e-05
3.287912087912087588e-04,1.000000000000000000e+01,1.925000000000000044e-01,1.549999999999999989e-01,4.194231781165393933e-05,1.398085056933256715e-05,1.597824757688903448e-04,5.592316838098650817e-05,4.194231781165393933e-05,1.864210687496716012e-04
3.287912087912087588e-04,1.300000000000000000e+01,7.749999999999999944e-02,6.500000000000000222e-02,3.327557216820625357e-06,3.103860563528915568e-06,1.581210993644856263e-05,6.431417780349540502e-06,3.327557216820625357e-06,1.859127270534688262e-05
3.287912087912087588e-04,1.400000000000000000e+01,1.925000000000000044e-01,6.500000000000000222e-02,-5.799091536478104242e-06,-1.623552040144335274e-05,-5.630306990037991735e-05,-2.203461193792145698e-05,-5.799091536478104242e-06,-5.522999203075453596e-05
3.337728937728937778e-04,9.000000000000000000e+00,7.749999999999999944e-02,1.549999999999999989e-01,2.734573332815358948e-05,7.149029483646492798e-06,3.012329603909331063e-05,3.449476281180007973e-05,2.734573332815358948e-05,4.077396052883943377e-05
3.337728937728937778e-04,1.000000000000000000e+01,1.925000000000000044e-01,1.549999999999999989e-01,4.109227874762985590e-05,1.173837980759030599e-05,1.575798646726603530e-04,5.283065855522016359e-05,4.109227874762985590e-05,1.829040779180753215e-04
3.337728937728937778e-04,1.300000000000000000e+01,7.749999999999999944e-02,6.500000000000000222e-02,1.229937643544707764e-06,7.971547360326447445e-07,1.461644209673357263e-05,2.027092379577352509e-06,1.229937643544707764e-06,1.525360985229205834e-05
3.337728937728937778e-04,1.400000000000000000e+01,1.925000000000000044e-01,6.500000000000000222e-02,-6.157379285410214500e-06,-1.604615374287607761e-05,-6.227251870168192384e-05,-2.220353302828629127e-05,-6.157379285410214500e-06,-5.942896209323264453e-05
3.387545787545787426e-04,9.000000000000000000e+00,7.749999999999999944e-02,1.549999999999999989e-01,2.683864480901011041e-05,6.548289018495569569e-06,2.846055079940992564e-05,3.338693382750568083e-05,2.683864480901011041e-05,3.944866111375102308e-05
3.387545787545787426e-04,1.000000000000000000e+01,1.925000000000000044e-01,1.549999999999999989e-01,4.062197449765241628e-05,9.506603655606956689e-06,1.567259259303141667e-04,5.012857815325937635e-05,4.062197449765241628e-05,1.809357922203691548e-04
3.387545787545787426e-04,1.300000000000000000e+01,7.749999999999999944e-02,6.500000000000000222e-02,-1.747111638856921043e-07,-9.950807685834237150e-07,1.221520806326870562e-05,-1.169791932469115819e-06,-1.747111638856921043e-07,1.137088382376310567e-05
3.387545787545787426e-04,1.400000000000000000e+01,1.925000000000000044e-01,6.500000000000000222e-02,-6.924356565763920407e-06,-1.612384235733992525e-05,-6.679206482684054433e-05,-2.304819892310384650e-05,-6.924356565763920407e-06,-6.287129113705780927e-05
3.437362637362637073e-04,9.000000000000000000e+00,7.749999999999999944e-02,1.549999999999999989e-01,2.515251191257274522e-05,5.556363144635406843e-06,2.678303855254545463e-05,3.070887505720814952e-05,2.515251191257274522e-05,3.698730356718655545e-05
3.437362637362637073e-04,1.000000000000000000e+01,1.925000000000000044e-01,1.549999999999999989e-01,3.983142564814778290e-05,7.500051108203525584e-06,1.573637896501530093e-04,4.733147675635130763e-05,3.983142564814778290e-05,1.803025305477782051e-04
3.437362637362637073e-04,1.300000000000000000e+01,7.749999999999999944e-02,6.500000000000000222e-02,-8.566327662103509346e-07,-2.142145398160650317e-06,8.980872472137458145e-06,-2.998778164371001251e-06,-8.566327662103509346e-07,7.372741576319448088e-06
3.437362637362637073e-04,1.400000000000000000e+01,1.925000000000000044e-01,6.500000000000000222e-02,-7.690776174770500438e-06,-1.654822701668064261e-05,-7.007552519543051655e-05,-2.423900319145114136e-05,-7.690776174770500438e-06,-6.571571993107217186e-05
3.487179487179487263e-04,9.000000000000000000e+00,7.749999999999999944e-02,1.549999999999999989e-01,2.230112532589180382e-05,4.650211074785656205e-06,2.475314793538023239e-05,2.695133640067745917e-05,2.230112532589180382e-05,3.326826854204246520e-05
3.487179487179487263e-04,1.000000000000000000e+01,1.925000000000000044e-01,1.549999999999999989e-01,3.822791076315205483e-05,5.606518696048360156e-06,1.593262485631740028e-04,4.383442945920041413e-05,3.822791076315205483e-05,1.804937991342733708e-04
3.487179487179487263e-04,1.300000000000000000e+01,7.749999999999999944e-02,6.500000000000000222e-02,-8.861306411943429784e-07,-2.611091407760565427e-06,5.205478281457581446e-06,-3.497222048954908194e-06,-8.861306411943429784e-07,3.511581819156678844e-06
3.487179487179487263e-04,1.400000000000000000e+01,1.925000000000000044e-01,6.500000000000000222e-02,-8.210368212653660068e-06,-1.749977054554978359e-05,-7.262125660093213405e-05,-2.571013875820344366e-05,-8.210368212653660068e-06,-6.843652165225900706e-05
3.536996336996336911e-04,9.000000000000000000e+00,7.749999999999999944e-02,1.549999999999999989e-01,1.866813988478916480e-05,4.274072401584897873e-06,2.241913803711660511e-05,2.294221228637406183e-05,1.866813988478916480e-05,2.870264549337116393e-05
3.536996336996336911e-04,1.000000000000000000e+01,1.925000000000000044e-01,1.549999999999999989e-01,3.559565053966831134e-05,3.355708260976975648e-06,1.617304282485167925e-04,3.895135880064528911e-05,3.559565053966831134e-05,1.803401444335439260e-04
3.536996336996336911e-04,1.300000000000000000e+01,7.749999999999999944e-02,6.500000000000000222e-02,-6.363142525776933879e-07,-2.594538537075361187e-06,1.170566925688614541e-06,-3.230852789653054364e-06,-6.363142525776933879e-07,-2.438585124921974685e-07
3.536996336996336911e-04,1.400000000000000000e+01,1.925000000000000044e-01,6.500000000000000222e-02,-8.415697157869090865e-06,-1.851101366365113921e-05,-7.479358729638422730e-05,-2.692671082152022839e-05,-8.415697157869090865e-06,-7.089036008242025500e-05
3.586813186813186559e-04,9.000000000000000000e+00,7.749999999999999944e-02,1.549999999999999989e-01,1.445839654737492113e-05,4.357858617279939671e-06,1.990273150221570051e-05,1.881625516465486165e-05,1.445839654737492113e-05,2.353721872282291250e-05
3.586813186813186559e-04,1.000000000000000000e+01,1.925000000000000044e-01,1.549999999999999989e-01,3.229585388627379666e-05,5.782227648171982430e-07,1.634423210030729436e-04,3.287407665109099607e-05,3.229585388627379666e-05,1.789004603425369423e-04
3.586813186813186559e-04,1.300000000000000000e+01,7.749999999999999944e-02,6.500000000000000222e-02,-7.035924397784381238e-07,-2.554774449531660179e-06,-3.311201602269486330e-06,-3.258366889310098409e-06,-7.035924397784381238e-07,-4.620893609578179703e-06
3.586813186813186559e-04,1.400000000000000000e+01,1.925000000000000044e-01,6.500000000000000222e-02,-8.523381157556752787e-06,-1.933534878379077960e-05,-7.636559016612216714e-05,-2.785872994134753238e-05,-8.523381157556752787e-06,-7.273813400828123147e-05
3.636630036630036206e-04,9.000000000000000000e+00,7.749999999999999944e-02,1.549999999999999989e-01,9.604361309962009246e-06,4.527983206988237529e-06,1.754980440107103585e-05,1.413234451695024593e-05,9.604361309962009246e-06,1.785391246569395892e-05
3.636630036630036206e-04,1.000000000000000000e+01,1.925000000000000044e-01,1.549999999999999989e-01,2.858587205602543941e-05,-2.586203247141993992e-06,1.635458423894060539e-04,2.599966880888344414e-05,2.858587205602543941e-05,1.754981875310570412e-04
3.636630036630036206e-04,1.300000000000000000e+01,7.749999999999999944e-02,6.500000000000000222e-02,-1.420983064263527203e-06,-2.814518875797087095e-06,-8.424956922070692551e-06,-4.235501940060613875e-06,-1.420983064263527203e-06,-1.012833351492168397e-05
3.636630036630036206e-04,1.400000000000000000e+01,1.925000000000000044e-01,6.500000000000000222e-02,-8.881339410629744024e-06,-2.032062449779451958e-05,-7.654392486991103248e-05,-2.920196390842426360e-05,-8.881339410629744024e-06,-7.375566878393349389e-05
3.686446886446886396e-04,9.000000000000000000e+00,7.749999999999999944e-02,1.549999999999999989e-01,4.260838804267130136e-06,4.516788290489427686e-06,1.514180945967998379e-05,8.777627094756558669e-06,4.260838804267130136e-06,1.167385401201169561e-05
3.686446886446886396e-04,1.000000000000000000e+01,1.925000000000000044e-01,1.549999999999999989e-01,2.522054714046341817e-05,-5.676108762319254320e-06,1.616511732479890219e-04,1.954443837814416385e-05,2.522054714046341817e-05,1.703983372188143321e-04
3.686446886446886396e-04,1.300000000000000000e+01,7.749999999999999944e-02,6.500000000000000222e-02,-2.788167709179918598e-06,-3.370262689352714490e-06,-1.367109916491418847e-05,-6.158430398532632665e-06,-2.788167709179918598e-06,-1.627969043148347442e-05
3.686446886446886396e-04,1.400000000000000000e+01,1.925000000000000044e-01,6.500000000000000222e-02,-9.566060781063868526e-06,-2.192278776814780733e-05,-7.498409318556105961e-05,-3.148884854921167755e-05,-9.566060781063868526e-06,-7.409224463223087608e-05
3.736263736263736044e-04,9.000000000000000000e+00,7.749999999999999944e-02,1.549999999999999989e-01,-1.563393000042998095e-06,4.142173477528558035e-06,1.270207431269094415e-05,2.578780477485559940e-06,-1.563393000042998095e-06,5.005054616762803419e-06
3.736263736263736044e-04,1.000000000000000000e+01,1.925000000000000044e-01,1.549999999999999989e-01,2.308738665366359609e-05,-7.898388739104850363e-06,1.582147066629895993e-04,1.518899791455874573e-05,2.308738665366359609e-05,1.648955764422901135e-04
3.736263736263736044e-04,1.300000000000000000e+01,7.749999999999999944e-02,6.500000000000000222e-02,-4.665264018725151428e-06,-4.096436200973125123e-06,-1.850654230736103087e-05,-8.761700219698277399e-06,-4.665264018725151428e-06,-2.241334938512992817e-05
3.736263736263736044e-04,1.400000000000000000e+01,1.925000000000000044e-01,6.500000000000000222e-02,-1.055826264289889423e-05,-2.414896925709544888e-05,-7.183566477079558646e-05,-3.470723189999434311e-05,-1.055826264289889423e-05,-7.385878275252249071e-05
3.786080586080585691e-04,9.000000000000000000e+00,7.749999999999999944e-02,1.549999999999999989e-01,-7.862331747218741340e-06,3.257846432391882169e-06,1.074876957333065875e-05,-4.604485314826859595e-06,-7.862331747218741340e-06,-1.903063045085562322e-06
3.786080586080585691e-04,1.000000000000000000e+01,1.925000000000000044e-01,1.549999999999999989e-01,2.261736497395970227e-05,-8.765798010486978913e-06,1.538672999066743603e-04,1.385156696347272335e-05,2.261736497395970227e-05,1.600546211471902381e-04
3.786080586080585691e-04,1.300000000000000000e+01,7.749999999999999944e-02,6.500000000000000222e-02,-6.809579238966642743e-06,-4.950730893939593351e-06,-2.271574744674257642e-05,-1.176031013290623609e-05,-6.809579238966642743e-06,-2.815350892491516623e-05
3.786080586080585691e-04,1.400000000000000000e+01,1.925000000000000044e-01,6.500000000000000222e-02,-1.180124711017066674e-05,-2.653590355148761673e-05,-6.772364815342657549e-05,-3.833715066165828178e-05,-1.180124711017066674e-05,-7.310510783469658823e-05
3.835897435897435881e-04,9.000000000000000000e+00,7.749999999999999944e-02,1.549999999999999989e-01,-1.452700905805299677e-05,1.811536071920547806e-06,9.738690033645571438e-06,-1.271547298613244938e-05,-1.452700905805299677e-05,-8.728662024486220900e-06
3.835897435897435881e-04,1.000000000000000000e+01,1.925000000000000044e-01,1.549999999999999989e-01,2.350647602734407042e-05,-8.145355312931536841e-06,1.490639300630854178e-04,1.536112071441253358e-05,2.350647602734407042e-05,1.561790911949705984e-04
3.835897435897435881e-04,1.300000000000000000e+01,7.749999999999999944e-02,6.500000000000000222e-02,-8.994670870325325066e-06,-5.986183776881850215e-06,-2.601243457058762234e-05,-1.498085464720717528e-05,-8.994670870325325066e-06,-3.310199326911883710e-05
3.835897435897435881e-04,1.400000000000000000e+01,1.925000000000000044e-01,6.500000000000000222e-02,-1.328615806244816817e-05,-2.857991226535361304e-05,-6.344970105191563808e-05,-4.186607032780177782e-05,-1.328615806244816817e-05,-7.198155564405358251e-05
3.885714285714285529e-04,9.000000000000000000e+00,7.749999999999999944e-02,1.549999999999999989e-01,-2.132851287577031571e-05,-2.885105686552121750e-08,9.876900074152793194e-06,-2.135736393263583702e-05,-2.132851287577031571e-05,-1.514654429887342239e-05
3.885714285714285529e-04,1.000000000000000000e+01,1.925000000000000044e-01,1.549999999999999989e-01,2.484829330054639683e-05,-6.056965584051764170e-06,1.443380894143379530e-04,1.879132771649463096e-05,2.484829330054639683e-05,1.532171492870200360e-04
3.885714285714285529e-04,1.300000000000000000e+01,7.749999999999999944e-02,6.500000000000000222e-02,-1.091266275405934559e-05,-6.940470487765988057e-06,-2.793653945648880247e-05,-1.785313324182533534e-05,-1.091266275405934559e-05,-3.652164795416917235e-05
3.885714285714285529e-04,1.400000000000000000e+01,1.925000000000000044e-01,6.500000000000000222e-02,-1.464231839665193564e-05,-3.002725890476025999e-05,-5.937263249907953974e-05,-4.466957730141219563e-05,-1.464231839665193564e-05,-7.047515022520271202e-05
3.935531135531135176e-04,9.000000000000000000e+00,7.749999999999999944e-02,1.549999999999999989e-01,-2.762174642753484468e-05,-1.871959211320171451e-06,1.028290961254233738e-05,-2.949370563885501592e-05,-2.762174642753484468e-05,-2.095789617471109645e-05
3.935531135531135176e-04,1.000000000000000000e+01,1.925000000000000044e-01,1.549999999999999989e-01,2.590783455352348058e-05,-2.865381247393421787e-06,1.400079414854122175e-04,2.304245330613006006e-05,2.590783455352348058e-05,1.508832784344428589e-04
3.935531135531135176e-04,1.300000000000000000e+01,7.749999999999999944e-02,6.500000000000000222e-02,-1.215412197354914099e-05,-7.364559196035161581e-06,-2.819640602137510311e-05,-1.951868116958430173e-05,-1.215412197354914099e-05,-3.770489084316701919e-05
3.935531135531135176e-04,1.400000000000000000e+01,1.925000000000000044e-01,6.500000000000000222e-02,-1.522122466965804769e-05,-3.078419163737003059e-05,-5.544246055618704130e-05,-4.600541630702807997e-05,-1.522122466965804769e-05,-6.837091514844373082e-05
3.985347985347985366e-04,9.000000000000000000e+00,7.749999999999999944e-02,1.549999999999999989e-01,-3.302689128848766763e-05,-3.492463036112411624e-06,1.062260207021253903e-05,-3.651935432460007671e-05,-3.302689128848766763e-05,-2.595595750359532342e-05
3.985347985347985366e-04,1.000000000000000000e+01,1.925000000000000044e-01,1.549999999999999989e-01,2.607800386867130672e-05,5.591775123541991447e-07,1.361778238116986752e-04,2.663718138102550735e-05,2.607800386867130672e-05,1.485717182609804887e-04
3.985347985347985366e-04,1.300000000000000000e+01,7.749999999999999944e-02,6.500000000000000222e-02,-1.250395756429432178e-05,-7.115750932582013286e-06,-2.671713682574801272e-05,-1.961970849687633676e-05,-1.250395756429432178e-05,-3.639142572730084924e-05
3.985347985347985366e-04,1.400000000000000000e+01,1.925000000000000044e-01,6.500000000000000222e-02,-1.482046365526039042e-05,-3.112683538812376836e-05,-5.145809938782712505e-05,-4.594729904338415709e-05,-1.482046365526039042e-05,-6.572650105798670094e-05
4.035164835164835014e-04,9.000000000000000000e+00,7.749999999999999944e-02,1.549999999999999989e-01,-3.746316789610749557e-05,-4.980630509189564106e-06,1.044099247505768843e-05,-4.244379840529706222e-05,-3.746316789610749557e-05,-3.029310547301905439e-05
4.035164835164835014e-04,1.000000000000000000e+01,1.925000000000000044e-01,1.549999999999999989e-01,2.522421387541857009e-05,3.412275891234328095e-06,1.328233843533736845e-04,2.863648976665289777e-05,2.522421387541857009e-05,1.458698109888039395e-04
4.035164835164835014e-04,1.300000000000000000e+01,7.749999999999999944e-02,6.500000000000000222e-02,-1.218099973597607029e-05,-6.624151293833113085e-06,-2.389600847609324333e-05,-1.880515102980918337e-05,-1.218099973597607029e-05,-3.326596588246011441e-05
4.035164835164835014e-04,1.400000000000000000e+01,1.925000000000000044e-01,6.500000000000000222e-02,-1.388640795337933533e-05,-3.155511489154119855e-05,-4.733758328332138651e-05,-4.544152284492053049e-05,-1.388640795337933533e-05,-6.297450847803833115e-05
4.084981684981684662e-04,9.000000000000000000e+00,7.749999999999999944e-02,1.549999999999999989e-01,-4.109881206638457392e-05,-6.511056202787979880e-06,9.683169993267665574e-06,-4.760986826917255465e-05,-4.109881206638457392e-05,-3.416480475801049552e-05
4.084981684981684662e-04,1.000000000000000000e+01,1.925000000000000044e-01,1.549999999999999989e-01,2.367715425378940595e-05,5.235514722062396614e-06,1.298707896379963222e-04,2.891266897585180256e-05,2.367715425378940595e-05,1.427368525093361789e-04
4.084981684981684662e-04,1.300000000000000000e+01,7.749999999999999944e-02,6.500000000000000222e-02,-1.138783511385427958e-05,-6.240834013318569156e-06,-2.063898656139156210e-05,-1.762866912717284704e-05,-1.138783511385427958e-05,-2.946691192072255799e-05
4.084981684981684662e-04,1.400000000000000000e+01,1.925000000000000044e-01,6.500000000000000222e-02,-1.314425137668779615e-05,-3.250379127459632547e-05,-4.294311046451063844e-05,-4.564804265128412331e-05,-1.314425137668779615e-05,-6.049493489951671680e-05
4.134798534798534851e-04,9.000000000000000000e+00,7.749999999999999944e-02,1.549999999999999989e-01,-4.383321262823137250e-05,-8.032214495399627290e-06,7.943025040113474677e-06,-5.186542712363099810e-05,-4.383321262823137250e-05,-3.767195449751763105e-05
4.134798534798534851e-04,1.000000000000000000e+01,1.925000000000000044e-01,1.549999999999999989e-01,2.144108358813881830e-05,5.551551644228545430e-06,1.276791849563940133e-04,2.699263523236736372e-05,2.144108358813881830e-05,1.393427914358144626e-04
4.134798534798534851e-04,1.300000000000000000e+01,7.749999999999999944e-02,6.500000000000000222e-02,-1.013337288694887886e-05,-5.807117907104019570e-06,-1.751398918985424120e-05,-1.594049079405290012e-05,-1.013337288694887886e-05,-2.549078957596362358e-05
4.134798534798534851e-04,1.400000000000000000e+01,1.925000000000000044e-01,6.500000000000000222e-02,-1.294221211832004257e-05,-3.335988325589668227e-05,-3.861534819447075587e-05,-4.630209537421672145e-05,-1.294221211832004257e-05,-5.806803329458674673e-05
4.184615384615384499e-04,9.000000000000000000e+00,7.749999999999999944e-02,1.549999999999999989e-01,-4.570635626009268080e-05,-9.283452073106748418e-06,4.790849311395723401e-06,-5.498980833319943261e-05,-4.570635626009268080e-05,-4.104529615270026107e-05
4.184615384615384499e-04,1.000000000000000000e+01,1.925000000000000044e-01,1.549999999999999989e-01,1.860146434292442565e-05,4.315947150188450202e-06,1.261187252099358464e-04,2.291741149311287670e-05,1.860146434292442565e-05,1.355977092472391145e-04
4.184615384615384499e-04,1.300000000000000000e+01,7.749999999999999944e-02,6.500000000000000222e-02,-8.555891355661097129e-06,-5.235009692571928363e-06,-1.425828128133269982e-05,-1.379090104823302549e-05,-8.555891355661097129e-06,-2.113489632881770114e-05
4.184615384615384499e-04,1.400000000000000000e+01,1.925000000000000044e-01,6.500000000000000222e-02,-1.334085648698969654e-05,-3.347985231375837778e-05,-3.428111937119740141e-05,-4.682070880074807771e-05,-1.334085648698969654e-05,-5.510562059407585233e-05
4.234432234432234147e-04,9.000000000000000000e+00,7.749999999999999944e-02,1.549999999999999989e-01,-4.671705318795453586e-05,-9.878829352707599396e-06,-4.032893966206834954e-07,-5.659588254066213526e-05,-4.671705318795453586e-05,-4.456684401166854492e-05
4.234432234432234147e-04,1.000000000000000000e+01,1.925000000000000044e-01,1.549999999999999989e-01,1.520834382088222195e-05,1.785136586996620249e-06,1.246070366116283558e-04,1.699348040787884050e-05,1.520834382088222195e-05,1.310647414418075719e-04
4.234432234432234147e-04,1.300000000000000000e+01,7.749999999999999944e-02,6.500000000000000222e-02,-6.820932946833866739e-06,-4.565350267098457055e-06,-1.067793630195639522e-05,-1.138628321393232295e-05,-6.820932946833866739e-06,-1.632916561950165292e-05
4.234432234432234147e-04,1.400000000000000000e+01,1.925000000000000044e-01,6.500000000000000222e-02,-1.425415010173457406e-05,-3.279811035001300187e-05,-2.925619688687822268e-05,-4.705226045174757424e-05,-1.425415010173457406e-05,-5.104561052292045747e-05
4.284249084249083794e-04,9.000000000000000000e+00,7.749999999999999944e-02,1.549999999999999989e-01,-4.678740742459771234e-05,-9.577679417191747071e-06,-7.255877688004283251e-06,-5.636508684178946280e-05,-4.678740742459771234e-05,-4.796098624516862346e-05
4.284249084249083794e-04,1.000000000000000000e+01,1.925000000000000044e-01,1.549999999999999989e-01,1.113339726238790426e-05,-1.818817568218680027e-06,1.225947698774362826e-04,9.314579694169224444e-06,1.113339726238790426e-05,1.252154041245223930e-04
4.284249084249083794e-04,1.300000000000000000e+01,7.749999999999999944e-02,6.500000000000000222e-02,-4.989802291324564403e-06,-3.744183191086009620e-06,-7.141628301576325039e-06,-8.733985482410573176e-06,-4.989802291324564403e-06,-1.144899062101730039e-05
4.284249084249083794e-04,1.400000000000000000e+01,1.925000000000000044e-01,6.500000000000000222e-02,-1.544698230875223753e-05,-3.164456740365841802e-05,-2.317286455009206743e-05,-4.709154971241065555e-05,-1.544698230875223753e-05,-4.586601095292497951e-05
4.334065934065933984e-04,9.000000000000000000e+00,7.749999999999999944e-02,1.549999999999999989e-01,-4.578908551285310367e-05,-8.426982725019673898e-06,-1.510461556673473259e-05,-5.421606823787277418e-05,-4.578908551285310367e-05,-5.078702922268811900e-05
4.334065934065933984e-04,1.000000000000000000e+01,1.925000000000000044e-01,1.549999999999999989e-01,6.825264592239307977e-06,-6.315525804832955193e-06,1.200626023513955181e-04,5.097387874063527845e-07,6.825264592239307977e-06,1.183776897485160697e-04
4.334065934065933984e-04,1.300000000000000000e+01,7.749999999999999944e-02,6.500000000000000222e-02,-3.273290994889219221e-06,-2.990352120355787455e-06,-4.340131797121612968e-06,-6.263643115245007099e-06,-3.273290994889219221e-06,-7.378750470467019753e-06
4.334065934065933984e-04,1.400000000000000000e+01,1.925000000000000044e-01,6.500000000000000222e-02,-1.654808296556169205e-05,-3.032074311898188821e-05,-1.681275138720782222e-05,-4.686882608454358366e-05,-1.654808296556169205e-05,-4.032862039754935739e-05
4.383882783882783632e-04,9.000000000000000000e+00,7.749999999999999944e-02,1.549999999999999989e-01,-4.385348779817752404e-05,-6.692158774772902971e-06,-2.289257134896103239e-05,-5.054564657295042447e-05,-4.385348779817752404e-05,-5.266860611228491918e-05
4.383882783882783632e-04,1.000000000000000000e+01,1.925000000000000044e-01,1.549999999999999989e-01,3.023383264783933221e-06,-1.120050578410954378e-05,1.175157507020324404e-04,-8.177122519325610557e-06,3.023383264783933221e-06,1.116922010015264724e-04
4.383882783882783632e-04,1.300000000000000000e+01,7.749999999999999944e-02,6.500000000000000222e-02,-1.979174813883459648e-06,-2.831632144592047496e-06,-2.537421530869734712e-06,-4.810806958475507144e-06,-1.979174813883459648e-06,-4.766022648244212914e-06
4.383882783882783632e-04,1.400000000000000000e+01,1.925000000000000044e-01,6.500000000000000222e-02,-1.723468437815423645e-05,-2.876560611475179963e-05,-1.118628112383721433e-05,-4.600029049290603608e-05,-1.723468437815423645e-05,-3.506077729412814404e-05
4.433699633699633279e-04,9.000000000000000000e+00,7.749999999999999944e-02,1.549999999999999989e-01,-4.145777794568772688e-05,-4.805339750705216717e-06,-2.982406017428961771e-05,-4.626311769639294275e-05,-4.145777794568772688e-05,-5.369132278300553594e-05
4.433699633699633279e-04,1.000000000000000000e+01,1.925000000000000044e-01,1.549999999999999989e-01,5.942026538852598112e-07,-1.595288750604264511e-05,1.154952713668136682e-04,-1.535868485215738689e-05,5.942026538852598112e-07,1.064193227944539120e-04
4.433699633699633279e-04,1.300000000000000000e+01,7.749999999999999944e-02,6.500000000000000222e-02,-1.013311364670154717e-06,-3.260815598580050933e-06,-1.547960106406608385e-06,-4.274126963250205862e-06,-1.013311364670154717e-06,-3.369586089044689604e-06
4.433699633699633279e-04,1.400000000000000000e+01,1.925000000000000044e-01,6.500000000000000222e-02,-1.732495641967706025e-05,-2.673831533975053486e-05,-7.234083331070319514e-06,-4.406327175942759849e-05,-1.732495641967706025e-05,-3.050893830801172280e-05
4.483516483516483469e-04,9.000000000000000000e+00,7.749999999999999944e-02,1.549999999999999989e-01,-3.909728185748241722e-05,-3.210691056798924207e-06,-3.572260581672761560e-05,-4.230797291428133803e-05,-3.909728185748241722e-05,-5.426103749746864573e-05
4.483516483516483469e-04,1.000000000000000000e+01,1.925000000000000044e-01,1.549999999999999989e-01,1.651133201854346766e-07,-1.987839909280521557e-05,1.145333799940818914e-04,-1.971328577261978021e-05,1.651133201854346766e-07,1.037284669113822046e-04
4.483516483516483469e-04,1.300000000000000000e+01,7.749999999999999944e-02,6.500000000000000222e-02,-2.573874233423083277e-07,-3.934941638039012500e-06,-8.328233292231660977e-07,-4.192329061381320616e-06,-2.573874233423083277e-07,-2.462669114032242869e-06
4.483516483516483469e-04,1.400000000000000000e+01,1.925000000000000044e-01,6.500000000000000222e-02,-1.681621120551408285e-05,-2.432446656218157532e-05,-4.870482727993568714e-06,-4.114067776769566155e-05,-1.681621120551408285e-05,-2.668336700126979632e-05
4.533333333333333117e-04,9.000000000000000000e+00,7.749999999999999944e-02,1.549999999999999989e-01,-3.670774879383258886e-05,-2.003987534214689912e-06,-4.061062813756486289e-05,-3.871173632804727750e-05,-3.670774879383258886e-05,-5.433464783918065543e-05
4.533333333333333117e-04,1.000000000000000000e+01,1.925000000000000044e-01,1.549999999999999989e-01,1.646526506153164566e-06,-2.267875914395526020e-05,1.146690847398756214e-04,-2.103223263780209669e-05,1.646526506153164566e-06,1.037152364873746105e-04
4.533333333333333117e-04,1.300000000000000000e+01,7.749999999999999944e-02,6.500000000000000222e-02,5.746915856496217002e-07,-4.360820827189459338e-06,2.773699110105429095e-07,-3.786129241539837532e-06,5.746915856496217002e-07,-1.030752418386877135e-06
4.533333333333333117e-04,1.400000000000000000e+01,1.925000000000000044e-01,6.500000000000000222e-02,-1.569707366490820757e-05,-2.180279078042916436e-05,-3.070580082362901780e-06,-3.749986444533737532e-05,-1.569707366490820757e-05,-2.307924842062621985e-05
4.583150183150182765e-04,9.000000000000000000e+00,7.749999999999999944e-02,1.549999999999999989e-01,-3.394024867733504153e-05,-1.129496576795968947e-06,-4.482947539316087948e-05,-3.506974525413100963e-05,-3.394024867733504153e-05,-5.374865245236689482e-05
4.583150183150182765e-04,1.000000000000000000e+01,1.925000000000000044e-01,1.549999999999999989e-01,4.316982875274021248e-06,-2.459509274127949719e-05,1.158049504230104933e-04,-2.027810986600547509e-05,4.316982875274021248e-06,1.057460408477117015e-04
4.583150183150182765e-04,1.300000000000000000e+01,7.749999999999999944e-02,6.500000000000000222e-02,1.567687509142254890e-06,-4.183452973858382587e-06,1.959164810646859004e-06,-2.615765464716127909e-06,1.567687509142254890e-06,1.284943015265808940e-06
4.583150183150182765e-04,1.400000000000000000e+01,1.925000000000000044e-01,6.500000000000000222e-02,-1.382323832165611558e-05,-1.926667346657408484e-05,-1.274103233524589721e-06,-3.308991178823019873e-05,-1.382323832165611558e-05,-1.934948775987262621e-05
4.632967032967032954e-04,9.000000000000000000e+00,7.749999999999999944e-02,1.549999999999999989e-01,-3.097127479513639219e-05,-6.003169561117079630e-07,-4.871179958980270956e-05,-3.157159175124809984e-05,-3.097127479513639219e-05,-5.283163267934995298e-05
4.632967032967032954e-04,1.000000000000000000e+01,1.925000000000000044e-01,1.549999999999999989e-01,6.833768492578064580e-06,-2.604360028485673206e-05,1.179563793778604189e-04,-1.920983179227866918e-05,6.833768492578064580e-06,1.088450400529292271e-04
4.632967032967032954e-04,1.300000000000000000e+01,7.749999999999999944e-02,6.500000000000000222e-02,2.724628929947893335e-06,-3.366412168890690888e-06,4.370073393882489993e-06,-6.417832389427975527e-07,2.724628929947893335e-06,4.653026883184703546e-06
4.632967032967032954e-04,1.400000000000000000e+01,1.925000000000000044e-01,6.500000000000000222e-02,-1.119247158907704119e-05,-1.650579486704131967e-05,4.482348177457869281e-07,-2.769826645611836086e-05,-1.119247158907704119e-05,-1.536670537463968435e-05
4.682783882783882602e-04,9.000000000000000000e+00,7.749999999999999944e-02,1.549999999999999989e-01,-2.838064492678698882e-05,-4.691797344492878856e-07,-5.293778846866141247e-05,-2.884982466123627549e-05,-2.838064492678698882e-05,-5.246209071515229552e-05
4.682783882783882602e-04,1.000000000000000000e+01,1.925000000000000044e-01,1.549999999999999989e-01,8.560857356898142446e-06,-2.690831992578130881e-05,1.197059313992733607e-04,-1.834746256888316636e-05,8.560857356898142446e-06,1.112859426546826673e-04
4.682783882783882602e-04,1.300000000000000000e+01,7.749999999999999944e-02,6.500000000000000222e-02,4.047376075230559111e-06,-2.113357661215896845e-06,7.662513521555374234e-06,1.934018414014662266e-06,4.047376075230559111e-06,9.145246491689172581e-06
4.682783882783882602e-04,1.400000000000000000e+01,1.925000000000000044e-01,6.500000000000000222e-02,-8.157876555623353609e-06,-1.323248847825968746e-05,1.971967056600191727e-06,-2.139036503388304106e-05,-8.157876555623353609e-06,-1.103137501652688749e-05
4.732600732600732250e-04,9.000000000000000000e+00,7.749999999999999944e-02,1.549999999999999989e-01,-2.667723777357919589e-05,-7.656491810804229434e-07,-5.747395829032129897e-05,-2.744288695465961947e-05,-2.667723777357919589e-05,-5.310200821393092649e-05
4.732600732600732250e-04,1.000000000000000000e+01,1.925000000000000044e-01,1.549999999999999989e-01,9.022857109030789428e-06,-2.718906995256383226e-05,1.200861099456825920e-04,-1.816621284353304284e-05,9.022857109030789428e-06,1.118348555463913275e-04
4.732600732600732250e-04,1.300000000000000000e+01,7.749999999999999944e-02,6.500000000000000222e-02,5.655782627964844959e-06,-5.628652759860169418e-07,1.164401256554922503e-05,5.092917351978827805e-06,5.655782627964844959e-06,1.459646314777103225e-05
4.732600732600732250e-04,1.400000000000000000e+01,1.925000000000000044e-01,6.500000000000000222e-02,-5.396828987478908991e-06,-9.187060810921634976e-06,2.854174780477097365e-06,-1.458388979840054481e-05,-5.396828987478908991e-06,-6.547060001253619902e-06
4.782417582417582439e-04,9.000000000000000000e+00,7.749999999999999944e-02,1.549999999999999989e-01,-2.595239813630230937e-05,-1.509857430134751603e-06,-6.219433558506198498e-05,-2.746225556643706097e-05,-2.595239813630230937e-05,-5.477665504967413584e-05
4.782417582417582439e-04,1.000000000000000000e+01,1.925000000000000044e-01,1.549999999999999989e-01,8.283465647582670554e-06,-2.715489720860022520e-05,1.190925457665226368e-04,-1.887143156101755634e-05,8.283465647582670554e-06,1.104248470418118388e-04
4.782417582417582439e-04,1.300000000000000000e+01,7.749999999999999944e-02,6.500000000000000222e-02,7.235028300987742837e-06,9.654098319880358579e-07,1.590916384605215310e-05,8.200438132975777848e-06,7.235028300987742837e-06,2.029649521842651815e-05
4.782417582417582439e-04,1.400000000000000000e+01,1.925000000000000044e-01,6.500000000000000222e-02,-3.470277800209511889e-06,-4.269045685081690120e-06,2.691037692682015769e-06,-7.739323485291201585e-06,-3.470277800209511889e-06,-2.206030927543371413e-06
4.832234432234432087e-04,9.000000000000000000e+00,7.749999999999999944e-02,1.549999999999999989e-01,-2.575245987322556651e-05,-2.682180477902468855e-06,-6.626501712195556300e-05,-2.843464035112803495e-05,-2.575245987322556651e-05,-5.665266282442575640e-05
4.832234432234432087e-04,1.000000000000000000e+01,1.925000000000000044e-01,1.549999999999999989e-01,6.514005553269312369e-06,-2.703134946748771971e-05,1.177000081805065665e-04,-2.051734391421840650e-05,6.514005553269312369e-06,1.080226945881276456e-04
4.832234432234432087e-04,1.300000000000000000e+01,7.749999999999999944e-02,6.500000000000000222e-02,8.570904365762865848e-06,2.257564714484994020e-06,1.996015022074004779e-05,1.082846908024785902e-05,8.570904365762865848e-06,2.554802316501108436e-05
4.832234432234432087e-04,1.400000000000000000e+01,1.925000000000000044e-01,6.500000000000000222e-02,-2.710706107366102004e-06,1.253517806963961134e-06,1.875528229894819258e-06,-1.457188300402140871e-06,-2.710706107366102004e-06,1.997128161790703446e-06
4.882051282051281735e-04,9.000000000000000000e+00,7.749999999999999944e-02,1.549999999999999989e-01,-2.546768633938844827e-05,-4.223087583185191703e-06,-6.879690876904039011e-05,-2.969077392257363912e-05,-2.546768633938844827e-05,-5.772103371112620126e-05
4.882051282051281735e-04,1.000000000000000000e+01,1.925000000000000044e-01,1.549999999999999989e-01,3.803060620644230749e-06,-2.716697682859222035e-05,1.164643190172411059e-04,-2.336391620794799003e-05,3.803060620644230749e-06,1.050904744690885827e-04
4.882051282051281735e-04,1.300000000000000000e+01,7.749999999999999944e-02,6.500000000000000222e-02,9.807594155067372995e-06,3.476052829750807403e-06,2.356818900266411412e-05,1.328364698481818082e-05,9.807594155067372995e-06,3.028009251943234305e-05
4.882051282051281735e-04,1.400000000000000000e+01,1.925000000000000044e-01,6.500000000000000222e-02,-3.219062204259136524e-06,6.703018972510165219e-06,1.185467061836508106e-06,3.483956768251028695e-06,-3.219062204259136524e-06,6.034200173987938851e-06
4.931868131868131925e-04,9.000000000000000000e+00,7.749999999999999944e-02,1.549999999999999989e-01,-2.530298972569947020e-05,-6.098242247352628236e-06,-6.938482594655591201e-05,-3.140123197305210183e-05,-2.530298972569947020e-05,-5.797350486203388799e-05
4.931868131868131925e-04,1.000000000000000000e+01,1.925000000000000044e-01,1.549999999999999989e-01,3.385093754033320368e-07,-2.739641232021003853e-05,1.157454924984210030e-04,-2.705790294480670512e-05,3.385093754033320368e-07,1.021569773230162872e-04
4.931868131868131925e-04,1.300000000000000000e+01,7.749999999999999944e-02,6.500000000000000222e-02,1.091670804121943222e-05,4.536344850047753116e-06,2.695444779855674265e-05,1.545305289126718448e-05,1.091670804121943222e-05,3.465767533695842425e-05
4.931868131868131925e-04,1.400000000000000000e+01,1.925000000000000044e-01,6.500000000000000222e-02,-4.497144274495863239e-06,1.142867850208981566e-05,1.341622089898665084e-06,6.931534227593952425e-06,-4.497144274495863239e-06,9.950544691493143720e-06
4.981684981684981030e-04,9.000000000000000000e+00,7.749999999999999944e-02,1.549999999999999989e-01,-2.513935809426482321e-05,-7.818715618428364786e-06,-6.868491214195847642e-05,-3.295807371269318800e-05,-2.513935809426482321e-05,-5.758801760231868259e-05
4.981684981684981030e-04,1.000000000000000000e+01,1.925000000000000044e-01,1.549999999999999989e-01,-3.113562247458883157e-06,-2.746827425082723657e-05,1.153244460010844621e-04,-3.058183649828612270e-05,-3.113562247458883157e-06,9.958012427048553610e-05
4.981684981684981030e-04,1.300000000000000000e+01,7.749999999999999944e-02,6.500000000000000222e-02,1.200681588045643977e-05,5.470507672941510427e-06,3.026401222080611376e-05,1.747732355339795020e-05,1.200681588045643977e-05,3.890111630201871452e-05
4.981684981684981030e-04,1.400000000000000000e+01,1.925000000000000044e-01,6.500000000000000222e-02,-5.797165542604598457e-06,1.523329361431335331e-05,2.743957163179757802e-06,9.436128071708754854e-06,-5.797165542604598457e-06,1.398245956477167732e-05
