time_s,contact_force_N,impact_w_m,ball_travel_m,indentation_m,energy_J,S1_mean_exx_plus_eyy,S2_mean_exx_plus_eyy,S3_mean_exx_plus_eyy,S4_mean_exx_plus_eyy
0.000000000000000000e+00,0.000000000000000000e+00,0.000000000000000000e+00,0.000000000000000000e+00,0.000000000000000000e+00,6.227579619865871753e-03,0.000000000000000000e+00,0.000000000000000000e+00,0.000000000000000000e+00,0.000000000000000000e+00
4.999960937805173906e-06,1.935215716435874000e+01,9.644484802247487334e-08,8.844825950525444087e-06,8.748381102502969240e-06,6.227578879309524605e-03,-4.518635445828893183e-10,-4.518635445798967856e-10,-4.518635488791439794e-10,-4.518635488808788874e-10
9.999921875610347813e-06,5.047910215899356245e+01,9.848522246036689485e-07,1.756223071835856769e-05,1.657737849375490001e-05,6.227578968009463492e-03,-2.811553100664994515e-09,-2.811553100543066024e-09,-2.811553122144148222e-09,-2.811553122182739506e-09
1.499988281341552003e-05,7.969533949707694376e+01,3.486385776910016891e-06,2.596295672864835799e-05,2.247657095173834110e-05,6.227579245728421566e-03,-2.249229260762995646e-09,-2.249229260004416844e-09,-2.249229237353328947e-09,-2.249229237644302549e-09
1.999984375122069563e-05,9.942243637287202773e+01,7.819541728215682555e-06,3.386694135420727572e-05,2.604739962599159317e-05,6.227579424274526550e-03,-5.337696836852467619e-09,-5.337696835134806397e-09,-5.337696853510914873e-09,-5.337696854764983547e-09
2.499980468902586784e-05,1.084346032743551689e+02,1.355187253290268608e-05,4.115045029274627057e-05,2.759857775984358449e-05,6.227579492037189218e-03,-4.735240027630387907e-09,-4.735240026867842360e-09,-4.735240007534728102e-09,-4.735240011283586739e-09
2.999976562683104005e-05,1.094572152665211746e+02,1.998335120665772807e-05,4.775517293643504190e-05,2.777182172977731383e-05,6.227579510259086300e-03,-1.901782192314124677e-09,-1.901782197943261213e-09,-1.901782192308618549e-09,-1.901782201437897882e-09
3.499972656463621565e-05,1.058385576160490729e+02,2.651655874256170396e-05,5.367286600641140180e-05,2.715630726384969784e-05,6.227579504517181952e-03,-8.588832784664595532e-09,-8.588832803949689474e-09,-8.588832758794222435e-09,-8.588832779272233243e-09
3.999968750244139125e-05,9.989869456856727936e+01,3.279459965554582500e-05,5.892511535981861042e-05,2.613051570427278543e-05,6.227579479199633547e-03,-2.992612559920972299e-09,-2.992612599571858418e-09,-2.992612608733222433e-09,-2.992612651189233519e-09
4.499964844024656008e-05,9.289009007630559722e+01,3.865510167983097247e-05,6.354870099268770652e-05,2.489359931285673404e-05,6.227579446350723323e-03,1.446248650663595130e-09,1.446248583481840110e-09,1.446248587098032625e-09,1.446248508800711802e-09
4.999960937805173568e-05,8.540326486884504220e+01,4.405012477632947333e-05,6.758748503258686375e-05,2.353736025625739043e-05,6.227579421782369028e-03,-1.069426362645218149e-08,-1.069426373309951080e-08,-1.069426360091872733e-08,-1.069426372815881725e-08
5.499957031585691128e-05,7.771882624615524549e+01,4.898510476230192126e-05,7.108849684570324565e-05,2.210339208340132439e-05,6.227579402537385816e-03,-6.729536919887213755e-09,-6.729537083570336234e-09,-6.729536970155635534e-09,-6.729537155953153757e-09
5.999953125366208010e-05,6.999539584077815846e+01,5.348644917241920520e-05,7.410007656027230779e-05,2.061362738785310259e-05,6.227579386948285493e-03,1.342914420138511094e-08,1.342914396239654662e-08,1.342914416732454798e-08,1.342914391583843273e-08
6.499949219146724892e-05,6.242941462659269547e+01,5.757074561983108126e-05,7.667078579281059070e-05,1.910004017297950945e-05,6.227579372614452762e-03,-7.922278207775151077e-09,-7.922278533228183526e-09,-7.922278338296373670e-09,-7.922278662542979739e-09
6.999945312927243130e-05,5.525175030250444763e+01,6.124170902144529343e-05,7.884817259340387130e-05,1.760646357195857787e-05,6.227579362497272231e-03,-2.945237761229237297e-08,-2.945237802418868945e-08,-2.945237769057767258e-08,-2.945237809437544419e-08
7.499941406707760013e-05,4.862342529891500931e+01,6.450880127035822328e-05,8.067737849585445028e-05,1.616857722549622700e-05,6.227579354021923336e-03,1.914192454347787465e-08,1.914192405298604928e-08,1.914192426708034671e-08,1.914192378010607050e-08
7.999937500488278250e-05,4.264837911958746020e+01,6.738483627932946769e-05,8.220011384011710772e-05,1.481527756078764003e-05,6.227579351713827781e-03,3.818085696792865948e-08,3.818085640731674682e-08,3.818085693998098605e-08,3.818085637081949340e-08
8.499933594268795133e-05,3.736690949109832616e+01,6.988859350529233558e-05,8.345400250176334073e-05,1.356540899647100515e-05,6.227579343631897690e-03,-3.405149118205979194e-08,-3.405149180419776914e-08,-3.405149143278229210e-08,-3.405149207923857860e-08
8.999929688049312015e-05,3.268392150565103549e+01,7.206545003706243447e-05,8.447237659348613215e-05,1.240692655642369768e-05,6.227579340453649227e-03,-7.060520124411920053e-08,-7.060520191033774507e-08,-7.060520142463273449e-08,-7.060520213993724861e-08
9.499925781829830253e-05,2.847624890217532823e+01,7.396697623310871813e-05,8.528480951915009666e-05,1.131783328604137853e-05,6.227579346850268573e-03,1.473036225735970951e-08,1.473036158080938299e-08,1.473036270348191093e-08,1.473036193388285622e-08
9.999921875610347135e-05,2.468448627068356771e+01,7.562842646741951293e-05,8.591784503228553054e-05,1.028941856486601761e-05,6.227579331368104411e-03,1.272102450656433338e-07,1.272102444217223228e-07,1.272102444622712723e-07,1.272102436613703598e-07
1.049991796939086402e-04,2.129912700013371563e+01,7.706965098127935656e-05,8.639537675959745348e-05,9.325725778318096917e-06,6.227579335039815783e-03,6.881079739088395827e-08,6.881079681752452401e-08,6.881079776786032573e-08,6.881079696351728315e-08
1.099991406317138226e-04,1.828401530796739394e+01,7.831532155233136339e-05,8.673875514398782249e-05,8.423433591656459096e-06,6.227579353054779436e-03,-1.706711609830274534e-07,-1.706711614585605909e-07,-1.706711611599289609e-07,-1.706711619391208424e-07
1.149991015695189914e-04,1.559154964748880801e+01,7.939226615423763457e-05,8.696700434706824707e-05,7.574738192830612503e-06,6.227579327098693197e-03,-2.746395020663038561e-07,-2.746395024203564812e-07,-2.746395030379161328e-07,-2.746395037611392800e-07
1.199990625073241602e-04,1.320523474254108898e+01,8.031643490193954261e-05,8.709709835478987149e-05,6.780663452850328884e-06,6.227579316023403207e-03,2.500274834529313119e-08,2.500274813926625017e-08,2.500274856231564468e-08,2.500274792953713041e-08
1.249990234451293426e-04,1.112819948755223010e+01,8.109449571745209247e-05,8.714406851378472449e-05,6.049572796332632020e-06,6.227579357425711871e-03,5.018417228823283325e-07,5.018417228453810730e-07,5.018417226893450045e-07,5.018417221799928590e-07
1.299989843829344978e-04,9.320179732717678078e+00,8.174586975078767799e-05,8.712102439923505499e-05,5.375154648447377000e-06,6.227579365018453411e-03,5.077961912043340801e-07,5.077961913383382922e-07,5.077961904243450611e-07,5.077961900575961003e-07
1.349989453207396802e-04,7.729156341418531362e+00,8.229482507736640912e-05,8.703938752215998242e-05,4.744562444793573304e-06,6.227579313157427521e-03,-2.429045841847786923e-07,-2.429045838975767132e-07,-2.429045846780399647e-07,-2.429045849050554883e-07
1.399989062585448626e-04,6.342754604219217107e+00,8.275046474143644797e-05,8.690918822725221613e-05,4.158723485815768168e-06,6.227579289367513038e-03,-1.074115954363847105e-06,-1.074115953947276090e-06,-1.074115953749615869e-06,-1.074115953861787172e-06
1.449988671963500179e-04,5.159005982865626727e+00,8.311546240513095611e-05,8.673916149190777510e-05,3.623699086776818994e-06,6.227579341167014358e-03,-9.794519517911668716e-07,-9.794519512658234852e-07,-9.794519530525975593e-07,-9.794519530908906483e-07
1.499988281341552003e-04,4.143612079185976071e+00,8.340570442518452983e-05,8.653678443743422529e-05,3.131080012249695460e-06,6.227579396482511333e-03,2.195507181379084661e-07,2.195507187418464515e-07,2.195507171526875727e-07,2.195507171400190833e-07
1.549987890719603826e-04,3.240496772910243184e+00,8.365072583322007973e-05,8.630848628300274430e-05,2.657760449782664569e-06,6.227579378859064360e-03,1.592588748879298398e-06,1.592588749500099221e-06,1.592588749199793854e-06,1.592588749160789469e-06
1.599987500097655650e-04,2.429706867693830041e+00,8.386643668535845981e-05,8.605996894763642444e-05,2.193532262277964637e-06,6.227579308206989024e-03,1.959504253745782559e-06,1.959504254286162474e-06,1.959504253868137739e-06,1.959504253739985042e-06
1.649987109475707203e-04,1.753707323361058723e+00,8.403131022609365650e-05,8.579631621183440296e-05,1.765005985740746453e-06,6.227579272158767325e-03,9.491242532485015075e-07,9.491242535920140252e-07,9.491242527066459550e-07,9.491242524054239924e-07
1.699986718853759027e-04,1.243468826809666972e+00,8.411831596980665787e-05,8.552176950983666635e-05,1.403453540030008486e-06,6.227579299866512277e-03,-7.238255300643918962e-07,-7.238255300379034819e-07,-7.238255317552368420e-07,-7.238255323329167002e-07
1.749986328231810850e-04,8.558668563371629734e-01,8.414549629856257816e-05,8.523956747824510121e-05,1.094071179682523046e-06,6.227579346456514099e-03,-2.097852884808779710e-06,-2.097852885219094328e-06,-2.097852885582715408e-06,-2.097852886546865906e-06
1.799985937609862403e-04,5.112636333793099119e-01,8.417618009124824461e-05,8.495219733826875493e-05,7.760172470205103229e-07,6.227579377583592445e-03,-2.827585300077090454e-06,-2.827585301051902980e-06,-2.827585298284018267e-06,-2.827585299739239928e-06
1.849985546987914227e-04,1.965629971105284923e-01,8.425153119920510971e-05,8.466183853576257645e-05,4.103073365574667376e-07,6.227579372518339540e-03,-2.913230308593695292e-06,-2.913230310269851099e-06,-2.913230308922947163e-06,-2.913230310969632874e-06
1.899985156365966051e-04,4.912732704115520613e-03,8.433534916251248610e-05,8.437042355808996210e-05,3.507439557747600491e-08,6.227579362313570219e-03,-2.047900201439480188e-06,-2.047900203947470206e-06,-2.047900204183523465e-06,-2.047900206924986257e-06
1.949984765744017603e-04,0.000000000000000000e+00,8.435036034540187744e-05,8.407908862391451452e-05,0.000000000000000000e+00,6.227579376345704180e-03,2.407043412158855128e-07,2.407043377774391197e-07,2.407043404510272552e-07,2.407043369083475287e-07
1.999984375122069427e-04,0.000000000000000000e+00,8.427408061958589032e-05,8.378799890038799911e-05,0.000000000000000000e+00,6.227579360372111940e-03,3.568859541696709083e-06,3.568859537270737469e-06,3.568859541764342546e-06,3.568859537321352347e-06
2.049983984500121251e-04,0.000000000000000000e+00,8.417184327243192206e-05,8.349715442302946180e-05,0.000000000000000000e+00,6.227579305788245867e-03,6.415241764145025902e-06,6.415241758700276941e-06,6.415241766476043632e-06,6.415241761052860977e-06
2.099983593878172804e-04,0.000000000000000000e+00,8.414393011384341812e-05,8.320655519183901101e-05,0.000000000000000000e+00,6.227579272613938816e-03,7.439971954979461926e-06,7.439971948490976098e-06,7.439971955084792167e-06,7.439971948628113273e-06
2.149983203256224627e-04,0.000000000000000000e+00,8.423838529563978288e-05,8.291620120681649766e-05,0.000000000000000000e+00,6.227579247511986181e-03,6.203278255021929650e-06,6.203278247479104643e-06,6.203278251225261165e-06,6.203278243712537168e-06
2.199982812634276451e-04,0.000000000000000000e+00,8.439421196052801933e-05,8.262609246796203018e-05,0.000000000000000000e+00,6.227579240966745269e-03,2.697898932584787287e-06,2.697898924013184014e-06,2.697898933394457611e-06,2.697898924841707597e-06
2.249982422012328004e-04,0.000000000000000000e+00,8.448018433163095029e-05,8.233622897527559500e-05,0.000000000000000000e+00,6.227579308129441681e-03,-2.468361495806513570e-06,-2.468361505341014580e-06,-2.468361495417021563e-06,-2.468361504952562729e-06
2.299982031390379828e-04,0.000000000000000000e+00,8.440324323120431370e-05,8.204661072875715148e-05,0.000000000000000000e+00,6.227579408116768259e-03,-7.516671304729187424e-06,-7.516671315142077694e-06,-7.516671304618896111e-06,-7.516671315050545619e-06
2.349981640768431651e-04,0.000000000000000000e+00,8.419493541363356928e-05,8.175723772840675382e-05,0.000000000000000000e+00,6.227579451345939369e-03,-1.056159664029981780e-05,-1.056159665150502354e-05,-1.056159663751341483e-05,-1.056159664874232055e-05
2.399981250146483204e-04,0.000000000000000000e+00,8.399482650866903666e-05,8.146810997422433427e-05,0.000000000000000000e+00,6.227579444824369627e-03,-1.086394232136054208e-05,-1.086394233326238668e-05,-1.086394232036174793e-05,-1.086394233228225944e-05
2.449980859524535028e-04,0.000000000000000000e+00,8.394491808131887545e-05,8.117922746620996057e-05,0.000000000000000000e+00,6.227579432611663954e-03,-8.683692784513939410e-06,-8.683692796990192622e-06,-8.683692787377459649e-06,-8.683692799876589527e-06
2.499980468902586852e-04,0.000000000000000000e+00,8.409488568067228738e-05,8.089059020436357853e-05,0.000000000000000000e+00,6.227579404603940209e-03,-4.967634050036473392e-06,-4.967634062943634287e-06,-4.967634053337104137e-06,-4.967634066295886608e-06
2.549980078280638675e-04,0.000000000000000000e+00,8.438342383300864182e-05,8.060219818868524235e-05,0.000000000000000000e+00,6.227579336808754078e-03,-1.179880620587438869e-06,-1.179880633793204289e-06,-1.179880622087303402e-06,-1.179880635387902631e-06
2.599979687658689957e-04,0.000000000000000000e+00,8.467051677870484478e-05,8.031405141917491138e-05,0.000000000000000000e+00,6.227579263955036228e-03,1.425950309911508079e-06,1.425950296499435926e-06,1.425950312332267468e-06,1.425950298797853264e-06
2.649979297036741781e-04,0.000000000000000000e+00,8.480363653793083893e-05,8.002614989583258561e-05,0.000000000000000000e+00,6.227579235893085895e-03,2.437380864172422228e-06,2.437380850606330686e-06,2.437380866413385109e-06,2.437380852726244089e-06
2.699978906414793605e-04,0.000000000000000000e+00,8.469550497119685754e-05,7.973849361865831926e-05,0.000000000000000000e+00,6.227579245804336534e-03,2.472745497978327958e-06,2.472745484284458108e-06,2.472745494137368121e-06,2.472745480335344022e-06
2.749978515792845428e-04,0.000000000000000000e+00,8.436607012409487005e-05,7.945108258765199035e-05,0.000000000000000000e+00,6.227579271409625257e-03,2.716417106995703699e-06,2.716417093176007104e-06,2.716417103331831345e-06,2.716417089411105743e-06
2.799978125170897252e-04,0.000000000000000000e+00,8.393438386583763509e-05,7.916391680281374796e-05,0.000000000000000000e+00,6.227579294460346311e-03,3.992997960011268866e-06,3.992997946028130488e-06,3.992997957888828764e-06,3.992997943821417384e-06
2.849977734548949076e-04,0.000000000000000000e+00,8.357244883673730002e-05,7.887699626414349722e-05,0.000000000000000000e+00,6.227579320726527382e-03,6.473798711566851227e-06,6.473798697323774531e-06,6.473798704316476203e-06,6.473798690062798043e-06
2.899977343927000357e-04,0.000000000000000000e+00,8.343002593735177313e-05,7.859032097164123814e-05,0.000000000000000000e+00,6.227579361676414092e-03,9.754719579309346539e-06,9.754719564642208728e-06,9.754719572618162339e-06,9.754719558118550704e-06
2.949976953305052181e-04,0.000000000000000000e+00,8.357518480627108782e-05,7.830389092530706558e-05,0.000000000000000000e+00,6.227579390533439369e-03,1.308002438029976247e-05,1.308002436499494438e-05,1.308002437593327883e-05,1.308002436108582125e-05
2.999976562683104005e-04,0.000000000000000000e+00,8.397256964259684764e-05,7.801770612514081691e-05,0.000000000000000000e+00,6.227579372034570265e-03,1.559859312076134250e-05,1.559859310459918476e-05,1.559859311417799237e-05,1.559859309883088023e-05
3.049976172061155829e-04,0.000000000000000000e+00,8.450809660643156544e-05,7.773176657114264120e-05,0.000000000000000000e+00,6.227579328727047767e-03,1.667130882913955175e-05,1.667130881192542313e-05,1.667130882378470771e-05,1.667130880775113974e-05
3.099975781439207653e-04,0.000000000000000000e+00,8.502315944565926053e-05,7.744607226331247070e-05,0.000000000000000000e+00,6.227579331697917844e-03,1.593499300692142461e-05,1.593499298847739738e-05,1.593499299845622138e-05,1.593499298153409891e-05
3.149975390817259476e-04,0.000000000000000000e+00,8.535797831277473367e-05,7.716062320165030541e-05,0.000000000000000000e+00,6.227579354719956113e-03,1.330157083197905363e-05,1.330157081212075412e-05,1.330157082058712626e-05,1.330157080256275642e-05
3.199975000195311300e-04,0.000000000000000000e+00,8.541352008842466900e-05,7.687541938615619953e-05,0.000000000000000000e+00,6.227579355341678405e-03,9.269070015377351568e-06,9.269069993918066617e-06,9.269070004536266661e-06,9.269069985186415621e-06
3.249974609573362582e-04,0.000000000000000000e+00,8.519647300029766369e-05,7.659046081683005820e-05,0.000000000000000000e+00,6.227579357202998531e-03,4.602802961993588543e-06,4.602802938774172516e-06,4.602802947428448745e-06,4.602802926543607986e-06
3.299974218951414406e-04,0.000000000000000000e+00,8.479270699170760636e-05,7.630574749367196273e-05,0.000000000000000000e+00,6.227579360264978887e-03,-3.499795459527357820e-07,-3.499795710469813112e-07,-3.499795621525548298e-07,-3.499795847373263393e-07
3.349973828329466229e-04,0.000000000000000000e+00,8.430746270398395111e-05,7.602127941668187247e-05,0.000000000000000000e+00,6.227579339951013968e-03,-5.572499552573064031e-06,-5.572499579624477441e-06,-5.572499565331446130e-06,-5.572499589730934907e-06
3.399973437707518053e-04,0.000000000000000000e+00,8.382762208026114600e-05,7.573705658585980097e-05,0.000000000000000000e+00,6.227579306897136624e-03,-1.121429558854121426e-05,-1.121429561761473588e-05,-1.121429560177775917e-05,-1.121429562807125088e-05
3.449973047085569877e-04,0.000000000000000000e+00,8.341845721017237094e-05,7.545307900120574822e-05,0.000000000000000000e+00,6.227579303947386805e-03,-1.753413516937280076e-05,-1.753413520050540526e-05,-1.753413518642204594e-05,-1.753413521465974593e-05
3.499972656463621701e-04,0.000000000000000000e+00,8.313401339517477440e-05,7.516934666271970068e-05,0.000000000000000000e+00,6.227579321446977990e-03,-2.453263068918411384e-05,-2.453263072236325158e-05,-2.453263070824287354e-05,-2.453263073843067716e-05
3.549972265841672982e-04,0.000000000000000000e+00,8.300934285309025584e-05,7.488585957040169900e-05,0.000000000000000000e+00,6.227579342040314922e-03,-3.134844992749616474e-05,-3.134844996265914513e-05,-3.134844994392661847e-05,-3.134844997600910266e-05
3.599971875219724806e-04,0.000000000000000000e+00,8.303397850256597726e-05,7.460261772425166187e-05,0.000000000000000000e+00,6.227579399272948485e-03,-3.622507423583333437e-05,-3.622507427289036174e-05,-3.622507425244786530e-05,-3.622507428630943716e-05
3.649971484597776630e-04,0.000000000000000000e+00,8.315122350050506742e-05,7.431962112426968416e-05,0.000000000000000000e+00,6.227579455529119214e-03,-3.746446056060253292e-05,-3.746446059945051998e-05,-3.746446058091291255e-05,-3.746446061640225811e-05
3.699971093975828454e-04,0.000000000000000000e+00,8.329933887011274629e-05,7.403686977045571165e-05,0.000000000000000000e+00,6.227579451242764089e-03,-3.475190392954494400e-05,-3.475190397005084559e-05,-3.475190395053240111e-05,-3.475190398749769820e-05
3.749970703353880277e-04,0.000000000000000000e+00,8.347347081638684552e-05,7.375436366280974435e-05,0.000000000000000000e+00,6.227579395245209405e-03,-2.951306617158883842e-05,-2.951306621356532473e-05,-2.951306619533262206e-05,-2.951306623364355634e-05
3.799970312731932101e-04,0.000000000000000000e+00,8.373752710522700774e-05,7.347210280133185001e-05,0.000000000000000000e+00,6.227579330396007876e-03,-2.366205139815843930e-05,-2.366205144137251866e-05,-2.366205142261551615e-05,-2.366205146215388249e-05
3.849969922109983383e-04,0.000000000000000000e+00,8.417272329485183443e-05,7.319008718602187957e-05,0.000000000000000000e+00,6.227579303070784195e-03,-1.767080810834790317e-05,-1.767080815256417498e-05,-1.767080813153694120e-05,-1.767080817216993839e-05
3.899969531488035207e-04,0.000000000000000000e+00,8.480340768466207880e-05,7.290831681687999564e-05,0.000000000000000000e+00,6.227579289402552717e-03,-1.059068209293706401e-05,-1.059068213796038542e-05,-1.059068211572977364e-05,-1.059068215730478327e-05
3.949969140866087030e-04,0.000000000000000000e+00,8.555468325438650087e-05,7.262679169390610337e-05,0.000000000000000000e+00,6.227579263371417137e-03,-1.778733106422623526e-06,-1.778733152116168232e-06,-1.778733130620698880e-06,-1.778733172984309736e-06
3.999968750244138854e-04,0.000000000000000000e+00,8.627849663450697310e-05,7.234551181710020275e-05,0.000000000000000000e+00,6.227579256096280914e-03,8.059018824255141504e-06,8.059018777982507477e-06,8.059018798772006208e-06,8.059018755757315006e-06
4.049968359622190678e-04,0.000000000000000000e+00,8.684510381853319683e-05,7.206447718646238865e-05,0.000000000000000000e+00,6.227579282730500050e-03,1.733768618876262391e-05,1.733768614198318296e-05,1.733768616054787851e-05,1.733768611699931938e-05
4.099967969000242502e-04,0.000000000000000000e+00,8.720877978941807805e-05,7.178368780199251200e-05,0.000000000000000000e+00,6.227579337662886814e-03,2.461323883644929162e-05,2.461323878921923593e-05,2.461323880563272189e-05,2.461323876164625012e-05
4.149967578378293783e-04,0.000000000000000000e+00,8.737590914210145515e-05,7.150314366369069476e-05,0.000000000000000000e+00,6.227579373753241478e-03,2.920688629383198708e-05,2.920688624615604985e-05,2.920688626750218476e-05,2.920688622313943723e-05
4.199967187756345607e-04,0.000000000000000000e+00,8.732818360445594047e-05,7.122284477155688273e-05,0.000000000000000000e+00,6.227579354613764148e-03,3.120040382412196829e-05,3.120040377592602399e-05,3.120040379692102308e-05,3.120040375218762749e-05
4.249966797134397431e-04,0.000000000000000000e+00,8.699169101929569309e-05,7.094279112559107590e-05,0.000000000000000000e+00,6.227579316027082555e-03,3.108103379782578758e-05,3.108103374898017578e-05,3.108103376403142948e-05,3.108103371886919804e-05
4.299966406512449255e-04,0.000000000000000000e+00,8.628437942309029340e-05,7.066298272579331493e-05,0.000000000000000000e+00,6.227579316103482379e-03,2.949448239745702493e-05,2.949448234782777213e-05,2.949448236398111056e-05,2.949448231828626481e-05
4.349966015890501078e-04,0.000000000000000000e+00,8.519205734223484925e-05,7.038341957216354562e-05,0.000000000000000000e+00,6.227579346717210945e-03,2.699463439111486168e-05,2.699463434058218048e-05,2.699463435707332920e-05,2.699463431071829581e-05
4.399965625268552902e-04,0.000000000000000000e+00,8.380908632420873709e-05,7.010410166470182217e-05,0.000000000000000000e+00,6.227579340289106369e-03,2.370902433070772597e-05,2.370902427914455465e-05,2.370902429537196781e-05,2.370902424820536166e-05
4.449965234646604184e-04,0.000000000000000000e+00,8.232760380137695239e-05,6.982502900340807682e-05,0.000000000000000000e+00,6.227579300865506567e-03,1.932181901206113308e-05,1.932181895931964406e-05,1.932181897638598236e-05,1.932181892822383467e-05
4.499964844024656008e-04,0.000000000000000000e+00,8.097312911091993852e-05,6.954620158828237733e-05,0.000000000000000000e+00,6.227579254934634614e-03,1.363012002991580427e-05,1.363011997584886793e-05,1.363011998601096784e-05,1.363011993664790361e-05
4.549964453402707831e-04,0.000000000000000000e+00,7.991484003205988405e-05,6.926761941932466950e-05,0.000000000000000000e+00,6.227579201344077275e-03,7.118816023833595327e-06,7.118815968322908270e-06,7.118815978644290182e-06,7.118815927889244196e-06
4.599964062780759655e-04,0.000000000000000000e+00,7.921711261319292440e-05,6.898928249653499397e-05,0.000000000000000000e+00,6.227579201666559768e-03,9.404418782656130206e-07,9.404418212246368539e-07,9.404418377372096885e-07,9.404417854491746756e-07
4.649963672158811479e-04,0.000000000000000000e+00,7.886020078458478688e-05,6.871119081991336431e-05,0.000000000000000000e+00,6.227579272837212472e-03,-3.658790739341515203e-06,-3.658790797990558433e-06,-3.658790779014048176e-06,-3.658790832904085919e-06
4.699963281536863303e-04,0.000000000000000000e+00,7.879714463358547451e-05,6.843334438945967210e-05,0.000000000000000000e+00,6.227579355791192962e-03,-6.170301319916141779e-06,-6.170301380245575557e-06,-6.170301362025414899e-06,-6.170301417519307834e-06
4.749962890914914584e-04,0.000000000000000000e+00,7.900086876510364843e-05,6.815574320517406640e-05,0.000000000000000000e+00,6.227579428880468913e-03,-6.818308732471569843e-06,-6.818308794511488402e-06,-6.818308782160865422e-06,-6.818308839222558744e-06
4.799962500292966408e-04,0.000000000000000000e+00,7.947604188489661582e-05,6.787838726705643880e-05,0.000000000000000000e+00,6.227579461257927267e-03,-5.704418029121678016e-06,-5.704418092811484619e-06,-5.704418082376817132e-06,-5.704418140955664200e-06
4.849962109671018232e-04,0.000000000000000000e+00,8.024151346175504044e-05,6.760127657510682996e-05,0.000000000000000000e+00,6.227579433939172369e-03,-2.723583635911016642e-06,-2.723583701087184802e-06,-2.723583688461955436e-06,-2.723583748472530436e-06
4.899961719049070056e-04,0.000000000000000000e+00,8.130495687031762001e-05,6.732441112932528054e-05,0.000000000000000000e+00,6.227579389784969506e-03,1.659478284232813309e-06,1.659478217809814344e-06,1.659478231379063625e-06,1.659478170093665075e-06
4.949961328427121337e-04,0.000000000000000000e+00,8.262737566571462088e-05,6.704779092971168211e-05,0.000000000000000000e+00,6.227579367029182668e-03,5.965295809693242917e-06,5.965295742293326973e-06,5.965295754681399820e-06,5.965295692351623199e-06
4.999960937805173703e-04,0.000000000000000000e+00,8.411077785617460611e-05,6.677141597626615665e-05,0.000000000000000000e+00,6.227579371627219897e-03,8.289589534433365508e-06,8.289589466321487879e-06,8.289589476943086220e-06,8.289589413835577500e-06
5.049960547183224985e-04,0.000000000000000000e+00,8.561504964640723745e-05,6.649528626898862285e-05,0.000000000000000000e+00,6.227579387095299839e-03,7.940990306169877603e-06,7.940990237602170887e-06,7.940990244934494654e-06,7.940990181321403826e-06
5.099960156561277351e-04,0.000000000000000000e+00,8.699498353048459507e-05,6.621940180787909424e-05,0.000000000000000000e+00,6.227579404481944046e-03,5.802516502522049981e-06,5.802516433763499966e-06,5.802516442998857738e-06,5.802516379163881547e-06
5.149959765939328632e-04,0.000000000000000000e+00,8.814382963415811159e-05,6.594376259293762506e-05,0.000000000000000000e+00,6.227579385019965143e-03,3.028123788986435263e-06,3.028123720303316921e-06,3.028123727128227719e-06,3.028123663380309997e-06
5.199959375317379914e-04,0.000000000000000000e+00,8.902109734157542006e-05,6.566836862416412042e-05,0.000000000000000000e+00,6.227579328359712264e-03,7.178135304033066782e-07,7.178134620109722053e-07,7.178134645723695563e-07,7.178134012287902122e-07
5.249958984695432280e-04,0.000000000000000000e+00,8.963573612248172803e-05,6.539321990155866164e-05,0.000000000000000000e+00,6.227579311703318986e-03,2.367494409425343297e-07,2.367493729639110771e-07,2.367493742376675764e-07,2.367493115834239735e-07
5.299958594073483562e-04,0.000000000000000000e+00,9.001172220344494487e-05,6.511831642512120807e-05,0.000000000000000000e+00,6.227579350207073858e-03,2.509219334372318505e-06,2.509219266860218130e-06,2.509219265341692190e-06,2.509219203605369722e-06
5.349958203451535927e-04,0.000000000000000000e+00,9.017011918692021994e-05,6.484365819485177326e-05,0.000000000000000000e+00,6.227579366442282348e-03,7.184571813825197210e-06,7.184571746817678596e-06,7.184571741442389725e-06,7.184571680795105141e-06
5.399957812829587209e-04,0.000000000000000000e+00,9.013641273427213947e-05,6.456924521075035721e-05,0.000000000000000000e+00,6.227579316081368124e-03,1.317575102876658339e-05,1.317575096229153255e-05,1.317575095453702724e-05,1.317575089508517041e-05
5.449957422207639575e-04,0.000000000000000000e+00,8.994416915363438237e-05,6.429507747281694636e-05,0.000000000000000000e+00,6.227579270282344696e-03,1.946911482087377595e-05,1.946911475490027026e-05,1.946911474694717638e-05,1.946911468870189088e-05
5.499957031585690857e-04,0.000000000000000000e+00,8.961776311920021569e-05,6.402115498105159493e-05,0.000000000000000000e+00,6.227579293264447029e-03,2.505542679971845777e-05,2.505542673412978965e-05,2.505542672117472904e-05,2.505542666403422523e-05
5.549956640963742138e-04,0.000000000000000000e+00,8.916061883426409907e-05,6.374747773545419449e-05,0.000000000000000000e+00,6.227579346319218542e-03,2.894257852411805110e-05,2.894257845874105312e-05,2.894257844246188286e-05,2.894257838624632548e-05
5.599956250341794504e-04,0.000000000000000000e+00,8.857711693165489951e-05,6.347404573602486702e-05,0.000000000000000000e+00,6.227579361478730209e-03,3.034868206928997212e-05,3.034868200393344524e-05,3.034868198143807297e-05,3.034868192595031679e-05
5.649955859719845786e-04,0.000000000000000000e+00,8.789776173247196875e-05,6.320085898276351765e-05,0.000000000000000000e+00,6.227579337266885007e-03,2.868155164096933591e-05,2.868155157542260947e-05,2.868155155360190234e-05,2.868155149865327246e-05
5.699955469097898152e-04,0.000000000000000000e+00,8.719039132494855733e-05,6.292791747567020059e-05,0.000000000000000000e+00,6.227579291651613030e-03,2.390296839797811904e-05,2.390296833198341382e-05,2.390296831181914060e-05,2.390296825721754012e-05
5.749955078475949433e-04,0.000000000000000000e+00,8.653841708023927309e-05,6.265522121474492940e-05,0.000000000000000000e+00,6.227579252506543900e-03,1.681161861128970472e-05,1.681161854454409123e-05,1.681161852344929472e-05,1.681161846898712942e-05
5.799954687854000715e-04,0.000000000000000000e+00,8.600654523787903244e-05,6.238277019998759564e-05,0.000000000000000000e+00,6.227579270918040186e-03,8.875072157731901329e-06,8.875072089943839313e-06,8.875072064005005374e-06,8.875072009459243004e-06
5.849954297232053081e-04,0.000000000000000000e+00,8.562403862905854850e-05,6.211056443139836196e-05,0.000000000000000000e+00,6.227579364177447327e-03,2.155446799922437279e-06,2.155446730872925518e-06,2.155446706634257804e-06,2.155446651781998680e-06
5.899953906610104363e-04,0.000000000000000000e+00,8.537348368741886359e-05,6.183860390897709283e-05,0.000000000000000000e+00,6.227579458232580800e-03,-1.284245105528935819e-06,-1.284245175974855932e-06,-1.284245201847636337e-06,-1.284245257192215786e-06
5.949953515988156728e-04,0.000000000000000000e+00,8.517522936972669997e-05,6.156688863272384246e-05,0.000000000000000000e+00,6.227579479829659093e-03,-4.506729624895035656e-07,-4.506730344122239289e-07,-4.506730643085096178e-07,-4.506731202560996574e-07
5.999953125366208010e-04,0.000000000000000000e+00,8.490694477001821687e-05,6.129541860263865150e-05,0.000000000000000000e+00,6.227579456670340879e-03,3.808661659245890696e-06,3.808661585804952713e-06,3.808661563791967406e-06,3.808661507202255242e-06
6.049952734744260376e-04,0.000000000000000000e+00,8.447722068797329173e-05,6.102419381872142509e-05,0.000000000000000000e+00,6.227579429351145363e-03,9.167438946286928308e-06,9.167438871342676251e-06,9.167438848759583561e-06,9.167438791523842756e-06
6.099952344122311658e-04,0.000000000000000000e+00,8.389170391981109890e-05,6.075321428097223776e-05,0.000000000000000000e+00,6.227579361138275982e-03,1.307062881738850488e-05,1.307062874104255390e-05,1.307062871095603509e-05,1.307062865309355598e-05
6.149951953500362939e-04,0.000000000000000000e+00,8.324636854768555636e-05,6.048247998939106920e-05,0.000000000000000000e+00,6.227579282244791355e-03,1.370081631015571287e-05,1.370081623261642969e-05,1.370081619934901926e-05,1.370081614093552488e-05
6.199951562878415305e-04,0.000000000000000000e+00,8.264674602652234497e-05,6.021199094397791939e-05,0.000000000000000000e+00,6.227579269174194666e-03,1.087908900511957266e-05,1.087908892667817228e-05,1.087908889745204244e-05,1.087908883866668704e-05
6.249951172256466587e-04,0.000000000000000000e+00,8.212989849347416041e-05,5.994174714473277479e-05,0.000000000000000000e+00,6.227579284106267606e-03,6.221839909356678070e-06,6.221839830324038534e-06,6.221839806660089451e-06,6.221839747791890846e-06
6.299950781634518953e-04,0.000000000000000000e+00,8.166170135973522528e-05,5.967174859165565572e-05,0.000000000000000000e+00,6.227579261899427072e-03,1.617087635718971816e-06,1.617087556382867480e-06,1.617087530720248655e-06,1.617087472128445371e-06
6.349950391012570234e-04,0.000000000000000000e+00,8.120309651635025216e-05,5.940199528474654863e-05,0.000000000000000000e+00,6.227579222153389014e-03,-2.162370003606209586e-06,-2.162370082957641831e-06,-2.162370117038595646e-06,-2.162370174966330181e-06
6.399950000390622600e-04,0.000000000000000000e+00,8.075743363409189053e-05,5.913248722400546030e-05,0.000000000000000000e+00,6.227579217488397531e-03,-5.278025959810257265e-06,-5.278026038842463120e-06,-5.278026067031370627e-06,-5.278026123889155167e-06
6.449949609768673882e-04,0.000000000000000000e+00,8.035402111499437966e-05,5.886322440943239073e-05,0.000000000000000000e+00,6.227579259647885238e-03,-8.035640680497236246e-06,-8.035640758836135470e-06,-8.035640782308799102e-06,-8.035640837670388032e-06
6.499949219146725164e-04,0.000000000000000000e+00,8.001465028972836640e-05,5.859420684102733314e-05,0.000000000000000000e+00,6.227579331559036750e-03,-1.007092675442950316e-05,-1.007092683171784775e-05,-1.007092686195484026e-05,-1.007092691540047794e-05
6.549948828524777529e-04,0.000000000000000000e+00,7.974660304077559145e-05,5.832543451879028753e-05,0.000000000000000000e+00,6.227579375220324009e-03,-1.060617055989392281e-05,-1.060617063582302346e-05,-1.060617067131808819e-05,-1.060617072248658959e-05
6.599948437902828811e-04,0.000000000000000000e+00,7.953152842213086226e-05,5.805690744272126068e-05,0.000000000000000000e+00,6.227579373604996346e-03,-9.373785395548898104e-06,-9.373785469842727113e-06,-9.373785510400102890e-06,-9.373785559022609600e-06
6.649948047280881177e-04,0.000000000000000000e+00,7.930594329870649416e-05,5.778862561282025937e-05,0.000000000000000000e+00,6.227579377767710790e-03,-6.976721243937348394e-06,-6.976721316343882965e-06,-6.976721355147359287e-06,-6.976721401042528327e-06
6.699947656658932459e-04,0.000000000000000000e+00,7.898123168506624131e-05,5.752058902908727003e-05,0.000000000000000000e+00,6.227579381625562328e-03,-4.710037833167709270e-06,-4.710037903494483188e-06,-4.710037942914203084e-06,-4.710037985973841242e-06
6.749947266036983740e-04,0.000000000000000000e+00,7.849424185184340004e-05,5.725279769152229946e-05,0.000000000000000000e+00,6.227579403434178006e-03,-3.791931263582085353e-06,-3.791931331754478404e-06,-3.791931371435042519e-06,-3.791931411618946222e-06
6.799946875415036106e-04,0.000000000000000000e+00,7.783727779199771813e-05,5.698525160012533409e-05,0.000000000000000000e+00,6.227579444408356049e-03,-4.581574606613089114e-06,-4.581574672698331996e-06,-4.581574714555312117e-06,-4.581574751902312745e-06
6.849946484793087388e-04,0.000000000000000000e+00,7.705420573592041745e-05,5.671795075489639425e-05,0.000000000000000000e+00,6.227579424360787409e-03,-6.654334577763660695e-06,-6.654334641937041795e-06,-6.654334683877571553e-06,-6.654334718526860335e-06
6.899946094171139754e-04,0.000000000000000000e+00,7.620367775380688219e-05,5.645089515583546640e-05,0.000000000000000000e+00,6.227579333365336652e-03,-9.384987115457956716e-06,-9.384987177952240688e-06,-9.384987222974108595e-06,-9.384987255173537536e-06
6.949945703549191035e-04,0.000000000000000000e+00,7.531954022724771710e-05,5.618408480294255730e-05,0.000000000000000000e+00,6.227579242230275348e-03,-1.268556630583971733e-05,-1.268556636693751163e-05,-1.268556641409947266e-05,-1.268556644417220515e-05
6.999945312927243401e-04,0.000000000000000000e+00,7.440150896912867844e-05,5.591751969621766696e-05,0.000000000000000000e+00,6.227579213579079349e-03,-1.722856841869456796e-05,-1.722856847875620380e-05,-1.722856852282927284e-05,-1.722856855112937205e-05
7.049944922305294683e-04,0.000000000000000000e+00,7.345871290912771431e-05,5.565119983566079538e-05,0.000000000000000000e+00,6.227579241486549087e-03,-2.358243020077653779e-05,-2.358243026024458989e-05,-2.358243030568026388e-05,-2.358243033259323823e-05
7.099944531683345965e-04,0.000000000000000000e+00,7.257726881297550713e-05,5.538512522127192901e-05,0.000000000000000000e+00,6.227579271649777773e-03,-3.121545539094014530e-05,-3.121545545028713605e-05,-3.121545549855424468e-05,-3.121545552452450524e-05
7.149944141061398330e-04,0.000000000000000000e+00,7.192177129565153809e-05,5.511929585305108139e-05,0.000000000000000000e+00,6.227579292477996263e-03,-3.894133104986151345e-05,-3.894133110950852327e-05,-3.894133115331407219e-05,-3.894133117882634542e-05
7.199943750439449612e-04,0.000000000000000000e+00,7.165305653066980716e-05,5.485371173099825930e-05,0.000000000000000000e+00,6.227579314387820045e-03,-4.593450220286091214e-05,-4.593450226312290177e-05,-4.593450230019865873e-05,-4.593450232570726600e-05
7.249943359817501978e-04,0.000000000000000000e+00,7.185217833091171280e-05,5.458837285511344920e-05,0.000000000000000000e+00,6.227579356921170151e-03,-5.172379021132068704e-05,-5.172379027242100889e-05,-5.172379030988638745e-05,-5.172379033575959836e-05
7.299942969195553260e-04,0.000000000000000000e+00,7.251219216646318877e-05,5.432327922539665786e-05,0.000000000000000000e+00,6.227579405904733016e-03,-5.561640390917646119e-05,-5.561640397130224856e-05,-5.561640400758868601e-05,-5.561640403411102909e-05
7.349942578573604541e-04,0.000000000000000000e+00,7.356979027917903810e-05,5.405843084184787850e-05,0.000000000000000000e+00,6.227579404066024144e-03,-5.704185021934943760e-05,-5.704185028265966164e-05,-5.704185031870904506e-05,-5.704185034610106058e-05
7.399942187951656907e-04,0.000000000000000000e+00,7.493288493854492153e-05,5.379382770446711112e-05,0.000000000000000000e+00,6.227579356950406313e-03,-5.605805586606672092e-05,-5.605805593062017248e-05,-5.605805595625160630e-05,-5.605805598465105570e-05
7.449941797329708189e-04,0.000000000000000000e+00,7.649742567744139852e-05,5.352946981325436249e-05,0.000000000000000000e+00,6.227579341907424695e-03,-5.346534507798324801e-05,-5.346534514367370239e-05,-5.346534516684367880e-05,-5.346534519625534612e-05
7.499941406707760555e-04,0.000000000000000000e+00,7.815396059654242274e-05,5.326535716820963263e-05,0.000000000000000000e+00,6.227579384191466415e-03,-5.039261345402060833e-05,-5.039261352061208215e-05,-5.039261354327564805e-05,-5.039261357355067234e-05
7.549941016085811836e-04,0.000000000000000000e+00,7.980977762918311364e-05,5.300148976933292830e-05,0.000000000000000000e+00,6.227579408805113473e-03,-4.793166627432955760e-05,-4.793166634154628404e-05,-4.793166635786591875e-05,-4.793166638873342565e-05
7.599940625463864202e-04,0.000000000000000000e+00,8.142806388252620204e-05,5.273786761662423595e-05,0.000000000000000000e+00,6.227579378870469300e-03,-4.722472163442297422e-05,-4.722472170197696884e-05,-4.722472171722197625e-05,-4.722472174834263758e-05
7.649940234841915484e-04,0.000000000000000000e+00,8.303811530407011145e-05,5.247449071008354881e-05,0.000000000000000000e+00,6.227579339326936789e-03,-4.924025430522033095e-05,-4.924025437276213508e-05,-4.924025438724251568e-05,-4.924025441823280170e-05
7.699939844219966766e-04,0.000000000000000000e+00,8.467261195495295748e-05,5.221135904971088042e-05,0.000000000000000000e+00,6.227579319837952578e-03,-5.369359177376673768e-05,-5.369359184085487774e-05,-5.369359185231424418e-05,-5.369359188274462109e-05
7.749939453598019131e-04,0.000000000000000000e+00,8.630422682442128476e-05,5.194847263550623757e-05,0.000000000000000000e+00,6.227579312678431338e-03,-5.858150385870119505e-05,-5.858150392483655179e-05,-5.858150393013789384e-05,-5.858150395954642376e-05
7.799939062976070413e-04,0.000000000000000000e+00,8.785096824286748229e-05,5.168583146746960670e-05,0.000000000000000000e+00,6.227579303196951500e-03,-6.115830632472827797e-05,-6.115830638941097998e-05,-6.115830639388153856e-05,-6.115830642181180625e-05
7.849938672354122779e-04,0.000000000000000000e+00,8.923525585422872203e-05,5.142343554560099459e-05,0.000000000000000000e+00,6.227579303341090541e-03,-5.986880528853318675e-05,-5.986880535128869229e-05,-5.986880534925155095e-05,-5.986880537529457502e-05
7.899938281732174061e-04,0.000000000000000000e+00,9.042424625045989708e-05,5.116128486990040124e-05,0.000000000000000000e+00,6.227579351223489108e-03,-5.528823733715898270e-05,-5.528823739753504395e-05,-5.528823739838034895e-05,-5.528823742220847674e-05
7.949937891110225342e-04,0.000000000000000000e+00,9.142685710158450496e-05,5.089937944036781309e-05,0.000000000000000000e+00,6.227579398449045907e-03,-4.909070960069511085e-05,-4.909070965827489272e-05,-4.909070966212053072e-05,-4.909070968349088737e-05
7.999937500488277708e-04,0.000000000000000000e+00,9.227144851026146692e-05,5.063771925700324370e-05,0.000000000000000000e+00,6.227579366589064240e-03,-4.271373431562253185e-05,-4.271373437007058897e-05,-4.271373437168144913e-05,-4.271373439039322008e-05
8.049937109866328990e-04,0.000000000000000000e+00,9.300646309544347273e-05,5.037630431980669307e-05,0.000000000000000000e+00,6.227579299070454613e-03,-3.718297524639339153e-05,-3.718297529749976815e-05,-3.718297529547734485e-05,-3.718297531133208045e-05
8.099936719244381356e-04,0.000000000000000000e+00,9.372032003417077198e-05,5.011513462877816797e-05,0.000000000000000000e+00,6.227579293214029893e-03,-3.310373172116826704e-05,-3.310373176884792782e-05,-3.310373176798999865e-05,-3.310373178083176351e-05
8.149936328622432637e-04,0.000000000000000000e+00,9.452486002167138283e-05,4.985421018391765485e-05,0.000000000000000000e+00,6.227579329786033131e-03,-3.056173612775423313e-05,-3.056173617200400679e-05,-3.056173617616683491e-05,-3.056173618597455487e-05
8.199935938000485003e-04,0.000000000000000000e+00,9.550466293763565362e-05,4.959353098522515372e-05,0.000000000000000000e+00,6.227579341946565261e-03,-2.912303161583602968e-05,-2.912303165669221326e-05,-2.912303165810155750e-05,-2.912303166501346494e-05
8.249935547378536285e-04,0.000000000000000000e+00,9.668014504644511294e-05,4.933309703270066457e-05,0.000000000000000000e+00,6.227579342724435217e-03,-2.823745047529475251e-05,-2.823745051282777174e-05,-2.823745051137812568e-05,-2.823745051561063750e-05
8.299935156756587567e-04,0.000000000000000000e+00,9.799887460459999846e-05,4.907290832634419417e-05,0.000000000000000000e+00,6.227579335819482913e-03,-2.778238411497803076e-05,-2.778238414932518628e-05,-2.778238414656146685e-05,-2.778238414833141673e-05
8.349934766134639932e-04,0.000000000000000000e+00,9.936114708698878784e-05,4.881296486615574253e-05,0.000000000000000000e+00,6.227579319659245702e-03,-2.788334011293011941e-05,-2.788334014432664582e-05,-2.788334014465993974e-05,-2.788334014420345674e-05
8.399934375512691214e-04,0.000000000000000000e+00,1.006635548389508202e-04,4.855326665213530966e-05,0.000000000000000000e+00,6.227579326687773635e-03,-2.786755353913335933e-05,-2.786755356788749193e-05,-2.786755357130966089e-05,-2.786755356894268830e-05
8.449933984890743580e-04,0.000000000000000000e+00,1.018377292338515209e-04,4.829381368428290231e-05,0.000000000000000000e+00,6.227579364228511515e-03,-2.636572334453667226e-05,-2.636572337094447276e-05,-2.636572337356011728e-05,-2.636572336967161941e-05
8.499933594268794862e-04,0.000000000000000000e+00,1.028746770599377961e-04,4.803460596259849340e-05,0.000000000000000000e+00,6.227579382374676641e-03,-2.267623351113589792e-05,-2.267623353542713249e-05,-2.267623353003596430e-05,-2.267623352500144440e-05
8.549933203646846143e-04,0.000000000000000000e+00,1.038314451737382073e-04,4.777564348708210324e-05,0.000000000000000000e+00,6.227579344630120896e-03,-1.733848945916670125e-05,-1.733848948154907932e-05,-1.733848947473226658e-05,-1.733848946883436939e-05
8.599932813024898509e-04,0.000000000000000000e+00,1.048079735001939376e-04,4.751692625773373184e-05,0.000000000000000000e+00,6.227579290929430300e-03,-1.151169739822049911e-05,-1.151169741895380229e-05,-1.151169741436281256e-05,-1.151169740778762444e-05
8.649932422402949791e-04,0.000000000000000000e+00,1.058882068441281698e-04,4.725845427455338597e-05,0.000000000000000000e+00,6.227579287989797388e-03,-6.572705671200850687e-06,-6.572705690570837394e-06,-6.572705685290087564e-06,-6.572705678160346973e-06
8.699932031781002157e-04,0.000000000000000000e+00,1.070776336106808003e-04,4.700022753754105209e-05,0.000000000000000000e+00,6.227579336593148766e-03,-3.607939483949728046e-06,-3.607939502162660971e-06,-3.607939494372348183e-06,-3.607939486732968196e-06
8.749931641159053438e-04,0.000000000000000000e+00,1.082937726018696621e-04,4.674224604669673019e-05,0.000000000000000000e+00,6.227579355943432295e-03,-2.641228004748411372e-06,-2.641228021872896796e-06,-2.641228013937929415e-06,-2.641228005702238234e-06
8.799931250537105804e-04,0.000000000000000000e+00,1.094189947767487561e-04,4.648450980202042704e-05,0.000000000000000000e+00,6.227579320422014023e-03,-2.619569244842975350e-06,-2.619569260843495486e-06,-2.619569255501189654e-06,-2.619569246440559533e-06
8.849930859915157086e-04,0.000000000000000000e+00,1.103668580502189373e-04,4.622701880351213588e-05,0.000000000000000000e+00,6.227579294297284906e-03,-2.526668058966281901e-06,-2.526668073746530798e-06,-2.526668069928711477e-06,-2.526668059734712308e-06
8.899930469293208368e-04,0.000000000000000000e+00,1.110892255488753053e-04,4.596977305117186347e-05,0.000000000000000000e+00,6.227579314775873350e-03,-2.291381118697413154e-06,-2.291381132075873345e-06,-2.291381125228587748e-06,-2.291381113585734912e-06
8.949930078671260733e-04,0.000000000000000000e+00,1.115126833504840535e-04,4.571277254499960983e-05,0.000000000000000000e+00,6.227579347726601433e-03,-2.274302507296458003e-06,-2.274302518946779552e-06,-2.274302505329669522e-06,-2.274302491935610372e-06
8.999929688049312015e-04,0.000000000000000000e+00,1.115030178088957354e-04,4.545601728499538171e-05,0.000000000000000000e+00,6.227579362358550731e-03,-2.473394488187029768e-06,-2.473394497626598713e-06,-2.473394482995769392e-06,-2.473394467526659092e-06
9.049929297427364381e-04,0.000000000000000000e+00,1.109209854687956393e-04,4.519950727115915881e-05,0.000000000000000000e+00,6.227579365181035165e-03,-2.702780414997630832e-06,-2.702780421668221967e-06,-2.702780410563836869e-06,-2.702780392623928074e-06
9.099928906805415663e-04,0.000000000000000000e+00,1.097072056789946811e-04,4.494324250349094788e-05,0.000000000000000000e+00,6.227579350799014417e-03,-2.819602933873159276e-06,-2.819602937254594422e-06,-2.819602930016470883e-06,-2.819602909134779393e-06
9.149928516183466944e-04,0.000000000000000000e+00,1.079187702606164716e-04,4.468722298199075571e-05,0.000000000000000000e+00,6.227579344918246322e-03,-2.536462856814136861e-06,-2.536462856474657914e-06,-2.536462854348816128e-06,-2.536462830057539198e-06
9.199928125561519310e-04,0.000000000000000000e+00,1.056997924155875799e-04,4.443144870665858908e-05,0.000000000000000000e+00,6.227579366708511227e-03,-1.381351688104247839e-06,-1.381351683668700518e-06,-1.381351678643516834e-06,-1.381351650573568328e-06
9.249927734939570592e-04,0.000000000000000000e+00,1.032118224996904246e-04,4.417591967749443443e-05,0.000000000000000000e+00,6.227579364937579735e-03,9.027984720504361800e-07,9.027984809306550601e-07,9.027984892600667317e-07,9.027985213755453906e-07
9.299927344317622958e-04,0.000000000000000000e+00,1.005771679559991615e-04,4.392063589449829854e-05,0.000000000000000000e+00,6.227579336311030687e-03,4.163852730851320955e-06,4.163852744467760982e-06,4.163852747298185103e-06,4.163852783694243016e-06
9.349926953695674239e-04,0.000000000000000000e+00,9.788146043510319164e-05,4.366559735767017462e-05,0.000000000000000000e+00,6.227579326111179307e-03,8.161884254954255883e-06,8.161884273478888462e-06,8.161884270930252721e-06,8.161884311821589872e-06
9.399926563073726605e-04,0.000000000000000000e+00,9.522226341170929190e-05,4.341080406701006269e-05,0.000000000000000000e+00,6.227579354087632059e-03,1.268649759076745202e-05,1.268649761422337659e-05,1.268649760080382852e-05,1.268649764629071074e-05
9.449926172451777887e-04,0.000000000000000000e+00,9.271706972251821859e-05,4.315625602251796952e-05,0.000000000000000000e+00,6.227579390326950029e-03,1.723185360818914287e-05,1.723185363649316215e-05,1.723185362126322854e-05,1.723185367123461489e-05
9.499925781829829169e-04,0.000000000000000000e+00,9.045505968391295013e-05,4.290195322419389511e-05,0.000000000000000000e+00,6.227579393727897955e-03,2.111095799071482153e-05,2.111095802375254543e-05,2.111095801455975106e-05,2.111095806869964066e-05
9.549925391207881534e-04,0.000000000000000000e+00,8.844739852039564074e-05,4.264789567203784623e-05,0.000000000000000000e+00,6.227579390723314394e-03,2.384446634613918937e-05,2.384446638378006299e-05,2.384446637043547226e-05,2.384446642831681819e-05
9.599925000585932816e-04,0.000000000000000000e+00,8.663354291604753645e-05,4.239408336604980255e-05,0.000000000000000000e+00,6.227579383459489436e-03,2.560435725395897075e-05,2.560435729598902342e-05,2.560435728128609338e-05,2.560435734245501135e-05
9.649924609963985182e-04,0.000000000000000000e+00,8.492223210584689630e-05,4.214051630622977086e-05,0.000000000000000000e+00,6.227579357848097089e-03,2.741896509694937908e-05,2.741896514302674152e-05,2.741896512686881556e-05,2.741896519085493123e-05
9.699924219342036464e-04,0.000000000000000000e+00,8.323629756137770593e-05,4.188719449257776470e-05,0.000000000000000000e+00,6.227579327351844864e-03,3.068022666915813835e-05,3.068022671886929585e-05,3.068022670028788666e-05,3.068022676658907889e-05
9.749923828720088829e-04,0.000000000000000000e+00,8.153444395530258320e-05,4.163411792509377052e-05,0.000000000000000000e+00,6.227579306114473627e-03,3.587565214688454051e-05,3.587565219982572602e-05,3.587565218058697182e-05,3.587565224870563926e-05
9.799923438098140111e-04,0.000000000000000000e+00,7.980318735780686241e-05,4.138128660377779510e-05,0.000000000000000000e+00,6.227579302765871849e-03,4.171998703430103097e-05,4.171998709008340893e-05,4.171998707309923960e-05,4.171998714262298562e-05
9.849923047476191393e-04,0.000000000000000000e+00,7.805010381298935977e-05,4.112870052862983844e-05,0.000000000000000000e+00,6.227579320429698848e-03,4.630752535762703269e-05,4.630752541583359183e-05,4.630752539632954014e-05,4.630752546698023979e-05
9.899922656854242674e-04,0.000000000000000000e+00,7.631264933833318144e-05,4.087635969964990054e-05,0.000000000000000000e+00,6.227579319467135485e-03,4.897628633717794692e-05,4.897628639737525033e-05,4.897628637687694459e-05,4.897628644848914183e-05
9.949922266232296125e-04,0.000000000000000000e+00,7.464332295038832513e-05,4.062426411683796784e-05,0.000000000000000000e+00,6.227579297471071661e-03,5.047533687333636231e-05,5.047533693515324693e-05,5.047533692074977014e-05,5.047533699322292555e-05
9.999921875610347406e-04,0.000000000000000000e+00,7.308300743053010014e-05,4.037241378019405390e-05,0.000000000000000000e+00,6.227579281559864413e-03,5.211708719146863379e-05,5.211708725466243484e-05,5.211708723877591179e-05,5.211708731206255764e-05
1.004992148498839869e-03,0.000000000000000000e+00,7.166541375337270826e-05,4.012080868971815872e-05,0.000000000000000000e+00,6.227579273854638199e-03,5.496889343594021997e-05,5.496889350039733339e-05,5.496889348155393351e-05,5.496889355569911163e-05
1.009992109436644997e-03,0.000000000000000000e+00,7.043844408623041388e-05,3.986944884541028907e-05,0.000000000000000000e+00,6.227579287250920546e-03,5.906182330611468541e-05,5.906182337181736417e-05,5.906182335572276239e-05,5.906182343090626738e-05
1.014992070374450125e-03,0.000000000000000000e+00,6.945701888312231587e-05,3.961833424727043140e-05,0.000000000000000000e+00,6.227579342588382590e-03,6.336360631884147086e-05,6.336360638584771299e-05,6.336360637420027813e-05,6.336360645071548831e-05
1.019992031312255470e-03,0.000000000000000000e+00,6.873612098188168560e-05,3.936746489529857894e-05,0.000000000000000000e+00,6.227579391377669436e-03,6.667647321379259701e-05,6.667647328224410774e-05,6.667647327107830259e-05,6.667647334924135100e-05
1.024991992250060598e-03,0.000000000000000000e+00,6.820283129870552690e-05,3.911684078949475202e-05,0.000000000000000000e+00,6.227579373105228584e-03,6.806019351497523916e-05,6.806019358511654674e-05,6.806019357735105710e-05,6.806019365743466124e-05
1.029991953187865726e-03,0.000000000000000000e+00,6.771904909903694956e-05,3.886646192985893707e-05,0.000000000000000000e+00,6.227579315414889967e-03,6.678388912464684702e-05,6.678388919681074731e-05,6.678388918491569423e-05,6.678388926720815700e-05
1.034991914125670855e-03,0.000000000000000000e+00,6.715677164912056967e-05,3.861632831639114088e-05,0.000000000000000000e+00,6.227579261872422632e-03,6.283866430474872584e-05,6.283866437928755744e-05,6.283866436705213263e-05,6.283866445197198319e-05
1.039991875063475983e-03,0.000000000000000000e+00,6.647051968810325270e-05,3.836643994909136345e-05,0.000000000000000000e+00,6.227579238265312442e-03,5.731634821540747504e-05,5.731634829261665593e-05,5.731634827847126670e-05,5.731634836655100416e-05
1.044991836001281328e-03,0.000000000000000000e+00,6.571327504759299045e-05,3.811679682795960478e-05,0.000000000000000000e+00,6.227579234359880041e-03,5.147669161114864730e-05,5.147669169124561423e-05,5.147669168081342770e-05,5.147669177253315034e-05
1.049991796939086456e-03,0.000000000000000000e+00,6.499944657003067523e-05,3.786739895299585132e-05,0.000000000000000000e+00,6.227579261335120658e-03,4.564924597665530011e-05,4.564924605983111661e-05,4.564924604803504441e-05,4.564924614369593681e-05
1.054991757876891584e-03,0.000000000000000000e+00,6.445146306970145008e-05,3.761824632420011661e-05,0.000000000000000000e+00,6.227579344300955382e-03,3.950440541054259306e-05,3.950440549702723196e-05,3.950440548164171873e-05,3.950440558140493399e-05
1.059991718814696712e-03,0.000000000000000000e+00,6.414715911171748870e-05,3.736933894157240744e-05,0.000000000000000000e+00,6.227579413528461921e-03,3.307036109097861727e-05,3.307036118102132987e-05,3.307036117026604431e-05,3.307036127425370427e-05
1.064991679752502057e-03,0.000000000000000000e+00,6.406937424967825768e-05,3.712067680511271024e-05,0.000000000000000000e+00,6.227579401744440246e-03,2.718724092845957186e-05,2.718724102221524661e-05,2.718724100494616588e-05,2.718724111324068344e-05
1.069991640690307185e-03,0.000000000000000000e+00,6.409809368032099624e-05,3.687225991482103181e-05,0.000000000000000000e+00,6.227579344573814374e-03,2.302804022971209947e-05,2.302804032716504253e-05,2.302804030626906160e-05,2.302804041879759193e-05
1.074991601628112314e-03,0.000000000000000000e+00,6.406549224889082281e-05,3.662408827069736536e-05,0.000000000000000000e+00,6.227579333728026564e-03,2.133556487896566011e-05,2.133556497997425436e-05,2.133556495503125504e-05,2.133556507148796842e-05
1.079991562565917442e-03,0.000000000000000000e+00,6.383773602733675391e-05,3.637616187274171766e-05,0.000000000000000000e+00,6.227579401925558387e-03,2.139516080054518920e-05,2.139516090491756136e-05,2.139516088310864831e-05,2.139516100300713439e-05
1.084991523503722570e-03,0.000000000000000000e+00,6.337171126852225668e-05,3.612848072095408195e-05,0.000000000000000000e+00,6.227579472519748603e-03,2.136311639013096741e-05,2.136311649760011912e-05,2.136311647796593268e-05,2.136311660075301456e-05
1.089991484441527915e-03,0.000000000000000000e+00,6.271621872025586950e-05,3.588104481533446500e-05,0.000000000000000000e+00,6.227579494107362244e-03,2.010355397456697443e-05,2.010355408470852864e-05,2.010355406093999471e-05,2.010355418603219883e-05
1.094991445379333043e-03,0.000000000000000000e+00,6.198734144705437480e-05,3.563385415588286680e-05,0.000000000000000000e+00,6.227579459318511625e-03,1.799160148564186296e-05,1.799160159787429429e-05,1.799160157325486155e-05,1.799160169998247961e-05
1.099991406317138171e-03,0.000000000000000000e+00,6.132187219584806111e-05,3.538690874259929414e-05,0.000000000000000000e+00,6.227579374763291160e-03,1.626240483205860038e-05,1.626240494572905648e-05,1.626240492032530172e-05,1.626240504789353223e-05
1.104991367254943299e-03,0.000000000000000000e+00,6.081366659341208960e-05,3.514020857548371990e-05,0.000000000000000000e+00,6.227579316793708901e-03,1.646847550705373423e-05,1.646847562149278464e-05,1.646847560092518144e-05,1.646847572847247667e-05
1.109991328192748428e-03,0.000000000000000000e+00,6.047857833902059400e-05,3.489375365453616443e-05,0.000000000000000000e+00,6.227579323621401826e-03,1.966210079829009343e-05,1.966210091279753329e-05,1.966210090136035572e-05,1.966210102806493449e-05
1.114991289130553773e-03,0.000000000000000000e+00,6.027405324526953435e-05,3.464754397975663449e-05,0.000000000000000000e+00,6.227579348961822560e-03,2.540189098309853519e-05,2.540189109694021054e-05,2.540189107984875601e-05,2.540189120499549211e-05
1.119991250068358901e-03,0.000000000000000000e+00,6.013986708682536266e-05,3.440157955114511653e-05,0.000000000000000000e+00,6.227579334062403188e-03,3.222301520110454847e-05,3.222301531357010698e-05,3.222301529063097754e-05,3.222301541360401365e-05
1.124991211006164029e-03,0.000000000000000000e+00,6.001222945117179491e-05,3.415586036870161732e-05,0.000000000000000000e+00,6.227579270454627891e-03,3.926391952052197382e-05,3.926391963100962231e-05,3.926391961759748578e-05,3.926391973782692796e-05
1.129991171943969157e-03,0.000000000000000000e+00,5.980775627667230741e-05,3.391038643242613010e-05,0.000000000000000000e+00,6.227579218860889061e-03,4.669942293604515516e-05,4.669942304410397394e-05,4.669942303509241752e-05,4.669942315204523810e-05
1.134991132881774285e-03,0.000000000000000000e+00,5.942750037532338871e-05,3.366515774231866164e-05,0.000000000000000000e+00,6.227579210902244033e-03,5.467688553426150211e-05,5.467688563956791105e-05,5.467688563428825982e-05,5.467688574756224691e-05
1.139991093819579630e-03,0.000000000000000000e+00,5.878059019718566202e-05,3.342017429837920516e-05,0.000000000000000000e+00,6.227579239039758921e-03,6.251560661117571305e-05,6.251560671348639685e-05,6.251560670995975823e-05,6.251560681940309641e-05
1.144991054757384758e-03,0.000000000000000000e+00,5.780305299988081264e-05,3.317543610060776744e-05,0.000000000000000000e+00,6.227579303883904599e-03,6.879668203547583598e-05,6.879668213461377830e-05,6.879668213387389163e-05,6.879668223958138084e-05
1.149991015695189887e-03,0.000000000000000000e+00,5.648535742982578015e-05,3.293094314900435525e-05,0.000000000000000000e+00,6.227579366902197440e-03,7.203081643966205189e-05,7.203081653554717085e-05,7.203081653822551614e-05,7.203081664041245181e-05
1.154990976632995015e-03,0.000000000000000000e+00,5.491263781084039622e-05,3.268669544356895504e-05,0.000000000000000000e+00,6.227579383303287128e-03,7.147416163959384070e-05,7.147416173227900472e-05,7.147416174161035334e-05,7.147416184053709308e-05
1.159990937570800143e-03,0.000000000000000000e+00,5.326495164571562994e-05,3.244269298430156004e-05,0.000000000000000000e+00,6.227579365465250524e-03,6.749421950721081690e-05,6.749421959689492286e-05,6.749421961531413541e-05,6.749421971133904869e-05
1.164990898508605488e-03,0.000000000000000000e+00,5.176625496942146985e-05,3.219893577120219058e-05,0.000000000000000000e+00,6.227579360076712818e-03,6.139873382313575827e-05,6.139873391013071758e-05,6.139873392785514627e-05,6.139873402149106073e-05
1.169990859446410616e-03,0.000000000000000000e+00,5.061886774283127989e-05,3.195542380427083987e-05,0.000000000000000000e+00,6.227579376878224389e-03,5.481419704970164996e-05,5.481419713435405495e-05,5.481419714894993696e-05,5.481419724079887617e-05
1.174990820384215744e-03,0.000000000000000000e+00,4.995203517523797207e-05,3.171215708350750114e-05,0.000000000000000000e+00,6.227579381078059313e-03,4.871266402743577682e-05,4.871266411007290747e-05,4.871266412804544228e-05,4.871266421864840957e-05
1.179990781322020873e-03,0.000000000000000000e+00,4.979515083465899913e-05,3.146913560891218117e-05,0.000000000000000000e+00,6.227579360515320302e-03,4.290939173217526086e-05,4.290939181312789370e-05,4.290939183861570462e-05,4.290939192835945524e-05
1.184990742259826218e-03,0.000000000000000000e+00,5.009891175047259985e-05,3.122635938048487996e-05,0.000000000000000000e+00,6.227579351767604209e-03,3.677341171174836119e-05,3.677341179138280747e-05,3.677341181842785120e-05,3.677341190758007467e-05
1.189990703197631346e-03,0.000000000000000000e+00,5.079396091507416789e-05,3.098382839822559073e-05,0.000000000000000000e+00,6.227579349295609377e-03,3.053109852688173817e-05,3.053109860554548469e-05,3.053109863065955079e-05,3.053109871944948811e-05
1.194990664135436474e-03,0.000000000000000000e+00,5.184497412757986334e-05,3.074154266213431348e-05,0.000000000000000000e+00,6.227579351047820601e-03,2.528912211112076667e-05,2.528912218905175177e-05,2.528912220819375787e-05,2.528912229679664659e-05
1.199990625073241602e-03,0.000000000000000000e+00,5.326092037315258404e-05,3.049950217221105499e-05,0.000000000000000000e+00,6.227579376427652517e-03,2.141964627399222404e-05,2.141964635129107861e-05,2.141964637025816563e-05,2.141964645868627419e-05
1.204990586011046730e-03,0.000000000000000000e+00,5.505300876919307730e-05,3.025770692845581865e-05,0.000000000000000000e+00,6.227579385764345395e-03,1.766649730803905176e-05,1.766649738469336508e-05,1.766649741215360741e-05,1.766649750020008697e-05
1.209990546948852075e-03,0.000000000000000000e+00,5.716557988136331751e-05,3.001615693086859090e-05,0.000000000000000000e+00,6.227579340464466096e-03,1.268723574514259018e-05,1.268723582101821933e-05,1.268723585380601599e-05,1.268723594113337644e-05
1.214990507886657203e-03,0.000000000000000000e+00,5.944232052775156184e-05,2.977485217944938529e-05,0.000000000000000000e+00,6.227579293623657086e-03,6.521487432551312028e-06,6.521487507358424370e-06,6.521487537869397316e-06,6.521487624140846488e-06
1.219990468824462332e-03,0.000000000000000000e+00,6.168844422766227395e-05,2.953379267419819506e-05,0.000000000000000000e+00,6.227579307178437648e-03,2.539161727786170611e-07,2.539162460767182368e-07,2.539162799585105713e-07,2.539163648614357158e-07
1.224990429762267460e-03,0.000000000000000000e+00,6.378914881767230535e-05,2.929297841511502358e-05,0.000000000000000000e+00,6.227579335832547983e-03,-5.085066565306888056e-06,-5.085066494051481425e-06,-5.085066460049374942e-06,-5.085066376910727947e-06
1.229990390700072588e-03,0.000000000000000000e+00,6.575458342116262574e-05,2.905240940219986408e-05,0.000000000000000000e+00,6.227579321962054687e-03,-8.914827515741304323e-06,-8.914827447090891617e-06,-8.914827417422375099e-06,-8.914827336632359038e-06
1.234990351637877933e-03,0.000000000000000000e+00,6.766536753073164833e-05,2.881208563545272335e-05,0.000000000000000000e+00,6.227579282871248574e-03,-1.057702228379512694e-05,-1.057702221831035926e-05,-1.057702217845384904e-05,-1.057702210073674993e-05
1.239990312575683061e-03,0.000000000000000000e+00,6.959737730143590790e-05,2.857200711487359798e-05,0.000000000000000000e+00,6.227579235276251186e-03,-9.397701776319988210e-06,-9.397701714548895886e-06,-9.397701669054437805e-06,-9.397701595095393485e-06
1.244990273513488189e-03,0.000000000000000000e+00,7.156936675203812756e-05,2.833217384046249137e-05,0.000000000000000000e+00,6.227579213691283866e-03,-5.697831487638173550e-06,-5.697831430105487558e-06,-5.697831383105043860e-06,-5.697831313428795480e-06
1.249990234451293317e-03,0.000000000000000000e+00,7.352501764263720020e-05,2.809258581221940013e-05,0.000000000000000000e+00,6.227579256044636462e-03,-1.027546125398768962e-06,-1.027546072579730265e-06,-1.027546023196508136e-06,-1.027545958242291831e-06
1.254990195389098446e-03,0.000000000000000000e+00,7.535211543857194298e-05,2.785324303014432087e-05,0.000000000000000000e+00,6.227579308015399225e-03,2.628221536300331068e-06,2.628221584018055818e-06,2.628221639629867174e-06,2.628221699363983326e-06
1.259990156326903791e-03,0.000000000000000000e+00,7.692560515922237474e-05,2.761414549423726376e-05,0.000000000000000000e+00,6.227579330036646897e-03,4.328750216032792665e-06,4.328750258380848608e-06,4.328750316244223886e-06,4.328750370219465521e-06
1.264990117264708919e-03,0.000000000000000000e+00,7.815421684664053555e-05,2.737529320449821863e-05,0.000000000000000000e+00,6.227579362236804368e-03,4.662428347295847486e-06,4.662428384121128334e-06,4.662428445496220896e-06,4.662428493325670986e-06
1.269990078202514047e-03,0.000000000000000000e+00,7.900428261201113611e-05,2.713668616092719565e-05,0.000000000000000000e+00,6.227579417818965637e-03,4.535888719540000768e-06,4.535888750767269667e-06,4.535888816670787560e-06,4.535888858249580039e-06
1.274990039140319175e-03,0.000000000000000000e+00,7.949294952423659882e-05,2.689832436352418464e-05,0.000000000000000000e+00,6.227579440690426439e-03,4.372417393355686650e-06,4.372417418944077648e-06,4.372417489114377476e-06,4.372417524561849122e-06
1.279990000078124520e-03,0.000000000000000000e+00,7.967002735411048728e-05,2.666020781228918901e-05,0.000000000000000000e+00,6.227579408512626084e-03,4.487355956923432265e-06,4.487355976872365992e-06,4.487356054076983067e-06,4.487356083616057704e-06
1.284989961015929648e-03,0.000000000000000000e+00,7.961431069187356894e-05,2.642233650722221214e-05,0.000000000000000000e+00,6.227579361685927316e-03,4.955728102285627474e-06,4.955728116705135204e-06,4.955728199518141229e-06,4.955728223445141476e-06
1.289989921953734776e-03,0.000000000000000000e+00,7.943885173398277538e-05,2.618471044832325402e-05,0.000000000000000000e+00,6.227579327668651341e-03,4.985359577016799160e-06,4.985359586174956655e-06,4.985359678253815333e-06,4.985359696985788025e-06
1.294989882891539905e-03,0.000000000000000000e+00,7.927649398352046165e-05,2.594732963559230789e-05,0.000000000000000000e+00,6.227579322250455067e-03,3.145770885945205937e-06,3.145770890225922411e-06,3.145770981202639182e-06,3.145770995287745080e-06
1.299989843829345033e-03,0.000000000000000000e+00,7.922179512249324343e-05,2.571019406902937712e-05,0.000000000000000000e+00,6.227579344264991094e-03,-1.040246295997008092e-06,-1.040246296146204476e-06,-1.040246203994809073e-06,-1.040246193962378051e-06
1.304989804767150378e-03,0.000000000000000000e+00,7.928462495154858195e-05,2.547330374863446850e-05,0.000000000000000000e+00,6.227579348144940408e-03,-6.488508083214462389e-06,-6.488508087262598862e-06,-6.488507992476023186e-06,-6.488507985962997119e-06
1.309989765704955506e-03,0.000000000000000000e+00,7.940325589206992905e-05,2.523665867440756848e-05,0.000000000000000000e+00,6.227579343389516922e-03,-1.187710747015163029e-05,-1.187710747745962049e-05,-1.187710737787846988e-05,-1.187710737444003450e-05
1.314989726642760634e-03,0.000000000000000000e+00,7.951550136443792183e-05,2.500025884634869398e-05,0.000000000000000000e+00,6.227579343615743945e-03,-1.682365625458049485e-05,-1.682365626447947075e-05,-1.682365616275922313e-05,-1.682365616197543644e-05
1.319989687580565762e-03,0.000000000000000000e+00,7.962628795420025171e-05,2.476410426445782809e-05,0.000000000000000000e+00,6.227579345736204003e-03,-2.155797616783775258e-05,-2.155797617976128291e-05,-2.155797607424587368e-05,-2.155797607566681888e-05
1.324989648518370890e-03,0.000000000000000000e+00,7.979408679075935520e-05,2.452819492873498095e-05,0.000000000000000000e+00,6.227579353823475307e-03,-2.635407340017929134e-05,-2.635407341371986178e-05,-2.635407331103937356e-05,-2.635407331422237430e-05
1.329989609456176235e-03,0.000000000000000000e+00,8.005681610108546697e-05,2.429253083918015256e-05,0.000000000000000000e+00,6.227579345424259956e-03,-3.115487933770580669e-05,-3.115487935258962570e-05,-3.115487924844606425e-05,-3.115487925306456221e-05
1.334989570393981364e-03,0.000000000000000000e+00,8.040097099215732753e-05,2.405711199579333955e-05,0.000000000000000000e+00,6.227579346853894145e-03,-3.544777173686702594e-05,-3.544777175294692322e-05,-3.544777164654370826e-05,-3.544777165246401456e-05
1.339989531331786492e-03,0.000000000000000000e+00,8.082329021144078426e-05,2.382193839857454191e-05,0.000000000000000000e+00,6.227579379132440300e-03,-3.843728352622449609e-05,-3.843728354351441044e-05,-3.843728343360445875e-05,-3.843728344085078495e-05
1.344989492269591620e-03,0.000000000000000000e+00,8.140388754648416269e-05,2.358701004752375964e-05,0.000000000000000000e+00,6.227579393037702658e-03,-3.964301758399904878e-05,-3.964301760268599151e-05,-3.964301749135353269e-05,-3.964301749999816121e-05
1.349989453207396748e-03,0.000000000000000000e+00,8.229083079790846882e-05,2.335232694264099612e-05,0.000000000000000000e+00,6.227579382488420724e-03,-3.935566184935471873e-05,-3.935566186976632218e-05,-3.935566176415658058e-05,-3.935566177427533781e-05
1.354989414145202093e-03,0.000000000000000000e+00,8.360201978951121982e-05,2.311788908392624459e-05,0.000000000000000000e+00,6.227579365566624295e-03,-3.848305781717226430e-05,-3.848305783972776235e-05,-3.848305772604688774e-05,-3.848305773783784387e-05
1.359989375083007221e-03,0.000000000000000000e+00,8.534635566173203207e-05,2.288369647137951859e-05,0.000000000000000000e+00,6.227579349851627283e-03,-3.743244108002034408e-05,-3.743244110519602675e-05,-3.743244099113923214e-05,-3.743244100506600556e-05
1.364989336020812349e-03,0.000000000000000000e+00,8.741372130079121539e-05,2.264974910500079780e-05,0.000000000000000000e+00,6.227579354211028144e-03,-3.593653814660291196e-05,-3.593653817490731749e-05,-3.593653805632122087e-05,-3.593653807305464813e-05
1.369989296958617478e-03,0.000000000000000000e+00,8.961918061312806102e-05,2.241604698479009915e-05,0.000000000000000000e+00,6.227579360369227095e-03,-3.395838593047606935e-05,-3.395838596241689575e-05,-3.395838583442004624e-05,-3.395838585459943392e-05
1.374989257896422606e-03,0.000000000000000000e+00,9.176832860876096322e-05,2.218259011074741926e-05,0.000000000000000000e+00,6.227579329257915651e-03,-3.217177972206163684e-05,-3.217177975810890607e-05,-3.217177962795836349e-05,-3.217177965205017602e-05
1.379989218834227951e-03,0.000000000000000000e+00,9.369407670974932577e-05,2.194937848287275135e-05,0.000000000000000000e+00,6.227579277366283167e-03,-3.155514807259261767e-05,-3.155514811316951416e-05,-3.155514798526236884e-05,-3.155514801363503167e-05
1.384989179772033079e-03,0.000000000000000000e+00,9.527467231550973837e-05,2.171641210116610220e-05,0.000000000000000000e+00,6.227579273883482314e-03,-3.263656163742384837e-05,-3.263656168290318861e-05,-3.263656154903833879e-05,-3.263656158207168861e-05
1.389989140709838207e-03,0.000000000000000000e+00,9.645348016292803355e-05,2.148369096562746503e-05,0.000000000000000000e+00,6.227579292620220169e-03,-3.504972361909430129e-05,-3.504972366974914158e-05,-3.504972353114022964e-05,-3.504972356917629157e-05
1.394989101647643335e-03,0.000000000000000000e+00,9.725022706513246286e-05,2.125121507625685001e-05,0.000000000000000000e+00,6.227579292255413894e-03,-3.769513190704854087e-05,-3.769513196298752506e-05,-3.769513182457736092e-05,-3.769513186776741505e-05
1.399989062585448680e-03,0.000000000000000000e+00,9.774205147974902570e-05,2.101898443305424697e-05,0.000000000000000000e+00,6.227579305935483991e-03,-3.916197337029275342e-05,-3.916197343145254376e-05,-3.916197329089775319e-05,-3.916197333913311502e-05
1.404989023523253808e-03,0.000000000000000000e+00,9.800978375186707940e-05,2.078699903601966608e-05,0.000000000000000000e+00,6.227579337764460078e-03,-3.856480118980194668e-05,-3.856480125598025138e-05,-3.856480111101796891e-05,-3.856480116401380499e-05
1.409988984461058937e-03,0.000000000000000000e+00,9.809023232158181724e-05,2.055525888515309378e-05,0.000000000000000000e+00,6.227579338304592253e-03,-3.615087806643041516e-05,-3.615087813728342693e-05,-3.615087798884972562e-05,-3.615087804627094292e-05
1.414988945398864065e-03,0.000000000000000000e+00,9.798242272804072114e-05,2.032376398045454362e-05,0.000000000000000000e+00,6.227579292410151228e-03,-3.274142850885890677e-05,-3.274142858387617646e-05,-3.274142843504476268e-05,-3.274142849652955618e-05
1.419988906336669193e-03,0.000000000000000000e+00,9.768243453846314555e-05,2.009251432192400884e-05,0.000000000000000000e+00,6.227579296864651365e-03,-2.875777499751499096e-05,-2.875777507604050849e-05,-2.875777492293557971e-05,-2.875777498802659226e-05
1.424988867274474538e-03,0.000000000000000000e+00,9.719815462089295298e-05,1.986150990956148942e-05,0.000000000000000000e+00,6.227579365114117339e-03,-2.441653398601441752e-05,-2.441653406730189942e-05,-2.441653392019932394e-05,-2.441653398831105588e-05
1.429988828212279666e-03,0.000000000000000000e+00,9.654015880788464248e-05,1.963075074336698877e-05,0.000000000000000000e+00,6.227579398981048300e-03,-2.031722124385447004e-05,-2.031722132709584011e-05,-2.031722117954528584e-05,-2.031722125003933521e-05
1.434988789150084794e-03,0.000000000000000000e+00,9.572202460207717345e-05,1.940023682334049670e-05,0.000000000000000000e+00,6.227579366982142171e-03,-1.723172708377033221e-05,-1.723172716812328733e-05,-1.723172702040053127e-05,-1.723172709268975178e-05
1.439988750087889922e-03,0.000000000000000000e+00,9.478857828419918693e-05,1.916996814948203017e-05,0.000000000000000000e+00,6.227579313829970271e-03,-1.523378058586436486e-05,-1.523378067054086794e-05,-1.523378052793103822e-05,-1.523378060149128248e-05
1.444988711025695051e-03,0.000000000000000000e+00,9.383221032103980519e-05,1.893994472179157563e-05,0.000000000000000000e+00,6.227579301382997132e-03,-1.360289149430513312e-05,-1.360289157868126645e-05,-1.360289144002214239e-05,-1.360289151431272388e-05
1.449988671963500396e-03,0.000000000000000000e+00,9.296823425604455661e-05,1.871016654026913984e-05,0.000000000000000000e+00,6.227579314460110309e-03,-1.140576841935152378e-05,-1.140576850300969505e-05,-1.140576837225803860e-05,-1.140576844666559025e-05
1.454988632901305524e-03,0.000000000000000000e+00,9.228906405003579330e-05,1.848063360491471603e-05,0.000000000000000000e+00,6.227579321564567956e-03,-8.055854387001202841e-06,-8.055854469687456315e-06,-8.055854349601169480e-06,-8.055854423516862654e-06
1.459988593839110652e-03,0.000000000000000000e+00,9.181510134646339474e-05,1.825134591572831437e-05,0.000000000000000000e+00,6.227579334547586262e-03,-3.426091403949697949e-06,-3.426091485507174989e-06,-3.426091373148777578e-06,-3.426091446158685905e-06
1.464988554776915780e-03,0.000000000000000000e+00,9.147734693993253086e-05,1.802230347270992469e-05,0.000000000000000000e+00,6.227579353440313922e-03,2.172467014156488429e-06,2.172466933816165971e-06,2.172467052738993336e-06,2.172466980728115054e-06
1.469988515714720908e-03,0.000000000000000000e+00,9.115419071431260305e-05,1.779350627585955376e-05,0.000000000000000000e+00,6.227579374439778243e-03,8.057224074560246645e-06,8.057223995431025024e-06,8.057224114157793485e-06,8.057224043002790751e-06
1.474988476652526253e-03,0.000000000000000000e+00,9.073659216021335400e-05,1.756495432517719821e-05,0.000000000000000000e+00,6.227579372702014664e-03,1.320143095057157717e-05,1.320143087250055381e-05,1.320143097782210600e-05,1.320143090733189199e-05
1.479988437590331381e-03,0.000000000000000000e+00,9.017677835166858452e-05,1.733664762066285803e-05,0.000000000000000000e+00,6.227579372744372274e-03,1.672163719076468497e-05,1.672163711342733783e-05,1.672163720252876304e-05,1.672163713250375986e-05
1.484988398528136510e-03,0.000000000000000000e+00,8.951510850879264866e-05,1.710858616231653999e-05,0.000000000000000000e+00,6.227579405954716471e-03,1.848510661670592543e-05,1.848510653961919840e-05,1.848510662970044761e-05,1.848510655980061218e-05
1.489988359465941638e-03,0.000000000000000000e+00,8.887575600601404916e-05,1.688076995013823055e-05,0.000000000000000000e+00,6.227579409121507086e-03,1.897477972897630642e-05,1.897477965153808783e-05,1.897477974179778994e-05,1.897477967146516810e-05
1.494988320403746766e-03,0.000000000000000000e+00,8.840830587496138423e-05,1.665319898412794325e-05,0.000000000000000000e+00,6.227579345208257393e-03,1.856101607843899592e-05,1.856101599998297237e-05,1.856101608425747191e-05,1.856101601282373774e-05
1.499988281341552111e-03,0.000000000000000000e+00,8.820775971174558408e-05,1.642587326428566794e-05,0.000000000000000000e+00,6.227579290820958041e-03,1.735838314410487152e-05,1.735838306394737223e-05,1.735838314110634440e-05,1.735838306795477659e-05
1.504988242279357239e-03,0.000000000000000000e+00,8.827331794692566420e-05,1.619879279061141138e-05,0.000000000000000000e+00,6.227579274698781531e-03,1.611479050562627502e-05,1.611479042307748652e-05,1.611479049752149786e-05,1.611479042213389859e-05
1.509988203217162367e-03,0.000000000000000000e+00,8.852907419501291860e-05,1.597195756310517019e-05,0.000000000000000000e+00,6.227579267930469058e-03,1.632890397711835674e-05,1.632890389148575506e-05,1.632890396582943027e-05,1.632890388771817284e-05
1.514988164154967495e-03,0.000000000000000000e+00,8.887553469895586656e-05,1.574536758176694776e-05,0.000000000000000000e+00,6.227579283056586430e-03,1.863098769639381892e-05,1.863098760702295930e-05,1.863098767386825840e-05,1.863098759251712367e-05
1.519988125092772840e-03,0.000000000000000000e+00,8.923248500964598632e-05,1.551902284659673731e-05,0.000000000000000000e+00,6.227579329759091141e-03,2.231245770352358645e-05,2.231245760985661638e-05,2.231245767381942509e-05,2.231245758872380165e-05
1.524988086030577969e-03,0.000000000000000000e+00,8.955890115271531403e-05,1.529292335759454562e-05,0.000000000000000000e+00,6.227579355337652112e-03,2.624646806799864896e-05,2.624646796962132528e-05,2.624646803196656195e-05,2.624646794273493083e-05
1.529988046968383097e-03,0.000000000000000000e+00,8.984250673222146210e-05,1.506706911476037100e-05,0.000000000000000000e+00,6.227579337016451652e-03,2.953636552002716529e-05,2.953636541672778398e-05,2.953636548488269427e-05,2.953636539129153365e-05
1.534988007906188225e-03,0.000000000000000000e+00,9.008030102566754610e-05,1.484146011809421344e-05,0.000000000000000000e+00,6.227579319999203798e-03,3.177497994756963481e-05,3.177497983942342933e-05,3.177497990793654985e-05,3.177497980986847791e-05
1.539987968843993353e-03,0.000000000000000000e+00,9.026957217053585775e-05,1.461609636759606955e-05,0.000000000000000000e+00,6.227579315477483127e-03,3.291721231044166467e-05,3.291721219783040972e-05,3.291721226461319101e-05,3.291721216195824592e-05
1.544987929781798698e-03,0.000000000000000000e+00,9.040861275378845674e-05,1.439097786326594442e-05,0.000000000000000000e+00,6.227579300777298481e-03,3.256339939657257706e-05,3.256339928009219079e-05,3.256339934265485065e-05,3.256339923530766829e-05
1.549987890719603826e-03,0.000000000000000000e+00,9.048904150266517629e-05,1.416610460510383297e-05,0.000000000000000000e+00,6.227579274846756913e-03,3.000486401871475879e-05,3.000486389906887488e-05,3.000486395160234277e-05,3.000486383958930991e-05
1.554987851657408954e-03,0.000000000000000000e+00,9.048558863796703547e-05,1.394147659310974027e-05,0.000000000000000000e+00,6.227579279739686724e-03,2.537731424561241584e-05,2.537731412359157691e-05,2.537731417295640974e-05,2.537731405657137228e-05
1.559987812595214083e-03,0.000000000000000000e+00,9.036150257375021911e-05,1.371709382728366295e-05,0.000000000000000000e+00,6.227579331923265363e-03,2.025591787477486208e-05,2.025591775126437679e-05,2.025591780578701347e-05,2.025591768558207426e-05
1.564987773533019211e-03,0.000000000000000000e+00,9.011168124058455142e-05,1.349295630762560269e-05,0.000000000000000000e+00,6.227579390640256701e-03,1.664856361068301356e-05,1.664856348661785044e-05,1.664856353780915058e-05,1.664856341441743625e-05
1.569987734470824556e-03,0.000000000000000000e+00,8.980781711659395386e-05,1.326906403413555949e-05,0.000000000000000000e+00,6.227579430286402443e-03,1.549901442210441225e-05,1.549901429839504023e-05,1.549901433778287188e-05,1.549901421176136081e-05
1.574987695408629684e-03,0.000000000000000000e+00,8.959700785687318178e-05,1.304541700681353166e-05,0.000000000000000000e+00,6.227579461062785621e-03,1.667916131670731081e-05,1.667916119420130835e-05,1.667916122267989435e-05,1.667916109454726546e-05
1.579987656346434812e-03,0.000000000000000000e+00,8.962906362417129866e-05,1.282201522565952090e-05,0.000000000000000000e+00,6.227579464058012083e-03,1.987998359815502591e-05,1.987998347762427717e-05,1.987998349794859896e-05,1.987998336831215795e-05
1.584987617284239940e-03,0.000000000000000000e+00,8.996592749607992194e-05,1.259885869067352381e-05,0.000000000000000000e+00,6.227579449172116616e-03,2.482590345089939927e-05,2.482590333300368194e-05,2.482590335563528421e-05,2.482590322514907942e-05
1.589987578222045068e-03,0.000000000000000000e+00,9.054457421913042123e-05,1.237594740185554717e-05,0.000000000000000000e+00,6.227579411331792859e-03,3.070043010301743157e-05,3.070042998824100455e-05,3.070043000364391244e-05,3.070042987279275842e-05
1.594987539159850413e-03,0.000000000000000000e+00,9.120804584440578440e-05,1.215328135920558252e-05,0.000000000000000000e+00,6.227579347795991239e-03,3.615454025762060224e-05,3.615454014623621014e-05,3.615454015338038417e-05,3.615454002235684200e-05
1.599987500097655542e-03,0.000000000000000000e+00,9.177629779004615887e-05,1.193086056272363662e-05,0.000000000000000000e+00,6.227579279943715358e-03,3.996739048081964050e-05,3.996739037290210003e-05,3.996739037533463635e-05,3.996739024414401863e-05
1.604987461035460670e-03,0.000000000000000000e+00,9.212376556512135947e-05,1.170868501240970779e-05,0.000000000000000000e+00,6.227579225797680480e-03,4.167716910061349732e-05,4.167716899606198447e-05,4.167716899087121072e-05,4.167716885946618524e-05
1.609987421973265798e-03,0.000000000000000000e+00,9.223395580906464976e-05,1.148675470826379433e-05,0.000000000000000000e+00,6.227579239542558112e-03,4.115878131893119235e-05,4.115878121745111584e-05,4.115878119849362401e-05,4.115878106674538756e-05
1.614987382911071143e-03,0.000000000000000000e+00,9.219974562290796907e-05,1.126506965028589793e-05,0.000000000000000000e+00,6.227579301855637288e-03,3.833292191896427701e-05,3.833292182004407637e-05,3.833292179831467939e-05,3.833292166589868959e-05
1.619987343848876271e-03,0.000000000000000000e+00,9.215055173180259620e-05,1.104362983847601690e-05,0.000000000000000000e+00,6.227579318336284864e-03,3.356371920499256844e-05,3.356371910793506778e-05,3.356371908115932633e-05,3.356371894755172381e-05
1.624987304786681399e-03,0.000000000000000000e+00,9.216711940293179680e-05,1.082243527283415463e-05,0.000000000000000000e+00,6.227579294550884131e-03,2.765133356560012915e-05,2.765133346958784682e-05,2.765133343420100241e-05,2.765133329881362104e-05
1.629987265724486527e-03,0.000000000000000000e+00,9.225155745648957420e-05,1.060148595336030434e-05,0.000000000000000000e+00,6.227579289923649772e-03,2.138461974415981377e-05,2.138461964828603149e-05,2.138461960946963877e-05,2.138461947178997279e-05
1.634987226662291656e-03,0.000000000000000000e+00,9.236241172648162437e-05,1.038078188005447450e-05,0.000000000000000000e+00,6.227579302785811628e-03,1.576259896429490608e-05,1.576259886759347775e-05,1.576259882498863869e-05,1.576259868459885014e-05
1.639987187600097001e-03,0.000000000000000000e+00,9.247494332274670760e-05,1.016032305291665834e-05,0.000000000000000000e+00,6.227579316212345818e-03,1.188351369082921405e-05,1.188351359236919285e-05,1.188351355124009694e-05,1.188351340773352530e-05
1.644987148537902129e-03,0.000000000000000000e+00,9.260181570607396544e-05,9.940109471946859243e-06,0.000000000000000000e+00,6.227579312598229867e-03,9.934963298468350157e-06,9.934963197457863629e-06,9.934963160024052288e-06,9.934963012956908194e-06
1.649987109475707257e-03,0.000000000000000000e+00,9.275575152049315021e-05,9.720141137145077209e-06,0.000000000000000000e+00,6.227579294457198655e-03,8.554885462701656708e-06,8.554885358509235009e-06,8.554885323775513983e-06,8.554885172740865870e-06
1.654987070413512385e-03,0.000000000000000000e+00,9.290988950696161901e-05,9.500418048511310545e-06,0.000000000000000000e+00,6.227579299082445889e-03,6.054554890878663770e-06,6.054554783029667754e-06,6.054554738165736763e-06,6.054554582920045718e-06
1.659987031351317513e-03,0.000000000000000000e+00,9.300512944409486903e-05,9.280940206045562639e-06,0.000000000000000000e+00,6.227579330942957514e-03,2.166439342597601131e-06,2.166439230830182420e-06,2.166439186377945017e-06,2.166439026895091085e-06
1.664986992289122858e-03,0.000000000000000000e+00,9.299836264327843648e-05,9.061707609747828409e-06,0.000000000000000000e+00,6.227579371249297377e-03,-1.843767777592720551e-06,-1.843767893266494279e-06,-1.843767936889462921e-06,-1.843768100483618903e-06
1.669986953226927986e-03,0.000000000000000000e+00,9.289133104859523661e-05,8.842720259618112936e-06,0.000000000000000000e+00,6.227579396699725600e-03,-4.745905597735719723e-06,-4.745905717049233835e-06,-4.745905758236540392e-06,-4.745905925782127307e-06
1.674986914164733115e-03,0.000000000000000000e+00,9.272858532577698014e-05,8.623978155656411140e-06,0.000000000000000000e+00,6.227579408466184935e-03,-6.385247853260237452e-06,-6.385247975764990545e-06,-6.385248018513674438e-06,-6.385248189841485385e-06
1.679986875102538243e-03,0.000000000000000000e+00,9.259384861366494739e-05,8.405481297862728101e-06,0.000000000000000000e+00,6.227579401742807004e-03,-7.408684323041920392e-06,-7.408684448153626597e-06,-7.408684497043495869e-06,-7.408684671830371685e-06
1.684986836040343371e-03,0.000000000000000000e+00,9.258623830511068179e-05,8.187229686237058738e-06,0.000000000000000000e+00,6.227579370039505562e-03,-8.337050303635595749e-06,-8.337050430634083091e-06,-8.337050480102469089e-06,-8.337050657712299890e-06
1.689986796978148716e-03,0.000000000000000000e+00,9.277152983565825400e-05,7.969223320779406439e-06,0.000000000000000000e+00,6.227579351615859272e-03,-9.230636962435410735e-06,-9.230637090466470204e-06,-9.230637141215786859e-06,-9.230637320757413515e-06
1.694986757915953844e-03,0.000000000000000000e+00,9.314681702594691684e-05,7.751462201489772898e-06,0.000000000000000000e+00,6.227579342912357811e-03,-9.869169855534049945e-06,-9.869169983645231954e-06,-9.869170032821283166e-06,-9.869170213400001716e-06
1.699986718853758972e-03,0.000000000000000000e+00,9.363482612078563572e-05,7.533946328368153879e-06,0.000000000000000000e+00,6.227579329570741805e-03,-9.663795142093410871e-06,-9.663795269289578762e-06,-9.663795319377999654e-06,-9.663795500257707974e-06
1.704986679791564100e-03,0.000000000000000000e+00,9.410925467392942272e-05,7.316675701414551078e-06,0.000000000000000000e+00,6.227579342609608666e-03,-7.891380500170535201e-06,-7.891380625459393266e-06,-7.891380682135799252e-06,-7.891380862658313778e-06
1.709986640729369229e-03,0.000000000000000000e+00,9.444537435644306952e-05,7.099650320628965340e-06,0.000000000000000000e+00,6.227579378901388144e-03,-4.782517630801600805e-06,-4.782517753224742274e-06,-4.782517819010745356e-06,-4.782517998455130089e-06
1.714986601667174574e-03,0.000000000000000000e+00,9.455502241702025813e-05,6.882870186011395819e-06,0.000000000000000000e+00,6.227579370162708225e-03,-1.233711617288208086e-06,-1.233711735962894185e-06,-1.233711802065198005e-06,-1.233711979666721106e-06
1.719986562604979702e-03,0.000000000000000000e+00,9.441315958038074853e-05,6.666335297561842515e-06,0.000000000000000000e+00,6.227579321352656738e-03,2.341479839333738365e-06,2.341479725153957961e-06,2.341479649009498757e-06,2.341479473916707675e-06
1.724986523542784830e-03,0.000000000000000000e+00,9.407875243115822184e-05,6.450045655280307122e-06,0.000000000000000000e+00,6.227579316409225657e-03,6.309860411324339078e-06,6.309860302206778239e-06,6.309860217979231427e-06,6.309860045869183859e-06
1.729986484480589958e-03,0.000000000000000000e+00,9.368223045047509735e-05,6.234001259166786252e-06,0.000000000000000000e+00,6.227579334582860997e-03,1.085845203739021438e-05,1.085845193370528400e-05,1.085845183928129010e-05,1.085845167046625660e-05
1.734986445418395303e-03,0.000000000000000000e+00,9.335630055832331144e-05,6.018202109221282445e-06,0.000000000000000000e+00,6.227579342640721799e-03,1.520511424273967079e-05,1.520511414463747358e-05,1.520511404293508141e-05,1.520511387764793844e-05
1.739986406356200431e-03,0.000000000000000000e+00,9.315962966307589127e-05,5.802648205443794856e-06,0.000000000000000000e+00,6.227579339385083852e-03,1.823188952114422121e-05,1.823188942854440085e-05,1.823188932695220428e-05,1.823188916536065590e-05
1.744986367294005560e-03,0.000000000000000000e+00,9.305687091539149240e-05,5.587339547834322636e-06,0.000000000000000000e+00,6.227579329015645905e-03,1.925369552730828396e-05,1.925369543993069954e-05,1.925369533438530873e-05,1.925369517650331064e-05
1.749986328231810688e-03,0.000000000000000000e+00,9.294573415595466933e-05,5.372276136392867480e-06,0.000000000000000000e+00,6.227579348716929912e-03,1.793154695615171106e-05,1.793154687354369802e-05,1.793154676997307304e-05,1.793154661558567201e-05
1.754986289169615816e-03,0.000000000000000000e+00,9.270177085930664978e-05,5.157457971119428541e-06,0.000000000000000000e+00,6.227579397236754355e-03,1.453290587855037041e-05,1.453290580007726728e-05,1.453290569113868281e-05,1.453290553985811901e-05
1.759986250107421161e-03,0.000000000000000000e+00,9.223759285682654285e-05,4.942885052014006666e-06,0.000000000000000000e+00,6.227579416672484290e-03,9.913765352406914998e-06,9.913765277282366895e-06,9.913765152739258661e-06,9.913765004138502124e-06
1.764986211045226289e-03,0.000000000000000000e+00,9.154275106504705466e-05,4.728557379076601007e-06,0.000000000000000000e+00,6.227579395032730065e-03,4.758432242583680140e-06,4.758432169985351899e-06,4.758432034930275951e-06,4.758431888591573415e-06
1.769986171983031417e-03,0.000000000000000000e+00,9.067114609392985434e-05,4.514474952307212413e-06,0.000000000000000000e+00,6.227579349451354586e-03,-1.200537721408404473e-06,-1.200537792228282010e-06,-1.200537920280681414e-06,-1.200538064854030068e-06
1.774986132920836545e-03,0.000000000000000000e+00,8.970521640531598537e-05,4.300637771705839188e-06,0.000000000000000000e+00,6.227579295411900251e-03,-8.829541685568187407e-06,-8.829541755263948884e-06,-8.829541875128643429e-06,-8.829542018600651046e-06
1.779986093858641674e-03,0.000000000000000000e+00,8.872191553253062641e-05,4.087045837272482180e-06,0.000000000000000000e+00,6.227579286858067262e-03,-1.841480394594352237e-05,-1.841480401509345581e-05,-1.841480413302865166e-05,-1.841480427614060420e-05
1.784986054796447019e-03,0.000000000000000000e+00,8.776814580342196578e-05,3.873699149007142236e-06,0.000000000000000000e+00,6.227579297548717883e-03,-2.937394809856761613e-05,-2.937394816765801671e-05,-2.937394829369928059e-05,-2.937394843700637598e-05
1.789986015734252147e-03,0.000000000000000000e+00,8.685580722359076725e-05,3.660597706909817662e-06,0.000000000000000000e+00,6.227579270651577986e-03,-4.111235580187064113e-05,-4.111235587126775912e-05,-4.111235599999050908e-05,-4.111235614366229958e-05
1.794985976672057275e-03,0.000000000000000000e+00,8.597936588566067499e-05,3.447741510980510152e-06,0.000000000000000000e+00,6.227579258065332572e-03,-5.321887806140766553e-05,-5.321887813135761143e-05,-5.321887825382986810e-05,-5.321887839770847694e-05
1.799985937609862403e-03,0.000000000000000000e+00,8.513964182818780518e-05,3.235130561219219282e-06,0.000000000000000000e+00,6.227579295845138765e-03,-6.494181092500989527e-05,-6.494181099562079792e-05,-6.494181111516333026e-05,-6.494181125896785422e-05
1.804985898547667531e-03,0.000000000000000000e+00,8.434559614702186344e-05,3.022764857625944205e-06,0.000000000000000000e+00,6.227579350943516882e-03,-7.484297040626189694e-05,-7.484297047743825168e-05,-7.484297059945594981e-05,-7.484297074283804150e-05
1.809985859485472876e-03,0.000000000000000000e+00,8.358460640664978002e-05,2.810644400200685346e-06,0.000000000000000000e+00,6.227579388515334068e-03,-8.139766080464760716e-05,-8.139766087602903874e-05,-8.139766099140626962e-05,-8.139766113380482730e-05
1.814985820423278004e-03,0.000000000000000000e+00,8.280488138990790576e-05,2.598769188943443973e-06,0.000000000000000000e+00,6.227579388365859885e-03,-8.398190977163981280e-05,-8.398190984259333689e-05,-8.398190995060100166e-05,-8.398191009116274467e-05
1.819985781361083133e-03,0.000000000000000000e+00,8.195578945148202074e-05,2.387139223854217971e-06,0.000000000000000000e+00,6.227579342283580399e-03,-8.313017537779765075e-05,-8.313017544745522798e-05,-8.313017556636785241e-05,-8.313017570409410859e-05
1.824985742298888261e-03,0.000000000000000000e+00,8.105211611596518679e-05,2.175754504933008185e-06,0.000000000000000000e+00,6.227579298681239911e-03,-7.983015293985170073e-05,-7.983015300715964923e-05,-7.983015313542118636e-05,-7.983015326936922836e-05
1.829985703236693389e-03,0.000000000000000000e+00,8.017659172927701352e-05,1.964615032179815463e-06,0.000000000000000000e+00,6.227579287358111712e-03,-7.515208213157153767e-05,-7.515208219534025725e-05,-7.515208232276470899e-05,-7.515208245209913194e-05
1.834985664174498734e-03,0.000000000000000000e+00,7.941661389701370870e-05,1.753720805594638535e-06,0.000000000000000000e+00,6.227579278859458542e-03,-7.039242947266924648e-05,-7.039242953164352918e-05,-7.039242965591335918e-05,-7.039242977983193477e-05
1.839985625112303862e-03,0.000000000000000000e+00,7.879649139520262765e-05,1.543071825177478882e-06,0.000000000000000000e+00,6.227579278586099082e-03,-6.639832327857342266e-05,-6.639832333153951772e-05,-6.639832345735284503e-05,-6.639832357502500665e-05
1.844985586050108990e-03,0.000000000000000000e+00,7.826500636092389659e-05,1.332668090928334387e-06,0.000000000000000000e+00,6.227579313594019256e-03,-6.313430275897320156e-05,-6.313430280484645955e-05,-6.313430293980446298e-05,-6.313430305040872419e-05
1.849985546987914118e-03,0.000000000000000000e+00,7.773508707294324337e-05,1.122509602847206956e-06,0.000000000000000000e+00,6.227579352392665843e-03,-6.022283724197647264e-05,-6.022283727984274851e-05,-6.022283742168095663e-05,-6.022283752451760045e-05
1.854985507925719463e-03,0.000000000000000000e+00,7.714069687538168373e-05,9.125963609340959537e-07,0.000000000000000000e+00,6.227579376973263817e-03,-5.751472134017446676e-05,-5.751472136935838387e-05,-5.751472151546736599e-05,-5.751472161004531660e-05
1.859985468863524592e-03,0.000000000000000000e+00,7.646455985831010764e-05,7.029283651890013799e-07,0.000000000000000000e+00,6.227579378874624830e-03,-5.494301612380693265e-05,-5.494301614398395541e-05,-5.494301629344883463e-05,-5.494301637946607397e-05
1.864985429801329720e-03,0.000000000000000000e+00,7.572592335350326019e-05,4.935056156119230230e-07,0.000000000000000000e+00,6.227579369108596566e-03,-5.220519125437521714e-05,-5.220519126559244058e-05,-5.220519141751664270e-05,-5.220519149477978975e-05
1.869985390739134848e-03,0.000000000000000000e+00,7.497138363628357276e-05,2.843281122028612006e-07,0.000000000000000000e+00,6.227579371823313038e-03,-4.861461634323672120e-05,-4.861461634576758788e-05,-4.861461650352198554e-05,-4.861461657194160717e-05
1.874985351676939976e-03,0.000000000000000000e+00,7.428798720832744372e-05,7.539585496181559498e-08,0.000000000000000000e+00,6.227579377785600993e-03,-4.348544153825698738e-05,-4.348544153245475748e-05,-4.348544169329090494e-05,-4.348544175300405787e-05
1.879985312614745321e-03,0.000000000000000000e+00,7.378488658790213024e-05,-1.332911561112136614e-07,0.000000000000000000e+00,6.227579378217024120e-03,-3.699717238351458596e-05,-3.699717236982759063e-05,-3.699717253495645364e-05,-3.699717258645843530e-05
1.884985273552550449e-03,0.000000000000000000e+00,7.353104540566188067e-05,-3.417329210162265951e-07,0.000000000000000000e+00,6.227579355073048668e-03,-3.032077553716350867e-05,-3.032077551622478306e-05,-3.032077569284578251e-05,-3.032077573695797092e-05
1.889985234490355577e-03,0.000000000000000000e+00,7.351554838072706175e-05,-5.499294397532229679e-07,0.000000000000000000e+00,6.227579313314531885e-03,-2.464856119147782159e-05,-2.464856116408656162e-05,-2.464856133359523549e-05,-2.464856137125953466e-05
1.894985195428160706e-03,0.000000000000000000e+00,7.369359073900964418e-05,-7.578807123222031767e-07,0.000000000000000000e+00,6.227579305744059858e-03,-2.065510177300748290e-05,-2.065510174000944420e-05,-2.065510190964687384e-05,-2.065510194175254640e-05
1.899985156365965834e-03,0.000000000000000000e+00,7.405369817825551554e-05,-9.655867387231663216e-07,0.000000000000000000e+00,6.227579325482176381e-03,-1.842295609220962881e-05,-1.842295605441693639e-05,-1.842295622911327709e-05,-1.842295625653678868e-05
1.904985117303771179e-03,0.000000000000000000e+00,7.462490831866599159e-05,-1.173047518956114309e-06,0.000000000000000000e+00,6.227579309015988593e-03,-1.758134733312188909e-05,-1.758134729130814491e-05,-1.758134745865820613e-05,-1.758134748240157980e-05
1.909985078241576307e-03,0.000000000000000000e+00,7.543149167202215042e-05,-1.380263053021045443e-06,0.000000000000000000e+00,6.227579261317561787e-03,-1.766081535957221468e-05,-1.766081531448476948e-05,-1.766081547538684321e-05,-1.766081549652090139e-05
1.914985039179381435e-03,0.000000000000000000e+00,7.646554570212279263e-05,-1.587233340917959514e-06,0.000000000000000000e+00,6.227579239167013898e-03,-1.839711678401350712e-05,-1.839711673636726686e-05,-1.839711689439060764e-05,-1.839711691377200897e-05
1.919985000117186563e-03,0.000000000000000000e+00,7.768558661029426082e-05,-1.793958382646858427e-06,0.000000000000000000e+00,6.227579254295657896e-03,-1.967738855919314676e-05,-1.967738850964480593e-05,-1.967738865603920766e-05,-1.967738867412813496e-05
1.924984961054991691e-03,0.000000000000000000e+00,7.903829009195735718e-05,-2.000438178207740064e-06,0.000000000000000000e+00,6.227579301105230607e-03,-2.107325484348103096e-05,-2.107325479259052577e-05,-2.107325492572231600e-05,-2.107325494270766779e-05
1.929984921992797036e-03,0.000000000000000000e+00,8.047438708300466259e-05,-2.206672727600605908e-06,0.000000000000000000e+00,6.227579346903410959e-03,-2.120376190596558151e-05,-2.120376185415014683e-05,-2.120376198664271179e-05,-2.120376200265814648e-05
1.934984882930602165e-03,0.000000000000000000e+00,8.195589747615292134e-05,-2.412662030825455112e-06,0.000000000000000000e+00,6.227579356216777877e-03,-1.833321445028202108e-05,-1.833321439775343888e-05,-1.833321452818400038e-05,-1.833321454333389615e-05
1.939984843868407293e-03,0.000000000000000000e+00,8.345778536683413136e-05,-2.618406087882287675e-06,0.000000000000000000e+00,6.227579346008887788e-03,-1.177528877438408951e-05,-1.177528872110137015e-05,-1.177528884572881915e-05,-1.177528885993553865e-05
1.944984804806212421e-03,0.000000000000000000e+00,8.495978570892500270e-05,-2.823904898771104445e-06,0.000000000000000000e+00,6.227579375734442271e-03,-2.731829373548303882e-06,-2.731829319229373547e-06,-2.731829433896804794e-06,-2.731829446788349790e-06
1.949984765744017766e-03,0.000000000000000000e+00,8.644322623511379862e-05,-3.029158463491904151e-06,0.000000000000000000e+00,6.227579460776784363e-03,6.742066175636090418e-06,6.742066231463337405e-06,6.742066123138878078e-06,6.742066112171893582e-06
1.954984726681822677e-03,0.000000000000000000e+00,8.791173188024997318e-05,-3.234166782044687640e-06,0.000000000000000000e+00,6.227579525860849237e-03,1.524375581757402214e-05,1.524375587552633927e-05,1.524375577521535965e-05,1.524375576686951692e-05
1.959984687619628022e-03,0.000000000000000000e+00,8.940875421579351978e-05,-3.438929854429455336e-06,0.000000000000000000e+00,6.227579476754456674e-03,2.253471680048907636e-05,2.253471686126779674e-05,2.253471676490621158e-05,2.253471675989490716e-05
1.964984648557433367e-03,0.000000000000000000e+00,9.099251928704386546e-05,-3.643447680646205968e-06,0.000000000000000000e+00,6.227579378167685982e-03,2.896846344948356391e-05,2.896846351378454544e-05,2.896846341567212962e-05,2.896846341480289086e-05
1.969984609495238279e-03,0.000000000000000000e+00,9.267809602686325550e-05,-3.847720260694939536e-06,0.000000000000000000e+00,6.227579338493508844e-03,3.469650091696939713e-05,3.469650098543604604e-05,3.469650088737738633e-05,3.469650089164529397e-05
1.974984570433043624e-03,0.000000000000000000e+00,9.441414479861498705e-05,-4.051747594575658158e-06,0.000000000000000000e+00,6.227579326806373210e-03,3.913671972776149206e-05,3.913671980102852741e-05,3.913671970985121079e-05,3.913671972036096520e-05
1.979984531370848535e-03,0.000000000000000000e+00,9.612028110124368988e-05,-4.255529682288359716e-06,0.000000000000000000e+00,6.227579284578974549e-03,4.117714226761265737e-05,4.117714234632818810e-05,4.117714226814780601e-05,4.117714228588344264e-05
1.984984492308653880e-03,0.000000000000000000e+00,9.773814554067508425e-05,-4.459066523833045057e-06,0.000000000000000000e+00,6.227579259450299366e-03,3.998837153499683003e-05,3.998837161971314873e-05,3.998837153690652340e-05,3.998837156257404761e-05
1.989984453246459225e-03,0.000000000000000000e+00,9.924172255727286499e-05,-4.662358119209714181e-06,0.000000000000000000e+00,6.227579292692579822e-03,3.559835037773045099e-05,3.559835046877245918e-05,3.559835038069133258e-05,3.559835041476423577e-05
1.994984414184264136e-03,0.000000000000000000e+00,1.006151923705813495e-04,-4.865404468418367088e-06,0.000000000000000000e+00,6.227579330422173577e-03,2.824527633048288746e-05,2.824527642794943049e-05,2.824527634134024387e-05,2.824527638418886579e-05
1.999984375122069481e-03,0.000000000000000000e+00,1.018334611548328794e-04,-5.068205571459002932e-06,0.000000000000000000e+00,6.227579325076240679e-03,1.833162791759671047e-05,1.833162802144412549e-05,1.833162793393560672e-05,1.833162798582596993e-05
2.004984336059874393e-03,0.000000000000000000e+00,1.028724527160510623e-04,-5.270761428331623406e-06,0.000000000000000000e+00,6.227579316953014629e-03,7.018382525848278547e-06,7.018382635920523445e-06,7.018382549871811751e-06,7.018382610777056831e-06
2.009984296997679738e-03,0.000000000000000000e+00,1.037228751069090233e-04,-5.473072039036227662e-06,0.000000000000000000e+00,6.227579329300035604e-03,-3.990782567321265991e-06,-3.990782451340041326e-06,-3.990782536198277012e-06,-3.990782466767340386e-06
2.014984257935485083e-03,0.000000000000000000e+00,1.044100987264312980e-04,-5.675137403572814008e-06,0.000000000000000000e+00,6.227579336835585046e-03,-1.354866078255259817e-05,-1.354866066118734918e-05,-1.354866076020305449e-05,-1.354866068311613941e-05
2.019984218873289994e-03,0.000000000000000000e+00,1.050181233742191557e-04,-5.876957521941385832e-06,0.000000000000000000e+00,6.227579333828774100e-03,-2.152887479031116778e-05,-2.152887466429753751e-05,-2.152887475784748150e-05,-2.152887467409242322e-05
2.024984179811095339e-03,0.000000000000000000e+00,1.056843165510153941e-04,-6.078532394141939744e-06,0.000000000000000000e+00,6.227579309783664446e-03,-2.843785737538619466e-05,-2.843785724561577675e-05,-2.843785731920617200e-05,-2.843785722975092757e-05
2.029984140748900250e-03,0.000000000000000000e+00,1.065438737083251706e-04,-6.279862020174477439e-06,0.000000000000000000e+00,6.227579293304090664e-03,-3.465994446544026466e-05,-3.465994433287780593e-05,-3.465994440769199099e-05,-3.465994431357979330e-05
2.034984101686705595e-03,0.000000000000000000e+00,1.076508589340768190e-04,-6.480946400038999765e-06,0.000000000000000000e+00,6.227579322621785637e-03,-4.069563786284716590e-05,-4.069563772847085048e-05,-4.069563780507824496e-05,-4.069563770752657850e-05
2.039984062624510940e-03,0.000000000000000000e+00,1.089520400737965995e-04,-6.681785533735505027e-06,0.000000000000000000e+00,6.227579362295305315e-03,-4.696728008478372087e-05,-4.696727994956864633e-05,-4.696728001719944990e-05,-4.696727991750859158e-05
2.044984023562315852e-03,0.000000000000000000e+00,1.103294197054417811e-04,-6.882379421263994072e-06,0.000000000000000000e+00,6.227579348603460782e-03,-5.276024075060782061e-05,-5.276024061550360574e-05,-5.276024068029997279e-05,-5.276024057966420517e-05
2.049983984500121197e-03,0.000000000000000000e+00,1.116588160534109968e-04,-7.082728062624466900e-06,0.000000000000000000e+00,6.227579292198272970e-03,-5.653740588107256424e-05,-5.653740574692438529e-05,-5.653740581006430827e-05,-5.653740570947573055e-05
2.054983945437926108e-03,0.000000000000000000e+00,1.128367129724031369e-04,-7.282831457816923511e-06,0.000000000000000000e+00,6.227579272104680382e-03,-5.743560524915323351e-05,-5.743560511659229266e-05,-5.743560516174598600e-05,-5.743560506202038577e-05
2.059983906375731453e-03,0.000000000000000000e+00,1.137710820918319814e-04,-7.482689606841362211e-06,0.000000000000000000e+00,6.227579303963132022e-03,-5.535345434011657153e-05,-5.535345420950095365e-05,-5.535345423987096761e-05,-5.535345414170133303e-05
2.064983867313536798e-03,0.000000000000000000e+00,1.143799677592605564e-04,-7.682302509697786389e-06,0.000000000000000000e+00,6.227579353289418133e-03,-5.048130492177400110e-05,-5.048130479324032923e-05,-5.048130481675476344e-05,-5.048130472068792542e-05
2.069983828251341709e-03,0.000000000000000000e+00,1.146157358210857702e-04,-7.881670166386194350e-06,0.000000000000000000e+00,6.227579397444563819e-03,-4.323517934552826458e-05,-4.323517921909333028e-05,-4.323517923722547998e-05,-4.323517914353826921e-05
2.074983789189147054e-03,0.000000000000000000e+00,1.144728162956527335e-04,-8.080792576906583552e-06,0.000000000000000000e+00,6.227579406396831566e-03,-3.424594376674789954e-05,-3.424594364232577979e-05,-3.424594365451198860e-05,-3.424594356309397909e-05
2.079983750126951966e-03,0.000000000000000000e+00,1.139495654437681048e-04,-8.279669741258960773e-06,0.000000000000000000e+00,6.227579385096712779e-03,-2.444161215283116711e-05,-2.444161203014766720e-05,-2.444161203576243176e-05,-2.444161194616710164e-05
2.084983711064757311e-03,0.000000000000000000e+00,1.130234118986053846e-04,-8.478301659443317543e-06,0.000000000000000000e+00,6.227579368649763074e-03,-1.482400578622589807e-05,-1.482400566481660845e-05,-1.482400566506788755e-05,-1.482400557669652681e-05
2.089983672002562656e-03,0.000000000000000000e+00,1.116775261185329576e-04,-8.676688331459658942e-06,0.000000000000000000e+00,6.227579358125730907e-03,-6.074225790411681694e-06,-6.074225669794247604e-06,-6.074225665932789568e-06,-6.074225578124046748e-06
2.094983632940367567e-03,0.000000000000000000e+00,1.099579941139867858e-04,-8.874829757307984971e-06,0.000000000000000000e+00,6.227579344512026126e-03,1.518576655099493204e-06,1.518576775277021580e-06,1.518576787941562805e-06,1.518576876013725249e-06
2.099983593878172912e-03,0.000000000000000000e+00,1.080012441343089719e-04,-9.072725936988293937e-06,0.000000000000000000e+00,6.227579353273728427e-03,8.067838192899641017e-06,8.067838312919788131e-06,8.067838339572664069e-06,8.067838428997171365e-06
2.104983554815977823e-03,0.000000000000000000e+00,1.060018597234673745e-04,-9.270376870500585839e-06,0.000000000000000000e+00,6.227579383309860862e-03,1.383797744883568339e-05,1.383797756904829502e-05,1.383797760390428695e-05,1.383797769589237503e-05
2.109983515753783168e-03,0.000000000000000000e+00,1.041287492132813566e-04,-9.467782557844862370e-06,0.000000000000000000e+00,6.227579382438684467e-03,1.883386357407527370e-05,1.883386369489376292e-05,1.883386372279265651e-05,1.883386381834346513e-05
2.114983476691588513e-03,0.000000000000000000e+00,1.024445471939551967e-04,-9.664942999021123533e-06,0.000000000000000000e+00,6.227579346032120072e-03,2.300194077994523770e-05,2.300194090172348301e-05,2.300194091688401073e-05,2.300194101657838594e-05
2.119983437629393425e-03,0.000000000000000000e+00,1.008997651572316937e-04,-9.861858194029364243e-06,0.000000000000000000e+00,6.227579297978319550e-03,2.674531057987846795e-05,2.674531070283402129e-05,2.674531073021069874e-05,2.674531083434194094e-05
2.124983398567198770e-03,0.000000000000000000e+00,9.938269188184393641e-05,-1.005852814286959297e-05,0.000000000000000000e+00,6.227579258569511736e-03,3.073479578589308138e-05,3.073479591012108828e-05,3.073479595334376334e-05,3.073479606217976534e-05
2.129983359505004115e-03,0.000000000000000000e+00,9.776086692288096119e-05,-1.025495284554180294e-05,0.000000000000000000e+00,6.227579285817907984e-03,3.503519846866874474e-05,3.503519859416969986e-05,3.503519863518151728e-05,3.503519874898219623e-05
2.134983320442809026e-03,0.000000000000000000e+00,9.591477838446096189e-05,-1.045113230204599754e-05,0.000000000000000000e+00,6.227579341390366077e-03,3.914684187232965549e-05,3.914684199899767293e-05,3.914684203274461073e-05,3.914684215151527244e-05
2.139983281380614371e-03,0.000000000000000000e+00,9.379558484662751309e-05,-1.064706651238217508e-05,0.000000000000000000e+00,6.227579322938964212e-03,4.269282093395361191e-05,4.269282106152962156e-05,4.269282108118891745e-05,4.269282120453091433e-05
2.144983242318419282e-03,0.000000000000000000e+00,9.146484641878066296e-05,-1.084275547655033725e-05,0.000000000000000000e+00,6.227579275028107507e-03,4.549149286757866095e-05,4.549149299559625259e-05,4.549149301390244385e-05,4.549149314117046554e-05
2.149983203256224627e-03,0.000000000000000000e+00,8.908695268862999142e-05,-1.103819919455048235e-05,0.000000000000000000e+00,6.227579292613517198e-03,4.731175488809351049e-05,4.731175501586782072e-05,4.731175504567370396e-05,4.731175517621073073e-05
2.154983164194029972e-03,0.000000000000000000e+00,8.687442958894309468e-05,-1.123339766638261039e-05,0.000000000000000000e+00,6.227579341992458238e-03,4.801349285280105369e-05,4.801349297949072806e-05,4.801349302090398489e-05,4.801349315408275835e-05
2.159983125131834884e-03,0.000000000000000000e+00,8.500660464319044799e-05,-1.142835089204672475e-05,0.000000000000000000e+00,6.227579357325976547e-03,4.769963448526758055e-05,4.769963460997536723e-05,4.769963465591877311e-05,4.769963479103139054e-05
2.164983086069640229e-03,0.000000000000000000e+00,8.357924885944712206e-05,-1.162305887154281866e-05,0.000000000000000000e+00,6.227579331833929706e-03,4.669667205923892263e-05,4.669667218108685503e-05,4.669667223084889550e-05,4.669667236703398539e-05
2.169983047007445140e-03,0.000000000000000000e+00,8.262044648401166002e-05,-1.181752160487090059e-05,0.000000000000000000e+00,6.227579329904314384e-03,4.506769237476587211e-05,4.506769249291130830e-05,4.506769254905507117e-05,4.506769268533644500e-05
2.174983007945250485e-03,0.000000000000000000e+00,8.213742032383211243e-05,-1.201173909203096207e-05,0.000000000000000000e+00,6.227579366990512212e-03,4.244839015541200359e-05,4.244839026904873762e-05,4.244839032881372220e-05,4.244839046420104258e-05
2.179982968883055830e-03,0.000000000000000000e+00,8.212277475728297065e-05,-1.220571133302300987e-05,0.000000000000000000e+00,6.227579395512393250e-03,3.882856299194238056e-05,3.882856310039421586e-05,3.882856315994691364e-05,3.882856329350321307e-05
2.184982929820860741e-03,0.000000000000000000e+00,8.250566321780863108e-05,-1.239943832784704061e-05,0.000000000000000000e+00,6.227579399567462030e-03,3.518471831829510476e-05,3.518471842118063933e-05,3.518471849095945747e-05,3.518471862178231381e-05
2.189982890758666086e-03,0.000000000000000000e+00,8.313487729399743776e-05,-1.259292007650305429e-05,0.000000000000000000e+00,6.227579387045239188e-03,3.274461714897610533e-05,3.274461724624493054e-05,3.274461732730027120e-05,3.274461745449130777e-05
2.194982851696470998e-03,0.000000000000000000e+00,8.383842971353872465e-05,-1.278615657899105259e-05,0.000000000000000000e+00,6.227579362723145370e-03,3.188975468601986648e-05,3.188975477777184414e-05,3.188975486268104918e-05,3.188975498544580327e-05
2.199982812634276343e-03,0.000000000000000000e+00,8.450310186931242452e-05,-1.297914783531103383e-05,0.000000000000000000e+00,6.227579327438748438e-03,3.217046152055986580e-05,3.217046160688410376e-05,3.217046169899380036e-05,3.217046181686275823e-05
2.204982773572081688e-03,0.000000000000000000e+00,8.511467160167864694e-05,-1.317189384546300140e-05,0.000000000000000000e+00,6.227579316067433091e-03,3.328313178725061342e-05,3.328313186831207305e-05,3.328313197008828583e-05,3.328313208306339226e-05
2.209982734509886599e-03,0.000000000000000000e+00,8.573879124773771138e-05,-1.336439460944694681e-05,0.000000000000000000e+00,6.227579326375761934e-03,3.521575976883490998e-05,3.521575984506992844e-05,3.521575996543602753e-05,3.521576007391595721e-05
2.214982695447691944e-03,0.000000000000000000e+00,8.646867080880677619e-05,-1.355665012726288195e-05,0.000000000000000000e+00,6.227579320724042390e-03,3.785369252939406524e-05,3.785369260152318975e-05,3.785369272945452633e-05,3.785369283403665434e-05
2.219982656385496855e-03,0.000000000000000000e+00,8.738354508655015612e-05,-1.374866039891079662e-05,0.000000000000000000e+00,6.227579315008727884e-03,4.125107672174620660e-05,4.125107679060187403e-05,4.125107691872102153e-05,4.125107702010927290e-05
2.224982617323302200e-03,0.000000000000000000e+00,8.852910216482116435e-05,-1.394042542439069593e-05,0.000000000000000000e+00,6.227579340531832347e-03,4.577592811693788555e-05,4.577592818334665775e-05,4.577592831142440906e-05,4.577592841052131433e-05
2.229982578261107545e-03,0.000000000000000000e+00,8.989858540476180126e-05,-1.413194520370257987e-05,0.000000000000000000e+00,6.227579378411247230e-03,5.124420643014017249e-05,5.124420649496792720e-05,5.124420663406457427e-05,5.124420673206241702e-05
2.234982539198912457e-03,0.000000000000000000e+00,9.141618711096823307e-05,-1.432321973684644675e-05,0.000000000000000000e+00,6.227579394648987549e-03,5.620826007809126654e-05,5.620826014232972349e-05,5.620826029508058233e-05,5.620826039332819815e-05
2.239982500136717802e-03,0.000000000000000000e+00,9.294035190749072486e-05,-1.451424902382229826e-05,0.000000000000000000e+00,6.227579358683187766e-03,5.836628913160230329e-05,5.836628919635338458e-05,5.836628934069188488e-05,5.836628944040152700e-05
2.244982461074522713e-03,0.000000000000000000e+00,9.430604005845037328e-05,-1.470503306463013100e-05,0.000000000000000000e+00,6.227579298100236783e-03,5.602051780385492428e-05,5.602051787018644030e-05,5.602051800418816386e-05,5.602051810629364885e-05
2.249982422012328058e-03,0.000000000000000000e+00,9.538709564698233194e-05,-1.489557185926995008e-05,0.000000000000000000e+00,6.227579261342808953e-03,4.928442233932380304e-05,4.928442240811224993e-05,4.928442254594128170e-05,4.928442265121239985e-05
2.254982382950133403e-03,0.000000000000000000e+00,9.612764199169293025e-05,-1.508586540774174870e-05,0.000000000000000000e+00,6.227579269209028781e-03,4.040237766138803321e-05,4.040237773327210770e-05,4.040237787563628262e-05,4.040237798480288497e-05
2.259982343887938314e-03,0.000000000000000000e+00,9.652185195378946395e-05,-1.527591371004553703e-05,0.000000000000000000e+00,6.227579299048459187e-03,3.288382675298331102e-05,3.288382682841333647e-05,3.288382697087319223e-05,3.288382708454053464e-05
2.264982304825743659e-03,0.000000000000000000e+00,9.658172941348569594e-05,-1.546571676618130830e-05,0.000000000000000000e+00,6.227579307356637117e-03,2.964083590704534840e-05,2.964083598627849757e-05,2.964083612940954902e-05,2.964083624787873815e-05
2.269982265763548571e-03,0.000000000000000000e+00,9.632270758880870322e-05,-1.565527457614906081e-05,0.000000000000000000e+00,6.227579310668291887e-03,3.131074327323080174e-05,3.131074335621780442e-05,3.131074349183431837e-05,3.131074361503143196e-05
2.274982226701353916e-03,0.000000000000000000e+00,9.578422941173768380e-05,-1.584458713994879456e-05,0.000000000000000000e+00,6.227579319653584432e-03,3.647260617192456445e-05,3.647260625821020482e-05,3.647260638453114881e-05,3.647260651208447153e-05
2.279982187639159261e-03,0.000000000000000000e+00,9.505657019398434666e-05,-1.603365445758051633e-05,0.000000000000000000e+00,6.227579326220081778e-03,4.332032951642144465e-05,4.332032960520933553e-05,4.332032972346476404e-05,4.332032985482093943e-05
2.284982148576964172e-03,0.000000000000000000e+00,9.426760602434517864e-05,-1.622247652904421935e-05,0.000000000000000000e+00,6.227579358561790950e-03,5.088028164514614361e-05,5.088028173551393391e-05,5.088028185765874797e-05,5.088028199212071536e-05
2.289982109514769517e-03,0.000000000000000000e+00,9.353490177933386669e-05,-1.641105335433990699e-05,0.000000000000000000e+00,6.227579404779721474e-03,5.876698728513762875e-05,5.876698737622360812e-05,5.876698750162432196e-05,5.876698763826881543e-05
2.294982070452574428e-03,0.000000000000000000e+00,9.292859617706172664e-05,-1.659938493346757587e-05,0.000000000000000000e+00,6.227579411868972535e-03,6.662272017544727234e-05,6.662272026642438426e-05,6.662272038470696525e-05,6.662272052231030001e-05
2.299982031390379773e-03,0.000000000000000000e+00,9.245832291181852879e-05,-1.678747126642722939e-05,0.000000000000000000e+00,6.227579389731689209e-03,7.350725073340072958e-05,7.350725082330766618e-05,7.350725094059005712e-05,7.350725107774201141e-05
2.304981992328185118e-03,0.000000000000000000e+00,9.208702659794018716e-05,-1.697531235321886415e-05,0.000000000000000000e+00,6.227579388004540403e-03,7.791214383136166538e-05,7.791214391907765979e-05,7.791214403679427370e-05,7.791214417216651012e-05
2.309981953265990030e-03,0.000000000000000000e+00,9.175089423809487600e-05,-1.716290819384249031e-05,0.000000000000000000e+00,6.227579389665055011e-03,7.849174225865923127e-05,7.849174234313434210e-05,7.849174246886284415e-05,7.849174260137773351e-05
2.314981914203795375e-03,0.000000000000000000e+00,9.139587182831155829e-05,-1.735025878829809433e-05,0.000000000000000000e+00,6.227579351020878611e-03,7.479174199870235813e-05,7.479174207917773873e-05,7.479174221846307763e-05,7.479174234722848417e-05
2.319981875141600286e-03,0.000000000000000000e+00,9.100759249567817570e-05,-1.753736413658567959e-05,0.000000000000000000e+00,6.227579311603114419e-03,6.754600640336588151e-05,6.754600647931921747e-05,6.754600661783268574e-05,6.754600674203377732e-05
2.324981836079405631e-03,0.000000000000000000e+00,9.061512906498990917e-05,-1.772422423870525626e-05,0.000000000000000000e+00,6.227579301768854277e-03,5.861042612093162054e-05,5.861042619188301011e-05,5.861042632686794919e-05,5.861042644584761797e-05
2.329981797017210976e-03,0.000000000000000000e+00,9.027507286273907510e-05,-1.791083909465681078e-05,0.000000000000000000e+00,6.227579322600429457e-03,4.973443612535467714e-05,4.973443619084070519e-05,4.973443633181724363e-05,4.973443644529096109e-05
2.334981757955015887e-03,0.000000000000000000e+00,9.004848862299055486e-05,-1.809720870444034993e-05,0.000000000000000000e+00,6.227579355180920713e-03,4.138688260262486922e-05,4.138688266237758198e-05,4.138688280483783077e-05,4.138688291296955537e-05
2.339981718892821232e-03,0.000000000000000000e+00,8.997085812154331352e-05,-1.828333306805587371e-05,0.000000000000000000e+00,6.227579355410186972e-03,3.346534127709031333e-05,3.346534133120827154e-05,3.346534147970617117e-05,3.346534158291142341e-05
2.344981679830626577e-03,0.000000000000000000e+00,9.003437491560108629e-05,-1.846921218550337873e-05,0.000000000000000000e+00,6.227579361236915828e-03,2.650905477090609576e-05,2.650905481986945869e-05,2.650905497406594527e-05,2.650905507275296452e-05
2.349981640768431489e-03,0.000000000000000000e+00,9.018380265213475308e-05,-1.865484605678286839e-05,0.000000000000000000e+00,6.227579384383577499e-03,2.124798947279317142e-05,2.124798951733793955e-05,2.124798967542904297e-05,2.124798976998701038e-05
2.354981601706236834e-03,0.000000000000000000e+00,9.035728709587897371e-05,-1.884023468189434606e-05,0.000000000000000000e+00,6.227579388734096576e-03,1.760723730893336760e-05,1.760723734989709389e-05,1.760723750885675505e-05,1.760723759986511231e-05
2.359981562644041745e-03,0.000000000000000000e+00,9.054158919525543683e-05,-1.902537806083780158e-05,0.000000000000000000e+00,6.227579359569575951e-03,1.464739407378479099e-05,1.464739411205215390e-05,1.464739426763093218e-05,1.464739435595872832e-05
2.364981523581847090e-03,0.000000000000000000e+00,9.076830652274401787e-05,-1.921027619361324174e-05,0.000000000000000000e+00,6.227579298039294213e-03,1.118525197446601205e-05,1.118525201101477222e-05,1.118525216379111997e-05,1.118525225044598708e-05
2.369981484519652435e-03,0.000000000000000000e+00,9.106489978089091599e-05,-1.939492908022066991e-05,0.000000000000000000e+00,6.227579262709186450e-03,6.444511465269628654e-06,6.444511501166537675e-06,6.444511654380537187e-06,6.444511740328111454e-06
2.374981445457457346e-03,0.000000000000000000e+00,9.142561996693411293e-05,-1.957933672066007594e-05,0.000000000000000000e+00,6.227579284826915973e-03,5.875763082174464061e-07,5.875763444724148888e-07,5.875765014375127245e-07,5.875765875834739657e-07
2.379981406395262691e-03,0.000000000000000000e+00,9.182636625023142117e-05,-1.976349911493146999e-05,0.000000000000000000e+00,6.227579314429726627e-03,-5.239642522367290078e-06,-5.239642484961702723e-06,-5.239642328174515899e-06,-5.239642240934668358e-06
2.384981367333067603e-03,0.000000000000000000e+00,9.227473647821722894e-05,-1.994741626303484527e-05,0.000000000000000000e+00,6.227579294777432946e-03,-9.365276223041219772e-06,-9.365276183906462936e-06,-9.365276030669105644e-06,-9.365275941467867763e-06
2.389981328270872948e-03,0.000000000000000000e+00,9.283385588958001789e-05,-2.013108816497020180e-05,0.000000000000000000e+00,6.227579249255846446e-03,-1.054117966018198279e-05,-1.054117961879685932e-05,-1.054117948300620556e-05,-1.054117939109770807e-05
2.394981289208678293e-03,0.000000000000000000e+00,9.359409592861563565e-05,-2.031451482073754635e-05,0.000000000000000000e+00,6.227579256619263613e-03,-8.742598441185931048e-06,-8.742598397001710963e-06,-8.742598278665685577e-06,-8.742598183542831891e-06
2.399981250146483204e-03,0.000000000000000000e+00,9.461753576429346359e-05,-2.049769623033687553e-05,0.000000000000000000e+00,6.227579287980239062e-03,-5.114496450918878651e-06,-5.114496403502726429e-06,-5.114496285523039333e-06,-5.114496187011610860e-06
2.404981211084288549e-03,0.000000000000000000e+00,9.589614847389424900e-05,-2.068063239376818256e-05,0.000000000000000000e+00,6.227579297473403129e-03,-6.365146655485977311e-07,-6.365146148143413220e-07,-6.365144909232632741e-07,-6.365143891766432811e-07
2.409981172022093460e-03,0.000000000000000000e+00,9.734286611049201886e-05,-2.086332331103147762e-05,0.000000000000000000e+00,6.227579309177603238e-03,4.916445606146016308e-06,4.916445659933095502e-06,4.916445769008750234e-06,4.916445873607353030e-06
2.414981132959898805e-03,0.000000000000000000e+00,9.881857141516193371e-05,-2.104576898212675730e-05,0.000000000000000000e+00,6.227579337381986511e-03,1.241385230099649872e-05,1.241385235747711135e-05,1.241385245369536159e-05,1.241385256057739242e-05
2.419981093897704150e-03,0.000000000000000000e+00,1.001909652815878576e-04,-2.122796940705401822e-05,0.000000000000000000e+00,6.227579375869668303e-03,2.187660672741372080e-05,2.187660678628379813e-05,2.187660687399660769e-05,2.187660698233204711e-05
2.424981054835509062e-03,0.000000000000000000e+00,1.014051679781065855e-04,-2.140992458581326377e-05,0.000000000000000000e+00,6.227579410348509960e-03,3.200211465026919403e-05,3.200211471106270699e-05,3.200211479573378736e-05,3.200211490439124838e-05
2.429981015773314407e-03,0.000000000000000000e+00,1.025064922785934562e-04,-2.159163451840449057e-05,0.000000000000000000e+00,6.227579403935661409e-03,4.087743661209396092e-05,4.087743667388890400e-05,4.087743675757561011e-05,4.087743686527445345e-05
2.434980976711119318e-03,0.000000000000000000e+00,1.036028898130883529e-04,-2.177309920482770200e-05,0.000000000000000000e+00,6.227579373670211541e-03,4.677155677748090783e-05,4.677155683893633299e-05,4.677155691471604075e-05,4.677155702028952934e-05
2.439980937648924663e-03,0.000000000000000000e+00,1.047975155899006684e-04,-2.195431864508289805e-05,0.000000000000000000e+00,6.227579357651192964e-03,4.890944048889857998e-05,4.890944054856406189e-05,4.890944063142475503e-05,4.890944073395060552e-05
2.444980898586730008e-03,0.000000000000000000e+00,1.061253844203886062e-04,-2.213529283917007874e-05,0.000000000000000000e+00,6.227579359368969059e-03,4.777990479162086228e-05,4.777990484815337939e-05,4.777990493647750280e-05,4.777990503516032415e-05
2.449980859524534919e-03,0.000000000000000000e+00,1.075399382026820221e-04,-2.231602178708924067e-05,0.000000000000000000e+00,6.227579370204872414e-03,4.464141834367537005e-05,4.464141839581458476e-05,4.464141847540469395e-05,4.464141856940071260e-05
2.454980820462340264e-03,0.000000000000000000e+00,1.089519557143715550e-04,-2.249650548884038722e-05,0.000000000000000000e+00,6.227579362972932540e-03,4.094362549517912067e-05,4.094362554166056865e-05,4.094362561424962527e-05,4.094362570270912487e-05
2.459980781400145176e-03,0.000000000000000000e+00,1.102722521100052666e-04,-2.267674394442351841e-05,0.000000000000000000e+00,6.227579336300933729e-03,3.771358555693281935e-05,3.771358559655193843e-05,3.771358567042361299e-05,3.771358575271388703e-05
2.464980742337950521e-03,0.000000000000000000e+00,1.114262031837155530e-04,-2.285673715383863423e-05,0.000000000000000000e+00,6.227579321262697448e-03,3.490018952687334300e-05,3.490018955870269985e-05,3.490018964185011703e-05,3.490018971765736352e-05
2.469980703275755866e-03,0.000000000000000000e+00,1.123354736298273890e-04,-2.303648511708573129e-05,0.000000000000000000e+00,6.227579332383019126e-03,3.122225624757337211e-05,3.122225627114965328e-05,3.122225636330543526e-05,3.122225643250163026e-05
2.474980664213560777e-03,0.000000000000000000e+00,1.128943290730848557e-04,-2.321598783416480960e-05,0.000000000000000000e+00,6.227579362685555647e-03,2.477654174659890682e-05,2.477654176189937455e-05,2.477654185719114694e-05,2.477654191970322538e-05
2.479980625151366122e-03,0.000000000000000000e+00,1.129993550137735667e-04,-2.339524530507587592e-05,0.000000000000000000e+00,6.227579371217631735e-03,1.416920838085839856e-05,1.416920838809908014e-05,1.416920848001862124e-05,1.416920853589366121e-05
2.484980586089171033e-03,0.000000000000000000e+00,1.126223703595648006e-04,-2.357425752981892348e-05,0.000000000000000000e+00,6.227579313232993810e-03,-4.255152081611749073e-07,-4.255152086842516335e-07,-4.255151207698869276e-07,-4.255150712297589857e-07
2.489980547026976378e-03,0.000000000000000000e+00,1.118435931589349940e-04,-2.375302450839395567e-05,0.000000000000000000e+00,6.227579261864235605e-03,-1.716039609141734368e-05,-1.716039609929183630e-05,-1.716039599996252213e-05,-1.716039595619533363e-05
2.494980507964781723e-03,0.000000000000000000e+00,1.107980463762846810e-04,-2.393154624080097250e-05,0.000000000000000000e+00,6.227579282106402055e-03,-3.333323960314218487e-05,-3.333323961772351147e-05,-3.333323950234270950e-05,-3.333323946363732891e-05
2.499980468902586635e-03,0.000000000000000000e+00,1.095933567620864860e-04,-2.410982272703997056e-05,0.000000000000000000e+00,6.227579327242134012e-03,-4.640157794429194363e-05,-4.640157796473069280e-05,-4.640157785187715254e-05,-4.640157781748085894e-05
2.504980429840391980e-03,0.000000000000000000e+00,1.082694925220451779e-04,-2.428785396711095326e-05,0.000000000000000000e+00,6.227579366842783161e-03,-5.475940724895232974e-05,-5.475940727441147706e-05,-5.475940716227107078e-05,-5.475940713142895454e-05
2.509980390778196891e-03,0.000000000000000000e+00,1.068122563387394262e-04,-2.446563996101392059e-05,0.000000000000000000e+00,6.227579412771637631e-03,-5.861020039179226746e-05,-5.861020042165186614e-05,-5.861020031542177116e-05,-5.861020028736306617e-05
2.514980351716002236e-03,0.000000000000000000e+00,1.051930771785175448e-04,-2.464318070874886915e-05,0.000000000000000000e+00,6.227579423123037923e-03,-5.996517092725956886e-05,-5.996517096108246181e-05,-5.996517085807886440e-05,-5.996517083202653652e-05
2.519980312653807581e-03,0.000000000000000000e+00,1.034210469898014115e-04,-2.482047621031580235e-05,0.000000000000000000e+00,6.227579379555726706e-03,-6.105388221935587750e-05,-6.105388225666435846e-05,-6.105388215427840393e-05,-6.105388212958157948e-05
2.524980273591612492e-03,0.000000000000000000e+00,1.015712064032397625e-04,-2.499752646571472018e-05,0.000000000000000000e+00,6.227579337348176751e-03,-6.287404185783427777e-05,-6.287404189802178983e-05,-6.287404179953171252e-05,-6.287404177586837669e-05
2.529980234529417837e-03,0.000000000000000000e+00,9.977099926663688615e-05,-2.517433147494561925e-05,0.000000000000000000e+00,6.227579339696393858e-03,-6.516926084663854520e-05,-6.516926088918780196e-05,-6.516926078834129254e-05,-6.516926076577572496e-05
2.534980195467222749e-03,0.000000000000000000e+00,9.814642009927914009e-05,-2.535089123800850634e-05,0.000000000000000000e+00,6.227579352062130764e-03,-6.733036522963335528e-05,-6.733036527435547517e-05,-6.733036517169342856e-05,-6.733036515052272773e-05
2.539980156405028094e-03,0.000000000000000000e+00,9.676725497635440567e-05,-2.552720575490337467e-05,0.000000000000000000e+00,6.227579332627896161e-03,-6.880377247891806983e-05,-6.880377252588608741e-05,-6.880377242678739321e-05,-6.880377240736986085e-05
2.544980117342833439e-03,0.000000000000000000e+00,9.562810324736435263e-05,-2.570327502563022424e-05,0.000000000000000000e+00,6.227579291582589251e-03,-6.894081871912869362e-05,-6.894081876842088829e-05,-6.894081868042931680e-05,-6.894081866318527098e-05
2.549980078280638350e-03,0.000000000000000000e+00,9.466699999765070342e-05,-2.587909905018906184e-05,0.000000000000000000e+00,6.227579275697902456e-03,-6.720819961682423420e-05,-6.720819966843351800e-05,-6.720819958540103303e-05,-6.720819957094092024e-05
2.554980039218443695e-03,0.000000000000000000e+00,9.379213222434886008e-05,-2.605467782857988067e-05,0.000000000000000000e+00,6.227579286280615981e-03,-6.374182355457487601e-05,-6.374182360857131549e-05,-6.374182351530323018e-05,-6.374182350446278055e-05
2.559980000156249040e-03,0.000000000000000000e+00,9.291896516684283096e-05,-2.623001136080268074e-05,0.000000000000000000e+00,6.227579291268259959e-03,-5.945595918008359811e-05,-5.945595923680965886e-05,-5.945595913930301391e-05,-5.945595913296337887e-05
2.564979961094053951e-03,0.000000000000000000e+00,9.199665930186459967e-05,-2.640509964685746884e-05,0.000000000000000000e+00,6.227579315039170546e-03,-5.518334611127473507e-05,-5.518334617135095343e-05,-5.518334608759159900e-05,-5.518334608643555488e-05
2.569979922031859296e-03,0.000000000000000000e+00,9.099533235469544669e-05,-2.657994268674423817e-05,0.000000000000000000e+00,6.227579351692113380e-03,-5.094975201177761367e-05,-5.094975207591204819e-05,-5.094975199486706844e-05,-5.094975199931706784e-05
2.574979882969664208e-03,0.000000000000000000e+00,8.988256900799644589e-05,-2.675454048046299214e-05,0.000000000000000000e+00,6.227579355396943225e-03,-4.647310657069154873e-05,-4.647310663946356319e-05,-4.647310655378344296e-05,-4.647310656413808870e-05
2.579979843907469553e-03,0.000000000000000000e+00,8.863546774886036338e-05,-2.692889302801373074e-05,0.000000000000000000e+00,6.227579341693317318e-03,-4.178960188396464075e-05,-4.178960195777862220e-05,-4.178960187214400459e-05,-4.178960188869206038e-05
2.584979804845274898e-03,0.000000000000000000e+00,8.727881072985182347e-05,-2.710300032939645058e-05,0.000000000000000000e+00,6.227579365665489655e-03,-3.739796210069185419e-05,-3.739796217990560970e-05,-3.739796209300092378e-05,-3.739796211597697708e-05
2.589979765783079809e-03,0.000000000000000000e+00,8.589200314600332507e-05,-2.727686238461115504e-05,0.000000000000000000e+00,6.227579388086790582e-03,-3.422121703932087887e-05,-3.422121712431381142e-05,-3.422121703155703586e-05,-3.422121706104804646e-05
2.594979726720885154e-03,0.000000000000000000e+00,8.455253869026292852e-05,-2.745047919365784414e-05,0.000000000000000000e+00,6.227579355349325066e-03,-3.268395017999622655e-05,-3.268395027102263578e-05,-3.268395017550279808e-05,-3.268395021141716445e-05
2.599979687658690065e-03,0.000000000000000000e+00,8.327175132948539847e-05,-2.762385075653651448e-05,0.000000000000000000e+00,6.227579300718166962e-03,-3.224390779399229691e-05,-3.224390789100272287e-05,-3.224390779982861142e-05,-3.224390784188036846e-05
2.604979648596495410e-03,0.000000000000000000e+00,8.200426949342323312e-05,-2.779697707324716945e-05,0.000000000000000000e+00,6.227579267247373117e-03,-3.234411491086737543e-05,-3.234411501355994234e-05,-3.234411492549545147e-05,-3.234411497318215957e-05
2.609979609534300755e-03,0.000000000000000000e+00,8.071116426416689155e-05,-2.796985814378980906e-05,0.000000000000000000e+00,6.227579277424608040e-03,-3.307328283145095427e-05,-3.307328293951244968e-05,-3.307328285504099126e-05,-3.307328290766263528e-05
2.614979570472105667e-03,0.000000000000000000e+00,7.939319268633263224e-05,-2.814249396816442990e-05,0.000000000000000000e+00,6.227579316553543375e-03,-3.463073547361482959e-05,-3.463073558684863344e-05,-3.463073549390439931e-05,-3.463073555059170661e-05
2.619979531409911012e-03,0.000000000000000000e+00,7.807383276739846575e-05,-2.831488454637103876e-05,0.000000000000000000e+00,6.227579359938150046e-03,-3.684974787273439595e-05,-3.684974799088885136e-05,-3.684974789353259202e-05,-3.684974795324110999e-05
2.624979492347715923e-03,0.000000000000000000e+00,7.676074156785688885e-05,-2.848702987840962886e-05,0.000000000000000000e+00,6.227579386457624162e-03,-3.938013375409186024e-05,-3.938013387657939062e-05,-3.938013378421140317e-05,-3.938013384576819447e-05
2.629979453285521268e-03,0.000000000000000000e+00,7.544216691054234038e-05,-2.865892996428020021e-05,0.000000000000000000e+00,6.227579376679667940e-03,-4.209532116439331390e-05,-4.209532129027811724e-05,-4.209532120411161715e-05,-4.209532126636023785e-05
2.634979414223326613e-03,0.000000000000000000e+00,7.411715101247270422e-05,-2.883058480398275957e-05,0.000000000000000000e+00,6.227579341861509167e-03,-4.494248651676887912e-05,-4.494248664506996253e-05,-4.494248655984560024e-05,-4.494248662174819104e-05
2.639979375161131524e-03,0.000000000000000000e+00,7.281960361849495870e-05,-2.900199439751730018e-05,0.000000000000000000e+00,6.227579306961154859e-03,-4.767678127707070985e-05,-4.767678140698749167e-05,-4.767678132430505492e-05,-4.767678138489804470e-05
2.644979336098936869e-03,0.000000000000000000e+00,7.158777961296403384e-05,-2.917315874488382203e-05,0.000000000000000000e+00,6.227579300388636288e-03,-5.003146424405225409e-05,-5.003146437484088353e-05,-5.003146429909559919e-05,-5.003146435742152222e-05
2.649979297036741781e-03,0.000000000000000000e+00,7.041717335042030866e-05,-2.934407784608233189e-05,0.000000000000000000e+00,6.227579314197575523e-03,-5.211782917589800293e-05,-5.211782930664213943e-05,-5.211782924577387750e-05,-5.211782930096621908e-05
2.654979257974547126e-03,0.000000000000000000e+00,6.925594724755251830e-05,-2.951475170111282300e-05,0.000000000000000000e+00,6.227579330815261917e-03,-5.400356331310403953e-05,-5.400356344276129045e-05,-5.400356339068309599e-05,-5.400356344214967167e-05
2.659979218912352471e-03,0.000000000000000000e+00,6.806339617232831641e-05,-2.968518030997529874e-05,0.000000000000000000e+00,6.227579367698020049e-03,-5.504054756003188387e-05,-5.504054768772472309e-05,-5.504054763719817779e-05,-5.504054768468432204e-05
2.664979179850157382e-03,0.000000000000000000e+00,6.686912933904723020e-05,-2.985536367266975911e-05,0.000000000000000000e+00,6.227579408328431411e-03,-5.398171011301443507e-05,-5.398171023823988086e-05,-5.398171019750638491e-05,-5.398171024095651881e-05
2.669979140787962727e-03,0.000000000000000000e+00,6.577001158584327599e-05,-3.002530178919620072e-05,0.000000000000000000e+00,6.227579404047066218e-03,-4.939078342606440463e-05,-4.939078354867468024e-05,-4.939078351738411087e-05,-4.939078355678567123e-05
2.674979101725767638e-03,0.000000000000000000e+00,6.487053909223589271e-05,-3.019499465955462696e-05,0.000000000000000000e+00,6.227579362015316609e-03,-4.020335309031135767e-05,-4.020335321038788669e-05,-4.020335318893903379e-05,-4.020335322435195666e-05
2.679979062663572983e-03,0.000000000000000000e+00,6.421974165476935321e-05,-3.036444228374503783e-05,0.000000000000000000e+00,6.227579347464998194e-03,-2.700272137933990626e-05,-2.700272149711950554e-05,-2.700272148698247950e-05,-2.700272151870319930e-05
2.684979023601378328e-03,0.000000000000000000e+00,6.379728473058336193e-05,-3.053364466176742995e-05,0.000000000000000000e+00,6.227579379371680351e-03,-1.241993125661203230e-05,-1.241993137251291759e-05,-1.241993137317866854e-05,-1.241993140179907835e-05
2.689978984539183240e-03,0.000000000000000000e+00,6.355978181671578364e-05,-3.070260179362181008e-05,0.000000000000000000e+00,6.227579415401286733e-03,6.208816770579047408e-07,6.208815623740414777e-07,6.208815579336072005e-07,6.208815316452993255e-07
2.694978945476988585e-03,0.000000000000000000e+00,6.348658495522276394e-05,-3.087131367930817145e-05,0.000000000000000000e+00,6.227579436993230244e-03,1.072574326887557320e-05,1.072574315456641021e-05,1.072574314447443954e-05,1.072574311967681479e-05
2.699978906414793496e-03,0.000000000000000000e+00,6.357708946217442182e-05,-3.103978031882651407e-05,0.000000000000000000e+00,6.227579412223693128e-03,1.775216629364054883e-05,1.775216617891950760e-05,1.775216615447609508e-05,1.775216613022672765e-05
2.704978867352598841e-03,0.000000000000000000e+00,6.381585112924721172e-05,-3.120800171217684470e-05,0.000000000000000000e+00,6.227579311808300981e-03,2.182358171546590158e-05,2.182358159979531947e-05,2.182358156344039771e-05,2.182358153868829250e-05
2.709978828290404186e-03,0.000000000000000000e+00,6.416571797648782619e-05,-3.137597785935914980e-05,0.000000000000000000e+00,6.227579211166470174e-03,2.319031062739184700e-05,2.319031051042079827e-05,2.319031047082726975e-05,2.319031044452871956e-05
2.714978789228209097e-03,0.000000000000000000e+00,6.460316207678770521e-05,-3.154370876037344970e-05,0.000000000000000000e+00,6.227579173495505736e-03,2.227909474148685352e-05,2.227909462283340084e-05,2.227909457989161885e-05,2.227909455115595496e-05
2.719978750166014442e-03,0.000000000000000000e+00,6.514844000482710926e-05,-3.171119441521973083e-05,0.000000000000000000e+00,6.227579187306810267e-03,1.946777034019185525e-05,1.946777021937070974e-05,1.946777017838214507e-05,1.946777014657995764e-05
2.724978711103819354e-03,0.000000000000000000e+00,6.584924183829671566e-05,-3.187843482389799321e-05,0.000000000000000000e+00,6.227579263326790508e-03,1.534713318282635377e-05,1.534713305945320641e-05,1.534713301001045671e-05,1.534713297486995658e-05
2.729978672041624699e-03,0.000000000000000000e+00,6.675048932471392305e-05,-3.204542998640823683e-05,0.000000000000000000e+00,6.227579355782307709e-03,1.094058541058818998e-05,1.094058528464806522e-05,1.094058522162865470e-05,1.094058518327444551e-05
2.734978632979430044e-03,0.000000000000000000e+00,6.786626161373447729e-05,-3.221217990275046170e-05,0.000000000000000000e+00,6.227579376970300042e-03,7.421435720612574843e-06,7.421435592460855531e-06,7.421435535240530726e-06,7.421435494126952459e-06
2.739978593917234955e-03,0.000000000000000000e+00,6.915941259182990276e-05,-3.237868457292468135e-05,0.000000000000000000e+00,6.227579355798939370e-03,5.704826141665080802e-06,5.704826011757555365e-06,5.704825954904991936e-06,5.704825911728371752e-06
2.744978554855040300e-03,0.000000000000000000e+00,7.053334876544250782e-05,-3.254494399693087548e-05,0.000000000000000000e+00,6.227579367665184336e-03,5.767924562212054090e-06,5.767924430954588527e-06,5.767924364978379114e-06,5.767924320654523954e-06
2.749978515792845211e-03,0.000000000000000000e+00,7.185069601656282341e-05,-3.271095817476905762e-05,0.000000000000000000e+00,6.227579397702531945e-03,6.650394517514286440e-06,6.650394385474465671e-06,6.650394317667296287e-06,6.650394273308231661e-06
2.754978476730650556e-03,0.000000000000000000e+00,7.299919425082114076e-05,-3.287672710643922100e-05,0.000000000000000000e+00,6.227579391597601148e-03,7.537683854985957296e-06,7.537683723190790136e-06,7.537683645404151311e-06,7.537683602187891679e-06
2.759978437668455901e-03,0.000000000000000000e+00,7.395989743021347685e-05,-3.304225079194137240e-05,0.000000000000000000e+00,6.227579359355676740e-03,8.116087185876175636e-06,8.116087055775648659e-06,8.116086968975537425e-06,8.116086927972374985e-06
2.764978398606260813e-03,0.000000000000000000e+00,7.480953799066431442e-05,-3.320752923127549150e-05,0.000000000000000000e+00,6.227579318231211795e-03,7.931451225650467719e-06,7.931451098775997859e-06,7.931451008222568439e-06,7.931450970333138076e-06
2.769978359544066158e-03,0.000000000000000000e+00,7.563810164411922466e-05,-3.337256242444161216e-05,0.000000000000000000e+00,6.227579290266894302e-03,6.427038132441129132e-06,6.427038010139398824e-06,6.427037909607216555e-06,6.427037875647029733e-06
2.774978320481871069e-03,0.000000000000000000e+00,7.646189236259358011e-05,-3.353735037143971406e-05,0.000000000000000000e+00,6.227579311230352702e-03,3.457816225268814846e-06,3.457816108700022061e-06,3.457815992175564673e-06,3.457815962978006945e-06
2.779978281419676414e-03,0.000000000000000000e+00,7.722708444632341257e-05,-3.370189307226979721e-05,0.000000000000000000e+00,6.227579345380544924e-03,-4.046775326942890729e-07,-4.046776424610312096e-07,-4.046777723807640332e-07,-4.046777959773807728e-07
2.784978242357481759e-03,0.000000000000000000e+00,7.788066632078512099e-05,-3.386619052693186160e-05,0.000000000000000000e+00,6.227579336755138979e-03,-4.107040088209456389e-06,-4.107040190207097137e-06,-4.107040320789309728e-06,-4.107040338067148772e-06
2.789978203295286670e-03,0.000000000000000000e+00,7.842115828611453520e-05,-3.403024273542590723e-05,0.000000000000000000e+00,6.227579310600046998e-03,-6.435406466437938683e-06,-6.435406559965510844e-06,-6.435406698331941821e-06,-6.435406708770094849e-06
2.794978164233092015e-03,0.000000000000000000e+00,7.889632395481400876e-05,-3.419404969775194765e-05,0.000000000000000000e+00,6.227579303998018179e-03,-6.191583893821617782e-06,-6.191583978632604277e-06,-6.191584131924722249e-06,-6.191584135142312424e-06
2.799978125170897360e-03,0.000000000000000000e+00,7.937245993141227622e-05,-3.435761141390996254e-05,0.000000000000000000e+00,6.227579316356584606e-03,-2.815813608909825219e-06,-2.815813685208950521e-06,-2.815813853638103761e-06,-2.815813849331530759e-06
2.804978086108702272e-03,0.000000000000000000e+00,7.990864299234497724e-05,-3.452092788389996545e-05,0.000000000000000000e+00,6.227579337315013175e-03,3.042044284073453821e-06,3.042044215851070579e-06,3.042044026558633569e-06,3.042044038573389350e-06
2.809978047046507617e-03,0.000000000000000000e+00,8.053278204443648674e-05,-3.468399910772194960e-05,0.000000000000000000e+00,6.227579365297736085e-03,9.715737736413040037e-06,9.715737675782387792e-06,9.715737482039269523e-06,9.715737501743148147e-06
2.814978007984312528e-03,0.000000000000000000e+00,8.119810578914718122e-05,-3.484682508537591500e-05,0.000000000000000000e+00,6.227579386708682885e-03,1.566028341636033946e-05,1.566028336273759397e-05,1.566028317207725042e-05,1.566028319919045996e-05
2.819977968922117873e-03,0.000000000000000000e+00,8.177155926699672752e-05,-3.500940581686186163e-05,0.000000000000000000e+00,6.227579387135984308e-03,2.038689879860723081e-05,2.038689875118253371e-05,2.038689855134789838e-05,2.038689858529310289e-05
2.824977929859923218e-03,0.000000000000000000e+00,8.210163525489856250e-05,-3.517174130217980306e-05,0.000000000000000000e+00,6.227579384722565885e-03,2.412597815386465861e-05,2.412597811165459450e-05,2.412597789234897903e-05,2.412597793227191865e-05
2.829977890797728129e-03,0.000000000000000000e+00,8.213469794509585227e-05,-3.533383154132972573e-05,0.000000000000000000e+00,6.227579364151426475e-03,2.715045337819907772e-05,2.715045334026329433e-05,2.715045310325141394e-05,2.715045314813659783e-05
2.834977851735533474e-03,0.000000000000000000e+00,8.197266517418914716e-05,-3.549567653431162287e-05,0.000000000000000000e+00,6.227579332275101111e-03,2.963591161766188889e-05,2.963591158321646061e-05,2.963591134136172694e-05,2.963591139014783976e-05
2.839977812673338386e-03,0.000000000000000000e+00,8.180809543994045597e-05,-3.565727628112550803e-05,0.000000000000000000e+00,6.227579340209913640e-03,3.196019957374714176e-05,3.196019954200788888e-05,3.196019929956166872e-05,3.196019935117396118e-05
2.844977773611143731e-03,0.000000000000000000e+00,8.181166792833912261e-05,-3.581863078177137443e-05,0.000000000000000000e+00,6.227579379882574630e-03,3.473176255148186208e-05,3.473176252143709522e-05,3.473176227894878769e-05,3.473176233232879047e-05
2.849977734548949076e-03,0.000000000000000000e+00,8.206076734107781482e-05,-3.597974003624922884e-05,0.000000000000000000e+00,6.227579383875384185e-03,3.812644559916046920e-05,3.812644556960170951e-05,3.812644532563592579e-05,3.812644537985661217e-05
2.854977695486753987e-03,0.000000000000000000e+00,8.253363447492209517e-05,-3.614060404455906450e-05,0.000000000000000000e+00,6.227579345272542775e-03,4.172574872927498860e-05,4.172574869912596215e-05,4.172574844167460076e-05,4.172574849602579797e-05
2.859977656424559332e-03,0.000000000000000000e+00,8.315070476330701425e-05,-3.630122280670088818e-05,0.000000000000000000e+00,6.227579312655118389e-03,4.540401027720505233e-05,4.540401024579899511e-05,4.540400998743272971e-05,4.540401004134205355e-05
2.864977617362364243e-03,0.000000000000000000e+00,8.380671663039912327e-05,-3.646159632267469310e-05,0.000000000000000000e+00,6.227579311514095349e-03,4.960469408280923404e-05,4.960469404982994525e-05,4.960469379925788052e-05,4.960469385216612661e-05
2.869977578300169588e-03,0.000000000000000000e+00,8.438259370659124741e-05,-3.662172459248047926e-05,0.000000000000000000e+00,6.227579326437924882e-03,5.470105837324679165e-05,5.470105833850427165e-05,5.470105808944641723e-05,5.470105814083459154e-05
2.874977539237974934e-03,0.000000000000000000e+00,8.478091852687802302e-05,-3.678160761611824666e-05,0.000000000000000000e+00,6.227579345600953685e-03,6.036503410715632405e-05,6.036503407054491055e-05,6.036503382850658079e-05,6.036503387805037814e-05
2.879977500175779845e-03,0.000000000000000000e+00,8.497617951661822595e-05,-3.694124539358800208e-05,0.000000000000000000e+00,6.227579367390520364e-03,6.561449470707299433e-05,6.561449466873323381e-05,6.561449442350590633e-05,6.561449447117456246e-05
2.884977461113585190e-03,0.000000000000000000e+00,8.501807796503975682e-05,-3.710063792488975230e-05,0.000000000000000000e+00,6.227579363572100825e-03,6.944157131095904595e-05,6.944157127140382704e-05,6.944157102431291865e-05,6.944157107031835444e-05
2.889977422051390101e-03,0.000000000000000000e+00,8.497449009849184962e-05,-3.725978521002347020e-05,0.000000000000000000e+00,6.227579330017939639e-03,7.135331125560992883e-05,7.135331121567900677e-05,7.135331097094005815e-05,7.135331101561635694e-05
2.894977382989195446e-03,0.000000000000000000e+00,8.487335058810584047e-05,-3.741868724898917613e-05,0.000000000000000000e+00,6.227579290023753725e-03,7.159749619177428596e-05,7.159749615245008343e-05,7.159749590114969234e-05,7.159749594490386363e-05
2.899977343927000791e-03,0.000000000000000000e+00,8.470121816428705184e-05,-3.757734404178686329e-05,0.000000000000000000e+00,6.227579265500930716e-03,7.109628690740192798e-05,7.109628686960979798e-05,7.109628662012208451e-05,7.109628666346978841e-05
2.904977304864805703e-03,0.000000000000000000e+00,8.444372407852537344e-05,-3.773575558841653170e-05,0.000000000000000000e+00,6.227579270585818956e-03,7.134013438207488988e-05,7.134013434662937996e-05,7.134013410281551330e-05,7.134013414638652219e-05
2.909977265802611048e-03,0.000000000000000000e+00,8.411685345764790243e-05,-3.789392188887819491e-05,0.000000000000000000e+00,6.227579281013568765e-03,7.375116345968520571e-05,7.375116342741112267e-05,7.375116318585689596e-05,7.375116323033225143e-05
2.914977226740415959e-03,0.000000000000000000e+00,8.375719569471286698e-05,-3.805184294317183935e-05,0.000000000000000000e+00,6.227579307332536604e-03,7.831394458007825173e-05,7.831394455187613390e-05,7.831394430699421968e-05,7.831394435306191578e-05
2.919977187678221304e-03,0.000000000000000000e+00,8.339127783927677436e-05,-3.820951875129746504e-05,0.000000000000000000e+00,6.227579348240568774e-03,8.339480921886281153e-05,8.339480919552386899e-05,8.339480895540657608e-05,8.339480900374221983e-05
2.924977148616026649e-03,0.000000000000000000e+00,8.303961144178959031e-05,-3.836694931325506519e-05,0.000000000000000000e+00,6.227579375088937788e-03,8.699009912757795079e-05,8.699009910951956072e-05,8.699009887276288797e-05,8.699009892393893813e-05
2.929977109553831560e-03,0.000000000000000000e+00,8.274537692021817611e-05,-3.852413462904465336e-05,0.000000000000000000e+00,6.227579396679666993e-03,8.710970870094407611e-05,8.710970868820204428e-05,8.710970844183230652e-05,8.710970849619124900e-05
2.934977070491636905e-03,0.000000000000000000e+00,8.256009755372794938e-05,-3.868107469866622955e-05,0.000000000000000000e+00,6.227579394977604023e-03,8.172623310882562810e-05,8.172623310130360961e-05,8.172623284308767563e-05,8.172623290071987867e-05
2.939977031429441817e-03,0.000000000000000000e+00,8.249559220291917850e-05,-3.883776952211979376e-05,0.000000000000000000e+00,6.227579354950147847e-03,7.032781081006687950e-05,7.032781080768357273e-05,7.032781055052255391e-05,7.032781061133733757e-05
2.944976992367247162e-03,0.000000000000000000e+00,8.251173067286415581e-05,-3.899421909940533243e-05,0.000000000000000000e+00,6.227579319947037194e-03,5.489131096792128768e-05,5.489131097044101418e-05,5.489131072226785519e-05,5.489131078602128752e-05
2.949976953305052507e-03,0.000000000000000000e+00,8.256479777073908149e-05,-3.915042343052285912e-05,0.000000000000000000e+00,6.227579301743431037e-03,3.843701205500551078e-05,3.843701206177290423e-05,3.843701182860921649e-05,3.843701189490824033e-05
2.954976914242857418e-03,0.000000000000000000e+00,8.267297654266999468e-05,-3.930638251547237383e-05,0.000000000000000000e+00,6.227579294671869818e-03,2.289817656105740384e-05,2.289817657101551619e-05,2.289817633296100939e-05,2.289817640135324815e-05
2.959976875180662763e-03,0.000000000000000000e+00,8.293557051852825811e-05,-3.946209635425386978e-05,0.000000000000000000e+00,6.227579317697389677e-03,8.680417898763162558e-06,8.680417910780486543e-06,8.680417656647369947e-06,8.680417726731131807e-06
2.964976836118467674e-03,0.000000000000000000e+00,8.347614056487194208e-05,-3.961756494686735375e-05,0.000000000000000000e+00,6.227579367868194687e-03,-4.387181375984139622e-06,-4.387181362863070721e-06,-4.387181615400527169e-06,-4.387181543995829286e-06
2.969976797056273019e-03,0.000000000000000000e+00,8.436380150631420474e-05,-3.977278829331282574e-05,0.000000000000000000e+00,6.227579398704198577e-03,-1.605743465064976395e-05,-1.605743463730563062e-05,-1.605743488210130673e-05,-1.605743480979714117e-05
2.974976757994078364e-03,0.000000000000000000e+00,8.556294854210378146e-05,-3.992776639359028575e-05,0.000000000000000000e+00,6.227579381800110205e-03,-2.566187846760117298e-05,-2.566187845503887816e-05,-2.566187869026792699e-05,-2.566187861751690412e-05
2.979976718931883276e-03,0.000000000000000000e+00,8.693357401157090320e-05,-4.008249924769973377e-05,0.000000000000000000e+00,6.227579341397340533e-03,-3.281613830065753935e-05,-3.281613828991052084e-05,-3.281613851792872060e-05,-3.281613844511132422e-05
2.984976679869688621e-03,0.000000000000000000e+00,8.829698963605133973e-05,-4.023698685564116304e-05,0.000000000000000000e+00,6.227579299204255570e-03,-3.735395240295311288e-05,-3.735395239474617000e-05,-3.735395262036824907e-05,-3.735395254775756939e-05
2.989976640807493532e-03,0.000000000000000000e+00,8.952782018132300298e-05,-4.039122921741457355e-05,0.000000000000000000e+00,6.227579253545948573e-03,-3.851995484107662308e-05,-3.851995483563066202e-05,-3.851995505763393174e-05,-3.851995498547840691e-05
2.994976601745298877e-03,0.000000000000000000e+00,9.059894365253652550e-05,-4.054522633301998563e-05,0.000000000000000000e+00,6.227579226202834689e-03,-3.555518919621081621e-05,-3.555518919333288286e-05,-3.555518941348319686e-05,-3.555518934211010686e-05
2.999976562683104222e-03,0.000000000000000000e+00,9.153650321634936721e-05,-4.069897820245737895e-05,0.000000000000000000e+00,6.227579251862089792e-03,-2.879028098586329369e-05,-2.879028098516281438e-05,-2.879028120020181647e-05,-2.879028112999956318e-05
3.004976523620909133e-03,0.000000000000000000e+00,9.234743388638461375e-05,-4.085248482572676029e-05,0.000000000000000000e+00,6.227579299637702251e-03,-1.953949742744342678e-05,-1.953949742847048472e-05,-1.953949763051598108e-05,-1.953949756179924400e-05
3.009976484558714478e-03,0.000000000000000000e+00,9.300427298354050937e-05,-4.100574620282811610e-05,0.000000000000000000e+00,6.227579339987797044e-03,-9.524947797676945043e-06,-9.524947799903689630e-06,-9.524947988244262354e-06,-9.524947921152141243e-06
3.014976445496519823e-03,0.000000000000000000e+00,9.347506068134378836e-05,-4.115876233376145993e-05,0.000000000000000000e+00,6.227579372292912224e-03,-2.970699389222220364e-07,-2.970699416271921073e-07,-2.970701231472361592e-07,-2.970700576742879834e-07
3.019976406434324735e-03,0.000000000000000000e+00,9.375280101592992912e-05,-4.131153321852679854e-05,0.000000000000000000e+00,6.227579386127814198e-03,7.481314271653449969e-06,7.481314269395347376e-06,7.481314087364919386e-06,7.481314151293147129e-06
3.024976367372130080e-03,0.000000000000000000e+00,9.387516703151347632e-05,-4.146405885712412518e-05,0.000000000000000000e+00,6.227579394926041970e-03,1.426667755334471226e-05,1.426667755246376580e-05,1.426667736301646152e-05,1.426667742551730323e-05
3.029976328309934991e-03,0.000000000000000000e+00,9.392828601279135786e-05,-4.161633924955343306e-05,0.000000000000000000e+00,6.227579390721818195e-03,2.092360003594112994e-05,2.092360003716958860e-05,2.092359985165629158e-05,2.092359991287841338e-05
3.034976289247740336e-03,0.000000000000000000e+00,9.401677657451552449e-05,-4.176837439581472896e-05,0.000000000000000000e+00,6.227579375394959489e-03,2.745906494663394648e-05,2.745906495056675773e-05,2.745906477499235557e-05,2.745906483508273293e-05
3.039976250185545681e-03,0.000000000000000000e+00,9.421083069234690752e-05,-4.192016429590800610e-05,0.000000000000000000e+00,6.227579373836256670e-03,3.271341612765166798e-05,3.271341613497044600e-05,3.271341597330755372e-05,3.271341603241623006e-05
3.044976211123350592e-03,0.000000000000000000e+00,9.449956364046076566e-05,-4.207170894983327126e-05,0.000000000000000000e+00,6.227579372885014980e-03,3.507226944923126378e-05,3.507226946076562313e-05,3.507226930286093473e-05,3.507226936115253598e-05
3.049976172061155937e-03,0.000000000000000000e+00,9.480156307252415621e-05,-4.222300835759053121e-05,0.000000000000000000e+00,6.227579361528353709e-03,3.346798846514267378e-05,3.346798848166344833e-05,3.346798831759858068e-05,3.346798837517857262e-05
3.054976132998960849e-03,0.000000000000000000e+00,9.503152097227702893e-05,-4.237406251917977241e-05,0.000000000000000000e+00,6.227579351653262513e-03,2.832722260125421042e-05,2.832722262325603691e-05,2.832722246515436931e-05,2.832722252196459464e-05
3.059976093936766194e-03,0.000000000000000000e+00,9.515135013107331550e-05,-4.252487143460100162e-05,0.000000000000000000e+00,6.227579332805641132e-03,2.157471475445799943e-05,2.157471478220383417e-05,2.157471463580160585e-05,2.157471469161880703e-05
3.064976054874571539e-03,0.000000000000000000e+00,9.516200761191182780e-05,-4.267543510385421208e-05,0.000000000000000000e+00,6.227579303888359369e-03,1.541157114043833435e-05,1.541157117419497577e-05,1.541157103522664064e-05,1.541157108974026488e-05
3.069976015812376450e-03,0.000000000000000000e+00,9.507030078555722393e-05,-4.282575352693941055e-05,0.000000000000000000e+00,6.227579278617039610e-03,1.091583626524020700e-05,1.091583630533679516e-05,1.091583616999744056e-05,1.091583622287348246e-05
3.074975976750181795e-03,0.000000000000000000e+00,9.487577123624560480e-05,-4.297582670385659704e-05,0.000000000000000000e+00,6.227579262992144135e-03,7.531233447501462865e-06,7.531233494041532298e-06,7.531233357450999915e-06,7.531233408401522471e-06
3.079975937687986706e-03,0.000000000000000000e+00,9.456546647306271871e-05,-4.312565463460577155e-05,0.000000000000000000e+00,6.227579275508541776e-03,3.674324566054431696e-06,3.674324618594547102e-06,3.674324488253566529e-06,3.674324537129813817e-06
3.084975898625792051e-03,0.000000000000000000e+00,9.409491575910881346e-05,-4.327523731918693408e-05,0.000000000000000000e+00,6.227579321766118538e-03,-2.137742701811619010e-06,-2.137742644224884692e-06,-2.137742774390377402e-06,-2.137742727577587077e-06
3.089975859563597396e-03,0.000000000000000000e+00,9.338494669639640477e-05,-4.342457475760008463e-05,0.000000000000000000e+00,6.227579381653888628e-03,-1.052261217891999867e-05,-1.052261211741515421e-05,-1.052261225139885800e-05,-1.052261220658188736e-05
3.094975820501402308e-03,0.000000000000000000e+00,9.236560530975232799e-05,-4.357366694984520964e-05,0.000000000000000000e+00,6.227579417153124124e-03,-2.086945564283078058e-05,-2.086945557845371516e-05,-2.086945570088011686e-05,-2.086945565805554050e-05
3.099975781439207653e-03,0.000000000000000000e+00,9.101948830312297004e-05,-4.372251389592232267e-05,0.000000000000000000e+00,6.227579399056438515e-03,-3.159897109131726766e-05,-3.159897102502060197e-05,-3.159897113889570462e-05,-3.159897109815381966e-05
3.104975742377012564e-03,0.000000000000000000e+00,8.938663990188243261e-05,-4.387111559583143050e-05,0.000000000000000000e+00,6.227579342799202666e-03,-4.081212771257016229e-05,-4.081212764529785694e-05,-4.081212775258166091e-05,-4.081212771407148414e-05
3.109975703314817909e-03,0.000000000000000000e+00,8.755470796721260044e-05,-4.401947204957252634e-05,0.000000000000000000e+00,6.227579294329842197e-03,-4.715085985573861364e-05,-4.715085978841045155e-05,-4.715085988496020678e-05,-4.715085984886978630e-05
3.114975664252623254e-03,0.000000000000000000e+00,8.564745187012581871e-05,-4.416758325714560343e-05,0.000000000000000000e+00,6.227579278118563350e-03,-5.037235602153879291e-05,-5.037235595488133183e-05,-5.037235604868258712e-05,-5.037235601524497219e-05
3.119975625190428165e-03,0.000000000000000000e+00,8.379031437377593562e-05,-4.431544921855066176e-05,0.000000000000000000e+00,6.227579276669072648e-03,-5.092943968402481147e-05,-5.092943961836394226e-05,-5.092943970756986084e-05,-5.092943967704115357e-05
3.124975586128233510e-03,0.000000000000000000e+00,8.206047460712725028e-05,-4.446306993378770810e-05,0.000000000000000000e+00,6.227579286776425103e-03,-4.927464653893376238e-05,-4.927464647417993671e-05,-4.927464654655307446e-05,-4.927464651912537514e-05
3.129975547066038422e-03,0.000000000000000000e+00,8.049031225103965093e-05,-4.461044540285674924e-05,0.000000000000000000e+00,6.227579293453941282e-03,-4.580682129394036918e-05,-4.580682122983324299e-05,-4.580682128580792454e-05,-4.580682126150078945e-05
3.134975508003843767e-03,0.000000000000000000e+00,7.912308786457540534e-05,-4.475757562575777840e-05,0.000000000000000000e+00,6.227579294406073752e-03,-4.090225452949309285e-05,-4.090225446579942039e-05,-4.090225451998956614e-05,-4.090225449861295499e-05
3.139975468941649112e-03,0.000000000000000000e+00,7.803496864603356022e-05,-4.490446060249078880e-05,0.000000000000000000e+00,6.227579310049462247e-03,-3.512770390238880753e-05,-3.512770383876660433e-05,-3.512770388793917084e-05,-3.512770386910809699e-05
3.144975429879454023e-03,0.000000000000000000e+00,7.730209568431630472e-05,-4.505110033305578045e-05,0.000000000000000000e+00,6.227579364783521546e-03,-2.954973750309397953e-05,-2.954973743882020808e-05,-2.954973748079608791e-05,-2.954973746390367935e-05
3.149975390817259368e-03,0.000000000000000000e+00,7.695546788417289077e-05,-4.519749481745276011e-05,0.000000000000000000e+00,6.227579445667161609e-03,-2.544652908119431544e-05,-2.544652901519990499e-05,-2.544652906096806991e-05,-2.544652904514844890e-05
3.154975351755064279e-03,0.000000000000000000e+00,7.697498102707154785e-05,-4.534364405568172779e-05,0.000000000000000000e+00,6.227579470335427303e-03,-2.374761946644478924e-05,-2.374761939766222076e-05,-2.374761943440234261e-05,-2.374761941861784298e-05
3.159975312692869624e-03,0.000000000000000000e+00,7.734268116763448337e-05,-4.548954804774268349e-05,0.000000000000000000e+00,6.227579465217483908e-03,-2.472214650900250897e-05,-2.472214643657615722e-05,-2.472214646148047085e-05,-2.472214644468878468e-05
3.164975273630674969e-03,0.000000000000000000e+00,7.807057494130512554e-05,-4.563520679363562721e-05,0.000000000000000000e+00,6.227579476662178058e-03,-2.799066374987019596e-05,-2.799066367295828298e-05,-2.799066370077982891e-05,-2.799066368202468309e-05
3.169975234568479881e-03,0.000000000000000000e+00,7.915779923931816158e-05,-4.578062029336055894e-05,0.000000000000000000e+00,6.227579445566597954e-03,-3.263153822151169058e-05,-3.263153813895927001e-05,-3.263153816259522296e-05,-3.263153814103766524e-05
3.174975195506285226e-03,0.000000000000000000e+00,8.054365496333744899e-05,-4.592578854691747192e-05,0.000000000000000000e+00,6.227579387185737045e-03,-3.718688418952046851e-05,-3.718688409989070819e-05,-3.718688411872058265e-05,-3.718688409370471816e-05
3.179975156444090137e-03,0.000000000000000000e+00,8.212364487720975089e-05,-4.607071155430637291e-05,0.000000000000000000e+00,6.227579366921802417e-03,-4.056273486110773810e-05,-4.056273476312325136e-05,-4.056273478337109963e-05,-4.056273475446929192e-05
3.184975117381895482e-03,0.000000000000000000e+00,8.379098213346259250e-05,-4.621538931552725515e-05,0.000000000000000000e+00,6.227579379472951773e-03,-4.272879404696293556e-05,-4.272879393988079320e-05,-4.272879396060508055e-05,-4.272879392755965543e-05
3.189975078319700827e-03,0.000000000000000000e+00,8.545568716336426993e-05,-4.635982183058013218e-05,0.000000000000000000e+00,6.227579364596442027e-03,-4.385326305479479974e-05,-4.385326293833282459e-05,-4.385326295441391450e-05,-4.385326291707616686e-05
3.194975039257505738e-03,0.000000000000000000e+00,8.702666642156196722e-05,-4.650400909946499723e-05,0.000000000000000000e+00,6.227579312691917945e-03,-4.321891201869992606e-05,-4.321891189273170691e-05,-4.321891189638364542e-05,-4.321891185476102915e-05
3.199975000195311083e-03,0.000000000000000000e+00,8.839738925017221599e-05,-4.664795112218184353e-05,0.000000000000000000e+00,6.227579257021945841e-03,-3.991894082903857697e-05,-3.991894069351266844e-05,-3.991894069832794233e-05,-3.991894065264749614e-05
3.204974961133115995e-03,0.000000000000000000e+00,8.947224916788990685e-05,-4.679164789873067784e-05,0.000000000000000000e+00,6.227579206371779488e-03,-3.401499330125284416e-05,-3.401499315639581740e-05,-3.401499316882027285e-05,-3.401499311948654646e-05
3.209974922070921340e-03,0.000000000000000000e+00,9.023291071150558388e-05,-4.693509942911148661e-05,0.000000000000000000e+00,6.227579165881743685e-03,-2.647375575114092067e-05,-2.647375559761779140e-05,-2.647375561537343495e-05,-2.647375556288372478e-05
3.214974883008726685e-03,0.000000000000000000e+00,9.078001963339669630e-05,-4.707830571332429019e-05,0.000000000000000000e+00,6.227579179187597500e-03,-1.870163958936008064e-05,-1.870163942817296677e-05,-1.870163945035723061e-05,-1.870163939530659086e-05
3.219974843946531596e-03,0.000000000000000000e+00,9.128191405488151700e-05,-4.722126675136908855e-05,0.000000000000000000e+00,6.227579263201864397e-03,-1.201581847935497120e-05,-1.201581831157399552e-05,-1.201581832689209679e-05,-1.201581827004088014e-05
3.224974804884336941e-03,0.000000000000000000e+00,9.186639381833725253e-05,-4.736398254324587494e-05,0.000000000000000000e+00,6.227579336176445636e-03,-7.133404042891401607e-06,-7.133403869425342382e-06,-7.133403872277204060e-06,-7.133403814562704986e-06
3.229974765822142286e-03,0.000000000000000000e+00,9.254932649801659531e-05,-4.750645308895463579e-05,0.000000000000000000e+00,6.227579359358491329e-03,-4.161051465204511315e-06,-4.161051286787969724e-06,-4.161051277761812996e-06,-4.161051220197116782e-06
3.234974726759947197e-03,0.000000000000000000e+00,9.325005182991377727e-05,-4.764867838849538465e-05,0.000000000000000000e+00,6.227579365756961624e-03,-2.574971149462798229e-06,-2.574970966862923542e-06,-2.574970964245900902e-06,-2.574970907792945595e-06
3.239974687697752542e-03,0.000000000000000000e+00,9.385723044774616473e-05,-4.779065844186811476e-05,0.000000000000000000e+00,6.227579352815124786e-03,-1.528811097937975485e-06,-1.528810912110474976e-06,-1.528810917852538007e-06,-1.528810863382136158e-06
3.244974648635557454e-03,0.000000000000000000e+00,9.429076153094860513e-05,-4.793239324907284645e-05,0.000000000000000000e+00,6.227579334545648576e-03,-8.547920620902697391e-07,-8.547918740321096574e-07,-8.547918731913841410e-07,-8.547918214960485745e-07
3.249974609573362799e-03,0.000000000000000000e+00,9.453069279321922721e-05,-4.807388281010955937e-05,0.000000000000000000e+00,6.227579322800660781e-03,-1.398428032539035532e-06,-1.398427843021852729e-06,-1.398427833060262672e-06,-1.398427784768395273e-06
3.254974570511168144e-03,0.000000000000000000e+00,9.460468016679151855e-05,-4.821512712497825353e-05,0.000000000000000000e+00,6.227579309527211601e-03,-4.114649009286118168e-06,-4.114648818856965483e-06,-4.114648788922279026e-06,-4.114648744339385944e-06
3.259974531448973055e-03,0.000000000000000000e+00,9.454751724819336124e-05,-4.835612619367893572e-05,0.000000000000000000e+00,6.227579323116155807e-03,-8.483619210497836402e-06,-8.483619019727390426e-06,-8.483618976956314371e-06,-8.483618936044856799e-06
3.264974492386778400e-03,0.000000000000000000e+00,9.437180142218978222e-05,-4.849688001621160592e-05,0.000000000000000000e+00,6.227579369415753643e-03,-1.206132904156238904e-05,-1.206132885113529804e-05,-1.206132881816417803e-05,-1.206132878070002936e-05
3.269974453324583311e-03,0.000000000000000000e+00,9.408445890588142384e-05,-4.863738859257626414e-05,0.000000000000000000e+00,6.227579419616841722e-03,-1.227924937248137819e-05,-1.227924918292923156e-05,-1.227924914653916810e-05,-1.227924911225028168e-05
3.274974414262388656e-03,0.000000000000000000e+00,9.370343307884198766e-05,-4.877765192277291038e-05,0.000000000000000000e+00,6.227579437198619769e-03,-8.308096664683738432e-06,-8.308096476069912878e-06,-8.308096429311496986e-06,-8.308096397890445584e-06
3.279974375200194001e-03,0.000000000000000000e+00,9.323441202292124261e-05,-4.891767000680153786e-05,0.000000000000000000e+00,6.227579416851068868e-03,-1.268963859611814993e-06,-1.268963671576782722e-06,-1.268963625100753215e-06,-1.268963596168174498e-06
3.284974336137998913e-03,0.000000000000000000e+00,9.263879833566790770e-05,-4.905744284466215336e-05,0.000000000000000000e+00,6.227579357100402647e-03,6.597841721637719884e-06,6.597841909508080903e-06,6.597841962096655911e-06,6.597841989025574804e-06
3.289974297075804258e-03,0.000000000000000000e+00,9.184732355393854133e-05,-4.919697043635475688e-05,0.000000000000000000e+00,6.227579300674172640e-03,1.322681666536933425e-05,1.322681685331423586e-05,1.322681691209968104e-05,1.322681693764742123e-05
3.294974258013609169e-03,0.000000000000000000e+00,9.080066189918960359e-05,-4.933625278187933486e-05,0.000000000000000000e+00,6.227579306565943218e-03,1.788006434692378024e-05,1.788006453520420854e-05,1.788006460332650468e-05,1.788006462822192447e-05
3.299974218951414514e-03,0.000000000000000000e+00,8.948541037145073002e-05,-4.947528988123591441e-05,0.000000000000000000e+00,6.227579327923534261e-03,2.122970135254856398e-05,2.122970154175020499e-05,2.122970161192204981e-05,2.122970163690535435e-05
3.304974179889219859e-03,0.000000000000000000e+00,8.794012508806771323e-05,-4.961408173442447521e-05,0.000000000000000000e+00,6.227579327834312228e-03,2.446773255229289201e-05,2.446773274323523994e-05,2.446773280748689366e-05,2.446773283328985843e-05
3.309974140827024770e-03,0.000000000000000000e+00,8.622575483245094763e-05,-4.975262834144502402e-05,0.000000000000000000e+00,6.227579319173351391e-03,2.794939433151517422e-05,2.794939452481499779e-05,2.794939459586022506e-05,2.794939462329484295e-05
3.314974101764830115e-03,0.000000000000000000e+00,8.440497766167268827e-05,-4.989092970229756086e-05,0.000000000000000000e+00,6.227579311934303488e-03,3.049187989779759804e-05,3.049188009360209126e-05,3.049188016904548967e-05,3.049188019902254133e-05
3.319974062702635027e-03,0.000000000000000000e+00,8.254425985520925089e-05,-5.002898581698207215e-05,0.000000000000000000e+00,6.227579323449040569e-03,3.072251025958285886e-05,3.072251045772205272e-05,3.072251053742733128e-05,3.072251057081617744e-05
3.324974023640440372e-03,0.000000000000000000e+00,8.071139767975623865e-05,-5.016679668549857825e-05,0.000000000000000000e+00,6.227579338661979116e-03,2.865266127579014742e-05,2.865266147609868414e-05,2.865266156022475979e-05,2.865266159768506971e-05
3.329973984578245717e-03,0.000000000000000000e+00,7.895687456350312711e-05,-5.030436230784707914e-05,0.000000000000000000e+00,6.227579333810392970e-03,2.519465134893966835e-05,2.519465155139254689e-05,2.519465162963845884e-05,2.519465167156011162e-05
3.334973945516050628e-03,0.000000000000000000e+00,7.729638141068774168e-05,-5.044168268402756127e-05,0.000000000000000000e+00,6.227579342651961072e-03,2.122241046533428286e-05,2.122241066988640382e-05,2.122241074933336444e-05,2.122241079584895801e-05
3.339973906453855973e-03,0.000000000000000000e+00,7.573685314983268936e-05,-5.057875781404002464e-05,0.000000000000000000e+00,6.227579350063171607e-03,1.731806982378897536e-05,1.731807003012715676e-05,1.731807010943923586e-05,1.731807016038643804e-05
3.344973867391660884e-03,0.000000000000000000e+00,7.430370981685633063e-05,-5.071558769788446925e-05,0.000000000000000000e+00,6.227579318376448916e-03,1.383886456345233090e-05,1.383886477097974657e-05,1.383886484243229334e-05,1.383886489725052927e-05
3.349973828329466229e-03,0.000000000000000000e+00,7.302144063781465186e-05,-5.085217233556090188e-05,0.000000000000000000e+00,6.227579277969161158e-03,1.094126961375830832e-05,1.094126982187204696e-05,1.094126989329559302e-05,1.094126995099066116e-05
3.354973789267271574e-03,0.000000000000000000e+00,7.187532443131182467e-05,-5.098851172706933609e-05,0.000000000000000000e+00,6.227579252513965047e-03,8.937832113348917565e-06,8.937832321641513993e-06,8.937832409685054347e-06,8.937832468988812540e-06
3.359973750205076486e-03,0.000000000000000000e+00,7.080381748745439088e-05,-5.112460587240975153e-05,0.000000000000000000e+00,6.227579285014115187e-03,8.245526356479447304e-06,8.245526564547483439e-06,8.245526657213614623e-06,8.245526716834671358e-06
3.364973711142881831e-03,0.000000000000000000e+00,6.973161351344238769e-05,-5.126045477158214822e-05,0.000000000000000000e+00,6.227579368562498677e-03,8.880593725710095825e-06,8.880593932804975807e-06,8.880594019189691919e-06,8.880594077925809288e-06
3.369973672080686742e-03,0.000000000000000000e+00,6.862845002542139526e-05,-5.139605842458653292e-05,0.000000000000000000e+00,6.227579424735677632e-03,1.069804622559497984e-05,1.069804643061827981e-05,1.069804651413455951e-05,1.069804657081288148e-05
3.374973633018492087e-03,0.000000000000000000e+00,6.751918745601054133e-05,-5.153141683142289887e-05,0.000000000000000000e+00,6.227579403223296346e-03,1.395759436407671777e-05,1.395759456596223840e-05,1.395759465621425453e-05,1.395759470966735795e-05
3.379973593956297432e-03,0.000000000000000000e+00,6.643584410975325615e-05,-5.166652999209125961e-05,0.000000000000000000e+00,6.227579334114860359e-03,1.896065944557783715e-05,1.896065964360552081e-05,1.896065974683032256e-05,1.896065979599696324e-05
3.384973554894102343e-03,0.000000000000000000e+00,6.537282991087539727e-05,-5.180139790659160160e-05,0.000000000000000000e+00,6.227579291636759461e-03,2.541893785423030757e-05,2.541893804793823839e-05,2.541893817074164429e-05,2.541893821478737788e-05
3.389973515831907688e-03,0.000000000000000000e+00,6.428655666919193073e-05,-5.193602057492393160e-05,0.000000000000000000e+00,6.227579317950815430e-03,3.199589751496170493e-05,3.199589770386600349e-05,3.199589782378737640e-05,3.199589786215763687e-05
3.394973476769712600e-03,0.000000000000000000e+00,6.314146063671369311e-05,-5.207039799708824962e-05,0.000000000000000000e+00,6.227579371491764881e-03,3.711152287259702386e-05,3.711152305615636834e-05,3.711152316119354277e-05,3.711152319359705922e-05
3.399973437707517945e-03,0.000000000000000000e+00,6.194852707561303751e-05,-5.220453017308454888e-05,0.000000000000000000e+00,6.227579392365375013e-03,4.003289478474449342e-05,4.003289496267981018e-05,4.003289507890203436e-05,4.003289510519830773e-05
3.404973398645323290e-03,0.000000000000000000e+00,6.077064268695668196e-05,-5.233841710291283617e-05,0.000000000000000000e+00,6.227579384546754263e-03,4.082449401033542703e-05,4.082449418290889649e-05,4.082449431453585815e-05,4.082449433460250235e-05
3.409973359583128201e-03,0.000000000000000000e+00,5.970890455968052776e-05,-5.247205878657311146e-05,0.000000000000000000e+00,6.227579372188441972e-03,3.966596582855883371e-05,3.966596599642535463e-05,3.966596613300300025e-05,3.966596614677664367e-05
3.414973320520933546e-03,0.000000000000000000e+00,5.885663448539628389e-05,-5.260545522406537478e-05,0.000000000000000000e+00,6.227579363391544734e-03,3.679433295845984205e-05,3.679433312223680659e-05,3.679433325248920996e-05,3.679433326017767382e-05
3.419973281458738457e-03,0.000000000000000000e+00,5.823620613886975705e-05,-5.273860641538962612e-05,0.000000000000000000e+00,6.227579373702735871e-03,3.266186634698178858e-05,3.266186650702066797e-05,3.266186663734987352e-05,3.266186663951553348e-05
3.424973242396543802e-03,0.000000000000000000e+00,5.776391073164300244e-05,-5.287151236054586547e-05,0.000000000000000000e+00,6.227579371543758881e-03,2.802753868183526404e-05,2.802753883834247344e-05,2.802753897877661264e-05,2.802753897616169995e-05
3.429973203334349147e-03,0.000000000000000000e+00,5.728533809923069836e-05,-5.300417305953407929e-05,0.000000000000000000e+00,6.227579348290825448e-03,2.340951913004836877e-05,2.340951928328108094e-05,2.340951942976939490e-05,2.340951942309944751e-05
3.434973164272154059e-03,0.000000000000000000e+00,5.667888945854560279e-05,-5.313658851235428113e-05,0.000000000000000000e+00,6.227579346159417550e-03,1.899636383523086998e-05,1.899636398548400484e-05,1.899636413380227250e-05,1.899636412380667386e-05
3.439973125209959404e-03,0.000000000000000000e+00,5.594361718796066050e-05,-5.326875871900647777e-05,0.000000000000000000e+00,6.227579359297645036e-03,1.529357284503516125e-05,1.529357299241701027e-05,1.529357313912001320e-05,1.529357312665623509e-05
3.444973086147764315e-03,0.000000000000000000e+00,5.516927825076300659e-05,-5.340068367949066242e-05,0.000000000000000000e+00,6.227579357508275168e-03,1.315277325138481484e-05,1.315277339561207261e-05,1.315277354204860576e-05,1.315277352806701914e-05
3.449973047085569660e-03,0.000000000000000000e+00,5.443705790902347022e-05,-5.353236339380683509e-05,0.000000000000000000e+00,6.227579367836197713e-03,1.278920741688006056e-05,1.278920755734814883e-05,1.278920770631206397e-05,1.278920769164030475e-05
3.454973008023375005e-03,0.000000000000000000e+00,5.376678720179845010e-05,-5.366379786195498222e-05,0.000000000000000000e+00,6.227579349909668528e-03,1.355237102378071753e-05,1.355237115989951186e-05,1.355237130931241036e-05,1.355237129449519864e-05
3.459972968961179916e-03,0.000000000000000000e+00,5.314638923617943657e-05,-5.379498708393511738e-05,0.000000000000000000e+00,6.227579285710610132e-03,1.458184312081525102e-05,1.458184325225057317e-05,1.458184339989574271e-05,1.458184338523741574e-05
3.464972929898985261e-03,0.000000000000000000e+00,5.257571774301993589e-05,-5.392593105974724733e-05,0.000000000000000000e+00,6.227579255176357055e-03,1.496934207784287406e-05,1.496934220437060251e-05,1.496934235852982133e-05,1.496934234419407500e-05
3.469972890836790606e-03,0.000000000000000000e+00,5.206288129926848411e-05,-5.405662978939136529e-05,0.000000000000000000e+00,6.227579261142006037e-03,1.371587904441524440e-05,1.371587916562809522e-05,1.371587932183182457e-05,1.371587930778551109e-05
3.474972851774595518e-03,0.000000000000000000e+00,5.159668428378408740e-05,-5.418708327286746450e-05,0.000000000000000000e+00,6.227579257115496009e-03,1.036161191528286851e-05,1.036161203063318915e-05,1.036161218717230459e-05,1.036161217304015279e-05
3.479972812712400863e-03,0.000000000000000000e+00,5.113823837510419204e-05,-5.431729151017554495e-05,0.000000000000000000e+00,6.227579287649238210e-03,5.691771986424506757e-06,5.691772095573572140e-06,5.691772243113364854e-06,5.691772228220575771e-06
3.484972773650205774e-03,0.000000000000000000e+00,5.065027858919996537e-05,-5.444725450131561342e-05,0.000000000000000000e+00,6.227579348676714685e-03,1.335573207107608628e-06,1.335573310065523852e-06,1.335573458973078899e-06,1.335573442604598333e-06
3.489972734588011119e-03,0.000000000000000000e+00,5.014318466050154120e-05,-5.457697224628766991e-05,0.000000000000000000e+00,6.227579358381765684e-03,-1.521860423930812866e-06,-1.521860327094431010e-06,-1.521860168120216551e-06,-1.521860186542410660e-06
3.494972695525816464e-03,0.000000000000000000e+00,4.969641577556292461e-05,-5.470644474509171441e-05,0.000000000000000000e+00,6.227579328416617266e-03,-2.442230367883917665e-06,-2.442230277386854900e-06,-2.442230119148078916e-06,-2.442230140117489985e-06
3.499972656463621375e-03,0.000000000000000000e+00,4.943369321169345732e-05,-5.483567199772774694e-05,0.000000000000000000e+00,6.227579317299496153e-03,-1.636215513258204811e-06,-1.636215429548296773e-06,-1.636215264303080031e-06,-1.636215288359602626e-06
3.504972617401426720e-03,0.000000000000000000e+00,4.947114602242034604e-05,-5.496465400419576748e-05,0.000000000000000000e+00,6.227579330314985881e-03,1.409749449032704148e-07,1.409750215752001164e-07,1.409751978748589093e-07,1.409751700776537684e-07
3.509972578339231632e-03,0.000000000000000000e+00,4.986855444202784309e-05,-5.509339076449576927e-05,0.000000000000000000e+00,6.227579357235709344e-03,1.658524857866246772e-06,1.658524927744107840e-06,1.658525103623371555e-06,1.658525071336709443e-06
3.514972539277036977e-03,0.000000000000000000e+00,5.061124489424061542e-05,-5.522188227862775907e-05,0.000000000000000000e+00,6.227579374034804445e-03,1.432523801504100531e-06,1.432523865144186299e-06,1.432524043924032815e-06,1.432524006435664083e-06
3.519972500214842322e-03,0.000000000000000000e+00,5.164273663650647037e-05,-5.535012854659173011e-05,0.000000000000000000e+00,6.227579370681537996e-03,-1.581644933278967199e-06,-1.581644875395942450e-06,-1.581644690891435407e-06,-1.581644734090922092e-06
3.524972461152647233e-03,0.000000000000000000e+00,5.290887712585299691e-05,-5.547812956838769595e-05,0.000000000000000000e+00,6.227579374428034165e-03,-7.105987801201206247e-06,-7.105987748759019708e-06,-7.105987565684410159e-06,-7.105987614886837976e-06
3.529972422090452578e-03,0.000000000000000000e+00,5.436197576138070175e-05,-5.560588534401564981e-05,0.000000000000000000e+00,6.227579376647005699e-03,-1.372804946750786198e-05,-1.372804942009867406e-05,-1.372804923862604099e-05,-1.372804929404689851e-05
3.534972383028257489e-03,0.000000000000000000e+00,5.592953882019789761e-05,-5.573339587347558491e-05,0.000000000000000000e+00,6.227579351469151106e-03,-1.980901436056175055e-05,-1.980901431749469916e-05,-1.980901413524350897e-05,-1.980901419705750012e-05
3.539972343966062834e-03,0.000000000000000000e+00,5.749978450878419470e-05,-5.586066115676750125e-05,0.000000000000000000e+00,6.227579324422659324e-03,-2.422707856318417709e-05,-2.422707852361323725e-05,-2.422707833743088245e-05,-2.422707840557195900e-05
3.544972304903868179e-03,0.000000000000000000e+00,5.896838090716002286e-05,-5.598768119389140561e-05,0.000000000000000000e+00,6.227579330656039455e-03,-2.658272996742586488e-05,-2.658272993062390285e-05,-2.658272974656450061e-05,-2.658272982052684158e-05
3.549972265841673091e-03,0.000000000000000000e+00,6.030903243496812423e-05,-5.611445598484730477e-05,0.000000000000000000e+00,6.227579366338676856e-03,-2.722217368179198909e-05,-2.722217364726944354e-05,-2.722217346233795311e-05,-2.722217354124036642e-05
3.554972226779478436e-03,0.000000000000000000e+00,6.158759233871343006e-05,-5.624098552963519194e-05,0.000000000000000000e+00,6.227579371372212076e-03,-2.710317405343300385e-05,-2.710317402080324151e-05,-2.710317383345277746e-05,-2.710317391627703801e-05
3.559972187717283347e-03,0.000000000000000000e+00,6.289521927397758317e-05,-5.636726982825506036e-05,0.000000000000000000e+00,6.227579333147743347e-03,-2.743854518653674463e-05,-2.743854515528569444e-05,-2.743854497645686295e-05,-2.743854506217079673e-05
3.564972148655088692e-03,0.000000000000000000e+00,6.425054324477571849e-05,-5.649330888070691002e-05,0.000000000000000000e+00,6.227579281701340654e-03,-2.894049463078018970e-05,-2.894049460022916142e-05,-2.894049441857415368e-05,-2.894049450605093581e-05
3.569972109592894037e-03,0.000000000000000000e+00,6.556317904013662088e-05,-5.661910268699074769e-05,0.000000000000000000e+00,6.227579238306044616e-03,-3.113681096506025671e-05,-3.113681093460590537e-05,-3.113681075367229526e-05,-3.113681084162867762e-05
3.574972070530698948e-03,0.000000000000000000e+00,6.670241732078743694e-05,-5.674465124710657339e-05,0.000000000000000000e+00,6.227579249397976677e-03,-3.235773829131518382e-05,-3.235773826064683808e-05,-3.235773808355733454e-05,-3.235773817072658612e-05
3.579972031468504293e-03,0.000000000000000000e+00,6.758807844059668707e-05,-5.686995456105439387e-05,0.000000000000000000e+00,6.227579315221992186e-03,-3.128502106403722928e-05,-3.128502103300192854e-05,-3.128502086475094276e-05,-3.128502095018417659e-05
3.584971992406309205e-03,0.000000000000000000e+00,6.822974739933420837e-05,-5.699501262883418883e-05,0.000000000000000000e+00,6.227579386117886376e-03,-2.830322974876321675e-05,-2.830322971708701361e-05,-2.830322956067944916e-05,-2.830322964382630391e-05
3.589971953344114550e-03,0.000000000000000000e+00,6.870414728561947623e-05,-5.711982545044597180e-05,0.000000000000000000e+00,6.227579411088259367e-03,-2.493887152550210010e-05,-2.493887149282386376e-05,-2.493887134163794234e-05,-2.493887142214353152e-05
3.594971914281919895e-03,0.000000000000000000e+00,6.911039686835205903e-05,-5.724439302588974279e-05,0.000000000000000000e+00,6.227579386672673495e-03,-2.245945822977193993e-05,-2.245945819602437532e-05,-2.245945804627765775e-05,-2.245945812379836380e-05
3.599971875219724806e-03,0.000000000000000000e+00,6.954430457684904947e-05,-5.736871535516550180e-05,0.000000000000000000e+00,6.227579368933531742e-03,-2.146846562008288022e-05,-2.146846558577793066e-05,-2.146846544547914055e-05,-2.146846551972359771e-05
3.604971836157530151e-03,0.000000000000000000e+00,7.008531161957461738e-05,-5.749279243827324883e-05,0.000000000000000000e+00,6.227579363974817747e-03,-2.178743560392841974e-05,-2.178743557004138607e-05,-2.178743543234679876e-05,-2.178743550320335452e-05
3.609971797095335062e-03,0.000000000000000000e+00,7.078782297815002249e-05,-5.761662427521298388e-05,0.000000000000000000e+00,6.227579349568855213e-03,-2.253918521132520131e-05,-2.253918517893389908e-05,-2.253918504354073416e-05,-2.253918511112751913e-05
3.614971758033140407e-03,0.000000000000000000e+00,7.168764679461197588e-05,-5.774021086598470016e-05,0.000000000000000000e+00,6.227579335656615797e-03,-2.268535745689194384e-05,-2.268535742696431147e-05,-2.268535729918926940e-05,-2.268535736382498480e-05
3.619971718970945752e-03,0.000000000000000000e+00,7.280099686212310227e-05,-5.786355221058840447e-05,0.000000000000000000e+00,6.227579334673752701e-03,-2.176626628356338709e-05,-2.176626625706298555e-05,-2.176626613863976659e-05,-2.176626620077342121e-05
3.624971679908750664e-03,0.000000000000000000e+00,7.409954650753700230e-05,-5.798664830902409680e-05,0.000000000000000000e+00,6.227579346077961875e-03,-2.015537074311725269e-05,-2.015537072116614992e-05,-2.015537061089336997e-05,-2.015537067106675317e-05
3.629971640846556009e-03,0.000000000000000000e+00,7.549132148874357134e-05,-5.810949916129176359e-05,0.000000000000000000e+00,6.227579332424668969e-03,-1.823962319200589968e-05,-1.823962317575437658e-05,-1.823962305675502952e-05,-1.823962311568637782e-05
3.634971601784360920e-03,0.000000000000000000e+00,7.684861943342388604e-05,-5.823210476739143195e-05,0.000000000000000000e+00,6.227579291070119843e-03,-1.598531218790121884e-05,-1.598531217814955891e-05,-1.598531206071435645e-05,-1.598531211941560994e-05
3.639971562722166265e-03,0.000000000000000000e+00,7.806753182239820933e-05,-5.835446512732308833e-05,0.000000000000000000e+00,6.227579274657654707e-03,-1.363948131369200463e-05,-1.363948131067012820e-05,-1.363948119967696536e-05,-1.363948125935106500e-05
3.644971523659971610e-03,0.000000000000000000e+00,7.910714754178521288e-05,-5.847658024108672595e-05,0.000000000000000000e+00,6.227579296254132785e-03,-1.212904590180396619e-05,-1.212904590534246158e-05,-1.212904579930503779e-05,-1.212904586101227739e-05
3.649971484597776521e-03,0.000000000000000000e+00,7.997964326052610460e-05,-5.859845010868235159e-05,0.000000000000000000e+00,6.227579321849181435e-03,-1.227511202969753578e-05,-1.227511203958387903e-05,-1.227511193432913063e-05,-1.227511199875794129e-05
3.654971445535581866e-03,0.000000000000000000e+00,8.070846622875102743e-05,-5.872007473010995170e-05,0.000000000000000000e+00,6.227579336385367925e-03,-1.394519716590921586e-05,-1.394519718207400110e-05,-1.394519707316180339e-05,-1.394519714069877435e-05
3.659971406473386778e-03,0.000000000000000000e+00,8.128886130196739501e-05,-5.884145410536954660e-05,0.000000000000000000e+00,6.227579334963638871e-03,-1.653346296221450969e-05,-1.653346298461277471e-05,-1.653346287739781081e-05,-1.653346294826128513e-05
3.664971367411192123e-03,0.000000000000000000e+00,8.167812989644414583e-05,-5.896258823446113629e-05,0.000000000000000000e+00,6.227579327330664757e-03,-2.002783000420043331e-05,-2.002783003256072947e-05,-2.002782993250448824e-05,-2.002783000667562283e-05
3.669971328348997468e-03,0.000000000000000000e+00,8.182605977333690019e-05,-5.908347711738470723e-05,0.000000000000000000e+00,6.227579328395797115e-03,-2.472044725659081649e-05,-2.472044729035486436e-05,-2.472044719778779707e-05,-2.472044727483611623e-05
3.674971289286802379e-03,0.000000000000000000e+00,8.172654137473400618e-05,-5.920412075414025941e-05,0.000000000000000000e+00,6.227579351618887232e-03,-3.012774082520285735e-05,-3.012774086375782860e-05,-3.012774076990041842e-05,-3.012774084900216568e-05
3.679971250224607724e-03,0.000000000000000000e+00,8.144224214137670307e-05,-5.932451914472779283e-05,0.000000000000000000e+00,6.227579371149686085e-03,-3.507059360878375177e-05,-3.507059365164351725e-05,-3.507059355922997299e-05,-3.507059363947199939e-05
3.684971211162413069e-03,0.000000000000000000e+00,8.107203591770061610e-05,-5.944467228914731427e-05,0.000000000000000000e+00,6.227579375391725097e-03,-3.893395317622464397e-05,-3.893395322285237792e-05,-3.893395314853041387e-05,-3.893395322921072222e-05
3.689971172100217980e-03,0.000000000000000000e+00,8.068773999069198143e-05,-5.956458018739883728e-05,0.000000000000000000e+00,6.227579384442322175e-03,-4.180343344146967969e-05,-4.180343349099402238e-05,-4.180343342316567717e-05,-4.180343350376847185e-05
3.694971133038023325e-03,0.000000000000000000e+00,8.031825801388965799e-05,-5.968424283948234153e-05,0.000000000000000000e+00,6.227579378718015729e-03,-4.355354643625096499e-05,-4.355354648752947225e-05,-4.355354640921809821e-05,-4.355354648917682259e-05
3.699971093975828237e-03,0.000000000000000000e+00,7.998645128919916925e-05,-5.980366024539782703e-05,0.000000000000000000e+00,6.227579359461682222e-03,-4.369879402638239904e-05,-4.369879407835244433e-05,-4.369879401140857770e-05,-4.369879409005002354e-05
3.704971054913633582e-03,0.000000000000000000e+00,7.972470332373803286e-05,-5.992283240514530054e-05,0.000000000000000000e+00,6.227579359417799790e-03,-4.233890665636597166e-05,-4.233890670822294144e-05,-4.233890665150608285e-05,-4.233890672825905857e-05
3.709971015851438927e-03,0.000000000000000000e+00,7.955001098358334183e-05,-6.004175931872475529e-05,0.000000000000000000e+00,6.227579360693781714e-03,-4.041158941631325908e-05,-4.041158946735631829e-05,-4.041158942205235453e-05,-4.041158949660904836e-05
3.714970976789243838e-03,0.000000000000000000e+00,7.944204321928073674e-05,-6.016044098613620484e-05,0.000000000000000000e+00,6.227579302782846118e-03,-3.891730530341706921e-05,-3.891730535290007669e-05,-3.891730532311343804e-05,-3.891730539533577005e-05
3.719970937727049183e-03,0.000000000000000000e+00,7.935953752632328082e-05,-6.027887740737963564e-05,0.000000000000000000e+00,6.227579236912943704e-03,-3.787366900488328534e-05,-3.787366905216553860e-05,-3.787366903537821294e-05,-3.787366910509824022e-05
3.724970898664854094e-03,0.000000000000000000e+00,7.928448792950117347e-05,-6.039706858245505445e-05,0.000000000000000000e+00,6.227579240476795175e-03,-3.614758723286229012e-05,-3.614758727772538339e-05,-3.614758727034740116e-05,-3.614758733726841823e-05
3.729970859602659439e-03,0.000000000000000000e+00,7.924057158236383065e-05,-6.051501451136246127e-05,0.000000000000000000e+00,6.227579262645126582e-03,-3.241660960332542920e-05,-3.241660964608702019e-05,-3.241660964313008238e-05,-3.241660970688766856e-05
3.734970820540464784e-03,0.000000000000000000e+00,7.926829894773395929e-05,-6.063271519410185612e-05,0.000000000000000000e+00,6.227579280767970085e-03,-2.658385739136726739e-05,-2.658385743265258158e-05,-2.658385743490981597e-05,-2.658385749525476061e-05
3.739970781478269696e-03,0.000000000000000000e+00,7.939663912127089098e-05,-6.075017063067322543e-05,0.000000000000000000e+00,6.227579326188826397e-03,-2.017139490656776751e-05,-2.017139494696052582e-05,-2.017139496060735485e-05,-2.017139501761209622e-05
3.744970742416075041e-03,0.000000000000000000e+00,7.963670810282231670e-05,-6.086738082107659632e-05,0.000000000000000000e+00,6.227579348723595587e-03,-1.516695615608415060e-05,-1.516695619600496079e-05,-1.516695622140648446e-05,-1.516695627549607046e-05
3.749970703353879952e-03,0.000000000000000000e+00,7.999837396555321497e-05,-6.098434576531194844e-05,0.000000000000000000e+00,6.227579332686010265e-03,-1.252352055349974684e-05,-1.252352059335531517e-05,-1.252352062691643258e-05,-1.252352067871928204e-05
3.754970664291685297e-03,0.000000000000000000e+00,8.049430083544054863e-05,-6.110106546337928859e-05,0.000000000000000000e+00,6.227579329190007298e-03,-1.187443731768870971e-05,-1.187443735803986853e-05,-1.187443739708306619e-05,-1.187443744735859158e-05
3.759970625229490642e-03,0.000000000000000000e+00,8.111594281031157729e-05,-6.121753991527858964e-05,0.000000000000000000e+00,6.227579386333517708e-03,-1.200596359536806979e-05,-1.200596363694075177e-05,-1.200596367527343617e-05,-1.200596372501061622e-05
3.764970586167295553e-03,0.000000000000000000e+00,8.180604368562579122e-05,-6.133376912100992615e-05,0.000000000000000000e+00,6.227579471208694040e-03,-1.183129164449735772e-05,-1.183129168807998621e-05,-1.183129173311791217e-05,-1.183129178354724857e-05
3.769970547105100898e-03,0.000000000000000000e+00,8.246305109973226053e-05,-6.144975308057320324e-05,0.000000000000000000e+00,6.227579517104031917e-03,-1.121297615892275956e-05,-1.121297620525909385e-05,-1.121297625841598646e-05,-1.121297631076532294e-05
3.774970508042905810e-03,0.000000000000000000e+00,8.299497947881874309e-05,-6.156549179396848869e-05,0.000000000000000000e+00,6.227579495127377046e-03,-1.080711334967952993e-05,-1.080711339947606327e-05,-1.080711346246705583e-05,-1.080711351766613302e-05
3.779970468980711155e-03,0.000000000000000000e+00,8.338015765327426974e-05,-6.168098526119576892e-05,0.000000000000000000e+00,6.227579397301676381e-03,-1.107136424214373481e-05,-1.107136429620777938e-05,-1.107136435875045603e-05,-1.107136441739125848e-05
3.784970429918516500e-03,0.000000000000000000e+00,8.366799136145158583e-05,-6.179623348225498974e-05,0.000000000000000000e+00,6.227579277246958478e-03,-1.192166331497405850e-05,-1.192166337425631561e-05,-1.192166344029205958e-05,-1.192166350284997267e-05
3.789970390856321411e-03,0.000000000000000000e+00,8.393472279538188245e-05,-6.191123645714627312e-05,0.000000000000000000e+00,6.227579231357350392e-03,-1.320854199334928590e-05,-1.320854205870610925e-05,-1.320854212285366262e-05,-1.320854218983728220e-05
3.794970351794126756e-03,0.000000000000000000e+00,8.423592694559326269e-05,-6.202599418586948353e-05,0.000000000000000000e+00,6.227579280761064151e-03,-1.535368472477467274e-05,-1.535368479668030591e-05,-1.535368485715892591e-05,-1.535368492893974369e-05
3.799970312731931667e-03,0.000000000000000000e+00,8.456070517386950983e-05,-6.214050666842470228e-05,0.000000000000000000e+00,6.227579334380944388e-03,-1.860987274822427330e-05,-1.860987282680606430e-05,-1.860987289897641221e-05,-1.860987297549364849e-05
3.804970273669737012e-03,0.000000000000000000e+00,8.481089119384937190e-05,-6.225477390481191583e-05,0.000000000000000000e+00,6.227579346166780584e-03,-2.237296552104085377e-05,-2.237296560634704961e-05,-2.237296567969227965e-05,-2.237296576044672033e-05
3.809970234607542357e-03,0.000000000000000000e+00,8.484547434224841412e-05,-6.236879589503105642e-05,0.000000000000000000e+00,6.227579332738085796e-03,-2.607639642691912590e-05,-2.607639651897317921e-05,-2.607639659144837766e-05,-2.607639667583013868e-05
3.814970195545347269e-03,0.000000000000000000e+00,8.455120407485535979e-05,-6.248257263908228666e-05,0.000000000000000000e+00,6.227579320281856172e-03,-2.979970314439978502e-05,-2.979970324293768243e-05,-2.979970332050529378e-05,-2.979970340804798863e-05
3.819970156483152614e-03,0.000000000000000000e+00,8.388003840160295930e-05,-6.259610413696541683e-05,0.000000000000000000e+00,6.227579350286018521e-03,-3.325333854729246939e-05,-3.325333865156511188e-05,-3.325333872684480593e-05,-3.325333881713498090e-05
3.824970117420957525e-03,0.000000000000000000e+00,8.282942733078207736e-05,-6.270939038868056890e-05,0.000000000000000000e+00,6.227579396031093784e-03,-3.481958579146968668e-05,-3.481958590039638219e-05,-3.481958597552372550e-05,-3.481958606797668729e-05
3.829970078358762870e-03,0.000000000000000000e+00,8.141537518556617365e-05,-6.282243139422771577e-05,0.000000000000000000e+00,6.227579388413432074e-03,-3.245098827973916857e-05,-3.245098839225297408e-05,-3.245098848187805878e-05,-3.245098857570560596e-05
3.834970039296568215e-03,0.000000000000000000e+00,7.966666733224365624e-05,-6.293522715360680322e-05,0.000000000000000000e+00,6.227579336877663366e-03,-2.535722062706478918e-05,-2.535722074231573083e-05,-2.535722083932923321e-05,-2.535722093372114489e-05
3.839970000234373126e-03,0.000000000000000000e+00,7.764463734714591614e-05,-6.304777766681795323e-05,0.000000000000000000e+00,6.227579313595523261e-03,-1.430945281849285768e-05,-1.430945293578686991e-05,-1.430945303840658012e-05,-1.430945313274971457e-05
3.844969961172178471e-03,0.000000000000000000e+00,7.544347025735881275e-05,-6.316008293386101671e-05,0.000000000000000000e+00,6.227579333632351360e-03,-7.331447350309744957e-07,-7.331448536800065080e-07,-7.331449562868439396e-07,-7.331450502584942996e-07
3.849969922109983383e-03,0.000000000000000000e+00,7.315448517310450284e-05,-6.327214295473610210e-05,0.000000000000000000e+00,6.227579339554744145e-03,1.388488982484518998e-05,1.388488970551766341e-05,1.388488959648373691e-05,1.388488950300675802e-05
3.854969883047788728e-03,0.000000000000000000e+00,7.082588324314940910e-05,-6.338395772944318228e-05,0.000000000000000000e+00,6.227579312025757242e-03,2.786468478134340829e-05,2.786468466185073909e-05,2.786468453520639453e-05,2.786468444226968206e-05
3.859969843985594073e-03,0.000000000000000000e+00,6.845910182917576403e-05,-6.349552725798220305e-05,0.000000000000000000e+00,6.227579298352159398e-03,3.943625434896261365e-05,3.943625422957918798e-05,3.943625409756814769e-05,3.943625400504600703e-05
3.864969804923398984e-03,0.000000000000000000e+00,6.601464762471747987e-05,-6.360685154035327282e-05,0.000000000000000000e+00,6.227579286188481347e-03,4.718088550941510107e-05,4.718088539026479920e-05,4.718088525697906920e-05,4.718088516432869452e-05
3.869969765861204329e-03,0.000000000000000000e+00,6.343097839049978274e-05,-6.371793057655626962e-05,0.000000000000000000e+00,6.227579240548066289e-03,5.037880344525082514e-05,5.037880332643153019e-05,5.037880319651966794e-05,5.037880310273933776e-05
3.874969726799009240e-03,0.000000000000000000e+00,6.066896722053634529e-05,-6.382876436659130188e-05,0.000000000000000000e+00,6.227579223675849124e-03,4.918207898947161814e-05,4.918207887108653261e-05,4.918207873206300820e-05,4.918207863596258024e-05
3.879969687736814585e-03,0.000000000000000000e+00,5.775941878153016543e-05,-6.393935291045831537e-05,0.000000000000000000e+00,6.227579266733859406e-03,4.449334444526330262e-05,4.449334432732141861e-05,4.449334417498376955e-05,4.449334407546958197e-05
3.884969648674619930e-03,0.000000000000000000e+00,5.481409715490783775e-05,-6.404969620815726945e-05,0.000000000000000000e+00,6.227579296702443444e-03,3.787599208452623707e-05,3.787599196677656854e-05,3.787599181782311426e-05,3.787599171393444874e-05
3.889969609612424842e-03,0.000000000000000000e+00,5.200642987657264191e-05,-6.415979425968825899e-05,0.000000000000000000e+00,6.227579316521420633e-03,3.141852930885300366e-05,3.141852919073791835e-05,3.141852904825723236e-05,3.141852893906540875e-05
3.894969570550230187e-03,0.000000000000000000e+00,4.954578917759495769e-05,-6.426964706505118911e-05,0.000000000000000000e+00,6.227579351194809792e-03,2.706537310281490174e-05,2.706537298364897380e-05,2.706537284339363309e-05,2.706537272804313457e-05
3.899969531488035532e-03,0.000000000000000000e+00,4.763163694825130239e-05,-6.437925462424615468e-05,0.000000000000000000e+00,6.227579356955712832e-03,2.564027127295687866e-05,2.564027115212925504e-05,2.564027101184157800e-05,2.564027088977826883e-05
3.904969492425840443e-03,0.000000000000000000e+00,4.636683316782935473e-05,-6.448861693727308793e-05,0.000000000000000000e+00,6.227579345178405404e-03,2.658653125969255140e-05,2.658653113662184562e-05,2.658653098418273895e-05,2.658653085532311863e-05
3.909969453363645354e-03,0.000000000000000000e+00,4.568819957823081379e-05,-6.459773400413198888e-05,0.000000000000000000e+00,6.227579357223338163e-03,2.836221773360537694e-05,2.836221760758731838e-05,2.836221745148316791e-05,2.836221731608473445e-05
3.914969414301450699e-03,0.000000000000000000e+00,4.538989069196579538e-05,-6.470660582482291173e-05,0.000000000000000000e+00,6.227579366975719358e-03,2.911122303623871863e-05,2.911122290654555691e-05,2.911122276163870766e-05,2.911122261998473938e-05
3.919969375239256044e-03,0.000000000000000000e+00,4.523813589855863110e-05,-6.481523239934577517e-05,0.000000000000000000e+00,6.227579355908415167e-03,2.728567377410614960e-05,2.728567364029428001e-05,2.728567350507494658e-05,2.728567335734862959e-05
3.924969336177061389e-03,0.000000000000000000e+00,4.508774535249542584e-05,-6.492361372770067405e-05,0.000000000000000000e+00,6.227579348075688512e-03,2.237580162724505785e-05,2.237580148926452916e-05,2.237580136140650497e-05,2.237580120789179860e-05
3.929969297114866734e-03,0.000000000000000000e+00,4.491925847810692763e-05,-6.503174980988752707e-05,0.000000000000000000e+00,6.227579351423016135e-03,1.517995156112397034e-05,1.517995141911362480e-05,1.517995128762515472e-05,1.517995112892677442e-05
3.934969258052671212e-03,0.000000000000000000e+00,4.479383369017870327e-05,-6.513964064590637489e-05,0.000000000000000000e+00,6.227579368846896182e-03,7.392966080089174755e-06,7.392965934167244617e-06,7.392965800189527662e-06,7.392965637176273440e-06
3.939969218990476557e-03,0.000000000000000000e+00,4.477874460280082834e-05,-6.524728623575721750e-05,0.000000000000000000e+00,6.227579386720173693e-03,8.128436333526577882e-07,8.128434836367484947e-07,8.128433420886305279e-07,8.128431756546422190e-07
3.944969179928281902e-03,0.000000000000000000e+00,4.487450464052675822e-05,-6.535468657944002780e-05,0.000000000000000000e+00,6.227579376993340639e-03,-3.492376498252066302e-06,-3.492376651489577755e-06,-3.492376794248471721e-06,-3.492376963339553258e-06
3.949969140866087247e-03,0.000000000000000000e+00,4.499436568080008350e-05,-6.546184167695484645e-05,0.000000000000000000e+00,6.227579354781078227e-03,-5.339479020645960875e-06,-5.339479176918736967e-06,-5.339479306129170383e-06,-5.339479477170542739e-06
3.954969101803892592e-03,0.000000000000000000e+00,4.501047476257714978e-05,-6.556875152830161924e-05,0.000000000000000000e+00,6.227579338482537585e-03,-5.096230233092979117e-06,-5.096230391827686116e-06,-5.096230518983755467e-06,-5.096230691080231873e-06
3.959969062741697070e-03,0.000000000000000000e+00,4.483033529141143211e-05,-6.567541613348041392e-05,0.000000000000000000e+00,6.227579340782729740e-03,-3.483442944017909984e-06,-3.483443104737700105e-06,-3.483443239910968066e-06,-3.483443411825743623e-06
3.964969023679502415e-03,0.000000000000000000e+00,4.444543767797839241e-05,-6.578183549249117629e-05,0.000000000000000000e+00,6.227579368864261632e-03,-1.809791459579778442e-06,-1.809791621946606764e-06,-1.809791768005446226e-06,-1.809791938356201280e-06
3.969968984617307760e-03,0.000000000000000000e+00,4.392977502349134652e-05,-6.588800960533393346e-05,0.000000000000000000e+00,6.227579365778676025e-03,-1.536003619569971318e-06,-1.536003783268310869e-06,-1.536003935421092024e-06,-1.536004103070537037e-06
3.974968945555113105e-03,0.000000000000000000e+00,4.339599970299454717e-05,-6.599393847200867187e-05,0.000000000000000000e+00,6.227579342628478988e-03,-2.931107664018295107e-06,-2.931107828607394835e-06,-2.931107981563876425e-06,-2.931108145766664755e-06
3.979968906492918450e-03,0.000000000000000000e+00,4.293922106703420226e-05,-6.609962209251537798e-05,0.000000000000000000e+00,6.227579366446071851e-03,-4.788095035515030591e-06,-4.788095200347345665e-06,-4.788095354212204446e-06,-4.788095514428084926e-06
3.984968867430722927e-03,0.000000000000000000e+00,4.259019316551690415e-05,-6.620506046685411953e-05,0.000000000000000000e+00,6.227579382174712463e-03,-5.685379922830186766e-06,-5.685380087075125149e-06,-5.685380241918257009e-06,-5.685380397692901495e-06
3.989968828368528272e-03,0.000000000000000000e+00,4.230684423277254139e-05,-6.631025359502480167e-05,0.000000000000000000e+00,6.227579359780377813e-03,-4.927137834575890539e-06,-4.927137997363774704e-06,-4.927138156465670486e-06,-4.927138307627437915e-06
3.994968789306333617e-03,0.000000000000000000e+00,4.201084170876415614e-05,-6.641520147702749215e-05,0.000000000000000000e+00,6.227579325577148155e-03,-2.452520411913549865e-06,-2.452520572491554717e-06,-2.452520749572709480e-06,-2.452520896464926870e-06
3.999968750244138962e-03,0.000000000000000000e+00,4.164474394563337826e-05,-6.651990411286216388e-05,0.000000000000000000e+00,6.227579295686195594e-03,1.567309574587935958e-06,1.567309416828848708e-06,1.567309234406542831e-06,1.567309091035606573e-06
