time_s,contact_force_N,impact_w_m,ball_travel_m,indentation_m,energy_J,S1_mean_exx_plus_eyy,S2_mean_exx_plus_eyy,S3_mean_exx_plus_eyy,S4_mean_exx_plus_eyy
0.000000000000000000e+00,0.000000000000000000e+00,0.000000000000000000e+00,0.000000000000000000e+00,0.000000000000000000e+00,6.227579619865871753e-03,0.000000000000000000e+00,0.000000000000000000e+00,0.000000000000000000e+00,0.000000000000000000e+00
4.999687519530029071e-06,1.963102837710083648e+01,1.208567932349131249e-08,8.844310990143136307e-06,8.832225310819644584e-06,6.227529190681115739e-03,-9.844901422438560197e-10,-9.844901422441368475e-10,-9.844901422787324359e-10,-9.844901422784851089e-10
9.999375039060058143e-06,5.438614002874167141e+01,1.356974342825204149e-07,1.755778784761029266e-05,1.742209041332777155e-05,6.227517676670069925e-03,-1.035855460779963881e-08,-1.035855460780247438e-08,-1.035855460813615242e-08,-1.035855460813368081e-08
1.499906255859008806e-05,9.559387127887241320e+01,5.511611672940570877e-07,2.592550411497426206e-05,2.537434294768020423e-05,6.227526792866974921e-03,-3.755981444399602342e-08,-3.755981444400565842e-08,-3.755981444503887980e-08,-3.755981444503051535e-08
1.999875007812011629e-05,1.368055035239256938e+02,1.467375487371308157e-06,3.369120502245666685e-05,3.222382953508535699e-05,6.227552946881380509e-03,-8.415840803868788836e-08,-8.415840803870763482e-08,-8.415840804049100975e-08,-8.415840804047391027e-08
2.499843759765014620e-05,1.718514485942548333e+02,3.083042343154653744e-06,4.059849898208267642e-05,3.751545663892802098e-05,6.227586287687925798e-03,-1.372698993936537069e-07,-1.372698993936829295e-07,-1.372698993955051092e-07,-1.372698993954812864e-07
2.999812511718017612e-05,1.954628112897657388e+02,5.551885248241408632e-06,4.642937321873132967e-05,4.087748797048992443e-05,6.227613071297181599e-03,-1.682518540717830676e-07,-1.682518540718165254e-07,-1.682518540723372389e-07,-1.682518540723145808e-07
3.499781263671020604e-05,2.041625479731297048e+02,8.955318339886614981e-06,5.103690991072095187e-05,4.208159157083433689e-05,6.227621800253765189e-03,-1.378142440141975204e-07,-1.378142440142269548e-07,-1.378142440122400272e-07,-1.378142440122228748e-07
3.999750015624023257e-05,1.969146876955775269e+02,1.328718474116382045e-05,5.436684528308679225e-05,4.107966054192297518e-05,6.227608939588775636e-03,-6.483980023603182479e-09,-6.483980023625628852e-09,-6.483980019035980827e-09,-6.483980019028781047e-09
4.499718767577026588e-05,1.752662327041471713e+02,1.845322684997834770e-05,5.646402071176706582e-05,3.801079386178872152e-05,6.227580591292302369e-03,2.527347404547782919e-07,2.527347404547520339e-07,2.527347404604470599e-07,2.527347404604568008e-07
4.999687519530029241e-05,1.429270707787864012e+02,2.428479171703814391e-05,5.746286033092631851e-05,3.317806861388817121e-05,6.227549113099555521e-03,6.437616801168511547e-07,6.437616801167969445e-07,6.437616801210414266e-07,6.437616801210795431e-07
5.499656271483031894e-05,1.049332407262799052e+02,3.056321702362072555e-05,5.756444377496164962e-05,2.700122675134092407e-05,6.227526832415335167e-03,1.142742335939561159e-06,1.142742335939441728e-06,1.142742335939988064e-06,1.142742335940092249e-06
5.999625023436035224e-05,6.667183292766353020e+01,3.704947163858940678e-05,5.700529734048375791e-05,1.995582570189435113e-05,6.227520584626987724e-03,1.701196407995462874e-06,1.701196407995259587e-06,1.701196407991678331e-06,1.701196407991869761e-06
6.499593775389037877e-05,3.309344660173425723e+01,4.351352649329695923e-05,5.602387588719429177e-05,1.251034939389733254e-05,6.227529991090814329e-03,2.256218518849487795e-06,2.256218518849169310e-06,2.256218518843402710e-06,2.256218518843700865e-06
6.999562527342041208e-05,8.537405879681484677e+00,4.975967874820272569e-05,5.482949311881617276e-05,5.069814370613447065e-06,6.227550439228809673e-03,2.744342528501753764e-06,2.744342528501368364e-06,2.744342528496818950e-06,2.744342528497222138e-06
7.499531279295044539e-05,0.000000000000000000e+00,5.564866877522177228e-05,5.357366503721352108e-05,0.000000000000000000e+00,6.227578211039418686e-03,3.114117524300108015e-06,3.114117524299661629e-06,3.114117524299302487e-06,3.114117524299784449e-06
7.999500031248046514e-05,0.000000000000000000e+00,6.112496864892863848e-05,5.231508708220491451e-05,0.000000000000000000e+00,6.227578178276625340e-03,3.332558512181466148e-06,3.332558512181025691e-06,3.332558512185315066e-06,3.332558512185817357e-06
8.499468783201049845e-05,0.000000000000000000e+00,6.618269393361866763e-05,5.105675434654294032e-05,0.000000000000000000e+00,6.227578314463961054e-03,3.389144458829803024e-06,3.389144458829414236e-06,3.389144458835733102e-06,3.389144458836216757e-06
8.999437535154053175e-05,0.000000000000000000e+00,7.081969056229399416e-05,4.979866683022759176e-05,0.000000000000000000e+00,6.227579136271707040e-03,3.292403635042591965e-06,3.292403635042348019e-06,3.292403635046312134e-06,3.292403635046701769e-06
9.499406287107055151e-05,0.000000000000000000e+00,7.503629900545680557e-05,4.854082453325886881e-05,0.000000000000000000e+00,6.227580050528792877e-03,3.056387448250565337e-06,3.056387448250480634e-06,3.056387448248471471e-06,3.056387448248739134e-06
9.999375039060058481e-05,0.000000000000000000e+00,7.883784701738002631e-05,4.728322745563677825e-05,0.000000000000000000e+00,6.227579806518714241e-03,2.686440397095725017e-06,2.686440397095841908e-06,2.686440397087029377e-06,2.686440397087153044e-06
1.049934379101306181e-04,0.000000000000000000e+00,8.223676719692448237e-05,4.602587559736130653e-05,0.000000000000000000e+00,6.227577918162932602e-03,2.171089291757773108e-06,2.171089291758049241e-06,2.171089291745047285e-06,2.171089291745074390e-06
1.099931254296606379e-04,0.000000000000000000e+00,8.525303918137482463e-05,4.476876895843246042e-05,0.000000000000000000e+00,6.227575443699596112e-03,1.484278595315966039e-06,1.484278595316355675e-06,1.484278595303982217e-06,1.484278595303940713e-06
1.149928129491906712e-04,0.000000000000000000e+00,8.791240230397993243e-05,4.351190753885023993e-05,0.000000000000000000e+00,6.227574114673114364e-03,5.980444425650828836e-07,5.980444425655207996e-07,5.980444425583023848e-07,5.980444425582829031e-07
1.199925004687207045e-04,0.000000000000000000e+00,9.024273931214502672e-05,4.225529133861464506e-05,0.000000000000000000e+00,6.227574695400934363e-03,-4.985951047354378443e-07,-4.985951047350727731e-07,-4.985951047350998782e-07,-4.985951047349897639e-07
1.249921879882507378e-04,0.000000000000000000e+00,9.226983203929691076e-05,4.099892035772568258e-05,0.000000000000000000e+00,6.227576348609213837e-03,-1.781584532280355436e-06,-1.781584532280138596e-06,-1.781584532274308468e-06,-1.781584532273986595e-06
1.299918755077807575e-04,0.000000000000000000e+00,9.401403354984029927e-05,3.974279459618334571e-05,0.000000000000000000e+00,6.227577596286456608e-03,-3.181873008913964117e-06,-3.181873008913985293e-06,-3.181873008906115510e-06,-3.181873008905459483e-06
1.349915630273107773e-04,0.000000000000000000e+00,9.548915476349507632e-05,3.848691405398763446e-05,0.000000000000000000e+00,6.227577658836087882e-03,-4.588261739748434065e-06,-4.588261739748768643e-06,-4.588261739742874987e-06,-4.588261739741858548e-06
1.399912505468408242e-04,0.000000000000000000e+00,9.670410874540238673e-05,3.723127873113854882e-05,0.000000000000000000e+00,6.227576710248208629e-03,-5.863345170906203704e-06,-5.863345170906816955e-06,-5.863345170905075456e-06,-5.863345170903735450e-06
1.449909380663708439e-04,0.000000000000000000e+00,9.766685988736749694e-05,3.597588862763608202e-05,0.000000000000000000e+00,6.227575089809475779e-03,-6.868183122563149139e-06,-6.868183122563968219e-06,-6.868183122565663132e-06,-6.868183122564080028e-06
1.499906255859008908e-04,0.000000000000000000e+00,9.838934554420369287e-05,3.472074374348024762e-05,0.000000000000000000e+00,6.227572780650345377e-03,-7.488202872383079949e-06,-7.488202872383913429e-06,-7.488202872386186865e-06,-7.488202872384522446e-06
1.549903131054309105e-04,0.000000000000000000e+00,9.889159571787979608e-05,3.346584407867103883e-05,0.000000000000000000e+00,6.227569909892769276e-03,-7.652400911519459276e-06,-7.652400911520118267e-06,-7.652400911519684586e-06,-7.652400911518137904e-06
1.599900006249609303e-04,0.000000000000000000e+00,9.920344399019192085e-05,3.221118963320845566e-05,0.000000000000000000e+00,6.227567459001920498e-03,-7.340373147549323900e-06,-7.340373147549608503e-06,-7.340373147544824461e-06,-7.340373147543603039e-06
1.649896881444909771e-04,0.000000000000000000e+00,9.936296107510646279e-05,3.095678040709250487e-05,0.000000000000000000e+00,6.227566923189454054e-03,-6.576132760837658686e-06,-6.576132760837426599e-06,-6.576132760829320493e-06,-6.576132760828607291e-06
1.699893756640209969e-04,0.000000000000000000e+00,9.941181273192018918e-05,2.970261640032317971e-05,0.000000000000000000e+00,6.227568981742234548e-03,-5.412403300275709812e-06,-5.412403300274900049e-06,-5.412403300266900669e-06,-5.412403300266763450e-06
1.749890631835510166e-04,0.000000000000000000e+00,9.938878896400003870e-05,2.844869761290047677e-05,0.000000000000000000e+00,6.227572647744774280e-03,-3.912306796208904890e-06,-3.912306796207581824e-06,-3.912306796203878596e-06,-3.912306796204237738e-06
1.799887507030810635e-04,0.000000000000000000e+00,9.932341648939368409e-05,2.719502404482439605e-05,0.000000000000000000e+00,6.227575990146013742e-03,-2.135877182414502965e-06,-2.135877182412844474e-06,-2.135877182416400319e-06,-2.135877182417101662e-06
1.849884382226110833e-04,0.000000000000000000e+00,9.923162007522906363e-05,2.594159569609494096e-05,0.000000000000000000e+00,6.227577741399522269e-03,-1.364378390894642739e-07,-1.364378390877193860e-07,-1.364378390987104855e-07,-1.364378390994829796e-07
1.899881257421411030e-04,0.000000000000000000e+00,9.911481233581737374e-05,2.468841256671211825e-05,0.000000000000000000e+00,6.227578094241522678e-03,2.032470074264171886e-06,2.032470074265682993e-06,2.032470074250090810e-06,2.032470074249494499e-06
1.949878132616711499e-04,0.000000000000000000e+00,9.896275197917426105e-05,2.343547465667592116e-05,0.000000000000000000e+00,6.227577980774606260e-03,4.303529101010318520e-06,4.303529101011375617e-06,4.303529100995949453e-06,4.303529100995793599e-06
1.999875007812011696e-04,0.000000000000000000e+00,9.875935573263079225e-05,2.218278196598634969e-05,0.000000000000000000e+00,6.227577869627335186e-03,6.582426691422861944e-06,6.582426691423312566e-06,6.582426691413012645e-06,6.582426691413449714e-06
2.049871883007311894e-04,0.000000000000000000e+00,9.848975682834456777e-05,2.093033449464341061e-05,0.000000000000000000e+00,6.227577492972067447e-03,8.742219867749009306e-06,8.742219867748806018e-06,8.742219867746674883e-06,8.742219867747701487e-06
2.099868758202612362e-04,0.000000000000000000e+00,9.814656260556035676e-05,1.967813224264709375e-05,0.000000000000000000e+00,6.227576582778066548e-03,1.062988026114681701e-05,1.062988026114616310e-05,1.062988026115232611e-05,1.062988026115382366e-05
2.149865633397912560e-04,0.000000000000000000e+00,9.773357975430618859e-05,1.842617520999739573e-05,0.000000000000000000e+00,6.227575432534727604e-03,1.208503942485200777e-05,1.208503942485110653e-05,1.208503942486279897e-05,1.208503942486448287e-05
2.199862508593212757e-04,0.000000000000000000e+00,9.726613226891642791e-05,1.717446339669432672e-05,0.000000000000000000e+00,6.227574483785327381e-03,1.296619630952243266e-05,1.296619630952167203e-05,1.296619630953446053e-05,1.296619630953596994e-05
2.249859383788513226e-04,0.000000000000000000e+00,9.676819884281551002e-05,1.592299680273788671e-05,0.000000000000000000e+00,6.227573567678480748e-03,1.317654461316944292e-05,1.317654461316916510e-05,1.317654461317883482e-05,1.317654461317985804e-05
2.299856258983813424e-04,0.000000000000000000e+00,9.626756965808753866e-05,1.467177542812806893e-05,0.000000000000000000e+00,6.227571980989319612e-03,1.268133911038639422e-05,1.268133911038687872e-05,1.268133911039117826e-05,1.268133911039139172e-05
2.349853134179113892e-04,0.000000000000000000e+00,9.579074400250535870e-05,1.342079927286487846e-05,0.000000000000000000e+00,6.227569494830051573e-03,1.151146580364300258e-05,1.151146580364445439e-05,1.151146580364374288e-05,1.151146580364298394e-05
2.399850009374414090e-04,0.000000000000000000e+00,9.535919773606995589e-05,1.217006833694831530e-05,0.000000000000000000e+00,6.227567072681916734e-03,9.752588290752281405e-06,9.752588290754666650e-06,9.752588290751542792e-06,9.752588290749818233e-06
2.449846884569714558e-04,0.000000000000000000e+00,9.498799722667804223e-05,1.091958262037837944e-05,0.000000000000000000e+00,6.227566258232891151e-03,7.524140214289944529e-06,7.524140214293112433e-06,7.524140214290622156e-06,7.524140214288111550e-06
2.499843759765014756e-04,0.000000000000000000e+00,9.468677339721451054e-05,9.669342123155072593e-06,0.000000000000000000e+00,6.227567744702159139e-03,4.955680236002668715e-06,4.955680236006243194e-06,4.955680236006151714e-06,4.955680236003192181e-06
2.549840634960314953e-04,0.000000000000000000e+00,9.446215175676267852e-05,8.419346845278393053e-06,0.000000000000000000e+00,6.227570670362424406e-03,2.168517645207887321e-06,2.168517645211499070e-06,2.168517645213230405e-06,2.168517645210242073e-06
2.599837510155615151e-04,0.000000000000000000e+00,9.432019708070846079e-05,7.169596786748335741e-06,0.000000000000000000e+00,6.227573408097816961e-03,-7.320548642203030085e-07,-7.320548642170978358e-07,-7.320548642161017251e-07,-7.320548642186665408e-07
2.649834385350915348e-04,0.000000000000000000e+00,9.426746985567027791e-05,5.920091947564900655e-06,0.000000000000000000e+00,6.227574946572468455e-03,-3.653095748648430875e-06,-3.653095748645935516e-06,-3.653095748648464757e-06,-3.653095748650324841e-06
2.699831260546215546e-04,0.000000000000000000e+00,9.430989030913825618e-05,4.670832327728088644e-06,0.000000000000000000e+00,6.227575394095835777e-03,-6.502783557648748660e-06,-6.502783557647188426e-06,-6.502783557654195082e-06,-6.502783557655109878e-06
2.749828135741516286e-04,0.000000000000000000e+00,9.444954364704658651e-05,3.421817927237900978e-06,0.000000000000000000e+00,6.227575292137753175e-03,-9.178546402155274541e-06,-9.178546402154578280e-06,-9.178546402163907501e-06,-9.178546402163936300e-06
2.799825010936816483e-04,0.000000000000000000e+00,9.468048879110827767e-05,2.173048746094336386e-06,0.000000000000000000e+00,6.227574817863093699e-03,-1.156172669929586031e-05,-1.156172669929586539e-05,-1.156172669930275854e-05,-1.156172669930208430e-05
2.849821886132116681e-04,0.000000000000000000e+00,9.498520212940223168e-05,9.245247842973957154e-07,0.000000000000000000e+00,6.227573885580276782e-03,-1.352330223355445477e-05,-1.352330223355475970e-05,-1.352330223355399568e-05,-1.352330223355296908e-05
2.899818761327416878e-04,0.000000000000000000e+00,9.533327203811882812e-05,-3.237539581529217748e-07,0.000000000000000000e+00,6.227572826365854013e-03,-1.494065225166560745e-05,-1.494065225166579888e-05,-1.494065225165451809e-05,-1.494065225165357958e-05
2.949815636522717076e-04,0.000000000000000000e+00,9.568334160517207227e-05,-1.571787481256615767e-06,0.000000000000000000e+00,6.227572513397203885e-03,-1.572069117019730367e-05,-1.572069117019702923e-05,-1.572069117017674787e-05,-1.572069117017627015e-05
2.999812511718017815e-04,0.000000000000000000e+00,9.598827564850401196e-05,-2.819575785013686156e-06,0.000000000000000000e+00,6.227573558931511453e-03,-1.582169234005629743e-05,-1.582169234005522339e-05,-1.582169234003183851e-05,-1.582169234003210617e-05
3.049809386913318013e-04,0.000000000000000000e+00,9.620245192717215591e-05,-4.067118869424132411e-06,0.000000000000000000e+00,6.227575523947190272e-03,-1.526596210835111825e-05,-1.526596210834921412e-05,-1.526596210833050486e-05,-1.526596210833158228e-05
3.099806262108618211e-04,0.000000000000000000e+00,9.628931990622877155e-05,-5.314416734487956440e-06,0.000000000000000000e+00,6.227577205563733335e-03,-1.413830258522720491e-05,-1.413830258522453168e-05,-1.413830258521677963e-05,-1.413830258521856518e-05
3.149803137303918408e-04,0.000000000000000000e+00,9.622720204084217162e-05,-6.561469380205156546e-06,0.000000000000000000e+00,6.227577786105496435e-03,-1.256991694671498642e-05,-1.256991694671178125e-05,-1.256991694671698203e-05,-1.256991694671925886e-05
3.199800012499218606e-04,0.000000000000000000e+00,9.601179945874411831e-05,-7.808276806575731885e-06,0.000000000000000000e+00,6.227577547515035679e-03,-1.071233438857964638e-05,-1.071233438857624131e-05,-1.071233438859161665e-05,-1.071233438859403239e-05
3.249796887694518803e-04,0.000000000000000000e+00,9.565484778866411653e-05,-9.054839013599686690e-06,0.000000000000000000e+00,6.227577352422695826e-03,-8.709255968206578769e-06,-8.709255968203297364e-06,-8.709255968223119629e-06,-8.709255968225354102e-06
3.299793762889819543e-04,0.000000000000000000e+00,9.517952116502910605e-05,-1.030115600127701588e-05,0.000000000000000000e+00,6.227577562304312253e-03,-6.674736070960341812e-06,-6.674736070957407690e-06,-6.674736070976443908e-06,-6.674736070978229454e-06
3.349790638085119740e-04,0.000000000000000000e+00,9.461411928745030509e-05,-1.154722776960772115e-05,0.000000000000000000e+00,6.227577686904074185e-03,-4.683647909950931253e-06,-4.683647909948518903e-06,-4.683647909964720949e-06,-4.683647909965913571e-06
3.399787513280419938e-04,0.000000000000000000e+00,9.398598800564561507e-05,-1.279305431859180588e-05,0.000000000000000000e+00,6.227577098221575604e-03,-2.775864686657261973e-06,-2.775864686655395112e-06,-2.775864686670494321e-06,-2.775864686671058445e-06
3.449784388475720135e-04,0.000000000000000000e+00,9.331739497247223730e-05,-1.403863564822926331e-05,0.000000000000000000e+00,6.227575833218334557e-03,-9.706973987364730862e-07,-9.706973987350229658e-07,-9.706973987526615799e-07,-9.706973987527157900e-07
3.499781263671020333e-04,0.000000000000000000e+00,9.262430703447922082e-05,-1.528397175852010020e-05,0.000000000000000000e+00,6.227574476886104000e-03,7.153358019446165558e-07,7.153358019458125664e-07,7.153358019234305678e-07,7.153358019237219471e-07
3.549778138866320530e-04,0.000000000000000000e+00,9.191797687559756557e-05,-1.652906264946431148e-05,0.000000000000000000e+00,6.227573346350055543e-03,2.255121148139271561e-06,2.255121148140450631e-06,2.255121148115070136e-06,2.255121148115476711e-06
3.599775014061621270e-04,0.000000000000000000e+00,9.120830601016401108e-05,-1.777390832106190392e-05,0.000000000000000000e+00,6.227572099303655372e-03,3.607513401279339175e-06,3.607513401280718144e-06,3.607513401258092200e-06,3.607513401258386968e-06
3.649771889256921468e-04,0.000000000000000000e+00,9.050742614667023084e-05,-1.901850877331286396e-05,0.000000000000000000e+00,6.227570327291263516e-03,4.725197507602222263e-06,4.725197507603926493e-06,4.725197507591237940e-06,4.725197507591295538e-06
3.699768764452221665e-04,0.000000000000000000e+00,8.983199298449779681e-05,-2.026286400621720856e-05,0.000000000000000000e+00,6.227568392041957224e-03,5.570495821436126518e-06,5.570495821438240712e-06,5.570495821440077079e-06,5.570495821439836522e-06
3.749765639647521863e-04,0.000000000000000000e+00,8.920327095425693528e-05,-2.150697401977492754e-05,0.000000000000000000e+00,6.227567379011318682e-03,6.132389201990570346e-06,6.132389201993033518e-06,6.132389202008435965e-06,6.132389202007934521e-06
3.799762514842822060e-04,0.000000000000000000e+00,8.864497484514621665e-05,-2.275083881398602090e-05,0.000000000000000000e+00,6.227568085206496538e-03,6.437250426038002693e-06,6.437250426040686094e-06,6.437250426062929179e-06,6.437250426062295598e-06
3.849759390038122800e-04,0.000000000000000000e+00,8.817969619034971061e-05,-2.399445838885049204e-05,0.000000000000000000e+00,6.227570153919843865e-03,6.547943944315314554e-06,6.547943944318069105e-06,6.547943944337655895e-06,6.547943944337039255e-06
3.899756265233422997e-04,0.000000000000000000e+00,8.782526911071745471e-05,-2.523783274436833756e-05,0.000000000000000000e+00,6.227572342551786211e-03,6.550243525611812537e-06,6.550243525614458668e-06,6.550243525623759090e-06,6.550243525623308468e-06
3.949753140428723195e-04,0.000000000000000000e+00,8.759243968040921185e-05,-2.648096188053956424e-05,0.000000000000000000e+00,6.227573610357022005e-03,6.530361473822923513e-06,6.530361473825346027e-06,6.530361473822415293e-06,6.530361473822239110e-06
3.999750015624023393e-04,0.000000000000000000e+00,8.748470089895999660e-05,-2.772384579736416531e-05,0.000000000000000000e+00,6.227573820628239110e-03,6.550948059725898964e-06,6.550948059728057204e-06,6.550948059717625146e-06,6.550948059717747119e-06
4.049746890819323590e-04,0.000000000000000000e+00,8.750033075345317601e-05,-2.896648449484213737e-05,0.000000000000000000e+00,6.227573417460551507e-03,6.633838951148286951e-06,6.633838951150231738e-06,6.633838951141127828e-06,6.633838951141524240e-06
4.099743766014623788e-04,0.000000000000000000e+00,8.763582553802952131e-05,-3.020887797297349398e-05,0.000000000000000000e+00,6.227572698789414149e-03,6.755702476877200501e-06,6.755702476878948777e-06,6.755702476879582358e-06,6.755702476880178669e-06
4.149740641209924527e-04,0.000000000000000000e+00,8.788936211535764939e-05,-3.145102623175822159e-05,0.000000000000000000e+00,6.227571677518408885e-03,6.858299321939644586e-06,6.858299321941318323e-06,6.858299321955436668e-06,6.858299321956144788e-06
4.199737516405224725e-04,0.000000000000000000e+00,8.826285650281961266e-05,-3.269292927119632697e-05,0.000000000000000000e+00,6.227570595434456929e-03,6.869920480708358233e-06,6.869920480709891362e-06,6.869920480735088898e-06,6.869920480735885109e-06
4.249734391600524922e-04,0.000000000000000000e+00,8.876164406895292822e-05,-3.393458709128781351e-05,0.000000000000000000e+00,6.227570194107497417e-03,6.730608418047566221e-06,6.730608418048979072e-06,6.730608418078486312e-06,6.730608418079423130e-06
4.299731266795825120e-04,0.000000000000000000e+00,8.939163676828690123e-05,-3.517599969203266767e-05,0.000000000000000000e+00,6.227571140326466047e-03,6.412470186821117200e-06,6.412470186822233589e-06,6.412470186848932068e-06,6.412470186850126384e-06
4.349728141991125317e-04,0.000000000000000000e+00,9.015473183407934432e-05,-3.641716707343090298e-05,0.000000000000000000e+00,6.227573187392748157e-03,5.928265358963953532e-06,5.928265358964590501e-06,5.928265358984865081e-06,5.928265358986503243e-06
4.399725017186425515e-04,0.000000000000000000e+00,9.104393654907359313e-05,-3.765808923548251945e-05,0.000000000000000000e+00,6.227575166950431729e-03,5.325824911749005137e-06,5.325824911748986502e-06,5.325824911764373703e-06,5.325824911766618340e-06
4.449721892381726255e-04,0.000000000000000000e+00,9.203989170387240706e-05,-3.889876617818750353e-05,0.000000000000000000e+00,6.227576005469826273e-03,4.671115608275800622e-06,4.671115608275017963e-06,4.671115608290721954e-06,4.671115608293689958e-06
4.499718767577026452e-04,0.000000000000000000e+00,9.311013601988382736e-05,-4.013919790154586877e-05,0.000000000000000000e+00,6.227575712079869846e-03,4.026942748706877789e-06,4.026942748705327719e-06,4.026942748726605186e-06,4.026942748730277921e-06
4.549715642772326650e-04,0.000000000000000000e+00,9.421165628527971160e-05,-4.137938440555760840e-05,0.000000000000000000e+00,6.227575248821609101e-03,3.435800413645292474e-06,3.435800413643093576e-06,3.435800413671521696e-06,3.435800413675777190e-06
4.599712517967626847e-04,0.000000000000000000e+00,9.529626854239133069e-05,-4.261932569022272918e-05,0.000000000000000000e+00,6.227575454640175284e-03,2.913636466625182605e-06,2.913636466622568662e-06,2.913636466654395925e-06,2.913636466658988537e-06
4.649709393162927045e-04,0.000000000000000000e+00,9.631749907819341073e-05,-4.385902175554122435e-05,0.000000000000000000e+00,6.227576240094946820e-03,2.456930906704491089e-06,2.456930906701762796e-06,2.456930906729183793e-06,2.456930906733787417e-06
4.699706268358227784e-04,0.000000000000000000e+00,9.723716617513332330e-05,-4.509847260151309391e-05,0.000000000000000000e+00,6.227576867809117393e-03,2.060130242521017791e-06,2.060130242518463986e-06,2.060130242533135444e-06,2.060130242537456159e-06
4.749703143553527982e-04,0.000000000000000000e+00,9.802995650740963342e-05,-4.633767822813834462e-05,0.000000000000000000e+00,6.227576830834160443e-03,1.736179712531535290e-06,1.736179712529391026e-06,1.736179712526224817e-06,1.736179712530039854e-06
4.799700018748828179e-04,0.000000000000000000e+00,9.868491102356197425e-05,-4.757663863541696973e-05,0.000000000000000000e+00,6.227576239024324063e-03,1.531324512088584439e-06,1.531324512086956865e-06,1.531324512066370576e-06,1.531324512069565161e-06
4.849696893944128377e-04,0.000000000000000000e+00,9.920367798674936221e-05,-4.881535382334896921e-05,0.000000000000000000e+00,6.227575383299641977e-03,1.527173973922320513e-06,1.527173973921109680e-06,1.527173973888542110e-06,1.527173973891192688e-06
4.899693769139429117e-04,0.000000000000000000e+00,9.959634526111402360e-05,-5.005382379193434308e-05,0.000000000000000000e+00,6.227574226672764370e-03,1.827619186031550298e-06,1.827619186030526235e-06,1.827619185993512378e-06,1.827619185995852518e-06
4.949690644334729314e-04,0.000000000000000000e+00,9.987631982291097002e-05,-5.129204854117309811e-05,0.000000000000000000e+00,6.227572591062973534e-03,2.533875308324696742e-06,2.533875308323493108e-06,2.533875308288082896e-06,2.533875308290447812e-06
4.999687519530029512e-04,0.000000000000000000e+00,1.000558740507503594e-04,-5.253002807106523430e-05,0.000000000000000000e+00,6.227570791557890395e-03,3.715550707341386113e-06,3.715550707339605650e-06,3.715550707307838103e-06,3.715550707310618065e-06
5.049684394725329709e-04,0.000000000000000000e+00,1.001435927720072404e-04,-5.376776238161073810e-05,0.000000000000000000e+00,6.227569770427278037e-03,5.387452770156896833e-06,5.387452770154152446e-06,5.387452770123721093e-06,5.387452770127301502e-06
5.099681269920629907e-04,0.000000000000000000e+00,1.001441819683954388e-04,-5.500525147280962306e-05,0.000000000000000000e+00,6.227570347113521934e-03,7.500093516726947574e-06,7.500093516723051223e-06,7.500093516689213951e-06,7.500093516693764212e-06
5.149678145115930104e-04,0.000000000000000000e+00,1.000602185803674840e-04,-5.624249534466188241e-05,0.000000000000000000e+00,6.227572348141712302e-03,9.947160697953229990e-06,9.947160697948117299e-06,9.947160697906782091e-06,9.947160697912345404e-06
5.199675020311230302e-04,0.000000000000000000e+00,9.989474196440979563e-05,-5.747949399716751614e-05,0.000000000000000000e+00,6.227574650027513196e-03,1.258729836025280094e-05,1.258729836024663116e-05,1.258729836019690693e-05,1.258729836020331559e-05
5.249671895506530499e-04,0.000000000000000000e+00,9.965334559866553300e-05,-5.871624743032653103e-05,0.000000000000000000e+00,6.227576160912674970e-03,1.527259980488088867e-05,1.527259980487402771e-05,1.527259980481909932e-05,1.527259980482598739e-05
5.299668770701830697e-04,0.000000000000000000e+00,9.934469875775225152e-05,-5.995275564413892031e-05,0.000000000000000000e+00,6.227576683060551122e-03,1.787410462612074385e-05,1.787410462611364572e-05,1.787410462605946610e-05,1.787410462606637112e-05
5.349665645897130895e-04,0.000000000000000000e+00,9.897910410823468992e-05,-6.118901863860468397e-05,0.000000000000000000e+00,6.227576763312515917e-03,2.029609676570184597e-05,2.029609676569494773e-05,2.029609676564775444e-05,2.029609676565414785e-05
5.399662521092431092e-04,0.000000000000000000e+00,9.856552549092055548e-05,-6.242503641372382879e-05,0.000000000000000000e+00,6.227576846282723011e-03,2.247553985219094953e-05,2.247553985218471198e-05,2.247553985214838105e-05,2.247553985215386982e-05
5.449659396287732374e-04,0.000000000000000000e+00,9.810819310709505570e-05,-6.366080896949635477e-05,0.000000000000000000e+00,6.227576807063373021e-03,2.436882272534850546e-05,2.436882272534312849e-05,2.436882272531798517e-05,2.436882272532232537e-05
5.499656271483032571e-04,0.000000000000000000e+00,9.760415923940163568e-05,-6.489633630592223481e-05,0.000000000000000000e+00,6.227576347230991648e-03,2.593288873836640352e-05,2.593288873836190408e-05,2.593288873834541066e-05,2.593288873834860228e-05
5.549653146678332769e-04,0.000000000000000000e+00,9.704293122505339164e-05,-6.613161842300150956e-05,0.000000000000000000e+00,6.227575593086632708e-03,2.710990909776493313e-05,2.710990909776109437e-05,2.710990909775000163e-05,2.710990909775224457e-05
5.599650021873632966e-04,0.000000000000000000e+00,9.640862930912727263e-05,-6.736665532073416547e-05,0.000000000000000000e+00,6.227575015415616651e-03,2.782312987116194856e-05,2.782312987115839780e-05,2.782312987115103878e-05,2.782312987115273284e-05
5.649646897068933164e-04,0.000000000000000000e+00,9.568424229727434031e-05,-6.860144699912018899e-05,0.000000000000000000e+00,6.227574754140332257e-03,2.798695694918486778e-05,2.798695694918105952e-05,2.798695694917913845e-05,2.798695694918078508e-05
5.699643772264233361e-04,0.000000000000000000e+00,9.485679405289407673e-05,-6.983599345815959367e-05,0.000000000000000000e+00,6.227574295724280611e-03,2.752849323322547367e-05,2.752849323322094713e-05,2.752849323322883131e-05,2.752849323323090485e-05
5.749640647459533559e-04,0.000000000000000000e+00,9.392186210941522563e-05,-7.107029469785237951e-05,0.000000000000000000e+00,6.227573055955043686e-03,2.641285949867485934e-05,2.641285949866916050e-05,2.641285949869186098e-05,2.641285949869482221e-05
5.799637522654833757e-04,0.000000000000000000e+00,9.288604445833655314e-05,-7.230435071819853296e-05,0.000000000000000000e+00,6.227571239989283976e-03,2.466260947508041874e-05,2.466260947507324945e-05,2.466260947511359533e-05,2.466260947511774918e-05
5.849634397850133954e-04,0.000000000000000000e+00,9.176660585544169091e-05,-7.353816151919805402e-05,0.000000000000000000e+00,6.227569900655575801e-03,2.236320419309951440e-05,2.236320419309084079e-05,2.236320419314764959e-05,2.236320419315301639e-05
5.899631273045434152e-04,0.000000000000000000e+00,9.058843599632989438e-05,-7.477172710085096979e-05,0.000000000000000000e+00,6.227570012712671174e-03,1.965126011643751619e-05,1.965126011642753136e-05,1.965126011649553795e-05,1.965126011650194490e-05
5.949628148240734349e-04,0.000000000000000000e+00,8.937931077606354698e-05,-7.600504746315725317e-05,0.000000000000000000e+00,6.227571545541211485e-03,1.668837304729907920e-05,1.668837304728812876e-05,1.668837304736039084e-05,1.668837304736750252e-05
5.999625023436035631e-04,0.000000000000000000e+00,8.816497174332929511e-05,-7.723812260611691771e-05,0.000000000000000000e+00,6.227573526069564783e-03,1.362847578671178898e-05,1.362847578670031338e-05,1.362847578677128796e-05,1.362847578677866053e-05
6.049621898631335828e-04,0.000000000000000000e+00,8.696555216209547030e-05,-7.847095252972994986e-05,0.000000000000000000e+00,6.227574943620279614e-03,1.058898718942266327e-05,1.058898718941108942e-05,1.058898718947920103e-05,1.058898718948639403e-05
6.099618773826636026e-04,0.000000000000000000e+00,8.579438246878006151e-05,-7.970353723399636317e-05,0.000000000000000000e+00,6.227575456092418124e-03,7.634598117623220986e-06,7.634598117611918178e-06,7.634598117679897654e-06,7.634598117686579050e-06
6.149615649021936224e-04,0.000000000000000000e+00,8.465937968370035023e-05,-8.093587671891615764e-05,0.000000000000000000e+00,6.227575244217222784e-03,4.777948749152904846e-06,4.777948749142117035e-06,4.777948749214680653e-06,4.777948749220596331e-06
6.199612524217236421e-04,0.000000000000000000e+00,8.356635196348763048e-05,-8.216797098448931972e-05,0.000000000000000000e+00,6.227574452512075164e-03,1.995397964554584036e-06,1.995397964544338325e-06,1.995397964624515076e-06,1.995397964629627767e-06
6.249609399412536619e-04,0.000000000000000000e+00,8.252292843801895049e-05,-8.339982003071586296e-05,0.000000000000000000e+00,6.227573061031992964e-03,-7.491796806133470851e-07,-7.491796806231658910e-07,-7.491796805372767502e-07,-7.491796805328179687e-07
6.299606274607836816e-04,0.000000000000000000e+00,8.154166053872560186e-05,-8.463142385759578736e-05,0.000000000000000000e+00,6.227571307392166730e-03,-3.482169417203212318e-06,-3.482169417212851553e-06,-3.482169417128842825e-06,-3.482169417124780455e-06
6.349603149803137014e-04,0.000000000000000000e+00,8.064117777744790323e-05,-8.586278246512907936e-05,0.000000000000000000e+00,6.227569936472406205e-03,-6.208062063205942546e-06,-6.208062063215703753e-06,-6.208062063144637689e-06,-6.208062063140680351e-06
6.399600024998437211e-04,0.000000000000000000e+00,7.984498944351754593e-05,-8.709389585331573898e-05,0.000000000000000000e+00,6.227569727320953971e-03,-8.911585452003018508e-06,-8.911585452013162575e-06,-8.911585451964993505e-06,-8.911585451960863372e-06
6.449596900193737409e-04,0.000000000000000000e+00,7.917835086748215619e-05,-8.832476402215579331e-05,0.000000000000000000e+00,6.227570726327924001e-03,-1.157251583078038817e-05,-1.157251583079115057e-05,-1.157251583077049652e-05,-1.157251583076596998e-05
6.499593775389037606e-04,0.000000000000000000e+00,7.866427134933562425e-05,-8.955538697164922880e-05,0.000000000000000000e+00,6.227572121729712043e-03,-1.418641123632241962e-05,-1.418641123633385287e-05,-1.418641123633819646e-05,-1.418641123633320405e-05
6.549590650584338888e-04,0.000000000000000000e+00,7.832000817528585613e-05,-9.078576470179603190e-05,0.000000000000000000e+00,6.227573013874066962e-03,-1.678197095516948388e-05,-1.678197095518156595e-05,-1.678197095520286036e-05,-1.678197095519742241e-05
6.599587525779639086e-04,0.000000000000000000e+00,7.815518454495525827e-05,-9.201589721259620261e-05,0.000000000000000000e+00,6.227573263207479386e-03,-1.942676331969567970e-05,-1.942676331970824967e-05,-1.942676331973734695e-05,-1.942676331973162100e-05
6.649584400974939283e-04,0.000000000000000000e+00,7.817207056157101383e-05,-9.324578450404976803e-05,0.000000000000000000e+00,6.227573468730867624e-03,-2.221730233087343799e-05,-2.221730233088631628e-05,-2.221730233091763956e-05,-2.221730233091179842e-05
6.699581276170239481e-04,0.000000000000000000e+00,7.836779065901910870e-05,-9.447542657615670106e-05,0.000000000000000000e+00,6.227574139867757611e-03,-2.525532242700642092e-05,-2.525532242701940424e-05,-2.525532242705342447e-05,-2.525532242704767481e-05
6.749578151365539678e-04,0.000000000000000000e+00,7.873754000548332437e-05,-9.570482342891700170e-05,0.000000000000000000e+00,6.227575057199796933e-03,-2.861742145086724771e-05,-2.861742145088016665e-05,-2.861742145092225064e-05,-2.861742145091675170e-05
6.799575026560839876e-04,0.000000000000000000e+00,7.927754203315693130e-05,-9.693397506233069705e-05,0.000000000000000000e+00,6.227575543490304795e-03,-3.232803304717462222e-05,-3.232803304718736160e-05,-3.232803304724366557e-05,-3.232803304723854272e-05
6.849571901756140073e-04,0.000000000000000000e+00,7.998657882819052724e-05,-9.816288147639776001e-05,0.000000000000000000e+00,6.227575248298913499e-03,-3.634489771032541088e-05,-3.634489771033791309e-05,-3.634489771041052753e-05,-3.634489771040579770e-05
6.899568776951440271e-04,0.000000000000000000e+00,8.086544029620957252e-05,-9.939154267111819058e-05,0.000000000000000000e+00,6.227574475850998839e-03,-4.056208782788605911e-05,-4.056208782789837836e-05,-4.056208782798282416e-05,-4.056208782797846702e-05
6.949565652146740468e-04,0.000000000000000000e+00,8.191439016136590448e-05,-1.006199586464920023e-04,0.000000000000000000e+00,6.227573726752482115e-03,-4.482968619001047322e-05,-4.482968619002267727e-05,-4.482968619010908819e-05,-4.482968619010500888e-05
6.999562527342040666e-04,0.000000000000000000e+00,8.312947978210816333e-05,-1.018481294025191952e-04,0.000000000000000000e+00,6.227573118624929460e-03,-4.898357519206075804e-05,-4.898357519207294176e-05,-4.898357519215036735e-05,-4.898357519214649810e-05
7.049559402537340863e-04,0.000000000000000000e+00,8.449900363808224529e-05,-1.030760549391997692e-04,0.000000000000000000e+00,6.227572437764034019e-03,-5.287550743994107064e-05,-5.287550743995329502e-05,-5.287550744001476928e-05,-5.287550744001104911e-05
7.099556277732641061e-04,0.000000000000000000e+00,8.600142265361779823e-05,-1.043037352565337109e-04,0.000000000000000000e+00,6.227571694257473880e-03,-5.639387914903228066e-05,-5.639387914904456602e-05,-5.639387914909050909e-05,-5.639387914908684313e-05
7.149553152927942343e-04,0.000000000000000000e+00,8.760566651992590680e-05,-1.055311703545210202e-04,0.000000000000000000e+00,6.227571377832709018e-03,-5.946930427711927763e-05,-5.946930427713161720e-05,-5.946930427716876468e-05,-5.946930427716520714e-05
7.199550028123242540e-04,0.000000000000000000e+00,8.927399636628847654e-05,-1.067583602331617241e-04,0.000000000000000000e+00,6.227572007923369221e-03,-6.206482604626048104e-05,-6.206482604627280028e-05,-6.206482604631023236e-05,-6.206482604630684423e-05
7.249546903318542738e-04,0.000000000000000000e+00,9.096680231795221093e-05,-1.079853048924557957e-04,0.000000000000000000e+00,6.227573505354401691e-03,-6.415628611437154802e-05,-6.415628611438373174e-05,-6.415628611442751995e-05,-6.415628611442440287e-05
7.299543778513842935e-04,0.000000000000000000e+00,9.264809097131537178e-05,-1.092120043324032349e-04,0.000000000000000000e+00,6.227575172973131429e-03,-6.571190529484568794e-05,-6.571190529485764127e-05,-6.571190529490712154e-05,-6.571190529490441104e-05
7.349540653709143133e-04,0.000000000000000000e+00,9.429018878141207267e-05,-1.104384585530040688e-04,0.000000000000000000e+00,6.227576330602987986e-03,-6.668021131826063841e-05,-6.668021131827223938e-05,-6.668021131832021532e-05,-6.668021131831791139e-05
7.399537528904443330e-04,0.000000000000000000e+00,9.587642331332205982e-05,-1.116646675542582704e-04,0.000000000000000000e+00,6.227576854872949631e-03,-6.699205203465816963e-05,-6.699205203466943178e-05,-6.699205203470544085e-05,-6.699205203470359770e-05
7.449534404099743528e-04,0.000000000000000000e+00,9.740116624749278024e-05,-1.128906313361658530e-04,0.000000000000000000e+00,6.227577022382223444e-03,-6.657682155438069912e-05,-6.657682155439163601e-05,-6.657682155440715365e-05,-6.657682155440571709e-05
7.499531279295043725e-04,0.000000000000000000e+00,9.886742369537101127e-05,-1.141163498987268033e-04,0.000000000000000000e+00,6.227576937417269969e-03,-6.538729867254413752e-05,-6.538729867255478980e-05,-6.538729867254687513e-05,-6.538729867254579092e-05
7.549528154490343923e-04,0.000000000000000000e+00,1.002828763375740944e-04,-1.153418232419411483e-04,0.000000000000000000e+00,6.227576324376590117e-03,-6.342380889560382496e-05,-6.342380889561432817e-05,-6.342380889558617957e-05,-6.342380889558533932e-05
7.599525029685644121e-04,0.000000000000000000e+00,1.016556704910459731e-04,-1.165670513658088609e-04,0.000000000000000000e+00,6.227574966899699672e-03,-6.074819096234314211e-05,-6.074819096235355045e-05,-6.074819096231203906e-05,-6.074819096231133433e-05
7.649521904880944318e-04,0.000000000000000000e+00,1.029912175422550470e-04,-1.177920342703299412e-04,0.000000000000000000e+00,6.227573221351864925e-03,-5.748141837702800967e-05,-5.748141837703836380e-05,-5.748141837698989319e-05,-5.748141837698928332e-05
7.699518780076245600e-04,0.000000000000000000e+00,1.042908010265516407e-04,-1.190167719555044025e-04,0.000000000000000000e+00,6.227571897420822872e-03,-5.378449545771119992e-05,-5.378449545772149307e-05,-5.378449545766901091e-05,-5.378449545766848913e-05
7.749515655271545797e-04,0.000000000000000000e+00,1.055520875160148836e-04,-1.202412644213322451e-04,0.000000000000000000e+00,6.227571557373383880e-03,-4.982830227018133563e-05,-4.982830227019155423e-05,-4.982830227013414573e-05,-4.982830227013371205e-05
7.799512530466845995e-04,0.000000000000000000e+00,1.067709416745022191e-04,-1.214655116678134552e-04,0.000000000000000000e+00,6.227572006832549946e-03,-4.576215320885470119e-05,-4.576215320886470295e-05,-4.576215320879986089e-05,-4.576215320879965082e-05
7.849509405662146192e-04,0.000000000000000000e+00,1.079435041712871230e-04,-1.226895136949480601e-04,0.000000000000000000e+00,6.227572550330958551e-03,-4.169141027695043186e-05,-4.169141027696010159e-05,-4.169141027688714834e-05,-4.169141027688727031e-05
7.899506280857446390e-04,0.000000000000000000e+00,1.090674580532468397e-04,-1.239132705027360325e-04,0.000000000000000000e+00,6.227572707241372033e-03,-3.767129324110562500e-05,-3.767129324111480684e-05,-3.767129324103714408e-05,-3.767129324103772684e-05
7.949503156052746588e-04,0.000000000000000000e+00,1.101417916784925118e-04,-1.251367820911773862e-04,0.000000000000000000e+00,6.227572586401925077e-03,-3.371819682853043499e-05,-3.371819682853903407e-05,-3.371819682846400050e-05,-3.371819682846515247e-05
7.999500031248046785e-04,0.000000000000000000e+00,1.111650207937523778e-04,-1.263600484602720939e-04,0.000000000000000000e+00,6.227572574648830052e-03,-2.983349629096396309e-05,-2.983349629097184727e-05,-2.983349629090792339e-05,-2.983349629090973604e-05
8.049496906443346983e-04,0.000000000000000000e+00,1.121325150369813283e-04,-1.275830696100202098e-04,0.000000000000000000e+00,6.227572811310613105e-03,-2.603034058816294447e-05,-2.603034058817005277e-05,-2.603034058812311698e-05,-2.603034058812564791e-05
8.099493781638647180e-04,0.000000000000000000e+00,1.130340281267909648e-04,-1.288058455404216798e-04,0.000000000000000000e+00,6.227573097921356056e-03,-2.235297290493500926e-05,-2.235297290494134167e-05,-2.235297290491212243e-05,-2.235297290491535132e-05
8.149490656833947378e-04,0.000000000000000000e+00,1.138525789348000090e-04,-1.300283762514765310e-04,0.000000000000000000e+00,6.227573265693004193e-03,-1.888105361812281432e-05,-1.888105361812848266e-05,-1.888105361811235515e-05,-1.888105361811615325e-05
8.199487532029247575e-04,0.000000000000000000e+00,1.145654402107172692e-04,-1.312506617431847633e-04,0.000000000000000000e+00,6.227573431687069040e-03,-1.571720717093637334e-05,-1.571720717094151991e-05,-1.571720717093102687e-05,-1.571720717093522476e-05
8.249484407224548857e-04,0.000000000000000000e+00,1.151472897544504278e-04,-1.324727020155463768e-04,0.000000000000000000e+00,6.227573769345312420e-03,-1.296242485813152044e-05,-1.296242485813642306e-05,-1.296242485812491358e-05,-1.296242485812926394e-05
8.299481282419849055e-04,0.000000000000000000e+00,1.155748083285333417e-04,-1.336944970685613444e-04,0.000000000000000000e+00,6.227574115094944469e-03,-1.068861960105601078e-05,-1.068861960106093204e-05,-1.068861960104571594e-05,-1.068861960104991723e-05
8.349478157615149252e-04,0.000000000000000000e+00,1.158314436103187629e-04,-1.349160469022296931e-04,0.000000000000000000e+00,6.227574001239915766e-03,-8.918778534350483927e-06,-8.918778534355708426e-06,-8.918778534338874493e-06,-8.918778534342637013e-06
8.399475032810449450e-04,0.000000000000000000e+00,1.159109076820367848e-04,-1.361373515165514229e-04,0.000000000000000000e+00,6.227573179365024705e-03,-7.622342240422587887e-06,-7.622342240428285878e-06,-7.622342240415032353e-06,-7.622342240418142658e-06
8.449471908005749647e-04,0.000000000000000000e+00,1.158183035418199698e-04,-1.373584109115265340e-04,0.000000000000000000e+00,6.227572040749091396e-03,-6.727699957228204792e-06,-6.727699957234454201e-06,-6.727699957229959844e-06,-6.727699957232365417e-06
8.499468783201049845e-04,0.000000000000000000e+00,1.155684841091927581e-04,-1.385792250871550261e-04,0.000000000000000000e+00,6.227571393284885883e-03,-6.147184928731332218e-06,-6.147184928737979732e-06,-6.147184928744593366e-06,-6.147184928746426345e-06
8.549465658396350042e-04,0.000000000000000000e+00,1.151821024221045528e-04,-1.397997940434368724e-04,0.000000000000000000e+00,6.227571776252245964e-03,-5.805144470111234348e-06,-5.805144470117993671e-06,-5.805144470134109320e-06,-5.805144470135611956e-06
8.599462533591650240e-04,0.000000000000000000e+00,1.146805286990323821e-04,-1.410201177803721269e-04,0.000000000000000000e+00,6.227573019637285857e-03,-5.658381490078781992e-06,-5.658381490085255018e-06,-5.658381490106293622e-06,-5.658381490107830140e-06
8.649459408786950437e-04,0.000000000000000000e+00,1.140811492052789177e-04,-1.422401962979607355e-04,0.000000000000000000e+00,6.227574468394551921e-03,-5.701031053640133310e-06,-5.701031053645876193e-06,-5.701031053666901245e-06,-5.701031053668971393e-06
8.699456283982250635e-04,0.000000000000000000e+00,1.133944122856517505e-04,-1.434600295962027252e-04,0.000000000000000000e+00,6.227575559295114513e-03,-5.951735854090866258e-06,-5.951735854095387720e-06,-5.951735854114078349e-06,-5.951735854117076846e-06
8.749453159177550832e-04,0.000000000000000000e+00,1.126234028777006242e-04,-1.446796176750980961e-04,0.000000000000000000e+00,6.227576123661086871e-03,-6.427658106417607318e-06,-6.427658106420688824e-06,-6.427658106438440940e-06,-6.427658106442616813e-06
8.799450034372851030e-04,0.000000000000000000e+00,1.117659077360381352e-04,-1.458989605346468481e-04,0.000000000000000000e+00,6.227576210316962922e-03,-7.114914494843759706e-06,-7.114914494845247096e-06,-7.114914494866627902e-06,-7.114914494872157333e-06
8.849446909568152312e-04,0.000000000000000000e+00,1.108181538926507066e-04,-1.471180581748489813e-04,0.000000000000000000e+00,6.227575813405258030e-03,-7.946550097406785876e-06,-7.946550097406762160e-06,-7.946550097436872487e-06,-7.946550097443611481e-06
8.899443784763452509e-04,0.000000000000000000e+00,1.097789174008358723e-04,-1.483369105957044686e-04,0.000000000000000000e+00,6.227574928815381855e-03,-8.796597459074698117e-06,-8.796597459073393686e-06,-8.796597459114718730e-06,-8.796597459122406401e-06
8.949440659958752707e-04,0.000000000000000000e+00,1.086526576257840042e-04,-1.495555177972133370e-04,0.000000000000000000e+00,6.227573845109429622e-03,-9.493051720521637611e-06,-9.493051720519514946e-06,-9.493051720569727059e-06,-9.493051720577934808e-06
8.999437535154052904e-04,0.000000000000000000e+00,1.074507305739602517e-04,-1.507738797793755866e-04,0.000000000000000000e+00,6.227573184540074330e-03,-9.845856862791505326e-06,-9.845856862789025213e-06,-9.845856862840867018e-06,-9.845856862849113731e-06
9.049434410349353102e-04,0.000000000000000000e+00,1.061904218857169383e-04,-1.519919965421912174e-04,0.000000000000000000e+00,6.227573467413333001e-03,-9.680736995979190377e-06,-9.680736995976832237e-06,-9.680736996020476457e-06,-9.680736996028281019e-06
9.099431285544653299e-04,0.000000000000000000e+00,1.048922733367929627e-04,-1.532098680856602293e-04,0.000000000000000000e+00,6.227574588747873847e-03,-8.867849400488689394e-06,-8.867849400486825921e-06,-8.867849400513338053e-06,-8.867849400520327768e-06
9.149428160739953497e-04,0.000000000000000000e+00,1.035767067328549493e-04,-1.544274944097826223e-04,0.000000000000000000e+00,6.227575807475326138e-03,-7.336427756902816065e-06,-7.336427756901588714e-06,-7.336427756906387156e-06,-7.336427756912418030e-06
9.199425035935253694e-04,0.000000000000000000e+00,1.022611050459943798e-04,-1.556448755145583695e-04,0.000000000000000000e+00,6.227576345991815351e-03,-5.071954774210422834e-06,-5.071954774209744361e-06,-5.071954774194161496e-06,-5.071954774199307221e-06
9.249421911130553892e-04,0.000000000000000000e+00,1.009582556472198830e-04,-1.568620113999874977e-04,0.000000000000000000e+00,6.227576029602150016e-03,-2.098907757484548594e-06,-2.098907757484133125e-06,-2.098907757454475113e-06,-2.098907757459016904e-06
9.299418786325854090e-04,0.000000000000000000e+00,9.967650010897421086e-05,-1.580789020660700072e-04,0.000000000000000000e+00,6.227575338360900881e-03,1.542685824280452924e-06,1.542685824281092434e-06,1.542685824316655112e-06,1.542685824312195484e-06
9.349415661521154287e-04,0.000000000000000000e+00,9.842127715829114836e-05,-1.592955475128058978e-04,0.000000000000000000e+00,6.227574874443748791e-03,5.816688084022885255e-06,5.816688084024327752e-06,5.816688084059385599e-06,5.816688084054443161e-06
9.399412536716455569e-04,0.000000000000000000e+00,9.719722628068758544e-05,-1.605119477401951696e-04,0.000000000000000000e+00,6.227574839219656919e-03,1.069806112974893386e-05,1.069806112975174940e-05,1.069806112978423819e-05,1.069806112977823612e-05
9.449409411911755766e-04,0.000000000000000000e+00,9.600982222801712610e-05,-1.617281027482377954e-04,0.000000000000000000e+00,6.227575004916623483e-03,1.616473451852036417e-05,1.616473451852495848e-05,1.616473451855731514e-05,1.616473451854981381e-05
9.499406287107055964e-04,0.000000000000000000e+00,9.486570298171660102e-05,-1.629440125369338024e-04,0.000000000000000000e+00,6.227575048701434329e-03,2.217731245374613227e-05,2.217731245375272219e-05,2.217731245378964266e-05,2.217731245378043372e-05
9.549403162302356161e-04,0.000000000000000000e+00,9.377136611531478939e-05,-1.641596771062831905e-04,0.000000000000000000e+00,6.227574769441309756e-03,2.865490189209961484e-05,2.865490189210813599e-05,2.865490189215330656e-05,2.865490189214246454e-05
9.599400037497656359e-04,0.000000000000000000e+00,9.273055929689726291e-05,-1.653750964562859598e-04,0.000000000000000000e+00,6.227574010046080764e-03,3.545732437446791525e-05,3.545732437447804577e-05,3.545732437453146305e-05,3.545732437451930643e-05
9.649396912692956556e-04,0.000000000000000000e+00,9.174124867529213803e-05,-1.665902705869421103e-04,0.000000000000000000e+00,6.227572591492286369e-03,4.238209317200735619e-05,4.238209317201857091e-05,4.238209317207605395e-05,4.238209317206309773e-05
9.699393787888256754e-04,0.000000000000000000e+00,9.079331261624808353e-05,-1.678051994982516419e-04,0.000000000000000000e+00,6.227570548096053767e-03,4.917948559757127290e-05,4.917948559758296873e-05,4.917948559763818850e-05,4.917948559762502900e-05
9.749390663083556952e-04,0.000000000000000000e+00,8.986797509179083861e-05,-1.690198831902145547e-04,0.000000000000000000e+00,6.227568446554396925e-03,5.558267930468486096e-05,5.558267930469643482e-05,5.558267930474412616e-05,5.558267930473131225e-05
9.799387538278858233e-04,0.000000000000000000e+00,8.893949529827569736e-05,-1.702343216628308216e-04,0.000000000000000000e+00,6.227567271916034652e-03,6.134458374014344962e-05,6.134458374015450848e-05,6.134458374019321450e-05,6.134458374018122051e-05
9.849384413474157347e-04,0.000000000000000000e+00,8.797892582183751919e-05,-1.714485149161004696e-04,0.000000000000000000e+00,6.227567753376890211e-03,6.627062528082198003e-05,6.627062528083232061e-05,6.627062528086515838e-05,6.627062528085414018e-05
9.899381288669458628e-04,0.000000000000000000e+00,8.695907294036337657e-05,-1.726624629500234987e-04,0.000000000000000000e+00,6.227569688017208817e-03,7.023817932148133003e-05,7.023817932149100654e-05,7.023817932152372234e-05,7.023817932151362570e-05
9.949378163864757742e-04,0.000000000000000000e+00,8.585936821217619581e-05,-1.738761657645999091e-04,0.000000000000000000e+00,6.227571969345894673e-03,7.319803098089697874e-05,7.319803098090627578e-05,7.319803098094392470e-05,7.319803098093446503e-05
9.999375039060059023e-04,0.000000000000000000e+00,8.466933846482112378e-05,-1.750896233598296734e-04,0.000000000000000000e+00,6.227573382999136882e-03,7.515945588374900780e-05,7.515945588375839970e-05,7.515945588380216081e-05,7.515945588379293154e-05
1.004937191425535814e-03,0.000000000000000000e+00,8.338975771220399924e-05,-1.763028357357128461e-04,0.000000000000000000e+00,6.227573464814112683e-03,7.616597806071198303e-05,7.616597806072187638e-05,7.616597806076840220e-05,7.616597806075891544e-05
1.009936878945065942e-03,0.000000000000000000e+00,8.203125571296589918e-05,-1.775158028922493728e-04,0.000000000000000000e+00,6.227572671183326594e-03,7.627161660849894912e-05,7.627161660850987246e-05,7.627161660855261713e-05,7.627161660854238497e-05
1.014936566464595853e-03,0.000000000000000000e+00,8.061091993846187631e-05,-1.787285248294392807e-04,0.000000000000000000e+00,6.227571829091210938e-03,7.552652220707583479e-05,7.552652220708803207e-05,7.552652220712059879e-05,7.552652220710936374e-05
1.019936253984125981e-03,0.000000000000000000e+00,7.914801076948054437e-05,-1.799410015472825697e-04,0.000000000000000000e+00,6.227571505355828686e-03,7.397672482213095619e-05,7.397672482214450872e-05,7.397672482216367199e-05,7.397672482215133919e-05
1.024935941503656110e-03,0.000000000000000000e+00,7.766012229843262350e-05,-1.811532330457792399e-04,0.000000000000000000e+00,6.227571847388179913e-03,7.167685368365400982e-05,7.167685368366878208e-05,7.167685368367534150e-05,7.167685368366210068e-05
1.029935629023186021e-03,0.000000000000000000e+00,7.616089585052351332e-05,-1.823652193249292912e-04,0.000000000000000000e+00,6.227572799717275703e-03,6.870934164931075290e-05,6.870934164932639252e-05,6.870934164932376333e-05,6.870934164930993975e-05
1.034935316542716149e-03,0.000000000000000000e+00,7.465981121102676938e-05,-1.835769603847326966e-04,0.000000000000000000e+00,6.227574222206234793e-03,6.520077834090767528e-05,6.520077834092370792e-05,6.520077834091507496e-05,6.520077834090112941e-05
1.039935004062246060e-03,0.000000000000000000e+00,7.316384406205926421e-05,-1.847884562251894832e-04,0.000000000000000000e+00,6.227575753109281485e-03,6.132679219825214927e-05,6.132679219826808704e-05,6.132679219825384334e-05,6.132679219824027726e-05
1.044934691581776189e-03,0.000000000000000000e+00,7.168014205575647222e-05,-1.859997068462996509e-04,0.000000000000000000e+00,6.227576776441741922e-03,5.730087051500310988e-05,5.730087051501861397e-05,5.730087051499576441e-05,5.730087051498291661e-05
1.049934379101306100e-03,0.000000000000000000e+00,7.021855492598146596e-05,-1.872107122480631998e-04,0.000000000000000000e+00,6.227576810306022226e-03,5.334840014459269728e-05,5.334840014460751019e-05,5.334840014457183316e-05,5.334840014455990694e-05
1.054934066620836228e-03,0.000000000000000000e+00,6.879296189712757028e-05,-1.884214724304801027e-04,0.000000000000000000e+00,6.227576028710801390e-03,4.967278075718094764e-05,4.967278075719514392e-05,4.967278075714398990e-05,4.967278075713298525e-05
1.059933754140366139e-03,0.000000000000000000e+00,6.742082772050424016e-05,-1.896319873935504139e-04,0.000000000000000000e+00,6.227575270730616695e-03,4.642368194708334269e-05,4.642368194709705785e-05,4.642368194703203282e-05,4.642368194702178711e-05
1.064933441659896268e-03,0.000000000000000000e+00,6.612110713485129629e-05,-1.908422571372741063e-04,0.000000000000000000e+00,6.227575353248923119e-03,4.367718986898530271e-05,4.367718986899888235e-05,4.367718986892603751e-05,4.367718986891614417e-05
1.069933129179426179e-03,0.000000000000000000e+00,6.491125508250287926e-05,-1.920522816616511527e-04,0.000000000000000000e+00,6.227576315668744041e-03,4.143381009527246034e-05,4.143381009528628392e-05,4.143381009521356783e-05,4.143381009520370159e-05
1.074932816698956307e-03,0.000000000000000000e+00,6.380445358721779491e-05,-1.932620609666815803e-04,0.000000000000000000e+00,6.227577386669610159e-03,3.963440781473648935e-05,3.963440781475080759e-05,3.963440781468453573e-05,3.963440781467442555e-05
1.079932504218486218e-03,0.000000000000000000e+00,6.280810506205324029e-05,-1.944715950523653891e-04,0.000000000000000000e+00,6.227577708187135436e-03,3.818828641132361389e-05,3.818828641133855555e-05,3.818828641128066593e-05,3.818828641127010174e-05
1.084932191738016347e-03,0.000000000000000000e+00,6.192418531876109496e-05,-1.956808839187025790e-04,0.000000000000000000e+00,6.227577041690154566e-03,3.700383804365886683e-05,3.700383804367447934e-05,3.700383804362175323e-05,3.700383804361082990e-05
1.089931879257546475e-03,0.000000000000000000e+00,6.115136119092330527e-05,-1.968899275656931229e-04,0.000000000000000000e+00,6.227575770495681097e-03,3.601187751253919964e-05,3.601187751255528649e-05,3.601187751250203861e-05,3.601187751249091198e-05
1.094931566777076386e-03,0.000000000000000000e+00,6.048810704115720920e-05,-1.980987259933370752e-04,0.000000000000000000e+00,6.227574362114911451e-03,3.517496378235050947e-05,3.517496378236664376e-05,3.517496378230834078e-05,3.517496378229735646e-05
1.099931254296606514e-03,0.000000000000000000e+00,5.993564761484980973e-05,-1.993072792016343815e-04,0.000000000000000000e+00,6.227573014345414749e-03,3.448150568329486369e-05,3.448150568331072015e-05,3.448150568324696906e-05,3.448150568323652006e-05
1.104930941816136426e-03,0.000000000000000000e+00,5.949956553998239216e-05,-2.005155871905850689e-04,0.000000000000000000e+00,6.227571832430765265e-03,3.392918602861097932e-05,3.392918602862620559e-05,3.392918602856178365e-05,3.392918602855220201e-05
1.109930629335666554e-03,0.000000000000000000e+00,5.918934570411104083e-05,-2.017236499601891104e-04,0.000000000000000000e+00,6.227571121641898265e-03,3.350609077882694758e-05,3.350609077884141490e-05,3.350609077878414192e-05,3.350609077877558350e-05
1.114930316855196465e-03,0.000000000000000000e+00,5.901583986306469074e-05,-2.029314675104465602e-04,0.000000000000000000e+00,6.227571240306743576e-03,3.317847935664041379e-05,3.317847935665397310e-05,3.317847935661133685e-05,3.317847935660386263e-05
1.119930004374726593e-03,0.000000000000000000e+00,5.898737705836301035e-05,-2.041390398413573911e-04,0.000000000000000000e+00,6.227572111966664901e-03,3.289120217243721227e-05,3.289120217245001263e-05,3.289120217242565874e-05,3.289120217241923484e-05
1.124929691894256505e-03,0.000000000000000000e+00,5.910575931978755886e-05,-2.053463669529215761e-04,0.000000000000000000e+00,6.227573063516993017e-03,3.258149321411464913e-05,3.258149321412689384e-05,3.258149321411956870e-05,3.258149321411394440e-05
1.129929379413786633e-03,0.000000000000000000e+00,5.936348632986177887e-05,-2.065534488451391422e-04,0.000000000000000000e+00,6.227573351220367162e-03,3.220125674565972476e-05,3.220125674567168487e-05,3.220125674567634016e-05,3.220125674567125796e-05
1.134929066933316544e-03,0.000000000000000000e+00,5.974320724573375154e-05,-2.077602855180100895e-04,0.000000000000000000e+00,6.227572889305397347e-03,3.173917599061741975e-05,3.173917599062933920e-05,3.173917599064013379e-05,3.173917599063537007e-05
1.139928754452846672e-03,0.000000000000000000e+00,6.021971728687528218e-05,-2.089668769715344180e-04,0.000000000000000000e+00,6.227572365165916397e-03,3.123346912544629802e-05,3.123346912545831911e-05,3.123346912547172934e-05,3.123346912546708760e-05
1.144928441972376800e-03,0.000000000000000000e+00,6.076402913669251918e-05,-2.101732232057121005e-04,0.000000000000000000e+00,6.227572569903420258e-03,3.076914063792537398e-05,3.076914063793753738e-05,3.076914063795378008e-05,3.076914063794927386e-05
1.149928129491906712e-03,0.000000000000000000e+00,6.134841646940713384e-05,-2.113793242205431913e-04,0.000000000000000000e+00,6.227573651169236724e-03,3.045903145298950584e-05,3.045903145300172344e-05,3.045903145302439343e-05,3.045903145302008712e-05
1.154927817011436840e-03,0.000000000000000000e+00,6.195105435473073521e-05,-2.125851800160276361e-04,0.000000000000000000e+00,6.227575057284635320e-03,3.041384246113983228e-05,3.041384246115193469e-05,3.041384246118574824e-05,3.041384246118183495e-05
1.159927504530966751e-03,0.000000000000000000e+00,6.255904909171588991e-05,-2.137907905921654621e-04,0.000000000000000000e+00,6.227576123952889911e-03,3.071040735552700487e-05,3.071040735553876846e-05,3.071040735558719164e-05,3.071040735558391193e-05
1.164927192050496879e-03,0.000000000000000000e+00,6.316918911484589879e-05,-2.149961559489566422e-04,0.000000000000000000e+00,6.227576562209175340e-03,3.136828793076915426e-05,3.136828793078028088e-05,3.136828793084395065e-05,3.136828793084151797e-05
1.169926879570026791e-03,0.000000000000000000e+00,6.378646835760137497e-05,-2.162012760864012305e-04,0.000000000000000000e+00,6.227576361648763312e-03,3.234195281040955168e-05,3.234195281041992614e-05,3.234195281049634884e-05,3.234195281049495970e-05
1.174926567089556919e-03,0.000000000000000000e+00,6.442108997289684800e-05,-2.174061510044992000e-04,0.000000000000000000e+00,6.227575442937113154e-03,3.353041655382461562e-05,3.353041655383412950e-05,3.353041655391898865e-05,3.353041655391873793e-05
1.179926254609086830e-03,0.000000000000000000e+00,6.508503877697237382e-05,-2.186107807032505236e-04,0.000000000000000000e+00,6.227573690863588696e-03,3.480024928216366960e-05,3.480024928217236355e-05,3.480024928226111905e-05,3.480024928226193220e-05
1.184925942128616959e-03,0.000000000000000000e+00,6.578930435834201280e-05,-2.198151651826552554e-04,0.000000000000000000e+00,6.227571391092064437e-03,3.601350891018818991e-05,3.601350891019617913e-05,3.601350891028523278e-05,3.601350891028704882e-05
1.189925629648146870e-03,0.000000000000000000e+00,6.654246842624196925e-05,-2.210193044427133412e-04,0.000000000000000000e+00,6.227569410106186497e-03,3.705097079745373658e-05,3.705097079746121758e-05,3.705097079754844164e-05,3.705097079755103695e-05
1.194925317167676998e-03,0.000000000000000000e+00,6.735078691341893158e-05,-2.222231984834248083e-04,0.000000000000000000e+00,6.227568663276740989e-03,3.782340174646885606e-05,3.782340174647600502e-05,3.782340174656031529e-05,3.782340174656350013e-05
1.199925004687207126e-03,0.000000000000000000e+00,6.821931451781046917e-05,-2.234268473047896293e-04,0.000000000000000000e+00,6.227569318506319049e-03,3.826858586296196473e-05,3.826858586296893073e-05,3.826858586304940563e-05,3.826858586305302416e-05
1.204924692206737038e-03,0.000000000000000000e+00,6.915324345060320306e-05,-2.246302509068078587e-04,0.000000000000000000e+00,6.227570628931383516e-03,3.833744452215225105e-05,3.833744452215914251e-05,3.833744452223427095e-05,3.833744452223827572e-05
1.209924379726267166e-03,0.000000000000000000e+00,7.015858673363712750e-05,-2.258334092894794692e-04,0.000000000000000000e+00,6.227571641765297476e-03,3.797676543852730312e-05,3.797676543853412682e-05,3.797676543860146255e-05,3.797676543860580614e-05
1.214924067245797077e-03,0.000000000000000000e+00,7.124163588876288749e-05,-2.270363224528044338e-04,0.000000000000000000e+00,6.227572034219901881e-03,3.711721541732110390e-05,3.711721541732775819e-05,3.711721541738394696e-05,3.711721541738876489e-05
1.219923754765327205e-03,0.000000000000000000e+00,7.240714878926981797e-05,-2.282389903967827524e-04,0.000000000000000000e+00,6.227572198792091958e-03,3.567306720723177279e-05,3.567306720723811538e-05,3.567306720727949802e-05,3.567306720728491225e-05
1.224923442284857117e-03,0.000000000000000000e+00,7.365578185405565858e-05,-2.294414131214144793e-04,0.000000000000000000e+00,6.227572595347578323e-03,3.355532303962284262e-05,3.355532303962869731e-05,3.355532303965194668e-05,3.355532303965817406e-05
1.229923129804387245e-03,0.000000000000000000e+00,7.498166630204979521e-05,-2.306435906266995873e-04,0.000000000000000000e+00,6.227573203602601061e-03,3.069449816251282900e-05,3.069449816251803317e-05,3.069449816252102151e-05,3.069449816252821790e-05
1.234922817323917156e-03,0.000000000000000000e+00,7.637109542311456428e-05,-2.318455229126380494e-04,0.000000000000000000e+00,6.227573676778486687e-03,2.706529747537507818e-05,2.706529747537946920e-05,2.706529747536180687e-05,2.706529747537011457e-05
1.239922504843447284e-03,0.000000000000000000e+00,7.780300389466651776e-05,-2.330472099792299198e-04,0.000000000000000000e+00,6.227573875090574793e-03,2.270428818535599213e-05,2.270428818535953950e-05,2.270428818532269357e-05,2.270428818533218711e-05
1.244922192362977196e-03,0.000000000000000000e+00,7.925136973171286066e-05,-2.342486518264751713e-04,0.000000000000000000e+00,6.227574031243241111e-03,1.771384526910057449e-05,1.771384526910326805e-05,1.771384526905030478e-05,1.771384526906098078e-05
1.249921879882507324e-03,0.000000000000000000e+00,8.068903759254440614e-05,-2.354498484543737769e-04,0.000000000000000000e+00,6.227574361869829718e-03,1.225029016721864531e-05,1.225029016722052064e-05,1.225029016715539736e-05,1.225029016716719823e-05
1.254921567402037452e-03,0.000000000000000000e+00,8.209196487347073705e-05,-2.366507998629257365e-04,0.000000000000000000e+00,6.227574705588688649e-03,6.499518986660912952e-06,6.499518986662107268e-06,6.499518986588828754e-06,6.499518986601624033e-06
1.259921254921567363e-03,0.000000000000000000e+00,8.344270470280822462e-05,-2.378515060521311044e-04,0.000000000000000000e+00,6.227574730374524359e-03,6.475489982226987425e-07,6.475489982232882774e-07,6.475489981451376296e-07,6.475489981588561752e-07
1.264920942441097491e-03,0.000000000000000000e+00,8.473213653248636771e-05,-2.390519670219898535e-04,0.000000000000000000e+00,6.227574472283649298e-03,-5.145173351952012398e-06,-5.145173351951975129e-06,-5.145173352032631300e-06,-5.145173352018067415e-06
1.269920629960627403e-03,0.000000000000000000e+00,8.595898066879042868e-05,-2.402521827725019566e-04,0.000000000000000000e+00,6.227574475295749416e-03,-1.075860299888413624e-05,-1.075860299888456315e-05,-1.075860299896620018e-05,-1.075860299895084686e-05
1.274920317480157531e-03,0.000000000000000000e+00,8.712732012401232164e-05,-2.414521533036674409e-04,0.000000000000000000e+00,6.227575261213748499e-03,-1.611413514823654373e-05,-1.611413514823751273e-05,-1.611413514831921414e-05,-1.611413514830307308e-05
1.279920004999687442e-03,0.000000000000000000e+00,8.824297592885681132e-05,-2.426518786154863063e-04,0.000000000000000000e+00,6.227576708967091923e-03,-2.116391811789121281e-05,-2.116391811789267648e-05,-2.116391811797400520e-05,-2.116391811795706115e-05
1.284919692519217570e-03,0.000000000000000000e+00,8.930993250782746104e-05,-2.438513587079585529e-04,0.000000000000000000e+00,6.227578085050590809e-03,-2.587447416417006904e-05,-2.587447416417211208e-05,-2.587447416425312570e-05,-2.587447416423535495e-05
1.289919380038747482e-03,0.000000000000000000e+00,9.032796867211341908e-05,-2.450505935810842078e-04,0.000000000000000000e+00,6.227578710775698821e-03,-3.021218761389305737e-05,-3.021218761389559169e-05,-3.021218761397688991e-05,-3.021218761395839749e-05
1.294919067558277610e-03,0.000000000000000000e+00,9.129222884442633865e-05,-2.462495832348631625e-04,0.000000000000000000e+00,6.227578501464882746e-03,-3.413683307014596808e-05,-3.413683307014895641e-05,-3.413683307023176913e-05,-3.413683307021261263e-05
1.299918755077807521e-03,0.000000000000000000e+00,9.219480855381238283e-05,-2.474483276692954984e-04,0.000000000000000000e+00,6.227577796808611912e-03,-3.760564064045224405e-05,-3.760564064045557797e-05,-3.760564064054089113e-05,-3.760564064052119253e-05
1.304918442597337649e-03,0.000000000000000000e+00,9.302775034810292179e-05,-2.486468268843812696e-04,0.000000000000000000e+00,6.227576786240276302e-03,-4.058588171673994916e-05,-4.058588171674352703e-05,-4.058588171683100859e-05,-4.058588171681091019e-05
1.309918130116867778e-03,0.000000000000000000e+00,9.378637984363216045e-05,-2.498450808801203678e-04,0.000000000000000000e+00,6.227575308015279032e-03,-4.307032911253798248e-05,-4.307032911254168232e-05,-4.307032911262881152e-05,-4.307032911260841497e-05
1.314917817636397689e-03,0.000000000000000000e+00,9.447181312771375881e-05,-2.510430896565128472e-04,0.000000000000000000e+00,6.227573275616640758e-03,-4.508854835781454535e-05,-4.508854835781836716e-05,-4.508854835789983140e-05,-4.508854835787921801e-05
1.319917505155927817e-03,0.000000000000000000e+00,9.509176593065616734e-05,-2.522408532135587619e-04,0.000000000000000000e+00,6.227571138588175112e-03,-4.670830290340983407e-05,-4.670830290341369654e-05,-4.670830290348255693e-05,-4.670830290346171315e-05
1.324917192675457728e-03,0.000000000000000000e+00,9.565938449318642147e-05,-2.534383715512580036e-04,0.000000000000000000e+00,6.227569704879363718e-03,-4.802487832507898154e-05,-4.802487832508297954e-05,-4.802487832513208034e-05,-4.802487832511108748e-05
1.329916880194987857e-03,0.000000000000000000e+00,9.619049086931367391e-05,-2.546356446696106265e-04,0.000000000000000000e+00,6.227569449552422705e-03,-4.914052406685512521e-05,-4.914052406685931972e-05,-4.914052406688401242e-05,-4.914052406686270107e-05
1.334916567714517768e-03,0.000000000000000000e+00,9.670015767560939137e-05,-2.558326725686166847e-04,0.000000000000000000e+00,6.227570099924036040e-03,-5.013985537920520645e-05,-5.013985537920973300e-05,-5.013985537920872333e-05,-5.013985537918705284e-05
1.339916255234047896e-03,0.000000000000000000e+00,9.719972062528907137e-05,-2.570294552482760156e-04,0.000000000000000000e+00,6.227570975609550592e-03,-5.106863489514479196e-05,-5.106863489514972508e-05,-5.106863489512557448e-05,-5.106863489510346353e-05
1.344915942753577807e-03,0.000000000000000000e+00,9.769514111616972639e-05,-2.582259927085888362e-04,0.000000000000000000e+00,6.227571667036881781e-03,-5.192231946835869046e-05,-5.192231946836406404e-05,-5.192231946832152266e-05,-5.192231946829898480e-05
1.349915630273107936e-03,0.000000000000000000e+00,9.818712347268203019e-05,-2.594222849495549836e-04,0.000000000000000000e+00,6.227572275354450841e-03,-5.264752426801972302e-05,-5.264752426802546252e-05,-5.264752426796947025e-05,-5.264752426794651905e-05
1.354915317792637847e-03,0.000000000000000000e+00,9.867275907427886308e-05,-2.606183319711744581e-04,0.000000000000000000e+00,6.227573028274800172e-03,-5.315531696283465639e-05,-5.315531696284069404e-05,-5.315531696277469323e-05,-5.315531696275143032e-05
1.359915005312167975e-03,0.000000000000000000e+00,9.914794057935987274e-05,-2.618141337734473679e-04,0.000000000000000000e+00,6.227573847370389271e-03,-5.334153792348008175e-05,-5.334153792348628881e-05,-5.334153792341189221e-05,-5.334153792338852088e-05
1.364914692831697886e-03,0.000000000000000000e+00,9.960955088328949368e-05,-2.630096903563736046e-04,0.000000000000000000e+00,6.227574422008065255e-03,-5.310744897755594420e-05,-5.310744897756215126e-05,-5.310744897748027367e-05,-5.310744897745698365e-05
1.369914380351228015e-03,0.000000000000000000e+00,1.000565630291679444e-04,-2.642050017199532226e-04,0.000000000000000000e+00,6.227574628545480030e-03,-5.237455267056660279e-05,-5.237455267057262689e-05,-5.237455267048503690e-05,-5.237455267046197728e-05
1.374914067870758143e-03,0.000000000000000000e+00,1.004896342898876823e-04,-2.654000678641862758e-04,0.000000000000000000e+00,6.227574681645749871e-03,-5.109010888309108140e-05,-5.109010888309679379e-05,-5.109010888300740132e-05,-5.109010888298470761e-05
1.379913755390288054e-03,0.000000000000000000e+00,1.009093726276111459e-04,-2.665948887890726561e-04,0.000000000000000000e+00,6.227574791477743198e-03,-4.922364679621940006e-05,-4.922364679622464489e-05,-4.922364679613937239e-05,-4.922364679611720723e-05
1.384913442909818182e-03,0.000000000000000000e+00,1.013139785233109876e-04,-2.677894644946124175e-04,0.000000000000000000e+00,6.227574794729163164e-03,-4.675819937153674464e-05,-4.675819937154153546e-05,-4.675819937146696268e-05,-4.675819937144535995e-05
1.389913130429348094e-03,0.000000000000000000e+00,1.016972299708190388e-04,-2.689837949808056143e-04,0.000000000000000000e+00,6.227574306211570467e-03,-4.368180774400981888e-05,-4.368180774401414891e-05,-4.368180774395532417e-05,-4.368180774393430420e-05
1.394912817948878222e-03,0.000000000000000000e+00,1.020476894092699405e-04,-2.701778802476520838e-04,0.000000000000000000e+00,6.227573278527037508e-03,-3.998441125669025789e-05,-3.998441125669418813e-05,-3.998441125665321884e-05,-3.998441125663276807e-05
1.399912505468408133e-03,0.000000000000000000e+00,1.023496024961437337e-04,-2.713717202951520429e-04,0.000000000000000000e+00,6.227572289428670929e-03,-3.566276377907967376e-05,-3.566276377908329906e-05,-3.566276377905885030e-05,-3.566276377903888065e-05
1.404912192987938261e-03,0.000000000000000000e+00,1.025853772282320442e-04,-2.725653151233053289e-04,0.000000000000000000e+00,6.227572133780944451e-03,-3.073246986307963353e-05,-3.073246986308299456e-05,-3.073246986307127840e-05,-3.073246986305178986e-05
1.409911880507468173e-03,0.000000000000000000e+00,1.027389842092520117e-04,-2.737586647321119419e-04,0.000000000000000000e+00,6.227573097666375991e-03,-2.524298048285061389e-05,-2.524298048285373775e-05,-2.524298048285034623e-05,-2.524298048283130831e-05
1.414911568026998301e-03,0.000000000000000000e+00,1.027992958948316702e-04,-2.749517691215719903e-04,0.000000000000000000e+00,6.227574680421904194e-03,-1.928967504314451180e-05,-1.928967504314733412e-05,-1.928967504314881134e-05,-1.928967504313031214e-05
1.419911255546528212e-03,0.000000000000000000e+00,1.027623935393977007e-04,-2.761446282916853656e-04,0.000000000000000000e+00,6.227576040385523343e-03,-1.301764919396099163e-05,-1.301764919396347005e-05,-1.301764919396823376e-05,-1.301764919395034781e-05
1.424910943066058340e-03,0.000000000000000000e+00,1.026322063501969284e-04,-2.773372422424521221e-04,0.000000000000000000e+00,6.227576654758030204e-03,-6.614364251214305859e-06,-6.614364251216301469e-06,-6.614364251224546487e-06,-6.614364251207443198e-06
1.429910630585588469e-03,0.000000000000000000e+00,1.024193871118431876e-04,-2.785296109738723139e-04,0.000000000000000000e+00,6.227576520462638557e-03,-2.919677316887198039e-07,-2.919677316901970294e-07,-2.919677317032396427e-07,-2.919677316869986330e-07
1.434910318105118380e-03,0.000000000000000000e+00,1.021388843173463639e-04,-2.797217344859458327e-04,0.000000000000000000e+00,6.227575828406957566e-03,5.736474642044269508e-06,5.736474642043361489e-06,5.736474642023734041e-06,5.736474642039058561e-06
1.439910005624648508e-03,0.000000000000000000e+00,1.018070542300602172e-04,-2.809136127786727327e-04,0.000000000000000000e+00,6.227574645430618283e-03,1.128063895455550168e-05,1.128063895455512898e-05,1.128063895452717181e-05,1.128063895454158154e-05
1.444909693144178419e-03,0.000000000000000000e+00,1.014392430166100793e-04,-2.821052458520530680e-04,0.000000000000000000e+00,6.227573015824839839e-03,1.619051298656939050e-05,1.619051298656946165e-05,1.619051298653169754e-05,1.619051298654525684e-05
1.449909380663708548e-03,0.000000000000000000e+00,1.010485393695596752e-04,-2.832966337060866761e-04,0.000000000000000000e+00,6.227571261136519848e-03,2.036416241983954426e-05,2.036416241983996439e-05,2.036416241979138196e-05,2.036416241980416539e-05
1.454909068183238459e-03,0.000000000000000000e+00,1.006459401106206674e-04,-2.844877763407737737e-04,0.000000000000000000e+00,6.227569959655870034e-03,2.374542573538165142e-05,2.374542573538232905e-05,2.374542573532281990e-05,2.374542573533487488e-05
1.459908755702768587e-03,0.000000000000000000e+00,1.002416481837334577e-04,-2.856786737561141983e-04,0.000000000000000000e+00,6.227569512919433128e-03,2.631459513349920949e-05,2.631459513350009380e-05,2.631459513343089798e-05,2.631459513344226855e-05
1.464908443222298498e-03,0.000000000000000000e+00,9.984681489042754885e-05,-2.868693259521079499e-04,0.000000000000000000e+00,6.227569791661591823e-03,2.807712142399662613e-05,2.807712142399774761e-05,2.807712142392163661e-05,2.807712142393227874e-05
1.469908130741828627e-03,0.000000000000000000e+00,9.947488330617424704e-05,-2.880597329287551910e-04,0.000000000000000000e+00,6.227570317377525283e-03,2.905533227190319054e-05,2.905533227190464405e-05,2.905533227182545663e-05,2.905533227183524495e-05
1.474907818261358538e-03,0.000000000000000000e+00,9.914183636974587194e-05,-2.892498946860557049e-04,0.000000000000000000e+00,6.227570796314295734e-03,2.928618176742445975e-05,2.928618176742644181e-05,2.928618176734810481e-05,2.928618176735685975e-05
1.479907505780888666e-03,0.000000000000000000e+00,9.886504752491561256e-05,-2.904398112240095999e-04,0.000000000000000000e+00,6.227571383333871044e-03,2.882499806625238672e-05,2.882499806625503285e-05,2.882499806618060576e-05,2.882499806618814435e-05
1.484907193300418794e-03,0.000000000000000000e+00,9.866093791123443002e-05,-2.916294825426169303e-04,0.000000000000000000e+00,6.227572375878068049e-03,2.775230581942591640e-05,2.775230581942942311e-05,2.775230581936048818e-05,2.775230581936662748e-05
1.489906880819948706e-03,0.000000000000000000e+00,9.854208991383036145e-05,-2.928189086418775877e-04,0.000000000000000000e+00,6.227573727323591248e-03,2.617922067359673379e-05,2.617922067360122645e-05,2.617922067353836306e-05,2.617922067354297769e-05
1.494906568339478834e-03,0.000000000000000000e+00,9.851470169473043647e-05,-2.940080895217916262e-04,0.000000000000000000e+00,6.227574974194231838e-03,2.424725382136678391e-05,2.424725382137226591e-05,2.424725382131616522e-05,2.424725382131922809e-05
1.499906255859008745e-03,0.000000000000000000e+00,9.857721104727344967e-05,-2.951970251823591001e-04,0.000000000000000000e+00,6.227575655761860562e-03,2.212046354676207969e-05,2.212046354676850697e-05,2.212046354672111718e-05,2.212046354672269943e-05
1.504905943378538873e-03,0.000000000000000000e+00,9.872058564721177334e-05,-2.963857156235798467e-04,0.000000000000000000e+00,6.227575719585497910e-03,1.997088914719506681e-05,1.997088914720230725e-05,1.997088914716724686e-05,1.997088914716748403e-05
1.509905630898068785e-03,0.000000000000000000e+00,9.893027692999661058e-05,-2.975741608454540829e-04,0.000000000000000000e+00,6.227575461017879205e-03,1.796089353131712722e-05,1.796089353132495381e-05,1.796089353130672227e-05,1.796089353130586846e-05
1.514905318417598913e-03,0.000000000000000000e+00,9.918932800595410537e-05,-2.987623608479816461e-04,0.000000000000000000e+00,6.227575135505706433e-03,1.622735172425221725e-05,1.622735172426036570e-05,1.622735172426266963e-05,1.622735172426098234e-05
1.519905005937128824e-03,0.000000000000000000e+00,9.948177619814622204e-05,-2.999503156311625362e-04,0.000000000000000000e+00,6.227574759124554493e-03,1.487203959285596716e-05,1.487203959286418676e-05,1.487203959288824928e-05,1.487203959288601311e-05
1.524904693456658952e-03,0.000000000000000000e+00,9.979541080339377325e-05,-3.011380251949969159e-04,0.000000000000000000e+00,6.227574323681916817e-03,1.396034252343400885e-05,1.396034252344209971e-05,1.396034252348581339e-05,1.396034252348319775e-05
1.529904380976188864e-03,0.000000000000000000e+00,1.001231614405052818e-04,-3.023254895394846225e-04,0.000000000000000000e+00,6.227574085556739254e-03,1.352741024316987019e-05,1.352741024317772049e-05,1.352741024323606412e-05,1.352741024323323842e-05
1.534904068495718992e-03,0.000000000000000000e+00,1.004628306648860388e-04,-3.035127086646256561e-04,0.000000000000000000e+00,6.227574466360546145e-03,1.358831145559959147e-05,1.358831145560730964e-05,1.358831145567397452e-05,1.358831145567087099e-05
1.539903756015249120e-03,0.000000000000000000e+00,1.008154024900157386e-04,-3.046996825704201251e-04,0.000000000000000000e+00,6.227575590539315316e-03,1.414758478750066239e-05,1.414758478750839241e-05,1.414758478757752893e-05,1.414758478757397139e-05
1.544903443534779031e-03,0.000000000000000000e+00,1.011825869834193168e-04,-3.058864112568679210e-04,0.000000000000000000e+00,6.227576982734150425e-03,1.520425716014274441e-05,1.520425716015084882e-05,1.520425716021808799e-05,1.520425716021378676e-05
1.549903131054309159e-03,0.000000000000000000e+00,1.015644621100572837e-04,-3.070728947239690981e-04,0.000000000000000000e+00,6.227577829537069877e-03,1.675059000116745653e-05,1.675059000117631310e-05,1.675059000123886479e-05,1.675059000123344378e-05
1.554902818573839071e-03,0.000000000000000000e+00,1.019579864898689456e-04,-3.082591329717237105e-04,0.000000000000000000e+00,6.227577589724122599e-03,1.876560694766550813e-05,1.876560694767548279e-05,1.876560694773158348e-05,1.876560694772469879e-05
1.559902506093369199e-03,0.000000000000000000e+00,1.023568171658314010e-04,-3.094451260001315957e-04,0.000000000000000000e+00,6.227576343457980231e-03,2.120672427165319054e-05,2.120672427166460177e-05,2.120672427171293008e-05,2.120672427170429712e-05
1.564902193612899110e-03,0.000000000000000000e+00,1.027523960218323061e-04,-3.106308738091929705e-04,0.000000000000000000e+00,6.227574572435078983e-03,2.400365433891240652e-05,2.400365433892544405e-05,2.400365433896509197e-05,2.400365433895453455e-05
1.569901881132429238e-03,0.000000000000000000e+00,1.031358312212158891e-04,-3.118163763989076722e-04,0.000000000000000000e+00,6.227572695280135344e-03,2.705787888178140706e-05,2.705787888179605395e-05,2.705787888182732641e-05,2.705787888181491229e-05
1.574901568651959150e-03,0.000000000000000000e+00,1.034998460862338634e-04,-3.130016337692757009e-04,0.000000000000000000e+00,6.227570891035118933e-03,3.024878623467831733e-05,3.024878623469438047e-05,3.024878623471954073e-05,3.024878623470545966e-05
1.579901256171489278e-03,0.000000000000000000e+00,1.038400811981983880e-04,-3.141866459202972191e-04,0.000000000000000000e+00,6.227569308917504064e-03,3.344495265575627661e-05,3.344495265577340700e-05,3.344495265579673767e-05,3.344495265578136911e-05
1.584900943691019189e-03,0.000000000000000000e+00,1.041553048955682872e-04,-3.153714128519720643e-04,0.000000000000000000e+00,6.227568261876369714e-03,3.651708393118840469e-05,3.651708393120619238e-05,3.651708393123287731e-05,3.651708393121664138e-05
1.589900631210549318e-03,0.000000000000000000e+00,1.044465107244730439e-04,-3.165559345643002365e-04,0.000000000000000000e+00,6.227568069392380896e-03,3.934859479394528764e-05,3.934859479396326506e-05,3.934859479399746487e-05,3.934859479398086302e-05
1.594900318730079446e-03,0.000000000000000000e+00,1.047153016883025571e-04,-3.177402110572818440e-04,0.000000000000000000e+00,6.227568735146880169e-03,4.184087352405895308e-05,4.184087352407672722e-05,4.184087352411967517e-05,4.184087352410312076e-05
1.599900006249609357e-03,0.000000000000000000e+00,1.049622264143868075e-04,-3.189242423309167785e-04,0.000000000000000000e+00,6.227569911374122510e-03,4.391248811552582481e-05,4.391248811554300941e-05,4.391248811559226607e-05,4.391248811557615890e-05
1.604899693769139485e-03,0.000000000000000000e+00,1.051857452072361325e-04,-3.201080283852050941e-04,0.000000000000000000e+00,6.227571245783696668e-03,4.549402026587928146e-05,4.549402026589570712e-05,4.549402026594598022e-05,4.549402026593044903e-05
1.609899381288669397e-03,0.000000000000000000e+00,1.053822601984059681e-04,-3.212915692201468451e-04,0.000000000000000000e+00,6.227572689188457834e-03,4.652187689094144821e-05,4.652187689095709460e-05,4.652187689100217708e-05,4.652187689098733029e-05
1.614899068808199525e-03,0.000000000000000000e+00,1.055472327933039455e-04,-3.224748648357418689e-04,0.000000000000000000e+00,6.227574356776521131e-03,4.693466943376463542e-05,4.693466943377959063e-05,4.693466943381452227e-05,4.693466943380021758e-05
1.619898756327729436e-03,0.000000000000000000e+00,1.056769837850401897e-04,-3.236579152319903822e-04,0.000000000000000000e+00,6.227576099246667600e-03,4.667450143757117392e-05,4.667450143758570901e-05,4.667450143760796903e-05,4.667450143759398283e-05
1.624898443847259564e-03,0.000000000000000000e+00,1.057704838861899319e-04,-3.248407204088922225e-04,0.000000000000000000e+00,6.227577346503401258e-03,4.569330185203801867e-05,4.569330185205243178e-05,4.569330185206155941e-05,4.569330185204760708e-05
1.629898131366789476e-03,0.000000000000000000e+00,1.058304020282944795e-04,-3.260232803664473897e-04,0.000000000000000000e+00,6.227577500895963361e-03,4.396209909456183095e-05,4.396209909457655577e-05,4.396209909457257810e-05,4.396209909455823953e-05
1.634897818886319604e-03,0.000000000000000000e+00,1.058629042921809828e-04,-3.272055951046560465e-04,0.000000000000000000e+00,6.227576500618024757e-03,4.147976403951273550e-05,4.147976403952802953e-05,4.147976403951017407e-05,4.147976403949513754e-05
1.639897506405849515e-03,0.000000000000000000e+00,1.058761118289917055e-04,-3.283876646235180303e-04,0.000000000000000000e+00,6.227574937726814211e-03,3.827780606324784625e-05,3.827780606326398053e-05,3.827780606323032960e-05,3.827780606321436473e-05
1.644897193925379643e-03,0.000000000000000000e+00,1.058775885618125167e-04,-3.295694889230333410e-04,0.000000000000000000e+00,6.227573589919856156e-03,3.441924915517702353e-05,3.441924915519415393e-05,3.441924915514268143e-05,3.441924915512565268e-05
1.649896881444909771e-03,0.000000000000000000e+00,1.058715795729000788e-04,-3.307510680032021413e-04,0.000000000000000000e+00,6.227572853748484030e-03,2.999184796970804626e-05,2.999184796972603724e-05,2.999184796965695323e-05,2.999184796963896564e-05
1.654896568964439683e-03,0.000000000000000000e+00,1.058568391604611551e-04,-3.319324018640242143e-04,0.000000000000000000e+00,6.227572626756943015e-03,2.509801508236012745e-05,2.509801508237877572e-05,2.509801508229626794e-05,2.509801508227754173e-05
1.659896256483969811e-03,0.000000000000000000e+00,1.058257340813588616e-04,-3.331134905054996685e-04,0.000000000000000000e+00,6.227572646259132809e-03,1.984496414133663121e-05,1.984496414135557426e-05,1.984496414126809947e-05,1.984496414124901751e-05
1.664895944003499722e-03,0.000000000000000000e+00,1.057649349579957210e-04,-3.342943339276285581e-04,0.000000000000000000e+00,6.227572816014837961e-03,1.433827144585433360e-05,1.433827144587308183e-05,1.433827144579194116e-05,1.433827144577298795e-05
1.669895631523029850e-03,0.000000000000000000e+00,1.056575414160982284e-04,-3.354749321304107204e-04,0.000000000000000000e+00,6.227573175842356437e-03,8.680444204975913016e-06,8.680444204993951430e-06,8.680444204930185095e-06,8.680444204911841750e-06
1.674895319042559762e-03,0.000000000000000000e+00,1.054860761127467063e-04,-3.366552851138463723e-04,0.000000000000000000e+00,6.227573675206468130e-03,2.973812060557498802e-06,2.973812060574408120e-06,2.973812060535680080e-06,2.973812060518380279e-06
1.679895006562089890e-03,0.000000000000000000e+00,1.052355573367497676e-04,-3.378353928779353511e-04,0.000000000000000000e+00,6.227574137389058073e-03,-2.674945058880468912e-06,-2.674945058864986843e-06,-2.674945058876514962e-06,-2.674945058892467980e-06
1.684894694081619801e-03,0.000000000000000000e+00,1.048958820501562806e-04,-3.390152554226776569e-04,0.000000000000000000e+00,6.227574481080231684e-03,-8.152226153857721613e-06,-8.152226153843782839e-06,-8.152226153831639775e-06,-8.152226153846137591e-06
1.689894381601149929e-03,0.000000000000000000e+00,1.044630011838943784e-04,-3.401948727480734523e-04,0.000000000000000000e+00,6.227574856622479157e-03,-1.333989624814902180e-05,-1.333989624813650943e-05,-1.333989624810826765e-05,-1.333989624812141191e-05
1.694894069120679841e-03,0.000000000000000000e+00,1.039387549875660970e-04,-3.413742448541225746e-04,0.000000000000000000e+00,6.227575430036417885e-03,-1.812372960699657306e-05,-1.812372960698517538e-05,-1.812372960694992865e-05,-1.812372960696204122e-05
1.699893756640209969e-03,0.000000000000000000e+00,1.033296285230071992e-04,-3.425533717408250239e-04,0.000000000000000000e+00,6.227576039594634287e-03,-2.240650915234929845e-05,-2.240650915233854791e-05,-2.240650915230444636e-05,-2.240650915231598973e-05
1.704893444159739880e-03,0.000000000000000000e+00,1.026449623524853004e-04,-3.437322534081809627e-04,0.000000000000000000e+00,6.227576204209316416e-03,-2.612225686816674309e-05,-2.612225686815610774e-05,-2.612225686812889766e-05,-2.612225686814041053e-05
1.709893131679270008e-03,0.000000000000000000e+00,1.018952329962201765e-04,-3.449108898561902285e-04,0.000000000000000000e+00,6.227575588313651218e-03,-2.924716724362313501e-05,-2.924716724361215068e-05,-2.924716724359487460e-05,-2.924716724360685503e-05
1.714892819198800137e-03,0.000000000000000000e+00,1.010908915358870494e-04,-3.460892810848528213e-04,0.000000000000000000e+00,6.227574444038317877e-03,-3.180353415531776272e-05,-3.180353415530599913e-05,-3.180353415529956168e-05,-3.180353415531238237e-05
1.719892506718330048e-03,0.000000000000000000e+00,1.002419736200472328e-04,-3.472674270941688494e-04,0.000000000000000000e+00,6.227573498990755969e-03,-3.385508490861941525e-05,-3.385508490860671653e-05,-3.385508490861066709e-05,-3.385508490862451777e-05
1.724892194237860176e-03,0.000000000000000000e+00,9.935837198499499162e-05,-3.484453278841381503e-04,0.000000000000000000e+00,6.227573352783051172e-03,-3.549490235068988533e-05,-3.549490235067629215e-05,-3.549490235068954652e-05,-3.549490235070435265e-05
1.729891881757390087e-03,0.000000000000000000e+00,9.845040547691859636e-05,-3.496229834547609407e-04,0.000000000000000000e+00,6.227573995174625135e-03,-3.682950103187546229e-05,-3.682950103186129990e-05,-3.682950103188218434e-05,-3.682950103189766810e-05
1.734891569276920216e-03,0.000000000000000000e+00,9.752921226541725979e-05,-3.508003938060370581e-04,0.000000000000000000e+00,6.227574909070931856e-03,-3.796372280110476487e-05,-3.796372280109045340e-05,-3.796372280111662333e-05,-3.796372280113234426e-05
1.739891256796450127e-03,0.000000000000000000e+00,9.660657251589557521e-05,-3.519775589379665025e-04,0.000000000000000000e+00,6.227575568070684194e-03,-3.899049933381601256e-05,-3.899049933380209412e-05,-3.899049933383020206e-05,-3.899049933384558418e-05
1.744890944315980255e-03,0.000000000000000000e+00,9.569399832613014476e-05,-3.531544788505494364e-04,0.000000000000000000e+00,6.227575768180664863e-03,-3.998741173084735501e-05,-3.998741173083437169e-05,-3.998741173086009439e-05,-3.998741173087463625e-05
1.749890631835510166e-03,0.000000000000000000e+00,9.480123565569098141e-05,-3.543311535437856973e-04,0.000000000000000000e+00,6.227575540301846617e-03,-4.101916151372847952e-05,-4.101916151371686500e-05,-4.101916151373540486e-05,-4.101916151374864568e-05
1.754890319355040295e-03,0.000000000000000000e+00,9.393459820106222461e-05,-3.555075830176752851e-04,0.000000000000000000e+00,6.227574922282083647e-03,-4.214264550150621411e-05,-4.214264550149623945e-05,-4.214264550150330032e-05,-4.214264550151496905e-05
1.759890006874570206e-03,0.000000000000000000e+00,9.309569904466906279e-05,-3.566837672722183625e-04,0.000000000000000000e+00,6.227573952951422770e-03,-4.341026996307060154e-05,-4.341026996306232772e-05,-4.341026996305530751e-05,-4.341026996306534316e-05
1.764889694394100334e-03,0.000000000000000000e+00,9.228110475730075431e-05,-3.578597063074147669e-04,0.000000000000000000e+00,6.227572844705233507e-03,-4.486791556606144486e-05,-4.486791556605479057e-05,-4.486791556603380449e-05,-4.486791556604232902e-05
1.769889381913630462e-03,0.000000000000000000e+00,9.148321034957085569e-05,-3.590354001232644982e-04,0.000000000000000000e+00,6.227571985666621561e-03,-4.654633872482988018e-05,-4.654633872482456759e-05,-4.654633872479285468e-05,-4.654633872480014594e-05
1.774889069433160374e-03,0.000000000000000000e+00,9.069228490709505940e-05,-3.602108487197676649e-04,0.000000000000000000e+00,6.227571637564964686e-03,-4.844789004230028336e-05,-4.844789004229598721e-05,-4.844789004225938861e-05,-4.844789004226575152e-05
1.779888756952690502e-03,0.000000000000000000e+00,8.989927291119303510e-05,-3.613860520969241043e-04,0.000000000000000000e+00,6.227571643971715684e-03,-5.053304071264191541e-05,-5.053304071263833755e-05,-5.053304071260387347e-05,-5.053304071260966040e-05
1.784888444472220413e-03,0.000000000000000000e+00,8.909867198945086667e-05,-3.625610102547340333e-04,0.000000000000000000e+00,6.227571540352836582e-03,-5.271225212634969787e-05,-5.271225212634654691e-05,-5.271225212632064803e-05,-5.271225212632613003e-05
1.789888131991750541e-03,0.000000000000000000e+00,8.829073456563738529e-05,-3.637357231931972893e-04,0.000000000000000000e+00,6.227571023847979469e-03,-5.484767358896891628e-05,-5.484767358896613801e-05,-5.484767358895311403e-05,-5.484767358895839952e-05
1.794887819511280453e-03,0.000000000000000000e+00,8.748239198960090801e-05,-3.649101909123138722e-04,0.000000000000000000e+00,6.227570306622435756e-03,-5.676626485095168806e-05,-5.676626485094922827e-05,-5.676626485095059708e-05,-5.676626485095573348e-05
1.799887507030810581e-03,0.000000000000000000e+00,8.668663810967010080e-05,-3.660844134120839447e-04,0.000000000000000000e+00,6.227569971764315357e-03,-5.828219750771334521e-05,-5.828219750771136654e-05,-5.828219750772619301e-05,-5.828219750773107869e-05
1.804887194550340492e-03,0.000000000000000000e+00,8.592053625041403233e-05,-3.672583906925073441e-04,0.000000000000000000e+00,6.227570476600811748e-03,-5.922315885479051292e-05,-5.922315885478918478e-05,-5.922315885481519208e-05,-5.922315885481961020e-05
1.809886882069870620e-03,0.000000000000000000e+00,8.520239876340010956e-05,-3.684321227535840705e-04,0.000000000000000000e+00,6.227571799752310705e-03,-5.945370422677832031e-05,-5.945370422677787308e-05,-5.945370422681213387e-05,-5.945370422681595568e-05
1.814886569589400532e-03,0.000000000000000000e+00,8.454891123613624785e-05,-3.696056095953142865e-04,0.000000000000000000e+00,6.227573521369071316e-03,-5.888970891949354101e-05,-5.888970891949410344e-05,-5.888970891953365649e-05,-5.888970891953676002e-05
1.819886257108930660e-03,0.000000000000000000e+00,8.397296353552811325e-05,-3.707788512176978294e-04,0.000000000000000000e+00,6.227575143477437347e-03,-5.750100538487276809e-05,-5.750100538487448927e-05,-5.750100538491564829e-05,-5.750100538491791156e-05
1.824885944628460788e-03,0.000000000000000000e+00,8.348271110628919373e-05,-3.719518476207346993e-04,0.000000000000000000e+00,6.227576279440766825e-03,-5.530337751255880662e-05,-5.530337751256168653e-05,-5.530337751259917960e-05,-5.530337751260067038e-05
1.829885632147990699e-03,0.000000000000000000e+00,8.308200079532470468e-05,-3.731245988044250587e-04,0.000000000000000000e+00,6.227576630086426035e-03,-5.234469982553176574e-05,-5.234469982553569597e-05,-5.234469982556255708e-05,-5.234469982556334312e-05
1.834885319667520828e-03,0.000000000000000000e+00,8.277188331195779562e-05,-3.742971047687686367e-04,0.000000000000000000e+00,6.227575988982447103e-03,-4.869176142148720654e-05,-4.869176142149215321e-05,-4.869176142150063709e-05,-4.869176142150083360e-05
1.839885007187050739e-03,0.000000000000000000e+00,8.255263268392138527e-05,-3.754693655137657043e-04,0.000000000000000000e+00,6.227574435484481419e-03,-4.442348378664037832e-05,-4.442348378664630077e-05,-4.442348378663043754e-05,-4.442348378663006484e-05
1.844884694706580867e-03,0.000000000000000000e+00,8.242559565425494888e-05,-3.766413810394160988e-04,0.000000000000000000e+00,6.227572506070460506e-03,-3.963309291911037209e-05,-3.963309291911735165e-05,-3.963309291907535236e-05,-3.963309291907441724e-05
1.849884382226110778e-03,0.000000000000000000e+00,8.239432323140005786e-05,-3.778131513457198202e-04,0.000000000000000000e+00,6.227571011702252336e-03,-3.443752489917234071e-05,-3.443752489918045867e-05,-3.443752489911653818e-05,-3.443752489911494576e-05
1.854884069745640907e-03,0.000000000000000000e+00,8.246473636891732807e-05,-3.789846764326770313e-04,0.000000000000000000e+00,6.227570519972093141e-03,-2.898861007801163578e-05,-2.898861007802108189e-05,-2.898861007794476083e-05,-2.898861007794234170e-05
1.859883757265170818e-03,0.000000000000000000e+00,8.264443423077095932e-05,-3.801559563002875693e-04,0.000000000000000000e+00,6.227570946278869479e-03,-2.347893040873445293e-05,-2.347893040874543048e-05,-2.347893040866879432e-05,-2.347893040866538586e-05
1.864883444784700946e-03,0.000000000000000000e+00,8.294153676886056501e-05,-3.813269909485514342e-04,0.000000000000000000e+00,6.227571661073863507e-03,-1.813645936742121128e-05,-1.813645936743388289e-05,-1.813645936736767541e-05,-1.813645936736309804e-05
1.869883132304230857e-03,0.000000000000000000e+00,8.336356434304340111e-05,-3.824977803774687888e-04,0.000000000000000000e+00,6.227572026244134265e-03,-1.320586246297386475e-05,-1.320586246298827447e-05,-1.320586246293879758e-05,-1.320586246293305131e-05
1.874882819823760986e-03,0.000000000000000000e+00,8.391676311519179307e-05,-3.836683245870394702e-04,0.000000000000000000e+00,6.227571871348764297e-03,-8.919326135779563310e-06,-8.919326135795626443e-06,-8.919326135763727182e-06,-8.919326135756862827e-06
1.879882507343291114e-03,0.000000000000000000e+00,8.460603052811338553e-05,-3.848386235772634787e-04,0.000000000000000000e+00,6.227571533273754470e-03,-5.464117213158667472e-06,-5.464117213176085858e-06,-5.464117213158686107e-06,-5.464117213151017071e-06
1.884882194862821025e-03,0.000000000000000000e+00,8.543528483986713115e-05,-3.860086773481409767e-04,0.000000000000000000e+00,6.227571530527516337e-03,-2.956041101344424841e-06,-2.956041101362798679e-06,-2.956041101356113895e-06,-2.956041101348026425e-06
1.889881882382351153e-03,0.000000000000000000e+00,8.640788158676376938e-05,-3.871784858996717474e-04,0.000000000000000000e+00,6.227572216275767923e-03,-1.426687387808863442e-06,-1.426687387827708231e-06,-1.426687387829835978e-06,-1.426687387821806106e-06
1.894881569901881065e-03,0.000000000000000000e+00,8.752660717402896580e-05,-3.883480492318559536e-04,0.000000000000000000e+00,6.227573632643265168e-03,-8.281572788951717336e-07,-8.281572789140097463e-07,-8.281572789258580432e-07,-8.281572789183431669e-07
1.899881257421411193e-03,0.000000000000000000e+00,8.879291176704413456e-05,-3.895173673446934866e-04,0.000000000000000000e+00,6.227575526976826710e-03,-1.053313719794291638e-06,-1.053313719812801002e-06,-1.053313719836270591e-06,-1.053313719829619688e-06
1.904880944940941104e-03,0.000000000000000000e+00,9.020533958576371883e-05,-3.906864402381843467e-04,0.000000000000000000e+00,6.227577418741701669e-03,-1.964540647269907213e-06,-1.964540647287925298e-06,-1.964540647322934863e-06,-1.964540647317269907e-06
1.909880632460471232e-03,0.000000000000000000e+00,9.175747086153499313e-05,-3.918552679123286963e-04,0.000000000000000000e+00,6.227578724282542902e-03,-3.421433268213454793e-06,-3.421433268231100183e-06,-3.421433268273187556e-06,-3.421433268268356080e-06
1.914880319980001144e-03,0.000000000000000000e+00,9.343597583399031647e-05,-3.930238503671263728e-04,0.000000000000000000e+00,6.227579001247338618e-03,-5.298760627708918713e-06,-5.298760627726631866e-06,-5.298760627766848990e-06,-5.298760627762424090e-06
1.919880007499531272e-03,0.000000000000000000e+00,9.521948640492506981e-05,-3.941921876025773763e-04,0.000000000000000000e+00,6.227578235877510339e-03,-7.490139376509890310e-06,-7.490139376528281089e-06,-7.490139376555850318e-06,-7.490139376551147591e-06
1.924879695019061183e-03,0.000000000000000000e+00,9.707886324001166651e-05,-3.953602796186818694e-04,0.000000000000000000e+00,6.227576935969239037e-03,-9.898614779500259259e-06,-9.898614779520035784e-06,-9.898614779526466458e-06,-9.898614779520771009e-06
1.929879382538591311e-03,0.000000000000000000e+00,9.897910073782960642e-05,-3.965281264154396895e-04,0.000000000000000000e+00,6.227575859373609551e-03,-1.242058438706951043e-05,-1.242058438709137065e-05,-1.242058438707403019e-05,-1.242058438706663729e-05
1.934879070058121439e-03,0.000000000000000000e+00,1.008826653025182642e-04,-3.976957279928508364e-04,0.000000000000000000e+00,6.227575507010370270e-03,-1.493220520720660985e-05,-1.493220520723099424e-05,-1.493220520719432110e-05,-1.493220520718478012e-05
1.939878757577651351e-03,0.000000000000000000e+00,1.027536393872348591e-04,-3.988630843509154730e-04,0.000000000000000000e+00,6.227575760886949752e-03,-1.728651594226581590e-05,-1.728651594229284642e-05,-1.728651594224623250e-05,-1.728651594223435371e-05
1.944878445097181479e-03,0.000000000000000000e+00,1.045617765922870362e-04,-4.000301954896333823e-04,0.000000000000000000e+00,6.227575975102039862e-03,-1.932526776399175395e-05,-1.932526776402122392e-05,-1.932526776397510128e-05,-1.932526776396110491e-05
1.949878132616711390e-03,0.000000000000000000e+00,1.062855476690557254e-04,-4.011970614090047270e-04,0.000000000000000000e+00,6.227575462317751741e-03,-2.090345892070147871e-05,-2.090345892073268679e-05,-2.090345892069463469e-05,-2.090345892067913737e-05
1.954877820136241302e-03,0.000000000000000000e+00,1.079134867662958041e-04,-4.023636821090293986e-04,0.000000000000000000e+00,6.227573990926289077e-03,-2.191908655624618405e-05,-2.191908655627831709e-05,-2.191908655625105618e-05,-2.191908655623490835e-05
1.959877507655771647e-03,0.000000000000000000e+00,1.094435681302150079e-04,-4.035300575897073972e-04,0.000000000000000000e+00,6.227571923695570874e-03,-2.233779271239845580e-05,-2.233779271243054818e-05,-2.233779271241279437e-05,-2.233779271239692097e-05
1.964877195175301558e-03,0.000000000000000000e+00,1.108808353350422082e-04,-4.046961878510388854e-04,0.000000000000000000e+00,6.227569954307416583e-03,-2.220306010366172319e-05,-2.220306010369292111e-05,-2.220306010368179448e-05,-2.220306010366701545e-05
1.969876882694831469e-03,0.000000000000000000e+00,1.122339276037552085e-04,-4.058620728930237005e-04,0.000000000000000000e+00,6.227568706077631425e-03,-2.162715579258205303e-05,-2.162715579261172968e-05,-2.162715579260554634e-05,-2.162715579259243088e-05
1.974876570214361381e-03,0.000000000000000000e+00,1.135113829083489131e-04,-4.070277127156618426e-04,0.000000000000000000e+00,6.227568477195022378e-03,-2.076452579283822334e-05,-2.076452579286619236e-05,-2.076452579286527757e-05,-2.076452579285401881e-05
1.979876257733891726e-03,0.000000000000000000e+00,1.147185847190556533e-04,-4.081931073189534742e-04,0.000000000000000000e+00,6.227569204792920109e-03,-1.977543994054496834e-05,-1.977543994057138222e-05,-1.977543994057717931e-05,-1.977543994056752652e-05
1.984875945253421637e-03,0.000000000000000000e+00,1.158559724689439891e-04,-4.093582567028984328e-04,0.000000000000000000e+00,6.227570546706119592e-03,-1.879111222853418838e-05,-1.879111222855957226e-05,-1.879111222857211513e-05,-1.879111222856358381e-05
1.989875632772951548e-03,0.000000000000000000e+00,1.169187379952989670e-04,-4.105231608674967184e-04,0.000000000000000000e+00,6.227571998110146938e-03,-1.789097277539510394e-05,-1.789097277542019983e-05,-1.789097277543628329e-05,-1.789097277542805352e-05
1.994875320292481893e-03,0.000000000000000000e+00,1.178978069331177233e-04,-4.116878198127484935e-04,0.000000000000000000e+00,6.227573059184979970e-03,-1.709839636367254680e-05,-1.709839636369817463e-05,-1.709839636371109019e-05,-1.709839636370233864e-05
1.999875007812011805e-03,0.000000000000000000e+00,1.187815839698806578e-04,-4.128522335386535414e-04,0.000000000000000000e+00,6.227573461983236525e-03,-1.639456947614783387e-05,-1.639456947617473224e-05,-1.639456947617628062e-05,-1.639456947616622126e-05
2.004874695331541716e-03,0.000000000000000000e+00,1.195578156613130488e-04,-4.140164020452120246e-04,0.000000000000000000e+00,6.227573342694605468e-03,-1.574372306447890517e-05,-1.574372306450756877e-05,-1.574372306449134978e-05,-1.574372306447946422e-05
2.009874382851071627e-03,0.000000000000000000e+00,1.202150201190190675e-04,-4.151803253324238890e-04,0.000000000000000000e+00,6.227573187736953723e-03,-1.511905190928702278e-05,-1.511905190931762608e-05,-1.511905190928182708e-05,-1.511905190926789847e-05
2.014874070370601972e-03,0.000000000000000000e+00,1.207432019085624393e-04,-4.163440034002890261e-04,0.000000000000000000e+00,6.227573519108588716e-03,-1.451874011864010159e-05,-1.451874011867248874e-05,-1.451874011862088749e-05,-1.451874011860506661e-05
2.019873757890131884e-03,0.000000000000000000e+00,1.211339083955808367e-04,-4.175074362488076529e-04,0.000000000000000000e+00,6.227574519765433428e-03,-1.396560035890062344e-05,-1.396560035893432180e-05,-1.396560035887496512e-05,-1.396560035885767548e-05
2.024873445409661795e-03,0.000000000000000000e+00,1.213799644181857783e-04,-4.186706238779796065e-04,0.000000000000000000e+00,6.227575893099236010e-03,-1.349041430388789333e-05,-1.349041430392226254e-05,-1.349041430386453555e-05,-1.349041430384640058e-05
2.029873132929191706e-03,0.000000000000000000e+00,1.214753415092033881e-04,-4.198335662878048872e-04,0.000000000000000000e+00,6.227577074119303342e-03,-1.310569245738010583e-05,-1.310569245741439372e-05,-1.310569245736604508e-05,-1.310569245734784065e-05
2.034872820448722051e-03,0.000000000000000000e+00,1.214155312230442882e-04,-4.209962634782836574e-04,0.000000000000000000e+00,6.227577607659402596e-03,-1.278076041658148142e-05,-1.278076041661496971e-05,-1.278076041658051241e-05,-1.278076041656287380e-05
2.039872507968251963e-03,0.000000000000000000e+00,1.211985315901369819e-04,-4.221587154494157545e-04,0.000000000000000000e+00,6.227577376489919735e-03,-1.242920263207978855e-05,-1.242920263211198258e-05,-1.242920263209277188e-05,-1.242920263207621069e-05
2.044872195487781874e-03,0.000000000000000000e+00,1.208262210557595109e-04,-4.233209222012011786e-04,0.000000000000000000e+00,6.227576540122800076e-03,-1.191561155388510515e-05,-1.191561155391576774e-05,-1.191561155391169521e-05,-1.191561155389640457e-05
2.049871883007312219e-03,0.000000000000000000e+00,1.203056185317188796e-04,-4.244828837336400923e-04,0.000000000000000000e+00,6.227575342191959615e-03,-1.108171324419836697e-05,-1.108171324422749473e-05,-1.108171324423858409e-05,-1.108171324422462499e-05
2.054871570526842130e-03,0.000000000000000000e+00,1.196494296331990454e-04,-4.256446000467322788e-04,0.000000000000000000e+00,6.227574026632779793e-03,-9.784743993206594214e-06,-9.784743993234431105e-06,-9.784743993261908854e-06,-9.784743993248952638e-06
2.059871258046372042e-03,0.000000000000000000e+00,1.188754158524217146e-04,-4.268060711404779006e-04,0.000000000000000000e+00,6.227572885229497139e-03,-7.936079383623243866e-06,-7.936079383650254053e-06,-7.936079383695685512e-06,-7.936079383683315443e-06
2.064870945565901953e-03,0.000000000000000000e+00,1.180044675866387914e-04,-4.279672970148769035e-04,0.000000000000000000e+00,6.227572234110157270e-03,-5.527413725486063432e-06,-5.527413725512639938e-06,-5.527413725576241948e-06,-5.527413725564010792e-06
2.069870633085432298e-03,0.000000000000000000e+00,1.170577047396583143e-04,-4.291282776699292334e-04,0.000000000000000000e+00,6.227572204498545497e-03,-2.635613008926468101e-06,-2.635613008953098817e-06,-2.635613009031811894e-06,-2.635613009019336793e-06
2.074870320604962209e-03,0.000000000000000000e+00,1.160533152224952637e-04,-4.302890131056349987e-04,0.000000000000000000e+00,6.227572545502968980e-03,5.955668969334727077e-07,5.955668969065438362e-07,5.955668968198415437e-07,5.955668968329197325e-07
2.079870008124492121e-03,0.000000000000000000e+00,1.150040255495816006e-04,-4.314495033219940909e-04,0.000000000000000000e+00,6.227572744752920587e-03,3.990882873249155806e-06,3.990882873221861016e-06,3.990882873137588014e-06,3.990882873151286231e-06
2.084869695644022032e-03,0.000000000000000000e+00,1.139159949763167195e-04,-4.326097483190065101e-04,0.000000000000000000e+00,6.227572459943300255e-03,7.384345021389082377e-06,7.384345021361462326e-06,7.384345021291063724e-06,7.384345021305378581e-06
2.089869383163552377e-03,0.000000000000000000e+00,1.127895483448296195e-04,-4.337697480966724189e-04,0.000000000000000000e+00,6.227571856984571302e-03,1.065190136284766578e-05,1.065190136281994748e-05,1.065190136277276435e-05,1.065190136278750950e-05
2.094869070683082288e-03,0.000000000000000000e+00,1.116216236790040518e-04,-4.349295026549916546e-04,0.000000000000000000e+00,6.227571480494602761e-03,1.372584441842134714e-05,1.372584441839383890e-05,1.372584441837458076e-05,1.372584441838938351e-05
2.099868758202612200e-03,0.000000000000000000e+00,1.104092820046035674e-04,-4.360890119939642173e-04,0.000000000000000000e+00,6.227571763588666577e-03,1.658755899407276301e-05,1.658755899404575621e-05,1.658755899405325754e-05,1.658755899406786038e-05
2.104868445722142545e-03,0.000000000000000000e+00,1.091532860226227311e-04,-4.372482761135902695e-04,0.000000000000000000e+00,6.227572670040816896e-03,1.924327314210178989e-05,1.924327314207547766e-05,1.924327314210347379e-05,1.924327314211766668e-05
2.109868133241672456e-03,0.000000000000000000e+00,1.078607196629689075e-04,-4.384072950138695945e-04,0.000000000000000000e+00,6.227573794456072245e-03,2.169377198084311895e-05,2.169377198081769441e-05,2.169377198085702384e-05,2.169377198087065769e-05
2.114867820761202367e-03,0.000000000000000000e+00,1.065459089436148908e-04,-4.395660686948023549e-04,0.000000000000000000e+00,6.227574732651260450e-03,2.391123814511657424e-05,2.391123814509209838e-05,2.391123814513353862e-05,2.391123814514654905e-05
2.119867508280732279e-03,0.000000000000000000e+00,1.052294231489527178e-04,-4.407245971563884964e-04,0.000000000000000000e+00,6.227575294501958361e-03,2.583361742822143261e-05,2.583361742819787493e-05,2.583361742823438883e-05,2.583361742824678262e-05
2.124867195800262624e-03,0.000000000000000000e+00,1.039355128115982665e-04,-4.418828803986279649e-04,0.000000000000000000e+00,6.227575421210317444e-03,2.738012283327866955e-05,2.738012283325593518e-05,2.738012283328354846e-05,2.738012283329542725e-05
2.129866883319792535e-03,0.000000000000000000e+00,1.026887867324283529e-04,-4.430409184215208687e-04,0.000000000000000000e+00,6.227575073047456923e-03,2.848314531891641039e-05,2.848314531889447563e-05,2.848314531891187030e-05,2.848314531892330185e-05
2.134866570839322446e-03,0.000000000000000000e+00,1.015111006689926166e-04,-4.441987112250670995e-04,0.000000000000000000e+00,6.227574335806737929e-03,2.912502849440901109e-05,2.912502849438780816e-05,2.912502849439485886e-05,2.912502849440590756e-05
2.139866258358852358e-03,0.000000000000000000e+00,1.004194782310046850e-04,-4.453562588092666572e-04,0.000000000000000000e+00,6.227573595573787472e-03,2.936548171118327224e-05,2.936548171116286891e-05,2.936548171115934525e-05,2.936548171116992639e-05
2.144865945878382703e-03,0.000000000000000000e+00,9.942547441349663723e-05,-4.465135611741197046e-04,0.000000000000000000e+00,6.227573417829575762e-03,2.934797347063980693e-05,2.934797347062028451e-05,2.934797347060565456e-05,2.934797347061569698e-05
2.149865633397912614e-03,0.000000000000000000e+00,9.853587563340080715e-05,-4.476706183196260788e-04,0.000000000000000000e+00,6.227574084649856179e-03,2.928046473231951251e-05,2.928046473230107430e-05,2.928046473227546341e-05,2.928046473228476044e-05
2.154865320917442525e-03,0.000000000000000000e+00,9.775419081866945875e-05,-4.488274302457857801e-04,0.000000000000000000e+00,6.227575233137222152e-03,2.939483983672837322e-05,2.939483983671118523e-05,2.939483983667698204e-05,2.939483983668532700e-05
2.159865008436972437e-03,0.000000000000000000e+00,9.708217652644176925e-05,-4.499839969525989709e-04,0.000000000000000000e+00,6.227576051204852282e-03,2.989710968404191415e-05,2.989710968402619322e-05,2.989710968398914400e-05,2.989710968399637088e-05
2.164864695956502782e-03,0.000000000000000000e+00,9.652072021085828164e-05,-4.511403184400654344e-04,0.000000000000000000e+00,6.227575919701043572e-03,3.092403513057035222e-05,3.092403513055614239e-05,3.092403513052520875e-05,3.092403513053119897e-05
2.169864383476032693e-03,0.000000000000000000e+00,9.606973814181346463e-05,-4.522963947081853333e-04,0.000000000000000000e+00,6.227574878743605269e-03,3.251985394985720226e-05,3.251985394984453065e-05,3.251985394982941281e-05,3.251985394983414942e-05
2.174864070995562604e-03,0.000000000000000000e+00,9.572719738326107596e-05,-4.534522257569586134e-04,0.000000000000000000e+00,6.227573471679942636e-03,3.463991175115258209e-05,3.463991175114134705e-05,3.463991175114932949e-05,3.463991175115292091e-05
2.179863758515092950e-03,0.000000000000000000e+00,9.548777317418025395e-05,-4.546078115863852204e-04,0.000000000000000000e+00,6.227572206253455950e-03,3.717863786192368954e-05,3.717863786191366745e-05,3.717863786194662042e-05,3.717863786194923605e-05
2.184863446034622861e-03,0.000000000000000000e+00,9.534185359495289365e-05,-4.557631521964652628e-04,0.000000000000000000e+00,6.227571256255889226e-03,4.001086277390240224e-05,4.001086277389338981e-05,4.001086277394657671e-05,4.001086277394841985e-05
2.189863133554152772e-03,0.000000000000000000e+00,9.527552645557550237e-05,-4.569182475871986864e-04,0.000000000000000000e+00,6.227570651480051310e-03,4.303104342983415302e-05,4.303104342982596729e-05,4.303104342988960996e-05,4.303104342989085679e-05
2.194862821073682684e-03,0.000000000000000000e+00,9.527185335999932602e-05,-4.580730977585853827e-04,0.000000000000000000e+00,6.227570558848588914e-03,4.617619898686646691e-05,4.617619898685901302e-05,4.617619898692144952e-05,4.617619898692214070e-05
2.199862508593213029e-03,0.000000000000000000e+00,9.531326851177093719e-05,-4.592277027106255686e-04,0.000000000000000000e+00,6.227571176278728915e-03,4.942483482447129756e-05,4.942483482446465004e-05,4.942483482451619030e-05,4.942483482451625807e-05
2.204862196112742940e-03,0.000000000000000000e+00,9.538450087315877856e-05,-4.603820624433190814e-04,0.000000000000000000e+00,6.227572345741110883e-03,5.277346987490441122e-05,5.277346987489867850e-05,5.277346987493400994e-05,5.277346987493327133e-05
2.209861883632272851e-03,0.000000000000000000e+00,9.547516594445344001e-05,-4.615361769566659212e-04,0.000000000000000000e+00,6.227573459068789195e-03,5.620111698211494624e-05,5.620111698211050101e-05,5.620111698212851232e-05,5.620111698212660142e-05
2.214861571151802763e-03,0.000000000000000000e+00,9.558120342837832803e-05,-4.626900462506662506e-04,0.000000000000000000e+00,6.227573921964372171e-03,5.963692288017054146e-05,5.963692288016776320e-05,5.963692288016982318e-05,5.963692288016636729e-05
2.219861258671333108e-03,0.000000000000000000e+00,9.570464954580539766e-05,-4.638436703253198527e-04,0.000000000000000000e+00,6.227573716133611749e-03,6.294529175429037875e-05,6.294529175428960626e-05,6.294529175427719214e-05,6.294529175427179823e-05
2.224860946190863019e-03,0.000000000000000000e+00,9.585173168765743080e-05,-4.649970491806268902e-04,0.000000000000000000e+00,6.227573401063776944e-03,6.593645632964789715e-05,6.593645632964944213e-05,6.593645632962283852e-05,6.593645632961516779e-05
2.229860633710392930e-03,0.000000000000000000e+00,9.602979775841844585e-05,-4.661501828165873088e-04,0.000000000000000000e+00,6.227573526643781672e-03,6.840093485605200905e-05,6.840093485605602060e-05,6.840093485601528170e-05,6.840093485600517152e-05
2.234860321229923275e-03,0.000000000000000000e+00,9.624397094966252882e-05,-4.673030712332010544e-04,0.000000000000000000e+00,6.227574118349221526e-03,7.015714279842751445e-05,7.015714279843399256e-05,7.015714279838116481e-05,7.015714279836858806e-05
2.239860008749453187e-03,0.000000000000000000e+00,9.649452641427114317e-05,-4.684557144304682353e-04,0.000000000000000000e+00,6.227574781953124257e-03,7.109604612115967830e-05,7.109604612116841968e-05,7.109604612110995408e-05,7.109604612109508696e-05
2.244859696268983098e-03,0.000000000000000000e+00,9.677578082778085867e-05,-4.696081124083887975e-04,0.000000000000000000e+00,6.227575208189522864e-03,7.120721196409893986e-05,7.120721196410964636e-05,7.120721196405633072e-05,7.120721196403955269e-05
2.249859383788513009e-03,0.000000000000000000e+00,9.707683173411081438e-05,-4.707602651669626865e-04,0.000000000000000000e+00,6.227575416678217055e-03,7.057684687261479655e-05,7.057684687262695317e-05,7.057684687259194699e-05,7.057684687257370529e-05
2.254859071308043354e-03,0.000000000000000000e+00,9.738392483785825919e-05,-4.719121727061900110e-04,0.000000000000000000e+00,6.227575500741384940e-03,6.935819115707258847e-05,6.935819115708569376e-05,6.935819115708002881e-05,6.935819115706081132e-05
2.259858758827573266e-03,0.000000000000000000e+00,9.768374259066161668e-05,-4.730638350260706624e-04,0.000000000000000000e+00,6.227575332748726093e-03,6.772440865860171336e-05,6.772440865861527944e-05,6.772440865864372619e-05,6.772440865862400727e-05
2.264858446347103177e-03,0.000000000000000000e+00,9.796665115531828110e-05,-4.742152521266046407e-04,0.000000000000000000e+00,6.227574728663011483e-03,6.582029582647172083e-05,6.582029582648535467e-05,6.582029582654443014e-05,6.582029582652467055e-05
2.269858133866633088e-03,0.000000000000000000e+00,9.822899462935750885e-05,-4.753664240077921086e-04,0.000000000000000000e+00,6.227573895126653492e-03,6.372944792449960105e-05,6.372944792451309937e-05,6.372944792459227323e-05,6.372944792457263562e-05
2.274857821386163433e-03,0.000000000000000000e+00,9.847386291270997303e-05,-4.765173506696328493e-04,0.000000000000000000e+00,6.227573497152296897e-03,6.146782032160660848e-05,6.146782032161993061e-05,6.146782032170559614e-05,6.146782032168613471e-05
2.279857508905693345e-03,0.000000000000000000e+00,9.871026562757701742e-05,-4.776680321121270253e-04,0.000000000000000000e+00,6.227574080090690634e-03,5.900496842585928629e-05,5.900496842587259487e-05,5.900496842595254123e-05,5.900496842593312723e-05
2.284857196425223256e-03,0.000000000000000000e+00,9.895114616401462959e-05,-4.788184683352745825e-04,0.000000000000000000e+00,6.227575412672345032e-03,5.630415241482537766e-05,5.630415241483899117e-05,5.630415241490568316e-05,5.630415241488595068e-05
2.289856883944753601e-03,0.000000000000000000e+00,9.921099731986881382e-05,-4.799686593390754667e-04,0.000000000000000000e+00,6.227576534558003189e-03,5.336563151061626267e-05,5.336563151063061479e-05,5.336563151068151131e-05,5.336563151066105377e-05
2.294856571464283512e-03,0.000000000000000000e+00,9.950388475743792620e-05,-4.811186051235297862e-04,0.000000000000000000e+00,6.227576555381840635e-03,5.025634691285555344e-05,5.025634691287117272e-05,5.025634691290684975e-05,5.025634691288516571e-05
2.299856258983813424e-03,0.000000000000000000e+00,9.984243802205505270e-05,-4.822683056886374869e-04,0.000000000000000000e+00,6.227575405046946455e-03,4.711420913562535182e-05,4.711420913564265162e-05,4.711420913566393586e-05,4.711420913564064584e-05
2.304855946503343335e-03,0.000000000000000000e+00,1.002379263510016669e-04,-4.834177610343985145e-04,0.000000000000000000e+00,6.227573788501236662e-03,4.412453060196888996e-05,4.412453060198812777e-05,4.412453060199457200e-05,4.412453060196939818e-05
2.309855634022873680e-03,0.000000000000000000e+00,1.007010642676506600e-04,-4.845669711608129775e-04,0.000000000000000000e+00,6.227572487924592018e-03,4.147637570192277262e-05,4.147637570194402299e-05,4.147637570193404833e-05,4.147637570190694327e-05
2.314855321542403591e-03,0.000000000000000000e+00,1.012428686436606128e-04,-4.857159360678807675e-04,0.000000000000000000e+00,6.227571814626449952e-03,3.931401017180958537e-05,3.931401017183266532e-05,3.931401017180571612e-05,3.931401017177688312e-05
2.319855009061933503e-03,0.000000000000000000e+00,1.018748407282056887e-04,-4.868646557556018844e-04,0.000000000000000000e+00,6.227571690175504743e-03,3.770052414488767067e-05,3.770052414491216686e-05,3.770052414487103494e-05,3.770052414484092123e-05
2.324854696581463414e-03,0.000000000000000000e+00,1.026079998484346256e-04,-4.880131302239764908e-04,0.000000000000000000e+00,6.227572011686223832e-03,3.660639406498953730e-05,3.660639406501491440e-05,3.660639406496659964e-05,3.660639406493574732e-05
2.329854384100993759e-03,0.000000000000000000e+00,1.034507639309627665e-04,-4.891613594730043158e-04,0.000000000000000000e+00,6.227572701078240396e-03,3.592680869461253109e-05,3.592680869463812503e-05,3.592680869459257499e-05,3.592680869456161424e-05
2.334854071620523670e-03,0.000000000000000000e+00,1.044061854387029568e-04,-4.903093435026856847e-04,0.000000000000000000e+00,6.227573430183541703e-03,3.552126440088790348e-05,3.552126440091317217e-05,3.552126440088011755e-05,3.552126440084968535e-05
2.339853759140053582e-03,0.000000000000000000e+00,1.054694155327192795e-04,-4.914570823130203804e-04,0.000000000000000000e+00,6.227573592943680403e-03,3.526098212904129275e-05,3.526098212906585670e-05,3.526098212905176207e-05,3.526098212902225822e-05
2.344853446659583927e-03,0.000000000000000000e+00,1.066263369337726492e-04,-4.926045759040085115e-04,0.000000000000000000e+00,6.227572819975072879e-03,3.506699710455673055e-05,3.506699710458041359e-05,3.506699710458647157e-05,3.506699710455805192e-05
2.349853134179113838e-03,0.000000000000000000e+00,1.078540326260318957e-04,-4.937518242756498612e-04,0.000000000000000000e+00,6.227571524120653450e-03,3.492529946070666789e-05,3.492529946072952423e-05,3.492529946075204175e-05,3.492529946072467242e-05
2.354852821698643749e-03,0.000000000000000000e+00,1.091232216346454156e-04,-4.948988274279446462e-04,0.000000000000000000e+00,6.227570730242169665e-03,3.487387833401957358e-05,3.487387833404198946e-05,3.487387833407439356e-05,3.487387833404772896e-05
2.359852509218173661e-03,0.000000000000000000e+00,1.104021715120018709e-04,-4.960455853608928666e-04,0.000000000000000000e+00,6.227571198063735006e-03,3.496686949917404680e-05,3.496686949919646268e-05,3.496686949923192965e-05,3.496686949920550222e-05
2.364852196737704006e-03,0.000000000000000000e+00,1.116611042361081351e-04,-4.971920980744944140e-04,0.000000000000000000e+00,6.227572713817039994e-03,3.522947356464543552e-05,3.522947356466836640e-05,3.522947356470153621e-05,3.522947356467487161e-05
2.369851884257233917e-03,0.000000000000000000e+00,1.128759236106946046e-04,-4.983383655687492883e-04,0.000000000000000000e+00,6.227574306630226895e-03,3.562082213597420890e-05,3.562082213599816299e-05,3.562082213602542390e-05,3.562082213599805457e-05
2.374851571776763828e-03,0.000000000000000000e+00,1.140302811470973607e-04,-4.994843878436575979e-04,0.000000000000000000e+00,6.227575134770314651e-03,3.601923753781892493e-05,3.601923753784414618e-05,3.601923753786276058e-05,3.601923753783440869e-05
2.379851259296293740e-03,0.000000000000000000e+00,1.151155066261687630e-04,-5.006301648992192346e-04,0.000000000000000000e+00,6.227575086712532938e-03,3.623632927081689415e-05,3.623632927084343677e-05,3.623632927085030790e-05,3.623632927082098701e-05
2.384850946815824085e-03,0.000000000000000000e+00,1.161285901458756185e-04,-5.017756967354344150e-04,0.000000000000000000e+00,6.227574565404399125e-03,3.605597906328326561e-05,3.605597906331093987e-05,3.605597906330239500e-05,3.605597906327231517e-05
2.389850634335353996e-03,0.000000000000000000e+00,1.170689925413243417e-04,-5.029209833523028139e-04,0.000000000000000000e+00,6.227573898651801547e-03,3.528524094851133815e-05,3.528524094853978491e-05,3.528524094851253078e-05,3.528524094848201726e-05
2.394850321854883907e-03,0.000000000000000000e+00,1.179353836323523817e-04,-5.040660247498245398e-04,0.000000000000000000e+00,6.227573141270000175e-03,3.379979650665936112e-05,3.379979650668813991e-05,3.379979650664092291e-05,3.379979650661047038e-05
2.399850009374414252e-03,0.000000000000000000e+00,1.187233596860015047e-04,-5.052108209279998095e-04,0.000000000000000000e+00,6.227572384779761668e-03,3.156846493586741402e-05,3.156846493589605051e-05,3.156846493583128298e-05,3.156846493580137256e-05
2.404849696893944164e-03,0.000000000000000000e+00,1.194247987018534618e-04,-5.063553718868284061e-04,0.000000000000000000e+00,6.227571978139283433e-03,2.864872533686486832e-05,2.864872533689302031e-05,2.864872533681725152e-05,2.864872533678823556e-05
2.409849384413474075e-03,0.000000000000000000e+00,1.200289186774085971e-04,-5.074996776263103297e-04,0.000000000000000000e+00,6.227572219949498514e-03,2.515558663223655086e-05,2.515558663226401506e-05,2.515558663218679615e-05,2.515558663215887455e-05
2.414849071933003986e-03,0.000000000000000000e+00,1.205245194529996710e-04,-5.086437381464456887e-04,0.000000000000000000e+00,6.227572873561205806e-03,2.121568979255582750e-05,2.121568979258262763e-05,2.121568979251423141e-05,2.121568979248739741e-05
2.419848759452534331e-03,0.000000000000000000e+00,1.209025133621670958e-04,-5.097875534472343746e-04,0.000000000000000000e+00,6.227573210931339372e-03,1.692377901518815934e-05,1.692377901521443769e-05,1.692377901516329045e-05,1.692377901513737124e-05
2.424848446972064243e-03,0.000000000000000000e+00,1.211578048465810839e-04,-5.109311235286764959e-04,0.000000000000000000e+00,6.227572696618030416e-03,1.231770383618747356e-05,1.231770383621362824e-05,1.231770383618427517e-05,1.231770383615897260e-05
2.429848134491594154e-03,0.000000000000000000e+00,1.212898661747706993e-04,-5.120744483907720525e-04,0.000000000000000000e+00,6.227571598650880925e-03,7.381231883262655052e-06,7.381231883288940179e-06,7.381231883281484595e-06,7.381231883256536086e-06
2.434847822011124065e-03,0.000000000000000000e+00,1.213018607981695296e-04,-5.132175280335208277e-04,0.000000000000000000e+00,6.227570811107301964e-03,2.073628674794929808e-06,2.073628674821580852e-06,2.073628674832324618e-06,2.073628674807455731e-06
2.439847509530654410e-03,0.000000000000000000e+00,1.211987006493055560e-04,-5.143603624569230382e-04,0.000000000000000000e+00,6.227571046409030586e-03,-3.625069956144652151e-06,-3.625069956117555567e-06,-3.625069956094646714e-06,-3.625069956119476638e-06
2.444847197050184322e-03,0.000000000000000000e+00,1.209847975488918299e-04,-5.155029516609786842e-04,0.000000000000000000e+00,6.227572263228089294e-03,-9.670252134607113179e-06,-9.670252134579713357e-06,-9.670252134551200534e-06,-9.670252134575849193e-06
2.449846884569714233e-03,0.000000000000000000e+00,1.206623538330391261e-04,-5.166452956456876570e-04,0.000000000000000000e+00,6.227573885561857488e-03,-1.592744361137749218e-05,-1.592744361135015673e-05,-1.592744361132187599e-05,-1.592744361134599271e-05
2.454846572089244578e-03,0.000000000000000000e+00,1.202308117630093161e-04,-5.177873944110500653e-04,0.000000000000000000e+00,6.227575435256346541e-03,-2.217628316720334826e-05,-2.217628316717652103e-05,-2.217628316715306160e-05,-2.217628316717616189e-05
2.459846259608774489e-03,0.000000000000000000e+00,1.196876345420951185e-04,-5.189292479570658005e-04,0.000000000000000000e+00,6.227576793769333541e-03,-2.814422790459318420e-05,-2.814422790456738358e-05,-2.814422790455221152e-05,-2.814422790457380747e-05
2.464845947128304401e-03,0.000000000000000000e+00,1.190300895019267478e-04,-5.200708562837348626e-04,0.000000000000000000e+00,6.227577893011302691e-03,-3.355990932602779419e-05,-3.355990932600344707e-05,-3.355990932599948296e-05,-3.355990932601914768e-05
2.469845634647834312e-03,0.000000000000000000e+00,1.182573280861664596e-04,-5.212122193910573601e-04,0.000000000000000000e+00,6.227578415019572634e-03,-3.820904746865889955e-05,-3.820904746863626683e-05,-3.820904746864621439e-05,-3.820904746866369715e-05
2.474845322167364657e-03,0.000000000000000000e+00,1.173719415638597015e-04,-5.223533372790331846e-04,0.000000000000000000e+00,6.227578033324796154e-03,-4.197488809461097549e-05,-4.197488809459007071e-05,-4.197488809461621354e-05,-4.197488809463148724e-05
2.479845009686894568e-03,0.000000000000000000e+00,1.163803560794546391e-04,-5.234942099476623360e-04,0.000000000000000000e+00,6.227576928282559619e-03,-4.485059709438429072e-05,-4.485059709436491738e-05,-4.485059709440815672e-05,-4.485059709442145852e-05
2.484844697206424480e-03,0.000000000000000000e+00,1.152918496814062528e-04,-5.246348373969449228e-04,0.000000000000000000e+00,6.227575832497441594e-03,-4.692093935362369228e-05,-4.692093935360548446e-05,-4.692093935366411269e-05,-4.692093935367579497e-05
2.489844384725954391e-03,0.000000000000000000e+00,1.141164795997911315e-04,-5.257752196268808366e-04,0.000000000000000000e+00,6.227575387624056068e-03,-4.832129205478621209e-05,-4.832129205476867512e-05,-4.832129205483738643e-05,-4.832129205484797096e-05
2.494844072245484736e-03,0.000000000000000000e+00,1.128626226400844339e-04,-5.269153566374702941e-04,0.000000000000000000e+00,6.227575488256645135e-03,-4.918970462524216620e-05,-4.918970462522487995e-05,-4.918970462529468225e-05,-4.918970462530456204e-05
2.499843759765014647e-03,0.000000000000000000e+00,1.115350088755709819e-04,-5.280552484287129702e-04,0.000000000000000000e+00,6.227575397330990976e-03,-4.962955567874059260e-05,-4.962955567872328602e-05,-4.962955567878279517e-05,-4.962955567879225483e-05
2.504843447284544559e-03,0.000000000000000000e+00,1.101340037811440308e-04,-5.291948950006089732e-04,0.000000000000000000e+00,6.227574548861797635e-03,-4.969574555356516456e-05,-4.969574555354781733e-05,-4.969574555358564921e-05,-4.969574555359480394e-05
2.509843134804074904e-03,0.000000000000000000e+00,1.086565045607922606e-04,-5.303342963531585200e-04,0.000000000000000000e+00,6.227573151744284809e-03,-4.940804110491117397e-05,-4.940804110489396904e-05,-4.940804110490195147e-05,-4.940804110491055055e-05
2.514842822323604815e-03,0.000000000000000000e+00,1.070982908511247433e-04,-5.314734524863613937e-04,0.000000000000000000e+00,6.227571950020875657e-03,-4.878462125029991428e-05,-4.878462125028329210e-05,-4.878462125025850453e-05,-4.878462125026615493e-05
2.519842509843134726e-03,0.000000000000000000e+00,1.054571834901391021e-04,-5.326123634002175944e-04,0.000000000000000000e+00,6.227571473417189453e-03,-4.788097111453126027e-05,-4.788097111451579684e-05,-4.788097111446147831e-05,-4.788097111446763116e-05
2.524842197362664638e-03,0.000000000000000000e+00,1.037360811896897208e-04,-5.337510290947272305e-04,0.000000000000000000e+00,6.227571637810247647e-03,-4.681696417870900753e-05,-4.681696417869531948e-05,-4.681696417861977769e-05,-4.681696417862383667e-05
2.529841884882194983e-03,0.000000000000000000e+00,1.019449606606634434e-04,-5.348894495698901935e-04,0.000000000000000000e+00,6.227572041572279268e-03,-4.577911827439083388e-05,-4.577911827437943621e-05,-4.577911827429362838e-05,-4.577911827429505818e-05
2.534841572401724894e-03,0.000000000000000000e+00,1.001012383699004471e-04,-5.360276248257065919e-04,0.000000000000000000e+00,6.227572452762691717e-03,-4.499410031478685563e-05,-4.499410031477819557e-05,-4.499410031469305859e-05,-4.499410031469153393e-05
2.539841259921254805e-03,0.000000000000000000e+00,9.822839962431205788e-05,-5.371655548621764257e-04,0.000000000000000000e+00,6.227572854345149976e-03,-4.468025949167121210e-05,-4.468025949166537096e-05,-4.468025949159007990e-05,-4.468025949158545848e-05
2.544840947440784717e-03,0.000000000000000000e+00,9.635333513977567641e-05,-5.383032396792994780e-04,0.000000000000000000e+00,6.227573100654270645e-03,-4.499237226447218351e-05,-4.499237226446893090e-05,-4.499237226440988931e-05,-4.499237226440242187e-05
2.549840634960315062e-03,0.000000000000000000e+00,9.450320881703258048e-05,-5.394406792770759657e-04,0.000000000000000000e+00,6.227572797761890197e-03,-4.597781290386043340e-05,-4.597781290385937630e-05,-4.597781290382068383e-05,-4.597781290381083115e-05
2.554840322479844973e-03,0.000000000000000000e+00,9.270278542124054538e-05,-5.405778736555058887e-04,0.000000000000000000e+00,6.227571712907577044e-03,-4.755891180715688554e-05,-4.755891180715735988e-05,-4.755891180714106296e-05,-4.755891180712953654e-05
2.559840009999374884e-03,0.000000000000000000e+00,9.097293959411032990e-05,-5.417148228145891387e-04,0.000000000000000000e+00,6.227570247751407044e-03,-4.954757737273353163e-05,-4.954757737273482590e-05,-4.954757737274122947e-05,-4.954757737272872048e-05
2.564839697518905230e-03,0.000000000000000000e+00,8.933062100266083436e-05,-5.428515267543258241e-04,0.000000000000000000e+00,6.227569302396825969e-03,-5.168746844616541145e-05,-5.168746844616686835e-05,-5.168746844619375656e-05,-5.168746844618099008e-05
2.569839385038435141e-03,0.000000000000000000e+00,8.779002002420124861e-05,-5.439879854747158364e-04,0.000000000000000000e+00,6.227569540455959139e-03,-5.370997756138970306e-05,-5.370997756139091601e-05,-5.370997756143314569e-05,-5.370997756142056894e-05
2.574839072557965052e-03,0.000000000000000000e+00,8.636424965252664007e-05,-5.451241989757591756e-04,0.000000000000000000e+00,6.227570821136673394e-03,-5.538620831715976783e-05,-5.538620831716054032e-05,-5.538620831721008159e-05,-5.538620831719791142e-05
2.579838760077494964e-03,0.000000000000000000e+00,8.506668350491260959e-05,-5.462601672574560587e-04,0.000000000000000000e+00,6.227572429375691047e-03,-5.655936880354344842e-05,-5.655936880354384822e-05,-5.655936880359102456e-05,-5.655936880357922709e-05
2.584838447597025309e-03,0.000000000000000000e+00,8.391123050156855997e-05,-5.473958903198061603e-04,0.000000000000000000e+00,6.227573824738564037e-03,-5.714963066262859716e-05,-5.714963066262899696e-05,-5.714963066266497892e-05,-5.714963066265323565e-05
2.589838135116555220e-03,0.000000000000000000e+00,8.291123631051798071e-05,-5.485313681628095888e-04,0.000000000000000000e+00,6.227575038040347732e-03,-5.713367017120728945e-05,-5.713367017120820425e-05,-5.713367017122732009e-05,-5.713367017121515670e-05
2.594837822636085131e-03,0.000000000000000000e+00,8.207723625710401617e-05,-5.496666007864664527e-04,0.000000000000000000e+00,6.227576302551851052e-03,-5.651009995282161289e-05,-5.651009995282357123e-05,-5.651009995282489260e-05,-5.651009995281176698e-05
2.599837510155615043e-03,0.000000000000000000e+00,8.141425376987867666e-05,-5.508015881907766436e-04,0.000000000000000000e+00,6.227577455644468102e-03,-5.526659594968235279e-05,-5.526659594968579513e-05,-5.526659594967271694e-05,-5.526659594965829705e-05
2.604837197675145388e-03,0.000000000000000000e+00,8.091957262380243554e-05,-5.519363303757403782e-04,0.000000000000000000e+00,6.227577912934064916e-03,-5.336315030972833839e-05,-5.336315030973351546e-05,-5.336315030971233963e-05,-5.336315030969632732e-05
2.609836885194675299e-03,0.000000000000000000e+00,8.058182146391485519e-05,-5.530708273413573314e-04,0.000000000000000000e+00,6.227577276073284658e-03,-5.073915177001840399e-05,-5.073915177002541064e-05,-5.073915177000291345e-05,-5.073915176998532905e-05
2.614836572714205210e-03,0.000000000000000000e+00,8.038182044375547018e-05,-5.542050790876276115e-04,0.000000000000000000e+00,6.227575825242187904e-03,-4.734245620903698671e-05,-4.734245620904559257e-05,-4.734245620902751350e-05,-4.734245620900856706e-05
2.619836260233735555e-03,0.000000000000000000e+00,8.029508364988778709e-05,-5.553390856145514354e-04,0.000000000000000000e+00,6.227574286364408358e-03,-4.316978713700474576e-05,-4.316978713701461877e-05,-4.316978713700552503e-05,-4.316978713698558926e-05
2.624835947753265467e-03,0.000000000000000000e+00,8.029533913934830749e-05,-5.564728469221285863e-04,0.000000000000000000e+00,6.227573162170050095e-03,-3.830291898220711152e-05,-3.830291898221778414e-05,-3.830291898222182279e-05,-3.830291898220139913e-05
2.629835635272795378e-03,0.000000000000000000e+00,8.035810533470461438e-05,-5.576063630103590641e-04,0.000000000000000000e+00,6.227572429623161494e-03,-3.292590485319846645e-05,-3.292590485320947787e-05,-3.292590485323146685e-05,-3.292590485321102964e-05
2.634835322792325289e-03,0.000000000000000000e+00,8.046335966485035720e-05,-5.587396338792429773e-04,0.000000000000000000e+00,6.227571899222418203e-03,-2.731480377255869309e-05,-2.731480377256960965e-05,-2.731480377261487848e-05,-2.731480377259488512e-05
2.639835010311855634e-03,0.000000000000000000e+00,8.059665162674802918e-05,-5.598726595287802175e-04,0.000000000000000000e+00,6.227571680324820239e-03,-2.180069927755374709e-05,-2.180069927756424691e-05,-2.180069927763716628e-05,-2.180069927761792847e-05
2.644834697831385546e-03,0.000000000000000000e+00,8.074853510298780554e-05,-5.610054399589708930e-04,0.000000000000000000e+00,6.227572099745908377e-03,-1.671593982904843914e-05,-1.671593982905835281e-05,-1.671593982915975621e-05,-1.671593982914152467e-05
2.649834385350915457e-03,0.000000000000000000e+00,8.091274026772221671e-05,-5.621379751698150039e-04,0.000000000000000000e+00,6.227573183331151611e-03,-1.233923622491587096e-05,-1.233923622492513411e-05,-1.233923622505044078e-05,-1.233923622503323245e-05
2.654834072870445368e-03,0.000000000000000000e+00,8.108388543816513966e-05,-5.632702651613123333e-04,0.000000000000000000e+00,6.227574423082962371e-03,-8.855542761998140834e-06,-8.855542762006850027e-06,-8.855542762145560143e-06,-8.855542762129300498e-06
2.659833760389975713e-03,0.000000000000000000e+00,8.125561763337858475e-05,-5.644023099334630981e-04,0.000000000000000000e+00,6.227575206961523391e-03,-6.341488009420118382e-06,-6.341488009428468433e-06,-6.341488009566184132e-06,-6.341488009550666488e-06
2.664833447909505625e-03,0.000000000000000000e+00,8.141984703866590668e-05,-5.655341094862672982e-04,0.000000000000000000e+00,6.227575421358632832e-03,-4.778393368726800369e-06,-4.778393368734942050e-06,-4.778393368856819926e-06,-4.778393368841891818e-06
2.669833135429035536e-03,0.000000000000000000e+00,8.156729536711063925e-05,-5.666656638197248253e-04,0.000000000000000000e+00,6.227575470654585568e-03,-4.085736700801412014e-06,-4.085736700809619763e-06,-4.085736700904075795e-06,-4.085736700889500052e-06
2.674832822948565881e-03,0.000000000000000000e+00,8.168907730041731160e-05,-5.677969729338357878e-04,0.000000000000000000e+00,6.227575664147761043e-03,-4.161505854821841494e-06,-4.161505854830230508e-06,-4.161505854891391369e-06,-4.161505854876974868e-06
2.679832510468095792e-03,0.000000000000000000e+00,8.177865822723526549e-05,-5.689280368286000773e-04,0.000000000000000000e+00,6.227575728078147202e-03,-4.914432667343265112e-06,-4.914432667352031903e-06,-4.914432667379948415e-06,-4.914432667365542078e-06
2.684832197987625704e-03,0.000000000000000000e+00,8.183341034555434369e-05,-5.700588555040176936e-04,0.000000000000000000e+00,6.227575083334706274e-03,-6.277002452679387550e-06,-6.277002452688610045e-06,-6.277002452687779953e-06,-6.277002452673261808e-06
2.689831885507155615e-03,0.000000000000000000e+00,8.185515737444993287e-05,-5.711894289600888538e-04,0.000000000000000000e+00,6.227573600048975921e-03,-8.195895098673151868e-06,-8.195895098682879195e-06,-8.195895098659802629e-06,-8.195895098645142183e-06
2.694831573026685960e-03,0.000000000000000000e+00,8.184948526587148068e-05,-5.723197571968133409e-04,0.000000000000000000e+00,6.227571931955931152e-03,-1.060528737907030626e-05,-1.060528737908052147e-05,-1.060528737904183240e-05,-1.060528737902706014e-05
2.699831260546215871e-03,0.000000000000000000e+00,8.182405556663124684e-05,-5.734498402141910466e-04,0.000000000000000000e+00,6.227571004791754121e-03,-1.339507232508349983e-05,-1.339507232509420633e-05,-1.339507232504591868e-05,-1.339507232503099057e-05
2.704830948065745783e-03,0.000000000000000000e+00,8.178652092212320584e-05,-5.745796780122221876e-04,0.000000000000000000e+00,6.227571220583274191e-03,-1.638817948393307992e-05,-1.638817948394421671e-05,-1.638817948389156853e-05,-1.638817948387655911e-05
2.709830635585275694e-03,0.000000000000000000e+00,8.174277918804425042e-05,-5.757092705909066556e-04,0.000000000000000000e+00,6.227572243928101471e-03,-1.933809066326292166e-05,-1.933809066327438710e-05,-1.933809066322234201e-05,-1.933809066320734614e-05
2.714830323104806039e-03,0.000000000000000000e+00,8.169616827971234747e-05,-5.768386179502446674e-04,0.000000000000000000e+00,6.227573505022042551e-03,-2.195048768958395962e-05,-2.195048768959561480e-05,-2.195048768954857059e-05,-2.195048768953373734e-05
2.719830010624335950e-03,0.000000000000000000e+00,8.164785059009750136e-05,-5.779677200902358977e-04,0.000000000000000000e+00,6.227574716765899715e-03,-2.392432843297637532e-05,-2.392432843298797967e-05,-2.392432843294926348e-05,-2.392432843293477583e-05
2.724829698143865862e-03,0.000000000000000000e+00,8.159819268975843673e-05,-5.790965770108804549e-04,0.000000000000000000e+00,6.227575798540030926e-03,-2.500061540301427171e-05,-2.500061540302559145e-05,-2.500061540299645013e-05,-2.500061540298256557e-05
2.729829385663395773e-03,0.000000000000000000e+00,8.154857189558739096e-05,-5.802251887121785559e-04,0.000000000000000000e+00,6.227576461205150751e-03,-2.500418867525192870e-05,-2.500418867526273006e-05,-2.500418867524200486e-05,-2.500418867522895039e-05
2.734829073182926118e-03,0.000000000000000000e+00,8.150286872617699312e-05,-5.813535551941299839e-04,0.000000000000000000e+00,6.227576185533484701e-03,-2.386605417285133277e-05,-2.386605417286136841e-05,-2.386605417284574235e-05,-2.386605417283373142e-05
2.739828760702456029e-03,0.000000000000000000e+00,8.146799439900589837e-05,-5.824816764567347389e-04,0.000000000000000000e+00,6.227574776969145749e-03,-2.162023842246104760e-05,-2.162023842247020233e-05,-2.162023842245539958e-05,-2.162023842244456095e-05
2.744828448221985941e-03,0.000000000000000000e+00,8.145312560855484218e-05,-5.836095524999929292e-04,0.000000000000000000e+00,6.227572820864224479e-03,-1.837761509207252818e-05,-1.837761509208074101e-05,-1.837761509206254674e-05,-1.837761509205292784e-05
2.749828135741516286e-03,0.000000000000000000e+00,8.146776592953084307e-05,-5.847371833239044464e-04,0.000000000000000000e+00,6.227571354788292816e-03,-1.428657907021913190e-05,-1.428657907022646721e-05,-1.428657907020150345e-05,-1.428657907019304498e-05
2.754827823261046197e-03,0.000000000000000000e+00,8.151917408951795123e-05,-5.858645689284693991e-04,0.000000000000000000e+00,6.227570996507859717e-03,-9.494257142299750195e-06,-9.494257142306401098e-06,-9.494257142272136921e-06,-9.494257142264662702e-06
2.759827510780576108e-03,0.000000000000000000e+00,8.160995304186593601e-05,-5.869917093136877871e-04,0.000000000000000000e+00,6.227571469399940246e-03,-4.120871250041670112e-06,-4.120871250047772138e-06,-4.120871250002289856e-06,-4.120871249995557639e-06
2.764827198300106020e-03,0.000000000000000000e+00,8.173659467247284974e-05,-5.881186044795593936e-04,0.000000000000000000e+00,6.227572037062477014e-03,1.745598072050313394e-06,1.745598072044465479e-06,1.745598072102615985e-06,1.745598072108873864e-06
2.769826885819636365e-03,0.000000000000000000e+00,8.188952008618467803e-05,-5.892452544260844355e-04,0.000000000000000000e+00,6.227572305371332183e-03,8.035112567801548024e-06,8.035112567795772953e-06,8.035112567866889839e-06,8.035112567872820764e-06
2.774826573339166276e-03,0.000000000000000000e+00,8.205472422950818958e-05,-5.903716591532629128e-04,0.000000000000000000e+00,6.227572473691795653e-03,1.466960693594468354e-05,1.466960693593886781e-05,1.466960693602079114e-05,1.466960693602659671e-05
2.779826260858696187e-03,0.000000000000000000e+00,8.221666163881574359e-05,-5.914978186610947170e-04,0.000000000000000000e+00,6.227572857170449866e-03,2.153748384601795974e-05,2.153748384601204406e-05,2.153748384609917326e-05,2.153748384610489920e-05
2.784825948378226099e-03,0.000000000000000000e+00,8.236164507068602847e-05,-5.926237329495799566e-04,0.000000000000000000e+00,6.227573393955946127e-03,2.848029737710472715e-05,2.848029737709877082e-05,2.848029737718189863e-05,2.848029737718753987e-05
2.789825635897756444e-03,0.000000000000000000e+00,8.248088351773746950e-05,-5.937494020187185232e-04,0.000000000000000000e+00,6.227573776637386482e-03,3.529858896843600608e-05,3.529858896843007684e-05,3.529858896849767685e-05,3.529858896850315207e-05
2.794825323417286355e-03,0.000000000000000000e+00,8.257240317119020768e-05,-5.948748258685104167e-04,0.000000000000000000e+00,6.227573956650825533e-03,4.177652943202444006e-05,4.177652943201867346e-05,4.177652943205940558e-05,4.177652943206459620e-05
2.799825010936816266e-03,0.000000000000000000e+00,8.264143365516373678e-05,-5.960000044989558540e-04,0.000000000000000000e+00,6.227574255923237941e-03,4.771785391598783687e-05,4.771785391598242941e-05,4.771785391598793851e-05,4.771785391599270900e-05
2.804824698456346611e-03,0.000000000000000000e+00,8.269929226427264065e-05,-5.971249379100546182e-04,0.000000000000000000e+00,6.227574859818766143e-03,5.298115676206699085e-05,5.298115676206208483e-05,5.298115676202904377e-05,5.298115676203325861e-05
2.809824385975876523e-03,0.000000000000000000e+00,8.276121726123396272e-05,-5.982496261018066010e-04,0.000000000000000000e+00,6.227575350566138569e-03,5.750251321848668979e-05,5.750251321848244784e-05,5.750251321841311989e-05,5.750251321841663677e-05
2.814824073495406434e-03,0.000000000000000000e+00,8.284385670270009267e-05,-5.993740690742121275e-04,0.000000000000000000e+00,6.227574991777504350e-03,6.129760874056104398e-05,6.129760874055766940e-05,6.129760874045868174e-05,6.129760874046136514e-05
2.819823761014936345e-03,0.000000000000000000e+00,8.296313622155084271e-05,-6.004982668272709810e-04,0.000000000000000000e+00,6.227573567341443059e-03,6.444252913855918541e-05,6.444252913855677306e-05,6.444252913843729399e-05,6.444252913843898805e-05
2.824823448534466690e-03,0.000000000000000000e+00,8.313301188238639674e-05,-6.016222193609832699e-04,0.000000000000000000e+00,6.227571827752808459e-03,6.703958122032705488e-05,6.703958122032579450e-05,6.703958122019521590e-05,6.703958122019582576e-05
2.829823136053996602e-03,0.000000000000000000e+00,8.336524470730927866e-05,-6.027459266753487773e-04,0.000000000000000000e+00,6.227570967765887373e-03,6.917942121974180814e-05,6.917942121974188945e-05,6.917942121960847838e-05,6.917942121960781430e-05
2.834822823573526513e-03,0.000000000000000000e+00,8.366994377127247827e-05,-6.038693887703676117e-04,0.000000000000000000e+00,6.227571641671481896e-03,7.091169115122159449e-05,7.091169115122316659e-05,7.091169115109344180e-05,7.091169115109136826e-05
2.839822511093056424e-03,0.000000000000000000e+00,8.405635180067898423e-05,-6.049926056460399899e-04,0.000000000000000000e+00,6.227573523205885871e-03,7.223307794461172730e-05,7.223307794461492569e-05,7.223307794449387452e-05,7.223307794449035086e-05
2.844822198612586769e-03,0.000000000000000000e+00,8.453328552881024299e-05,-6.061155773023656950e-04,0.000000000000000000e+00,6.227575755434823154e-03,7.309548538674002832e-05,7.309548538674471750e-05,7.309548538663603978e-05,7.309548538663101179e-05
2.849821886132116681e-03,0.000000000000000000e+00,8.510881172175627034e-05,-6.072383037393447270e-04,0.000000000000000000e+00,6.227577650666736402e-03,7.343010890973087701e-05,7.343010890973708407e-05,7.343010890964331413e-05,7.343010890963695800e-05
2.854821573651646592e-03,0.000000000000000000e+00,8.578907518055805593e-05,-6.083607849569771945e-04,0.000000000000000000e+00,6.227578881720068592e-03,7.317805223110047670e-05,7.317805223110791703e-05,7.317805223103061342e-05,7.317805223102313242e-05
2.859821261171176937e-03,0.000000000000000000e+00,8.657657282471579465e-05,-6.094830209552629888e-04,0.000000000000000000e+00,6.227579205370636743e-03,7.231644251276216811e-05,7.231644251277057067e-05,7.231644251270996377e-05,7.231644251270171028e-05
2.864820948690706848e-03,0.000000000000000000e+00,8.746844707698041375e-05,-6.106050117342022186e-04,0.000000000000000000e+00,6.227578369770978700e-03,7.087122120516999165e-05,7.087122120517899053e-05,7.087122120513419943e-05,7.087122120512558002e-05
2.869820636210236760e-03,0.000000000000000000e+00,8.845544507044133674e-05,-6.117267572937948837e-04,0.000000000000000000e+00,6.227576480597093664e-03,6.891295822979942956e-05,6.891295822980864527e-05,6.891295822977771841e-05,6.891295822976903124e-05
2.874820323729766671e-03,0.000000000000000000e+00,8.952202390665362180e-05,-6.128482576340407674e-04,0.000000000000000000e+00,6.227574290786692078e-03,6.653821264011977837e-05,6.653821264012895343e-05,6.653821264010901767e-05,6.653821264010058799e-05
2.879820011249297016e-03,0.000000000000000000e+00,9.064772940444199858e-05,-6.139695127549400864e-04,0.000000000000000000e+00,6.227572799831312088e-03,6.384393495905027634e-05,6.384393495905926167e-05,6.384393495904682045e-05,6.384393495903883801e-05
2.884819698768826927e-03,0.000000000000000000e+00,9.180955868412375893e-05,-6.150905226564928408e-04,0.000000000000000000e+00,6.227572400330674655e-03,6.090449134256369995e-05,6.090449134257251587e-05,6.090449134256380160e-05,6.090449134255618508e-05
2.889819386288356839e-03,0.000000000000000000e+00,9.298468362432810164e-05,-6.162112873386989221e-04,0.000000000000000000e+00,6.227572507104270697e-03,5.775949414082510091e-05,5.775949414083408624e-05,5.775949414082549394e-05,5.775949414081793163e-05
2.894819073807886750e-03,0.000000000000000000e+00,9.415278345643148721e-05,-6.173318068015584388e-04,0.000000000000000000e+00,6.227572173511245097e-03,5.441639848301298686e-05,5.441639848302254139e-05,5.441639848301159095e-05,5.441639848300368983e-05
2.899818761327417095e-03,0.000000000000000000e+00,9.529735994805155468e-05,-6.184520810450712825e-04,0.000000000000000000e+00,6.227571084282669707e-03,5.086637652728845773e-05,5.086637652729915067e-05,5.086637652728530676e-05,5.086637652727655183e-05
2.904818448846947006e-03,0.000000000000000000e+00,9.640574733155348938e-05,-6.195721100692374531e-04,0.000000000000000000e+00,6.227569865083217374e-03,4.710726419700464094e-05,4.710726419701701439e-05,4.710726419700282490e-05,4.710726419699260629e-05
2.909818136366476918e-03,0.000000000000000000e+00,9.746796491860340009e-05,-6.206918938740571675e-04,0.000000000000000000e+00,6.227569424789263300e-03,4.316499665923220384e-05,4.316499665924678636e-05,4.316499665923763840e-05,4.316499665922545468e-05
2.914817823886007263e-03,0.000000000000000000e+00,9.847494212313550677e-05,-6.218114324595302089e-04,0.000000000000000000e+00,6.227570107506367504e-03,3.910563246914492688e-05,3.910563246916194208e-05,3.910563246916564869e-05,3.910563246915122880e-05
2.919817511405537174e-03,0.000000000000000000e+00,9.941684146143453245e-05,-6.229307258256564688e-04,0.000000000000000000e+00,6.227571526731148603e-03,3.503345168347376696e-05,3.503345168349339780e-05,3.503345168351842931e-05,3.503345168350159708e-05
2.924817198925067085e-03,0.000000000000000000e+00,1.002821489163142026e-04,-6.240497739724362725e-04,0.000000000000000000e+00,6.227573065037351509e-03,3.107543683705249606e-05,3.107543683707449182e-05,3.107543683712797009e-05,3.107543683710901688e-05
2.929816886444596997e-03,0.000000000000000000e+00,1.010579153317731505e-04,-6.251685768998694031e-04,0.000000000000000000e+00,6.227574310404207156e-03,2.735701879913153838e-05,2.735701879915542132e-05,2.735701879924133418e-05,2.735701879922070045e-05
2.934816573964127342e-03,0.000000000000000000e+00,1.017311192209326110e-04,-6.262871346079559691e-04,0.000000000000000000e+00,6.227574992624319156e-03,2.397677075519866018e-05,2.397677075522375946e-05,2.397677075534182907e-05,2.397677075532015858e-05
2.939816261483657253e-03,0.000000000000000000e+00,1.022907248540979528e-04,-6.274054470966958620e-04,0.000000000000000000e+00,6.227574773291031512e-03,2.098790841470373072e-05,2.098790841472923319e-05,2.098790841487477039e-05,2.098790841485286950e-05
2.944815949003187164e-03,0.000000000000000000e+00,1.027297651365949093e-04,-6.285235143660889735e-04,0.000000000000000000e+00,6.227573432272848729e-03,1.839206158745567169e-05,1.839206158748084213e-05,1.839206158764535964e-05,1.839206158762392632e-05
2.949815636522717076e-03,0.000000000000000000e+00,1.030467662042421317e-04,-6.296413364161356288e-04,0.000000000000000000e+00,6.227571346834662007e-03,1.614672145537693001e-05,1.614672145540111450e-05,1.614672145557363139e-05,1.614672145555330599e-05
2.954815324042247421e-03,0.000000000000000000e+00,1.032460477772468064e-04,-6.307589132468356110e-04,0.000000000000000000e+00,6.227569582945062521e-03,1.418343694259420206e-05,1.418343694261704993e-05,1.418343694278545024e-05,1.418343694276660207e-05
2.959815011561777332e-03,0.000000000000000000e+00,1.033367997452787508e-04,-6.318762448581889202e-04,0.000000000000000000e+00,6.227569246633100734e-03,1.243064394766038702e-05,1.243064394768186100e-05,1.243064394783452514e-05,1.243064394781713894e-05
2.964814699081307244e-03,0.000000000000000000e+00,1.033312229433869950e-04,-6.329933312501956648e-04,0.000000000000000000e+00,6.227570629095244628e-03,1.083393001089341304e-05,1.083393001091376555e-05,1.083393001104102039e-05,1.083393001102477769e-05
2.969814386600837589e-03,0.000000000000000000e+00,1.032423001486271425e-04,-6.341101724228557363e-04,0.000000000000000000e+00,6.227573013010371562e-03,9.367801108796331789e-06,9.367801108816155748e-06,9.367801108911394438e-06,9.367801108895754822e-06
2.974814074120367500e-03,0.000000000000000000e+00,1.030818437576331095e-04,-6.352267683761692431e-04,0.000000000000000000e+00,6.227575327618951016e-03,8.036098606418654763e-06,8.036098606438671845e-06,8.036098606499044965e-06,8.036098606483225778e-06
2.979813761639897411e-03,0.000000000000000000e+00,1.028593314497176466e-04,-6.363431191101361854e-04,0.000000000000000000e+00,6.227576937572193785e-03,6.862030909263378865e-06,6.862030909284327684e-06,6.862030909310622975e-06,6.862030909293846640e-06
2.984813449159427323e-03,0.000000000000000000e+00,1.025817456349372564e-04,-6.374592246247563461e-04,0.000000000000000000e+00,6.227577796093320371e-03,5.872074318093749903e-06,5.872074318116303002e-06,5.872074318112013627e-06,5.872074318093614378e-06
2.989813136678957668e-03,0.000000000000000000e+00,1.022542832126832862e-04,-6.385750849200299423e-04,0.000000000000000000e+00,6.227578009398943536e-03,5.079729779913838824e-06,5.079729779938363816e-06,5.079729779908328028e-06,5.079729779887877264e-06
2.994812824198487579e-03,0.000000000000000000e+00,1.018815191530893151e-04,-6.396906999959569738e-04,0.000000000000000000e+00,6.227577511749023999e-03,4.474811889837808072e-06,4.474811889864398131e-06,4.474811889813562601e-06,4.474811889790977315e-06
2.999812511718017490e-03,0.000000000000000000e+00,1.014684836510009066e-04,-6.408060698525373322e-04,0.000000000000000000e+00,6.227576261374588064e-03,4.021784004302487507e-06,4.021784004330856334e-06,4.021784004263842475e-06,4.021784004239368305e-06
3.004812199237547402e-03,0.000000000000000000e+00,1.010211843823473967e-04,-6.419211944897711261e-04,0.000000000000000000e+00,6.227574582148938907e-03,3.667415090373669567e-06,3.667415090403263204e-06,3.667415090324868611e-06,3.667415090299059517e-06
3.009811886757077747e-03,0.000000000000000000e+00,1.005463424931405606e-04,-6.430360739076582469e-04,0.000000000000000000e+00,6.227573053419709764e-03,3.354813242474288492e-06,3.354813242504298022e-06,3.354813242420336728e-06,3.354813242393982992e-06
3.014811574276607658e-03,0.000000000000000000e+00,1.000504287457992456e-04,-6.441507081061986946e-04,0.000000000000000000e+00,6.227571978474882169e-03,3.038739476670932114e-06,3.038739476700466459e-06,3.038739476618176361e-06,3.038739476592152121e-06
3.019811261796137569e-03,0.000000000000000000e+00,9.953837480244933874e-05,-6.452650970853926861e-04,0.000000000000000000e+00,6.227571092088601823e-03,2.696700862286446112e-06,2.696700862314655697e-06,2.696700862241997211e-06,2.696700862217145264e-06
3.024810949315667914e-03,0.000000000000000000e+00,9.901249488631947175e-05,-6.463792408452400046e-04,0.000000000000000000e+00,6.227569938160085715e-03,2.331762286219022441e-06,2.331762286245331285e-06,2.331762286188885009e-06,2.331762286165749151e-06
3.029810636835197826e-03,0.000000000000000000e+00,9.847212862575115166e-05,-6.474931393857405416e-04,0.000000000000000000e+00,6.227568522568268337e-03,1.965803030458234733e-06,1.965803030482278610e-06,1.965803030444570397e-06,1.965803030423511464e-06
3.034810324354727737e-03,0.000000000000000000e+00,9.791431072295457994e-05,-6.486067927068946224e-04,0.000000000000000000e+00,6.227567475466118559e-03,1.625155415794243174e-06,1.625155415816059354e-06,1.625155415793658721e-06,1.625155415774637749e-06
3.039810011874257648e-03,0.000000000000000000e+00,9.733545016433827629e-05,-6.497202008087020302e-04,0.000000000000000000e+00,6.227567520130746458e-03,1.323153454352886865e-06,1.323153454372819244e-06,1.323153454356623974e-06,1.323153454339261493e-06
3.044809699393787993e-03,0.000000000000000000e+00,9.673366317050274897e-05,-6.508333636911628733e-04,0.000000000000000000e+00,6.227568840587497344e-03,1.045257906098818627e-06,1.045257906117429635e-06,1.045257906094962933e-06,1.045257906078686348e-06
3.049809386913317905e-03,0.000000000000000000e+00,9.611115928995231047e-05,-6.519462813542770433e-04,0.000000000000000000e+00,6.227571000202640310e-03,7.417523696382449891e-07,7.417523696562562977e-07,7.417523696158020042e-07,7.417523695998743966e-07
3.054809074432847816e-03,0.000000000000000000e+00,9.547601083669337804e-05,-6.530589537980445404e-04,0.000000000000000000e+00,6.227573374578410960e-03,3.307451991215418381e-07,3.307451991396480144e-07,3.307451990741452626e-07,3.307451990578957825e-07
3.059808761952377727e-03,0.000000000000000000e+00,9.484277011495749281e-05,-6.541713810224654728e-04,0.000000000000000000e+00,6.227575522872901177e-03,-2.889131031180235500e-07,-2.889131030992804050e-07,-2.889131031901331589e-07,-2.889131032072872701e-07
3.064808449471908072e-03,0.000000000000000000e+00,9.423170031150531888e-05,-6.552835630275397321e-04,0.000000000000000000e+00,6.227577158478471431e-03,-1.218191001563849831e-06,-1.218191001544120740e-06,-1.218191001653980913e-06,-1.218191001672337811e-06
3.069808136991437984e-03,0.000000000000000000e+00,9.366676422079490332e-05,-6.563954998132673184e-04,0.000000000000000000e+00,6.227577988096875787e-03,-2.537256417432174867e-06,-2.537256417411493711e-06,-2.537256417529939410e-06,-2.537256417549543140e-06
3.074807824510967895e-03,0.000000000000000000e+00,9.317285334384055838e-05,-6.575071913796483401e-04,0.000000000000000000e+00,6.227577831368492044e-03,-4.289317029712858269e-06,-4.289317029691387678e-06,-4.289317029807126260e-06,-4.289317029827790476e-06
3.079807512030498240e-03,0.000000000000000000e+00,9.277293235771653002e-05,-6.586186377266826887e-04,0.000000000000000000e+00,6.227576950094443516e-03,-6.473145760568502140e-06,-6.473145760546672407e-06,-6.473145760649981628e-06,-6.473145760671316693e-06
3.084807199550028151e-03,0.000000000000000000e+00,9.248576012583974658e-05,-6.597298388543704727e-04,0.000000000000000000e+00,6.227576093820337208e-03,-9.045853777116188789e-06,-9.045853777094475947e-06,-9.045853777178174661e-06,-9.045853777199633393e-06
3.089806887069558063e-03,0.000000000000000000e+00,9.232463454868836659e-05,-6.608407947627116920e-04,0.000000000000000000e+00,6.227576014079035972e-03,-1.193440695730468555e-05,-1.193440695728362831e-05,-1.193440695734239715e-05,-1.193440695736347303e-05
3.094806574589087974e-03,0.000000000000000000e+00,9.229726678908960029e-05,-6.619515054517061299e-04,0.000000000000000000e+00,6.227576843717630775e-03,-1.505186526573238739e-05,-1.505186526571252955e-05,-1.505186526574242474e-05,-1.505186526576259090e-05
3.099806262108618319e-03,0.000000000000000000e+00,9.240653569743122078e-05,-6.630619709213540032e-04,0.000000000000000000e+00,6.227577976062600301e-03,-1.831312351587431240e-05,-1.831312351585601648e-05,-1.831312351585421061e-05,-1.831312351587310622e-05
3.104805949628148230e-03,0.000000000000000000e+00,9.265162482948806723e-05,-6.641721911716553118e-04,0.000000000000000000e+00,6.227578586046686980e-03,-2.164539322819147762e-05,-2.164539322817502485e-05,-2.164539322814064886e-05,-2.164539322815806047e-05
3.109805637147678142e-03,0.000000000000000000e+00,9.302898463629406659e-05,-6.652821662026099474e-04,0.000000000000000000e+00,6.227578272394100438e-03,-2.499061793128141653e-05,-2.499061793126681707e-05,-2.499061793120243240e-05,-2.499061793121827531e-05
3.114805324667208053e-03,0.000000000000000000e+00,9.353270737772200220e-05,-6.663918960142180183e-04,0.000000000000000000e+00,6.227577225648235973e-03,-2.829982993968171154e-05,-2.829982993966893829e-05,-2.829982993958118567e-05,-2.829982993959552425e-05
3.119805012186738398e-03,0.000000000000000000e+00,9.415419552105241258e-05,-6.675013806064794162e-04,0.000000000000000000e+00,6.227575887567775303e-03,-3.152224542427243794e-05,-3.152224542426124355e-05,-3.152224542415998584e-05,-3.152224542417303692e-05
3.124804699706268309e-03,0.000000000000000000e+00,9.488133595900936608e-05,-6.686106199793941411e-04,0.000000000000000000e+00,6.227574574893632309e-03,-3.459377594543737834e-05,-3.459377594542750533e-05,-3.459377594532365231e-05,-3.459377594533568696e-05
3.129804387225798221e-03,0.000000000000000000e+00,9.569763822889466268e-05,-6.697196141329624097e-04,0.000000000000000000e+00,6.227573432896147017e-03,-3.743000327434176821e-05,-3.743000327433286420e-05,-3.743000327423557738e-05,-3.743000327424697506e-05
3.134804074745328566e-03,0.000000000000000000e+00,9.658186183291410506e-05,-6.708283630671840053e-04,0.000000000000000000e+00,6.227572586463382860e-03,-3.992737441945619966e-05,-3.992737441944805459e-05,-3.992737441936299215e-05,-3.992737441937395615e-05
3.139803762264858477e-03,0.000000000000000000e+00,9.750851808305693966e-05,-6.719368667820588194e-04,0.000000000000000000e+00,6.227572139822861418e-03,-4.197378901959773127e-05,-4.197378901959022995e-05,-4.197378901951916050e-05,-4.197378901952985344e-05
3.144803449784388388e-03,0.000000000000000000e+00,9.844933460760844511e-05,-6.730451252775871774e-04,0.000000000000000000e+00,6.227571984018914417e-03,-4.346664601256384390e-05,-4.346664601255693889e-05,-4.346664601249936776e-05,-4.346664601250974899e-05
3.149803137303918300e-03,0.000000000000000000e+00,9.937542433049371916e-05,-6.741531385537688622e-04,0.000000000000000000e+00,6.227571737184662594e-03,-4.433375314784364840e-05,-4.433375314783755654e-05,-4.433375314779234531e-05,-4.433375314780223187e-05
3.154802824823448645e-03,0.000000000000000000e+00,1.002596340713400331e-04,-6.752609066106039825e-04,0.000000000000000000e+00,6.227571036283387207e-03,-4.455114567961114319e-05,-4.455114567960616941e-05,-4.455114567957299283e-05,-4.455114567958207302e-05
3.159802512342978556e-03,0.000000000000000000e+00,1.010784622360498753e-04,-6.763684294480924297e-04,0.000000000000000000e+00,6.227569938075494527e-03,-4.415230556503459250e-05,-4.415230556503104851e-05,-4.415230556500992690e-05,-4.415230556501783480e-05
3.164802199862508467e-03,0.000000000000000000e+00,1.018130663474108781e-04,-6.774757070662342038e-04,0.000000000000000000e+00,6.227568980058245662e-03,-4.322547454781358177e-05,-4.322547454781192836e-05,-4.322547454780141838e-05,-4.322547454780772708e-05
3.169801887382038379e-03,0.000000000000000000e+00,1.024491858582151786e-04,-6.785827394650294133e-04,0.000000000000000000e+00,6.227568793181609101e-03,-4.189910934020771836e-05,-4.189910934020821980e-05,-4.189910934020395753e-05,-4.189910934020842309e-05
3.174801574901568724e-03,0.000000000000000000e+00,1.029761758540527261e-04,-6.796895266444780582e-04,0.000000000000000000e+00,6.227569640950706212e-03,-4.031902677893949005e-05,-4.031902677894225477e-05,-4.031902677893662370e-05,-4.031902677893904282e-05
3.179801262421098635e-03,0.000000000000000000e+00,1.033856495276253972e-04,-6.807960686045800300e-04,0.000000000000000000e+00,6.227571305214849376e-03,-3.862331552074306344e-05,-3.862331552074815919e-05,-3.862331552073186905e-05,-3.862331552073214010e-05
3.184800949940628546e-03,0.000000000000000000e+00,1.036703514072261957e-04,-6.819023653453353288e-04,0.000000000000000000e+00,6.227573327117021107e-03,-3.692178022685374094e-05,-3.692178022686107964e-05,-3.692178022682650714e-05,-3.692178022682481307e-05
3.189800637460158891e-03,0.000000000000000000e+00,1.038237822186917683e-04,-6.830084168667439545e-04,0.000000000000000000e+00,6.227575269281204924e-03,-3.528521846561091585e-05,-3.528521846562026709e-05,-3.528521846556499311e-05,-3.528521846556141524e-05
3.194800324979688803e-03,0.000000000000000000e+00,1.038408033638889847e-04,-6.841142231688060156e-04,0.000000000000000000e+00,6.227576772817437073e-03,-3.374659464323283232e-05,-3.374659464324404026e-05,-3.374659464317253713e-05,-3.374659464316719744e-05
3.199800012499218714e-03,0.000000000000000000e+00,1.037190662887548952e-04,-6.852197842515215121e-04,0.000000000000000000e+00,6.227577524512593714e-03,-3.231217916046286474e-05,-3.231217916047576674e-05,-3.231217916039858510e-05,-3.231217916039163943e-05
3.204799700018748625e-03,0.000000000000000000e+00,1.034607737234033149e-04,-6.863251001148902271e-04,0.000000000000000000e+00,6.227577351237083454e-03,-3.097730251986758048e-05,-3.097730251988222398e-05,-3.097730251981299090e-05,-3.097730251980438504e-05
3.209799387538278970e-03,0.000000000000000000e+00,1.030741050295037533e-04,-6.874301707589123775e-04,0.000000000000000000e+00,6.227576411931779778e-03,-2.973976017510112082e-05,-2.973976017511758036e-05,-2.973976017506891662e-05,-2.973976017505854216e-05
3.214799075057808882e-03,0.000000000000000000e+00,1.025736893323170122e-04,-6.885349961835879632e-04,0.000000000000000000e+00,6.227575223306625746e-03,-2.860477046512815188e-05,-2.860477046514666802e-05,-2.860477046512668821e-05,-2.860477046511427070e-05
3.219798762577338793e-03,0.000000000000000000e+00,1.019797729684995445e-04,-6.896395763889168759e-04,0.000000000000000000e+00,6.227574368831593349e-03,-2.757857578950855334e-05,-2.757857578952939035e-05,-2.757857578954055764e-05,-2.757857578952573117e-05
3.224798450096868704e-03,0.000000000000000000e+00,1.013161160512169933e-04,-6.907439113748992240e-04,0.000000000000000000e+00,6.227574087843811695e-03,-2.665228156481151369e-05,-2.665228156483493923e-05,-2.665228156487461087e-05,-2.665228156485716538e-05
3.229798137616399049e-03,0.000000000000000000e+00,1.006070397701929652e-04,-6.918480011415348990e-04,0.000000000000000000e+00,6.227574114170277876e-03,-2.578179237596751934e-05,-2.578179237599362490e-05,-2.578179237605658994e-05,-2.578179237603633230e-05
3.234797825135928961e-03,0.000000000000000000e+00,9.987430688562052585e-05,-6.929518456888239010e-04,0.000000000000000000e+00,6.227573923067273795e-03,-2.487214229129827635e-05,-2.487214229132704498e-05,-2.487214229140783159e-05,-2.487214229138481262e-05
3.239797512655458872e-03,0.000000000000000000e+00,9.913457155149541194e-05,-6.940554450167664468e-04,0.000000000000000000e+00,6.227573172295724699e-03,-2.377408182671305847e-05,-2.377408182674419878e-05,-2.377408182683847016e-05,-2.377408182681293043e-05
3.244797200174989217e-03,0.000000000000000000e+00,9.839796838751954655e-05,-6.951587991253623195e-04,0.000000000000000000e+00,6.227571969922442163e-03,-2.229739858421713193e-05,-2.229739858425017977e-05,-2.229739858435479511e-05,-2.229739858432718523e-05
3.249796887694519128e-03,0.000000000000000000e+00,9.766808206330898905e-05,-6.962619080146114107e-04,0.000000000000000000e+00,6.227570792708684265e-03,-2.024010031051954041e-05,-2.024010031055387574e-05,-2.024010031066571797e-05,-2.024010031063662408e-05
3.254796575214049040e-03,0.000000000000000000e+00,9.694315411408039424e-05,-6.973647716845140457e-04,0.000000000000000000e+00,6.227570181988352320e-03,-1.742704979787743156e-05,-1.742704979791245129e-05,-1.742704979802715311e-05,-1.742704979799720880e-05
3.259796262733578951e-03,0.000000000000000000e+00,9.621806302229650757e-05,-6.984673901350700077e-04,0.000000000000000000e+00,6.227570459484917977e-03,-1.374787363987422514e-05,-1.374787363990940411e-05,-1.374787364002075167e-05,-1.374787363999045331e-05
3.264795950253109296e-03,0.000000000000000000e+00,9.548645128483286755e-05,-6.995697633662794051e-04,0.000000000000000000e+00,6.227571590191815880e-03,-9.183421958117653997e-06,-9.183421958152721161e-06,-9.183421958253016638e-06,-9.183421958222625096e-06
3.269795637772639207e-03,0.000000000000000000e+00,9.474240984992513860e-05,-7.006718913781421294e-04,0.000000000000000000e+00,6.227573178332591018e-03,-3.813111542166456915e-06,-3.813111542201460128e-06,-3.813111542282978155e-06,-3.813111542252464640e-06
3.274795325292169119e-03,0.000000000000000000e+00,9.398134228899358335e-05,-7.017737741706581807e-04,0.000000000000000000e+00,6.227574576243771927e-03,2.198754386605959264e-06,2.198754386570681189e-06,2.198754386513874078e-06,2.198754386544856425e-06
3.279795012811699030e-03,0.000000000000000000e+00,9.319994069704681545e-05,-7.028754117438276673e-04,0.000000000000000000e+00,6.227575135537067631e-03,8.633039928570459930e-06,8.633039928534298399e-06,8.633039928504750502e-06,8.633039928536792064e-06
3.284794700331229375e-03,0.000000000000000000e+00,9.239550772541230334e-05,-7.039768040976505893e-04,0.000000000000000000e+00,6.227574562836320562e-03,1.525248027762191658e-05,1.525248027758417279e-05,1.525248027758037809e-05,1.525248027761416284e-05
3.289794387850759286e-03,0.000000000000000000e+00,9.156505667526460110e-05,-7.050779512321268382e-04,0.000000000000000000e+00,6.227573175122227619e-03,2.183355551917446990e-05,2.183355551913450349e-05,2.183355551915125442e-05,2.183355551918744305e-05
3.294794075370289198e-03,0.000000000000000000e+00,9.070465483470686277e-05,-7.061788531472564141e-04,0.000000000000000000e+00,6.227571807231772200e-03,2.818431594476814359e-05,2.818431594472551411e-05,2.818431594475530934e-05,2.818431594479432029e-05
3.299793762889819543e-03,0.000000000000000000e+00,8.980934129770790292e-05,-7.072795098430394254e-04,0.000000000000000000e+00,6.227571346378003858e-03,3.414448609107964338e-05,3.414448609103425597e-05,3.414448609106911307e-05,3.414448609111101071e-05
3.304793450409349454e-03,0.000000000000000000e+00,8.887370265551367639e-05,-7.083799213194757636e-04,0.000000000000000000e+00,6.227572186747483592e-03,3.957105149284294629e-05,3.957105149279508554e-05,3.957105149282831634e-05,3.957105149287280251e-05
3.309793137928879365e-03,0.000000000000000000e+00,8.789291924785356874e-05,-7.094800875765655372e-04,0.000000000000000000e+00,6.227573992871628800e-03,4.431824060236994842e-05,4.431824060232027163e-05,4.431824060234765451e-05,4.431824060239411935e-05
3.314792825448409277e-03,0.000000000000000000e+00,8.686389901931386654e-05,-7.105800086143085293e-04,0.000000000000000000e+00,6.227575925829753958e-03,4.822320850494228405e-05,4.822320850489169924e-05,4.822320850491198060e-05,4.822320850495943477e-05
3.319792512967939622e-03,0.000000000000000000e+00,8.578606678432434919e-05,-7.116796844327049568e-04,0.000000000000000000e+00,6.227577142755952658e-03,5.110681755304268838e-05,5.110681755299220522e-05,5.110681755300659123e-05,5.110681755305408606e-05
3.324792200487469533e-03,0.000000000000000000e+00,8.466149357292868430e-05,-7.127791150317548197e-04,0.000000000000000000e+00,6.227577226983664269e-03,5.279325888461213314e-05,5.279325888456263931e-05,5.279325888457447066e-05,5.279325888462102359e-05
3.329791888006999444e-03,0.000000000000000000e+00,8.349429379367853709e-05,-7.138783004114580095e-04,0.000000000000000000e+00,6.227576322428689942e-03,5.314483403823674722e-05,5.314483403818896778e-05,5.314483403820287268e-05,5.314483403824781963e-05
3.334791575526529356e-03,0.000000000000000000e+00,8.228950011118358308e-05,-7.149772405718146347e-04,0.000000000000000000e+00,6.227574971372028430e-03,5.210170650224600343e-05,5.210170650220027720e-05,5.210170650222188671e-05,5.210170650226488888e-05
3.339791263046059701e-03,0.000000000000000000e+00,8.105184242882307777e-05,-7.160759355128245868e-04,0.000000000000000000e+00,6.227573802527546290e-03,4.971328793500054600e-05,4.971328793495669002e-05,4.971328793499219087e-05,4.971328793503341766e-05
3.344790950565589612e-03,0.000000000000000000e+00,7.978492287991377279e-05,-7.171743852344878659e-04,0.000000000000000000e+00,6.227573234269425176e-03,4.614944860612746000e-05,4.614944860608495927e-05,4.614944860614044332e-05,4.614944860618034196e-05
3.349790638085119523e-03,0.000000000000000000e+00,7.849115938460503306e-05,-7.182725897368046888e-04,0.000000000000000000e+00,6.227573305884631129e-03,4.168558788644057634e-05,4.168558788639875325e-05,4.168558788647879447e-05,4.168558788651809002e-05
3.354790325604649435e-03,0.000000000000000000e+00,7.717259876653183878e-05,-7.193705490197748386e-04,0.000000000000000000e+00,6.227573690690318443e-03,3.666384409709630822e-05,3.666384409705423440e-05,3.666384409716033713e-05,3.666384409719993084e-05
3.359790013124179780e-03,0.000000000000000000e+00,7.583236754834234920e-05,-7.204682630833982070e-04,0.000000000000000000e+00,6.227573889171735509e-03,3.144051670696609038e-05,3.144051670692297979e-05,3.144051670705200663e-05,3.144051670709270487e-05
3.364789700643709691e-03,0.000000000000000000e+00,7.447625354559791121e-05,-7.215657319276751192e-04,0.000000000000000000e+00,6.227573529523224884e-03,2.633435156285564565e-05,2.633435156281094941e-05,2.633435156295463331e-05,2.633435156299696462e-05
3.369789388163239603e-03,0.000000000000000000e+00,7.311379970702465739e-05,-7.226629555526053583e-04,0.000000000000000000e+00,6.227572625559728813e-03,2.159001392294042200e-05,2.159001392289400798e-05,2.159001392304011439e-05,2.159001392308425158e-05
3.374789075682769948e-03,0.000000000000000000e+00,7.175839572184496769e-05,-7.237599339581890327e-04,0.000000000000000000e+00,6.227571620323394536e-03,1.736586616352297954e-05,1.736586616347509168e-05,1.736586616361000032e-05,1.736586616365566556e-05
3.379788763202299859e-03,0.000000000000000000e+00,7.042615014790386859e-05,-7.248566671444260342e-04,0.000000000000000000e+00,6.227571145376290321e-03,1.374683664566237054e-05,1.374683664561367122e-05,1.374683664572555919e-05,1.374683664577208333e-05
3.384788450721829770e-03,0.000000000000000000e+00,6.913372299833435517e-05,-7.259531551113163625e-04,0.000000000000000000e+00,6.227571622583072224e-03,1.077461537897870318e-05,1.077461537893008688e-05,1.077461537901137833e-05,1.077461537905784655e-05
3.389788138241359682e-03,0.000000000000000000e+00,6.789566238759223138e-05,-7.270493978588601263e-04,0.000000000000000000e+00,6.227572974529984283e-03,8.481668410523645094e-06,8.481668410476194309e-06,8.481668410524146538e-06,8.481668410569503458e-06
3.394787825760890027e-03,0.000000000000000000e+00,6.672199152561947635e-05,-7.281453953870573254e-04,0.000000000000000000e+00,6.227574646154855793e-03,6.914698386984191212e-06,6.914698386938766529e-06,6.914698386954128319e-06,6.914698386997455748e-06
3.399787513280419938e-03,0.000000000000000000e+00,6.561675838319252498e-05,-7.292411476959078515e-04,0.000000000000000000e+00,6.227575909684371185e-03,6.137551234479620793e-06,6.137551234436920168e-06,6.137551234421619365e-06,6.137551234462266782e-06
3.404787200799949849e-03,0.000000000000000000e+00,6.457799421141870633e-05,-7.303366547854117045e-04,0.000000000000000000e+00,6.227576234461734174e-03,6.211662809885198818e-06,6.211662809845486526e-06,6.211662809800814008e-06,6.211662809838500198e-06
3.409786888319479761e-03,0.000000000000000000e+00,6.359911353002519624e-05,-7.314319166555689929e-04,0.000000000000000000e+00,6.227575510981491445e-03,7.161074565113782666e-06,7.161074565076909628e-06,7.161074565003234702e-06,7.161074565038105355e-06
3.414786575839010106e-03,0.000000000000000000e+00,6.267136341778147424e-05,-7.325269333063796082e-04,0.000000000000000000e+00,6.227574066748008640e-03,8.935585963164202053e-06,8.935585963129670213e-06,8.935585963028121127e-06,8.935585963060670910e-06
3.419786263358540017e-03,0.000000000000000000e+00,6.178663403938046785e-05,-7.336217047378437673e-04,0.000000000000000000e+00,6.227572524412526220e-03,1.138731296336005923e-05,1.138731296332714522e-05,1.138731296320201812e-05,1.138731296323288909e-05
3.424785950878069928e-03,0.000000000000000000e+00,6.093987015789138696e-05,-7.347162309499610366e-04,0.000000000000000000e+00,6.227571561303632368e-03,1.427203575791564252e-05,1.427203575788361112e-05,1.427203575774381511e-05,1.427203575777384920e-05
3.429785638397600273e-03,0.000000000000000000e+00,6.013049171557285623e-05,-7.358105119427317412e-04,0.000000000000000000e+00,6.227571622897875962e-03,1.727849116667635091e-05,1.727849116664451263e-05,1.727849116650310556e-05,1.727849116653292790e-05
3.434785325917130185e-03,0.000000000000000000e+00,5.936257469441991966e-05,-7.369045477161558812e-04,0.000000000000000000e+00,6.227572695991716312e-03,2.007903676900707804e-05,2.007903676897507375e-05,2.007903676884583008e-05,2.007903676887583876e-05
3.439785013436660096e-03,0.000000000000000000e+00,5.864393824852598549e-05,-7.379983382702333481e-04,0.000000000000000000e+00,6.227574290598239526e-03,2.238733902485416755e-05,2.238733902482195658e-05,2.238733902471512201e-05,2.238733902474536447e-05
3.444784700956190007e-03,0.000000000000000000e+00,5.798459507750726205e-05,-7.390918836049642504e-04,0.000000000000000000e+00,6.227575696048850452e-03,2.400575869791439428e-05,2.400575869788225446e-05,2.400575869780113242e-05,2.400575869783128341e-05
3.449784388475720352e-03,0.000000000000000000e+00,5.739514966748282939e-05,-7.401851837203484797e-04,0.000000000000000000e+00,6.227576384798908307e-03,2.484811967590478245e-05,2.484811967587327282e-05,2.484811967581337404e-05,2.484811967584292871e-05
3.454784075995250264e-03,0.000000000000000000e+00,5.688564353825134243e-05,-7.412782386163860359e-04,0.000000000000000000e+00,6.227576302935415760e-03,2.493163105980394310e-05,2.493163105977372774e-05,2.493163105972523680e-05,2.493163105975349382e-05
3.459783763514780175e-03,0.000000000000000000e+00,5.646509528867533584e-05,-7.423710482930771359e-04,0.000000000000000000e+00,6.227575847529131896e-03,2.434212743141463145e-05,2.434212743138632022e-05,2.434212743133851029e-05,2.434212743136486318e-05
3.464783451034310086e-03,0.000000000000000000e+00,5.614166974469784186e-05,-7.434636127504215628e-04,0.000000000000000000e+00,6.227575550670964508e-03,2.318584470560409782e-05,2.318584470557815151e-05,2.318584470552371101e-05,2.318584470554770237e-05
3.469783138553840431e-03,0.000000000000000000e+00,5.592315487310108518e-05,-7.445559319884192083e-04,0.000000000000000000e+00,6.227575693308175578e-03,2.154540176548775201e-05,2.154540176546431292e-05,2.154540176540170702e-05,2.154540176542321488e-05
3.474782826073370343e-03,0.000000000000000000e+00,5.581731935750211760e-05,-7.456480060070703976e-04,0.000000000000000000e+00,6.227576106510166430e-03,1.945583235957346025e-05,1.945583235955232847e-05,1.945583235948522652e-05,1.945583235950443723e-05
3.479782513592900254e-03,0.000000000000000000e+00,5.583179984614136063e-05,-7.467398348063749138e-04,0.000000000000000000e+00,6.227576274208461785e-03,1.690895131286594021e-05,1.690895131284673289e-05,1.690895131278143343e-05,1.690895131279873323e-05
3.484782201112430599e-03,0.000000000000000000e+00,5.597338798989527875e-05,-7.478314183863328654e-04,0.000000000000000000e+00,6.227575652555697797e-03,1.388366991264302915e-05,1.388366991262518386e-05,1.388366991256761781e-05,1.388366991258358946e-05
3.489781888631960510e-03,0.000000000000000000e+00,5.624686412511171974e-05,-7.489227567469441439e-04,0.000000000000000000e+00,6.227574008398338926e-03,1.038990900982161455e-05,1.038990900980457055e-05,1.038990900975863596e-05,1.038990900977381309e-05
3.494781576151490422e-03,0.000000000000000000e+00,5.665374948917287397e-05,-7.500138498882087494e-04,0.000000000000000000e+00,6.227571600684603942e-03,6.508142797371177167e-06,6.508142797354554992e-06,6.508142797322490560e-06,6.508142797337285685e-06
3.499781263671020333e-03,0.000000000000000000e+00,5.719143629728179262e-05,-7.511046978101267903e-04,0.000000000000000000e+00,6.227569125569468525e-03,2.407499120329934172e-06,2.407499120313563566e-06,2.407499120297552102e-06,2.407499120312116834e-06
3.504780951190550678e-03,0.000000000000000000e+00,5.785307048628568895e-05,-7.521953005126982665e-04,0.000000000000000000e+00,6.227567443927144869e-03,-1.667410245569770385e-06,-1.667410245585767450e-06,-1.667410245582113350e-06,-1.667410245567900984e-06
3.509780638710080589e-03,0.000000000000000000e+00,5.862833328804007858e-05,-7.532856579959230697e-04,0.000000000000000000e+00,6.227567193361760456e-03,-5.439622713470077976e-06,-5.439622713485295770e-06,-5.439622713456889673e-06,-5.439622713443420155e-06
3.514780326229610501e-03,0.000000000000000000e+00,5.950497370829622800e-05,-7.543757702598011998e-04,0.000000000000000000e+00,6.227568462242058164e-03,-8.660542417963945039e-06,-8.660542417977824521e-06,-8.660542417919838340e-06,-8.660542417907691887e-06
3.519780013749140412e-03,0.000000000000000000e+00,6.047068558936355539e-05,-7.554656373043327653e-04,0.000000000000000000e+00,6.227570720672903279e-03,-1.116887809054356036e-05,-1.116887809055545271e-05,-1.116887809046580274e-05,-1.116887809045559599e-05
3.524779701268670757e-03,0.000000000000000000e+00,6.151478892961326889e-05,-7.565552591295176578e-04,0.000000000000000000e+00,6.227573086911339373e-03,-1.292818342935833737e-05,-1.292818342936770894e-05,-1.292818342924897525e-05,-1.292818342924125878e-05
3.529779388788200668e-03,0.000000000000000000e+00,6.262921237932231224e-05,-7.576446357353560940e-04,0.000000000000000000e+00,6.227574788209405340e-03,-1.403012614511872354e-05,-1.403012614512520503e-05,-1.403012614498460942e-05,-1.403012614497974237e-05
3.534779076307730580e-03,0.000000000000000000e+00,6.380847276792419752e-05,-7.587337671218477488e-04,0.000000000000000000e+00,6.227575524762440050e-03,-1.466209023730790392e-05,-1.466209023731142589e-05,-1.466209023715901417e-05,-1.466209023715704905e-05
3.539778763827260925e-03,0.000000000000000000e+00,6.504864638292874026e-05,-7.598226532889927306e-04,0.000000000000000000e+00,6.227575514953288295e-03,-1.504990215934544925e-05,-1.504990215934622683e-05,-1.504990215919193300e-05,-1.504990215919264451e-05
3.544778451346790836e-03,0.000000000000000000e+00,6.634563232882837965e-05,-7.609112942367912561e-04,0.000000000000000000e+00,6.227575238526837122e-03,-1.539500293329108577e-05,-1.539500293328958144e-05,-1.539500293314094410e-05,-1.539500293314384434e-05
3.549778138866320747e-03,0.000000000000000000e+00,6.769322607270771789e-05,-7.619996899652430001e-04,0.000000000000000000e+00,6.227575092043124809e-03,-1.582714693910320140e-05,-1.582714693910003349e-05,-1.582714693896148601e-05,-1.582714693896594479e-05
3.554777826385850659e-03,0.000000000000000000e+00,6.908158488585049769e-05,-7.630878404743481795e-04,0.000000000000000000e+00,6.227575180546967952e-03,-1.638797793955774088e-05,-1.638797793955355315e-05,-1.638797793942756547e-05,-1.638797793943293904e-05
3.559777513905381004e-03,0.000000000000000000e+00,7.049655830254469553e-05,-7.641757457641066859e-04,0.000000000000000000e+00,6.227575332682971400e-03,-1.704960168738781242e-05,-1.704960168738313002e-05,-1.704960168727203657e-05,-1.704960168727777606e-05
3.564777201424910915e-03,0.000000000000000000e+00,7.192011100839421122e-05,-7.652634058345185192e-04,0.000000000000000000e+00,6.227575280849217097e-03,-1.775955283771716087e-05,-1.775955283771226163e-05,-1.775955283761961655e-05,-1.775955283762541365e-05
3.569776888944440826e-03,0.000000000000000000e+00,7.333175921065436585e-05,-7.663508206855838964e-04,0.000000000000000000e+00,6.227574875373969102e-03,-1.849394326876345273e-05,-1.849394326875838408e-05,-1.849394326868874781e-05,-1.849394326869453474e-05
3.574776576463970738e-03,0.000000000000000000e+00,7.471066809800201887e-05,-7.674379903173026004e-04,0.000000000000000000e+00,6.227574204054166403e-03,-1.929760086483554323e-05,-1.929760086483006123e-05,-1.929760086478738432e-05,-1.929760086479342197e-05
3.579776263983501083e-03,0.000000000000000000e+00,7.603789874600047724e-05,-7.685249147296745230e-04,0.000000000000000000e+00,6.227573549590065434e-03,-2.029480416806921778e-05,-2.029480416806284470e-05,-2.029480416804831301e-05,-2.029480416805503167e-05
3.584775951503030994e-03,0.000000000000000000e+00,7.729829138190640048e-05,-7.696115939226999894e-04,0.000000000000000000e+00,6.227573216582509008e-03,-2.166510458873557063e-05,-2.166510458872770000e-05,-2.166510458873844037e-05,-2.166510458874640926e-05
3.589775639022560905e-03,0.000000000000000000e+00,7.848162083557127578e-05,-7.706980278963787828e-04,0.000000000000000000e+00,6.227573341453757766e-03,-2.359177582934943529e-05,-2.359177582933948434e-05,-2.359177582936879846e-05,-2.359177582937863082e-05
3.594775326542091250e-03,0.000000000000000000e+00,7.958290374920837511e-05,-7.717842166507110115e-04,0.000000000000000000e+00,6.227573801015269875e-03,-2.620087893677195616e-05,-2.620087893675943023e-05,-2.620087893679897312e-05,-2.620087893681111957e-05
3.599775014061621162e-03,0.000000000000000000e+00,8.060199084952368261e-05,-7.728701601856965671e-04,0.000000000000000000e+00,6.227574262343072223e-03,-2.951291942040002453e-05,-2.951291942038463225e-05,-2.951291942042715669e-05,-2.951291942044188151e-05
3.604774701581151073e-03,0.000000000000000000e+00,8.154275581755391527e-05,-7.739558585013354497e-04,0.000000000000000000e+00,6.227574337547146961e-03,-3.342505930647365821e-05,-3.342505930645534197e-05,-3.342505930649694145e-05,-3.342505930651433612e-05
3.609774389100680984e-03,0.000000000000000000e+00,8.241223817312597966e-05,-7.750413115976277677e-04,0.000000000000000000e+00,6.227573771476761083e-03,-3.773119826648166440e-05,-3.773119826646062410e-05,-3.773119826650158661e-05,-3.773119826652138686e-05
3.614774076620211329e-03,0.000000000000000000e+00,8.322000273279144347e-05,-7.761265194745735211e-04,0.000000000000000000e+00,6.227572584852301800e-03,-4.217375711236808367e-05,-4.217375711234477333e-05,-4.217375711238850733e-05,-4.217375711241031335e-05
3.619773764139741241e-03,0.000000000000000000e+00,8.397778581994372890e-05,-7.772114821321726014e-04,0.000000000000000000e+00,6.227571100357591483e-03,-4.650955895443292126e-05,-4.650955895440795073e-05,-4.650955895445894211e-05,-4.650955895448211693e-05
3.624773451659271152e-03,0.000000000000000000e+00,8.469928806110507658e-05,-7.782961995704250086e-04,0.000000000000000000e+00,6.227569818075829808e-03,-5.056698816831645062e-05,-5.056698816829051108e-05,-5.056698816835199212e-05,-5.056698816837582424e-05
3.629773139178801063e-03,0.000000000000000000e+00,8.539983230821883268e-05,-7.793806717893308512e-04,0.000000000000000000e+00,6.227569193471237802e-03,-5.427457320123867362e-05,-5.427457320121249014e-05,-5.427457320128505037e-05,-5.427457320130885538e-05
3.634772826698331408e-03,0.000000000000000000e+00,8.609559496255125290e-05,-7.804648987888900208e-04,0.000000000000000000e+00,6.227569446312631457e-03,-5.765129380059682803e-05,-5.765129380057095626e-05,-5.765129380065237984e-05,-5.765129380067558854e-05
3.639772514217861320e-03,0.000000000000000000e+00,8.680225242161837042e-05,-7.815488805691027342e-04,0.000000000000000000e+00,6.227570508590179500e-03,-6.076265253202061713e-05,-6.076265253199543653e-05,-6.076265253208175258e-05,-6.076265253210399227e-05
3.644772201737391231e-03,0.000000000000000000e+00,8.753311823056225281e-05,-7.826326171299686661e-04,0.000000000000000000e+00,6.227572109315694313e-03,-6.365894743973878414e-05,-6.365894743971444380e-05,-6.365894743980138326e-05,-6.365894743982251165e-05
3.649771889256921576e-03,0.000000000000000000e+00,8.829709562966499249e-05,-7.837161084714879249e-04,0.000000000000000000e+00,6.227573901619109370e-03,-6.631876142822111758e-05,-6.631876142819742776e-05,-6.631876142828162961e-05,-6.631876142830182288e-05
3.654771576776451487e-03,0.000000000000000000e+00,8.909693791299331232e-05,-7.847993545936607276e-04,0.000000000000000000e+00,6.227575549590736587e-03,-6.861903809073533356e-05,-6.861903809071195545e-05,-6.861903809079149524e-05,-6.861903809081117351e-05
3.659771264295981399e-03,0.000000000000000000e+00,8.992832308057379276e-05,-7.858823554964868572e-04,0.000000000000000000e+00,6.227576774247470248e-03,-7.034378356816774842e-05,-7.034378356814409926e-05,-7.034378356821787922e-05,-7.034378356823761170e-05
3.664770951815511310e-03,0.000000000000000000e+00,9.078008977001116226e-05,-7.869651111799663137e-04,0.000000000000000000e+00,6.227577402598252244e-03,-7.122972343442323881e-05,-7.122972343439874939e-05,-7.122972343446572598e-05,-7.122972343448606832e-05
3.669770639335041655e-03,0.000000000000000000e+00,9.163569025443501625e-05,-7.880476216440990972e-04,0.000000000000000000e+00,6.227577422896923842e-03,-7.103404110721540780e-05,-7.103404110718957668e-05,-7.103404110724737821e-05,-7.103404110726889962e-05
3.674770326854571566e-03,0.000000000000000000e+00,9.247558387736869319e-05,-7.891298868888852076e-04,0.000000000000000000e+00,6.227576987206385507e-03,-6.960135173471058479e-05,-6.960135173468308672e-05,-6.960135173472766098e-05,-6.960135173475070027e-05
3.679770014374101478e-03,0.000000000000000000e+00,9.328002855915291448e-05,-7.902119069143248619e-04,0.000000000000000000e+00,6.227576315450870578e-03,-6.690718360359150627e-05,-6.690718360356234123e-05,-6.690718360358829432e-05,-6.690718360361294637e-05
3.684769701893631389e-03,0.000000000000000000e+00,9.403161635899037090e-05,-7.912936817204178431e-04,0.000000000000000000e+00,6.227575551531142756e-03,-6.306341847711177109e-05,-6.306341847708112883e-05,-6.306341847708301263e-05,-6.306341847710900637e-05
3.689769389413161734e-03,0.000000000000000000e+00,9.471697779595027915e-05,-7.923752113071640428e-04,0.000000000000000000e+00,6.227574697680552697e-03,-5.828446962521681348e-05,-5.828446962518517510e-05,-5.828446962515909327e-05,-5.828446962518596793e-05
3.694769076932691645e-03,0.000000000000000000e+00,9.532732175814885578e-05,-7.934564956745637863e-04,0.000000000000000000e+00,6.227573700494152403e-03,-5.282669392706025531e-05,-5.282669392702831878e-05,-5.282669392697317355e-05,-5.282669392700034636e-05
3.699768764452221557e-03,0.000000000000000000e+00,9.585780371892499126e-05,-7.945375348226168567e-04,0.000000000000000000e+00,6.227572608618725525e-03,-4.692274110087894334e-05,-4.692274110084737951e-05,-4.692274110076544771e-05,-4.692274110079222750e-05
3.704768451971751902e-03,0.000000000000000000e+00,9.630602121290771469e-05,-7.956183287513233626e-04,0.000000000000000000e+00,6.227571631873320482e-03,-4.073394837699358649e-05,-4.073394837696307297e-05,-4.073394837685922673e-05,-4.073394837688494943e-05
3.709768139491281813e-03,0.000000000000000000e+00,9.667013105759912075e-05,-7.966988774606831953e-04,0.000000000000000000e+00,6.227571026244307396e-03,-3.433699329732745086e-05,-3.433699329729846201e-05,-3.433699329717875931e-05,-3.433699329720298445e-05
3.714767827010811724e-03,0.000000000000000000e+00,9.694711894899341487e-05,-7.977791809506963551e-04,0.000000000000000000e+00,6.227570919738918687e-03,-2.774829617908764986e-05,-2.774829617906044316e-05,-2.774829617893077936e-05,-2.774829617895321557e-05
3.719767514530341636e-03,0.000000000000000000e+00,9.713163574985628527e-05,-7.988592392213629502e-04,0.000000000000000000e+00,6.227571257922787616e-03,-2.097568771409529447e-05,-2.097568771406991398e-05,-2.097568771393502229e-05,-2.097568771395568989e-05
3.724767202049871981e-03,0.000000000000000000e+00,9.721560134590691803e-05,-7.999390522726829806e-04,0.000000000000000000e+00,6.227571902016647461e-03,-1.407666096446077629e-05,-1.407666096443699161e-05,-1.407666096430080396e-05,-1.407666096431995876e-05
3.729766889569401892e-03,0.000000000000000000e+00,9.718854637518590405e-05,-8.010186201046563381e-04,0.000000000000000000e+00,6.227572738023184028e-03,-7.199807789098848177e-06,-7.199807789076246797e-06,-7.199807788942698500e-06,-7.199807788960714891e-06
3.734766577088931803e-03,0.000000000000000000e+00,9.703848889942196540e-05,-8.020979427172830224e-04,0.000000000000000000e+00,6.227573675393988269e-03,-5.918271802297427719e-07,-5.918271802078579816e-07,-5.918271800815873920e-07,-5.918271800990286475e-07
3.739766264608461715e-03,0.000000000000000000e+00,9.675307092408680766e-05,-8.031770201105631422e-04,0.000000000000000000e+00,6.227574591537749817e-03,5.435231938650877575e-06,5.435231938672553995e-06,5.435231938786216499e-06,5.435231938768871805e-06
3.744765952127992060e-03,0.000000000000000000e+00,9.632071024443687117e-05,-8.042558522844965889e-04,0.000000000000000000e+00,6.227575358318683703e-03,1.056742870359280307e-05,1.056742870361467685e-05,1.056742870371085067e-05,1.056742870369317648e-05
3.749765639647521971e-03,0.000000000000000000e+00,9.573162120771194772e-05,-8.053344392390835793e-04,0.000000000000000000e+00,6.227575948703717099e-03,1.456264869171240875e-05,1.456264869173472807e-05,1.456264869181071370e-05,1.456264869179246522e-05
3.754765327167051883e-03,0.000000000000000000e+00,9.497866971960915389e-05,-8.064127809743237884e-04,0.000000000000000000e+00,6.227576463812944073e-03,1.730989955552823117e-05,1.730989955555103330e-05,1.730989955560760155e-05,1.730989955558871271e-05
3.759765014686582228e-03,0.000000000000000000e+00,9.405810338474118379e-05,-8.074908774902173243e-04,0.000000000000000000e+00,6.227576990465222284e-03,1.885397345814594409e-05,1.885397345816913585e-05,1.885397345821049139e-05,1.885397345819107739e-05
3.764764702206112139e-03,0.000000000000000000e+00,9.297020988073095805e-05,-8.085687287867644041e-04,0.000000000000000000e+00,6.227577431950326835e-03,1.937693031064076431e-05,1.937693031066409498e-05,1.937693031069623480e-05,1.937693031067652265e-05
3.769764389725642050e-03,0.000000000000000000e+00,9.171990876327277057e-05,-8.096463348639648108e-04,0.000000000000000000e+00,6.227577534057645962e-03,1.914260820485748365e-05,1.914260820488064831e-05,1.914260820490889517e-05,1.914260820488914575e-05
3.774764077245171962e-03,0.000000000000000000e+00,9.031720299295451350e-05,-8.107236957218185444e-04,0.000000000000000000e+00,6.227577114827963743e-03,1.842297726888649935e-05,1.842297726890923033e-05,1.842297726893608127e-05,1.842297726891660290e-05
3.779763764764702307e-03,0.000000000000000000e+00,8.877734783185384899e-05,-8.118008113603257135e-04,0.000000000000000000e+00,6.227576250482677427e-03,1.743112992154740042e-05,1.743112992156944360e-05,1.743112992159390930e-05,1.743112992157493237e-05
3.784763452284232218e-03,0.000000000000000000e+00,8.712057305278663941e-05,-8.128776817794861010e-04,0.000000000000000000e+00,6.227575202323251853e-03,1.628290684377091087e-05,1.628290684379213752e-05,1.628290684381096537e-05,1.628290684379260169e-05
3.789763139803762129e-03,0.000000000000000000e+00,8.537123827687463737e-05,-8.139543069793000324e-04,0.000000000000000000e+00,6.227574167500252861e-03,1.499858862109672690e-05,1.499858862111707094e-05,1.499858862112705746e-05,1.499858862110936294e-05
3.794762827323292041e-03,0.000000000000000000e+00,8.355640542035905208e-05,-8.150306869597672907e-04,0.000000000000000000e+00,6.227573140182218400e-03,1.354152308129647767e-05,1.354152308131596112e-05,1.354152308131602211e-05,1.354152308129897981e-05
3.799762514842822386e-03,0.000000000000000000e+00,8.170395008763714473e-05,-8.161068217208877675e-04,0.000000000000000000e+00,6.227572030649538258e-03,1.187723616570019404e-05,1.187723616571885249e-05,1.187723616571050413e-05,1.187723616569409880e-05
3.804762202362352297e-03,0.000000000000000000e+00,7.984046645912908893e-05,-8.171827112626617881e-04,0.000000000000000000e+00,6.227570880356097030e-03,1.002928628983741952e-05,1.002928628985530378e-05,1.002928628984141921e-05,1.002928628982558817e-05
3.809761889881882208e-03,0.000000000000000000e+00,7.798930859703342674e-05,-8.182583555850891357e-04,0.000000000000000000e+00,6.227569906187467585e-03,8.109503137102910136e-06,8.109503137120040530e-06,8.109503137102434104e-06,8.109503137087155323e-06
3.814761577401412553e-03,0.000000000000000000e+00,7.616912651407818028e-05,-8.193337546881699187e-04,0.000000000000000000e+00,6.227569324210369996e-03,6.309814342402582756e-06,6.309814342418938962e-06,6.309814342396501060e-06,6.309814342381769463e-06
3.819761264920942465e-03,0.000000000000000000e+00,7.439318714314415229e-05,-8.204089085719040286e-04,0.000000000000000000e+00,6.227569167723777215e-03,4.857160746547689351e-06,4.857160746563284921e-06,4.857160746531778684e-06,4.857160746517619681e-06
3.824760952440472376e-03,0.000000000000000000e+00,7.266962840244374695e-05,-8.214838172362914654e-04,0.000000000000000000e+00,6.227569305902574612e-03,3.946859796235963600e-06,3.946859796250756184e-06,3.946859796204802952e-06,3.946859796191263978e-06
3.829760639960002287e-03,0.000000000000000000e+00,7.100260728723126712e-05,-8.225584806813323376e-04,0.000000000000000000e+00,6.227569613221651049e-03,3.678161955396241960e-06,3.678161955410248497e-06,3.678161955346363578e-06,3.678161955333415832e-06
3.834760327479532632e-03,0.000000000000000000e+00,6.939411128338725645e-05,-8.236328989070266452e-04,0.000000000000000000e+00,6.227570066433206139e-03,4.015582007421228416e-06,4.015582007434476011e-06,4.015582007353528461e-06,4.015582007341163474e-06
3.839760014999062544e-03,0.000000000000000000e+00,6.784605102997496467e-05,-8.247070719133742797e-04,0.000000000000000000e+00,6.227570669926589877e-03,4.790882220765433640e-06,4.790882220777990057e-06,4.790882220685819320e-06,4.790882220673967635e-06
3.844759702518592455e-03,0.000000000000000000e+00,6.636217911630699071e-05,-8.257809997003752412e-04,0.000000000000000000e+00,6.227571356509694483e-03,5.746433128038992789e-06,5.746433128050978305e-06,5.746433127956651022e-06,5.746433127945194054e-06
3.849759390038122366e-03,0.000000000000000000e+00,6.494940688110719383e-05,-8.268546822680296381e-04,0.000000000000000000e+00,6.227572040270365830e-03,6.606153514888815487e-06,6.606153514900389346e-06,6.606153514813119541e-06,6.606153514801908213e-06
3.854759077557652711e-03,0.000000000000000000e+00,6.361821651017286771e-05,-8.279281196163373619e-04,0.000000000000000000e+00,6.227572761572862728e-03,7.150553976129029911e-06,7.150553976140340342e-06,7.150553976066634923e-06,7.150553976055554038e-06
3.859758765077182623e-03,0.000000000000000000e+00,6.238206308730770324e-05,-8.290013117452986295e-04,0.000000000000000000e+00,6.227573687276400857e-03,7.271056483464988419e-06,7.271056483476148078e-06,7.271056483418695527e-06,7.271056483407624807e-06
3.864758452596712534e-03,0.000000000000000000e+00,6.125588413300901485e-05,-8.300742586549131156e-04,0.000000000000000000e+00,6.227574887003779931e-03,6.986213981468930909e-06,6.986213981480000783e-06,6.986213981438415700e-06,6.986213981427311098e-06
3.869758140116242879e-03,0.000000000000000000e+00,6.025402766079093758e-05,-8.311469603451809287e-04,0.000000000000000000e+00,6.227576126184637684e-03,6.416015133260676728e-06,6.416015133271573807e-06,6.416015133244411154e-06,6.416015133233370927e-06
3.874757827635772790e-03,0.000000000000000000e+00,5.938802556799294846e-05,-8.322194168161022856e-04,0.000000000000000000e+00,6.227576967068983345e-03,5.725241521060464598e-06,5.725241521070966113e-06,5.725241521057502524e-06,5.725241521046757911e-06
3.879757515155302702e-03,0.000000000000000000e+00,5.866464980549397184e-05,-8.332916280676769694e-04,0.000000000000000000e+00,6.227577131653372865e-03,5.057536054736307943e-06,5.057536054746050516e-06,5.057536054746629039e-06,5.057536054736570523e-06
3.884757202674832613e-03,0.000000000000000000e+00,5.808459628354003569e-05,-8.343635940999049802e-04,0.000000000000000000e+00,6.227576750110126215e-03,4.484627190271125050e-06,4.484627190279622485e-06,4.484627190294562452e-06,4.484627190285693170e-06
3.889756890194362958e-03,0.000000000000000000e+00,5.764197694407397724e-05,-8.354353149127864264e-04,0.000000000000000000e+00,6.227576220340534305e-03,3.989088141615176869e-06,3.989088141621868430e-06,3.989088141649763766e-06,3.989088141642635984e-06
3.894756577713892869e-03,0.000000000000000000e+00,5.732461401374269787e-05,-8.365067905063211995e-04,0.000000000000000000e+00,6.227575836099706781e-03,3.486345566971742763e-06,3.486345566976130394e-06,3.486345567012813273e-06,3.486345567007946645e-06
3.899756265233422781e-03,0.000000000000000000e+00,5.711497501750231916e-05,-8.375780208805094079e-04,0.000000000000000000e+00,6.227575583249118224e-03,2.877008230732528218e-06,2.877008230734218472e-06,2.877008230773432709e-06,2.877008230771239317e-06
3.904755952752952692e-03,0.000000000000000000e+00,5.699150117219664905e-05,-8.386490060353510518e-04,0.000000000000000000e+00,6.227575275703062761e-03,2.109270055993490213e-06,2.109270055992319613e-06,2.109270056027776413e-06,2.109270056028406181e-06
3.909755640272482603e-03,0.000000000000000000e+00,5.693007769206644950e-05,-8.397197459708458057e-04,0.000000000000000000e+00,6.227574809492260159e-03,1.227229799917481601e-06,1.227229799913570850e-06,1.227229799941474656e-06,1.227229799944817895e-06
3.914755327792012948e-03,0.000000000000000000e+00,5.690545652101528407e-05,-8.407902406869941035e-04,0.000000000000000000e+00,6.227574236214133800e-03,3.858456971757955858e-07,3.858456971694868844e-07,3.858456971899850818e-07,3.858456971957194948e-07
3.919755015311543293e-03,0.000000000000000000e+00,5.689253412674248606e-05,-8.418604901837957281e-04,0.000000000000000000e+00,6.227573642149700738e-03,-1.748782348413047160e-07,-1.748782348494328442e-07,-1.748782348325447013e-07,-1.748782348250027199e-07
3.924754702831072771e-03,0.000000000000000000e+00,5.686746811620131572e-05,-8.429304944612507882e-04,0.000000000000000000e+00,6.227573059925350409e-03,-1.892867843311639984e-07,-1.892867843404322329e-07,-1.892867843218008962e-07,-1.892867843131154203e-07
3.929754390350603116e-03,0.000000000000000000e+00,5.680865611324071229e-05,-8.440002535193591752e-04,0.000000000000000000e+00,6.227572536033267915e-03,5.602086650486812463e-07,5.602086650389047920e-07,5.602086650637160811e-07,5.602086650729097767e-07
3.934754077870133461e-03,0.000000000000000000e+00,5.669758956789922358e-05,-8.450697673581208892e-04,0.000000000000000000e+00,6.227572212115728423e-03,2.179604230786745113e-06,2.179604230776972047e-06,2.179604230809613309e-06,2.179604230818817169e-06
3.939753765389662939e-03,0.000000000000000000e+00,5.651954812787503041e-05,-8.461390359775360385e-04,0.000000000000000000e+00,6.227572236017328740e-03,4.631103467542332737e-06,4.631103467532813781e-06,4.631103467572102557e-06,4.631103467581064166e-06
3.944753452909193284e-03,0.000000000000000000e+00,5.626404687521625539e-05,-8.472080593776046232e-04,0.000000000000000000e+00,6.227572563255686679e-03,7.742623905783693511e-06,7.742623905774393089e-06,7.742623905817620569e-06,7.742623905826402606e-06
3.949753140428722761e-03,0.000000000000000000e+00,5.592492174613462782e-05,-8.482768375583265349e-04,0.000000000000000000e+00,6.227572906011864286e-03,1.125513687922366041e-05,1.125513687921427698e-05,1.125513687925908671e-05,1.125513687926800258e-05
3.954752827948253106e-03,0.000000000000000000e+00,5.549995964997062541e-05,-8.493453705197017735e-04,0.000000000000000000e+00,6.227572951557685740e-03,1.489127739903875082e-05,1.489127739902878632e-05,1.489127739907438549e-05,1.489127739908396205e-05
3.959752515467783451e-03,0.000000000000000000e+00,5.499005166467347563e-05,-8.504136582617304475e-04,0.000000000000000000e+00,6.227572649589545144e-03,1.842197687516943205e-05,1.842197687515821056e-05,1.842197687520527171e-05,1.842197687521617810e-05
3.964752202987312929e-03,0.000000000000000000e+00,5.439795251285026569e-05,-8.514817007844124484e-04,0.000000000000000000e+00,6.227572256690197539e-03,2.170944284531781473e-05,2.170944284530470944e-05,2.170944284535397288e-05,2.170944284536686133e-05
3.969751890506843274e-03,0.000000000000000000e+00,5.372683605507129088e-05,-8.525494980877479931e-04,0.000000000000000000e+00,6.227572081022972848e-03,2.471392709118350455e-05,2.471392709116800046e-05,2.471392709121875467e-05,2.471392709123416390e-05
3.974751578026373619e-03,0.000000000000000000e+00,5.297891094705454410e-05,-8.536170501717367564e-04,0.000000000000000000e+00,6.227572201853268270e-03,2.746501492968204860e-05,2.746501492966382384e-05,2.746501492971280945e-05,2.746501492973106809e-05
3.979751265545903097e-03,0.000000000000000000e+00,5.215437758727638266e-05,-8.546843570363788466e-04,0.000000000000000000e+00,6.227572456588104793e-03,3.001083744081744879e-05,3.001083744079643560e-05,3.001083744083832646e-05,3.001083744085952261e-05
3.984750953065433442e-03,0.000000000000000000e+00,5.125095773115622116e-05,-8.557514186816744806e-04,0.000000000000000000e+00,6.227572673997875535e-03,3.236615715398368236e-05,3.236615715396009419e-05,3.236615715398868324e-05,3.236615715401263056e-05
3.989750640584963787e-03,0.000000000000000000e+00,5.026412040218275636e-05,-8.568182351076234415e-04,0.000000000000000000e+00,6.227572862815675472e-03,3.448009882109814346e-05,3.448009882107235977e-05,3.448009882108262581e-05,3.448009882110897193e-05
3.994750328104493264e-03,0.000000000000000000e+00,4.918798562036603912e-05,-8.578848063142257294e-04,0.000000000000000000e+00,6.227573153534295657e-03,3.623657094912183300e-05,3.623657094909446368e-05,3.623657094908379784e-05,3.623657094911195321e-05
3.999750015624023609e-03,0.000000000000000000e+00,4.801674301213965064e-05,-8.589511323014814527e-04,0.000000000000000000e+00,6.227573607583294577e-03,3.748801647748146581e-05,3.748801647745316813e-05,3.748801647742198376e-05,3.748801647745129110e-05
