time_s,contact_force_N,impact_w_m,ball_travel_m,indentation_m,energy_J,S1_mean_exx_plus_eyy,S2_mean_exx_plus_eyy,S3_mean_exx_plus_eyy,S4_mean_exx_plus_eyy
0.000000000000000000e+00,0.000000000000000000e+00,0.000000000000000000e+00,0.000000000000000000e+00,0.000000000000000000e+00,6.227579619865871753e-03,0.000000000000000000e+00,0.000000000000000000e+00,0.000000000000000000e+00,0.000000000000000000e+00
4.999687519530029071e-06,1.966094722093700398e+01,3.107829475159993530e-09,8.844304750206207462e-06,8.841196920731047873e-06,6.227528623749123936e-03,-1.003344394014726670e-10,-1.003344394014712712e-10,-1.003344394014281544e-10,-1.003344394014289299e-10
9.999375039060058143e-06,5.485613655290151058e+01,3.506986534547704751e-08,1.755738891908521486e-05,1.752231905373973623e-05,6.227513514380188242e-03,-1.130579435432367000e-09,-1.130579435432351284e-09,-1.130579435431867383e-09,-1.130579435431876482e-09
1.499906255859008806e-05,9.787991768554253724e+01,1.437553868436258397e-07,2.592104014482741187e-05,2.577728475798378490e-05,6.227515036252744170e-03,-4.623156928516187868e-09,-4.623156928516125002e-09,-4.623156928514156312e-09,-4.623156928514186090e-09
1.999875007812011629e-05,1.435790685602414385e+02,3.879786595387473817e-07,3.366687078485015026e-05,3.327889212531140499e-05,6.227532344873608870e-03,-1.243441861124711702e-08,-1.243441861124693835e-08,-1.243441861124159807e-08,-1.243441861124170395e-08
2.499843759765014620e-05,1.869332070597777431e+02,8.301409877250096202e-07,4.050960009731747460e-05,3.967945910959246307e-05,6.227561544282288891e-03,-2.648495476934939224e-08,-2.648495476934903490e-08,-2.648495476933763966e-08,-2.648495476933782494e-08
2.999812511718017612e-05,2.231315087379907993e+02,1.529246415288295529e-06,4.617862033461769600e-05,4.464937391932939729e-05,6.227594802736288390e-03,-4.851085408088987617e-08,-4.851085408088921442e-08,-4.851085408086827683e-08,-4.851085408086859446e-08
3.499781263671020604e-05,2.480440194815713255e+02,2.534252339933891980e-06,5.044805197555298697e-05,4.791379963561909287e-05,6.227622178401758142e-03,-7.982744850040255548e-08,-7.982744850040149669e-08,-7.982744850036692715e-08,-7.982744850036745655e-08
3.999750015624023257e-05,2.587605492540574801e+02,3.878378204236771253e-06,5.316247649755775705e-05,4.928409829332098326e-05,6.227634947316283698e-03,-1.211283018228968008e-07,-1.211283018228952126e-07,-1.211283018228428024e-07,-1.211283018228437553e-07
4.499718767577026588e-05,2.540170841462205544e+02,5.575102201039166840e-06,5.425504469259579673e-05,4.867994249155662735e-05,6.227628899754267429e-03,-1.723452587295559182e-07,-1.723452587295535888e-07,-1.723452587294785205e-07,-1.723452587294795793e-07
4.999687519530029241e-05,2.343898826269140443e+02,7.616425442023142851e-06,5.375533715887564364e-05,4.613891171685249740e-05,6.227606011928506907e-03,-2.325898375848821640e-07,-2.325898375848791993e-07,-2.325898375847769201e-07,-2.325898375847788259e-07
5.499656271483031894e-05,2.022046034983670211e+02,9.973667453850511180e-06,5.178578198665932479e-05,4.181211453280881361e-05,6.227573655351544002e-03,-3.001851600892735229e-07,-3.001851600892692877e-07,-3.001851600891373624e-07,-3.001851600891394799e-07
5.999625023436035224e-05,1.611844424507470137e+02,1.260066939798715439e-05,4.854718944539766388e-05,3.594652004741050779e-05,6.227541740671025880e-03,-3.727840969694484407e-07,-3.727840969694435702e-07,-3.727840969692777635e-07,-3.727840969692803046e-07
6.499593775389037877e-05,1.159328627978099462e+02,1.543892660191268132e-05,4.429556998509201802e-05,2.885664338317933669e-05,6.227519196441152344e-03,-4.475568976972351563e-07,-4.475568976972288035e-07,-4.475568976970272097e-07,-4.475568976970310213e-07
6.999562527342041208e-05,7.140503589866827383e+01,1.842394810519096466e-05,3.931341387488601055e-05,2.088946576969504589e-05,6.227511420752190711e-03,-5.214235749174725918e-07,-5.214235749174653920e-07,-5.214235749172294934e-07,-5.214235749172320345e-07
7.499531279295044539e-05,3.260328609539610767e+01,2.149213245871185604e-05,3.387864429975682670e-05,1.238651184104497065e-05,6.227519930825910210e-03,-5.913055467930135884e-07,-5.913055467930055415e-07,-5.913055467927344910e-07,-5.913055467927383026e-07
7.999500031248046514e-05,5.204686550804765943e+00,2.458779931403149113e-05,2.823285772257223098e-05,3.645058408540739850e-06,6.227546613233965814e-03,-6.543821346173318254e-07,-6.543821346173225081e-07,-6.543821346170179997e-07,-6.543821346170218114e-07
8.499468783201049845e-05,0.000000000000000000e+00,2.767199521259536456e-05,2.254144951348067787e-05,0.000000000000000000e+00,6.227580332005530628e-03,-7.084013218085733019e-07,-7.084013218085618670e-07,-7.084013218082285595e-07,-7.084013218082327947e-07
8.999437535154053175e-05,0.000000000000000000e+00,3.073218224493395699e-05,1.684964791120140945e-05,0.000000000000000000e+00,6.227580402795299640e-03,-7.520123851510692703e-07,-7.520123851510565648e-07,-7.520123851506940347e-07,-7.520123851507016580e-07
9.499406287107055151e-05,0.000000000000000000e+00,3.376566358758501375e-05,1.115809152826876326e-05,0.000000000000000000e+00,6.227580478174630021e-03,-7.842410018323911537e-07,-7.842410018323776012e-07,-7.842410018319905072e-07,-7.842410018319955894e-07
9.999375039060058481e-05,0.000000000000000000e+00,3.676994179075714948e-05,5.466780364682745227e-06,0.000000000000000000e+00,6.227580557313025511e-03,-8.041838809299962622e-07,-8.041838809299844037e-07,-8.041838809295752868e-07,-8.041838809295786750e-07
1.049934379101306181e-04,0.000000000000000000e+00,3.974258399256891644e-05,-2.242855795566466625e-07,0.000000000000000000e+00,6.227580639342759211e-03,-8.110098527792289127e-07,-8.110098527792136661e-07,-8.110098527787901497e-07,-8.110098527787952319e-07
1.099931254296606379e-04,0.000000000000000000e+00,4.268122713810424405e-05,-5.915106304449413148e-06,0.000000000000000000e+00,6.227580723369365197e-03,-8.039651582093123005e-07,-8.039651582093004420e-07,-8.039651582088565968e-07,-8.039651582088625260e-07
1.149928129491906712e-04,0.000000000000000000e+00,4.558358300300549847e-05,-1.160568180999555179e-05,0.000000000000000000e+00,6.227580808482420689e-03,-7.823783854536388313e-07,-7.823783854536227377e-07,-7.823783854531746572e-07,-7.823783854531780454e-07
1.199925004687207045e-04,0.000000000000000000e+00,4.844744300777848378e-05,-1.729601209619506991e-05,0.000000000000000000e+00,6.227580893766480018e-03,-7.456650316156279999e-07,-7.456650316156127533e-07,-7.456650316151545085e-07,-7.456650316151578966e-07
1.249921879882507378e-04,0.000000000000000000e+00,5.127068280962434124e-05,-2.298609716304795224e-05,0.000000000000000000e+00,6.227580978312023327e-03,-6.933316671333513489e-07,-6.933316671333369493e-07,-6.933316671328761634e-07,-6.933316671328787045e-07
1.299918755077807575e-04,0.000000000000000000e+00,5.405126665929452755e-05,-2.867593701055420896e-05,0.000000000000000000e+00,6.227581061226268241e-03,-6.249796833385743588e-07,-6.249796833385616533e-07,-6.249796833381017144e-07,-6.249796833381042555e-07
1.349915630273107773e-04,0.000000000000000000e+00,5.678725151118352668e-05,-3.436553163871384006e-05,0.000000000000000000e+00,6.227581141643719585e-03,-5.403086049429763863e-07,-5.403086049429611397e-07,-5.403086049425071300e-07,-5.403086049425071300e-07
1.399912505468408242e-04,0.000000000000000000e+00,5.947679087562776190e-05,-4.005488104752685232e-05,0.000000000000000000e+00,6.227581218736332261e-03,-4.391189510985713256e-07,-4.391189510985577730e-07,-4.391189510981139278e-07,-4.391189510981130807e-07
1.449909380663708439e-04,0.000000000000000000e+00,6.211813840316650847e-05,-4.574398523699323897e-05,0.000000000000000000e+00,6.227581291723130290e-03,-3.213146305635908648e-07,-3.213146305635764652e-07,-3.213146305631436314e-07,-3.213146305631453255e-07
1.499906255859008908e-04,0.000000000000000000e+00,6.470965119133712028e-05,-5.143284420711299323e-05,0.000000000000000000e+00,6.227581359879200487e-03,-1.869048584520363967e-07,-1.869048584520253853e-07,-1.869048584516171154e-07,-1.869048584516145743e-07
1.549903131054309105e-04,0.000000000000000000e+00,6.724979280542281207e-05,-5.712145795788612187e-05,0.000000000000000000e+00,6.227581422543929796e-03,-3.600558404634126322e-08,-3.600558404633025179e-08,-3.600558404594485180e-08,-3.600558404593976960e-08
1.599900006249609303e-04,0.000000000000000000e+00,6.973713600544030828e-05,-6.280982648931263167e-05,0.000000000000000000e+00,6.227581479128384799e-03,1.311595787991597261e-07,1.311595787991681964e-07,1.311595787995273383e-07,1.311595787995358087e-07
1.649896881444909771e-04,0.000000000000000000e+00,7.217036517254807912e-05,-6.849794980139250230e-05,0.000000000000000000e+00,6.227581529121744078e-03,3.142589250496476461e-07,3.142589250496569635e-07,3.142589250499873063e-07,3.142589250499932356e-07
1.699893756640209969e-04,0.000000000000000000e+00,7.454827842896689916e-05,-7.418582789412576765e-05,0.000000000000000000e+00,6.227581572096727025e-03,5.128527399457109880e-07,5.128527399457186113e-07,5.128527399460133788e-07,5.128527399460226961e-07
1.749890631835510166e-04,0.000000000000000000e+00,7.686978944643263533e-05,-7.987346076751238705e-05,0.000000000000000000e+00,6.227581607713934993e-03,7.263938906547912072e-07,7.263938906547954424e-07,7.263938906550571756e-07,7.263938906550656459e-07
1.799887507030810635e-04,0.000000000000000000e+00,7.913392893914373617e-05,-8.556084842155238762e-05,0.000000000000000000e+00,6.227581635725052724e-03,9.542289280987784590e-07,9.542289280987835412e-07,9.542289280989995346e-07,9.542289280990139342e-07
1.849884382226110833e-04,0.000000000000000000e+00,8.133984583811715958e-05,-9.124799085624575579e-05,0.000000000000000000e+00,6.227581655974916142e-03,1.195599696783099530e-06,1.195599696783108001e-06,1.195599696783275713e-06,1.195599696783287572e-06
1.899881257421411030e-04,0.000000000000000000e+00,8.348680814482693020e-05,-9.693488807159250512e-05,0.000000000000000000e+00,6.227581668402372775e-03,1.449645448301842062e-06,1.449645448301843756e-06,1.449645448301972505e-06,1.449645448301990293e-06
1.949878132616711499e-04,0.000000000000000000e+00,8.557420346296311603e-05,-1.026215400675926221e-04,0.000000000000000000e+00,6.227581673039979046e-03,1.715405452056262892e-06,1.715405452056256963e-06,1.715405452056334890e-06,1.715405452056357760e-06
1.999875007812011696e-04,0.000000000000000000e+00,8.760153920811515973e-05,-1.083079468442461202e-04,0.000000000000000000e+00,6.227581670012526625e-03,1.991822094608250154e-06,1.991822094608248460e-06,1.991822094608273024e-06,1.991822094608292506e-06
2.049871883007311894e-04,0.000000000000000000e+00,8.956844249614640745e-05,-1.139941084015529723e-04,0.000000000000000000e+00,6.227581659534422998e-03,2.277744457004903508e-06,2.277744457004898426e-06,2.277744457004865391e-06,2.277744457004891649e-06
2.099868758202612362e-04,0.000000000000000000e+00,9.147465971198681992e-05,-1.196800247395132192e-04,0.000000000000000000e+00,6.227581641905988695e-03,2.571932357363873763e-06,2.571932357363868681e-06,2.571932357363782283e-06,2.571932357363807694e-06
2.149865633397912560e-04,0.000000000000000000e+00,9.332005576152062570e-05,-1.253656958581268472e-04,0.000000000000000000e+00,6.227581617508702420e-03,2.873060844009978383e-06,2.873060844009969065e-06,2.873060844009824223e-06,2.873060844009853869e-06
2.199862508593212757e-04,0.000000000000000000e+00,9.510461301018769862e-05,-1.310511217573938293e-04,0.000000000000000000e+00,6.227581586799476460e-03,3.179725122509104592e-06,3.179725122509094428e-06,3.179725122508894528e-06,3.179725122508924174e-06
2.249859383788513226e-04,0.000000000000000000e+00,9.682842991284267280e-05,-1.367363024373141926e-04,0.000000000000000000e+00,6.227581550304062998e-03,3.490445898064671727e-06,3.490445898064658174e-06,3.490445898064396441e-06,3.490445898064430322e-06
2.299856258983813424e-04,0.000000000000000000e+00,9.849171934032664678e-05,-1.424212378978879099e-04,0.000000000000000000e+00,6.227581508609640777e-03,3.803675112931616844e-06,3.803675112931599057e-06,3.803675112931280572e-06,3.803675112931317842e-06
2.349853134179113892e-04,0.000000000000000000e+00,1.000948066090964446e-04,-1.481059281391150354e-04,0.000000000000000000e+00,6.227581462356730421e-03,4.117802056771136711e-06,4.117802056771116382e-06,4.117802056770738606e-06,4.117802056770776722e-06
2.399850009374414090e-04,0.000000000000000000e+00,1.016381272211248075e-04,-1.537903731609955151e-04,0.000000000000000000e+00,6.227581412230516478e-03,4.431159826222615279e-06,4.431159826222593257e-06,4.431159826222160423e-06,4.431159826222199386e-06
2.449846884569714558e-04,0.000000000000000000e+00,1.031222243221273946e-04,-1.594745729635293758e-04,0.000000000000000000e+00,6.227581358951710631e-03,4.742032108414799323e-06,4.742032108414777300e-06,4.742032108414283480e-06,4.742032108414325831e-06
2.499843759765014756e-04,0.000000000000000000e+00,1.045477458869889195e-04,-1.651585275467165907e-04,0.000000000000000000e+00,6.227581303267069705e-03,5.048660261682488532e-06,5.048660261682462274e-06,5.048660261681911702e-06,5.048660261681956595e-06
2.549840634960314953e-04,0.000000000000000000e+00,1.059154416420454627e-04,-1.708422369105572138e-04,0.000000000000000000e+00,6.227581245939704628e-03,5.349250665403351845e-06,5.349250665403325587e-06,5.349250665402719111e-06,5.349250665402764851e-06
2.599837510155615151e-04,0.000000000000000000e+00,1.072261597346330249e-04,-1.765257010550511910e-04,0.000000000000000000e+00,6.227581187739296593e-03,5.641982309628510761e-06,5.641982309628484503e-06,5.641982309627823817e-06,5.641982309627870404e-06
2.649834385350915348e-04,0.000000000000000000e+00,1.084808431610304475e-04,-1.822089199801985222e-04,0.000000000000000000e+00,6.227581129432349649e-03,5.925014594054584732e-06,5.925014594054555086e-06,5.925014594053843578e-06,5.925014594053892706e-06
2.699831260546215546e-04,0.000000000000000000e+00,1.096805259646054263e-04,-1.878918936859992617e-04,0.000000000000000000e+00,6.227581071772607217e-03,6.196495304879328405e-06,6.196495304879298759e-06,6.196495304878540665e-06,6.196495304878588946e-06
2.749828135741516286e-04,0.000000000000000000e+00,1.108263292166152312e-04,-1.935746221724533823e-04,0.000000000000000000e+00,6.227581015491761782e-03,6.454568737201454496e-06,6.454568737201422308e-06,6.454568737200615933e-06,6.454568737200664214e-06
2.799825010936816483e-04,0.000000000000000000e+00,1.119194567927126745e-04,-1.992571054395608570e-04,0.000000000000000000e+00,6.227580961290558360e-03,6.697383929872530406e-06,6.697383929872496525e-06,6.697383929871647798e-06,6.697383929871696078e-06
2.849821886132116681e-04,0.000000000000000000e+00,1.129611909587680630e-04,-2.049393434873216858e-04,0.000000000000000000e+00,6.227580909830414055e-03,6.923102979086836707e-06,6.923102979086803672e-06,6.923102979085910900e-06,6.923102979085965110e-06
2.899818761327416878e-04,0.000000000000000000e+00,1.139528877801298151e-04,-2.106213363157359228e-04,0.000000000000000000e+00,6.227580861725655163e-03,7.129909396507981656e-06,7.129909396507944387e-06,7.129909396507016039e-06,7.129909396507068555e-06
2.949815636522717076e-04,0.000000000000000000e+00,1.148959723689145707e-04,-2.163030839248035139e-04,0.000000000000000000e+00,6.227580817536462060e-03,7.316016477380050422e-06,7.316016477380013152e-06,7.316016477379052617e-06,7.316016477379104286e-06
2.999812511718017815e-04,0.000000000000000000e+00,1.157919339843383182e-04,-2.219845863145244861e-04,0.000000000000000000e+00,6.227580777762601640e-03,7.479675643858532680e-06,7.479675643858495410e-06,7.479675643857506076e-06,7.479675643857557745e-06
3.049809386913318013e-04,0.000000000000000000e+00,1.166423210014715643e-04,-2.276658434848988124e-04,0.000000000000000000e+00,6.227580742838026255e-03,7.619184728722952271e-06,7.619184728722915001e-06,7.619184728721896021e-06,7.619184728721948537e-06
3.099806262108618211e-04,0.000000000000000000e+00,1.174487357641233515e-04,-2.333468554359265199e-04,0.000000000000000000e+00,6.227580713126395530e-03,7.732896164699787453e-06,7.732896164699750184e-06,7.732896164698711722e-06,7.732896164698765932e-06
3.149803137303918408e-04,0.000000000000000000e+00,1.182128293378327554e-04,-2.390276221676076085e-04,0.000000000000000000e+00,6.227580688917560073e-03,7.819225044831112361e-06,7.819225044831075092e-06,7.819225044830019689e-06,7.819225044830070511e-06
3.199800012499218606e-04,0.000000000000000000e+00,1.189362961791650569e-04,-2.447081436799421325e-04,0.000000000000000000e+00,6.227580670425047864e-03,7.876657019670626851e-06,7.876657019670592970e-06,7.876657019669522320e-06,7.876657019669571448e-06
3.249796887694518803e-04,0.000000000000000000e+00,1.196208687376814250e-04,-2.503884199729299563e-04,0.000000000000000000e+00,6.227580657784581065e-03,7.903755997573769080e-06,7.903755997573735199e-06,7.903755997572656079e-06,7.903755997572705207e-06
3.299793762889819543e-04,0.000000000000000000e+00,1.202683120070671495e-04,-2.560684510465711613e-04,0.000000000000000000e+00,6.227580651053598974e-03,7.899171614970102020e-06,7.899171614970064751e-06,7.899171614968982243e-06,7.899171614969029677e-06
3.349790638085119740e-04,0.000000000000000000e+00,1.208804180419693083e-04,-2.617482369008657475e-04,0.000000000000000000e+00,6.227580650211814867e-03,7.861646444263089024e-06,7.861646444263056837e-06,7.861646444261972635e-06,7.861646444262016681e-06
3.399787513280419938e-04,0.000000000000000000e+00,1.214590004571082320e-04,-2.674277775358136606e-04,0.000000000000000000e+00,6.227580655162760770e-03,7.790022907890709500e-06,7.790022907890679007e-06,7.790022907889596499e-06,7.790022907889638851e-06
3.449784388475720135e-04,0.000000000000000000e+00,1.220058889251884442e-04,-2.731070729514150090e-04,0.000000000000000000e+00,6.227580665736296740e-03,7.683249868098318111e-06,7.683249868098289312e-06,7.683249868097218662e-06,7.683249868097257625e-06
3.499781263671020333e-04,0.000000000000000000e+00,1.225229236900442014e-04,-2.787861231476697387e-04,0.000000000000000000e+00,6.227580681692024799e-03,7.540388863117892364e-06,7.540388863117867800e-06,7.540388863116809009e-06,7.540388863116847973e-06
3.549778138866320530e-04,0.000000000000000000e+00,1.230119501113140787e-04,-2.844649281245777953e-04,0.000000000000000000e+00,6.227580702723576299e-03,7.360619961711587483e-06,7.360619961711564613e-06,7.360619961710523610e-06,7.360619961710554950e-06
3.599775014061621270e-04,0.000000000000000000e+00,1.234748132567470378e-04,-2.901434878821392872e-04,0.000000000000000000e+00,6.227580728463671250e-03,7.143247209417948188e-06,7.143247209417927860e-06,7.143247209416906338e-06,7.143247209416937678e-06
3.649771889256921468e-04,0.000000000000000000e+00,1.239133525580004441e-04,-2.958218024203541061e-04,0.000000000000000000e+00,6.227580758489891476e-03,6.887703641330326869e-06,6.887703641330309928e-06,6.887703641329311276e-06,6.887703641329337534e-06
3.699768764452221665e-04,0.000000000000000000e+00,1.243293965455012509e-04,-3.014998717392222520e-04,0.000000000000000000e+00,6.227580792331080875e-03,6.593555837834107710e-06,6.593555837834094157e-06,6.593555837833125998e-06,6.593555837833147174e-06
3.749765639647521863e-04,0.000000000000000000e+00,1.247247576776039195e-04,-3.071776958387438874e-04,0.000000000000000000e+00,6.227580829474259165e-03,6.260508001425649451e-06,6.260508001425639286e-06,6.260508001424699080e-06,6.260508001424715173e-06
3.799762514842822060e-04,0.000000000000000000e+00,1.251012272788938596e-04,-3.128552747189187956e-04,0.000000000000000000e+00,6.227580869371986648e-03,5.888405534525616326e-06,5.888405534525612091e-06,5.888405534524706613e-06,5.888405534524721013e-06
3.849759390038122800e-04,0.000000000000000000e+00,1.254605706020578805e-04,-3.185326083797471392e-04,0.000000000000000000e+00,6.227580911450031689e-03,5.477238100075059380e-06,5.477238100075058533e-06,5.477238100074188630e-06,5.477238100074194560e-06
3.899756265233422997e-04,0.000000000000000000e+00,1.258045220272708338e-04,-3.242096968212288639e-04,0.000000000000000000e+00,6.227580955115280190e-03,5.027142148657525960e-06,5.027142148657531042e-06,5.027142148656701797e-06,5.027142148656702644e-06
3.949753140428723195e-04,0.000000000000000000e+00,1.261347804125334743e-04,-3.298865400433638614e-04,0.000000000000000000e+00,6.227580999763730925e-03,4.538402897917281051e-06,4.538402897917289521e-06,4.538402897916504321e-06,4.538402897916496698e-06
3.999750015624023393e-04,0.000000000000000000e+00,1.264530046078455488e-04,-3.355631380461523484e-04,0.000000000000000000e+00,6.227581044788516040e-03,4.011455752133887161e-06,4.011455752133899866e-06,4.011455752133159560e-06,4.011455752133147701e-06
4.049746890819323590e-04,0.000000000000000000e+00,1.267608091455052770e-04,-3.412394908295941624e-04,0.000000000000000000e+00,6.227581089587813992e-03,3.446887151959744722e-06,3.446887151959765897e-06,3.446887151959067942e-06,3.446887151959051849e-06
4.099743766014623788e-04,0.000000000000000000e+00,1.270597601182014047e-04,-3.469155983936893033e-04,0.000000000000000000e+00,6.227581133572551719e-03,2.845434846520967918e-06,2.845434846520993329e-06,2.845434846520343654e-06,2.845434846520325020e-06
4.149740641209924527e-04,0.000000000000000000e+00,1.273513712559039160e-04,-3.525914607384379338e-04,0.000000000000000000e+00,6.227581176173811912e-03,2.207987582314471071e-06,2.207987582314501564e-06,2.207987582313901864e-06,2.207987582313873912e-06
4.199737516405224725e-04,0.000000000000000000e+00,1.276371002118683424e-04,-3.582670778638398913e-04,0.000000000000000000e+00,6.227581216849845634e-03,1.535584205597588888e-06,1.535584205597627852e-06,1.535584205597074739e-06,1.535584205597040858e-06
4.249734391600524922e-04,0.000000000000000000e+00,1.279183450673497795e-04,-3.639424497698951757e-04,0.000000000000000000e+00,6.227581255092590543e-03,8.294121772509043634e-07,8.294121772509501032e-07,8.294121772504461186e-07,8.294121772504037669e-07
4.299731266795825120e-04,0.000000000000000000e+00,1.281964410638748394e-04,-3.696175764566038955e-04,0.000000000000000000e+00,6.227581290433659156e-03,9.080550139252310370e-08,9.080550139257816084e-08,9.080550139212584525e-08,9.080550139207502327e-08
4.349728141991125317e-04,0.000000000000000000e+00,1.284726575711523950e-04,-3.752924579239658880e-04,0.000000000000000000e+00,6.227581322449675730e-03,-6.787579286770952937e-07,-6.787579286770376955e-07,-6.787579286774417302e-07,-6.787579286774959403e-07
4.399725017186425515e-04,0.000000000000000000e+00,1.287481952979109079e-04,-3.809670941719813702e-04,0.000000000000000000e+00,6.227581350766924449e-03,-1.477659561324809614e-06,-1.477659561324746933e-06,-1.477659561325098452e-06,-1.477659561325163674e-06
4.449721892381726255e-04,0.000000000000000000e+00,1.290241837521419643e-04,-3.866414852006501792e-04,0.000000000000000000e+00,6.227581375065293322e-03,-2.304143986072498177e-06,-2.304143986072425332e-06,-2.304143986072735346e-06,-2.304143986072804802e-06
4.499718767577026452e-04,0.000000000000000000e+00,1.293016789564035377e-04,-3.923156310099723152e-04,0.000000000000000000e+00,6.227581395081412292e-03,-3.156323291308357748e-06,-3.156323291308278974e-06,-3.156323291308540707e-06,-3.156323291308619481e-06
4.549715642772326650e-04,0.000000000000000000e+00,1.295816614229981637e-04,-3.979895315999479408e-04,0.000000000000000000e+00,6.227581410611009866e-03,-4.032181967581017625e-06,-4.032181967580931228e-06,-4.032181967581145527e-06,-4.032181967581228536e-06
4.599712517967626847e-04,0.000000000000000000e+00,1.298650343929937741e-04,-4.036631869705768392e-04,0.000000000000000000e+00,6.227581421510446601e-03,-4.929582341650564068e-06,-4.929582341650470894e-06,-4.929582341650637760e-06,-4.929582341650730086e-06
4.649709393162927045e-04,0.000000000000000000e+00,1.301526223421963554e-04,-4.093365971218591187e-04,0.000000000000000000e+00,6.227581427697434155e-03,-5.846270524335278987e-06,-5.846270524335180732e-06,-5.846270524335304398e-06,-5.846270524335403501e-06
4.699706268358227784e-04,0.000000000000000000e+00,1.304451697563255893e-04,-4.150097620537948335e-04,0.000000000000000000e+00,6.227581429150945945e-03,-6.779882853114857283e-06,-6.779882853114752250e-06,-6.779882853114838648e-06,-6.779882853114941986e-06
4.749703143553527982e-04,0.000000000000000000e+00,1.307433401767794099e-04,-4.206826817663838754e-04,0.000000000000000000e+00,6.227581425910321163e-03,-7.727952808439806902e-06,-7.727952808439691706e-06,-7.727952808439739139e-06,-7.727952808439854336e-06
4.799700018748828179e-04,0.000000000000000000e+00,1.310477155175135595e-04,-4.263553562596262983e-04,0.000000000000000000e+00,6.227581418073610715e-03,-8.687918380759710246e-06,-8.687918380759588274e-06,-8.687918380759600132e-06,-8.687918380759718717e-06
4.849696893944128377e-04,0.000000000000000000e+00,1.313587956527030500e-04,-4.320277855335221025e-04,0.000000000000000000e+00,6.227581405795196319e-03,-9.657129863427951384e-06,-9.657129863427827717e-06,-9.657129863427802306e-06,-9.657129863427932749e-06
4.899693769139429117e-04,0.000000000000000000e+00,1.316769982740015256e-04,-4.376999695880711794e-04,0.000000000000000000e+00,6.227581389282724374e-03,-1.063285804487500551e-05,-1.063285804487486998e-05,-1.063285804487481916e-05,-1.063285804487495299e-05
4.949690644334729314e-04,0.000000000000000000e+00,1.320026590153716933e-04,-4.433719084232738000e-04,0.000000000000000000e+00,6.227581368793411870e-03,-1.161230277177343909e-05,-1.161230277177329510e-05,-1.161230277177321548e-05,-1.161230277177335608e-05
4.999687519530029512e-04,0.000000000000000000e+00,1.323360318426300831e-04,-4.490436020391296934e-04,0.000000000000000000e+00,6.227581344629798052e-03,-1.259260185335218718e-05,-1.259260185335204318e-05,-1.259260185335194323e-05,-1.259260185335208723e-05
5.049684394725329709e-04,0.000000000000000000e+00,1.326772897040328345e-04,-4.547150504356389680e-04,0.000000000000000000e+00,6.227581317134992141e-03,-1.357084027556178468e-05,-1.357084027556162544e-05,-1.357084027556150686e-05,-1.357084027556166271e-05
5.099681269920629907e-04,0.000000000000000000e+00,1.330265254374311508e-04,-4.603862536128016780e-04,0.000000000000000000e+00,6.227581286687507330e-03,-1.454405969245174820e-05,-1.454405969245158388e-05,-1.454405969245144157e-05,-1.454405969245160251e-05
5.149678145115930104e-04,0.000000000000000000e+00,1.333837529287451422e-04,-4.660572115706176606e-04,0.000000000000000000e+00,6.227581253695747832e-03,-1.550926816090244967e-05,-1.550926816090228026e-05,-1.550926816090212779e-05,-1.550926816090229042e-05
5.199675020311230302e-04,0.000000000000000000e+00,1.337489085157475717e-04,-4.717279243090870787e-04,0.000000000000000000e+00,6.227581218592246129e-03,-1.646345008376075278e-05,-1.646345008376057998e-05,-1.646345008376041397e-05,-1.646345008376058676e-05
5.249671895506530499e-04,0.000000000000000000e+00,1.341218526304168031e-04,-4.773983918282098779e-04,0.000000000000000000e+00,6.227581181827700728e-03,-1.740357632546649927e-05,-1.740357632546632308e-05,-1.740357632546614690e-05,-1.740357632546632647e-05
5.299668770701830697e-04,0.000000000000000000e+00,1.345023716724107784e-04,-4.830686141279860041e-04,0.000000000000000000e+00,6.227581143864948862e-03,-1.832661446342978415e-05,-1.832661446342960119e-05,-1.832661446342942501e-05,-1.832661446342960119e-05
5.349665645897130895e-04,0.000000000000000000e+00,1.348901801055370155e-04,-4.887385912084156198e-04,0.000000000000000000e+00,6.227581105172891492e-03,-1.922953913773001985e-05,-1.922953913772982673e-05,-1.922953913772964377e-05,-1.922953913772983351e-05
5.399662521092431092e-04,0.000000000000000000e+00,1.352849227684464262e-04,-4.944083230694985625e-04,0.000000000000000000e+00,6.227581066220526720e-03,-2.010934246116056830e-05,-2.010934246116037179e-05,-2.010934246116018544e-05,-2.010934246116037518e-05
5.449659396287732374e-04,0.000000000000000000e+00,1.356861773901638795e-04,-5.000778097112349406e-04,0.000000000000000000e+00,6.227581027471091636e-03,-2.096304445123905501e-05,-2.096304445123886188e-05,-2.096304445123868231e-05,-2.096304445123887543e-05
5.499656271483032571e-04,0.000000000000000000e+00,1.360934573004901724e-04,-5.057470511336245372e-04,0.000000000000000000e+00,6.227580989376448745e-03,-2.178770344554631963e-05,-2.178770344554611634e-05,-2.178770344554594354e-05,-2.178770344554614006e-05
5.549653146678332769e-04,0.000000000000000000e+00,1.365062143247642592e-04,-5.114160473366675692e-04,0.000000000000000000e+00,6.227580952371749093e-03,-2.258042646164636237e-05,-2.258042646164615908e-05,-2.258042646164599645e-05,-2.258042646164619974e-05
5.599650021873632966e-04,0.000000000000000000e+00,1.369238418519699743e-04,-5.170847983203640365e-04,0.000000000000000000e+00,6.227580916870453613e-03,-2.333837946287802955e-05,-2.333837946287782626e-05,-2.333837946287767719e-05,-2.333837946287788047e-05
5.649646897068933164e-04,0.000000000000000000e+00,1.373456780647041642e-04,-5.227533040847138308e-04,0.000000000000000000e+00,6.227580883259756055e-03,-2.405879749149502072e-05,-2.405879749149481066e-05,-2.405879749149467513e-05,-2.405879749149488181e-05
5.699643772264233361e-04,0.000000000000000000e+00,1.377710093190959975e-04,-5.284215646297169520e-04,0.000000000000000000e+00,6.227580851896467352e-03,-2.473899463096537109e-05,-2.473899463096516102e-05,-2.473899463096503227e-05,-2.473899463096523895e-05
5.749640647459533559e-04,0.000000000000000000e+00,1.381990736623832231e-04,-5.340895799553734002e-04,0.000000000000000000e+00,6.227580823103396127e-03,-2.537637375972293842e-05,-2.537637375972273175e-05,-2.537637375972261994e-05,-2.537637375972283339e-05
5.799637522654833757e-04,0.000000000000000000e+00,1.386290644755067245e-04,-5.397573500616832838e-04,0.000000000000000000e+00,6.227580797166266079e-03,-2.596843605929062451e-05,-2.596843605929041783e-05,-2.596843605929032974e-05,-2.596843605929053980e-05
5.849634397850133954e-04,0.000000000000000000e+00,1.390601342277869937e-04,-5.454248749486466027e-04,0.000000000000000000e+00,6.227580774331183296e-03,-2.651279024046560706e-05,-2.651279024046538345e-05,-2.651279024046532246e-05,-2.651279024046553252e-05
5.899631273045434152e-04,0.000000000000000000e+00,1.394913983304894660e-04,-5.510921546162632486e-04,0.000000000000000000e+00,6.227580754802681216e-03,-2.700716145216907528e-05,-2.700716145216885844e-05,-2.700716145216881101e-05,-2.700716145216902107e-05
5.949628148240734349e-04,0.000000000000000000e+00,1.399219390758761877e-04,-5.567591890645332215e-04,0.000000000000000000e+00,6.227580738742358873e-03,-2.744939983861233428e-05,-2.744939983861212083e-05,-2.744939983861209034e-05,-2.744939983861230379e-05
5.999625023436035631e-04,0.000000000000000000e+00,1.403508096481730734e-04,-5.624259782934566297e-04,0.000000000000000000e+00,6.227580726268074247e-03,-2.783748871161527213e-05,-2.783748871161505868e-05,-2.783748871161505529e-05,-2.783748871161526196e-05
6.049621898631335828e-04,0.000000000000000000e+00,1.407770381927641071e-04,-5.680925223030333648e-04,0.000000000000000000e+00,6.227580717453738701e-03,-2.816955230622733775e-05,-2.816955230622712091e-05,-2.816955230622713785e-05,-2.816955230622734453e-05
6.099618773826636026e-04,0.000000000000000000e+00,1.411996319298458548e-04,-5.737588210932636438e-04,0.000000000000000000e+00,6.227580712329656119e-03,-2.844386308924021594e-05,-2.844386308923999571e-05,-2.844386308924003298e-05,-2.844386308924023966e-05
6.149615649021936224e-04,0.000000000000000000e+00,1.416175812987465474e-04,-5.794248746641471413e-04,0.000000000000000000e+00,6.227580710883398075e-03,-2.865884859174118996e-05,-2.865884859174097651e-05,-2.865884859174103411e-05,-2.865884859174124078e-05
6.199612524217236421e-04,0.000000000000000000e+00,1.420298641191279556e-04,-5.850906830156839657e-04,0.000000000000000000e+00,6.227580713061176866e-03,-2.881309773852986861e-05,-2.881309773852966193e-05,-2.881309773852973647e-05,-2.881309773852994314e-05
6.249609399412536619e-04,0.000000000000000000e+00,1.424354497553485788e-04,-5.907562461478742255e-04,0.000000000000000000e+00,6.227580718769703400e-03,-2.890536664900336938e-05,-2.890536664900316270e-05,-2.890536664900326096e-05,-2.890536664900346763e-05
6.299606274607836816e-04,0.000000000000000000e+00,1.428333032703677278e-04,-5.964215640607178123e-04,0.000000000000000000e+00,6.227580727878448408e-03,-2.893458388599889135e-05,-2.893458388599868806e-05,-2.893458388599880326e-05,-2.893458388599899638e-05
6.349603149803137014e-04,0.000000000000000000e+00,1.432223895557196915e-04,-6.020866367542148344e-04,0.000000000000000000e+00,6.227580740222310451e-03,-2.889985513106160220e-05,-2.889985513106140230e-05,-2.889985513106153105e-05,-2.889985513106173434e-05
6.399600024998437211e-04,0.000000000000000000e+00,1.436016774242735057e-04,-6.077514642283651835e-04,0.000000000000000000e+00,6.227580755604587501e-03,-2.880046726667202266e-05,-2.880046726667182276e-05,-2.880046726667197184e-05,-2.880046726667216496e-05
6.449596900193737409e-04,0.000000000000000000e+00,1.439701436527278887e-04,-6.134160464831688595e-04,0.000000000000000000e+00,6.227580773800249492e-03,-2.863589184811299228e-05,-2.863589184811279916e-05,-2.863589184811295502e-05,-2.863589184811314475e-05
6.499593775389037606e-04,0.000000000000000000e+00,1.443267769610593872e-04,-6.190803835186260793e-04,0.000000000000000000e+00,6.227580794559408640e-03,-2.840578794987442876e-05,-2.840578794987423902e-05,-2.840578794987440843e-05,-2.840578794987458800e-05
6.549590650584338888e-04,0.000000000000000000e+00,1.446705819164559217e-04,-6.247444753347366261e-04,0.000000000000000000e+00,6.227580817610990985e-03,-2.811000437377512566e-05,-2.811000437377493254e-05,-2.811000437377510872e-05,-2.811000437377529507e-05
6.599587525779639086e-04,0.000000000000000000e+00,1.450005827496150845e-04,-6.304083219315003914e-04,0.000000000000000000e+00,6.227580842666486857e-03,-2.774858120831718777e-05,-2.774858120831700481e-05,-2.774858120831718439e-05,-2.774858120831736057e-05
6.649584400974939283e-04,0.000000000000000000e+00,1.453158270716733286e-04,-6.360719233089177005e-04,0.000000000000000000e+00,6.227580869423777685e-03,-2.732175073117103711e-05,-2.732175073117086770e-05,-2.732175073117105744e-05,-2.732175073117122007e-05
6.699581276170239481e-04,0.000000000000000000e+00,1.456153894804535658e-04,-6.417352794669883365e-04,0.000000000000000000e+00,6.227580897570957584e-03,-2.682993764910821530e-05,-2.682993764910803912e-05,-2.682993764910822208e-05,-2.682993764910839487e-05
6.749578151365539678e-04,0.000000000000000000e+00,1.458983750451719119e-04,-6.473983904057124079e-04,0.000000000000000000e+00,6.227580926790106386e-03,-2.627375867214674668e-05,-2.627375867214658067e-05,-2.627375867214676024e-05,-2.627375867214692625e-05
6.799575026560839876e-04,0.000000000000000000e+00,1.461639226592328597e-04,-6.530612561250898063e-04,0.000000000000000000e+00,6.227580956760975055e-03,-2.565402142114010860e-05,-2.565402142113994597e-05,-2.565402142114011876e-05,-2.565402142114027800e-05
6.849571901756140073e-04,0.000000000000000000e+00,1.464112082512565897e-04,-6.587238766251204232e-04,0.000000000000000000e+00,6.227580987164514116e-03,-2.497172267051589261e-05,-2.497172267051574353e-05,-2.497172267051590955e-05,-2.497172267051606201e-05
6.899568776951440271e-04,0.000000000000000000e+00,1.466394478450263391e-04,-6.643862519058045838e-04,0.000000000000000000e+00,6.227581017686228612e-03,-2.422804593034622251e-05,-2.422804593034608020e-05,-2.422804593034622589e-05,-2.422804593034636820e-05
6.949565652146740468e-04,0.000000000000000000e+00,1.468479004596155615e-04,-6.700483819671420715e-04,0.000000000000000000e+00,6.227581048019323155e-03,-2.342435837439752158e-05,-2.342435837439737928e-05,-2.342435837439750464e-05,-2.342435837439764355e-05
6.999562527342040666e-04,0.000000000000000000e+00,1.470358708415468003e-04,-6.757102668091328861e-04,0.000000000000000000e+00,6.227581077867573763e-03,-2.256220712325443203e-05,-2.256220712325429650e-05,-2.256220712325441170e-05,-2.256220712325454384e-05
7.049559402537340863e-04,0.000000000000000000e+00,1.472027120214507016e-04,-6.813719064317771360e-04,0.000000000000000000e+00,6.227581106947957697e-03,-2.164331489403154433e-05,-2.164331489403141897e-05,-2.164331489403150706e-05,-2.164331489403162903e-05
7.099556277732641061e-04,0.000000000000000000e+00,1.473478276883287473e-04,-6.870333008350747129e-04,0.000000000000000000e+00,6.227581134992962383e-03,-2.066957503056748212e-05,-2.066957503056736015e-05,-2.066957503056741775e-05,-2.066957503056753972e-05
7.149553152927942343e-04,0.000000000000000000e+00,1.474706743751758422e-04,-6.926944500190257252e-04,0.000000000000000000e+00,6.227581161752598557e-03,-1.964304593033083601e-05,-1.964304593033072081e-05,-1.964304593033076147e-05,-1.964304593033087328e-05
7.199550028123242540e-04,0.000000000000000000e+00,1.475707634503862413e-04,-6.983553539836301728e-04,0.000000000000000000e+00,6.227581186996098556e-03,-1.856594488654621933e-05,-1.856594488654611429e-05,-1.856594488654611768e-05,-1.856594488654622271e-05
7.249546903318542738e-04,0.000000000000000000e+00,1.476476629100461561e-04,-7.040160127288878390e-04,0.000000000000000000e+00,6.227581210513289355e-03,-1.744064136626297139e-05,-1.744064136626287653e-05,-1.744064136626284942e-05,-1.744064136626294768e-05
7.299543778513842935e-04,0.000000000000000000e+00,1.477009989669068478e-04,-7.096764262547989406e-04,0.000000000000000000e+00,6.227581232115649013e-03,-1.626964974723088867e-05,-1.626964974723079380e-05,-1.626964974723072265e-05,-1.626964974723081752e-05
7.349540653709143133e-04,0.000000000000000000e+00,1.477304574325304901e-04,-7.153365945613634775e-04,0.000000000000000000e+00,6.227581251637059542e-03,-1.505562153850705372e-05,-1.505562153850696562e-05,-1.505562153850686059e-05,-1.505562153850694530e-05
7.399537528904443330e-04,0.000000000000000000e+00,1.477357848898045931e-04,-7.209965176485813414e-04,0.000000000000000000e+00,6.227581268934251867e-03,-1.380133711168935517e-05,-1.380133711168927724e-05,-1.380133711168912647e-05,-1.380133711168920609e-05
7.449534404099743528e-04,0.000000000000000000e+00,1.477167896537272740e-04,-7.266561955164526406e-04,0.000000000000000000e+00,6.227581283886975821e-03,-1.250969697154545277e-05,-1.250969697154538331e-05,-1.250969697154519019e-05,-1.250969697154526473e-05
7.499531279295043725e-04,0.000000000000000000e+00,1.476733425190742950e-04,-7.323156281649771584e-04,0.000000000000000000e+00,6.227581296397912552e-03,-1.118371259657632516e-05,-1.118371259657626417e-05,-1.118371259657602700e-05,-1.118371259657609137e-05
7.549528154490343923e-04,0.000000000000000000e+00,1.476053772942642790e-04,-7.379748155941551115e-04,0.000000000000000000e+00,6.227581306392334509e-03,-9.826496881711530414e-06,-9.826496881711472816e-06,-9.826496881711189907e-06,-9.826496881711249199e-06
7.599525029685644121e-04,0.000000000000000000e+00,1.475128911214407235e-04,-7.436337578039865000e-04,0.000000000000000000e+00,6.227581313817564211e-03,-8.441254216874333573e-06,-8.441254216874284445e-06,-8.441254216873950714e-06,-8.441254216874001536e-06
7.649521904880944318e-04,0.000000000000000000e+00,1.473959445834852489e-04,-7.492924547944712155e-04,0.000000000000000000e+00,6.227581318642253470e-03,-7.031270236571504933e-06,-7.031270236571464276e-06,-7.031270236571079723e-06,-7.031270236571124615e-06
7.699518780076245600e-04,0.000000000000000000e+00,1.472546615993653091e-04,-7.549509065656092579e-04,0.000000000000000000e+00,6.227581320855482203e-03,-5.599901276950518695e-06,-5.599901276950481425e-06,-5.599901276950046051e-06,-5.599901276950090096e-06
7.749515655271545797e-04,0.000000000000000000e+00,1.470892291098944006e-04,-7.606091131174007357e-04,0.000000000000000000e+00,6.227581320465767033e-03,-4.150563577919569490e-06,-4.150563577919540691e-06,-4.150563577919057882e-06,-4.150563577919091763e-06
7.799512530466845995e-04,0.000000000000000000e+00,1.468998965566498344e-04,-7.662670744498455404e-04,0.000000000000000000e+00,6.227581317499931123e-03,-2.686722268939717762e-06,-2.686722268939695739e-06,-2.686722268939162108e-06,-2.686722268939189214e-06
7.849509405662146192e-04,0.000000000000000000e+00,1.466869751574381817e-04,-7.719247905629438890e-04,0.000000000000000000e+00,6.227581312001951447e-03,-1.211880177969036797e-06,-1.211880177969021550e-06,-1.211880177968435404e-06,-1.211880177968455732e-06
7.899506280857446390e-04,0.000000000000000000e+00,1.464508369823359869e-04,-7.775822614566954560e-04,0.000000000000000000e+00,6.227581304031731477e-03,2.704334962377099991e-07,2.704334962377193165e-07,2.704334962383562853e-07,2.704334962383384976e-07
7.949503156052746588e-04,0.000000000000000000e+00,1.461919138349419324e-04,-7.832394871311003500e-04,0.000000000000000000e+00,6.227581293663881669e-03,1.756674607696519801e-06,1.756674607696524883e-06,1.756674607697211827e-06,1.756674607697196580e-06
7.999500031248046785e-04,0.000000000000000000e+00,1.459106959440722724e-04,-7.888964675861587878e-04,0.000000000000000000e+00,6.227581280986495618e-03,3.243295541430012114e-06,3.243295541430010420e-06,3.243295541430744797e-06,3.243295541430738868e-06
8.049496906443346983e-04,0.000000000000000000e+00,1.456077304717002890e-04,-7.945532028218705526e-04,0.000000000000000000e+00,6.227581266099984324e-03,4.726756704905528053e-06,4.726756704905519583e-06,4.726756704906300547e-06,4.726756704906300547e-06
8.099493781638647180e-04,0.000000000000000000e+00,1.452836198434867435e-04,-8.002096928382356443e-04,0.000000000000000000e+00,6.227581249115926934e-03,6.203537991097505608e-06,6.203537991097492056e-06,6.203537991098317066e-06,6.203537991098319607e-06
8.149490656833947378e-04,0.000000000000000000e+00,1.449390199087684976e-04,-8.058659376352540630e-04,0.000000000000000000e+00,6.227581230156022975e-03,7.670150171640669081e-06,7.670150171640652140e-06,7.670150171641522890e-06,7.670150171641529666e-06
8.199487532029247575e-04,0.000000000000000000e+00,1.445746379373647871e-04,-8.115219372129258086e-04,0.000000000000000000e+00,6.227581209351101821e-03,9.123146178741095764e-06,9.123146178741072047e-06,9.123146178741983455e-06,9.123146178741993619e-06
8.249484407224548857e-04,0.000000000000000000e+00,1.441912304610248592e-04,-8.171776915712510980e-04,0.000000000000000000e+00,6.227581186840225845e-03,1.055913223486848668e-05,1.055913223486845958e-05,1.055913223486940995e-05,1.055913223486942689e-05
8.299481282419849055e-04,0.000000000000000000e+00,1.437896009677756945e-04,-8.228332007102297143e-04,0.000000000000000000e+00,6.227581162769881169e-03,1.197477878976453377e-05,1.197477878976450328e-05,1.197477878976548922e-05,1.197477878976550955e-05
8.349478157615149252e-04,0.000000000000000000e+00,1.433705974578296607e-04,-8.284884646298615492e-04,0.000000000000000000e+00,6.227581137293266428e-03,1.336683122496584567e-05,1.336683122496581179e-05,1.336683122496682993e-05,1.336683122496685534e-05
8.399475032810449450e-04,0.000000000000000000e+00,1.429351098700849126e-04,-8.341434833301469278e-04,0.000000000000000000e+00,6.227581110569666532e-03,1.473212028685535341e-05,1.473212028685531614e-05,1.473212028685636307e-05,1.473212028685639017e-05
8.449471908005749647e-04,0.000000000000000000e+00,1.424840673885867761e-04,-8.397982568110856335e-04,0.000000000000000000e+00,6.227581082763907101e-03,1.606757221021851237e-05,1.606757221021846833e-05,1.606757221021954575e-05,1.606757221021957625e-05
8.499468783201049845e-04,0.000000000000000000e+00,1.420184356386240459e-04,-8.454527850726777745e-04,0.000000000000000000e+00,6.227581054045883482e-03,1.737021849538834513e-05,1.737021849538830109e-05,1.737021849538939884e-05,1.737021849538943611e-05
8.549465658396350042e-04,0.000000000000000000e+00,1.415392137824023858e-04,-8.511070681149232424e-04,0.000000000000000000e+00,6.227581024590148756e-03,1.863720530331091309e-05,1.863720530331086227e-05,1.863720530331198035e-05,1.863720530331201762e-05
8.599462533591650240e-04,0.000000000000000000e+00,1.410474315244704467e-04,-8.567611059378220373e-04,0.000000000000000000e+00,6.227580994575556382e-03,1.986580243424710806e-05,1.986580243424705385e-05,1.986580243424818548e-05,1.986580243424822953e-05
8.649459408786950437e-04,0.000000000000000000e+00,1.405441460372741126e-04,-8.624148985413742675e-04,0.000000000000000000e+00,6.227580964184915857e-03,2.105341185734137293e-05,2.105341185734131872e-05,2.105341185734246391e-05,2.105341185734250456e-05
8.699456283982250635e-04,0.000000000000000000e+00,1.400304388173749060e-04,-8.680684459255798248e-04,0.000000000000000000e+00,6.227580933604673526e-03,2.219757575992865699e-05,2.219757575992859939e-05,2.219757575992975136e-05,2.219757575992979879e-05
8.749453159177550832e-04,0.000000000000000000e+00,1.395074124829969006e-04,-8.737217480904387089e-04,0.000000000000000000e+00,6.227580903024573442e-03,2.329598408721062216e-05,2.329598408721056117e-05,2.329598408721171652e-05,2.329598408721176396e-05
8.799450034372851030e-04,0.000000000000000000e+00,1.389761875236549893e-04,-8.793748050359510285e-04,0.000000000000000000e+00,6.227580872637301750e-03,2.434648154480527902e-05,2.434648154480520787e-05,2.434648154480636322e-05,2.434648154480641743e-05
8.849446909568152312e-04,0.000000000000000000e+00,1.384378990126726992e-04,-8.850276167621166749e-04,0.000000000000000000e+00,6.227580842638070352e-03,2.534707403865298534e-05,2.534707403865292096e-05,2.534707403865406954e-05,2.534707403865412375e-05
8.899443784763452509e-04,0.000000000000000000e+00,1.378936932934139324e-04,-8.906801832689357568e-04,0.000000000000000000e+00,6.227580813224145063e-03,2.629593452883975183e-05,2.629593452883968407e-05,2.629593452884082248e-05,2.629593452884088347e-05
8.949440659958752707e-04,0.000000000000000000e+00,1.373447246500392389e-04,-8.963325045564082740e-04,0.000000000000000000e+00,6.227580784594276622e-03,2.719140827606699796e-05,2.719140827606692342e-05,2.719140827606805167e-05,2.719140827606811265e-05
8.999437535154052904e-04,0.000000000000000000e+00,1.367921519735397647e-04,-9.019845806245340098e-04,0.000000000000000000e+00,6.227580756948045831e-03,2.803201746174915744e-05,2.803201746174908290e-05,2.803201746175019421e-05,2.803201746175025858e-05
9.049434410349353102e-04,0.000000000000000000e+00,1.362371354337192696e-04,-9.076364114733131809e-04,0.000000000000000000e+00,6.227580730485077730e-03,2.881646516504606577e-05,2.881646516504598446e-05,2.881646516504707882e-05,2.881646516504714320e-05
9.099431285544653299e-04,0.000000000000000000e+00,1.356808331676694339e-04,-9.132879971027457874e-04,0.000000000000000000e+00,6.227580705404143872e-03,2.954363868252926585e-05,2.954363868252918453e-05,2.954363868253025179e-05,2.954363868253031617e-05
9.149428160739953497e-04,0.000000000000000000e+00,1.351243979951324045e-04,-9.189393375128317209e-04,0.000000000000000000e+00,6.227580681902124098e-03,3.021261217863007576e-05,3.021261217862999105e-05,3.021261217863102782e-05,3.021261217863110236e-05
9.199425035935253694e-04,0.000000000000000000e+00,1.345689741709550343e-04,-9.245904327035710897e-04,0.000000000000000000e+00,6.227580660172828651e-03,3.082264865751347570e-05,3.082264865751339439e-05,3.082264865751440405e-05,3.082264865751447181e-05
9.249421911130553892e-04,0.000000000000000000e+00,1.340156941846233824e-04,-9.302412826749637854e-04,0.000000000000000000e+00,6.227580640405688470e-03,3.137320124955661027e-05,3.137320124955652218e-05,3.137320124955749118e-05,3.137320124955757250e-05
9.299418786325854090e-04,0.000000000000000000e+00,1.334656756166134736e-04,-9.358918874270098082e-04,0.000000000000000000e+00,6.227580622784302349e-03,3.186391380817375958e-05,3.186391380817367149e-05,3.186391380817461339e-05,3.186391380817468793e-05
9.349415661521154287e-04,0.000000000000000000e+00,1.329200180610226698e-04,-9.415422469597092663e-04,0.000000000000000000e+00,6.227580607484860080e-03,3.229462081531210766e-05,3.229462081531201957e-05,3.229462081531291403e-05,3.229462081531299535e-05
9.399412536716455569e-04,0.000000000000000000e+00,1.323798001236333247e-04,-9.471923612730620513e-04,0.000000000000000000e+00,6.227580594674450229e-03,3.266534659653402514e-05,3.266534659653393027e-05,3.266534659653477053e-05,3.266534659653485862e-05
9.449409411911755766e-04,0.000000000000000000e+00,1.318460765042330407e-04,-9.528422303670681633e-04,0.000000000000000000e+00,6.227580584509257756e-03,3.297630384919218288e-05,3.297630384919208123e-05,3.297630384919288761e-05,3.297630384919297570e-05
9.499406287107055964e-04,0.000000000000000000e+00,1.313198751716554901e-04,-9.584918542417277107e-04,0.000000000000000000e+00,6.227580577132694854e-03,3.322789148978510881e-05,3.322789148978500716e-05,3.322789148978576610e-05,3.322789148978585419e-05
9.549403162302356161e-04,0.000000000000000000e+00,1.308021946396269110e-04,-9.641412328970405850e-04,0.000000000000000000e+00,6.227580572673456320e-03,3.342069182914004583e-05,3.342069182913995096e-05,3.342069182914066247e-05,3.342069182914075056e-05
9.599400037497656359e-04,0.000000000000000000e+00,1.302940013510961925e-04,-9.697903663330070031e-04,0.000000000000000000e+00,6.227580571243553249e-03,3.355546708660122170e-05,3.355546708660112006e-05,3.355546708660178413e-05,3.355546708660187222e-05
9.649396912692956556e-04,0.000000000000000000e+00,1.297962271783063880e-04,-9.754392545496266397e-04,0.000000000000000000e+00,6.227580572936345857e-03,3.363315525689194562e-05,3.363315525689185076e-05,3.363315525689246740e-05,3.363315525689255549e-05
9.699393787888256754e-04,0.000000000000000000e+00,1.293097670454199696e-04,-9.810878975468997117e-04,0.000000000000000000e+00,6.227580577824595384e-03,3.365486534576081371e-05,3.365486534576071206e-05,3.365486534576126094e-05,3.365486534576136258e-05
9.749390663083556952e-04,0.000000000000000000e+00,1.288354766800498929e-04,-9.867362953248260023e-04,0.000000000000000000e+00,6.227580585958593200e-03,3.362187199290542227e-05,3.362187199290531385e-05,3.362187199290580852e-05,3.362187199290591017e-05
9.799387538278858233e-04,0.000000000000000000e+00,1.283741704995741771e-04,-9.923844478834057282e-04,0.000000000000000000e+00,6.227580597364378370e-03,3.353560950298315575e-05,3.353560950298303377e-05,3.353560950298348778e-05,3.353560950298358943e-05
9.849384413474157347e-04,0.000000000000000000e+00,1.279266196376211285e-04,-9.980323552226388895e-04,0.000000000000000000e+00,6.227580612042106153e-03,3.339766530775743894e-05,3.339766530775733052e-05,3.339766530775772354e-05,3.339766530775782518e-05
9.899381288669458628e-04,0.000000000000000000e+00,1.274935501156105699e-04,-1.003680017342525486e-03,0.000000000000000000e+00,6.227580629964572616e-03,3.320977288458272942e-05,3.320977288458261422e-05,3.320977288458295304e-05,3.320977288458306146e-05
9.949378163864757742e-04,0.000000000000000000e+00,1.270756411637255316e-04,-1.009327434243065301e-03,0.000000000000000000e+00,6.227580651075972570e-03,3.297380415849212633e-05,3.297380415849200436e-05,3.297380415849229574e-05,3.297380415849241093e-05
9.999375039060059023e-04,0.000000000000000000e+00,1.266735236951698016e-04,-1.014974605924258552e-03,0.000000000000000000e+00,6.227580675290879560e-03,3.269176141711182469e-05,3.269176141711170272e-05,3.269176141711193989e-05,3.269176141711205508e-05
1.004937191425535814e-03,0.000000000000000000e+00,1.262877789370379098e-04,-1.020621532386105238e-03,0.000000000000000000e+00,6.227580702493528547e-03,3.236576876947726907e-05,3.236576876947714032e-05,3.236576876947732328e-05,3.236576876947744525e-05
1.009936878945065942e-03,0.000000000000000000e+00,1.259189372205952767e-04,-1.026268213628605142e-03,0.000000000000000000e+00,6.227580732537392645e-03,3.199806318156103783e-05,3.199806318156090909e-05,3.199806318156103106e-05,3.199806318156117336e-05
1.014936566464595853e-03,0.000000000000000000e+00,1.255674769332330723e-04,-1.031914649651758699e-03,0.000000000000000000e+00,6.227580765245111991e-03,3.159098512293511128e-05,3.159098512293496898e-05,3.159098512293505707e-05,3.159098512293518582e-05
1.019936253984125981e-03,0.000000000000000000e+00,1.252338236338248643e-04,-1.037560840455565474e-03,0.000000000000000000e+00,6.227580800408771301e-03,3.114696886047308084e-05,3.114696886047293854e-05,3.114696886047297919e-05,3.114696886047312149e-05
1.024935941503656110e-03,0.000000000000000000e+00,1.249183493326809589e-04,-1.043206786040025468e-03,0.000000000000000000e+00,6.227580837790578153e-03,3.066853243634684801e-05,3.066853243634670571e-05,3.066853243634671248e-05,3.066853243634684123e-05
1.029935629023186021e-03,0.000000000000000000e+00,1.246213719367646156e-04,-1.048852486405139114e-03,0.000000000000000000e+00,6.227580877123916822e-03,3.015826736878061365e-05,3.015826736878047135e-05,3.015826736878042053e-05,3.015826736878056961e-05
1.034935316542716149e-03,0.000000000000000000e+00,1.243431548603062583e-04,-1.054497941550905978e-03,0.000000000000000000e+00,6.227580918114828876e-03,2.961882811508862473e-05,2.961882811508847904e-05,2.961882811508839773e-05,2.961882811508854342e-05
1.039935004062246060e-03,0.000000000000000000e+00,1.240839068004326057e-04,-1.060143151477326278e-03,0.000000000000000000e+00,6.227580960443884935e-03,2.905292133743776179e-05,2.905292133743760932e-05,2.905292133743748735e-05,2.905292133743763642e-05
1.044934691581776189e-03,0.000000000000000000e+00,1.238437816769128136e-04,-1.065788116184400013e-03,0.000000000000000000e+00,6.227581003768473643e-03,2.846329501253772276e-05,2.846329501253755674e-05,2.846329501253739750e-05,2.846329501253756352e-05
1.049934379101306100e-03,0.000000000000000000e+00,1.236228787346224645e-04,-1.071432835672126967e-03,0.000000000000000000e+00,6.227581047725483550e-03,2.785272742706742787e-05,2.785272742706726523e-05,2.785272742706706534e-05,2.785272742706724152e-05
1.054934066620836228e-03,0.000000000000000000e+00,1.234212428068308712e-04,-1.077077309940507573e-03,0.000000000000000000e+00,6.227581091934353621e-03,2.722401610109418795e-05,2.722401610109401177e-05,2.722401610109378815e-05,2.722401610109396095e-05
1.059933754140366139e-03,0.000000000000000000e+00,1.232388647369386727e-04,-1.082721538989541397e-03,0.000000000000000000e+00,6.227581136000503656e-03,2.657996668202889282e-05,2.657996668202871325e-05,2.657996668202847269e-05,2.657996668202865226e-05
1.064933441659896268e-03,0.000000000000000000e+00,1.230756819558245709e-04,-1.088365522819228440e-03,0.000000000000000000e+00,6.227581179519070011e-03,2.592338185178690396e-05,2.592338185178673455e-05,2.592338185178646689e-05,2.592338185178664985e-05
1.069933129179426179e-03,0.000000000000000000e+00,1.229315792115107640e-04,-1.094009261429569136e-03,0.000000000000000000e+00,6.227581222078946641e-03,2.525705028978715826e-05,2.525705028978696853e-05,2.525705028978668393e-05,2.525705028978686350e-05
1.074932816698956307e-03,0.000000000000000000e+00,1.228063894474197234e-04,-1.099652754820563049e-03,0.000000000000000000e+00,6.227581263267071600e-03,2.458373573422374631e-05,2.458373573422355997e-05,2.458373573422325165e-05,2.458373573422344138e-05
1.079932504218486218e-03,0.000000000000000000e+00,1.226998948250789553e-04,-1.105296002992210399e-03,0.000000000000000000e+00,6.227581302672919976e-03,2.390616618368321652e-05,2.390616618368300307e-05,2.390616618368268797e-05,2.390616618368290820e-05
1.084932191738016347e-03,0.000000000000000000e+00,1.226118278867331353e-04,-1.110939005944510966e-03,0.000000000000000000e+00,6.227581339893152948e-03,2.322702328065967379e-05,2.322702328065945695e-05,2.322702328065912831e-05,2.322702328065934515e-05
1.089931879257546475e-03,0.000000000000000000e+00,1.225418728529421505e-04,-1.116581763677464752e-03,0.000000000000000000e+00,6.227581374536356185e-03,2.254893191783990925e-05,2.254893191783969919e-05,2.254893191783936037e-05,2.254893191783957382e-05
1.094931566777076386e-03,0.000000000000000000e+00,1.224896670498901630e-04,-1.122224276191072191e-03,0.000000000000000000e+00,6.227581406227814670e-03,2.187445010719375616e-05,2.187445010719354271e-05,2.187445010719320389e-05,2.187445010719341735e-05
1.099931254296606514e-03,0.000000000000000000e+00,1.224548024607912604e-04,-1.127866543485332848e-03,0.000000000000000000e+00,6.227581434614272785e-03,2.120605915091508227e-05,2.120605915091485866e-05,2.120605915091451646e-05,2.120605915091474007e-05
1.104930941816136426e-03,0.000000000000000000e+00,1.224368273954684009e-04,-1.133508565560246940e-03,0.000000000000000000e+00,6.227581459368594641e-03,2.054615415211876971e-05,2.054615415211854271e-05,2.054615415211819373e-05,2.054615415211842751e-05
1.109930629335666554e-03,0.000000000000000000e+00,1.224352482718900554e-04,-1.139150342415814468e-03,0.000000000000000000e+00,6.227581480194267424e-03,1.989703490191306818e-05,1.989703490191283778e-05,1.989703490191249558e-05,1.989703490191272259e-05
1.114930316855196465e-03,0.000000000000000000e+00,1.224495315031851387e-04,-1.144791874052035214e-03,0.000000000000000000e+00,6.227581496829692233e-03,1.926089717803958548e-05,1.926089717803934831e-05,1.926089717803900273e-05,1.926089717803924328e-05
1.119930004374726593e-03,0.000000000000000000e+00,1.224791054834159650e-04,-1.150433160468909612e-03,0.000000000000000000e+00,6.227581509052180012e-03,1.863982448871060360e-05,1.863982448871035288e-05,1.863982448871001746e-05,1.863982448871027157e-05
1.124929691894256505e-03,0.000000000000000000e+00,1.225233626651714999e-04,-1.156074201666437229e-03,0.000000000000000000e+00,6.227581516681593606e-03,1.803578029358006738e-05,1.803578029357982005e-05,1.803578029357948801e-05,1.803578029357974890e-05
1.129929379413786633e-03,0.000000000000000000e+00,1.225816617218554764e-04,-1.161714997644618065e-03,0.000000000000000000e+00,6.227581519583607304e-03,1.745060073196795161e-05,1.745060073196769073e-05,1.745060073196737902e-05,1.745060073196763652e-05
1.134929066933316544e-03,0.000000000000000000e+00,1.226533297873748374e-04,-1.167355548403452552e-03,0.000000000000000000e+00,6.227581517672458114e-03,1.688598788652338683e-05,1.688598788652311916e-05,1.688598788652281423e-05,1.688598788652308189e-05
1.139928754452846672e-03,0.000000000000000000e+00,1.227376647657993879e-04,-1.172995853942940259e-03,0.000000000000000000e+00,6.227581510913213041e-03,1.634350360846833537e-05,1.634350360846807110e-05,1.634350360846777294e-05,1.634350360846803721e-05
1.144928441972376800e-03,0.000000000000000000e+00,1.228339377034453630e-04,-1.178635914263081400e-03,0.000000000000000000e+00,6.227581499323463915e-03,1.582456392841690590e-05,1.582456392841664162e-05,1.582456392841635702e-05,1.582456392841662807e-05
1.149928129491906712e-03,0.000000000000000000e+00,1.229413952157506432e-04,-1.184275729363875977e-03,0.000000000000000000e+00,6.227581482974405523e-03,1.533043407452513453e-05,1.533043407452485671e-05,1.533043407452458227e-05,1.533043407452486348e-05
1.154927817011436840e-03,0.000000000000000000e+00,1.230592619612463304e-04,-1.189915299245323773e-03,0.000000000000000000e+00,6.227581461991302247e-03,1.486222411739933274e-05,1.486222411739905661e-05,1.486222411739879403e-05,1.486222411739908032e-05
1.159927504530966751e-03,0.000000000000000000e+00,1.231867431548922887e-04,-1.195554623907425004e-03,0.000000000000000000e+00,6.227581436553272960e-03,1.442088525878766098e-05,1.442088525878737468e-05,1.442088525878712735e-05,1.442088525878741703e-05
1.164927192050496879e-03,0.000000000000000000e+00,1.233230271130314362e-04,-1.201193703350179670e-03,0.000000000000000000e+00,6.227581406892409785e-03,1.400720677860730498e-05,1.400720677860702376e-05,1.400720677860678659e-05,1.400720677860707628e-05
1.169926879570026791e-03,0.000000000000000000e+00,1.234672878222339712e-04,-1.206832537573587771e-03,0.000000000000000000e+00,6.227581373292223783e-03,1.362181365232968612e-05,1.362181365232939644e-05,1.362181365232916774e-05,1.362181365232946589e-05
1.174926567089556919e-03,0.000000000000000000e+00,1.236186875243349705e-04,-1.212471126577649091e-03,0.000000000000000000e+00,6.227581336085383744e-03,1.326516484816528242e-05,1.326516484816499443e-05,1.326516484816477420e-05,1.326516484816508082e-05
1.179926254609086830e-03,0.000000000000000000e+00,1.237763793100342305e-04,-1.218109470362363847e-03,0.000000000000000000e+00,6.227581295650820928e-03,1.293755231087082910e-05,1.293755231087053433e-05,1.293755231087033273e-05,1.293755231087063258e-05
1.184925942128616959e-03,0.000000000000000000e+00,1.239395097135082111e-04,-1.223747568927732038e-03,0.000000000000000000e+00,6.227581252410152070e-03,1.263910063635200319e-05,1.263910063635170842e-05,1.263910063635151530e-05,1.263910063635181854e-05
1.189925629648146870e-03,0.000000000000000000e+00,1.241072213005922273e-04,-1.229385422273753664e-03,0.000000000000000000e+00,6.227581206823513439e-03,1.236976743856604794e-05,1.236976743856575487e-05,1.236976743856556344e-05,1.236976743856586668e-05
1.194925317167676998e-03,0.000000000000000000e+00,1.242786552432175590e-04,-1.235023030400428509e-03,0.000000000000000000e+00,6.227581159384795555e-03,1.212934440755041038e-05,1.212934440755011053e-05,1.212934440754993096e-05,1.212934440755023928e-05
1.199925004687207126e-03,0.000000000000000000e+00,1.244529538729390169e-04,-1.240660393307756789e-03,0.000000000000000000e+00,6.227581110616369625e-03,1.191745905472579431e-05,1.191745905472549616e-05,1.191745905472532167e-05,1.191745905472562999e-05
1.204924692206737038e-03,0.000000000000000000e+00,1.246292632065555521e-04,-1.246297510995738505e-03,0.000000000000000000e+00,6.227581061063320461e-03,1.173357713895527662e-05,1.173357713895496660e-05,1.173357713895480059e-05,1.173357713895511399e-05
1.209924379726267166e-03,0.000000000000000000e+00,1.248067354370156052e-04,-1.251934383464373439e-03,0.000000000000000000e+00,6.227581011287296880e-03,1.157700576419511872e-05,1.157700576419481887e-05,1.157700576419464438e-05,1.157700576419495439e-05
1.214924067245797077e-03,0.000000000000000000e+00,1.249845313830042165e-04,-1.257571010713661808e-03,0.000000000000000000e+00,6.227580961859999556e-03,1.144689713695849764e-05,1.144689713695819610e-05,1.144689713695802330e-05,1.144689713695833332e-05
1.219923754765327205e-03,0.000000000000000000e+00,1.251618228908329923e-04,-1.263207392743603396e-03,0.000000000000000000e+00,6.227580913356438146e-03,1.134225296923944074e-05,1.134225296923914089e-05,1.134225296923895793e-05,1.134225296923926795e-05
1.224923442284857117e-03,0.000000000000000000e+00,1.253377951824912470e-04,-1.268843529554198419e-03,0.000000000000000000e+00,6.227580866347999337e-03,1.126192951002185029e-05,1.126192951002154705e-05,1.126192951002136579e-05,1.126192951002167411e-05
1.229923129804387245e-03,0.000000000000000000e+00,1.255116491439722706e-04,-1.274479421145446878e-03,0.000000000000000000e+00,6.227580821395419484e-03,1.120464318603623523e-05,1.120464318603593877e-05,1.120464318603573717e-05,1.120464318603604211e-05
1.234922817323917156e-03,0.000000000000000000e+00,1.256826035482544045e-04,-1.280115067517348772e-03,0.000000000000000000e+00,6.227580779041787598e-03,1.116897683003492925e-05,1.116897683003463448e-05,1.116897683003442611e-05,1.116897683003473104e-05
1.239922504843447284e-03,0.000000000000000000e+00,1.258498972075986421e-04,-1.285750468669903885e-03,0.000000000000000000e+00,6.227580739805610791e-03,1.115338647254367981e-05,1.115338647254338505e-05,1.115338647254315974e-05,1.115338647254346806e-05
1.244922192362977196e-03,0.000000000000000000e+00,1.260127910501126201e-04,-1.291385624603112433e-03,0.000000000000000000e+00,6.227580704174092222e-03,1.115620867082311646e-05,1.115620867082282508e-05,1.115620867082258452e-05,1.115620867082288268e-05
1.249921879882507324e-03,0.000000000000000000e+00,1.261705701158359356e-04,-1.297020535316974416e-03,0.000000000000000000e+00,6.227580672596671856e-03,1.117566834664580052e-05,1.117566834664551423e-05,1.117566834664525164e-05,1.117566834664554811e-05
1.254921567402037452e-03,0.000000000000000000e+00,1.263225454679090150e-04,-1.302655200811489835e-03,0.000000000000000000e+00,6.227580645478938449e-03,1.120988710247175927e-05,1.120988710247147297e-05,1.120988710247118837e-05,1.120988710247148144e-05
1.259921254921567363e-03,0.000000000000000000e+00,1.264680560147064055e-04,-1.308289621086658472e-03,0.000000000000000000e+00,6.227580623177001243e-03,1.125689198369565460e-05,1.125689198369537508e-05,1.125689198369506676e-05,1.125689198369535644e-05
1.264920942441097491e-03,0.000000000000000000e+00,1.266064702391414359e-04,-1.313923796142480544e-03,0.000000000000000000e+00,6.227580605992395942e-03,1.131462465284932006e-05,1.131462465284904562e-05,1.131462465284870850e-05,1.131462465284898802e-05
1.269920629960627403e-03,0.000000000000000000e+00,1.267371878316746962e-04,-1.319557725978956052e-03,0.000000000000000000e+00,6.227580594167590917e-03,1.138095093998090479e-05,1.138095093998063543e-05,1.138095093998027121e-05,1.138095093998054395e-05
1.274920317480157531e-03,0.000000000000000000e+00,1.268596412238964626e-04,-1.325191410596084996e-03,0.000000000000000000e+00,6.227580587882191633e-03,1.145367073190394757e-05,1.145367073190368838e-05,1.145367073190328858e-05,1.145367073190355794e-05
1.279920004999687442e-03,0.000000000000000000e+00,1.269732970198858785e-04,-1.330824849993867158e-03,0.000000000000000000e+00,6.227580587249876252e-03,1.153052816162091068e-05,1.153052816162064979e-05,1.153052816162021950e-05,1.153052816162048377e-05
1.284919692519217570e-03,0.000000000000000000e+00,1.270776573228892784e-04,-1.336458044172302755e-03,0.000000000000000000e+00,6.227580592316117949e-03,1.160922205798287038e-05,1.160922205798261796e-05,1.160922205798215209e-05,1.160922205798240620e-05
1.289919380038747482e-03,0.000000000000000000e+00,1.271722609551971972e-04,-1.342090993131391788e-03,0.000000000000000000e+00,6.227580603056758965e-03,1.168741661455427171e-05,1.168741661455402776e-05,1.168741661455352293e-05,1.168741661455377365e-05
1.294919067558277610e-03,0.000000000000000000e+00,1.272566845694354971e-04,-1.347723696871134039e-03,0.000000000000000000e+00,6.227580619377437281e-03,1.176275223571367937e-05,1.176275223571344390e-05,1.176275223571290010e-05,1.176275223571314066e-05
1.299918755077807521e-03,0.000000000000000000e+00,1.273305436498243116e-04,-1.353356155391529942e-03,0.000000000000000000e+00,6.227580641113903206e-03,1.183285651724236954e-05,1.183285651724213914e-05,1.183285651724155977e-05,1.183285651724179355e-05
1.304918442597337649e-03,0.000000000000000000e+00,1.273934934022862367e-04,-1.358988368692579064e-03,0.000000000000000000e+00,6.227580668033239758e-03,1.189535531803472198e-05,1.189535531803450344e-05,1.189535531803388342e-05,1.189535531803410703e-05
1.309918130116867778e-03,0.000000000000000000e+00,1.274452295326175056e-04,-1.364620336774281404e-03,0.000000000000000000e+00,6.227580699835965142e-03,1.194788387911174658e-05,1.194788387911153313e-05,1.194788387911087244e-05,1.194788387911108759e-05
1.314917817636397689e-03,0.000000000000000000e+00,1.274854889122544214e-04,-1.370252059636637397e-03,0.000000000000000000e+00,6.227580736159008673e-03,1.198809794583215407e-05,1.198809794583195079e-05,1.198809794583125283e-05,1.198809794583145612e-05
1.319917505155927817e-03,0.000000000000000000e+00,1.275140501314876783e-04,-1.375883537279646608e-03,0.000000000000000000e+00,6.227580776579555791e-03,1.201368484907694559e-05,1.201368484907675585e-05,1.201368484907601385e-05,1.201368484907621036e-05
1.324917192675457728e-03,0.000000000000000000e+00,1.275307339402845718e-04,-1.381514769703309255e-03,0.000000000000000000e+00,6.227580820619683238e-03,1.202237450123317040e-05,1.202237450123298744e-05,1.202237450123220817e-05,1.202237450123239113e-05
1.329916880194987857e-03,0.000000000000000000e+00,1.275354035771810509e-04,-1.387145756907625120e-03,0.000000000000000000e+00,6.227580867751771401e-03,1.201195026302125294e-05,1.201195026302108015e-05,1.201195026302026022e-05,1.201195026302043301e-05
1.334916567714517768e-03,0.000000000000000000e+00,1.275279649869999758e-04,-1.392776498892594420e-03,0.000000000000000000e+00,6.227580917404596655e-03,1.198025963759698745e-05,1.198025963759682651e-05,1.198025963759596254e-05,1.198025963759612686e-05
1.339916255234047896e-03,0.000000000000000000e+00,1.275083669284327059e-04,-1.398406995658217156e-03,0.000000000000000000e+00,6.227580968970075105e-03,1.192522474891328889e-05,1.192522474891313304e-05,1.192522474891223687e-05,1.192522474891239103e-05
1.344915942753577807e-03,0.000000000000000000e+00,1.274766009727971181e-04,-1.404037247204493110e-03,0.000000000000000000e+00,6.227581021810538013e-03,1.184485256204571305e-05,1.184485256204556906e-05,1.184485256204463732e-05,1.184485256204478301e-05
1.349915630273107936e-03,0.000000000000000000e+00,1.274327013955456702e-04,-1.409667253531422500e-03,0.000000000000000000e+00,6.227581075266468667e-03,1.173724480406785194e-05,1.173724480406771641e-05,1.173724480406675079e-05,1.173724480406688632e-05
1.354915317792637847e-03,0.000000000000000000e+00,1.273767449623480297e-04,-1.415297014639005325e-03,0.000000000000000000e+00,6.227581128664603539e-03,1.160060754510441894e-05,1.160060754510429357e-05,1.160060754510330085e-05,1.160060754510342113e-05
1.359915005312167975e-03,0.000000000000000000e+00,1.273088506118117487e-04,-1.420926530527241369e-03,0.000000000000000000e+00,6.227581181326301459e-03,1.143326040038771557e-05,1.143326040038760376e-05,1.143326040038657716e-05,1.143326040038668897e-05
1.364914692831697886e-03,0.000000000000000000e+00,1.272291790371307945e-04,-1.426555801196131065e-03,0.000000000000000000e+00,6.227581232576048093e-03,1.123364531549288811e-05,1.123364531549278308e-05,1.123364531549173614e-05,1.123364531549183948e-05
1.369914380351228015e-03,0.000000000000000000e+00,1.271379321691644621e-04,-1.432184826645673979e-03,0.000000000000000000e+00,6.227581281750025483e-03,1.100033489842466221e-05,1.100033489842457073e-05,1.100033489842349669e-05,1.100033489842358478e-05
1.374914067870758143e-03,0.000000000000000000e+00,1.270353525636490170e-04,-1.437813606875870112e-03,0.000000000000000000e+00,6.227581328204599177e-03,1.073204026386649348e-05,1.073204026386640878e-05,1.073204026386531611e-05,1.073204026386539573e-05
1.379913755390288054e-03,0.000000000000000000e+00,1.269217226954308701e-04,-1.443442141886719897e-03,0.000000000000000000e+00,6.227581371324640569e-03,1.042761835667778221e-05,1.042761835667770768e-05,1.042761835667659976e-05,1.042761835667666921e-05
1.384913442909818182e-03,0.000000000000000000e+00,1.267973641627826375e-04,-1.449070431678222901e-03,0.000000000000000000e+00,6.227581410531538714e-03,1.008607872362857795e-05,1.008607872362851696e-05,1.008607872362739718e-05,1.008607872362745478e-05
1.389913130429348094e-03,0.000000000000000000e+00,1.266626368050210831e-04,-1.454698476250379340e-03,0.000000000000000000e+00,6.227581445290833982e-03,9.706589704387333216e-06,9.706589704387287476e-06,9.706589704386160922e-06,9.706589704386203274e-06
1.394912817948878222e-03,0.000000000000000000e+00,1.265179377367911398e-04,-1.460326275603189214e-03,0.000000000000000000e+00,6.227581475119339967e-03,9.288484014918742669e-06,9.288484014918700317e-06,9.288484014917573764e-06,9.288484014917607645e-06
1.399912505468408133e-03,0.000000000000000000e+00,1.263637003025095545e-04,-1.465953829736652307e-03,0.000000000000000000e+00,6.227581499591672114e-03,8.831263698696729356e-06,8.831263698696698863e-06,8.831263698695570615e-06,8.831263698695594332e-06
1.404912192987938261e-03,0.000000000000000000e+00,1.262003929545778714e-04,-1.471581138650769052e-03,0.000000000000000000e+00,6.227581518346085934e-03,8.334604423485359465e-06,8.334604423485344218e-06,8.334604423484221053e-06,8.334604423484229523e-06
1.409911880507468173e-03,0.000000000000000000e+00,1.260285180590767370e-04,-1.477208202345539016e-03,0.000000000000000000e+00,6.227581531089535459e-03,7.798359103877450046e-06,7.798359103877441575e-06,7.798359103876326880e-06,7.798359103876333656e-06
1.414911568026998301e-03,0.000000000000000000e+00,1.258486106327402190e-04,-1.482835020820962198e-03,0.000000000000000000e+00,6.227581537601892953e-03,7.222560832299650932e-06,7.222560832299645850e-06,7.222560832298550636e-06,7.222560832298549789e-06
1.419911255546528212e-03,0.000000000000000000e+00,1.256612370150849963e-04,-1.488461594077039032e-03,0.000000000000000000e+00,6.227581537739270909e-03,6.607425103783170631e-06,6.607425103783179948e-06,6.607425103782099134e-06,6.607425103782086429e-06
1.424910943066058340e-03,0.000000000000000000e+00,1.254669934796271184e-04,-1.494087922113769085e-03,0.000000000000000000e+00,6.227581531436367397e-03,5.953351322452012211e-06,5.953351322452034233e-06,5.953351322450987301e-06,5.953351322450955961e-06
1.429910630585588469e-03,0.000000000000000000e+00,1.252665047881692888e-04,-1.499714004931152573e-03,0.000000000000000000e+00,6.227581518707833892e-03,5.260923580385835669e-06,5.260923580385860233e-06,5.260923580384836170e-06,5.260923580384800594e-06
1.434910318105118380e-03,0.000000000000000000e+00,1.250604226921739315e-04,-1.505339842529189497e-03,0.000000000000000000e+00,6.227581499648610075e-03,4.530910702261785026e-06,4.530910702261816366e-06,4.530910702260835502e-06,4.530910702260790609e-06
1.439910005624648508e-03,0.000000000000000000e+00,1.248494243852600171e-04,-1.510965434907879639e-03,0.000000000000000000e+00,6.227581474433238617e-03,3.764265551959472950e-06,3.764265551959520383e-06,3.764265551958570012e-06,3.764265551958515802e-06
1.444909693144178419e-03,0.000000000000000000e+00,1.246342109108707042e-04,-1.516590782067223217e-03,0.000000000000000000e+00,6.227581443314137398e-03,2.962123600113697273e-06,2.962123600113754871e-06,2.962123600112855322e-06,2.962123600112791794e-06
1.449909380663708548e-03,0.000000000000000000e+00,1.244155055291589331e-04,-1.522215884007220230e-03,0.000000000000000000e+00,6.227581406618869046e-03,2.125800754412504224e-06,2.125800754412566057e-06,2.125800754411706319e-06,2.125800754411634321e-06
1.454909068183238459e-03,0.000000000000000000e+00,1.241940520471217907e-04,-1.527840740727870461e-03,0.000000000000000000e+00,6.227581364746418227e-03,1.256790457250257561e-06,1.256790457250322783e-06,1.256790457249519796e-06,1.256790457249446951e-06
1.459908755702768587e-03,0.000000000000000000e+00,1.239706131159936514e-04,-1.533465352229174128e-03,0.000000000000000000e+00,6.227581318162529571e-03,3.567600581488688711e-07,3.567600581489408689e-07,3.567600581481988680e-07,3.567600581481133177e-07
1.464908443222298498e-03,0.000000000000000000e+00,1.237459684998724787e-04,-1.539089718511131013e-03,0.000000000000000000e+00,6.227581267394160028e-03,-5.724535288579410446e-07,-5.724535288578563413e-07,-5.724535288585373558e-07,-5.724535288586296824e-07
1.469908130741828627e-03,0.000000000000000000e+00,1.235209133195113113e-04,-1.544713839573741551e-03,0.000000000000000000e+00,6.227581213023109831e-03,-1.528848869930815314e-06,-1.528848869930731458e-06,-1.528848869931351486e-06,-1.528848869931448895e-06
1.474907818261358538e-03,0.000000000000000000e+00,1.232962562751540182e-04,-1.550337715417005307e-03,0.000000000000000000e+00,6.227581155678919671e-03,-2.510265742565158121e-06,-2.510265742565063253e-06,-2.510265742565612978e-06,-2.510265742565721398e-06
1.479907505780888666e-03,0.000000000000000000e+00,1.230728178522343716e-04,-1.555961346040922282e-03,0.000000000000000000e+00,6.227581096031104338e-03,-3.514391534851233137e-06,-3.514391534851133611e-06,-3.514391534851607949e-06,-3.514391534851716793e-06
1.484907193300418794e-03,0.000000000000000000e+00,1.228514285136894776e-04,-1.561584731445492908e-03,0.000000000000000000e+00,6.227581034780860746e-03,-4.538768291943223622e-06,-4.538768291943121978e-06,-4.538768291943527707e-06,-4.538768291943641209e-06
1.489906880819948706e-03,0.000000000000000000e+00,1.226329268825617381e-04,-1.567207871630716754e-03,0.000000000000000000e+00,6.227580972652291096e-03,-5.580800386301460213e-06,-5.580800386301350098e-06,-5.580800386301677053e-06,-5.580800386301792249e-06
1.494906568339478834e-03,0.000000000000000000e+00,1.224181579184856401e-04,-1.572830766596594034e-03,0.000000000000000000e+00,6.227580910383332009e-03,-6.637762785828386575e-06,-6.637762785828271378e-06,-6.637762785828515324e-06,-6.637762785828636449e-06
1.499906255859008745e-03,0.000000000000000000e+00,1.222079710915640043e-04,-1.578453416343124751e-03,0.000000000000000000e+00,6.227580848716452074e-03,-7.706809891666072871e-06,-7.706809891665962757e-06,-7.706809891666127082e-06,-7.706809891666242278e-06
1.504905943378538873e-03,0.000000000000000000e+00,1.220032185570504320e-04,-1.584075820870308685e-03,0.000000000000000000e+00,6.227580788389246169e-03,-8.784984915169064576e-06,-8.784984915168949379e-06,-8.784984915169029000e-06,-8.784984915169152667e-06
1.509905630898068785e-03,0.000000000000000000e+00,1.218047533341545124e-04,-1.589697980178146055e-03,0.000000000000000000e+00,6.227580730125081843e-03,-9.869229761421277082e-06,-9.869229761421156804e-06,-9.869229761421156804e-06,-9.869229761421282165e-06
1.514905318417598913e-03,0.000000000000000000e+00,1.216134274921893554e-04,-1.595319894266636861e-03,0.000000000000000000e+00,6.227580674623873179e-03,-1.095639538463671469e-05,-1.095639538463658933e-05,-1.095639538463650124e-05,-1.095639538463663337e-05
1.519905005937128824e-03,0.000000000000000000e+00,1.214300903471756852e-04,-1.600941563135781101e-03,0.000000000000000000e+00,6.227580622553153915e-03,-1.204325257887873071e-05,-1.204325257887860704e-05,-1.204325257887842578e-05,-1.204325257887855283e-05
1.524904693456658952e-03,0.000000000000000000e+00,1.212555866719118602e-04,-1.606562986785578561e-03,0.000000000000000000e+00,6.227580574539522650e-03,-1.312650316575989101e-05,-1.312650316575976395e-05,-1.312650316575949460e-05,-1.312650316575963181e-05
1.529904380976188864e-03,0.000000000000000000e+00,1.210907549224126626e-04,-1.612184165216029455e-03,0.000000000000000000e+00,6.227580531160605871e-03,-1.420279153914944510e-05,-1.420279153914932143e-05,-1.420279153914896906e-05,-1.420279153914909951e-05
1.534904068495718992e-03,0.000000000000000000e+00,1.209364254835093556e-04,-1.617805098427133785e-03,0.000000000000000000e+00,6.227580492937629005e-03,-1.526871652542601495e-05,-1.526871652542588620e-05,-1.526871652542544913e-05,-1.526871652542558127e-05
1.539903756015249120e-03,0.000000000000000000e+00,1.207934189362964137e-04,-1.623425786418891551e-03,0.000000000000000000e+00,6.227580460328703896e-03,-1.632084351647395768e-05,-1.632084351647383909e-05,-1.632084351647331054e-05,-1.632084351647343590e-05
1.544903443534779031e-03,0.000000000000000000e+00,1.206625443500000845e-04,-1.629046229191302535e-03,0.000000000000000000e+00,6.227580433722916010e-03,-1.735571683143915638e-05,-1.735571683143902763e-05,-1.735571683143842116e-05,-1.735571683143855668e-05
1.549903131054309159e-03,0.000000000000000000e+00,1.205445976007354610e-04,-1.634666426744366954e-03,0.000000000000000000e+00,6.227580413435291999e-03,-1.836987226223744159e-05,-1.836987226223731962e-05,-1.836987226223663183e-05,-1.836987226223676397e-05
1.554902818573839071e-03,0.000000000000000000e+00,1.204403597195117381e-04,-1.640286379078084809e-03,0.000000000000000000e+00,6.227580399702726567e-03,-1.935984975695220075e-05,-1.935984975695207539e-05,-1.935984975695130968e-05,-1.935984975695143843e-05
1.559902506093369199e-03,0.000000000000000000e+00,1.203505952717385700e-04,-1.645906086192456099e-03,0.000000000000000000e+00,6.227580392680908544e-03,-2.032220619456828905e-05,-2.032220619456816707e-05,-2.032220619456732682e-05,-2.032220619456745218e-05
1.564902193612899110e-03,0.000000000000000000e+00,1.202760507703825525e-04,-1.651525548087480607e-03,0.000000000000000000e+00,6.227580392442291259e-03,-2.125352820397255287e-05,-2.125352820397243090e-05,-2.125352820397150933e-05,-2.125352820397163469e-05
1.569901881132429238e-03,0.000000000000000000e+00,1.202174531248216180e-04,-1.657144764763158551e-03,0.000000000000000000e+00,6.227580398975152316e-03,-2.215044497980678568e-05,-2.215044497980666371e-05,-2.215044497980568454e-05,-2.215044497980580651e-05
1.574901568651959150e-03,0.000000000000000000e+00,1.201755081273445970e-04,-1.662763736219489714e-03,0.000000000000000000e+00,6.227580412183735849e-03,-2.300964104759093532e-05,-2.300964104759081673e-05,-2.300964104758976641e-05,-2.300964104758988161e-05
1.579901256171489278e-03,0.000000000000000000e+00,1.201508989791488872e-04,-1.668382462456474312e-03,0.000000000000000000e+00,6.227580431889485034e-03,-2.382786893054145979e-05,-2.382786893054134460e-05,-2.382786893054023329e-05,-2.382786893054034171e-05
1.584900943691019189e-03,0.000000000000000000e+00,1.201442848575946050e-04,-1.674000943474112345e-03,0.000000000000000000e+00,6.227580457833348411e-03,-2.460196167069425633e-05,-2.460196167069414453e-05,-2.460196167069296884e-05,-2.460196167069308065e-05
1.589900631210549318e-03,0.000000000000000000e+00,1.201562995263860678e-04,-1.679619179272403597e-03,0.000000000000000000e+00,6.227580489679140040e-03,-2.532884515730166896e-05,-2.532884515730155715e-05,-2.532884515730032726e-05,-2.532884515730043229e-05
1.594900318730079446e-03,0.000000000000000000e+00,1.201875499902645600e-04,-1.685237169851348284e-03,0.000000000000000000e+00,6.227580527017897126e-03,-2.600555021600867904e-05,-2.600555021600856384e-05,-2.600555021600728991e-05,-2.600555021600740172e-05
1.599900006249609357e-03,0.000000000000000000e+00,1.202386151957159668e-04,-1.690854915210946406e-03,0.000000000000000000e+00,6.227580569373173530e-03,-2.662922441302258388e-05,-2.662922441302246869e-05,-2.662922441302115070e-05,-2.662922441302125912e-05
1.604899693769139485e-03,0.000000000000000000e+00,1.203100447791181763e-04,-1.696472415351197964e-03,0.000000000000000000e+00,6.227580616207230128e-03,-2.719714352937050139e-05,-2.719714352937039635e-05,-2.719714352936902755e-05,-2.719714352936912919e-05
1.609899381288669397e-03,0.000000000000000000e+00,1.204023578636821321e-04,-1.702089670272102740e-03,0.000000000000000000e+00,6.227580666927998859e-03,-2.770672266138815044e-05,-2.770672266138804880e-05,-2.770672266138665967e-05,-2.770672266138675115e-05
1.614899068808199525e-03,0.000000000000000000e+00,1.205160419064678888e-04,-1.707706679973660952e-03,0.000000000000000000e+00,6.227580720896758876e-03,-2.815552690479647378e-05,-2.815552690479638230e-05,-2.815552690479494912e-05,-2.815552690479503721e-05
1.619898756327729436e-03,0.000000000000000000e+00,1.206515515966965081e-04,-1.713323444455872599e-03,0.000000000000000000e+00,6.227580777436413778e-03,-2.854128158109670639e-05,-2.854128158109661492e-05,-2.854128158109516141e-05,-2.854128158109524272e-05
1.624898443847259564e-03,0.000000000000000000e+00,1.208093078065132709e-04,-1.718939963718737682e-03,0.000000000000000000e+00,6.227580835840254569e-03,-2.886188196654462416e-05,-2.886188196654453607e-05,-2.886188196654306562e-05,-2.886188196654314016e-05
1.629898131366789476e-03,0.000000000000000000e+00,1.209896965953052725e-04,-1.724556237762255983e-03,0.000000000000000000e+00,6.227580895381106853e-03,-2.911540248564468140e-05,-2.911540248564459330e-05,-2.911540248564310930e-05,-2.911540248564318384e-05
1.634897818886319604e-03,0.000000000000000000e+00,1.211930682686206048e-04,-1.730172266586427719e-03,0.000000000000000000e+00,6.227580955320720889e-03,-2.930010533292948263e-05,-2.930010533292939793e-05,-2.930010533292790715e-05,-2.930010533292798169e-05
1.639897506405849515e-03,0.000000000000000000e+00,1.214197364926905076e-04,-1.735788050191252891e-03,0.000000000000000000e+00,6.227581014919299565e-03,-2.941444848875331689e-05,-2.941444848875323897e-05,-2.941444848875174480e-05,-2.941444848875181256e-05
1.644897193925379643e-03,0.000000000000000000e+00,1.216699774655065829e-04,-1.741403588576731281e-03,0.000000000000000000e+00,6.227581073445022028e-03,-2.945709309692154214e-05,-2.945709309692147099e-05,-2.945709309691998021e-05,-2.945709309692004797e-05
1.649896881444909771e-03,0.000000000000000000e+00,1.219440291453689897e-04,-1.747018881742863324e-03,0.000000000000000000e+00,6.227581130183459761e-03,-2.942691017419565795e-05,-2.942691017419559358e-05,-2.942691017419411296e-05,-2.942691017419417056e-05
1.654896568964439683e-03,0.000000000000000000e+00,1.222420905377770363e-04,-1.752633929689648585e-03,0.000000000000000000e+00,6.227581184446723782e-03,-2.932298662404646066e-05,-2.932298662404639290e-05,-2.932298662404492584e-05,-2.932298662404498005e-05
1.659896256483969811e-03,0.000000000000000000e+00,1.225643210415021671e-04,-1.758248732417087064e-03,0.000000000000000000e+00,6.227581235582262294e-03,-2.914463052946781430e-05,-2.914463052946774654e-05,-2.914463052946630319e-05,-2.914463052946635402e-05
1.664895944003499722e-03,0.000000000000000000e+00,1.229108398546477419e-04,-1.763863289925179196e-03,0.000000000000000000e+00,6.227581282981163070e-03,-2.889137570220204722e-05,-2.889137570220199301e-05,-2.889137570220057000e-05,-2.889137570220061066e-05
1.669895631523029850e-03,0.000000000000000000e+00,1.232817254414706896e-04,-1.769477602213924547e-03,0.000000000000000000e+00,6.227581326085872976e-03,-2.856298546835569726e-05,-2.856298546835564644e-05,-2.856298546835426069e-05,-2.856298546835429796e-05
1.674895319042559762e-03,0.000000000000000000e+00,1.236770150607089075e-04,-1.775091669283323332e-03,0.000000000000000000e+00,6.227581364397211452e-03,-2.815945567309130333e-05,-2.815945567309125250e-05,-2.815945567308989725e-05,-2.815945567308993452e-05
1.679895006562089890e-03,0.000000000000000000e+00,1.240967043561329612e-04,-1.780705491133375553e-03,0.000000000000000000e+00,6.227581397480609453e-03,-2.768101688985838947e-05,-2.768101688985833865e-05,-2.768101688985701727e-05,-2.768101688985705454e-05
1.684894694081619801e-03,0.000000000000000000e+00,1.245407470100118417e-04,-1.786319067764080993e-03,0.000000000000000000e+00,6.227581424971478409e-03,-2.712813582246327712e-05,-2.712813582246322968e-05,-2.712813582246196252e-05,-2.712813582246198963e-05
1.689894381601149929e-03,0.000000000000000000e+00,1.250090544601579362e-04,-1.791932399175440085e-03,0.000000000000000000e+00,6.227581446579634646e-03,-2.650151589116371412e-05,-2.650151589116367347e-05,-2.650151589116244696e-05,-2.650151589116247068e-05
1.694894069120679841e-03,0.000000000000000000e+00,1.255014956811907850e-04,-1.797545485367452395e-03,0.000000000000000000e+00,6.227581462092748009e-03,-2.580209699689903268e-05,-2.580209699689899202e-05,-2.580209699689780956e-05,-2.580209699689783328e-05
1.699893756640209969e-03,0.000000000000000000e+00,1.260178970306314932e-04,-1.803158326340117924e-03,0.000000000000000000e+00,6.227581471378741858e-03,-2.503105446072006050e-05,-2.503105446072002662e-05,-2.503105446071889837e-05,-2.503105446071891870e-05
1.704893444159739880e-03,0.000000000000000000e+00,1.265580421604158142e-04,-1.808770922093436888e-03,0.000000000000000000e+00,6.227581474387141811e-03,-2.418979713845311735e-05,-2.418979713845308347e-05,-2.418979713845201282e-05,-2.418979713845203315e-05
1.709893131679270008e-03,0.000000000000000000e+00,1.271216719943827245e-04,-1.814383272627409071e-03,0.000000000000000000e+00,6.227581471149329882e-03,-2.327996471360958345e-05,-2.327996471360955296e-05,-2.327996471360853652e-05,-2.327996471360855007e-05
1.714892819198800137e-03,0.000000000000000000e+00,1.277084847722701009e-04,-1.819995377942034906e-03,0.000000000000000000e+00,6.227581461777736103e-03,-2.230342417452484322e-05,-2.230342417452480934e-05,-2.230342417452385728e-05,-2.230342417452387083e-05
1.719892506718330048e-03,0.000000000000000000e+00,1.283181361607139026e-04,-1.825607238037313959e-03,0.000000000000000000e+00,6.227581446463960682e-03,-2.126226548466773498e-05,-2.126226548466770788e-05,-2.126226548466682019e-05,-2.126226548466683035e-05
1.724892194237860176e-03,0.000000000000000000e+00,1.289502394317162243e-04,-1.831218852913246231e-03,0.000000000000000000e+00,6.227581425475853596e-03,-2.015879645799212733e-05,-2.015879645799210023e-05,-2.015879645799127353e-05,-2.015879645799128369e-05
1.729891881757390087e-03,0.000000000000000000e+00,1.296043657090105341e-04,-1.836830222569832156e-03,0.000000000000000000e+00,6.227581399153621008e-03,-1.899553685409635480e-05,-1.899553685409633108e-05,-1.899553685409557214e-05,-1.899553685409557892e-05
1.734891569276920216e-03,0.000000000000000000e+00,1.302800442827108053e-04,-1.842441347007071299e-03,0.000000000000000000e+00,6.227581367904964568e-03,-1.777521171080217747e-05,-1.777521171080215714e-05,-1.777521171080146257e-05,-1.777521171080147274e-05
1.739891256796450127e-03,0.000000000000000000e+00,1.309767629925915125e-04,-1.848052226224963877e-03,0.000000000000000000e+00,6.227581332199391521e-03,-1.650074393455296573e-05,-1.650074393455294201e-05,-1.650074393455231521e-05,-1.650074393455231860e-05
1.744890944315980255e-03,0.000000000000000000e+00,1.316939686802931248e-04,-1.853662860223509890e-03,0.000000000000000000e+00,6.227581292561698220e-03,-1.517524617175007804e-05,-1.517524617175005771e-05,-1.517524617174949867e-05,-1.517524617174950375e-05
1.749890631835510166e-03,0.000000000000000000e+00,1.324310677107003479e-04,-1.859273249002709122e-03,0.000000000000000000e+00,6.227581249564782297e-03,-1.380201198678745203e-05,-1.380201198678743170e-05,-1.380201198678693873e-05,-1.380201198678694381e-05
1.754890319355040295e-03,0.000000000000000000e+00,1.331874265626806285e-04,-1.864883392562562007e-03,0.000000000000000000e+00,6.227581203821837275e-03,-1.238450637509687993e-05,-1.238450637509686130e-05,-1.238450637509643609e-05,-1.238450637509644117e-05
1.759890006874570206e-03,0.000000000000000000e+00,1.339623724893097985e-04,-1.870493290903068109e-03,0.000000000000000000e+00,6.227581155978064928e-03,-1.092635564197136090e-05,-1.092635564197134057e-05,-1.092635564197098143e-05,-1.092635564197098482e-05
1.764889694394100334e-03,0.000000000000000000e+00,1.347551942476454411e-04,-1.876102944024227431e-03,0.000000000000000000e+00,6.227581106702005133e-03,-9.431336680281705251e-06,-9.431336680281684923e-06,-9.431336680281390155e-06,-9.431336680281396931e-06
1.769889381913630462e-03,0.000000000000000000e+00,1.355651428980342332e-04,-1.881712351926040404e-03,0.000000000000000000e+00,6.227581056676600307e-03,-7.903365682434097003e-06,-7.903365682434074980e-06,-7.903365682433846282e-06,-7.903365682433851364e-06
1.774889069433160374e-03,0.000000000000000000e+00,1.363914326728625471e-04,-1.887321514608506596e-03,0.000000000000000000e+00,6.227581006590112399e-03,-6.346486324024558953e-06,-6.346486324024540318e-06,-6.346486324024366677e-06,-6.346486324024375147e-06
1.779888756952690502e-03,0.000000000000000000e+00,1.372332419145752915e-04,-1.892930432071626224e-03,0.000000000000000000e+00,6.227580957127041607e-03,-4.764857458623134560e-06,-4.764857458623114231e-06,-4.764857458623005811e-06,-4.764857458623014282e-06
1.784888444472220413e-03,0.000000000000000000e+00,1.380897140826955745e-04,-1.898539104315399286e-03,0.000000000000000000e+00,6.227580908959115362e-03,-3.162740364958043927e-06,-3.162740364958021905e-06,-3.162740364957973624e-06,-3.162740364957982941e-06
1.789888131991750541e-03,0.000000000000000000e+00,1.389599588294848805e-04,-1.904147531339825568e-03,0.000000000000000000e+00,6.227580862736519299e-03,-1.544485589461596450e-06,-1.544485589461572733e-06,-1.544485589461580356e-06,-1.544485589461591367e-06
1.794887819511280453e-03,0.000000000000000000e+00,1.398430531437760646e-04,-1.909755713144905285e-03,0.000000000000000000e+00,6.227580819079462163e-03,8.548057132098165487e-08,8.548057132100960696e-08,8.548057132094819707e-08,8.548057132093295047e-08
1.799887507030810581e-03,0.000000000000000000e+00,1.407380425624058906e-04,-1.915363649730638437e-03,0.000000000000000000e+00,6.227580778570173531e-03,1.722669902577777182e-06,1.722669902577805558e-06,1.722669902577691632e-06,1.722669902577676809e-06
1.804887194550340492e-03,0.000000000000000000e+00,1.416439424485570740e-04,-1.920971341097025024e-03,0.000000000000000000e+00,6.227580741745480063e-03,3.362546370231604071e-06,3.362546370231633717e-06,3.362546370231472781e-06,3.362546370231456264e-06
1.809886882069870620e-03,0.000000000000000000e+00,1.425597393361981678e-04,-1.926578787244064830e-03,0.000000000000000000e+00,6.227580709090000180e-03,5.000540438946927953e-06,5.000540438946960987e-06,5.000540438946752617e-06,5.000540438946733982e-06
1.814886569589400532e-03,0.000000000000000000e+00,1.434843923396819936e-04,-1.932185988171758071e-03,0.000000000000000000e+00,6.227580681030087280e-03,6.632063560114908013e-06,6.632063560114941047e-06,6.632063560114696255e-06,6.632063560114672538e-06
1.819886257108930660e-03,0.000000000000000000e+00,1.444168346274307744e-04,-1.937792943880104748e-03,0.000000000000000000e+00,6.227580657928590002e-03,8.252522780086527190e-06,8.252522780086564460e-06,8.252522780086276469e-06,8.252522780086249364e-06
1.824885944628460788e-03,0.000000000000000000e+00,1.453559749584959417e-04,-1.943399654369104643e-03,0.000000000000000000e+00,6.227580640080468584e-03,9.857335418399476823e-06,9.857335418399517480e-06,9.857335418399192220e-06,9.857335418399161726e-06
1.829885632147990699e-03,0.000000000000000000e+00,1.463006992806372797e-04,-1.949006119638757757e-03,0.000000000000000000e+00,6.227580627709358371e-03,1.144194376540004088e-05,1.144194376540008831e-05,1.144194376539972409e-05,1.144194376539969190e-05
1.834885319667520828e-03,0.000000000000000000e+00,1.472498723884144503e-04,-1.954612339689064306e-03,0.000000000000000000e+00,6.227580620965091768e-03,1.300182974849858614e-05,1.300182974849863357e-05,1.300182974849824393e-05,1.300182974849820666e-05
1.839885007187050739e-03,0.000000000000000000e+00,1.482023396396327448e-04,-1.960218314520024725e-03,0.000000000000000000e+00,6.227580619922209841e-03,1.453252951631662527e-05,1.453252951631667609e-05,1.453252951631625935e-05,1.453252951631622208e-05
1.844884694706580867e-03,0.000000000000000000e+00,1.491569287283226602e-04,-1.965824044131638144e-03,0.000000000000000000e+00,6.227580624579492213e-03,1.602964789018566929e-05,1.602964789018572012e-05,1.602964789018527966e-05,1.602964789018523223e-05
1.849884382226110778e-03,0.000000000000000000e+00,1.501124515122733317e-04,-1.971429528523905000e-03,0.000000000000000000e+00,6.227580634860482682e-03,1.748887263284143342e-05,1.748887263284149102e-05,1.748887263284102346e-05,1.748887263284097941e-05
1.854884069745640907e-03,0.000000000000000000e+00,1.510677058929717968e-04,-1.977034767696825290e-03,0.000000000000000000e+00,6.227580650615014909e-03,1.890598848472172127e-05,1.890598848472178225e-05,1.890598848472129436e-05,1.890598848472124354e-05
1.859883757265170818e-03,0.000000000000000000e+00,1.520214777456320226e-04,-1.982639761650399016e-03,0.000000000000000000e+00,6.227580671621689608e-03,2.027689091901878929e-05,2.027689091901885366e-05,2.027689091901834883e-05,2.027689091901829801e-05
1.864883444784700946e-03,0.000000000000000000e+00,1.529725428968254210e-04,-1.988244510384626178e-03,0.000000000000000000e+00,6.227580697591288475e-03,2.159759956755633921e-05,2.159759956755640697e-05,2.159759956755589536e-05,2.159759956755583776e-05
1.869883132304230857e-03,0.000000000000000000e+00,1.539196691470536048e-04,-1.993849013899506774e-03,0.000000000000000000e+00,6.227580728171045951e-03,2.286427127065310640e-05,2.286427127065317755e-05,2.286427127065265239e-05,2.286427127065258802e-05
1.874882819823760986e-03,0.000000000000000000e+00,1.548616183354259998e-04,-1.999453272195040373e-03,0.000000000000000000e+00,6.227580762949734561e-03,2.407321270539559911e-05,2.407321270539568043e-05,2.407321270539514510e-05,2.407321270539507395e-05
1.879882507343291114e-03,0.000000000000000000e+00,1.557971484434351420e-04,-2.005057285271227407e-03,0.000000000000000000e+00,6.227580801463476236e-03,2.522089254816842305e-05,2.522089254816850437e-05,2.522089254816796227e-05,2.522089254816789450e-05
1.884882194862821025e-03,0.000000000000000000e+00,1.567250157346428922e-04,-2.010661053128067876e-03,0.000000000000000000e+00,6.227580843202198090e-03,2.630395312887489300e-05,2.630395312887498109e-05,2.630395312887443560e-05,2.630395312887435767e-05
1.889881882382351153e-03,0.000000000000000000e+00,1.576439769269217454e-04,-2.016264575765561781e-03,0.000000000000000000e+00,6.227580887616658047e-03,2.731922153601985560e-05,2.731922153601993691e-05,2.731922153601939481e-05,2.731922153601931349e-05
1.894881569901881065e-03,0.000000000000000000e+00,1.585527913937202597e-04,-2.021867853183708687e-03,0.000000000000000000e+00,6.227580934125905888e-03,2.826372013371226851e-05,2.826372013371236338e-05,2.826372013371180773e-05,2.826372013371172980e-05
1.899881257421411193e-03,0.000000000000000000e+00,1.594502233906536584e-04,-2.027470885382509028e-03,0.000000000000000000e+00,6.227580982125110326e-03,2.913467645367251530e-05,2.913467645367261695e-05,2.913467645367206468e-05,2.913467645367197659e-05
1.904880944940941104e-03,0.000000000000000000e+00,1.603350443035544525e-04,-2.033073672361962805e-03,0.000000000000000000e+00,6.227581030993625463e-03,2.992953242748954218e-05,2.992953242748964382e-05,2.992953242748909833e-05,2.992953242748900685e-05
1.909880632460471232e-03,0.000000000000000000e+00,1.612060349139560862e-04,-2.038676214122070018e-03,0.000000000000000000e+00,6.227581080103196040e-03,3.064595292665928204e-05,3.064595292665939046e-05,3.064595292665884158e-05,3.064595292665874671e-05
1.914880319980001144e-03,0.000000000000000000e+00,1.620619876778234443e-04,-2.044278510662830665e-03,0.000000000000000000e+00,6.227581128826179153e-03,3.128183358033952756e-05,3.128183358033964276e-05,3.128183358033910066e-05,3.128183358033899902e-05
1.919880007499531272e-03,0.000000000000000000e+00,1.629017090131952593e-04,-2.049880561984244749e-03,0.000000000000000000e+00,6.227581176543678376e-03,3.183530784326863366e-05,3.183530784326874208e-05,3.183530784326820675e-05,3.183530784326810511e-05
1.924879695019061183e-03,0.000000000000000000e+00,1.637240215922557542e-04,-2.055482368086311833e-03,0.000000000000000000e+00,6.227581222653499199e-03,3.230475328890771970e-05,3.230475328890783490e-05,3.230475328890730635e-05,3.230475328890719116e-05
1.929879382538591311e-03,0.000000000000000000e+00,1.645277666332174173e-04,-2.061083928969032787e-03,0.000000000000000000e+00,6.227581266577780945e-03,3.268879710556868044e-05,3.268879710556880241e-05,3.268879710556827386e-05,3.268879710556816544e-05
1.934879070058121439e-03,0.000000000000000000e+00,1.653118061872642071e-04,-2.066685244632406743e-03,0.000000000000000000e+00,6.227581307770250520e-03,3.298632077607289862e-05,3.298632077607302059e-05,3.298632077607249204e-05,3.298632077607238362e-05
1.939878757577651351e-03,0.000000000000000000e+00,1.660750254156883102e-04,-2.072286315076434134e-03,0.000000000000000000e+00,6.227581345722974816e-03,3.319646392433930502e-05,3.319646392433943377e-05,3.319646392433891878e-05,3.319646392433879680e-05
1.944878445097181479e-03,0.000000000000000000e+00,1.668163348522361592e-04,-2.077887140301115394e-03,0.000000000000000000e+00,6.227581379972538071e-03,3.331862731521381471e-05,3.331862731521394345e-05,3.331862731521342846e-05,3.331862731521330649e-05
1.949878132616711390e-03,0.000000000000000000e+00,1.675346726455864189e-04,-2.083487720306449222e-03,0.000000000000000000e+00,6.227581410105584303e-03,3.335247499681504214e-05,3.335247499681517767e-05,3.335247499681466945e-05,3.335247499681454070e-05
1.954877820136241302e-03,0.000000000000000000e+00,1.682290067767871849e-04,-2.089088055092436919e-03,0.000000000000000000e+00,6.227581435763605150e-03,3.329793557767370620e-05,3.329793557767384173e-05,3.329793557767333351e-05,3.329793557767321153e-05
1.959877507655771647e-03,0.000000000000000000e+00,1.688983372464081896e-04,-2.094688144659078051e-03,0.000000000000000000e+00,6.227581456646999990e-03,3.315520263397227473e-05,3.315520263397241704e-05,3.315520263397191559e-05,3.315520263397178007e-05
1.964877195175301558e-03,0.000000000000000000e+00,1.695416982260930679e-04,-2.100287989006372185e-03,0.000000000000000000e+00,6.227581472518277372e-03,3.292473424523890784e-05,3.292473424523904336e-05,3.292473424523854192e-05,3.292473424523840639e-05
1.969876882694831469e-03,0.000000000000000000e+00,1.701581601691539878e-04,-2.105887588134320188e-03,0.000000000000000000e+00,6.227581483204435928e-03,3.260725165990219470e-05,3.260725165990234378e-05,3.260725165990183556e-05,3.260725165990169326e-05
1.974876570214361381e-03,0.000000000000000000e+00,1.707468318748068810e-04,-2.111486942042921193e-03,0.000000000000000000e+00,6.227581488598439748e-03,3.220373709516118283e-05,3.220373709516133868e-05,3.220373709516083046e-05,3.220373709516068816e-05
1.979876257733891726e-03,0.000000000000000000e+00,1.713068625006291883e-04,-2.117086050732175633e-03,0.000000000000000000e+00,6.227581488659857632e-03,3.171543067865668193e-05,3.171543067865684456e-05,3.171543067865632956e-05,3.171543067865618048e-05
1.984875945253421637e-03,0.000000000000000000e+00,1.718374435178110613e-04,-2.122684914202083509e-03,0.000000000000000000e+00,6.227581483414578595e-03,3.114382654243421684e-05,3.114382654243437270e-05,3.114382654243386448e-05,3.114382654243370862e-05
1.989875632772951548e-03,0.000000000000000000e+00,1.723378106037845624e-04,-2.128283532452644820e-03,0.000000000000000000e+00,6.227581472953694700e-03,3.049066808265568586e-05,3.049066808265585526e-05,3.049066808265534027e-05,3.049066808265518103e-05
1.994875320292481893e-03,0.000000000000000000e+00,1.728072454668379916e-04,-2.133881905483859566e-03,0.000000000000000000e+00,6.227581457431535621e-03,2.975794240143469403e-05,2.975794240143486683e-05,2.975794240143433828e-05,2.975794240143418243e-05
1.999875007812011805e-03,0.000000000000000000e+00,1.732450775973645816e-04,-2.139480033295727748e-03,0.000000000000000000e+00,6.227581437062917370e-03,2.894787395002844084e-05,2.894787395002861364e-05,2.894787395002808170e-05,2.894787395002791907e-05
2.004874695331541716e-03,0.000000000000000000e+00,1.736506859404579367e-04,-2.145077915888248931e-03,0.000000000000000000e+00,6.227581412119622545e-03,2.806291739540880517e-05,2.806291739540898135e-05,2.806291739540844264e-05,2.806291739540827662e-05
2.009874382851071627e-03,0.000000000000000000e+00,1.740235004846385795e-04,-2.150675553261423550e-03,0.000000000000000000e+00,6.227581382926213570e-03,2.710574973494378077e-05,2.710574973494396373e-05,2.710574973494341486e-05,2.710574973494324545e-05
2.014874070370601972e-03,0.000000000000000000e+00,1.743630037615947386e-04,-2.156272945415252038e-03,0.000000000000000000e+00,6.227581349855202363e-03,2.607926168654056928e-05,2.607926168654074885e-05,2.607926168654018642e-05,2.607926168654002040e-05
2.019873757890131884e-03,0.000000000000000000e+00,1.746687322519303442e-04,-2.161870092349733527e-03,0.000000000000000000e+00,6.227581313321681362e-03,2.498654838412223844e-05,2.498654838412241801e-05,2.498654838412184541e-05,2.498654838412167601e-05
2.024873445409661795e-03,0.000000000000000000e+00,1.749402776920447626e-04,-2.167466994064868452e-03,0.000000000000000000e+00,6.227581273777480116e-03,2.383089941072300970e-05,2.383089941072319943e-05,2.383089941072260990e-05,2.383089941072243710e-05
2.029873132929191706e-03,0.000000000000000000e+00,1.751772882774183958e-04,-2.173063650560656812e-03,0.000000000000000000e+00,6.227581231704938484e-03,2.261578820378301339e-05,2.261578820378320313e-05,2.261578820378260343e-05,2.261578820378242386e-05
2.034872820448722051e-03,0.000000000000000000e+00,1.753794697577423648e-04,-2.178660061837098174e-03,0.000000000000000000e+00,6.227581187610393629e-03,2.134486086939474595e-05,2.134486086939493907e-05,2.134486086939432243e-05,2.134486086939413948e-05
2.039872507968251963e-03,0.000000000000000000e+00,1.755465864195170881e-04,-2.184256227894193405e-03,0.000000000000000000e+00,6.227581142017454482e-03,2.002192444429201783e-05,2.002192444429221096e-05,2.002192444429158076e-05,2.002192444429139442e-05
2.044872195487781874e-03,0.000000000000000000e+00,1.756784619519473106e-04,-2.189852148731942071e-03,0.000000000000000000e+00,6.227581095460177352e-03,1.865093464627029003e-05,1.865093464627048993e-05,1.865093464626983941e-05,1.865093464626964967e-05
2.049871883007312219e-03,0.000000000000000000e+00,1.757749801921803937e-04,-2.195447824350343739e-03,0.000000000000000000e+00,6.227581048476227635e-03,1.723598315547918836e-05,1.723598315547939164e-05,1.723598315547872079e-05,1.723598315547853106e-05
2.054871570526842130e-03,0.000000000000000000e+00,1.758360857461705958e-04,-2.201043254749398843e-03,0.000000000000000000e+00,6.227581001600115268e-03,1.578128447062611891e-05,1.578128447062632220e-05,1.578128447062563441e-05,1.578128447062544467e-05
2.059871258046372042e-03,0.000000000000000000e+00,1.758617844817106867e-04,-2.206638439929107381e-03,0.000000000000000000e+00,6.227580955356605379e-03,1.429116238556997259e-05,1.429116238557017927e-05,1.429116238556947115e-05,1.429116238556927802e-05
2.064870945565901953e-03,0.000000000000000000e+00,1.758521438904388668e-04,-2.212233379889469356e-03,0.000000000000000000e+00,6.227580910254377870e-03,1.277003613305931117e-05,1.277003613305951785e-05,1.277003613305879618e-05,1.277003613305859966e-05
2.069870633085432298e-03,0.000000000000000000e+00,1.758072933159189903e-04,-2.217828074630484765e-03,0.000000000000000000e+00,6.227580866780030484e-03,1.122240624347725838e-05,1.122240624347747184e-05,1.122240624347672645e-05,1.122240624347652655e-05
2.074870320604962209e-03,0.000000000000000000e+00,1.757274240451912471e-04,-2.223422524152153610e-03,0.000000000000000000e+00,6.227580825392474775e-03,9.652840167390045809e-06,9.652840167390257567e-06,9.652840167389498626e-06,9.652840167389300420e-06
2.079870008124492121e-03,0.000000000000000000e+00,1.756127892615121154e-04,-2.229016728454475457e-03,0.000000000000000000e+00,6.227580786517830820e-03,8.065957711456304226e-06,8.065957711456517678e-06,8.065957711455738408e-06,8.065957711455540202e-06
2.084869695644022032e-03,0.000000000000000000e+00,1.754637038563292559e-04,-2.234610687537451172e-03,0.000000000000000000e+00,6.227580750544841476e-03,6.466416337835326856e-06,6.466416337835542003e-06,6.466416337834750874e-06,6.466416337834548433e-06
2.089869383163552377e-03,0.000000000000000000e+00,1.752805440988844529e-04,-2.240204401401079889e-03,0.000000000000000000e+00,6.227580717820880782e-03,4.858896377634324405e-06,4.858896377634540398e-06,4.858896377633735717e-06,4.858896377633533276e-06
2.094869070683082288e-03,0.000000000000000000e+00,1.750637471621933222e-04,-2.245797870045362042e-03,0.000000000000000000e+00,6.227580688648594667e-03,3.248086209154655222e-06,3.248086209154874180e-06,3.248086209154055946e-06,3.248086209153849270e-06
2.099868758202612200e-03,0.000000000000000000e+00,1.748138105045190854e-04,-2.251391093470298064e-03,0.000000000000000000e+00,6.227580663283199119e-03,1.638667451735283321e-06,1.638667451735502703e-06,1.638667451734670917e-06,1.638667451734465935e-06
2.104868445722142545e-03,0.000000000000000000e+00,1.745312911058373385e-04,-2.256984071675886654e-03,0.000000000000000000e+00,6.227580641930457496e-03,3.530022584807646607e-08,3.530022584829881222e-08,3.530022584745622620e-08,3.530022584724722082e-08
2.109868133241672456e-03,0.000000000000000000e+00,1.742168045591765383e-04,-2.262576804662129112e-03,0.000000000000000000e+00,6.227580624745361268e-03,-1.557391470225642890e-06,-1.557391470225419062e-06,-1.557391470226271177e-06,-1.557391470226480182e-06
2.114867820761202367e-03,0.000000000000000000e+00,1.738710240171163421e-04,-2.268169292429025007e-03,0.000000000000000000e+00,6.227580611831503785e-03,-3.134834217312271366e-06,-3.134834217312045632e-06,-3.134834217312904523e-06,-3.134834217313116705e-06
2.119867508280732279e-03,0.000000000000000000e+00,1.734946789941287201e-04,-2.273761534976573902e-03,0.000000000000000000e+00,6.227580603241141856e-03,-4.692519416714765881e-06,-4.692519416714541417e-06,-4.692519416715404543e-06,-4.692519416715615455e-06
2.124867195800262624e-03,0.000000000000000000e+00,1.730885540258591594e-04,-2.279353532304776667e-03,0.000000000000000000e+00,6.227580598975932143e-03,-6.226017267748427553e-06,-6.226017267748199701e-06,-6.226017267749065368e-06,-6.226017267749280515e-06
2.129866883319792535e-03,0.000000000000000000e+00,1.726534871868574408e-04,-2.284945284413632434e-03,0.000000000000000000e+00,6.227580598988303323e-03,-7.730990434188662186e-06,-7.730990434188435181e-06,-7.730990434189300849e-06,-7.730990434189515995e-06
2.134866570839322446e-03,0.000000000000000000e+00,1.721903684686891978e-04,-2.290536791303141202e-03,0.000000000000000000e+00,6.227580603183450157e-03,-9.203207353572815481e-06,-9.203207353572590170e-06,-9.203207353573454144e-06,-9.203207353573669290e-06
2.139866258358852358e-03,0.000000000000000000e+00,1.717001380207751739e-04,-2.296128052973303406e-03,0.000000000000000000e+00,6.227580611421883530e-03,-1.063855514465904500e-05,-1.063855514465881461e-05,-1.063855514465967858e-05,-1.063855514465989204e-05
2.144865945878382703e-03,0.000000000000000000e+00,1.711837842567325171e-04,-2.301719069424119479e-03,0.000000000000000000e+00,6.227580623522492240e-03,-1.203305206986364890e-05,-1.203305206986341850e-05,-1.203305206986427062e-05,-1.203305206986448746e-05
2.149865633397912614e-03,0.000000000000000000e+00,1.706423418294081870e-04,-2.307309840655588553e-03,0.000000000000000000e+00,6.227580639266078362e-03,-1.338285951116968229e-05,-1.338285951116945360e-05,-1.338285951117029724e-05,-1.338285951117051408e-05
2.154865320917442525e-03,0.000000000000000000e+00,1.700768894782158161e-04,-2.312900366667711063e-03,0.000000000000000000e+00,6.227580658399270788e-03,-1.468429341981666439e-05,-1.468429341981643231e-05,-1.468429341981726409e-05,-1.468429341981748093e-05
2.159865008436972437e-03,0.000000000000000000e+00,1.694885477528031582e-04,-2.318490647460487008e-03,0.000000000000000000e+00,6.227580680638775297e-03,-1.593383520203791258e-05,-1.593383520203768219e-05,-1.593383520203849873e-05,-1.593383520203871557e-05
2.164864695956502782e-03,0.000000000000000000e+00,1.688784766174856772e-04,-2.324080683033915955e-03,0.000000000000000000e+00,6.227580705675895244e-03,-1.712814200520049881e-05,-1.712814200520027520e-05,-1.712814200520107141e-05,-1.712814200520128486e-05
2.169864383476032693e-03,0.000000000000000000e+00,1.682478729412894614e-04,-2.329670473387998771e-03,0.000000000000000000e+00,6.227580733181221385e-03,-1.826405637091557834e-05,-1.826405637091535133e-05,-1.826405637091613060e-05,-1.826405637091634406e-05
2.174864070995562604e-03,0.000000000000000000e+00,1.675979678788387770e-04,-2.335260018522735022e-03,0.000000000000000000e+00,6.227580762809450943e-03,-1.933861522401539225e-05,-1.933861522401516525e-05,-1.933861522401591741e-05,-1.933861522401612748e-05
2.179863758515092950e-03,0.000000000000000000e+00,1.669300241477161915e-04,-2.340849318438124275e-03,0.000000000000000000e+00,6.227580794204254366e-03,-2.034905816872941353e-05,-2.034905816872918313e-05,-2.034905816872991497e-05,-2.034905816873012503e-05
2.184863446034622861e-03,0.000000000000000000e+00,1.662453332082945386e-04,-2.346438373134166963e-03,0.000000000000000000e+00,6.227580827003100471e-03,-2.129283506592617644e-05,-2.129283506592595282e-05,-2.129283506592665078e-05,-2.129283506592686084e-05
2.189863133554152772e-03,0.000000000000000000e+00,1.655452123524091908e-04,-2.352027182610863087e-03,0.000000000000000000e+00,6.227580860841999168e-03,-2.216761286791046336e-05,-2.216761286791023975e-05,-2.216761286791090721e-05,-2.216761286791111727e-05
2.194862821073682684e-03,0.000000000000000000e+00,1.648310017075867303e-04,-2.357615746868212646e-03,0.000000000000000000e+00,6.227580895360081137e-03,-2.297128168996773233e-05,-2.297128168996750533e-05,-2.297128168996813891e-05,-2.297128168996834897e-05
2.199862508593213029e-03,0.000000000000000000e+00,1.641040611638844900e-04,-2.363204065906215640e-03,0.000000000000000000e+00,6.227580930203948512e-03,-2.370196010061918779e-05,-2.370196010061897094e-05,-2.370196010061956387e-05,-2.370196010061977054e-05
2.204862196112742940e-03,0.000000000000000000e+00,1.633657672307145124e-04,-2.368792139724872070e-03,0.000000000000000000e+00,6.227580965031753214e-03,-2.435799961538121349e-05,-2.435799961538099326e-05,-2.435799961538155230e-05,-2.435799961538176236e-05
2.209861883632272851e-03,0.000000000000000000e+00,1.626175098313276460e-04,-2.374379968324181502e-03,0.000000000000000000e+00,6.227580999516948296e-03,-2.493798838170157201e-05,-2.493798838170134839e-05,-2.493798838170187355e-05,-2.493798838170207684e-05
2.214861571151802763e-03,0.000000000000000000e+00,1.618606890429177738e-04,-2.379967551704144802e-03,0.000000000000000000e+00,6.227581033351665442e-03,-2.544075404566208888e-05,-2.544075404566187542e-05,-2.544075404566235993e-05,-2.544075404566255305e-05
2.219861258671333108e-03,0.000000000000000000e+00,1.610967117905688997e-04,-2.385554889864761104e-03,0.000000000000000000e+00,6.227581066249679616e-03,-2.586536579398097897e-05,-2.586536579398076891e-05,-2.586536579398120259e-05,-2.586536579398139910e-05
2.224860946190863019e-03,0.000000000000000000e+00,1.603269885035099455e-04,-2.391141982806030842e-03,0.000000000000000000e+00,6.227581097948940020e-03,-2.621113556780876614e-05,-2.621113556780856285e-05,-2.621113556780895249e-05,-2.621113556780914900e-05
2.229860633710392930e-03,0.000000000000000000e+00,1.595529297423625053e-04,-2.396728830527954449e-03,0.000000000000000000e+00,6.227581128213638753e-03,-2.647761844777766357e-05,-2.647761844777746029e-05,-2.647761844777780587e-05,-2.647761844777799900e-05
2.234860321229923275e-03,0.000000000000000000e+00,1.587759428062617960e-04,-2.402315433030530623e-03,0.000000000000000000e+00,6.227581156835811961e-03,-2.666461221272479454e-05,-2.666461221272459464e-05,-2.666461221272489618e-05,-2.666461221272508253e-05
2.239860008749453187e-03,0.000000000000000000e+00,1.579974283289038923e-04,-2.407901790313760667e-03,0.000000000000000000e+00,6.227581183636449191e-03,-2.677215607745438055e-05,-2.677215607745418404e-05,-2.677215607745443815e-05,-2.677215607745462450e-05
2.244859696268983098e-03,0.000000000000000000e+00,1.572187768727176705e-04,-2.413487902377644146e-03,0.000000000000000000e+00,6.227581208466138711e-03,-2.680052861782159510e-05,-2.680052861782140537e-05,-2.680052861782161543e-05,-2.680052861782179500e-05
2.249859383788513009e-03,0.000000000000000000e+00,1.564413655304798827e-04,-2.419073769222180627e-03,0.000000000000000000e+00,6.227581231205228836e-03,-2.675024489430092342e-05,-2.675024489430073368e-05,-2.675024489430089631e-05,-2.675024489430107249e-05
2.254859071308043354e-03,0.000000000000000000e+00,1.556665545437856167e-04,-2.424659390847370977e-03,0.000000000000000000e+00,6.227581251763560782e-03,-2.662205278803417426e-05,-2.662205278803399469e-05,-2.662205278803410650e-05,-2.662205278803427930e-05
2.259858758827573266e-03,0.000000000000000000e+00,1.548956839478497446e-04,-2.430244767253214328e-03,0.000000000000000000e+00,6.227581270079742687e-03,-2.641692856612720734e-05,-2.641692856612703116e-05,-2.641692856612709892e-05,-2.641692856612726494e-05
2.264858446347103177e-03,0.000000000000000000e+00,1.541300702521522297e-04,-2.435829898439711115e-03,0.000000000000000000e+00,6.227581286120052392e-03,-2.613607169567002579e-05,-2.613607169566984961e-05,-2.613607169566988349e-05,-2.613607169567004612e-05
2.269858133866633088e-03,0.000000000000000000e+00,1.533710031664489476e-04,-2.441414784406861337e-03,0.000000000000000000e+00,6.227581299876966403e-03,-2.578089892858252178e-05,-2.578089892858235577e-05,-2.578089892858233544e-05,-2.578089892858249129e-05
2.274857821386163433e-03,0.000000000000000000e+00,1.526197423816456292e-04,-2.446999425154664995e-03,0.000000000000000000e+00,6.227581311367361844e-03,-2.535303768192803892e-05,-2.535303768192787629e-05,-2.535303768192781530e-05,-2.535303768192796438e-05
2.279857508905693345e-03,0.000000000000000000e+00,1.518775144149827748e-04,-2.452583820683122088e-03,0.000000000000000000e+00,6.227581320630445200e-03,-2.485431874078025287e-05,-2.485431874078009701e-05,-2.485431874077999537e-05,-2.485431874078014106e-05
2.284857196425223256e-03,0.000000000000000000e+00,1.511455095288984475e-04,-2.458167970992232616e-03,0.000000000000000000e+00,6.227581327725450339e-03,-2.428676831306669946e-05,-2.428676831306655039e-05,-2.428676831306641147e-05,-2.428676831306654700e-05
2.289856883944753601e-03,0.000000000000000000e+00,1.504248787328208781e-04,-2.463751876081996146e-03,0.000000000000000000e+00,6.227581332729158724e-03,-2.365259946803598503e-05,-2.365259946803584612e-05,-2.365259946803566316e-05,-2.365259946803579191e-05
2.294856571464283512e-03,0.000000000000000000e+00,1.497167308770066629e-04,-2.469335535952413112e-03,0.000000000000000000e+00,6.227581335733276512e-03,-2.295420299209808326e-05,-2.295420299209795112e-05,-2.295420299209773767e-05,-2.295420299209785964e-05
2.299856258983813424e-03,0.000000000000000000e+00,1.490221298473629616e-04,-2.474918950603483946e-03,0.000000000000000000e+00,6.227581336841760476e-03,-2.219413769775992713e-05,-2.219413769775980516e-05,-2.219413769775955444e-05,-2.219413769775967302e-05
2.304855946503343335e-03,0.000000000000000000e+00,1.483420918699944512e-04,-2.480502120035207782e-03,0.000000000000000000e+00,6.227581336168087553e-03,-2.137512022321515643e-05,-2.137512022321504462e-05,-2.137512022321476680e-05,-2.137512022321487183e-05
2.309855634022873680e-03,0.000000000000000000e+00,1.476775829339820934e-04,-2.486085044247585054e-03,0.000000000000000000e+00,6.227581333832569489e-03,-2.050001436184084889e-05,-2.050001436184074386e-05,-2.050001436184043893e-05,-2.050001436184053718e-05
2.314855321542403591e-03,0.000000000000000000e+00,1.470295163406418648e-04,-2.491667723240615761e-03,0.000000000000000000e+00,6.227581329959744685e-03,-1.957181996239946471e-05,-1.957181996239936984e-05,-1.957181996239904119e-05,-1.957181996239913267e-05
2.319855009061933503e-03,0.000000000000000000e+00,1.463987503872207340e-04,-2.497250157014299470e-03,0.000000000000000000e+00,6.227581324675870653e-03,-1.859366144213562443e-05,-1.859366144213553295e-05,-1.859366144213517720e-05,-1.859366144213526529e-05
2.324854696581463414e-03,0.000000000000000000e+00,1.457860861926703409e-04,-2.502832345568637047e-03,0.000000000000000000e+00,6.227581318106593412e-03,-1.756877595618988515e-05,-1.756877595618980045e-05,-1.756877595618943114e-05,-1.756877595618950907e-05
2.329854384100993759e-03,0.000000000000000000e+00,1.451922656727946514e-04,-2.508414288903628060e-03,0.000000000000000000e+00,6.227581310374813786e-03,-1.650050126782156380e-05,-1.650050126782148926e-05,-1.650050126782110640e-05,-1.650050126782117078e-05
2.334854071620523670e-03,0.000000000000000000e+00,1.446179696716931075e-04,-2.513995987019272075e-03,0.000000000000000000e+00,6.227581301598773995e-03,-1.539226336483567474e-05,-1.539226336483561376e-05,-1.539226336483522073e-05,-1.539226336483527494e-05
2.339853759140053582e-03,0.000000000000000000e+00,1.440638162560276870e-04,-2.519577439915569525e-03,0.000000000000000000e+00,6.227581291890423552e-03,-1.424756386834280311e-05,-1.424756386834275228e-05,-1.424756386834234232e-05,-1.424756386834239314e-05
2.344853446659583927e-03,0.000000000000000000e+00,1.435303591782145175e-04,-2.525158647592520410e-03,0.000000000000000000e+00,6.227581281354049696e-03,-1.306996728054277205e-05,-1.306996728054273140e-05,-1.306996728054231804e-05,-1.306996728054235870e-05
2.349853134179113838e-03,0.000000000000000000e+00,1.430180865141998485e-04,-2.530739610050124731e-03,0.000000000000000000e+00,6.227581270085215739e-03,-1.186308811861141153e-05,-1.186308811861137765e-05,-1.186308811861096260e-05,-1.186308811861099479e-05
2.354852821698643749e-03,0.000000000000000000e+00,1.425274194810062587e-04,-2.536320327288382488e-03,0.000000000000000000e+00,6.227581258169996928e-03,-1.063057798198360513e-05,-1.063057798198358311e-05,-1.063057798198317484e-05,-1.063057798198319517e-05
2.359852509218173661e-03,0.000000000000000000e+00,1.420587114387498724e-04,-2.541900799307293679e-03,0.000000000000000000e+00,6.227581245684530274e-03,-9.376112600365285363e-06,-9.376112600365276893e-06,-9.376112600364868623e-06,-9.376112600364880481e-06
2.364852196737704006e-03,0.000000000000000000e+00,1.416122470813142018e-04,-2.547481026106857872e-03,0.000000000000000000e+00,6.227581232694884457e-03,-8.103378909671193816e-06,-8.103378909671192122e-06,-8.103378909670794016e-06,-8.103378909670797404e-06
2.369851884257233917e-03,0.000000000000000000e+00,1.411882418193427524e-04,-2.553061007687075935e-03,0.000000000000000000e+00,6.227581219257205536e-03,-6.816062202776531593e-06,-6.816062202776540910e-06,-6.816062202776152969e-06,-6.816062202776146193e-06
2.374851571776763828e-03,0.000000000000000000e+00,1.407868413586626751e-04,-2.558640744047946999e-03,0.000000000000000000e+00,6.227581205418161042e-03,-5.517833401489141476e-06,-5.517833401489162652e-06,-5.517833401488792498e-06,-5.517833401488775558e-06
2.379851259296293740e-03,0.000000000000000000e+00,1.404081214766937636e-04,-2.564220235189471064e-03,0.000000000000000000e+00,6.227581191215646877e-03,-4.212336495497920936e-06,-4.212336495497952276e-06,-4.212336495497603299e-06,-4.212336495497574499e-06
2.384850946815824085e-03,0.000000000000000000e+00,1.400520879988212766e-04,-2.569799481111648999e-03,0.000000000000000000e+00,6.227581176679727534e-03,-2.903176193234922829e-06,-2.903176193234966875e-06,-2.903176193234631450e-06,-2.903176193234593333e-06
2.389850634335353996e-03,0.000000000000000000e+00,1.397186769761242942e-04,-2.575378481814479936e-03,0.000000000000000000e+00,6.227581161833790555e-03,-1.593905828606954234e-06,-1.593905828607008867e-06,-1.593905828606703935e-06,-1.593905828606649302e-06
2.394850321854883907e-03,0.000000000000000000e+00,1.394077550652553850e-04,-2.580957237297964307e-03,0.000000000000000000e+00,6.227581146695870123e-03,-2.880155664109689150e-07,-2.880155664110324424e-07,-2.880155664107516510e-07,-2.880155664106893941e-07
2.399850009374414252e-03,0.000000000000000000e+00,1.391191201106605608e-04,-2.586535747562102115e-03,0.000000000000000000e+00,6.227581131280120717e-03,1.011079052048671546e-06,1.011079052048595313e-06,1.011079052048848364e-06,1.011079052048918456e-06
2.404849696893944164e-03,0.000000000000000000e+00,1.388525019287188212e-04,-2.592114012606893357e-03,0.000000000000000000e+00,6.227581115598374017e-03,2.300048183069045870e-06,2.300048183068962013e-06,2.300048183069189865e-06,2.300048183069267792e-06
2.409849384413474075e-03,0.000000000000000000e+00,1.386075632927627314e-04,-2.597692032432338035e-03,0.000000000000000000e+00,6.227581099661773020e-03,3.575658335901500633e-06,3.575658335901402801e-06,3.575658335901596348e-06,3.575658335901686133e-06
2.414849071933003986e-03,0.000000000000000000e+00,1.383839011173242388e-04,-2.603269807038436148e-03,0.000000000000000000e+00,6.227581083482407881e-03,4.834782572594306008e-06,4.834782572594196741e-06,4.834782572594356830e-06,4.834782572594454239e-06
2.419848759452534331e-03,0.000000000000000000e+00,1.381810478393272505e-04,-2.608847336425187263e-03,0.000000000000000000e+00,6.227581067074938748e-03,6.074410217429368547e-06,6.074410217429253350e-06,6.074410217429378711e-06,6.074410217429488826e-06
2.424848446972064243e-03,0.000000000000000000e+00,1.379984729933355140e-04,-2.614424620592591814e-03,0.000000000000000000e+00,6.227581050458147471e-03,7.291656043039854488e-06,7.291656043039728280e-06,7.291656043039819759e-06,7.291656043039938344e-06
2.429848134491594154e-03,0.000000000000000000e+00,1.378355849773456679e-04,-2.620001659540650233e-03,0.000000000000000000e+00,6.227581033656391304e-03,8.483768902393459555e-06,8.483768902393322336e-06,8.483768902393376546e-06,8.483768902393501907e-06
2.434847822011124065e-03,0.000000000000000000e+00,1.376917330050074744e-04,-2.625578453269361654e-03,0.000000000000000000e+00,6.227581016700901341e-03,9.648139778032877674e-06,9.648139778032728596e-06,9.648139778032750619e-06,9.648139778032889532e-06
2.439847509530654410e-03,0.000000000000000000e+00,1.375662092395522429e-04,-2.631155001778726511e-03,0.000000000000000000e+00,6.227580999630921363e-03,1.078230922226978156e-05,1.078230922226962401e-05,1.078230922226960538e-05,1.078230922226975276e-05
2.444847197050184322e-03,0.000000000000000000e+00,1.374582511041183715e-04,-2.636731305068744802e-03,0.000000000000000000e+00,6.227580982494627243e-03,1.188397416442542139e-05,1.188397416442525367e-05,1.188397416442520455e-05,1.188397416442536040e-05
2.449846884569714233e-03,0.000000000000000000e+00,1.373670437625818842e-04,-2.642307363139416096e-03,0.000000000000000000e+00,6.227580965349824305e-03,1.295099406368764033e-05,1.295099406368746245e-05,1.295099406368737267e-05,1.295099406368754207e-05
2.454846572089244578e-03,0.000000000000000000e+00,1.372917227644328546e-04,-2.647883175990741259e-03,0.000000000000000000e+00,6.227580948264369726e-03,1.398139638870372652e-05,1.398139638870353509e-05,1.398139638870341312e-05,1.398139638870359100e-05
2.459846259608774489e-03,0.000000000000000000e+00,1.372313768466895158e-04,-2.653458743622719856e-03,0.000000000000000000e+00,6.227580931316357288e-03,1.497338140763979413e-05,1.497338140763959592e-05,1.497338140763944007e-05,1.497338140763962642e-05
2.464845947128304401e-03,0.000000000000000000e+00,1.371850508853046863e-04,-2.659034066035351456e-03,0.000000000000000000e+00,6.227580914593985537e-03,1.592532627510073883e-05,1.592532627510053554e-05,1.592532627510034920e-05,1.592532627510054571e-05
2.469845634647834312e-03,0.000000000000000000e+00,1.371517489880069935e-04,-2.664609143228636491e-03,0.000000000000000000e+00,6.227580898195155326e-03,1.683578840501069379e-05,1.683578840501047695e-05,1.683578840501026350e-05,1.683578840501046678e-05
2.474845322167364657e-03,0.000000000000000000e+00,1.371304377200262509e-04,-2.670183975202574961e-03,0.000000000000000000e+00,6.227580882226773328e-03,1.770350812129130238e-05,1.770350812129108215e-05,1.770350812129083481e-05,1.770350812129104488e-05
2.479845009686894568e-03,0.000000000000000000e+00,1.371200494536804781e-04,-2.675758561957166867e-03,0.000000000000000000e+00,6.227580866803789257e-03,1.852741058093449641e-05,1.852741058093426601e-05,1.852741058093399835e-05,1.852741058093421519e-05
2.484844697206424480e-03,0.000000000000000000e+00,1.371194858323592056e-04,-2.681332903492412208e-03,0.000000000000000000e+00,6.227580852047938202e-03,1.930660696683607659e-05,1.930660696683583603e-05,1.930660696683554465e-05,1.930660696683577165e-05
2.489844384725954391e-03,0.000000000000000000e+00,1.371276213390156559e-04,-2.686906999808310985e-03,0.000000000000000000e+00,6.227580838086256565e-03,2.004039495052803961e-05,2.004039495052779566e-05,2.004039495052748734e-05,2.004039495052772451e-05
2.494844072245484736e-03,0.000000000000000000e+00,1.371433069588923843e-04,-2.692480850904862763e-03,0.000000000000000000e+00,6.227580825049356013e-03,2.072825842770827147e-05,2.072825842770802075e-05,2.072825842770769210e-05,2.072825842770793266e-05
2.499843759765014647e-03,0.000000000000000000e+00,1.371653739258409934e-04,-2.698054456782068410e-03,0.000000000000000000e+00,6.227580813069496200e-03,2.136986653220778934e-05,2.136986653220753185e-05,2.136986653220718964e-05,2.136986653220743359e-05
2.504843447284544559e-03,0.000000000000000000e+00,1.371926375412686218e-04,-2.703627817439927059e-03,0.000000000000000000e+00,6.227580802278503101e-03,2.196507193674648403e-05,2.196507193674621976e-05,2.196507193674586739e-05,2.196507193674612150e-05
2.509843134804074904e-03,0.000000000000000000e+00,1.372239010544427397e-04,-2.709200932878439144e-03,0.000000000000000000e+00,6.227580792805545960e-03,2.251390845149906078e-05,2.251390845149878973e-05,2.251390845149843397e-05,2.251390845149869147e-05
2.514842822323604815e-03,0.000000000000000000e+00,1.372579595926233021e-04,-2.714773803097605097e-03,0.000000000000000000e+00,6.227580784774819703e-03,2.301658793411298282e-05,2.301658793411270160e-05,2.301658793411234246e-05,2.301658793411261351e-05
2.519842509843134726e-03,0.000000000000000000e+00,1.372936041292599930e-04,-2.720346428097423618e-03,0.000000000000000000e+00,6.227580778303189180e-03,2.347349652738054863e-05,2.347349652738026402e-05,2.347349652737990827e-05,2.347349652738017593e-05
2.524842197362664638e-03,0.000000000000000000e+00,1.373296254782983860e-04,-2.725918807877896009e-03,0.000000000000000000e+00,6.227580773497814332e-03,2.388519024325796124e-05,2.388519024325767663e-05,2.388519024325732088e-05,2.388519024325759871e-05
2.529841884882194983e-03,0.000000000000000000e+00,1.373648183024805535e-04,-2.731490942439021834e-03,0.000000000000000000e+00,6.227580770453841272e-03,2.425238991433616422e-05,2.425238991433587284e-05,2.425238991433552725e-05,2.425238991433581524e-05
2.534841572401724894e-03,0.000000000000000000e+00,1.373979851234050911e-04,-2.737062831780800662e-03,0.000000000000000000e+00,6.227580769252146278e-03,2.457597553619253147e-05,2.457597553619223331e-05,2.457597553619190805e-05,2.457597553619219265e-05
2.539841259921254805e-03,0.000000000000000000e+00,1.374279403210286400e-04,-2.742634475903233358e-03,0.000000000000000000e+00,6.227580769957235043e-03,2.485698002628096713e-05,2.485698002628067236e-05,2.485698002628036066e-05,2.485698002628064865e-05
2.544840947440784717e-03,0.000000000000000000e+00,1.374535141102485949e-04,-2.748205874806319057e-03,0.000000000000000000e+00,6.227580772615310192e-03,2.509658242714159879e-05,2.509658242714129725e-05,2.509658242714100926e-05,2.509658242714130403e-05
2.549840634960315062e-03,0.000000000000000000e+00,1.374735564821992051e-04,-2.753777028490058190e-03,0.000000000000000000e+00,6.227580777252548702e-03,2.529610058372320778e-05,2.529610058372290285e-05,2.529610058372264197e-05,2.529610058372293673e-05
2.554840322479844973e-03,0.000000000000000000e+00,1.374869410979293266e-04,-2.759347936954450759e-03,0.000000000000000000e+00,6.227580783873647337e-03,2.545698332650421185e-05,2.545698332650390353e-05,2.545698332650366637e-05,2.545698332650396791e-05
2.559840009999374884e-03,0.000000000000000000e+00,1.374925691222039174e-04,-2.764918600199496763e-03,0.000000000000000000e+00,6.227580792460646504e-03,2.558080219386392337e-05,2.558080219386361844e-05,2.558080219386341515e-05,2.558080219386372009e-05
2.564839697518905230e-03,0.000000000000000000e+00,1.374893729852835799e-04,-2.770489018225196203e-03,0.000000000000000000e+00,6.227580802972078507e-03,2.566924272878994272e-05,2.566924272878962762e-05,2.566924272878946161e-05,2.566924272878976654e-05
2.569839385038435141e-03,0.000000000000000000e+00,1.374763200606900107e-04,-2.776059191031549078e-03,0.000000000000000000e+00,6.227580815342461870e-03,2.572409538650247848e-05,2.572409538650216677e-05,2.572409538650203802e-05,2.572409538650234634e-05
2.574839072557965052e-03,0.000000000000000000e+00,1.374524162471575759e-04,-2.781629118618554955e-03,0.000000000000000000e+00,6.227580829482161698e-03,2.574724609092828443e-05,2.574724609092796256e-05,2.574724609092787447e-05,2.574724609092819295e-05
2.579838760077494964e-03,0.000000000000000000e+00,1.374167094432007872e-04,-2.787198800986214267e-03,0.000000000000000000e+00,6.227580845277633399e-03,2.574066647915963601e-05,2.574066647915932091e-05,2.574066647915928364e-05,2.574066647915959535e-05
2.584838447597025309e-03,0.000000000000000000e+00,1.373682929029976360e-04,-2.792768238134527448e-03,0.000000000000000000e+00,6.227580862592047191e-03,2.570640387408476378e-05,2.570640387408443852e-05,2.570640387408445207e-05,2.570640387408477056e-05
2.589838135116555220e-03,0.000000000000000000e+00,1.373063084625955708e-04,-2.798337430063493631e-03,0.000000000000000000e+00,6.227580881266314185e-03,2.564657102626958173e-05,2.564657102626926325e-05,2.564657102626932762e-05,2.564657102626964272e-05
2.594837822636085131e-03,0.000000000000000000e+00,1.372299496257896757e-04,-2.803906376773113249e-03,0.000000000000000000e+00,6.227580901120480239e-03,2.556333566690634484e-05,2.556333566690601619e-05,2.556333566690613138e-05,2.556333566690646003e-05
2.599837510155615043e-03,0.000000000000000000e+00,1.371384644994049233e-04,-2.809475078263386303e-03,0.000000000000000000e+00,6.227580921955510121e-03,2.545890991421724834e-05,2.545890991421692308e-05,2.545890991421709927e-05,2.545890991421741775e-05
2.604837197675145388e-03,0.000000000000000000e+00,1.370311585681264805e-04,-2.815043534534312358e-03,0.000000000000000000e+00,6.227580943555422084e-03,2.533553957611154781e-05,2.533553957611122255e-05,2.533553957611145633e-05,2.533553957611178498e-05
2.609836885194675299e-03,0.000000000000000000e+00,1.369073972994735891e-04,-2.820611745585892283e-03,0.000000000000000000e+00,6.227580965689732961e-03,2.519549339213938199e-05,2.519549339213905673e-05,2.519549339213935149e-05,2.519549339213967337e-05
2.614836572714205210e-03,0.000000000000000000e+00,1.367666085699932523e-04,-2.826179711418125642e-03,0.000000000000000000e+00,6.227580988116238059e-03,2.504105225786601641e-05,2.504105225786569454e-05,2.504105225786605368e-05,2.504105225786637556e-05
2.619836260233735555e-03,0.000000000000000000e+00,1.366082849042626749e-04,-2.831747432031012004e-03,0.000000000000000000e+00,6.227581010584018299e-03,2.487449847470491585e-05,2.487449847470459059e-05,2.487449847470501072e-05,2.487449847470533937e-05
2.624835947753265467e-03,0.000000000000000000e+00,1.364319855188328098e-04,-2.837314907424551367e-03,0.000000000000000000e+00,6.227581032836685022e-03,2.469810506799895145e-05,2.469810506799862619e-05,2.469810506799910730e-05,2.469810506799943595e-05
2.629835635272795378e-03,0.000000000000000000e+00,1.362373381638182809e-04,-2.842882137598744599e-03,0.000000000000000000e+00,6.227581054615806931e-03,2.451412521572672985e-05,2.451412521572640459e-05,2.451412521572695008e-05,2.451412521572727873e-05
2.634835322792325289e-03,0.000000000000000000e+00,1.360240407554323379e-04,-2.848449122553590833e-03,0.000000000000000000e+00,6.227581075664438519e-03,2.432478182963761725e-05,2.432478182963729538e-05,2.432478182963790185e-05,2.432478182963822711e-05
2.639835010311855634e-03,0.000000000000000000e+00,1.357918627933937111e-04,-2.854015862289090502e-03,0.000000000000000000e+00,6.227581095730735233e-03,2.413225732988726264e-05,2.413225732988693060e-05,2.413225732988760823e-05,2.413225732988793688e-05
2.644834697831385546e-03,0.000000000000000000e+00,1.355406465577731071e-04,-2.859582356805244040e-03,0.000000000000000000e+00,6.227581114571593794e-03,2.393868365335831010e-05,2.393868365335799161e-05,2.393868365335871667e-05,2.393868365335905210e-05
2.649834385350915457e-03,0.000000000000000000e+00,1.352703080805164990e-04,-2.865148606102050147e-03,0.000000000000000000e+00,6.227581131956224855e-03,2.374613253481228683e-05,2.374613253481196835e-05,2.374613253481275439e-05,2.374613253481307965e-05
2.654834072870445368e-03,0.000000000000000000e+00,1.349808378875649525e-04,-2.870714610179510122e-03,0.000000000000000000e+00,6.227581147669658014e-03,2.355660609883222830e-05,2.355660609883190304e-05,2.355660609883275007e-05,2.355660609883307872e-05
2.659833760389975713e-03,0.000000000000000000e+00,1.346723015081965436e-04,-2.876280369037623533e-03,0.000000000000000000e+00,6.227581161516060337e-03,2.337202779918777254e-05,2.337202779918745067e-05,2.337202779918835869e-05,2.337202779918869073e-05
2.664833447909505625e-03,0.000000000000000000e+00,1.343448397489280547e-04,-2.881845882676389945e-03,0.000000000000000000e+00,6.227581173321880548e-03,2.319423374078820798e-05,2.319423374078787595e-05,2.319423374078883479e-05,2.319423374078917021e-05
2.669833135429035536e-03,0.000000000000000000e+00,1.339986687300462732e-04,-2.887411151095810227e-03,0.000000000000000000e+00,6.227581182938690500e-03,2.302496441779249481e-05,2.302496441779216954e-05,2.302496441779318260e-05,2.302496441779351463e-05
2.674832822948565881e-03,0.000000000000000000e+00,1.336340796835755354e-04,-2.892976174295883510e-03,0.000000000000000000e+00,6.227581190245754308e-03,2.286585689972397043e-05,2.286585689972365194e-05,2.286585689972470565e-05,2.286585689972504108e-05
2.679832510468095792e-03,0.000000000000000000e+00,1.332514385122357211e-04,-2.898540952276610228e-03,0.000000000000000000e+00,6.227581195152195881e-03,2.271843749559716860e-05,2.271843749559684673e-05,2.271843749559795465e-05,2.271843749559828668e-05
2.684832197987625704e-03,0.000000000000000000e+00,1.328511851096956034e-04,-2.904105485037990382e-03,0.000000000000000000e+00,6.227581197598806503e-03,2.258411492411492865e-05,2.258411492411460000e-05,2.258411492411574857e-05,2.258411492411608739e-05
2.689831885507155615e-03,0.000000000000000000e+00,1.324338324431807094e-04,-2.909669772580023971e-03,0.000000000000000000e+00,6.227581197559378841e-03,2.246417401593968932e-05,2.246417401593936067e-05,2.246417401594054991e-05,2.246417401594088533e-05
2.694831573026685960e-03,0.000000000000000000e+00,1.319999654002505937e-04,-2.915233814902710996e-03,0.000000000000000000e+00,6.227581195041607259e-03,2.235976997189554867e-05,2.235976997189522003e-05,2.235976997189644314e-05,2.235976997189678195e-05
2.699831260546215871e-03,0.000000000000000000e+00,1.315502394023113693e-04,-2.920797612006051456e-03,0.000000000000000000e+00,6.227581190087478138e-03,2.227192319872209033e-05,2.227192319872176507e-05,2.227192319872302206e-05,2.227192319872335071e-05
2.704830948065745783e-03,0.000000000000000000e+00,1.310853787881773611e-04,-2.926361163890044918e-03,0.000000000000000000e+00,6.227581182773169258e-03,2.220151474168878682e-05,2.220151474168845479e-05,2.220151474168973889e-05,2.220151474169007092e-05
2.709830635585275694e-03,0.000000000000000000e+00,1.306061749717379341e-04,-2.931924470554691815e-03,0.000000000000000000e+00,6.227581173208430500e-03,2.214928233099700512e-05,2.214928233099666970e-05,2.214928233099797752e-05,2.214928233099831972e-05
2.714830323104806039e-03,0.000000000000000000e+00,1.301134843785147345e-04,-2.937487531999992581e-03,0.000000000000000000e+00,6.227581161535457148e-03,2.211581705645545312e-05,2.211581705645512109e-05,2.211581705645645262e-05,2.211581705645679482e-05
2.719830010624335950e-03,0.000000000000000000e+00,1.296082261666154072e-04,-2.943050348225946349e-03,0.000000000000000000e+00,6.227581147927257511e-03,2.210156068242357890e-05,2.210156068242324348e-05,2.210156068242458857e-05,2.210156068242493077e-05
2.724829698143865862e-03,0.000000000000000000e+00,1.290913797382924207e-04,-2.948612919232553552e-03,0.000000000000000000e+00,6.227581132585535695e-03,2.210680361248518874e-05,2.210680361248485332e-05,2.210680361248619841e-05,2.210680361248654400e-05
2.729829385663395773e-03,0.000000000000000000e+00,1.285639820490072410e-04,-2.954175245019814190e-03,0.000000000000000000e+00,6.227581115738115534e-03,2.213168351075202117e-05,2.213168351075168235e-05,2.213168351075303422e-05,2.213168351075338658e-05
2.734829073182926118e-03,0.000000000000000000e+00,1.280271247215643336e-04,-2.959737325587727830e-03,0.000000000000000000e+00,6.227581097635919577e-03,2.217618458411295390e-05,2.217618458411261170e-05,2.217618458411396357e-05,2.217618458411431932e-05
2.739828760702456029e-03,0.000000000000000000e+00,1.274819509735314565e-04,-2.965299160936295340e-03,0.000000000000000000e+00,6.227581078549567287e-03,2.224013752714942865e-05,2.224013752714908645e-05,2.224013752715043153e-05,2.224013752715078729e-05
2.744828448221985941e-03,0.000000000000000000e+00,1.269296523667826277e-04,-2.970860751065516284e-03,0.000000000000000000e+00,6.227581058765615900e-03,2.232322012884207119e-05,2.232322012884171544e-05,2.232322012884307408e-05,2.232322012884342644e-05
2.749828135741516286e-03,0.000000000000000000e+00,1.263714653886026146e-04,-2.976422095975390231e-03,0.000000000000000000e+00,6.227581038582513315e-03,2.242495853760567373e-05,2.242495853760532475e-05,2.242495853760666984e-05,2.242495853760702220e-05
2.754827823261046197e-03,0.000000000000000000e+00,1.258086678743570140e-04,-2.981983195665917612e-03,0.000000000000000000e+00,6.227581018306303784e-03,2.254472917862129875e-05,2.254472917862094977e-05,2.254472917862225759e-05,2.254472917862263028e-05
2.759827510780576108e-03,0.000000000000000000e+00,1.252425752822776438e-04,-2.987544050137098429e-03,0.000000000000000000e+00,6.227580998246152327e-03,2.268176131489370732e-05,2.268176131489335156e-05,2.268176131489465938e-05,2.268176131489501514e-05
2.764827198300106020e-03,0.000000000000000000e+00,1.246745368314180970e-04,-2.993104659388932682e-03,0.000000000000000000e+00,6.227580978709763328e-03,2.283514024096069416e-05,2.283514024096033502e-05,2.283514024096160557e-05,2.283514024096196810e-05
2.769826885819636365e-03,0.000000000000000000e+00,1.241059315143119802e-04,-2.998665023421420370e-03,0.000000000000000000e+00,6.227580959998745350e-03,2.300381109572529568e-05,2.300381109572495009e-05,2.300381109572618676e-05,2.300381109572654590e-05
2.774826573339166276e-03,0.000000000000000000e+00,1.235381639963045416e-04,-3.004225142234561493e-03,0.000000000000000000e+00,6.227580942404001979e-03,2.318658327848491341e-05,2.318658327848455088e-05,2.318658327848576044e-05,2.318658327848612297e-05
2.779826260858696187e-03,0.000000000000000000e+00,1.229726604139337728e-04,-3.009785015828355618e-03,0.000000000000000000e+00,6.227580926201209399e-03,2.338213544989883609e-05,2.338213544989847017e-05,2.338213544989964246e-05,2.338213544990002871e-05
2.784825948378226099e-03,0.000000000000000000e+00,1.224108640851014193e-04,-3.015344644202803612e-03,0.000000000000000000e+00,6.227580911646466572e-03,2.358902109737872748e-05,2.358902109737835478e-05,2.358902109737948642e-05,2.358902109737986250e-05
2.789825635897756444e-03,0.000000000000000000e+00,1.218542311440991570e-04,-3.020904027357904607e-03,0.000000000000000000e+00,6.227580898972161390e-03,2.380567464221216472e-05,2.380567464221178863e-05,2.380567464221287622e-05,2.380567464221325569e-05
2.794825323417286355e-03,0.000000000000000000e+00,1.213042261148405179e-04,-3.026463165293659038e-03,0.000000000000000000e+00,6.227580888383147349e-03,2.403041806364695224e-05,2.403041806364658971e-05,2.403041806364762648e-05,2.403041806364800934e-05
2.799825010936816266e-03,0.000000000000000000e+00,1.207623174358933332e-04,-3.032022058010067338e-03,0.000000000000000000e+00,6.227580880053268896e-03,2.426146801317999581e-05,2.426146801317961296e-05,2.426146801318060229e-05,2.426146801318099531e-05
2.804824698456346611e-03,0.000000000000000000e+00,1.202299729511046694e-04,-3.037580705507128206e-03,0.000000000000000000e+00,6.227580874122302240e-03,2.449694339041707573e-05,2.449694339041669626e-05,2.449694339041764155e-05,2.449694339041803457e-05
2.809824385975876523e-03,0.000000000000000000e+00,1.197086553797693071e-04,-3.043139107784842944e-03,0.000000000000000000e+00,6.227580870693369755e-03,2.473487335010699320e-05,2.473487335010660695e-05,2.473487335010749803e-05,2.473487335010788089e-05
2.814824073495406434e-03,0.000000000000000000e+00,1.191998177804024184e-04,-3.048697264843211116e-03,0.000000000000000000e+00,6.227580869830860906e-03,2.497320570830874095e-05,2.497320570830835809e-05,2.497320570830919157e-05,2.497320570830957105e-05
2.819823761014936345e-03,0.000000000000000000e+00,1.187048990222467644e-04,-3.054255176682232290e-03,0.000000000000000000e+00,6.227580871558910033e-03,2.520981571413388251e-05,2.520981571413348949e-05,2.520981571413427553e-05,2.520981571413466517e-05
2.824823448534466690e-03,0.000000000000000000e+00,1.182253192786641088e-04,-3.059812843301907333e-03,0.000000000000000000e+00,6.227580875860454397e-03,2.544251515211947722e-05,2.544251515211907742e-05,2.544251515211980925e-05,2.544251515212019889e-05
2.829823136053996602e-03,0.000000000000000000e+00,1.177624755565380931e-04,-3.065370264702235378e-03,0.000000000000000000e+00,6.227580882676894171e-03,2.566906173903826029e-05,2.566906173903786388e-05,2.566906173903852457e-05,2.566906173903891759e-05
2.834822823573526513e-03,0.000000000000000000e+00,1.173177372757472912e-04,-3.070927440883216859e-03,0.000000000000000000e+00,6.227580891908383875e-03,2.588716877784453908e-05,2.588716877784413251e-05,2.588716877784473898e-05,2.588716877784514556e-05
2.839822511093056424e-03,0.000000000000000000e+00,1.168924419126509274e-04,-3.076484371844851774e-03,0.000000000000000000e+00,6.227580903414724894e-03,2.609451503049158689e-05,2.609451503049119048e-05,2.609451503049173597e-05,2.609451503049213576e-05
2.844822198612586769e-03,0.000000000000000000e+00,1.164878907213710076e-04,-3.082041057587140125e-03,0.000000000000000000e+00,6.227580917016907643e-03,2.628875477054233722e-05,2.628875477054193742e-05,2.628875477054241853e-05,2.628875477054282172e-05
2.849821886132116681e-03,0.000000000000000000e+00,1.161053445464488673e-04,-3.087597498110081912e-03,0.000000000000000000e+00,6.227580932499223593e-03,2.646752797583219188e-05,2.646752797583178530e-05,2.646752797583221898e-05,2.646752797583261878e-05
2.854821573651646592e-03,0.000000000000000000e+00,1.157460197402062951e-04,-3.093153693413677133e-03,0.000000000000000000e+00,6.227580949611993127e-03,2.662847062093468204e-05,2.662847062093427885e-05,2.662847062093465493e-05,2.662847062093505473e-05
2.859821261171176937e-03,0.000000000000000000e+00,1.154110841978469199e-04,-3.098709643497925357e-03,0.000000000000000000e+00,6.227580968074816412e-03,2.676922502882651952e-05,2.676922502882611972e-05,2.676922502882643482e-05,2.676922502882683462e-05
2.864820948690706848e-03,0.000000000000000000e+00,1.151016535229981767e-04,-3.104265348362827016e-03,0.000000000000000000e+00,6.227580987580342078e-03,2.688745024095221621e-05,2.688745024095181641e-05,2.688745024095207730e-05,2.688745024095247371e-05
2.869820636210236760e-03,0.000000000000000000e+00,1.148187873360180891e-04,-3.109820808008382110e-03,0.000000000000000000e+00,6.227581007798508629e-03,2.698083236484855101e-05,2.698083236484815121e-05,2.698083236484836127e-05,2.698083236484875429e-05
2.874820323729766671e-03,0.000000000000000000e+00,1.145634857369697376e-04,-3.115376022434590639e-03,0.000000000000000000e+00,6.227581028381163133e-03,2.704709485860603722e-05,2.704709485860563742e-05,2.704709485860578989e-05,2.704709485860619646e-05
2.879820011249297016e-03,0.000000000000000000e+00,1.143366859347119414e-04,-3.120930991641452171e-03,0.000000000000000000e+00,6.227581048967046826e-03,2.708400871171776233e-05,2.708400871171736253e-05,2.708400871171747095e-05,2.708400871171787075e-05
2.884819698768826927e-03,0.000000000000000000e+00,1.141392590530539912e-04,-3.126485715628967137e-03,0.000000000000000000e+00,6.227581069187036571e-03,2.708940248229404547e-05,2.708940248229365583e-05,2.708940248229372021e-05,2.708940248229411662e-05
2.889819386288356839e-03,0.000000000000000000e+00,1.139720071243950942e-04,-3.132040194397135539e-03,0.000000000000000000e+00,6.227581088669579754e-03,2.706117215120249051e-05,2.706117215120209748e-05,2.706117215120211781e-05,2.706117215120251422e-05
2.894819073807886750e-03,0.000000000000000000e+00,1.138356602806962992e-04,-3.137594427945957377e-03,0.000000000000000000e+00,6.227581107046279221e-03,2.699729075442391371e-05,2.699729075442352068e-05,2.699729075442349697e-05,2.699729075442388999e-05
2.899818761327417095e-03,0.000000000000000000e+00,1.137308741510342563e-04,-3.143148416275432649e-03,0.000000000000000000e+00,6.227581123957477358e-03,2.689581775579418421e-05,2.689581775579379119e-05,2.689581775579373359e-05,2.689581775579412323e-05
2.904818448846947006e-03,0.000000000000000000e+00,1.136582274743552041e-04,-3.148702159385561358e-03,0.000000000000000000e+00,6.227581139057826280e-03,2.675490812332401147e-05,2.675490812332361845e-05,2.675490812332352358e-05,2.675490812332391661e-05
2.909818136366476918e-03,0.000000000000000000e+00,1.136182199353819950e-04,-3.154255657276343067e-03,0.000000000000000000e+00,6.227581152021734005e-03,2.657282107345139194e-05,2.657282107345101585e-05,2.657282107345088711e-05,2.657282107345126319e-05
2.914817823886007263e-03,0.000000000000000000e+00,1.136112702309420005e-04,-3.159808909947778646e-03,0.000000000000000000e+00,6.227581162548588567e-03,2.634792844887838041e-05,2.634792844887800433e-05,2.634792844887784508e-05,2.634792844887821439e-05
2.919817511405537174e-03,0.000000000000000000e+00,1.136377143732676361e-04,-3.165361917399867227e-03,0.000000000000000000e+00,6.227581170367713255e-03,2.607872269707106134e-05,2.607872269707068864e-05,2.607872269707051246e-05,2.607872269707087838e-05
2.924817198925067085e-03,0.000000000000000000e+00,1.136978042360861939e-04,-3.170914679632609243e-03,0.000000000000000000e+00,6.227581175242955826e-03,2.576382441805248892e-05,2.576382441805212978e-05,2.576382441805192988e-05,2.576382441805228225e-05
2.929816886444596997e-03,0.000000000000000000e+00,1.137917063485558670e-04,-3.176467196646005128e-03,0.000000000000000000e+00,6.227581176976848369e-03,2.540198945178758904e-05,2.540198945178723667e-05,2.540198945178700628e-05,2.540198945178735187e-05
2.934816573964127342e-03,0.000000000000000000e+00,1.139195009413325417e-04,-3.182019468440053581e-03,0.000000000000000000e+00,6.227581175414264106e-03,2.499211547723926573e-05,2.499211547723892353e-05,2.499211547723867959e-05,2.499211547723901501e-05
2.939816261483657253e-03,0.000000000000000000e+00,1.140811812482609957e-04,-3.187571495014755903e-03,0.000000000000000000e+00,6.227581170445523409e-03,2.453324809705996940e-05,2.453324809705963397e-05,2.453324809705937647e-05,2.453324809705970851e-05
2.944815949003187164e-03,0.000000000000000000e+00,1.142766530663783615e-04,-3.193123276370111660e-03,0.000000000000000000e+00,6.227581162008888338e-03,2.402458638386452562e-05,2.402458638386420036e-05,2.402458638386392931e-05,2.402458638386425119e-05
2.949815636522717076e-03,0.000000000000000000e+00,1.145057345761071112e-04,-3.198674812506120419e-03,0.000000000000000000e+00,6.227581150092399709e-03,2.346548786610139903e-05,2.346548786610109071e-05,2.346548786610080949e-05,2.346548786610112120e-05
2.954815324042247421e-03,0.000000000000000000e+00,1.147681564226911481e-04,-3.204226103422783047e-03,0.000000000000000000e+00,6.227581134735032421e-03,2.285547293369175479e-05,2.285547293369145325e-05,2.285547293369117203e-05,2.285547293369147019e-05
2.959815011561777332e-03,0.000000000000000000e+00,1.150635620591032181e-04,-3.209777149120098677e-03,0.000000000000000000e+00,6.227581116027127404e-03,2.219422864583054172e-05,2.219422864583025034e-05,2.219422864582996235e-05,2.219422864583024696e-05
2.964814699081307244e-03,0.000000000000000000e+00,1.153915083498230316e-04,-3.215327949598067742e-03,0.000000000000000000e+00,6.227581094110114929e-03,2.148161192563372658e-05,2.148161192563345553e-05,2.148161192563316415e-05,2.148161192563343520e-05
2.969814386600837589e-03,0.000000000000000000e+00,1.157514664340571057e-04,-3.220878504856690243e-03,0.000000000000000000e+00,6.227581069175483312e-03,2.071765212866001046e-05,2.071765212865974280e-05,2.071765212865945820e-05,2.071765212865971908e-05
2.974814074120367500e-03,0.000000000000000000e+00,1.161428228461464042e-04,-3.226428814895966179e-03,0.000000000000000000e+00,6.227581041463024249e-03,1.990255297472665741e-05,1.990255297472641008e-05,1.990255297472612209e-05,1.990255297472636942e-05
2.979813761639897411e-03,0.000000000000000000e+00,1.165648808900893375e-04,-3.231978879715895550e-03,0.000000000000000000e+00,6.227581011258385979e-03,1.903669383486712252e-05,1.903669383486688874e-05,1.903669383486661430e-05,1.903669383486684131e-05
2.984813449159427323e-03,0.000000000000000000e+00,1.170168622642950729e-04,-3.237528699316478357e-03,0.000000000000000000e+00,6.227580978889920432e-03,1.812063036773407467e-05,1.812063036773385783e-05,1.812063036773359695e-05,1.812063036773380701e-05
2.989813136678957668e-03,0.000000000000000000e+00,1.174979089318864249e-04,-3.243078273697714165e-03,0.000000000000000000e+00,6.227580944724882446e-03,1.715509450222561235e-05,1.715509450222541245e-05,1.715509450222515157e-05,1.715509450222534808e-05
2.994812824198487579e-03,0.000000000000000000e+00,1.180070852310821173e-04,-3.248627602859603409e-03,0.000000000000000000e+00,6.227580909165057396e-03,1.614099376559550086e-05,1.614099376559531790e-05,1.614099376559507057e-05,1.614099376559525014e-05
2.999812511718017490e-03,0.000000000000000000e+00,1.185433802194223868e-04,-3.254176686802146522e-03,0.000000000000000000e+00,6.227580872641805092e-03,1.507940995879092793e-05,1.507940995879076530e-05,1.507940995879052644e-05,1.507940995879069076e-05
3.004812199237547402e-03,0.000000000000000000e+00,1.191057102448508123e-04,-3.259725525525342636e-03,0.000000000000000000e+00,6.227580835610641366e-03,1.397159718323315073e-05,1.397159718323301012e-05,1.397159718323278481e-05,1.397159718323292711e-05
3.009811886757077747e-03,0.000000000000000000e+00,1.196929217359375268e-04,-3.265274119029192186e-03,0.000000000000000000e+00,6.227580798545425018e-03,1.281897922570966699e-05,1.281897922570954333e-05,1.281897922570933157e-05,1.281897922570945523e-05
3.014811574276607658e-03,0.000000000000000000e+00,1.203037942028237624e-04,-3.270822467313695171e-03,0.000000000000000000e+00,6.227580761932170923e-03,1.162314631047001456e-05,1.162314631046990953e-05,1.162314631046970794e-05,1.162314631046981128e-05
3.019811261796137569e-03,0.000000000000000000e+00,1.209370434397916242e-04,-3.276370570378851158e-03,0.000000000000000000e+00,6.227580726262658441e-03,1.038585123000330202e-05,1.038585123000321731e-05,1.038585123000303266e-05,1.038585123000311736e-05
3.024810949315667914e-03,0.000000000000000000e+00,1.215913249197116553e-04,-3.281918428224661014e-03,0.000000000000000000e+00,6.227580692027852478e-03,9.109004868314280381e-06,9.109004868314217701e-06,9.109004868314044906e-06,9.109004868314110975e-06
3.029810636835197826e-03,0.000000000000000000e+00,1.222652373700042227e-04,-3.287466040851124306e-03,0.000000000000000000e+00,6.227580659711257766e-03,7.794671132797246878e-06,7.794671132797207914e-06,7.794671132797048672e-06,7.794671132797089330e-06
3.034810324354727737e-03,0.000000000000000000e+00,1.229573265191635225e-04,-3.293013408258240599e-03,0.000000000000000000e+00,6.227580629782299149e-03,6.445061313025399217e-06,6.445061313025378888e-06,6.445061313025231505e-06,6.445061313025250139e-06
3.039810011874257648e-03,0.000000000000000000e+00,1.236660890023437486e-04,-3.298560530446010327e-03,0.000000000000000000e+00,6.227580602689817245e-03,5.062527886918268376e-06,5.062527886918270070e-06,5.062527886918131157e-06,5.062527886918127769e-06
3.044809699393787993e-03,0.000000000000000000e+00,1.243899764139905185e-04,-3.304107407414433491e-03,0.000000000000000000e+00,6.227580578855759254e-03,3.649557796814098159e-06,3.649557796814123570e-06,3.649557796813993550e-06,3.649557796813966022e-06
3.049809386913317905e-03,0.000000000000000000e+00,1.251273994950292848e-04,-3.309654039163510090e-03,0.000000000000000000e+00,6.227580558669178548e-03,2.208765219949392716e-06,2.208765219949441844e-06,2.208765219949318601e-06,2.208765219949269473e-06
3.054809074432847816e-03,0.000000000000000000e+00,1.258767324416810356e-04,-3.315200425693240124e-03,0.000000000000000000e+00,6.227580542480613303e-03,7.428838597271609652e-07,7.428838597272346571e-07,7.428838597271194606e-07,7.428838597270487333e-07
3.059808761952377727e-03,0.000000000000000000e+00,1.266363173225870014e-04,-3.320746567003623594e-03,0.000000000000000000e+00,6.227580530596916152e-03,-7.452412140683744894e-07,-7.452412140682770806e-07,-7.452412140683914301e-07,-7.452412140684871448e-07
3.064808449471908072e-03,0.000000000000000000e+00,1.274044685905693843e-04,-3.326292463094660066e-03,0.000000000000000000e+00,6.227580523276639822e-03,-2.252662146286474330e-06,-2.252662146286357440e-06,-2.252662146286465013e-06,-2.252662146286582750e-06
3.069808136991437984e-03,0.000000000000000000e+00,1.281794776750490587e-04,-3.331838113966350406e-03,0.000000000000000000e+00,6.227580520726015180e-03,-3.776337267279195967e-06,-3.776337267279051124e-06,-3.776337267279154462e-06,-3.776337267279303540e-06
3.074807824510967895e-03,0.000000000000000000e+00,1.289596176408791387e-04,-3.337383519618693749e-03,0.000000000000000000e+00,6.227580523095609284e-03,-5.313140420821486947e-06,-5.313140420821318387e-06,-5.313140420821425961e-06,-5.313140420821588591e-06
3.079807512030498240e-03,0.000000000000000000e+00,1.297431478991374707e-04,-3.342928680051690526e-03,0.000000000000000000e+00,6.227580530477691209e-03,-6.859870614976126360e-06,-6.859870614975930695e-06,-6.859870614976041657e-06,-6.859870614976236474e-06
3.084807199550028151e-03,0.000000000000000000e+00,1.305283189552501589e-04,-3.348473595265341173e-03,0.000000000000000000e+00,6.227580542904357676e-03,-8.413261960626771831e-06,-8.413261960626556684e-06,-8.413261960626675269e-06,-8.413261960626885333e-06
3.089806887069558063e-03,0.000000000000000000e+00,1.313133771797001870e-04,-3.354018265259644388e-03,0.000000000000000000e+00,6.227580560346465330e-03,-9.969993861367518184e-06,-9.969993861367281015e-06,-9.969993861367404682e-06,-9.969993861367640157e-06
3.094806574589087974e-03,0.000000000000000000e+00,1.320965695864949709e-04,-3.359562690034601472e-03,0.000000000000000000e+00,6.227580582713346247e-03,-1.152670141754188134e-05,-1.152670141754162046e-05,-1.152670141754175429e-05,-1.152670141754201009e-05
3.099806262108618319e-03,0.000000000000000000e+00,1.328761486045474836e-04,-3.365106869590211991e-03,0.000000000000000000e+00,6.227580609853370849e-03,-1.307998600647125565e-05,-1.307998600647096766e-05,-1.307998600647111335e-05,-1.307998600647139964e-05
3.104805949628148230e-03,0.000000000000000000e+00,1.336503768271411557e-04,-3.370650803926475512e-03,0.000000000000000000e+00,6.227580641555305330e-03,-1.462642600030526446e-05,-1.462642600030495275e-05,-1.462642600030511538e-05,-1.462642600030542709e-05
3.109805637147678142e-03,0.000000000000000000e+00,1.344175317247252148e-04,-3.376194493043392902e-03,0.000000000000000000e+00,6.227580677550494798e-03,-1.616258758246583944e-05,-1.616258758246551079e-05,-1.616258758246569036e-05,-1.616258758246602240e-05
3.114805324667208053e-03,0.000000000000000000e+00,1.351759103063994796e-04,-3.381737936940963293e-03,0.000000000000000000e+00,6.227580717515805372e-03,-1.768503562334537623e-05,-1.768503562334501709e-05,-1.768503562334522376e-05,-1.768503562334557274e-05
3.119805012186738398e-03,0.000000000000000000e+00,1.359238337156181147e-04,-3.387281135619186687e-03,0.000000000000000000e+00,6.227580761077313939e-03,-1.919034457575680055e-05,-1.919034457575641430e-05,-1.919034457575664808e-05,-1.919034457575702078e-05
3.124804699706268309e-03,0.000000000000000000e+00,1.366596517458520238e-04,-3.392824089078063515e-03,0.000000000000000000e+00,6.227580807814695266e-03,-2.067510935062162380e-05,-2.067510935062122739e-05,-2.067510935062147472e-05,-2.067510935062186436e-05
3.129804387225798221e-03,0.000000000000000000e+00,1.373817472622094994e-04,-3.398366797317594213e-03,0.000000000000000000e+00,6.227580857266242290e-03,-2.213595613351913751e-05,-2.213595613351871061e-05,-2.213595613351898844e-05,-2.213595613351940179e-05
3.134804074745328566e-03,0.000000000000000000e+00,1.380885405153198361e-04,-3.403909260337777912e-03,0.000000000000000000e+00,6.227580908934473615e-03,-2.356955310300620310e-05,-2.356955310300575587e-05,-2.356955310300606757e-05,-2.356955310300650126e-05
3.139803762264858477e-03,0.000000000000000000e+00,1.387784933341337898e-04,-3.409451478138615047e-03,0.000000000000000000e+00,6.227580962292206777e-03,-2.497262101205120142e-05,-2.497262101205073386e-05,-2.497262101205106590e-05,-2.497262101205153007e-05
3.144803449784388388e-03,0.000000000000000000e+00,1.394501131846866138e-04,-3.414993450720105617e-03,0.000000000000000000e+00,6.227581016789090346e-03,-2.634194359450410457e-05,-2.634194359450361668e-05,-2.634194359450398599e-05,-2.634194359450447388e-05
3.149803137303918300e-03,0.000000000000000000e+00,1.401019570823061275e-04,-3.420535178082249189e-03,0.000000000000000000e+00,6.227581071858428324e-03,-2.767437775924764956e-05,-2.767437775924714134e-05,-2.767437775924754792e-05,-2.767437775924804259e-05
3.154802824823448645e-03,0.000000000000000000e+00,1.407326353452220918e-04,-3.426076660225046630e-03,0.000000000000000000e+00,6.227581126924268233e-03,-2.896686353553587707e-05,-2.896686353553534174e-05,-2.896686353553577881e-05,-2.896686353553630736e-05
3.159802512342978556e-03,0.000000000000000000e+00,1.413408151780477025e-04,-3.431617897148497506e-03,0.000000000000000000e+00,6.227581181408613220e-03,-3.021643373402512622e-05,-3.021643373402457735e-05,-3.021643373402505169e-05,-3.021643373402558701e-05
3.164802199862508467e-03,0.000000000000000000e+00,1.419252240741590966e-04,-3.437158888852601384e-03,0.000000000000000000e+00,6.227581234738698360e-03,-3.142022328913263390e-05,-3.142022328913207825e-05,-3.142022328913258647e-05,-3.142022328913313535e-05
3.169801887382038379e-03,0.000000000000000000e+00,1.424846530265816349e-04,-3.442699635337358698e-03,0.000000000000000000e+00,6.227581286354185418e-03,-3.257547824961639461e-05,-3.257547824961581863e-05,-3.257547824961636073e-05,-3.257547824961692316e-05
3.174801574901568724e-03,0.000000000000000000e+00,1.430179595376180929e-04,-3.448240136602769446e-03,0.000000000000000000e+00,6.227581335714227513e-03,-3.367956438565010636e-05,-3.367956438564952360e-05,-3.367956438565010636e-05,-3.367956438565067556e-05
3.179801262421098635e-03,0.000000000000000000e+00,1.435240704181030334e-04,-3.453780392648833630e-03,0.000000000000000000e+00,6.227581382304277040e-03,-3.472997538216500901e-05,-3.472997538216439237e-05,-3.472997538216501579e-05,-3.472997538216561210e-05
3.184800949940628546e-03,0.000000000000000000e+00,1.440019843678530640e-04,-3.459320403475551250e-03,0.000000000000000000e+00,6.227581425642542308e-03,-3.572434058983823234e-05,-3.572434058983760892e-05,-3.572434058983825944e-05,-3.572434058983887608e-05
3.189800637460158891e-03,0.000000000000000000e+00,1.444507743295899913e-04,-3.464860169082922305e-03,0.000000000000000000e+00,6.227581465286036524e-03,-3.666043230682098817e-05,-3.666043230682036475e-05,-3.666043230682105593e-05,-3.666043230682166580e-05
3.194800324979688803e-03,0.000000000000000000e+00,1.448695896093505991e-04,-3.470399689470946361e-03,0.000000000000000000e+00,6.227581500836092479e-03,-3.753617256611013850e-05,-3.753617256610950153e-05,-3.753617256611021982e-05,-3.753617256611085679e-05
3.199800012499218714e-03,0.000000000000000000e+00,1.452576577571515427e-04,-3.475938964639624287e-03,0.000000000000000000e+00,6.227581531943296098e-03,-3.834963940536826037e-05,-3.834963940536760985e-05,-3.834963940536835524e-05,-3.834963940536900576e-05
3.204799700018748625e-03,0.000000000000000000e+00,1.456142862024572605e-04,-3.481477994588955214e-03,0.000000000000000000e+00,6.227581558311768607e-03,-3.909907259798178422e-05,-3.909907259798114048e-05,-3.909907259798193330e-05,-3.909907259798257027e-05
3.209799387538278970e-03,0.000000000000000000e+00,1.459388636397908378e-04,-3.487016779318939576e-03,0.000000000000000000e+00,6.227581579702741801e-03,-3.978287882620657010e-05,-3.978287882620589247e-05,-3.978287882620671240e-05,-3.978287882620736970e-05
3.214799075057808882e-03,0.000000000000000000e+00,1.462308611606373348e-04,-3.492555318829577808e-03,0.000000000000000000e+00,6.227581595937350077e-03,-4.039963627937699598e-05,-4.039963627937631836e-05,-4.039963627937716539e-05,-4.039963627937782269e-05
3.219798762577338793e-03,0.000000000000000000e+00,1.464898331286111025e-04,-3.498093613120868608e-03,0.000000000000000000e+00,6.227581606898654858e-03,-4.094809866234116346e-05,-4.094809866234047228e-05,-4.094809866234134642e-05,-4.094809866234203760e-05
3.224798450096868704e-03,0.000000000000000000e+00,1.467154177956874308e-04,-3.503631662192813277e-03,0.000000000000000000e+00,6.227581612532822469e-03,-4.142719860152051177e-05,-4.142719860151982737e-05,-4.142719860152072183e-05,-4.142719860152139946e-05
3.229798137616399049e-03,0.000000000000000000e+00,1.469073376581362549e-04,-3.509169466045411381e-03,0.000000000000000000e+00,6.227581612849462413e-03,-4.183605043827065664e-05,-4.183605043826995191e-05,-4.183605043827087348e-05,-4.183605043827155789e-05
3.234797825135928961e-03,0.000000000000000000e+00,1.470653995516360416e-04,-3.514707024678662486e-03,0.000000000000000000e+00,6.227581607921135569e-03,-4.217395240153096279e-05,-4.217395240153027161e-05,-4.217395240153120673e-05,-4.217395240153189114e-05
3.239797512655458872e-03,0.000000000000000000e+00,1.471894944858880710e-04,-3.520244338092567461e-03,0.000000000000000000e+00,6.227581597882033207e-03,-4.244038815408554045e-05,-4.244038815408483572e-05,-4.244038815408578439e-05,-4.244038815408648235e-05
3.244797200174989217e-03,0.000000000000000000e+00,1.472795972198900753e-04,-3.525781406287125438e-03,0.000000000000000000e+00,6.227581582925809447e-03,-4.263502770910743649e-05,-4.263502770910673176e-05,-4.263502770910769399e-05,-4.263502770910838517e-05
3.249796887694519128e-03,0.000000000000000000e+00,1.473357655798641637e-04,-3.531318229262336850e-03,0.000000000000000000e+00,6.227581563302675600e-03,-4.275772771601431732e-05,-4.275772771601361936e-05,-4.275772771601459515e-05,-4.275772771601527955e-05
3.254796575214049040e-03,0.000000000000000000e+00,1.473581395226614848e-04,-3.536854807018201697e-03,0.000000000000000000e+00,6.227581539315730358e-03,-4.280853111701555521e-05,-4.280853111701486403e-05,-4.280853111701586692e-05,-4.280853111701653777e-05
3.259796262733578951e-03,0.000000000000000000e+00,1.473469399482833461e-04,-3.542391139554719980e-03,0.000000000000000000e+00,6.227581511316601301e-03,-4.278766617807112390e-05,-4.278766617807042594e-05,-4.278766617807140850e-05,-4.278766617807209968e-05
3.264795950253109296e-03,0.000000000000000000e+00,1.473024672659642095e-04,-3.547927226871891698e-03,0.000000000000000000e+00,6.227581479700475785e-03,-4.269554490030140438e-05,-4.269554490030070642e-05,-4.269554490030170253e-05,-4.269554490030238694e-05
3.269795637772639207e-03,0.000000000000000000e+00,1.472250997190505226e-04,-3.553463068969716851e-03,0.000000000000000000e+00,6.227581444900570640e-03,-4.253276082017636261e-05,-4.253276082017567143e-05,-4.253276082017666077e-05,-4.253276082017733839e-05
3.274795325292169119e-03,0.000000000000000000e+00,1.471152914746818642e-04,-3.558998665848195006e-03,0.000000000000000000e+00,6.227581407382132631e-03,-4.230008620906149412e-05,-4.230008620906079616e-05,-4.230008620906177872e-05,-4.230008620906244957e-05
3.279795012811699030e-03,0.000000000000000000e+00,1.469735704850301777e-04,-3.564534017507326596e-03,0.000000000000000000e+00,6.227581367636045133e-03,-4.199846868490177479e-05,-4.199846868490109039e-05,-4.199846868490204584e-05,-4.199846868490270991e-05
3.284794700331229375e-03,0.000000000000000000e+00,1.468005361275815290e-04,-3.570069123947112056e-03,0.000000000000000000e+00,6.227581326172133835e-03,-4.162902725097095412e-05,-4.162902725097029005e-05,-4.162902725097123872e-05,-4.162902725097188925e-05
3.289794387850759286e-03,0.000000000000000000e+00,1.465968566326477686e-04,-3.575603985167550517e-03,0.000000000000000000e+00,6.227581283512274683e-03,-4.119304777869678077e-05,-4.119304777869612348e-05,-4.119304777869705182e-05,-4.119304777869769557e-05
3.294794075370289198e-03,0.000000000000000000e+00,1.463632663069676561e-04,-3.581138601168642414e-03,0.000000000000000000e+00,6.227581240183388198e-03,-4.069197795358397941e-05,-4.069197795358332889e-05,-4.069197795358424368e-05,-4.069197795358487388e-05
3.299793762889819543e-03,0.000000000000000000e+00,1.461005625629032713e-04,-3.586672971950387746e-03,0.000000000000000000e+00,6.227581196710422519e-03,-4.012742170518927967e-05,-4.012742170518864270e-05,-4.012742170518951006e-05,-4.012742170519014703e-05
3.304793450409349454e-03,0.000000000000000000e+00,1.458096027633502183e-04,-3.592207097512786079e-03,0.000000000000000000e+00,6.227581153609427524e-03,-3.950113314394741899e-05,-3.950113314394678880e-05,-3.950113314394763583e-05,-3.950113314394825247e-05
3.309793137928879365e-03,0.000000000000000000e+00,1.454913008930563815e-04,-3.597740977855838282e-03,0.000000000000000000e+00,6.227581111380811954e-03,-3.881501002940011472e-05,-3.881501002939949808e-05,-3.881501002940031123e-05,-3.881501002940091432e-05
3.314792825448409277e-03,0.000000000000000000e+00,1.451466240675883734e-04,-3.603274612979543920e-03,0.000000000000000000e+00,6.227581070502863358e-03,-3.807108679603128811e-05,-3.807108679603068502e-05,-3.807108679603147107e-05,-3.807108679603206738e-05
3.319792512967939622e-03,0.000000000000000000e+00,1.447765888916876902e-04,-3.608808002883902560e-03,0.000000000000000000e+00,6.227581031425661814e-03,-3.727152716445860688e-05,-3.727152716445801057e-05,-3.727152716445874918e-05,-3.727152716445933194e-05
3.324792200487469533e-03,0.000000000000000000e+00,1.443822576792256414e-04,-3.614341147568914635e-03,0.000000000000000000e+00,6.227580994565415189e-03,-3.641861636716512774e-05,-3.641861636716454498e-05,-3.641861636716523616e-05,-3.641861636716580536e-05
3.329791888006999444e-03,0.000000000000000000e+00,1.439647345473878733e-04,-3.619874047034580145e-03,0.000000000000000000e+00,6.227580960299322621e-03,-3.551475301927302749e-05,-3.551475301927245151e-05,-3.551475301927310880e-05,-3.551475301927366446e-05
3.334791575526529356e-03,0.000000000000000000e+00,1.435251613981037633e-04,-3.625406701280899091e-03,0.000000000000000000e+00,6.227580928961050366e-03,-3.456244066605619511e-05,-3.456244066605563268e-05,-3.456244066605624932e-05,-3.456244066605679142e-05
3.339791263046059701e-03,0.000000000000000000e+00,1.430647138000736658e-04,-3.630939110307871472e-03,0.000000000000000000e+00,6.227580900836836471e-03,-3.356427903995877493e-05,-3.356427903995823960e-05,-3.356427903995878170e-05,-3.356427903995931703e-05
3.344790950565589612e-03,0.000000000000000000e+00,1.425845967850404550e-04,-3.636471274115497289e-03,0.000000000000000000e+00,6.227580876162319701e-03,-3.252295506082598182e-05,-3.252295506082546683e-05,-3.252295506082598860e-05,-3.252295506082649682e-05
3.349790638085119523e-03,0.000000000000000000e+00,1.420860405722015039e-04,-3.642003192703776107e-03,0.000000000000000000e+00,6.227580855120088375e-03,-3.144123361386090781e-05,-3.144123361386040637e-05,-3.144123361386086716e-05,-3.144123361386136182e-05
3.354790325604649435e-03,0.000000000000000000e+00,1.415702962348594116e-04,-3.647534866072708794e-03,0.000000000000000000e+00,6.227580837838032381e-03,-3.032194814049088004e-05,-3.032194814049038876e-05,-3.032194814049078856e-05,-3.032194814049126629e-05
3.359790013124179780e-03,0.000000000000000000e+00,1.410386313235656235e-04,-3.653066294222294483e-03,0.000000000000000000e+00,6.227580824388449787e-03,-2.916799107786068946e-05,-2.916799107786021173e-05,-2.916799107786056071e-05,-2.916799107786102488e-05
3.364789700643709691e-03,0.000000000000000000e+00,1.404923254601187171e-04,-3.658597477152533174e-03,0.000000000000000000e+00,6.227580814787985267e-03,-2.798230418306229099e-05,-2.798230418306183698e-05,-2.798230418306213853e-05,-2.798230418306257898e-05
3.369789388163239603e-03,0.000000000000000000e+00,1.399326659168416626e-04,-3.664128414863425734e-03,0.000000000000000000e+00,6.227580808998325716e-03,-2.676786877846298144e-05,-2.676786877846254437e-05,-2.676786877846277815e-05,-2.676786877846321522e-05
3.374789075682769948e-03,0.000000000000000000e+00,1.393609431955743715e-04,-3.669659107354971295e-03,0.000000000000000000e+00,6.227580806927700795e-03,-2.552769595460467386e-05,-2.552769595460425034e-05,-2.552769595460443669e-05,-2.552769595460485004e-05
3.379788763202299859e-03,0.000000000000000000e+00,1.387784466207838048e-04,-3.675189554627170292e-03,0.000000000000000000e+00,6.227580808433106838e-03,-2.426481676711612621e-05,-2.426481676711572641e-05,-2.426481676711585855e-05,-2.426481676711625158e-05
3.384788450721829770e-03,0.000000000000000000e+00,1.381864599611128661e-04,-3.680719756680022724e-03,0.000000000000000000e+00,6.227580813323261091e-03,-2.298227246390807175e-05,-2.298227246390768211e-05,-2.298227246390775665e-05,-2.298227246390813612e-05
3.389788138241359682e-03,0.000000000000000000e+00,1.375862570935591496e-04,-3.686249713513528592e-03,0.000000000000000000e+00,6.227580821362193458e-03,-2.168310477860966651e-05,-2.168310477860929721e-05,-2.168310477860931754e-05,-2.168310477860968007e-05
3.394787825760890027e-03,0.000000000000000000e+00,1.369790977243005663e-04,-3.691779425127687895e-03,0.000000000000000000e+00,6.227580832273467079e-03,-2.037034632575480698e-05,-2.037034632575446139e-05,-2.037034632575442751e-05,-2.037034632575477310e-05
3.399787513280419938e-03,0.000000000000000000e+00,1.363662231799631596e-04,-3.697308891522500633e-03,0.000000000000000000e+00,6.227580845744907188e-03,-1.904701113264080844e-05,-1.904701113264047302e-05,-1.904701113264038831e-05,-1.904701113264071696e-05
3.404787200799949849e-03,0.000000000000000000e+00,1.357488522828592659e-04,-3.702838112697966373e-03,0.000000000000000000e+00,6.227580861433823500e-03,-1.771608534206261105e-05,-1.771608534206229934e-05,-1.771608534206217059e-05,-1.771608534206247553e-05
3.409786888319479761e-03,0.000000000000000000e+00,1.351281773234148877e-04,-3.708367088654085549e-03,0.000000000000000000e+00,6.227580878972589946e-03,-1.638051811927626180e-05,-1.638051811927596703e-05,-1.638051811927577730e-05,-1.638051811927606868e-05
3.414786575839010106e-03,0.000000000000000000e+00,1.345053601426512838e-04,-3.713895819390858593e-03,0.000000000000000000e+00,6.227580897974543603e-03,-1.504321279556896491e-05,-1.504321279556868030e-05,-1.504321279556844652e-05,-1.504321279556872435e-05
3.419786263358540017e-03,0.000000000000000000e+00,1.338815283371900795e-04,-3.719424304908284639e-03,0.000000000000000000e+00,6.227580918040086580e-03,-1.370701827971519072e-05,-1.370701827971492645e-05,-1.370701827971465201e-05,-1.370701827971491289e-05
3.424785950878069928e-03,0.000000000000000000e+00,1.332577715988162684e-04,-3.724952545206364121e-03,0.000000000000000000e+00,6.227580938762895466e-03,-1.237472076738189912e-05,-1.237472076738165179e-05,-1.237472076738133161e-05,-1.237472076738157047e-05
3.429785638397600273e-03,0.000000000000000000e+00,1.326351382001599542e-04,-3.730480540285097037e-03,0.000000000000000000e+00,6.227580959736181074e-03,-1.104903577721759269e-05,-1.104903577721736738e-05,-1.104903577721702009e-05,-1.104903577721723693e-05
3.434785325917130185e-03,0.000000000000000000e+00,1.320146316375433895e-04,-3.736008290144482956e-03,0.000000000000000000e+00,6.227580980558867531e-03,-9.732600540924627570e-06,-9.732600540924420894e-06,-9.732600540924031258e-06,-9.732600540924234546e-06
3.439785013436660096e-03,0.000000000000000000e+00,1.313972074414976028e-04,-3.741535794784522743e-03,0.000000000000000000e+00,6.227581000841608296e-03,-8.427966773077267287e-06,-8.427966773077072470e-06,-8.427966773076645565e-06,-8.427966773076838689e-06
3.444784700956190007e-03,0.000000000000000000e+00,1.307837701648682251e-04,-3.747063054205215966e-03,0.000000000000000000e+00,6.227581020212584473e-03,-7.137593844817236206e-06,-7.137593844817053247e-06,-7.137593844816597543e-06,-7.137593844816775420e-06
3.449784388475720352e-03,0.000000000000000000e+00,1.301751705578212365e-04,-3.752590068406562191e-03,0.000000000000000000e+00,6.227581038322938835e-03,-5.863842383839176490e-06,-5.863842383839013860e-06,-5.863842383838531051e-06,-5.863842383838690294e-06
3.454784075995250264e-03,0.000000000000000000e+00,1.295722029384180493e-04,-3.758116837388561851e-03,0.000000000000000000e+00,6.227581054851842948e-03,-4.608968321278163934e-06,-4.608968321278014856e-06,-4.608968321277506636e-06,-4.608968321277655714e-06
3.459783763514780175e-03,0.000000000000000000e+00,1.289756027667600120e-04,-3.763643361151214946e-03,0.000000000000000000e+00,6.227581069511056895e-03,-3.375117404237791069e-06,-3.375117404237655544e-06,-3.375117404237128690e-06,-3.375117404237260827e-06
3.464783451034310086e-03,0.000000000000000000e+00,1.283860444300108047e-04,-3.769169639694521477e-03,0.000000000000000000e+00,6.227581082048956433e-03,-2.164320190757703524e-06,-2.164320190757586633e-06,-2.164320190757044532e-06,-2.164320190757163117e-06
3.469783138553840431e-03,0.000000000000000000e+00,1.278041392448889192e-04,-3.774695673018481443e-03,0.000000000000000000e+00,6.227581092253966014e-03,-9.784875420211351128e-07,-9.784875420210283867e-07,-9.784875420204744271e-07,-9.784875420205794592e-07
3.474782826073370343e-03,0.000000000000000000e+00,1.272304336834885756e-04,-3.780221461123094845e-03,0.000000000000000000e+00,6.227581099957348217e-03,1.805933754448894624e-07,1.805933754449809420e-07,1.805933754455484540e-07,1.805933754454569745e-07
3.479782513592900254e-03,0.000000000000000000e+00,1.266654078275316546e-04,-3.785747004008361248e-03,0.000000000000000000e+00,6.227581105035295828e-03,1.311262566913805819e-06,1.311262566913886288e-06,1.311262566914457188e-06,1.311262566914377567e-06
3.484782201112430599e-03,0.000000000000000000e+00,1.261094740553888379e-04,-3.791272301674281520e-03,0.000000000000000000e+00,6.227581107410344770e-03,2.411990157409139493e-06,2.411990157409206409e-06,2.411990157409782391e-06,2.411990157409716323e-06
3.489781888631960510e-03,0.000000000000000000e+00,1.255629759654247569e-04,-3.796797354120854794e-03,0.000000000000000000e+00,6.227581107052036768e-03,3.481378804068576647e-06,3.481378804068633398e-06,3.481378804069211921e-06,3.481378804069156017e-06
3.494781576151490422e-03,0.000000000000000000e+00,1.250261875384351177e-04,-3.802322161348081504e-03,0.000000000000000000e+00,6.227581103976862105e-03,4.518165568696469276e-06,4.518165568696515862e-06,4.518165568697090151e-06,4.518165568697042717e-06
3.499781263671020333e-03,0.000000000000000000e+00,1.244993125411436021e-04,-3.807846723355962082e-03,0.000000000000000000e+00,6.227581098247497206e-03,5.521223248451227388e-06,5.521223248451262116e-06,5.521223248451829628e-06,5.521223248451795747e-06
3.504780951190550678e-03,0.000000000000000000e+00,1.239824841719279935e-04,-3.813371040144495228e-03,0.000000000000000000e+00,6.227581089971305842e-03,6.489561164785833789e-06,6.489561164785854965e-06,6.489561164786415701e-06,6.489561164786390290e-06
3.509780638710080589e-03,0.000000000000000000e+00,1.234757649491395734e-04,-3.818895111713682244e-03,0.000000000000000000e+00,6.227581079298196744e-03,7.422325412921655205e-06,7.422325412921672992e-06,7.422325412922215093e-06,7.422325412922203235e-06
3.514780326229610501e-03,0.000000000000000000e+00,1.229791468415802121e-04,-3.824418938063522694e-03,0.000000000000000000e+00,6.227581066417811617e-03,8.318798576280061915e-06,8.318798576280072080e-06,8.318798576280600628e-06,8.318798576280593852e-06
3.519780013749140412e-03,0.000000000000000000e+00,1.224925516399004855e-04,-3.829942519194016147e-03,0.000000000000000000e+00,6.227581051556145032e-03,9.178398912413460018e-06,9.178398912413456630e-06,9.178398912413976708e-06,9.178398912413981791e-06
3.524779701268670757e-03,0.000000000000000000e+00,1.220158315668934049e-04,-3.835465855105163469e-03,0.000000000000000000e+00,6.227581034971609204e-03,1.000067901906013515e-05,1.000067901906012837e-05,1.000067901906062304e-05,1.000067901906063320e-05
3.529779388788200668e-03,0.000000000000000000e+00,1.215487701238725059e-04,-3.840988945796963792e-03,0.000000000000000000e+00,6.227581016950636469e-03,1.078532399098645022e-05,1.078532399098642989e-05,1.078532399098690422e-05,1.078532399098692455e-05
3.534779076307730580e-03,0.000000000000000000e+00,1.210910831695538549e-04,-3.846511791269417550e-03,0.000000000000000000e+00,6.227580997802867162e-03,1.153214908026828269e-05,1.153214908026825559e-05,1.153214908026870790e-05,1.153214908026873670e-05
3.539778763827260925e-03,0.000000000000000000e+00,1.206424202271032519e-04,-3.852034391522524744e-03,0.000000000000000000e+00,6.227580977856020904e-03,1.224109687459269509e-05,1.224109687459266629e-05,1.224109687459309489e-05,1.224109687459312708e-05
3.544778451346790836e-03,0.000000000000000000e+00,1.202023660142696049e-04,-3.857556746556285374e-03,0.000000000000000000e+00,6.227580957450511157e-03,1.291223401002332489e-05,1.291223401002329101e-05,1.291223401002369420e-05,1.291223401002373485e-05
3.549778138866320747e-03,0.000000000000000000e+00,1.197704421908038302e-04,-3.863078856370699438e-03,0.000000000000000000e+00,6.227580936933907116e-03,1.354574743646211183e-05,1.354574743646207117e-05,1.354574743646245064e-05,1.354574743646249638e-05
3.554777826385850659e-03,0.000000000000000000e+00,1.193461093166630949e-04,-3.868600720965766938e-03,0.000000000000000000e+00,6.227580916655301065e-03,1.414194025574779551e-05,1.414194025574774468e-05,1.414194025574809705e-05,1.414194025574815465e-05
3.559777513905381004e-03,0.000000000000000000e+00,1.189287690138226297e-04,-3.874122340341487440e-03,0.000000000000000000e+00,6.227580896959705216e-03,1.470122715395219684e-05,1.470122715395214771e-05,1.470122715395247297e-05,1.470122715395252887e-05
3.564777201424910915e-03,0.000000000000000000e+00,1.185177663238686505e-04,-3.879643714497861377e-03,0.000000000000000000e+00,6.227580878182522282e-03,1.522412945096245851e-05,1.522412945096240260e-05,1.522412945096270076e-05,1.522412945096276005e-05
3.569776888944440826e-03,0.000000000000000000e+00,1.181123922529213029e-04,-3.885164843434889183e-03,0.000000000000000000e+00,6.227580860644221609e-03,1.571126979186430737e-05,1.571126979186424977e-05,1.571126979186452421e-05,1.571126979186459197e-05
3.574776576463970738e-03,0.000000000000000000e+00,1.177118864948463467e-04,-3.890685727152569991e-03,0.000000000000000000e+00,6.227580844645241691e-03,1.616336650596405738e-05,1.616336650596399978e-05,1.616336650596424712e-05,1.616336650596431827e-05
3.579776263983501083e-03,0.000000000000000000e+00,1.173154403231511478e-04,-3.896206365650904235e-03,0.000000000000000000e+00,6.227580830461262179e-03,1.658122766049872169e-05,1.658122766049865732e-05,1.658122766049887755e-05,1.658122766049895209e-05
3.584775951503030994e-03,0.000000000000000000e+00,1.169221996414361440e-04,-3.901726758929891913e-03,0.000000000000000000e+00,6.227580818338867945e-03,1.696574483718115065e-05,1.696574483718107950e-05,1.696574483718128279e-05,1.696574483718135733e-05
3.589775639022560905e-03,0.000000000000000000e+00,1.165312681817795175e-04,-3.907246906989532594e-03,0.000000000000000000e+00,6.227580808491686715e-03,1.731788666070544560e-05,1.731788666070537444e-05,1.731788666070555402e-05,1.731788666070563194e-05
3.594775326542091250e-03,0.000000000000000000e+00,1.161417108399785117e-04,-3.912766809829827143e-03,0.000000000000000000e+00,6.227580801097056667e-03,1.763869210919358796e-05,1.763869210919351342e-05,1.763869210919367266e-05,1.763869210919375737e-05
3.599775014061621162e-03,0.000000000000000000e+00,1.157525571361548095e-04,-3.918286467450774260e-03,0.000000000000000000e+00,6.227580796293282102e-03,1.792926363729437585e-05,1.792926363729430470e-05,1.792926363729444700e-05,1.792926363729452832e-05
3.604774701581151073e-03,0.000000000000000000e+00,1.153628047888538967e-04,-3.923805879852374813e-03,0.000000000000000000e+00,6.227580794177506665e-03,1.819076014324740934e-05,1.819076014324733480e-05,1.819076014324745678e-05,1.819076014324753809e-05
3.609774389100680984e-03,0.000000000000000000e+00,1.149714233904319745e-04,-3.929325047034629668e-03,0.000000000000000000e+00,6.227580794804221491e-03,1.842438981169586016e-05,1.842438981169577884e-05,1.842438981169589404e-05,1.842438981169598213e-05
3.614774076620211329e-03,0.000000000000000000e+00,1.145773581712295706e-04,-3.934843968997537092e-03,0.000000000000000000e+00,6.227580798184463758e-03,1.863140286437074065e-05,1.863140286437065934e-05,1.863140286437075759e-05,1.863140286437084568e-05
3.619773764139741241e-03,0.000000000000000000e+00,1.141795338397790828e-04,-3.940362645741097951e-03,0.000000000000000000e+00,6.227580804285689185e-03,1.881308425097498211e-05,1.881308425097489402e-05,1.881308425097497872e-05,1.881308425097507020e-05
3.624773451659271152e-03,0.000000000000000000e+00,1.137768584860831552e-04,-3.945881077265312245e-03,0.000000000000000000e+00,6.227580813032311535e-03,1.897074631266737279e-05,1.897074631266729147e-05,1.897074631266736940e-05,1.897074631266745749e-05
3.629773139178801063e-03,0.000000000000000000e+00,1.133682275348377487e-04,-3.951399263570179975e-03,0.000000000000000000e+00,6.227580824306926457e-03,1.910572145048461336e-05,1.910572145048453204e-05,1.910572145048460320e-05,1.910572145048470145e-05
3.634772826698331408e-03,0.000000000000000000e+00,1.129525277353506574e-04,-3.956917204655701140e-03,0.000000000000000000e+00,6.227580837952188461e-03,1.921935483084403530e-05,1.921935483084395737e-05,1.921935483084402852e-05,1.921935483084412678e-05
3.639772514217861320e-03,0.000000000000000000e+00,1.125286411748303421e-04,-3.962434900521875740e-03,0.000000000000000000e+00,6.227580853773278559e-03,1.931299715994209881e-05,1.931299715994201749e-05,1.931299715994208864e-05,1.931299715994218690e-05
3.644772201737391231e-03,0.000000000000000000e+00,1.120954493016881296e-04,-3.967952351168703776e-03,0.000000000000000000e+00,6.227580871540976462e-03,1.938799755840556229e-05,1.938799755840547081e-05,1.938799755840554535e-05,1.938799755840564699e-05
3.649771889256921576e-03,0.000000000000000000e+00,1.116518369455081022e-04,-3.973469556596185247e-03,0.000000000000000000e+00,6.227580890995252326e-03,1.944569656696509965e-05,1.944569656696501156e-05,1.944569656696508610e-05,1.944569656696518774e-05
3.654771576776451487e-03,0.000000000000000000e+00,1.111966963203961969e-04,-3.978986516804319286e-03,0.000000000000000000e+00,6.227580911849319063e-03,1.948741931320840403e-05,1.948741931320832271e-05,1.948741931320840742e-05,1.948741931320850906e-05
3.659771264295981399e-03,0.000000000000000000e+00,1.107289309985200177e-04,-3.984503231793107628e-03,0.000000000000000000e+00,6.227580933794113136e-03,1.951446886863414756e-05,1.951446886863405269e-05,1.951446886863415433e-05,1.951446886863425937e-05
3.664770951815511310e-03,0.000000000000000000e+00,1.102474598407949754e-04,-3.990019701562549405e-03,0.000000000000000000e+00,6.227580956503093665e-03,1.952811982427297096e-05,1.952811982427287609e-05,1.952811982427299467e-05,1.952811982427309632e-05
3.669770639335041655e-03,0.000000000000000000e+00,1.097512208718574655e-04,-3.995535926112643750e-03,0.000000000000000000e+00,6.227580979637316501e-03,1.952961211207209104e-05,1.952961211207199617e-05,1.952961211207213170e-05,1.952961211207223673e-05
3.674770326854571566e-03,0.000000000000000000e+00,1.092391750866965675e-04,-4.001051905443391531e-03,0.000000000000000000e+00,6.227581002850696504e-03,1.952014509805888616e-05,1.952014509805879468e-05,1.952014509805895053e-05,1.952014509805905217e-05
3.679770014374101478e-03,0.000000000000000000e+00,1.087103101765821264e-04,-4.006567639554793614e-03,0.000000000000000000e+00,6.227581025795357432e-03,1.950087197201300990e-05,1.950087197201291842e-05,1.950087197201309799e-05,1.950087197201319964e-05
3.684769701893631389e-03,0.000000000000000000e+00,1.081636441622390400e-04,-4.012083128446848265e-03,0.000000000000000000e+00,6.227581048127015656e-03,1.947289445698973317e-05,1.947289445698963153e-05,1.947289445698983820e-05,1.947289445698994662e-05
3.689769389413161734e-03,0.000000000000000000e+00,1.075982289225638840e-04,-4.017598372119556352e-03,0.000000000000000000e+00,6.227581069510304025e-03,1.943725786055665168e-05,1.943725786055655342e-05,1.943725786055677704e-05,1.943725786055689223e-05
3.694769076932691645e-03,0.000000000000000000e+00,1.070131536075663234e-04,-4.023113370572918741e-03,0.000000000000000000e+00,6.227581089623942211e-03,1.939494648803663553e-05,1.939494648803653727e-05,1.939494648803679138e-05,1.939494648803690319e-05
3.699768764452221557e-03,0.000000000000000000e+00,1.064075479246383727e-04,-4.028628123806933699e-03,0.000000000000000000e+00,6.227581108165690209e-03,1.934687943639926396e-05,1.934687943639916571e-05,1.934687943639945031e-05,1.934687943639955873e-05
3.704768451971751902e-03,0.000000000000000000e+00,1.057805852877118037e-04,-4.034142631821602092e-03,0.000000000000000000e+00,6.227581124857013879e-03,1.929390678571726706e-05,1.929390678571715864e-05,1.929390678571748052e-05,1.929390678571759910e-05
3.709768139491281813e-03,0.000000000000000000e+00,1.051314858193506572e-04,-4.039656894616923920e-03,0.000000000000000000e+00,6.227581139447351498e-03,1.923680620331165301e-05,1.923680620331154120e-05,1.923680620331189695e-05,1.923680620331201892e-05
3.714767827010811724e-03,0.000000000000000000e+00,1.044595191963475466e-04,-4.045170912192899183e-03,0.000000000000000000e+00,6.227581151717990864e-03,1.917627997385511511e-05,1.917627997385499991e-05,1.917627997385538616e-05,1.917627997385550813e-05
3.719767514530341636e-03,0.000000000000000000e+00,1.037640073299388117e-04,-4.050684684549527882e-03,0.000000000000000000e+00,6.227581161485415580e-03,1.911295246679806169e-05,1.911295246679794988e-05,1.911295246679837339e-05,1.911295246679848859e-05
3.724767202049871981e-03,0.000000000000000000e+00,1.030443268723311480e-04,-4.056198211686809149e-03,0.000000000000000000e+00,6.227581168604130052e-03,1.904736805053030519e-05,1.904736805053019677e-05,1.904736805053064739e-05,1.904736805053076936e-05
3.729766889569401892e-03,0.000000000000000000e+00,1.022999115418322816e-04,-4.061711493604744719e-03,0.000000000000000000e+00,6.227581172968891209e-03,1.897998946070423659e-05,1.897998946070411801e-05,1.897998946070460251e-05,1.897998946070473126e-05
3.734766577088931803e-03,0.000000000000000000e+00,1.015302542595020825e-04,-4.067224530303333724e-03,0.000000000000000000e+00,6.227581174516328734e-03,1.891119662812962689e-05,1.891119662812950492e-05,1.891119662813002330e-05,1.891119662813015882e-05
3.739766264608461715e-03,0.000000000000000000e+00,1.007349090908852407e-04,-4.072737321782575297e-03,0.000000000000000000e+00,6.227581173225916512e-03,1.884128596961415369e-05,1.884128596961402494e-05,1.884128596961458059e-05,1.884128596961471273e-05
3.744765952127992060e-03,0.000000000000000000e+00,9.991349298704954281e-05,-4.078249868042471173e-03,0.000000000000000000e+00,6.227581169120294420e-03,1.877047014307574074e-05,1.877047014307561200e-05,1.877047014307620153e-05,1.877047014307633367e-05
3.749765639647521971e-03,0.000000000000000000e+00,9.906568731983295302e-05,-4.083762169083020484e-03,0.000000000000000000e+00,6.227581162264929186e-03,1.869887826620216512e-05,1.869887826620203976e-05,1.869887826620265979e-05,1.869887826620279532e-05
3.754765327167051883e-03,0.000000000000000000e+00,9.819123920689566058e-05,-4.089274224904222363e-03,0.000000000000000000e+00,6.227581152767121264e-03,1.862655659588693485e-05,1.862655659588679594e-05,1.862655659588744307e-05,1.862655659588759215e-05
3.759765014686582228e-03,0.000000000000000000e+00,9.728996262287826938e-05,-4.094786035506077677e-03,0.000000000000000000e+00,6.227581140774378528e-03,1.855346966363823855e-05,1.855346966363809625e-05,1.855346966363878065e-05,1.855346966363892634e-05
3.764764702206112139e-03,0.000000000000000000e+00,9.636173929367962735e-05,-4.100297600888587295e-03,0.000000000000000000e+00,6.227581126472167203e-03,1.847950186014711208e-05,1.847950186014697316e-05,1.847950186014768128e-05,1.847950186014782697e-05
3.769764389725642050e-03,0.000000000000000000e+00,9.540651937158958708e-05,-4.105808921051749480e-03,0.000000000000000000e+00,6.227581110081105084e-03,1.840445946022034677e-05,1.840445946022020447e-05,1.840445946022092953e-05,1.840445946022107861e-05
3.774764077245171962e-03,0.000000000000000000e+00,9.442432188973459608e-05,-4.111319995995565101e-03,0.000000000000000000e+00,6.227581091853611785e-03,1.832807307734175955e-05,1.832807307734160031e-05,1.832807307734234909e-05,1.832807307734251172e-05
3.779763764764702307e-03,0.000000000000000000e+00,9.341523499502086463e-05,-4.116830825720034157e-03,0.000000000000000000e+00,6.227581072070074997e-03,1.825000053522943296e-05,1.825000053522927372e-05,1.825000053523003605e-05,1.825000053523019868e-05
3.784763452284232218e-03,0.000000000000000000e+00,9.237941595948516286e-05,-4.122341410225156648e-03,0.000000000000000000e+00,6.227581051034611695e-03,1.816983014191484306e-05,1.816983014191468043e-05,1.816983014191546309e-05,1.816983014191562572e-05
3.789763139803762129e-03,0.000000000000000000e+00,9.131709097068438851e-05,-4.127851749510932575e-03,0.000000000000000000e+00,6.227581029070452037e-03,1.808708435008969591e-05,1.808708435008952312e-05,1.808708435009031594e-05,1.808708435009049212e-05
3.794762827323292041e-03,0.000000000000000000e+00,9.022855470247258486e-05,-4.133361843577361937e-03,0.000000000000000000e+00,6.227581006515056986e-03,1.800122378575533729e-05,1.800122378575516789e-05,1.800122378575596749e-05,1.800122378575614028e-05
3.799762514842822386e-03,0.000000000000000000e+00,8.911416966822181525e-05,-4.138871692424444734e-03,0.000000000000000000e+00,6.227580983715018219e-03,1.791165162557484413e-05,1.791165162557466795e-05,1.791165162557547771e-05,1.791165162557564712e-05
3.804762202362352297e-03,0.000000000000000000e+00,8.797436535924158083e-05,-4.144381296052180967e-03,0.000000000000000000e+00,6.227580961020816666e-03,1.781771830177559916e-05,1.781771830177541281e-05,1.781771830177622596e-05,1.781771830177640892e-05
3.809761889881882208e-03,0.000000000000000000e+00,8.680963717183729379e-05,-4.149890654460569768e-03,0.000000000000000000e+00,6.227580938781554151e-03,1.771872651198777891e-05,1.771872651198759256e-05,1.771872651198839893e-05,1.771872651198858867e-05
3.814761577401412553e-03,0.000000000000000000e+00,8.562054512711897881e-05,-4.155399767649612872e-03,0.000000000000000000e+00,6.227580917339683303e-03,1.761393651003662626e-05,1.761393651003643313e-05,1.761393651003722934e-05,1.761393651003742585e-05
3.819761264920942465e-03,0.000000000000000000e+00,8.440771238832481043e-05,-4.160908635619309411e-03,0.000000000000000000e+00,6.227580897025863232e-03,1.750257165244010224e-05,1.750257165243990234e-05,1.750257165244069178e-05,1.750257165244088490e-05
3.824760952440472376e-03,0.000000000000000000e+00,8.317182358105905718e-05,-4.166417258369658518e-03,0.000000000000000000e+00,6.227580878153999092e-03,1.738382417420381151e-05,1.738382417420360483e-05,1.738382417420438072e-05,1.738382417420458400e-05
3.829760639960002287e-03,0.000000000000000000e+00,8.191362292245798679e-05,-4.171925635900661060e-03,0.000000000000000000e+00,6.227580861016537503e-03,1.725686116645594752e-05,1.725686116645573745e-05,1.725686116645648962e-05,1.725686116645669291e-05
3.834760327479532632e-03,0.000000000000000000e+00,8.063391216588626639e-05,-4.177433768212317905e-03,0.000000000000000000e+00,6.227580845880096791e-03,1.712083072753226091e-05,1.712083072753204068e-05,1.712083072753277252e-05,1.712083072753298597e-05
3.839760014999062544e-03,0.000000000000000000e+00,7.933354836833412019e-05,-4.182941655304627318e-03,0.000000000000000000e+00,6.227580832981500537e-03,1.697486825830707628e-05,1.697486825830685266e-05,1.697486825830755739e-05,1.697486825830777084e-05
3.844759702518592455e-03,0.000000000000000000e+00,7.801344148822241789e-05,-4.188449297177590167e-03,0.000000000000000000e+00,6.227580822524255225e-03,1.681810287187599968e-05,1.681810287187576928e-05,1.681810287187644013e-05,1.681810287187666714e-05
3.849759390038122366e-03,0.000000000000000000e+00,7.667455182183416298e-05,-4.193956693831207318e-03,0.000000000000000000e+00,6.227580814675552634e-03,1.664966388713115118e-05,1.664966388713091740e-05,1.664966388713155776e-05,1.664966388713178476e-05
3.854759077557652711e-03,0.000000000000000000e+00,7.531788728707252073e-05,-4.199463845265477037e-03,0.000000000000000000e+00,6.227580809563817814e-03,1.646868737533354804e-05,1.646868737533330410e-05,1.646868737533390718e-05,1.646868737533414097e-05
3.859758765077182623e-03,0.000000000000000000e+00,7.394450056369239303e-05,-4.204970751480400191e-03,0.000000000000000000e+00,6.227580807276853793e-03,1.627432272848147856e-05,1.627432272848123123e-05,1.627432272848178688e-05,1.627432272848202744e-05
3.864758452596712534e-03,0.000000000000000000e+00,7.255548609957184869e-05,-4.210477412475976781e-03,0.000000000000000000e+00,6.227580807860590845e-03,1.606573921809928575e-05,1.606573921809903164e-05,1.606573921809953986e-05,1.606573921809978042e-05
3.869758140116242879e-03,0.000000000000000000e+00,7.115197699297112701e-05,-4.215983828252206807e-03,0.000000000000000000e+00,6.227580811318491477e-03,1.584213251302996972e-05,1.584213251302971561e-05,1.584213251303017301e-05,1.584213251303042035e-05
3.874757827635772790e-03,0.000000000000000000e+00,6.973514176107458145e-05,-4.221489998809090267e-03,0.000000000000000000e+00,6.227580817611585128e-03,1.560273112490618926e-05,1.560273112490592499e-05,1.560273112490632817e-05,1.560273112490658228e-05
3.879757515155302702e-03,0.000000000000000000e+00,6.830618100542426487e-05,-4.226995924146626296e-03,0.000000000000000000e+00,6.227580826659149908e-03,1.534680275019876749e-05,1.534680275019850322e-05,1.534680275019884542e-05,1.534680275019910292e-05
3.884757202674832613e-03,0.000000000000000000e+00,6.686632398512709023e-05,-4.232501604264816628e-03,0.000000000000000000e+00,6.227580838340016252e-03,1.507366047809835851e-05,1.507366047809808407e-05,1.507366047809837375e-05,1.507366047809863295e-05
3.889756890194362958e-03,0.000000000000000000e+00,6.541682510895789539e-05,-4.238007039163660394e-03,0.000000000000000000e+00,6.227580852494490719e-03,1.478266883397304504e-05,1.478266883397276213e-05,1.478266883397299253e-05,1.478266883397325680e-05
3.894756577713892869e-03,0.000000000000000000e+00,6.395896035767787585e-05,-4.243512228843156729e-03,0.000000000000000000e+00,6.227580868926851400e-03,1.447324962876119273e-05,1.447324962876090474e-05,1.447324962876106906e-05,1.447324962876133673e-05
3.899756265233422781e-03,0.000000000000000000e+00,6.249402364805150916e-05,-4.249017173303307367e-03,0.000000000000000000e+00,6.227580887408384544e-03,1.414488758540173931e-05,1.414488758540144793e-05,1.414488758540154618e-05,1.414488758540181893e-05
3.904755952752952692e-03,0.000000000000000000e+00,6.102332315016634304e-05,-4.254521872544111440e-03,0.000000000000000000e+00,6.227580907680905185e-03,1.379713571427136751e-05,1.379713571427107274e-05,1.379713571427110154e-05,1.379713571427137428e-05
3.909755640272482603e-03,0.000000000000000000e+00,5.954817756974478975e-05,-4.260026326565568081e-03,0.000000000000000000e+00,6.227580929460734861e-03,1.342962041058532545e-05,1.342962041058502560e-05,1.342962041058498663e-05,1.342962041058526954e-05
3.914755327792012948e-03,0.000000000000000000e+00,5.806991240718144726e-05,-4.265530535367678157e-03,0.000000000000000000e+00,6.227580952443029748e-03,1.304204624782300640e-05,1.304204624782269808e-05,1.304204624782259136e-05,1.304204624782287765e-05
3.919755015311543293e-03,0.000000000000000000e+00,5.658985620504584430e-05,-4.271034498950442536e-03,0.000000000000000000e+00,6.227580976306438393e-03,1.263420044245630660e-05,1.263420044245599659e-05,1.263420044245581702e-05,1.263420044245611009e-05
3.924754702831072771e-03,0.000000000000000000e+00,5.510933679575816306e-05,-4.276538217313859483e-03,0.000000000000000000e+00,6.227581000717984962e-03,1.220595696658307172e-05,1.220595696658276001e-05,1.220595696658250929e-05,1.220595696658280405e-05
3.929754390350603116e-03,0.000000000000000000e+00,5.362967756107479665e-05,-4.282041690457929865e-03,0.000000000000000000e+00,6.227581025338115549e-03,1.175728028649496108e-05,1.175728028649464599e-05,1.175728028649432581e-05,1.175728028649462227e-05
3.934754077870133461e-03,0.000000000000000000e+00,5.215219371491219185e-05,-4.287544918382653683e-03,0.000000000000000000e+00,6.227581049825841632e-03,1.128822870673265759e-05,1.128822870673233741e-05,1.128822870673194608e-05,1.128822870673225101e-05
3.939753765389662939e-03,0.000000000000000000e+00,5.067818862089241549e-05,-4.293047901088030936e-03,0.000000000000000000e+00,6.227581073843876588e-03,1.079895730079644134e-05,1.079895730079611608e-05,1.079895730079566207e-05,1.079895730079596869e-05
3.944753452909193284e-03,0.000000000000000000e+00,4.920895015581207575e-05,-4.298550638574061625e-03,0.000000000000000000e+00,6.227581097063705426e-03,1.028972041137867662e-05,1.028972041137834797e-05,1.028972041137782281e-05,1.028972041137812775e-05
3.949753140428722761e-03,0.000000000000000000e+00,4.774574713001887420e-05,-4.304053130840745749e-03,0.000000000000000000e+00,6.227581119170510528e-03,9.760873704761852259e-06,9.760873704761521916e-06,9.760873704760930687e-06,9.760873704761240701e-06
3.954752827948253106e-03,0.000000000000000000e+00,4.628982577542884114e-05,-4.309555377888083308e-03,0.000000000000000000e+00,6.227581139867869285e-03,9.212875765873234632e-06,9.212875765872902595e-06,9.212875765872246991e-06,9.212875765872558699e-06
3.959752515467783451e-03,0.000000000000000000e+00,4.484240631163257523e-05,-4.315057379716074303e-03,0.000000000000000000e+00,6.227581158882161162e-03,8.646289222397647020e-06,8.646289222397308207e-06,8.646289222396588229e-06,8.646289222396905019e-06
3.964752202987312929e-03,0.000000000000000000e+00,4.340467960022079797e-05,-4.320559136324717865e-03,0.000000000000000000e+00,6.227581175966609602e-03,8.061781388316192611e-06,8.061781388315857185e-06,8.061781388315072833e-06,8.061781388315394705e-06
3.969751890506843274e-03,0.000000000000000000e+00,4.197780389711281280e-05,-4.326060647714015731e-03,0.000000000000000000e+00,6.227581190904904994e-03,7.460124419252850886e-06,7.460124419252512072e-06,7.460124419251676898e-06,7.460124419251996229e-06
3.974751578026373619e-03,0.000000000000000000e+00,4.056290171229304492e-05,-4.331561913883966164e-03,0.000000000000000000e+00,6.227581203514354069e-03,6.842194974064196716e-06,6.842194974063854515e-06,6.842194974062966825e-06,6.842194974063290391e-06
3.979751265545903097e-03,0.000000000000000000e+00,3.916105678595607108e-05,-4.337062934834570033e-03,0.000000000000000000e+00,6.227581213648501930e-03,6.208973379192736702e-06,6.208973379192391959e-06,6.208973379191451753e-06,6.208973379191774472e-06
3.984750953065433442e-03,0.000000000000000000e+00,3.777331118962863008e-05,-4.342563710565826469e-03,0.000000000000000000e+00,6.227581221199195508e-03,5.561542294412172512e-06,5.561542294411826922e-06,5.561542294410840129e-06,5.561542294411166237e-06
3.989750640584963787e-03,0.000000000000000000e+00,3.640066256038051263e-05,-4.348064241077737209e-03,0.000000000000000000e+00,6.227581226098052869e-03,4.901084880715469849e-06,4.901084880715120024e-06,4.901084880714091726e-06,4.901084880714418681e-06
3.994750328104493264e-03,0.000000000000000000e+00,3.504406147575709387e-05,-4.353564526370301384e-03,0.000000000000000000e+00,6.227581228317321041e-03,4.228882473224488848e-06,4.228882473224141565e-06,4.228882473223074303e-06,4.228882473223399564e-06
3.999750015624023609e-03,0.000000000000000000e+00,3.370440897656524788e-05,-4.359064566443518127e-03,0.000000000000000000e+00,6.227581227870111931e-03,3.546311764126110649e-06,3.546311764125763365e-06,3.546311764124661375e-06,3.546311764124987483e-06
