time_s,contact_force_N,impact_w_m,ball_travel_m,indentation_m,energy_J,S1_mean_exx_plus_eyy,S2_mean_exx_plus_eyy,S3_mean_exx_plus_eyy,S4_mean_exx_plus_eyy
0.000000000000000000e+00,0.000000000000000000e+00,0.000000000000000000e+00,0.000000000000000000e+00,0.000000000000000000e+00,6.227579619865871753e-03,0.000000000000000000e+00,0.000000000000000000e+00,0.000000000000000000e+00,0.000000000000000000e+00
4.999687519530029071e-06,1.958383866097209136e+01,2.625537489038650485e-08,8.844320878484028398e-06,8.818065503593642426e-06,6.227530058857197112e-03,-4.655807489173829023e-10,-4.655807489171289579e-10,-4.655806295609561813e-10,-4.655806295613284126e-10
9.999375039060058143e-06,5.366475763900967877e+01,2.907212942081245523e-07,1.755841038284471130e-05,1.726768908863658770e-05,6.227523582689621813e-03,-3.464250128507925268e-09,-3.464250128510294313e-09,-3.464250205790973147e-09,-3.464250205789901121e-09
1.499906255859008806e-05,9.221347779138606882e+01,1.159749142489988076e-06,2.593231775202126381e-05,2.477256860953127489e-05,6.227541547935090162e-03,-2.627629160073391118e-09,-2.627629160082443783e-09,-2.627629127725520500e-09,-2.627629127721550033e-09
1.999875007812011629e-05,1.272381534996685559e+02,3.023982528338412018e-06,3.372737359007457037e-05,3.070339106173615581e-05,6.227573579618326562e-03,2.503643906416424557e-08,2.503643906415175183e-08,2.503643901803737236e-08,2.503643901803927818e-08
2.499843759765014620e-05,1.517408203389163361e+02,6.198226890273652771e-06,4.072662183447302899e-05,3.452839494419937961e-05,6.227600747314717723e-03,1.196232514859235806e-07,1.196232514858999696e-07,1.196232515160033088e-07,1.196232515160010853e-07
2.999812511718017612e-05,1.611253672576848999e+02,1.084039166817647959e-05,4.677812808313741051e-05,3.593773641496093092e-05,6.227606708194966326e-03,3.212150798365466298e-07,3.212150798364693381e-07,3.212150797647502114e-07,3.212150797647735048e-07
3.499781263671020604e-05,1.543030605015106573e+02,1.690734399957802877e-05,5.182334245345426079e-05,3.491599845387623202e-05,6.227589127303220437e-03,6.282541637386750310e-07,6.282541637385278590e-07,6.282541636951801009e-07,6.282541636952213938e-07
3.999750015624023257e-05,1.338236254259031455e+02,2.415001413596632753e-05,5.590388198206212167e-05,3.175386784609579414e-05,6.227560944283514269e-03,1.004937132347136465e-06,1.004937132346939107e-06,1.004937132503553381e-06,1.004937132503566087e-06
4.499718767577026588e-05,1.048261681017153251e+02,3.216317672959070933e-05,5.914603253644361774e-05,2.698285580685290841e-05,6.227539532866564927e-03,1.375925639648605496e-06,1.375925639648328516e-06,1.375925639254169358e-06,1.375925639254126583e-06
4.999687519530029241e-05,7.333470347764796315e+01,4.046514756790770185e-05,6.172928639828882420e-05,2.126413883038112234e-05,6.227534540042468057e-03,1.623334705695074587e-06,1.623334705694638789e-06,1.623334706031416124e-06,1.623334706031321680e-06
5.499656271483031894e-05,4.465157445518129009e+01,4.857360441172713317e-05,6.384924003029314530e-05,1.527563561856601213e-05,6.227544142724037238e-03,1.638171954027354034e-06,1.638171954026740359e-06,1.638171953872562998e-06,1.638171953872394015e-06
5.999625023436035224e-05,2.227452494534629324e+01,5.607645311509730577e-05,6.568476457385968522e-05,9.608311458762379452e-06,6.227560114605154400e-03,1.359741596440363526e-06,1.359741596439625761e-06,1.359741596731995276e-06,1.359741596731635287e-06
6.499593775389037877e-05,7.613496894971201634e+00,6.267900307905738201e-05,6.737611478715574626e-05,4.697111708098364248e-06,6.227574187698724228e-03,7.969506991125132331e-07,7.969506991115560859e-07,7.969506984555925957e-07,7.969506984550835289e-07
6.999562527342041208e-05,5.264720496880431755e-01,6.822444953028173513e-05,6.901578078391967135e-05,7.913312536379362187e-07,6.227581779651182418e-03,8.511076087440005555e-09,8.511076086179620529e-09,8.511076811605741612e-09,8.511076810989101626e-09
7.499531279295044539e-05,0.000000000000000000e+00,7.269352338742068713e-05,7.064823132352349264e-05,0.000000000000000000e+00,6.227580291390511467e-03,-9.057250193588521603e-07,-9.057250193604039247e-07,-9.057250195375405368e-07,-9.057250195382740674e-07
7.999500031248046514e-05,0.000000000000000000e+00,7.616428350725598585e-05,7.228090570488026776e-05,0.000000000000000000e+00,6.227574601213961038e-03,-1.779655469693082397e-06,-1.779655469694873025e-06,-1.779655469767607744e-06,-1.779655469768502211e-06
8.499468783201049845e-05,0.000000000000000000e+00,7.874224852288261105e-05,7.391382530558367528e-05,0.000000000000000000e+00,6.227568928293622692e-03,-2.401187442707452884e-06,-2.401187442709573855e-06,-2.401187442976480713e-06,-2.401187442977331134e-06
8.999437535154053175e-05,0.000000000000000000e+00,8.054097377936345764e-05,7.554699012563370164e-05,0.000000000000000000e+00,6.227565358673614257e-03,-2.579393189696327143e-06,-2.579393189698797091e-06,-2.579393189007953631e-06,-2.579393189008704102e-06
9.499406287107055151e-05,0.000000000000000000e+00,8.167177542935899980e-05,7.718040016503036039e-05,0.000000000000000000e+00,6.227565154689783562e-03,-2.188357212209867117e-06,-2.188357212212588634e-06,-2.188357212392318861e-06,-2.188357212392916866e-06
9.999375039060058481e-05,0.000000000000000000e+00,8.224279459390048655e-05,7.881405542377363798e-05,0.000000000000000000e+00,6.227567445871461105e-03,-1.229655171672306958e-06,-1.229655171675306302e-06,-1.229655172366360249e-06,-1.229655172366699062e-06
1.049934379101306181e-04,0.000000000000000000e+00,8.235816741867678153e-05,8.044795590186354795e-05,0.000000000000000000e+00,6.227569861371625576e-03,1.351021500585491962e-07,1.351021500552546616e-07,1.351021504710563591e-07,1.351021504711084517e-07
1.099931254296606379e-04,0.000000000000000000e+00,8.212153100879284015e-05,8.208210159930007677e-05,0.000000000000000000e+00,6.227570217905264993e-03,1.611319063568179054e-06,1.611319063564589329e-06,1.611319063878696251e-06,1.611319063879229034e-06
1.149928129491906712e-04,2.223560742913550214e+00,8.164736066236423105e-05,8.371499675285336945e-05,2.067636090489138401e-06,6.227566521469810393e-03,2.832550391989253940e-06,2.832550391985364364e-06,2.832550391826006974e-06,2.832550391827045436e-06
1.199925004687207045e-04,6.586770346052460923e+00,8.106835059007828036e-05,8.533306336018304432e-05,4.264712770104763960e-06,6.227562872082664618e-03,3.501934472754330261e-06,3.501934472750152695e-06,3.501934472071081299e-06,3.501934472072641534e-06
1.249921879882507378e-04,1.206988014511274443e+01,8.052307635850440039e-05,8.690928952081127369e-05,6.386213162306873304e-06,6.227560857668266309e-03,3.469790693138381701e-06,3.469790693133858545e-06,3.469790694006268599e-06,3.469790694008372629e-06
1.299918755077807575e-04,1.778931141003397087e+01,8.013879460250863962e-05,8.840959482309175576e-05,8.270800220583116144e-06,6.227561642550351849e-03,2.749450915890089780e-06,2.749450915885095673e-06,2.749450915934186315e-06,2.749450915936856163e-06
1.349915630273107773e-04,2.288671681329840268e+01,8.001483406755739432e-05,8.979839834900347844e-05,9.783564281446084122e-06,6.227564803852440010e-03,1.495429490175901791e-06,1.495429490170362195e-06,1.495429489599367121e-06,1.495429489602640057e-06
1.399912505468408242e-04,2.664863812127509135e+01,8.021571648041863137e-05,9.104396259827699618e-05,1.082824611785836481e-05,6.227568628305282968e-03,-6.393573623776507928e-08,-6.393573624392470288e-08,-6.393573616689213852e-08,-6.393573616304999707e-08
1.449909380663708439e-04,2.863783963908075236e+01,8.076220929805976952e-05,9.212281815493535771e-05,1.136060885687558818e-05,6.227571215505650105e-03,-1.651766981125218979e-06,-1.651766981132117215e-06,-1.651766980833399188e-06,-1.651766980829001393e-06
1.499906255859008908e-04,2.876787829359017223e+01,8.162750184330543318e-05,9.302247554811347938e-05,1.139497370480804621e-05,6.227571758677510026e-03,-2.980155228544098046e-06,-2.980155228551687461e-06,-2.980155228527496200e-06,-2.980155228522508870e-06
1.549903131054309105e-04,2.724285757106251182e+01,8.275338516345752318e-05,9.374200660288444268e-05,1.098862143942691951e-05,6.227570381840409099e-03,-3.827891871708914132e-06,-3.827891871717309922e-06,-3.827891872780356600e-06,-3.827891872774725525e-06
1.599900006249609303e-04,2.447364106876491618e+01,8.406005872079774690e-05,9.429080143662215156e-05,1.023074271582440466e-05,6.227567844929698948e-03,-4.068877967027925333e-06,-4.068877967037100394e-06,-4.068877966164080476e-06,-4.068877966157859866e-06
1.649896881444909771e-04,2.097409308593064026e+01,8.545542753435783861e-05,9.468603393916561340e-05,9.230606404807774790e-06,6.227565089470570719e-03,-3.675229593885178303e-06,-3.675229593894902241e-06,-3.675229594187243804e-06,-3.675229594180548856e-06
1.699893756640209969e-04,1.723698011140575304e+01,8.685078742027410917e-05,9.494949203573556211e-05,8.098704615461452933e-06,6.227563090191685913e-03,-2.722414788113946513e-06,-2.722414788124039758e-06,-2.722414787734197926e-06,-2.722414787727133671e-06
1.749890631835510166e-04,1.364901649347579138e+01,8.817277451238212153e-05,9.510451578938268371e-05,6.931741277000562189e-06,6.227562196939530510e-03,-1.368692488039988407e-06,-1.368692488050495004e-06,-1.368692488394403933e-06,-1.368692488386946655e-06
1.799887507030810635e-04,1.042985183909269864e+01,8.937983990780969676e-05,9.517359586810391432e-05,5.793755960294217559e-06,6.227562302307095010e-03,1.594456513520194963e-07,1.594456513412520135e-07,1.594456523968007554e-07,1.594456524046002348e-07
1.849884382226110833e-04,7.654891053014818425e+00,9.046285499833604891e-05,9.517697660561628005e-05,4.714121607280231138e-06,6.227563267081459575e-03,1.664018785156708223e-06,1.664018785145927187e-06,1.664018784582565574e-06,1.664018784590573424e-06
1.899881257421411030e-04,5.328330264861189214e+00,9.142957851548651422e-05,9.513213929176618749e-05,3.702560776279673277e-06,6.227565102351598561e-03,3.013075350651355365e-06,3.013075350640604823e-06,3.013075350556614730e-06,3.013075350564858054e-06
1.949878132616711499e-04,3.420657591033454015e+00,9.229838041391761412e-05,9.505375833718455103e-05,2.755377923266936905e-06,6.227567744202313314e-03,4.080851321876774065e-06,4.080851321865911715e-06,4.080851322346109092e-06,4.080851322354736123e-06
1.999875007812011696e-04,1.904729669839652972e+00,9.308893239437192996e-05,9.495386726751775378e-05,1.864934873145823822e-06,6.227570753131778276e-03,4.756134255097947862e-06,4.756134255086961844e-06,4.756134254877943759e-06,4.756134254887008706e-06
2.049871883007311894e-04,7.786698724552943984e-01,9.381476596671531386e-05,9.484201802471581852e-05,1.027252058000504664e-06,6.227573214826479658e-03,4.963687115007673659e-06,4.963687114996657995e-06,4.963687114742234709e-06,4.963687114751682514e-06
2.099868758202612362e-04,9.003569159935383148e-02,9.448147344829499212e-05,9.472528329540200111e-05,2.438098471070089925e-07,6.227573679492161458e-03,4.695388857243829123e-06,4.695388857232604243e-06,4.695388856755860219e-06,4.695388856765814550e-06
2.149865633397912560e-04,0.000000000000000000e+00,9.508265010293298885e-05,9.460785310181930039e-05,0.000000000000000000e+00,6.227571131574963920e-03,3.995489852231100384e-06,3.995489852219541773e-06,3.995489853300990241e-06,3.995489853311697585e-06
2.199862508593212757e-04,0.000000000000000000e+00,9.561020261445338730e-05,9.449066130752990734e-05,0.000000000000000000e+00,6.227565992416563001e-03,2.925737265990640366e-06,2.925737265978741247e-06,2.925737265038693071e-06,2.925737265050244059e-06
2.249859383788513226e-04,0.000000000000000000e+00,9.605713519746854161e-05,9.437371473258713314e-05,0.000000000000000000e+00,6.227560462428376881e-03,1.594875798624447355e-06,1.594875798612230599e-06,1.594875798706418545e-06,1.594875798718834354e-06
2.299856258983813424e-04,0.000000000000000000e+00,9.641050243981027731e-05,9.425701337699099133e-05,0.000000000000000000e+00,6.227557019687255183e-03,1.429849830956583928e-07,1.429849830829833918e-07,1.429849835264779845e-07,1.429849835400622754e-07
2.349853134179113892e-04,0.000000000000000000e+00,9.665431930537666768e-05,9.414055724074145480e-05,0.000000000000000000e+00,6.227557204127486500e-03,-1.334725675859999932e-06,-1.334725675873299620e-06,-1.334725675346814433e-06,-1.334725675331794210e-06
2.399850009374414090e-04,0.000000000000000000e+00,9.677290017422389933e-05,9.402434632383855067e-05,0.000000000000000000e+00,6.227560781267859474e-03,-2.795432099021467232e-06,-2.795432099035326809e-06,-2.795432099705978697e-06,-2.795432099689396757e-06
2.449846884569714558e-04,0.000000000000000000e+00,9.675838635042120317e-05,9.390838062628227892e-05,0.000000000000000000e+00,6.227565903420450438e-03,-4.230407548237990887e-06,-4.230407548252554771e-06,-4.230407548742451523e-06,-4.230407548724089543e-06
2.499843759765014756e-04,0.000000000000000000e+00,9.661906732913527285e-05,9.379266014807262602e-05,0.000000000000000000e+00,6.227570314622103524e-03,-5.617491072591333833e-06,-5.617491072606746444e-06,-5.617491071309476522e-06,-5.617491071289100298e-06
2.549840634960314953e-04,0.000000000000000000e+00,9.637302527053781250e-05,9.367718488920959196e-05,0.000000000000000000e+00,6.227572775673415918e-03,-6.892077916358441879e-06,-6.892077916374753193e-06,-6.892077916958053114e-06,-6.892077916935399218e-06
2.599837510155615151e-04,0.000000000000000000e+00,9.604784495206251113e-05,9.356195484969319028e-05,0.000000000000000000e+00,6.227573534154390127e-03,-7.982186635332106696e-06,-7.982186635349616561e-06,-7.982186634977599690e-06,-7.982186634952593584e-06
2.649834385350915348e-04,0.000000000000000000e+00,9.568144235188851140e-05,9.344697002952342100e-05,0.000000000000000000e+00,6.227573297808003221e-03,-8.771995508915395544e-06,-8.771995508934106502e-06,-8.771995509420225487e-06,-8.771995509392642706e-06
2.699831260546215546e-04,0.000000000000000000e+00,9.531275862115519133e-05,9.333223042870025701e-05,0.000000000000000000e+00,6.227572402219900410e-03,-9.111112191803939051e-06,-9.111112191824066248e-06,-9.111112190522217266e-06,-9.111112190491951084e-06
2.749828135741516286e-04,0.000000000000000000e+00,9.497760327659771280e-05,9.321773604722372541e-05,0.000000000000000000e+00,6.227570528893572148e-03,-8.860571254009187383e-06,-8.860571254030864650e-06,-8.860571255236688896e-06,-8.860571255203629200e-06
2.799825010936816483e-04,0.000000000000000000e+00,9.470252377715121083e-05,9.310348688509382620e-05,0.000000000000000000e+00,6.227567404270726963e-03,-7.930791995489131269e-06,-7.930791995512655068e-06,-7.930791995680591208e-06,-7.930791995644646518e-06
2.849821886132116681e-04,0.000000000000000000e+00,9.450558095280839279e-05,9.298948294231054582e-05,0.000000000000000000e+00,6.227563460673211579e-03,-6.316564471233381488e-06,-6.316564471259021176e-06,-6.316564471184778738e-06,-6.316564471145750848e-06
2.899818761327416878e-04,0.000000000000000000e+00,9.440448305679920442e-05,9.287572421887388429e-05,0.000000000000000000e+00,6.227560181730739004e-03,-4.040120682365822447e-06,-4.040120682393615292e-06,-4.040120682352169970e-06,-4.040120682310201181e-06
2.949815636522717076e-04,0.000000000000000000e+00,9.440992113365222042e-05,9.276221071478384160e-05,0.000000000000000000e+00,6.227559160086639824e-03,-1.128116254823176406e-06,-1.128116254853305368e-06,-1.128116254747128941e-06,-1.128116254702255677e-06
2.999812511718017815e-04,0.000000000000000000e+00,9.452132411508863468e-05,9.264894243004043130e-05,0.000000000000000000e+00,6.227560712504427894e-03,2.332703001556592024e-06,2.332703001524017678e-06,2.332703000891521235e-06,2.332703000939161757e-06
3.049809386913318013e-04,0.000000000000000000e+00,9.472804043647134226e-05,9.253591936464365339e-05,0.000000000000000000e+00,6.227563504751587077e-03,6.190297734335382148e-06,6.190297734300389523e-06,6.190297735631675442e-06,6.190297735681878237e-06
3.099806262108618211e-04,0.000000000000000000e+00,9.500866054724905552e-05,9.242314151859348076e-05,0.000000000000000000e+00,6.227565664549101522e-03,1.026123484564790841e-05,1.026123484561067284e-05,1.026123484547442081e-05,1.026123484552658957e-05
3.149803137303918408e-04,0.000000000000000000e+00,9.533791700243868976e-05,9.231060889188994053e-05,0.000000000000000000e+00,6.227566337523703782e-03,1.435482455637306201e-05,1.435482455633378848e-05,1.435482455779257403e-05,1.435482455784609974e-05
3.199800012499218606e-04,0.000000000000000000e+00,9.568702871012063258e-05,9.219832148453303269e-05,0.000000000000000000e+00,6.227566033876542548e-03,1.827304299894748737e-05,1.827304299890637916e-05,1.827304299879905331e-05,1.827304299885355141e-05
3.249796887694518803e-04,0.000000000000000000e+00,9.602511458478857353e-05,9.208627929652273014e-05,0.000000000000000000e+00,6.227566059068430186e-03,2.177439749138170667e-05,2.177439749133913818e-05,2.177439749199928855e-05,2.177439749205407465e-05
3.299793762889819543e-04,0.000000000000000000e+00,9.632974247490494121e-05,9.197448232785905998e-05,0.000000000000000000e+00,6.227567203219988405e-03,2.462745164135564152e-05,2.462745164131205659e-05,2.462745164095203371e-05,2.462745164100629803e-05
3.349790638085119740e-04,0.000000000000000000e+00,9.658465452115118106e-05,9.186293057854202221e-05,0.000000000000000000e+00,6.227569115920662465e-03,2.661546361099408918e-05,2.661546361094989778e-05,2.661546361038097285e-05,2.661546361043421735e-05
3.399787513280419938e-04,0.000000000000000000e+00,9.677526153584434005e-05,9.175162404857160328e-05,0.000000000000000000e+00,6.227570580445407865e-03,2.744848442405772033e-05,2.744848442401318333e-05,2.744848442348459412e-05,2.744848442353655112e-05
3.449784388475720135e-04,0.000000000000000000e+00,9.688673628163663252e-05,9.164056273794780319e-05,0.000000000000000000e+00,6.227570755945930833e-03,2.677052396149466444e-05,2.677052396145002919e-05,2.677052396000566183e-05,2.677052396005608401e-05
3.499781263671020333e-04,0.000000000000000000e+00,9.690175271172464131e-05,9.152974664667062193e-05,0.000000000000000000e+00,6.227569717486032032e-03,2.423366268467272406e-05,2.423366268462842085e-05,2.423366268521649888e-05,2.423366268526522361e-05
3.549778138866320530e-04,0.000000000000000000e+00,9.680956774469678331e-05,9.141917577474007307e-05,0.000000000000000000e+00,6.227568098287385341e-03,1.961561467011508036e-05,1.961561467007112952e-05,1.961561466870215826e-05,1.961561466874938543e-05
3.599775014061621270e-04,0.000000000000000000e+00,9.660760038619740117e-05,9.130885012215615661e-05,0.000000000000000000e+00,6.227566450222541024e-03,1.286477625580999474e-05,1.286477625576638948e-05,1.286477625579246454e-05,1.286477625583852619e-05
3.649771889256921468e-04,0.000000000000000000e+00,9.629789045670789777e-05,9.119876968891884542e-05,0.000000000000000000e+00,6.227564971440558740e-03,4.096065304372169312e-06,4.096065304328889317e-06,4.096065303052647834e-06,4.096065303097879394e-06
3.699768764452221665e-04,0.000000000000000000e+00,9.589253918129892916e-05,9.108893447502816663e-05,0.000000000000000000e+00,6.227563640000116467e-03,-6.349832541752642933e-06,-6.349832541795543458e-06,-6.349832540558902460e-06,-6.349832540514273988e-06
3.749765639647521863e-04,0.000000000000000000e+00,9.541303058777282305e-05,9.097934448048412023e-05,0.000000000000000000e+00,6.227562428854752780e-03,-1.788347045145760746e-05,-1.788347045150031486e-05,-1.788347045085619374e-05,-1.788347045081172112e-05
3.799762514842822060e-04,0.000000000000000000e+00,9.489022200188399283e-05,9.086999970528667912e-05,0.000000000000000000e+00,6.227561798447005074e-03,-2.972768551872330111e-05,-2.972768551876601528e-05,-2.972768551810697622e-05,-2.972768551806212752e-05
3.849759390038122800e-04,0.000000000000000000e+00,9.436393789928798268e-05,9.076090014943587040e-05,0.000000000000000000e+00,6.227562540061308896e-03,-4.098252874138024344e-05,-4.098252874142302877e-05,-4.098252874017492233e-05,-4.098252874012944005e-05
3.899756265233422997e-04,0.000000000000000000e+00,9.387686579422302468e-05,9.065204581293169407e-05,0.000000000000000000e+00,6.227565169755511741e-03,-5.070453207815160636e-05,-5.070453207819463563e-05,-5.070453207729510019e-05,-5.070453207724864890e-05
3.949753140428723195e-04,0.000000000000000000e+00,9.347819168110379833e-05,9.054343669577413658e-05,0.000000000000000000e+00,6.227569217411090506e-03,-5.798604079816822594e-05,-5.798604079821155337e-05,-5.798604079599109376e-05,-5.798604079594351084e-05
3.999750015624023393e-04,0.000000000000000000e+00,9.322104980549045499e-05,9.043507279796319793e-05,0.000000000000000000e+00,6.227573436440316315e-03,-6.206349433923907713e-05,-6.206349433928272982e-05,-6.206349433938716559e-05,-6.206349433933832228e-05
4.049746890819323590e-04,0.000000000000000000e+00,9.314993312529683809e-05,9.032695411949887812e-05,0.000000000000000000e+00,6.227576302485922886e-03,-6.246859294195515068e-05,-6.246859294199899311e-05,-6.246859294078765468e-05,-6.246859294073755099e-05
4.099743766014623788e-04,0.000000000000000000e+00,9.329355183007337913e-05,9.021908066038119070e-05,0.000000000000000000e+00,6.227576591456009461e-03,-5.905694287717833677e-05,-5.905694287722228084e-05,-5.905694287786272584e-05,-5.905694287781129400e-05
4.149740641209924527e-04,0.000000000000000000e+00,9.365588808655999037e-05,9.011145242061013568e-05,0.000000000000000000e+00,6.227573911570170179e-03,-5.197826323084046829e-05,-5.197826323088414809e-05,-5.197826323071713352e-05,-5.197826323066450906e-05
4.199737516405224725e-04,0.000000000000000000e+00,9.421582768099422242e-05,9.000406940018568593e-05,0.000000000000000000e+00,6.227568897025582452e-03,-4.163170272961151620e-05,-4.163170272965455225e-05,-4.163170273235438507e-05,-4.163170273230098133e-05
4.249734391600524922e-04,0.000000000000000000e+00,9.493218048032484990e-05,8.989693159910786859e-05,0.000000000000000000e+00,6.227562975052054577e-03,-2.863624492109369894e-05,-2.863624492113586085e-05,-2.863624492426798202e-05,-2.863624492421393454e-05
4.299731266795825120e-04,0.000000000000000000e+00,9.574278029830625360e-05,8.979003901737668363e-05,0.000000000000000000e+00,6.227557843647396618e-03,-1.382699594089160892e-05,-1.382699594093248842e-05,-1.382699594278421595e-05,-1.382699594273002786e-05
4.349728141991125317e-04,0.000000000000000000e+00,9.657458941151292429e-05,8.968339165499210396e-05,0.000000000000000000e+00,6.227555216304639200e-03,1.831013107055056430e-06,1.831013107015889627e-06,1.831013105873521702e-06,1.831013105927365892e-06
4.399725017186425515e-04,0.000000000000000000e+00,9.735488617056908486e-05,8.957698951195415668e-05,0.000000000000000000e+00,6.227556089435618177e-03,1.733075074547851146e-05,1.733075074544132332e-05,1.733075074481671445e-05,1.733075074486954559e-05
4.449721892381726255e-04,0.000000000000000000e+00,9.801616637397905156e-05,8.947083258826284179e-05,0.000000000000000000e+00,6.227560104291335157e-03,3.165207875609260459e-05,3.165207875605744934e-05,3.165207875384765557e-05,3.165207875389912129e-05
4.499718767577026452e-04,0.000000000000000000e+00,9.850347120102199636e-05,8.936492088391814574e-05,0.000000000000000000e+00,6.227565470880450961e-03,4.381474691355195398e-05,4.381474691351883161e-05,4.381474691514127917e-05,4.381474691519079333e-05
4.549715642772326650e-04,0.000000000000000000e+00,9.877521748238954845e-05,8.925925439892006853e-05,0.000000000000000000e+00,6.227570087409044393e-03,5.299062524029162809e-05,5.299062524026066734e-05,5.299062524189625408e-05,5.299062524194328135e-05
4.599712517967626847e-04,0.000000000000000000e+00,9.880819089497306696e-05,8.915383313326861016e-05,0.000000000000000000e+00,6.227572670728949607e-03,5.860760649431557428e-05,5.860760649428673451e-05,5.860760649621658727e-05,5.860760649626055844e-05
4.649709393162927045e-04,0.000000000000000000e+00,9.860544823085843084e-05,8.904865708696378418e-05,0.000000000000000000e+00,6.227573197631805155e-03,6.039695229912630392e-05,6.039695229909936149e-05,6.039695229962453547e-05,6.039695229966506431e-05
4.699706268358227784e-04,0.000000000000000000e+00,9.819033822444949886e-05,8.894372626000559060e-05,0.000000000000000000e+00,6.227572423432728779e-03,5.836762545816147140e-05,5.836762545813635179e-05,5.836762546041692363e-05,5.836762546045361709e-05
4.749703143553527982e-04,0.000000000000000000e+00,9.760087462700976085e-05,8.883904065239400230e-05,0.000000000000000000e+00,6.227570946127107196e-03,5.282947299432874758e-05,5.282947299430541691e-05,5.282947299629244100e-05,5.282947299632489253e-05
4.799700018748828179e-04,0.000000000000000000e+00,9.688318568970368558e-05,8.873460026412904639e-05,0.000000000000000000e+00,6.227568799588199637e-03,4.440782253133760695e-05,4.440782253131597712e-05,4.440782253042550154e-05,4.440782253045340620e-05
4.849696893944128377e-04,0.000000000000000000e+00,9.608260431680332408e-05,8.863040509521072287e-05,0.000000000000000000e+00,6.227565874238050886e-03,3.394861696276049669e-05,3.394861696274046605e-05,3.394861696196811431e-05,3.394861696199133656e-05
4.899693769139429117e-04,0.000000000000000000e+00,9.524241977673373921e-05,8.852645514563900464e-05,0.000000000000000000e+00,6.227562815641762319e-03,2.242481804338721467e-05,2.242481804336862061e-05,2.242481804264241183e-05,2.242481804266095507e-05
4.949690644334729314e-04,0.000000000000000000e+00,9.439809804511026551e-05,8.842275041541391880e-05,0.000000000000000000e+00,6.227560754018306166e-03,1.085508978728488678e-05,1.085508978726785464e-05,1.085508978831722343e-05,1.085508978833085389e-05
4.999687519530029512e-04,0.000000000000000000e+00,9.357656935228283546e-05,8.831929090453546536e-05,0.000000000000000000e+00,6.227560354779492283e-03,2.392397971643155194e-07,2.392397971487707708e-07,2.392397956116262001e-07,2.392397956203099819e-07
5.049684394725329709e-04,0.000000000000000000e+00,9.280502799558890982e-05,8.821607661300363075e-05,0.000000000000000000e+00,6.227561062551278774e-03,-8.551326238405762949e-06,-8.551326238419874518e-06,-8.551326239302181305e-06,-8.551326239298305282e-06
5.099681269920629907e-04,0.000000000000000000e+00,9.211197260222659354e-05,8.811310754081841498e-05,0.000000000000000000e+00,6.227561672951838732e-03,-1.492448654381197002e-05,-1.492448654382446883e-05,-1.492448654567484958e-05,-1.492448654567584738e-05
5.149678145115930104e-04,0.000000000000000000e+00,9.152757014046678614e-05,8.801038368797981805e-05,0.000000000000000000e+00,6.227561390850119144e-03,-1.865352070982391811e-05,-1.865352070983461444e-05,-1.865352071012437086e-05,-1.865352071013031703e-05
5.199675020311230302e-04,0.000000000000000000e+00,9.108120785441331860e-05,8.790790505448785352e-05,0.000000000000000000e+00,6.227560673863906555e-03,-1.987436011279556381e-05,-1.987436011280415950e-05,-1.987436011305475589e-05,-1.987436011306569278e-05
5.249671895506530499e-04,0.000000000000000000e+00,9.079640377593311531e-05,8.780567164034252137e-05,0.000000000000000000e+00,6.227561015044572740e-03,-1.903867789248611241e-05,-1.903867789249219749e-05,-1.903867789304345331e-05,-1.903867789305952322e-05
5.299668770701830697e-04,0.000000000000000000e+00,9.069453580480767673e-05,8.770368344554379451e-05,0.000000000000000000e+00,6.227563685661471372e-03,-1.680661061762086332e-05,-1.680661061762387537e-05,-1.680661061822798604e-05,-1.680661061824930417e-05
5.349665645897130895e-04,0.000000000000000000e+00,9.079171507735228999e-05,8.760194047009170005e-05,0.000000000000000000e+00,6.227568526654146674e-03,-1.391335550067496964e-05,-1.391335550067457661e-05,-1.391335550046440233e-05,-1.391335550049093309e-05
5.399662521092431092e-04,0.000000000000000000e+00,9.109219431733156817e-05,8.750044271398623797e-05,0.000000000000000000e+00,6.227573792789704681e-03,-1.103094866063081554e-05,-1.103094866062658546e-05,-1.103094865879944222e-05,-1.103094865883106535e-05
5.449659396287732374e-04,0.000000000000000000e+00,9.158899878223434536e-05,8.739919017722738118e-05,0.000000000000000000e+00,6.227577442294010210e-03,-8.612556288565370951e-06,-8.612556288557105604e-06,-8.612556288887212978e-06,-8.612556288923733651e-06
5.499656271483032571e-04,0.000000000000000000e+00,9.226130656917526807e-05,8.729818285981515678e-05,0.000000000000000000e+00,6.227578304365970034e-03,-6.842671068962295726e-06,-6.842671068949858741e-06,-6.842671069231593757e-06,-6.842671069272624880e-06
5.549653146678332769e-04,0.000000000000000000e+00,9.307620929268770125e-05,8.719742076174956478e-05,0.000000000000000000e+00,6.227576588443813933e-03,-5.640529523789059558e-06,-5.640529523772579685e-06,-5.640529522923523176e-06,-5.640529522968628528e-06
5.599650021873632966e-04,0.000000000000000000e+00,9.399081293410323917e-05,8.709690388303059161e-05,0.000000000000000000e+00,6.227573328372115226e-03,-4.696577635552296328e-06,-4.696577635531746462e-06,-4.696577634002948554e-06,-4.696577634051903670e-06
5.649646897068933164e-04,0.000000000000000000e+00,9.495239089042072100e-05,8.699663222365823729e-05,0.000000000000000000e+00,6.227569673101711160e-03,-3.550435870086547095e-06,-3.550435870061828132e-06,-3.550435872580390815e-06,-3.550435872633188920e-06
5.699643772264233361e-04,0.000000000000000000e+00,9.591078732660738779e-05,8.689660578363250180e-05,0.000000000000000000e+00,6.227566147602322209e-03,-1.704026903947154764e-06,-1.704026903918148968e-06,-1.704026908051809511e-06,-1.704026908108510744e-06
5.749640647459533559e-04,0.000000000000000000e+00,9.682764239725725553e-05,8.679682456295339870e-05,0.000000000000000000e+00,6.227562758216084390e-03,1.196238293361943503e-06,1.196238293395464832e-06,1.196238291645877622e-06,1.196238291584893791e-06
5.799637522654833757e-04,0.000000000000000000e+00,9.767794048451998109e-05,8.669728856162092800e-05,0.000000000000000000e+00,6.227559654675901731e-03,5.238655733079364194e-06,5.238655733117788150e-06,5.238655732324757788e-06,5.238655732258939940e-06
5.849634397850133954e-04,0.000000000000000000e+00,9.845137676412358532e-05,8.659799777963507613e-05,0.000000000000000000e+00,6.227557588458052136e-03,1.026144021988130900e-05,1.026144021992543941e-05,1.026144021786887222e-05,1.026144021779723186e-05
5.899631273045434152e-04,0.000000000000000000e+00,9.914636822086475825e-05,8.649895221699584311e-05,0.000000000000000000e+00,6.227557610467259960e-03,1.590643838932846000e-05,1.590643838937887201e-05,1.590643838671014902e-05,1.590643838663193739e-05
5.949628148240734349e-04,0.000000000000000000e+00,9.976709438165249960e-05,8.640015187370324247e-05,0.000000000000000000e+00,6.227560264251127964e-03,2.167945268792720686e-05,2.167945268798450356e-05,2.167945268901737892e-05,2.167945268893181843e-05
5.999625023436035631e-04,0.000000000000000000e+00,1.003204004427967486e-04,8.630159674975726068e-05,0.000000000000000000e+00,6.227565070802276379e-03,2.705007077620252926e-05,2.705007077626706301e-05,2.705007077746966683e-05,2.705007077737628992e-05
6.049621898631335828e-04,0.000000000000000000e+00,1.008055792546066776e-04,8.620328684515789772e-05,0.000000000000000000e+00,6.227570360033425796e-03,3.154335748112679878e-05,3.154335748119868816e-05,3.154335748246656096e-05,3.154335748236510674e-05
6.099618773826636026e-04,0.000000000000000000e+00,1.012142300674887657e-04,8.610522215990516716e-05,0.000000000000000000e+00,6.227574039014795344e-03,3.483104021138210861e-05,3.483104021146109274e-05,3.483104021169889216e-05,3.483104021158966556e-05
6.149615649021936224e-04,0.000000000000000000e+00,1.015329864835703847e-04,8.600740269399906898e-05,0.000000000000000000e+00,6.227574688237222898e-03,3.672702507455141946e-05,3.672702507463682748e-05,3.672702507744916660e-05,3.672702507733273684e-05
6.199612524217236421e-04,0.000000000000000000e+00,1.017446039076643345e-04,8.590982844743957610e-05,0.000000000000000000e+00,6.227572438347405044e-03,3.714777916694590406e-05,3.714777916703687540e-05,3.714777916879007775e-05,3.714777916866733251e-05
6.249609399412536619e-04,0.000000000000000000e+00,1.018322446349559661e-04,8.581249942022671560e-05,0.000000000000000000e+00,6.227568583512179713e-03,3.612543066326286112e-05,3.612543066335866394e-05,3.612543066428411181e-05,3.612543066415574905e-05
6.299606274607836816e-04,0.000000000000000000e+00,1.017778804628845918e-04,8.571541561236047395e-05,0.000000000000000000e+00,6.227564719286662887e-03,3.378110829022410567e-05,3.378110829032388615e-05,3.378110828919586865e-05,3.378110828906267442e-05
6.349603149803137014e-04,0.000000000000000000e+00,1.015669930559517296e-04,8.561857702384086468e-05,0.000000000000000000e+00,6.227562004683991764e-03,3.031186176007572182e-05,3.031186176017874813e-05,3.031186175978594168e-05,3.031186175964872912e-05
6.399600024998437211e-04,0.000000000000000000e+00,1.011974926931593830e-04,8.552198365466787426e-05,0.000000000000000000e+00,6.227560953154630784e-03,2.595404896806471649e-05,2.595404896817037538e-05,2.595404896927823348e-05,2.595404896913747355e-05
6.449596900193737409e-04,0.000000000000000000e+00,1.006787003487134987e-04,8.542563550484150268e-05,0.000000000000000000e+00,6.227561599033848080e-03,2.094653941498806154e-05,2.094653941509596337e-05,2.094653941580992406e-05,2.094653941566612836e-05
6.499593775389037606e-04,0.000000000000000000e+00,1.000316154889532388e-04,8.532953257436176348e-05,0.000000000000000000e+00,6.227563819357309627e-03,1.555674288058516358e-05,1.555674288069481030e-05,1.555674288008524812e-05,1.555674287993879951e-05
6.549590650584338888e-04,0.000000000000000000e+00,9.928703136303337255e-05,8.523367486322864313e-05,0.000000000000000000e+00,6.227567364179362706e-03,1.008617846267530813e-05,1.008617846278655744e-05,1.008617846026512162e-05,1.008617846011621153e-05
6.599587525779639086e-04,0.000000000000000000e+00,9.848063778064485778e-05,8.513806237144214161e-05,0.000000000000000000e+00,6.227571345980425187e-03,4.837664737651944908e-06,4.837664737764485093e-06,4.837664737727149575e-06,4.837664737576162564e-06
6.649584400974939283e-04,0.000000000000000000e+00,9.765153373061915339e-05,8.504269509900227249e-05,0.000000000000000000e+00,6.227574267023943365e-03,1.011840515739112375e-07,1.011840516874492279e-07,1.011840508550682565e-07,1.011840507024447779e-07
6.699581276170239481e-04,0.000000000000000000e+00,9.683346613672194018e-05,8.494757304590903576e-05,0.000000000000000000e+00,6.227574829903418166e-03,-3.852513320973490729e-06,-3.852513320859399626e-06,-3.852513322735375164e-06,-3.852513322889062516e-06
6.749578151365539678e-04,0.000000000000000000e+00,9.605062988043131834e-05,8.485269621216240431e-05,0.000000000000000000e+00,6.227572889904000979e-03,-6.748019633471552542e-06,-6.748019633357213258e-06,-6.748019636564425586e-06,-6.748019636718612688e-06
6.799575026560839876e-04,0.000000000000000000e+00,9.532245309198151574e-05,8.475806459776240526e-05,0.000000000000000000e+00,6.227569391897948628e-03,-8.351072386542957398e-06,-8.351072386428973868e-06,-8.351072387347281250e-06,-8.351072387501149867e-06
6.849571901756140073e-04,0.000000000000000000e+00,9.466330617661978164e-05,8.466367820270902505e-05,0.000000000000000000e+00,6.227565642259375034e-03,-8.596406014640704595e-06,-8.596406014527488478e-06,-8.596406014781750828e-06,-8.596406014934526772e-06
6.899568776951440271e-04,0.000000000000000000e+00,9.408410486920894093e-05,8.456953702700227722e-05,0.000000000000000000e+00,6.227562605077043879e-03,-7.592136237847918695e-06,-7.592136237735641090e-06,-7.592136240677825279e-06,-7.592136240829078258e-06
6.949565652146740468e-04,0.000000000000000000e+00,9.359107463657731973e-05,8.447564107064214824e-05,0.000000000000000000e+00,6.227560697301368596e-03,-5.586311916868627855e-06,-5.586311916757075310e-06,-5.586311918068771897e-06,-5.586311918218298623e-06
6.999562527342040666e-04,0.000000000000000000e+00,9.318274118636302042e-05,8.438199033362863810e-05,0.000000000000000000e+00,6.227560070926898943e-03,-2.922245274207692757e-06,-2.922245274096887295e-06,-2.922245274320480277e-06,-2.922245274468102873e-06
7.049559402537340863e-04,0.000000000000000000e+00,9.285461287408804337e-05,8.428858481596176034e-05,0.000000000000000000e+00,6.227560804145088232e-03,7.877285487183744665e-09,7.877285597702909556e-09,7.877288956593427168e-09,7.877288810769929035e-09
7.099556277732641061e-04,0.000000000000000000e+00,9.259794411474967120e-05,8.419542451764150143e-05,0.000000000000000000e+00,6.227562708861534430e-03,2.809402831766627865e-06,2.809402831877307966e-06,2.809402830902118934e-06,2.809402830757828565e-06
7.149553152927942343e-04,0.000000000000000000e+00,9.239775100804010198e-05,8.410250943866786136e-05,0.000000000000000000e+00,6.227564849252578520e-03,5.183161614184330116e-06,5.183161614295738666e-06,5.183161614413733743e-06,5.183161614270625833e-06
7.199550028123242540e-04,0.000000000000000000e+00,9.223624794516972866e-05,8.400983957904085368e-05,0.000000000000000000e+00,6.227565990705047523e-03,6.923059328773449182e-06,6.923059328886175715e-06,6.923059328653485600e-06,6.923059328511099362e-06
7.249546903318542738e-04,0.000000000000000000e+00,9.209225333922222529e-05,8.391741493876047839e-05,0.000000000000000000e+00,6.227565698301983955e-03,7.849283651014842190e-06,7.849283651129310222e-06,7.849283653711219112e-06,7.849283653569181851e-06
7.299543778513842935e-04,0.000000000000000000e+00,9.194319832827903543e-05,8.382523551782670838e-05,0.000000000000000000e+00,6.227564959068832701e-03,7.833526243565828230e-06,7.833526243682241051e-06,7.833526244369381282e-06,7.833526244227350798e-06
7.349540653709143133e-04,0.000000000000000000e+00,9.176400304029875036e-05,8.373330131623957077e-05,0.000000000000000000e+00,6.227565312862478122e-03,6.870381266214219631e-06,6.870381266332917746e-06,6.870381265226057442e-06,6.870381265083657651e-06
7.399537528904443330e-04,0.000000000000000000e+00,9.152246294307598640e-05,8.364161233399905200e-05,0.000000000000000000e+00,6.227567439578518375e-03,5.123212388138465292e-06,5.123212388259213226e-06,5.123212388360726737e-06,5.123212388217891571e-06
7.449534404099743528e-04,0.000000000000000000e+00,9.118532297939614597e-05,8.355016857110516562e-05,0.000000000000000000e+00,6.227570478247269024e-03,2.900993160913702500e-06,2.900993161035971706e-06,2.900993160723846842e-06,2.900993160580898173e-06
7.499531279295043725e-04,0.000000000000000000e+00,9.072360536727503116e-05,8.345897002755789807e-05,0.000000000000000000e+00,6.227572644761802771e-03,5.454200691764112956e-07,5.454200692995902149e-07,5.454200697291053759e-07,5.454200695863464430e-07
7.549528154490343923e-04,0.000000000000000000e+00,9.011649357669676910e-05,8.336801670335724937e-05,0.000000000000000000e+00,6.227572771051849768e-03,-1.625468555934276820e-06,-1.625468555810743841e-06,-1.625468559230537722e-06,-1.625468559372747777e-06
7.599525029685644121e-04,0.000000000000000000e+00,8.935735321177305389e-05,8.327730859850323306e-05,0.000000000000000000e+00,6.227571180079288608e-03,-3.380867023382893216e-06,-3.380867023259771895e-06,-3.380867023519648379e-06,-3.380867023660835219e-06
7.649521904880944318e-04,0.000000000000000000e+00,8.845375115301210684e-05,8.318684571299583559e-05,0.000000000000000000e+00,6.227569175406569117e-03,-4.659446379223091978e-06,-4.659446379101241206e-06,-4.659446379119062780e-06,-4.659446379258619928e-06
7.699518780076245600e-04,0.000000000000000000e+00,8.743038657870694729e-05,8.309662804683505695e-05,0.000000000000000000e+00,6.227567502343290921e-03,-5.580687417496159905e-06,-5.580687417376206487e-06,-5.580687417017325403e-06,-5.580687417154825956e-06
7.749515655271545797e-04,0.000000000000000000e+00,8.632919235887089016e-05,8.300665560002091071e-05,0.000000000000000000e+00,6.227565835597742051e-03,-6.438946670571795924e-06,-6.438946670454366664e-06,-6.438946672409874360e-06,-6.438946672544769439e-06
7.799512530466845995e-04,0.000000000000000000e+00,8.520171515529149908e-05,8.291692837255339686e-05,0.000000000000000000e+00,6.227563458480870652e-03,-7.613384793996182771e-06,-7.613384793882168748e-06,-7.613384795860526005e-06,-7.613384795992104103e-06
7.849509405662146192e-04,0.000000000000000000e+00,8.410736362511213034e-05,8.282744636443248830e-05,0.000000000000000000e+00,6.227560414937348410e-03,-9.502083693539859068e-06,-9.502083693430073434e-06,-9.502083691141773269e-06,-9.502083691269282221e-06
7.899506280857446390e-04,0.000000000000000000e+00,8.311117744255812172e-05,8.273820957565821213e-05,0.000000000000000000e+00,6.227557752570720036e-03,-1.250350946840348483e-05,-1.250350946829885594e-05,-1.250350946792022205e-05,-1.250350946804272334e-05
7.949503156052746588e-04,1.676874203315099898e-01,8.228011259344382368e-05,8.264918232417642807e-05,3.690697307326043898e-07,6.227556910156393372e-03,-1.691515094472867723e-05,-1.691515094463015714e-05,-1.691515094266759535e-05,-1.691515094278411998e-05
7.999500031248046785e-04,6.142690661525804785e-01,8.168216794427749828e-05,8.255919677264629325e-05,8.770288283687949649e-07,6.227558928458133518e-03,-2.279860048892095499e-05,-2.279860048882962112e-05,-2.279860049076812379e-05,-2.279860049087757738e-05
8.049496906443346983e-04,8.503785035711712847e-01,8.137631433654988697e-05,8.246570325793279503e-05,1.089388921382908066e-06,6.227563130078051824e-03,-2.991030215599152495e-05,-2.991030215590859365e-05,-2.991030215337879761e-05,-2.991030215347992996e-05
8.099493781638647180e-04,7.091145274112865549e-01,8.140217090739257193e-05,8.236730063762848621e-05,9.651297302359142802e-07,6.227567784653195541e-03,-3.774488652035637502e-05,-3.774488652028329302e-05,-3.774488651958237664e-05,-3.774488651967370035e-05
8.149490656833947378e-04,2.543247001608855418e-01,8.177765625656481031e-05,8.226484861329614023e-05,4.871923567313299211e-07,6.227571229785419313e-03,-4.567401917657579712e-05,-4.567401917651401114e-05,-4.567401917462557491e-05,-4.567401917470566356e-05
8.199487532029247575e-04,0.000000000000000000e+00,8.249607555287145856e-05,8.216096418742290886e-05,0.000000000000000000e+00,6.227572944686126863e-03,-5.305611109946629147e-05,-5.305611109941680442e-05,-5.305611110023627830e-05,-5.305611110030406126e-05
8.249484407224548857e-04,0.000000000000000000e+00,8.353282481038317320e-05,8.205724333004321182e-05,0.000000000000000000e+00,6.227572944373330199e-03,-5.934608725079558856e-05,-5.934608725075922713e-05,-5.934608725091002610e-05,-5.934608725096475798e-05
8.299481282419849055e-04,0.000000000000000000e+00,8.484741134319893278e-05,8.195376769201014717e-05,0.000000000000000000e+00,6.227572101763822858e-03,-6.424565289724141733e-05,-6.424565289721878461e-05,-6.424565289571049676e-05,-6.424565289575142539e-05
8.349478157615149252e-04,0.000000000000000000e+00,8.638329507655043637e-05,8.185053727332370136e-05,0.000000000000000000e+00,6.227571060098618244e-03,-6.771261878000342396e-05,-6.771261877999462837e-05,-6.771261878181915089e-05,-6.771261878184624240e-05
8.399475032810449450e-04,0.000000000000000000e+00,8.807503523785919315e-05,8.174755207398387439e-05,0.000000000000000000e+00,6.227569949402620396e-03,-6.987173786649694283e-05,-6.987173786650194372e-05,-6.987173786870822737e-05,-6.987173786872157661e-05
8.449471908005749647e-04,0.000000000000000000e+00,8.984841201013561457e-05,8.164481209399067981e-05,0.000000000000000000e+00,6.227568411092745948e-03,-7.088943574842363653e-05,-7.088943574844191889e-05,-7.088943575223920148e-05,-7.088943575223929634e-05
8.499468783201049845e-04,0.000000000000000000e+00,9.162362407738341259e-05,8.154231733334410407e-05,0.000000000000000000e+00,6.227566256503633789e-03,-7.090056690589382625e-05,-7.090056690592486154e-05,-7.090056690393872513e-05,-7.090056690392608062e-05
8.549465658396350042e-04,0.000000000000000000e+00,9.332538778271132901e-05,8.144006779204414717e-05,0.000000000000000000e+00,6.227563804427060749e-03,-7.001853355024260852e-05,-7.001853355028599016e-05,-7.001853355109147106e-05,-7.001853355106664283e-05
8.599462533591650240e-04,0.000000000000000000e+00,9.489066784872251278e-05,8.133806347009082266e-05,0.000000000000000000e+00,6.227561773806431639e-03,-6.832100892504093493e-05,-6.832100892509589043e-05,-6.832100892697993565e-05,-6.832100892694365553e-05
8.649459408786950437e-04,0.000000000000000000e+00,9.627732254037116115e-05,8.123630436748411699e-05,0.000000000000000000e+00,6.227560910842620118e-03,-6.585857099625947602e-05,-6.585857099632538196e-05,-6.585857099724052991e-05,-6.585857099719355685e-05
8.699456283982250635e-04,0.000000000000000000e+00,9.746557524999037230e-05,8.113479048422404371e-05,0.000000000000000000e+00,6.227561561187044264e-03,-6.268288435427844070e-05,-6.268288435435478208e-05,-6.268288435187233858e-05,-6.268288435181513336e-05
8.749453159177550832e-04,0.000000000000000000e+00,9.845469056134807065e-05,8.103352182031057572e-05,0.000000000000000000e+00,6.227563507848206392e-03,-5.885368842900402992e-05,-5.885368842909046116e-05,-5.885368842463371939e-05,-5.885368842456670214e-05
8.799450034372851030e-04,0.000000000000000000e+00,9.926384209958703049e-05,8.093249837574374012e-05,0.000000000000000000e+00,6.227565982028868824e-03,-5.445110950308419651e-05,-5.445110950318041946e-05,-5.445110950353317819e-05,-5.445110950345678259e-05
8.849446909568152312e-04,0.000000000000000000e+00,9.992540043527858027e-05,8.083172015052353691e-05,0.000000000000000000e+00,6.227568261545721011e-03,-4.960792275004622808e-05,-4.960792275015187003e-05,-4.960792274731016258e-05,-4.960792274722470712e-05
8.899443784763452509e-04,0.000000000000000000e+00,1.004765378498882078e-04,8.073118714464995254e-05,0.000000000000000000e+00,6.227569944844355172e-03,-4.453669217972305920e-05,-4.453669217983799141e-05,-4.453669217899002334e-05,-4.453669217889584682e-05
8.949440659958752707e-04,0.000000000000000000e+00,1.009550434200228651e-04,8.063089935812298701e-05,0.000000000000000000e+00,6.227571051391260493e-03,-3.957631435216080624e-05,-3.957631435228464923e-05,-3.957631434871044124e-05,-3.957631434860795703e-05
8.999437535154052904e-04,0.000000000000000000e+00,1.013948741877359922e-04,8.053085679094265387e-05,0.000000000000000000e+00,6.227571608607661985e-03,-3.516758407018158716e-05,-3.516758407031406988e-05,-3.516758407203013153e-05,-3.516758407191990883e-05
9.049434410349353102e-04,0.000000000000000000e+00,1.018279065239349648e-04,8.043105944310893957e-05,0.000000000000000000e+00,6.227571493475431846e-03,-3.173971946524520180e-05,-3.173971946538601256e-05,-3.173971946508843294e-05,-3.173971946497098674e-05
9.099431285544653299e-04,0.000000000000000000e+00,1.022828635155918569e-04,8.033150731462184412e-05,0.000000000000000000e+00,6.227570321676336590e-03,-2.956423972492079881e-05,-2.956423972506973092e-05,-2.956423972527319840e-05,-2.956423972514903354e-05
9.149428160739953497e-04,0.000000000000000000e+00,1.027807560431478481e-04,8.023220040548138105e-05,0.000000000000000000e+00,6.227567846470819478e-03,-2.863381382215055728e-05,-2.863381382230762091e-05,-2.863381382084168470e-05,-2.863381382071118064e-05
9.199425035935253694e-04,0.000000000000000000e+00,1.033385795735292166e-04,8.013313871568753682e-05,0.000000000000000000e+00,6.227564442025457572e-03,-2.869444472450501809e-05,-2.869444472467044024e-05,-2.869444472398549552e-05,-2.869444472384890637e-05
9.249421911130553892e-04,0.000000000000000000e+00,1.039721047051385617e-04,8.003432224524032498e-05,0.000000000000000000e+00,6.227561235074641557e-03,-2.935012266949389175e-05,-2.935012266966800107e-05,-2.935012267196238631e-05,-2.935012267181977307e-05
9.299418786325854090e-04,0.000000000000000000e+00,1.046970948231515185e-04,7.993575099413973198e-05,0.000000000000000000e+00,6.227559556229475372e-03,-3.017471647659346703e-05,-3.017471647677667348e-05,-3.017471647620992373e-05,-3.017471647606123557e-05
9.349415661521154287e-04,0.000000000000000000e+00,1.055299481725135389e-04,7.983742496238575783e-05,0.000000000000000000e+00,6.227560022379335404e-03,-3.081296041599779093e-05,-3.081296041619060273e-05,-3.081296041486639885e-05,-3.081296041471151380e-05
9.399412536716455569e-04,0.000000000000000000e+00,1.064826121252900325e-04,7.973934414997841606e-05,0.000000000000000000e+00,6.227562236148458281e-03,-3.104191608309682778e-05,-3.104191608329966167e-05,-3.104191607964411142e-05,-3.104191607948283635e-05
9.449409411911755766e-04,0.000000000000000000e+00,1.075623694395522851e-04,7.964150855691770668e-05,0.000000000000000000e+00,6.227565123482706709e-03,-3.078023639739739851e-05,-3.078023639761074239e-05,-3.078023639967250190e-05,-3.078023639950454543e-05
9.499406287107055964e-04,0.000000000000000000e+00,1.087705091159577833e-04,7.954391818320360259e-05,0.000000000000000000e+00,6.227567741040510030e-03,-3.007529372428436543e-05,-3.007529372450829045e-05,-3.007529372534349882e-05,-3.007529372516879658e-05
9.549403162302356161e-04,0.000000000000000000e+00,1.100954655978332732e-04,7.944657302883613090e-05,0.000000000000000000e+00,6.227569653704958727e-03,-2.908453085304490710e-05,-2.908453085327925402e-05,-2.908453085094045036e-05,-2.908453085075900913e-05
9.599400037497656359e-04,0.000000000000000000e+00,1.115132934251676958e-04,7.934947309381529159e-05,0.000000000000000000e+00,6.227570988195667637e-03,-2.806502510879593212e-05,-2.806502510904035195e-05,-2.806502510590149857e-05,-2.806502510571355890e-05
9.649396912692956556e-04,0.000000000000000000e+00,1.129911262193748935e-04,7.925261837814105757e-05,0.000000000000000000e+00,6.227571921011389004e-03,-2.734864340914573499e-05,-2.734864340939962125e-05,-2.734864340862809621e-05,-2.734864340843414600e-05
9.699393787888256754e-04,0.000000000000000000e+00,1.144937438150670509e-04,7.915600888181345595e-05,0.000000000000000000e+00,6.227572251153852718e-03,-2.722790016635737991e-05,-2.722790016661992625e-05,-2.722790016805005329e-05,-2.722790016785073288e-05
9.749390663083556952e-04,0.000000000000000000e+00,1.159907650147496338e-04,7.905964460483248671e-05,0.000000000000000000e+00,6.227571412989809339e-03,-2.782359037137455013e-05,-2.782359037164496371e-05,-2.782359036744309753e-05,-2.782359036723904051e-05
9.799387538278858233e-04,0.000000000000000000e+00,1.174551710849660788e-04,7.896352554719813632e-05,0.000000000000000000e+00,6.227569020695802350e-03,-2.896641570809048937e-05,-2.896641570836777746e-05,-2.896641570734268803e-05,-2.896641570713473127e-05
9.849384413474157347e-04,0.000000000000000000e+00,1.188640847930095065e-04,7.886765170891040476e-05,0.000000000000000000e+00,6.227565366475213034e-03,-3.020220400047746016e-05,-3.020220400076091126e-05,-3.020220400102282740e-05,-3.020220400081174340e-05
9.899381288669458628e-04,0.000000000000000000e+00,1.202002984044260548e-04,7.877202308996929204e-05,0.000000000000000000e+00,6.227561428735954238e-03,-3.094632416096122828e-05,-3.094632416125017493e-05,-3.094632416599841802e-05,-3.094632416578492506e-05
9.949378163864757742e-04,0.000000000000000000e+00,1.214473638897702496e-04,7.867663969037481172e-05,0.000000000000000000e+00,6.227558556513352987e-03,-3.065010456357133598e-05,-3.065010456386491760e-05,-3.065010456325879438e-05,-3.065010456304379031e-05
9.999375039060059023e-04,0.000000000000000000e+00,1.225863310870270386e-04,7.858150151012696378e-05,0.000000000000000000e+00,6.227557826177346038e-03,-2.892508292655477815e-05,-2.892508292685225951e-05,-2.892508292739987986e-05,-2.892508292718422527e-05
1.004937191425535814e-03,0.000000000000000000e+00,1.235912305818178162e-04,7.848660854922572113e-05,0.000000000000000000e+00,6.227559564514826944e-03,-2.563667312722443423e-05,-2.563667312752527323e-05,-2.563667312917085496e-05,-2.563667312895516310e-05
1.009936878945065942e-03,0.000000000000000000e+00,1.244275196266581961e-04,7.839196080767111088e-05,0.000000000000000000e+00,6.227563180841566744e-03,-2.095191812523731882e-05,-2.095191812554096997e-05,-2.095191812899294093e-05,-2.095191812877795042e-05
1.014936566464595853e-03,0.000000000000000000e+00,1.250558853101724763e-04,7.829755828546313301e-05,0.000000000000000000e+00,6.227567562294499849e-03,-1.529218427259920933e-05,-1.529218427290492046e-05,-1.529218427321584254e-05,-1.529218427300226826e-05
1.019936253984125981e-03,0.000000000000000000e+00,1.254300779228953737e-04,7.820340098260176044e-05,0.000000000000000000e+00,6.227571415527075743e-03,-9.201501994784847330e-06,-9.201501995091906938e-06,-9.201501990130784143e-06,-9.201501989919439259e-06
1.024935941503656110e-03,0.000000000000000000e+00,1.254980271707359135e-04,7.810948889908702025e-05,0.000000000000000000e+00,6.227573580916101817e-03,-3.224441550400977507e-06,-3.224441550708788856e-06,-3.224441546399409634e-06,-3.224441546190819301e-06
1.029935629023186021e-03,0.000000000000000000e+00,1.252091733402044000e-04,7.801582203491891246e-05,0.000000000000000000e+00,6.227573439531546712e-03,2.105439409581573998e-06,2.105439409273513198e-06,2.105439412921702736e-06,2.105439413127045545e-06
1.034935316542716149e-03,0.000000000000000000e+00,1.245217264058255690e-04,7.792240039009742350e-05,0.000000000000000000e+00,6.227571262571560302e-03,6.338206517185882618e-06,6.338206516878250416e-06,6.338206519163167531e-06,6.338206519364754596e-06
1.039935004062246060e-03,0.000000000000000000e+00,1.234122848064088884e-04,7.782922396462255339e-05,0.000000000000000000e+00,6.227568053410935563e-03,9.257334428555035518e-06,9.257334428248313029e-06,9.257334434896845733e-06,9.257334435094245067e-06
1.044934691581776189e-03,0.000000000000000000e+00,1.218793325717459295e-04,7.773629275849430211e-05,0.000000000000000000e+00,6.227564992569952114e-03,1.096341038892960079e-05,1.096341038862429623e-05,1.096341039360995927e-05,1.096341039380287102e-05
1.049934379101306100e-03,0.000000000000000000e+00,1.199436098310048131e-04,7.764360677171268323e-05,0.000000000000000000e+00,6.227563051776976999e-03,1.184345669949813492e-05,1.184345669919455154e-05,1.184345670013936766e-05,1.184345670032762581e-05
1.054934066620836228e-03,0.000000000000000000e+00,1.176515193823246129e-04,7.755116600427769673e-05,0.000000000000000000e+00,6.227562698969086458e-03,1.242073789899049108e-05,1.242073789868910152e-05,1.242073789766282454e-05,1.242073789784618515e-05
1.059933754140366139e-03,0.000000000000000000e+00,1.150704190477486844e-04,7.745897045618931553e-05,0.000000000000000000e+00,6.227563859580871088e-03,1.322107489307667577e-05,1.322107489277788998e-05,1.322107489388756074e-05,1.322107489406579002e-05
1.064933441659896268e-03,0.000000000000000000e+00,1.122798491906595094e-04,7.736702012744756671e-05,0.000000000000000000e+00,6.227566066484816268e-03,1.463372750029592661e-05,1.463372750000020878e-05,1.463372750241698859e-05,1.463372750258987141e-05
1.069933129179426179e-03,0.000000000000000000e+00,1.093641578752232757e-04,7.727531501805245029e-05,0.000000000000000000e+00,6.227568658979845684e-03,1.674318079633265637e-05,1.674318079604035546e-05,1.674318079214794091e-05,1.674318079231535528e-05
1.074932816698956307e-03,0.000000000000000000e+00,1.064053618116283823e-04,7.718385512800393915e-05,0.000000000000000000e+00,6.227570734643427669e-03,1.928313981023194924e-05,1.928313980994348370e-05,1.928313980680355629e-05,1.928313980696532603e-05
1.079932504218486218e-03,0.000000000000000000e+00,1.034821090281215017e-04,7.709264045730206041e-05,0.000000000000000000e+00,6.227571345681058752e-03,2.178578631801406708e-05,2.178578631772990447e-05,2.178578631653874237e-05,2.178578631669457271e-05
1.084932191738016347e-03,0.000000000000000000e+00,1.006657846784828070e-04,7.700167100594681405e-05,0.000000000000000000e+00,6.227570188746779471e-03,2.381854101460187346e-05,2.381854101432251522e-05,2.381854101856689229e-05,2.381854101871642071e-05
1.089931879257546475e-03,0.000000000000000000e+00,9.801391064247650395e-05,7.691094677393818654e-05,0.000000000000000000e+00,6.227568009180841149e-03,2.517255902993786930e-05,2.517255902966374233e-05,2.517255902821631888e-05,2.517255902835917268e-05
1.094931566777076386e-03,0.000000000000000000e+00,9.557101676832369206e-05,7.682046776127617787e-05,0.000000000000000000e+00,6.227566120534839406e-03,2.587135403844399487e-05,2.587135403817548881e-05,2.587135403596787700e-05,2.587135403610362589e-05
1.099931254296606514e-03,0.000000000000000000e+00,9.336948808266119478e-05,7.673023396796078803e-05,0.000000000000000000e+00,6.227565373103167295e-03,2.612011137379973682e-05,2.612011137353732602e-05,2.612011137235648416e-05,2.612011137248453860e-05
1.104930941816136426e-03,0.000000000000000000e+00,9.143053634956611647e-05,7.664024539399203059e-05,0.000000000000000000e+00,6.227565698524291371e-03,2.630754073941731766e-05,2.630754073916172038e-05,2.630754074296993308e-05,2.630754074308939861e-05
1.109930629335666554e-03,0.000000000000000000e+00,8.976567516273242222e-05,7.655050203936990553e-05,0.000000000000000000e+00,6.227566324075263504e-03,2.693468982013420785e-05,2.693468981988621694e-05,2.693468982152575763e-05,2.693468982163556020e-05
1.114930316855196465e-03,0.000000000000000000e+00,8.837596926899306358e-05,7.646100390409438577e-05,0.000000000000000000e+00,6.227566506610031187e-03,2.850963592700678066e-05,2.850963592676712116e-05,2.850963592513211040e-05,2.850963592523139283e-05
1.119930004374726593e-03,0.000000000000000000e+00,8.725656254380208775e-05,7.637175098816549840e-05,0.000000000000000000e+00,6.227566071728246090e-03,3.142428920279435130e-05,3.142428920256397866e-05,3.142428920291225828e-05,3.142428920299983471e-05
1.124929691894256505e-03,0.000000000000000000e+00,8.639898387547491516e-05,7.628274329158324341e-05,0.000000000000000000e+00,6.227565318000350889e-03,3.590381942603834687e-05,3.590381942581869428e-05,3.590381942926020947e-05,3.590381942933457897e-05
1.129929379413786633e-03,0.000000000000000000e+00,8.578600037006658887e-05,7.619398081434759372e-05,0.000000000000000000e+00,6.227564455302728348e-03,4.198647176322980724e-05,4.198647176302231128e-05,4.198647176724827385e-05,4.198647176730799983e-05
1.134929066933316544e-03,0.000000000000000000e+00,8.538912825550133093e-05,7.610546355645857641e-05,0.000000000000000000e+00,6.227563495384533937e-03,4.939116893845023321e-05,4.939116893825605938e-05,4.939116893727251860e-05,4.939116893731644912e-05
1.139928754452846672e-03,0.000000000000000000e+00,8.516754467730525884e-05,7.601719151791619150e-05,0.000000000000000000e+00,6.227562778148957451e-03,5.745734366924701379e-05,5.745734366906745635e-05,5.745734367006576261e-05,5.745734367009273214e-05
1.144928441972376800e-03,0.000000000000000000e+00,8.507031879663241359e-05,7.592916469872042543e-05,0.000000000000000000e+00,6.227563025230751712e-03,6.530688051542648230e-05,6.530688051526309303e-05,6.530688051913587674e-05,6.530688051914463168e-05
1.149928129491906712e-03,0.000000000000000000e+00,8.504107528831868494e-05,7.584138309887127820e-05,0.000000000000000000e+00,6.227564736189045158e-03,7.209092790592362958e-05,7.209092790577762821e-05,7.209092790975609453e-05,7.209092790974557777e-05
1.154927817011436840e-03,0.000000000000000000e+00,8.501845466917351795e-05,7.575384671836874980e-05,0.000000000000000000e+00,6.227567477832133061e-03,7.714460146356973711e-05,7.714460146344186901e-05,7.714460146202900450e-05,7.714460146199875526e-05
1.159927504530966751e-03,0.000000000000000000e+00,8.494186406888405542e-05,7.566655555721285380e-05,0.000000000000000000e+00,6.227570046497926150e-03,8.000222799311982355e-05,8.000222799301061729e-05,8.000222798934902260e-05,8.000222798929860720e-05
1.164927192050496879e-03,0.000000000000000000e+00,8.475990363171336678e-05,7.557950961540359019e-05,0.000000000000000000e+00,6.227571145504838535e-03,8.039253267538867364e-05,8.039253267529854934e-05,8.039253267631146522e-05,8.039253267624047708e-05
1.169926879570026791e-03,0.000000000000000000e+00,8.443346668006603386e-05,7.549270889294093186e-05,0.000000000000000000e+00,6.227570281316545560e-03,7.829886132462721008e-05,7.829886132455605931e-05,7.829886132547242699e-05,7.829886132538097453e-05
1.174926567089556919e-03,0.000000000000000000e+00,8.393866191044215539e-05,7.540615338982490593e-05,0.000000000000000000e+00,6.227568008735650390e-03,7.390482336846763349e-05,7.390482336841502258e-05,7.390482336845600542e-05,7.390482336834457654e-05
1.179926254609086830e-03,0.000000000000000000e+00,8.326783965173674418e-05,7.531984310605551239e-05,0.000000000000000000e+00,6.227565325752209072e-03,6.750610577325309887e-05,6.750610577321833664e-05,6.750610576832103609e-05,6.750610576819037617e-05
1.184925942128616959e-03,0.000000000000000000e+00,8.243141783737359841e-05,7.523377804163272414e-05,0.000000000000000000e+00,6.227562795673566819e-03,5.950531231198911638e-05,5.950531231197140323e-05,5.950531231236561236e-05,5.950531231221648713e-05
1.189925629648146870e-03,0.000000000000000000e+00,8.146043851080452751e-05,7.514795819655656827e-05,0.000000000000000000e+00,6.227560463581966257e-03,5.043971670503778868e-05,5.043971670503627079e-05,5.043971670580323541e-05,5.043971670563660709e-05
1.194925317167676998e-03,0.000000000000000000e+00,8.039993948866450417e-05,7.506238357082704480e-05,0.000000000000000000e+00,6.227558615593566799e-03,4.098967041639603296e-05,4.098967041640972102e-05,4.098967041870270019e-05,4.098967041851961910e-05
1.199925004687207126e-03,0.000000000000000000e+00,7.930080756243272698e-05,7.497705416444414017e-05,0.000000000000000000e+00,6.227558055205202614e-03,3.184218527823376584e-05,3.184218527826179247e-05,3.184218527569142017e-05,3.184218527549316025e-05
1.204924692206737038e-03,0.000000000000000000e+00,7.821435561413887826e-05,7.489196997740785438e-05,0.000000000000000000e+00,6.227559689389959748e-03,2.355501929179988158e-05,2.355501929184148106e-05,2.355501929163848114e-05,2.355501929142608933e-05
1.209924379726267166e-03,0.000000000000000000e+00,7.718499828665016085e-05,7.480713100971818743e-05,0.000000000000000000e+00,6.227563652927383363e-03,1.656189868502325527e-05,1.656189868507770932e-05,1.656189868766757694e-05,1.656189868744200528e-05
1.214924067245797077e-03,0.000000000000000000e+00,7.624620260926194310e-05,7.472253726137515286e-05,0.000000000000000000e+00,6.227568955430859594e-03,1.123200133740350730e-05,1.123200133747045848e-05,1.123200133903908727e-05,1.123200133880133359e-05
1.219923754765327205e-03,0.000000000000000000e+00,7.541637117106696968e-05,7.463818873237875069e-05,0.000000000000000000e+00,6.227573690793312446e-03,7.884780935158668187e-06,7.884780935237626904e-06,7.884780933627981396e-06,7.884780933378867312e-06
1.224923442284857117e-03,0.000000000000000000e+00,7.469752725576170836e-05,7.455408542272895381e-05,0.000000000000000000e+00,6.227576203584057890e-03,6.749377246918842666e-06,6.749377247009243105e-06,6.749377244536516762e-06,6.749377244277034995e-06
1.229923129804387245e-03,1.813143761903856233e-01,7.408134824163215676e-05,7.447015123416853640e-05,3.888029925363796317e-07,6.227576066406627017e-03,7.923197537255475799e-06,7.923197537356791104e-06,7.923197541604471599e-06,7.923197541335443771e-06
1.234922817323917156e-03,5.677608707993747617e-01,7.355304796194305698e-05,7.438523014062468366e-05,8.321821786816266733e-07,6.227574263924963091e-03,1.140097489888892972e-05,1.140097489900083463e-05,1.140097490202785933e-05,1.140097490174995291e-05
1.239922504843447284e-03,9.892480640535616931e-01,7.309198557173316152e-05,7.429696114972477296e-05,1.204975577991611443e-06,6.227572080480574257e-03,1.703375157636885656e-05,1.703375157649092078e-05,1.703375157662871610e-05,1.703375157634244607e-05
1.244922192362977196e-03,1.415840350790799507e+00,7.267237608214228723e-05,7.420270327616613603e-05,1.530327194023848800e-06,6.227570250737748253e-03,2.440214330155847334e-05,2.440214330169021068e-05,2.440214329951013084e-05,2.440214329921638659e-05
1.249921879882507324e-03,1.859710789789141172e+00,7.226432958913599702e-05,7.409976192811490328e-05,1.835432338978906265e-06,6.227568695990943863e-03,3.283863975108371229e-05,3.283863975122476700e-05,3.283863975367453536e-05,3.283863975337360827e-05
1.254921567402037452e-03,2.351394635956221002e+00,7.183918227636486070e-05,7.398532427886617396e-05,2.146142002501313256e-06,6.227566863530345671e-03,4.158895076169259665e-05,4.158895076184312457e-05,4.158895076515513859e-05,4.158895076484702189e-05
1.259921254921567363e-03,2.927281296337187921e+00,7.137265780168173016e-05,7.385627358297833971e-05,2.483615781296609547e-06,6.227564641112582830e-03,4.999764530169648004e-05,4.999764530185637275e-05,4.999764530079401048e-05,4.999764530047854153e-05
1.264920942441097491e-03,3.626317661054582420e+00,7.084422005713335128e-05,7.370896087170023306e-05,2.864740814566881779e-06,6.227562633643915838e-03,5.754561752042821677e-05,5.754561752059727777e-05,5.754561751952582852e-05,5.754561751920305476e-05
1.269920629960627403e-03,4.479324094202308260e+00,7.024097245733975682e-05,7.353896571178611852e-05,3.297993254446361698e-06,6.227561760308281125e-03,6.379917827233378834e-05,6.379917827251227512e-05,6.379917827074364322e-05,6.379917827041312419e-05
1.274920317480157531e-03,5.500511399023139347e+00,6.955900544867410734e-05,7.334090640990520730e-05,3.781900961231099965e-06,6.227562181800191943e-03,6.845201085032705354e-05,6.845201085051548788e-05,6.845201085246778363e-05,6.845201085212850966e-05
1.279920004999687442e-03,6.680594950279921562e+00,6.880323765957126105e-05,7.310835374157026174e-05,4.305116081999000688e-06,6.227563202905140802e-03,7.137087430817562472e-05,7.137087430837441319e-05,7.137087430530025280e-05,7.137087430495134299e-05
1.284919692519217570e-03,7.975898485597000764e+00,6.798888758474154470e-05,7.283389579556901470e-05,4.845008210827469997e-06,6.227563827489798233e-03,7.254832234382494220e-05,7.254832234403427453e-05,7.254832234323990671e-05,7.254832234288072408e-05
1.289919380038747482e-03,9.303775029398771323e+00,6.714056928432378054e-05,7.250941477654945766e-05,5.368845492225677121e-06,6.227563714403304938e-03,7.206283578069178151e-05,7.206283578091202363e-05,7.206283577816064378e-05,7.206283577779025321e-05
1.294919067558277610e-03,1.053115112461794212e+01,6.629540450583898219e-05,7.212661432981574408e-05,5.831209823976761888e-06,6.227563464466643293e-03,7.011639698273881382e-05,7.011639698297038586e-05,7.011639698436200000e-05,7.011639698397956124e-05
1.299918755077807521e-03,1.147393756931015041e+01,6.550362497053369821e-05,7.167785909698700189e-05,6.174234126453303682e-06,6.227564166618314301e-03,6.708449416048310558e-05,6.708449416072626503e-05,6.708449416025188592e-05,6.708449415985655870e-05
1.304918442597337649e-03,1.192793868937395985e+01,6.482127056776503275e-05,7.115731728786909758e-05,6.336046720104064828e-06,6.227566321925529988e-03,6.346590313064050693e-05,6.346590313089524023e-05,6.346590312912900713e-05,6.346590312872050685e-05
1.309918130116867778e-03,1.171089740068963181e+01,6.430327449190342045e-05,7.056222555982019065e-05,6.258951067916770201e-06,6.227569097100084557e-03,5.967879178688733721e-05,5.967879178715359016e-05,5.967879178495185338e-05,5.967879178452978025e-05
1.314917817636397689e-03,1.071664246711326918e+01,6.399452550987839473e-05,6.989400823035120684e-05,5.899482720472812108e-06,6.227570924118098865e-03,5.596247010023765829e-05,5.596247010051536312e-05,5.596247010038387650e-05,5.596247009994794591e-05
1.319917505155927817e-03,8.960714704715032397e+00,6.392287849905944311e-05,6.915892151421011778e-05,5.236043015150674673e-06,6.227570730581112081e-03,5.244279052645874387e-05,5.244279052674771763e-05,5.244279052994718469e-05,5.244279052949739665e-05
1.324917192675457728e-03,6.598757841528613888e+00,6.409806142477515994e-05,6.836794696069753744e-05,4.269885535922377504e-06,6.227568989052062638e-03,4.921340107570135538e-05,4.921340107600116439e-05,4.921340107488482917e-05,4.921340107442145472e-05
1.329916880194987857e-03,3.935739456656386359e+00,6.451033914616859089e-05,6.753580553585703558e-05,3.025466389688444692e-06,6.227567242134673248e-03,4.635254509233244279e-05,4.635254509264232132e-05,4.635254509216493355e-05,4.635254509168851479e-05
1.334916567714517768e-03,1.433841562605327358e+00,6.513576420792238598e-05,6.667903527988509557e-05,1.543271071962709585e-06,6.227566998757035760e-03,4.385175009675510555e-05,4.385175009707415237e-05,4.385175009677818550e-05,4.385175009628954914e-05
1.339916255234047896e-03,0.000000000000000000e+00,6.594630706755387429e-05,6.581299478426541909e-05,0.000000000000000000e+00,6.227568839061259874e-03,4.162122505886705742e-05,4.162122505919422220e-05,4.162122506269659502e-05,4.162122506219653387e-05
1.344915942753577807e-03,0.000000000000000000e+00,6.692078669078031165e-05,6.494629107402692615e-05,0.000000000000000000e+00,6.227570106916586676e-03,3.954921498159039459e-05,3.954921498192470156e-05,3.954921498234668660e-05,3.954921498183614935e-05
1.349915630273107936e-03,0.000000000000000000e+00,6.804816225018167012e-05,6.407983258313506561e-05,0.000000000000000000e+00,6.227570086412348611e-03,3.745219719900595804e-05,3.745219719934592996e-05,3.745219719843446830e-05,3.745219719791476276e-05
1.354915317792637847e-03,0.000000000000000000e+00,6.931377650068322970e-05,6.321361931158982390e-05,0.000000000000000000e+00,6.227568388823093680e-03,3.502750540146211075e-05,3.502750540180624329e-05,3.502750540277621799e-05,3.502750540224893659e-05
1.359915005312167975e-03,0.000000000000000000e+00,7.069749649606084862e-05,6.234765125939120104e-05,0.000000000000000000e+00,6.227565800611384490e-03,3.198361946573726643e-05,3.198361946608404172e-05,3.198361946558368919e-05,3.198361946505018719e-05
1.364914692831697886e-03,0.000000000000000000e+00,7.217777114717376964e-05,6.148192842653921056e-05,0.000000000000000000e+00,6.227563517443822361e-03,2.823624317324143973e-05,2.823624317358936359e-05,2.823624317386239619e-05,2.823624317332401867e-05
1.369914380351228015e-03,0.000000000000000000e+00,7.373139764027615063e-05,6.061645081303383215e-05,0.000000000000000000e+00,6.227562271458001765e-03,2.399679559711528326e-05,2.399679559746266503e-05,2.399679559326712449e-05,2.399679559272554518e-05
1.374914067870758143e-03,0.000000000000000000e+00,7.533289765597863188e-05,5.975121841887508613e-05,0.000000000000000000e+00,6.227562065584338162e-03,1.963642562555726619e-05,1.963642562590242195e-05,1.963642562592581362e-05,1.963642562538274014e-05
1.379913755390288054e-03,0.000000000000000000e+00,7.695613564105853845e-05,5.888623124406295217e-05,0.000000000000000000e+00,6.227562630766915117e-03,1.555568988068311399e-05,1.555568988102490194e-05,1.555568987784995141e-05,1.555568987730651879e-05
1.384913442909818182e-03,0.000000000000000000e+00,7.857479959384077502e-05,5.802148928859745061e-05,0.000000000000000000e+00,6.227563746395175029e-03,1.221548135612198874e-05,1.221548135645964317e-05,1.221548135651588277e-05,1.221548135597280929e-05
1.389913130429348094e-03,0.000000000000000000e+00,8.016558139146355262e-05,5.715699255247857466e-05,0.000000000000000000e+00,6.227565441136992397e-03,1.005930230361906077e-05,1.005930230395189729e-05,1.005930230041222792e-05,1.005930229987016071e-05
1.394912817948878222e-03,0.000000000000000000e+00,8.170972276566899678e-05,5.629274103570631755e-05,0.000000000000000000e+00,6.227567583566281928e-03,9.356372329505935958e-06,9.356372329833036365e-06,9.356372327702452041e-06,9.356372327162329624e-06
1.399912505468408133e-03,0.000000000000000000e+00,8.319335034744547322e-05,5.542873473828068605e-05,0.000000000000000000e+00,6.227569806753250649e-03,1.010299819495391209e-05,1.010299819527489014e-05,1.010299819262975871e-05,1.010299819209181317e-05
1.404912192987938261e-03,0.000000000000000000e+00,8.461167250832826150e-05,5.456497366020168018e-05,0.000000000000000000e+00,6.227571416335533211e-03,1.206078931002869851e-05,1.206078931034365247e-05,1.206078930980466677e-05,1.206078930926866093e-05
1.409911880507468173e-03,0.000000000000000000e+00,8.596815177681934434e-05,5.370145780146929314e-05,0.000000000000000000e+00,6.227571747761572601e-03,1.486692304501901289e-05,1.486692304532774285e-05,1.486692304626422247e-05,1.486692304573022919e-05
1.414911568026998301e-03,0.000000000000000000e+00,8.726928548330062190e-05,5.283818716208353171e-05,0.000000000000000000e+00,6.227570285546713859e-03,1.800027631344470352e-05,1.800027631374688422e-05,1.800027631151877083e-05,1.800027631098686124e-05
1.419911255546528212e-03,0.000000000000000000e+00,8.851833703891241279e-05,5.197516174204438912e-05,0.000000000000000000e+00,6.227567016743788472e-03,2.075001196491885896e-05,2.075001196521440909e-05,2.075001196547465149e-05,2.075001196494473751e-05
1.424910943066058340e-03,0.000000000000000000e+00,8.970791557380322872e-05,5.111238154135187893e-05,0.000000000000000000e+00,6.227562721304599237e-03,2.240479779649265409e-05,2.240479779678165834e-05,2.240479779631139920e-05,2.240479779578316913e-05
1.429910630585588469e-03,0.000000000000000000e+00,9.081958451980053483e-05,5.024984656000598758e-05,0.000000000000000000e+00,6.227559030570981209e-03,2.247318932913798249e-05,2.247318932942033584e-05,2.247318933249777933e-05,2.247318933197120267e-05
1.434910318105118380e-03,0.000000000000000000e+00,9.182633148050698161e-05,4.938755679800671506e-05,0.000000000000000000e+00,6.227557729443124711e-03,2.078887650561449607e-05,2.078887650588973095e-05,2.078887650560318310e-05,2.078887650507849701e-05
1.439910005624648508e-03,0.000000000000000000e+00,9.269492537033026608e-05,4.852551225535407494e-05,0.000000000000000000e+00,6.227559568964358833e-03,1.745665475362714718e-05,1.745665475389505353e-05,1.745665475432923923e-05,1.745665475380658263e-05
1.444909693144178419e-03,0.000000000000000000e+00,9.339386480892268041e-05,4.766371293204805365e-05,0.000000000000000000e+00,6.227563766654751164e-03,1.272914015982673752e-05,1.272914016008744071e-05,1.272914016072674391e-05,1.272914016020594400e-05
1.449909380663708548e-03,0.000000000000000000e+00,9.390103909133010207e-05,4.680215882808865798e-05,0.000000000000000000e+00,6.227568444227374669e-03,7.017714674584185316e-06,7.017714674837915729e-06,7.017714674826816209e-06,7.017714674307679880e-06
1.454909068183238459e-03,0.000000000000000000e+00,9.420946560651382608e-05,4.594084994347588793e-05,0.000000000000000000e+00,6.227571930047044041e-03,7.905651030673719834e-07,7.905651033143871196e-07,7.905651037281932075e-07,7.905651032105273277e-07
1.459908755702768587e-03,0.000000000000000000e+00,9.433056821044923232e-05,4.507978627820973671e-05,0.000000000000000000e+00,6.227573559468542810e-03,-5.604233084482354566e-06,-5.604233084241736222e-06,-5.604233087820809566e-06,-5.604233088337106641e-06
1.464908443222298498e-03,0.000000000000000000e+00,9.429107118536299260e-05,4.421896783229021112e-05,0.000000000000000000e+00,6.227573739009601914e-03,-1.193962388866462974e-05,-1.193962388843011681e-05,-1.193962388825982253e-05,-1.193962388877489988e-05
1.469908130741828627e-03,0.000000000000000000e+00,9.413202205287463532e-05,4.335839460571730436e-05,0.000000000000000000e+00,6.227572993861176312e-03,-1.798525776992460507e-05,-1.798525776969587230e-05,-1.798525777231746637e-05,-1.798525777283136465e-05
1.474907818261358538e-03,0.000000000000000000e+00,9.390749731897653479e-05,4.249806659849102321e-05,0.000000000000000000e+00,6.227571373086757123e-03,-2.336194616224536962e-05,-2.336194616202216966e-05,-2.336194616071694949e-05,-2.336194616122958738e-05
1.479907505780888666e-03,0.000000000000000000e+00,9.367686521791820107e-05,4.163798381061136768e-05,0.000000000000000000e+00,6.227568585086830713e-03,-2.763722553519605196e-05,-2.763722553497846953e-05,-2.763722553919163513e-05,-2.763722553970243326e-05
1.484907193300418794e-03,0.000000000000000000e+00,9.349731604799622127e-05,4.077814624207833777e-05,0.000000000000000000e+00,6.227564858307488120e-03,-3.054319433303740979e-05,-3.054319433282559734e-05,-3.054319433425381686e-05,-3.054319433476224670e-05
1.489906880819948706e-03,0.000000000000000000e+00,9.341622120150199523e-05,3.991855389289192669e-05,0.000000000000000000e+00,6.227561335728171339e-03,-3.196968806911311840e-05,-3.196968806890717419e-05,-3.196968807044745279e-05,-3.196968807095298238e-05
1.494906568339478834e-03,0.000000000000000000e+00,9.346760249635059875e-05,3.905920676305214124e-05,0.000000000000000000e+00,6.227559566028276899e-03,-3.190477585419088200e-05,-3.190477585399092801e-05,-3.190477585300832914e-05,-3.190477585351045704e-05
1.499906255859008745e-03,0.000000000000000000e+00,9.367417127955751091e-05,3.820010485255898139e-05,0.000000000000000000e+00,6.227560486194798871e-03,-3.046603874410631462e-05,-3.046603874391283875e-05,-3.046603874416592880e-05,-3.046603874466381138e-05
1.504905943378538873e-03,0.000000000000000000e+00,9.404736163824539404e-05,3.734124816141244716e-05,0.000000000000000000e+00,6.227563693956002233e-03,-2.790560391968562704e-05,-2.790560391949935433e-05,-2.790560392234813959e-05,-2.790560392284086543e-05
1.509905630898068785e-03,0.000000000000000000e+00,9.459131699161691829e-05,3.648263668961253177e-05,0.000000000000000000e+00,6.227567679452176638e-03,-2.458230007779741826e-05,-2.458230007761866721e-05,-2.458230007711988000e-05,-2.458230007760685618e-05
1.514905318417598913e-03,0.000000000000000000e+00,9.530997185342151494e-05,3.562427043715924200e-05,0.000000000000000000e+00,6.227570747091257762e-03,-2.083131970049038276e-05,-2.083131970031926517e-05,-2.083131970098889553e-05,-2.083131970146995604e-05
1.519905005937128824e-03,0.000000000000000000e+00,9.620939461976335289e-05,3.476614940405257107e-05,0.000000000000000000e+00,6.227572138423473867e-03,-1.696488204145755487e-05,-1.696488204129445698e-05,-1.696488203975186090e-05,-1.696488204022668725e-05
1.524904693456658952e-03,0.000000000000000000e+00,9.729758760926789812e-05,3.390827359029252575e-05,0.000000000000000000e+00,6.227572246211351449e-03,-1.340944298795185928e-05,-1.340944298779722833e-05,-1.340944299091188368e-05,-1.340944299138013535e-05
1.529904380976188864e-03,0.000000000000000000e+00,9.857888499497124469e-05,3.305064299587910604e-05,0.000000000000000000e+00,6.227571979769079558e-03,-1.061695503029051185e-05,-1.061695503014436478e-05,-1.061695503100768448e-05,-1.061695503146947837e-05
1.534904068495718992e-03,0.000000000000000000e+00,1.000482508742964497e-04,3.219325762081230518e-05,0.000000000000000000e+00,6.227571786778687661e-03,-8.910305474860050366e-06,-8.910305474722183896e-06,-8.910305475601161844e-06,-8.910305476056896062e-06
1.539903756015249120e-03,0.000000000000000000e+00,1.016916154841379389e-04,3.133611746509213671e-05,0.000000000000000000e+00,6.227571319106253896e-03,-8.378926230523057255e-06,-8.378926230393544223e-06,-8.378926230890486595e-06,-8.378926231340135729e-06
1.544903443534779031e-03,0.000000000000000000e+00,1.034833131223424790e-04,3.047922252871859046e-05,0.000000000000000000e+00,6.227569865609215022e-03,-8.909141963682609276e-06,-8.909141963561669912e-06,-8.909141965456684209e-06,-8.909141965900156779e-06
1.549903131054309159e-03,0.000000000000000000e+00,1.053842537213315077e-04,2.962257281169166306e-05,0.000000000000000000e+00,6.227567186529848683e-03,-1.034962106404994884e-05,-1.034962106393738494e-05,-1.034962106833316406e-05,-1.034962106877083954e-05
1.554902818573839071e-03,0.000000000000000000e+00,1.073435069131595926e-04,2.876616831401136127e-05,0.000000000000000000e+00,6.227563991299995411e-03,-1.253802094615607051e-05,-1.253802094605139248e-05,-1.253802094471319223e-05,-1.253802094514557545e-05
1.559902506093369199e-03,0.000000000000000000e+00,1.093003533223905376e-04,2.791000903567767831e-05,0.000000000000000000e+00,6.227561527266656065e-03,-1.530087829009294252e-05,-1.530087828999588271e-05,-1.530087829051859352e-05,-1.530087829094596569e-05
1.564902193612899110e-03,0.000000000000000000e+00,1.111903394581386387e-04,2.705409497669062437e-05,0.000000000000000000e+00,6.227560709509259544e-03,-1.854451056876049188e-05,-1.854451056867097744e-05,-1.854451056735606043e-05,-1.854451056777861129e-05
1.569901881132429238e-03,0.000000000000000000e+00,1.129484615625106004e-04,2.619842613705019265e-05,0.000000000000000000e+00,6.227561572013681594e-03,-2.225202786147309405e-05,-2.225202786139106738e-05,-2.225202786587410106e-05,-2.225202786629194580e-05
1.574901568651959150e-03,0.000000000000000000e+00,1.145115515761004424e-04,2.534300251675637976e-05,0.000000000000000000e+00,6.227563595863792531e-03,-2.642715395631461880e-05,-2.642715395624006296e-05,-2.642715395432810969e-05,-2.642715395474145500e-05
1.579901256171489278e-03,0.000000000000000000e+00,1.158274310615251256e-04,2.448782411580919589e-05,0.000000000000000000e+00,6.227566167869616996e-03,-3.098941347369704393e-05,-3.098941347363033840e-05,-3.098941347182255325e-05,-3.098941347223130424e-05
1.584900943691019189e-03,0.000000000000000000e+00,1.168616759019505024e-04,2.363289093420863424e-05,0.000000000000000000e+00,6.227568719442081596e-03,-3.573280914305774830e-05,-3.573280914299937756e-05,-3.573280914098608867e-05,-3.573280914139001496e-05
1.589900631210549318e-03,0.000000000000000000e+00,1.176000163242584993e-04,2.277820297195469481e-05,0.000000000000000000e+00,6.227570617561076043e-03,-4.050378852885598178e-05,-4.050378852880653539e-05,-4.050378852988525556e-05,-4.050378853028407933e-05
1.594900318730079446e-03,0.000000000000000000e+00,1.180468439868174194e-04,2.192376022904738101e-05,0.000000000000000000e+00,6.227571261822005370e-03,-4.523479619108367880e-05,-4.523479619104371239e-05,-4.523479619103282971e-05,-4.523479619142631379e-05
1.599900006249609357e-03,0.000000000000000000e+00,1.182193090745110620e-04,2.106956270548668604e-05,0.000000000000000000e+00,6.227570331696404698e-03,-4.985945856063276889e-05,-4.985945856060296688e-05,-4.985945855711401784e-05,-4.985945855750179630e-05
1.604899693769139485e-03,0.000000000000000000e+00,1.181456305317688340e-04,2.021561040127262007e-05,0.000000000000000000e+00,6.227568071425982482e-03,-5.427311899317043345e-05,-5.427311899315159544e-05,-5.427311899301361716e-05,-5.427311899339513435e-05
1.609899381288669397e-03,0.000000000000000000e+00,1.178616780804231390e-04,1.936190331640517633e-05,0.000000000000000000e+00,6.227565387295114392e-03,-5.829052457967279726e-05,-5.829052457966574994e-05,-5.829052457940183481e-05,-5.829052457977637922e-05
1.614899068808199525e-03,0.000000000000000000e+00,1.174039859235564601e-04,1.850844145088435144e-05,0.000000000000000000e+00,6.227563362598782792e-03,-6.168242439600111300e-05,-6.168242439600675085e-05,-6.168242439925540003e-05,-6.168242439962203655e-05
1.619898756327729436e-03,0.000000000000000000e+00,1.168082150634899765e-04,1.765522480471015893e-05,0.000000000000000000e+00,6.227562581754779621e-03,-6.413755414367658283e-05,-6.413755414369575966e-05,-6.413755414325172466e-05,-6.413755414360948427e-05
1.624898443847259564e-03,0.000000000000000000e+00,1.161086509053119295e-04,1.680225337788258187e-05,0.000000000000000000e+00,6.227562910065987702e-03,-6.523240209044386863e-05,-6.523240209047715364e-05,-6.523240209220385402e-05,-6.523240209255199134e-05
1.629898131366789476e-03,0.000000000000000000e+00,1.153386869419135351e-04,1.594952717040163043e-05,0.000000000000000000e+00,6.227563959594775364e-03,-6.458432523813333102e-05,-6.458432523818144250e-05,-6.458432524102030391e-05,-6.458432524135770763e-05
1.634897818886319604e-03,0.000000000000000000e+00,1.145301592843404946e-04,1.509704618226730461e-05,0.000000000000000000e+00,6.227565425412283535e-03,-6.193912819610216216e-05,-6.193912819616600811e-05,-6.193912820089165236e-05,-6.193912820121706209e-05
1.639897506405849515e-03,0.000000000000000000e+00,1.137089312264155080e-04,1.424481041347960270e-05,0.000000000000000000e+00,6.227567036061730683e-03,-5.715826686691713199e-05,-5.715826686699717322e-05,-5.715826687017831726e-05,-5.715826687049071656e-05
1.644897193925379643e-03,0.000000000000000000e+00,1.128972694926782953e-04,1.339281986403851964e-05,0.000000000000000000e+00,6.227568370167510525e-03,-5.021898658833044688e-05,-5.021898658842708995e-05,-5.021898658573328801e-05,-5.021898658603191794e-05
1.649896881444909771e-03,0.000000000000000000e+00,1.121189518791084665e-04,1.254107453394406389e-05,0.000000000000000000e+00,6.227568918213554836e-03,-4.119481997610212624e-05,-4.119481997621579129e-05,-4.119481997652114328e-05,-4.119481997680505517e-05
1.654896568964439683e-03,0.000000000000000000e+00,1.113996425885937402e-04,1.168957442319623036e-05,0.000000000000000000e+00,6.227568387965225216e-03,-3.037886978636626222e-05,-3.037886978649715931e-05,-3.037886978612348564e-05,-3.037886978639202558e-05
1.659896256483969811e-03,0.000000000000000000e+00,1.107664399688417710e-04,1.083831953179501906e-05,0.000000000000000000e+00,6.227567097502714061e-03,-1.835275947745330845e-05,-1.835275947760100389e-05,-1.835275947885593403e-05,-1.835275947910912573e-05
1.664895944003499722e-03,0.000000000000000000e+00,1.102448011081683517e-04,9.987309859740435067e-06,0.000000000000000000e+00,6.227566063936286304e-03,-5.874745472483341186e-06,-5.874745472646835485e-06,-5.874745466042572111e-06,-5.874745466281066096e-06
1.669895631523029850e-03,0.000000000000000000e+00,1.098570438589248219e-04,9.136545407032469916e-06,0.000000000000000000e+00,6.227566271810976856e-03,6.213374009942705889e-06,6.213374009764537591e-06,6.213374012142325092e-06,6.213374011917774964e-06
1.674895319042559762e-03,0.000000000000000000e+00,1.096216014052093916e-04,8.286026173671130380e-06,0.000000000000000000e+00,6.227567774384169461e-03,1.715849185684335113e-05,1.715849185665174211e-05,1.715849185656812640e-05,1.715849185635651725e-05
1.679895006562089890e-03,0.000000000000000000e+00,1.095461868041617366e-04,7.435752159656418153e-06,0.000000000000000000e+00,6.227569577055227894e-03,2.641342235683232805e-05,2.641342235662884363e-05,2.641342235430124791e-05,2.641342235410107370e-05
1.684894694081619801e-03,0.000000000000000000e+00,1.096252600476748762e-04,6.585723364988325613e-06,0.000000000000000000e+00,6.227570487606364120e-03,3.368964677998525061e-05,3.368964677977162212e-05,3.368964678126645232e-05,3.368964678107599865e-05
1.689894381601149929e-03,0.000000000000000000e+00,1.098429571093254795e-04,5.735939789666856994e-06,0.000000000000000000e+00,6.227569932573765246e-03,3.902651442891069938e-05,3.902651442868839728e-05,3.902651442989248510e-05,3.902651442971012230e-05
1.694894069120679841e-03,0.000000000000000000e+00,1.101752897207719311e-04,4.886401433692012297e-06,0.000000000000000000e+00,6.227568252073267807e-03,4.265360057005096548e-05,4.265360056982146699e-05,4.265360056638316374e-05,4.265360056620712997e-05
1.699893756640209969e-03,0.000000000000000000e+00,1.105921966915635502e-04,4.037108297063789826e-06,0.000000000000000000e+00,6.227566351607028566e-03,4.479709791832671114e-05,4.479709791809135795e-05,4.479709791651647298e-05,4.479709791634498608e-05
1.704893444159739880e-03,0.000000000000000000e+00,1.110563030148061604e-04,3.188060379782192125e-06,0.000000000000000000e+00,6.227564993045900388e-03,4.564410827116832897e-05,4.564410827092834760e-05,4.564410827094244900e-05,4.564410827077380135e-05
1.709893131679270008e-03,0.000000000000000000e+00,1.115250661882526465e-04,2.339257681847217074e-06,0.000000000000000000e+00,6.227564350193227384e-03,4.534466217332045336e-05,4.534466217307671116e-05,4.534466217740256940e-05,4.534466217723524990e-05
1.714892819198800137e-03,0.000000000000000000e+00,1.119582243394661808e-04,1.490700203258865732e-06,0.000000000000000000e+00,6.227564278230044575e-03,4.406735664280510159e-05,4.406735664255812034e-05,4.406735664258987391e-05,4.406735664242279158e-05
1.719892506718330048e-03,0.000000000000000000e+00,1.123203038170080730e-04,6.423879440171378887e-07,0.000000000000000000e+00,6.227564816809917983e-03,4.197121142618747243e-05,4.197121142593763160e-05,4.197121142530338688e-05,4.197121142513564047e-05
1.724892194237860176e-03,0.000000000000000000e+00,1.125820499111804544e-04,-2.056790958779665628e-07,0.000000000000000000e+00,6.227566037682876268e-03,3.911821101200000831e-05,3.911821101174753150e-05,3.911821101112118113e-05,3.911821101095207270e-05
1.729891881757390087e-03,0.000000000000000000e+00,1.127235193211580555e-04,-1.053500916426447517e-06,0.000000000000000000e+00,6.227567583901656018e-03,3.557957477371303287e-05,3.557957477345798786e-05,3.557957477579856351e-05,3.557957477562770680e-05
1.734891569276920216e-03,0.000000000000000000e+00,1.127358532572141894e-04,-1.901077517628304866e-06,0.000000000000000000e+00,6.227568690711080511e-03,3.146294759399618791e-05,3.146294759373870345e-05,3.146294759520386038e-05,3.146294759503100467e-05
1.739891256796450127e-03,0.000000000000000000e+00,1.126227369325107081e-04,-2.748408899483538930e-06,0.000000000000000000e+00,6.227568768553829251e-03,2.689854532398281426e-05,2.689854532372267350e-05,2.689854531949849986e-05,2.689854531932381457e-05
1.744890944315980255e-03,0.000000000000000000e+00,1.123955882260467803e-04,-3.595495061992149073e-06,0.000000000000000000e+00,6.227567772400246886e-03,2.208397838246718394e-05,2.208397838220385156e-05,2.208397837952872161e-05,2.208397837935283353e-05
1.749890631835510166e-03,0.000000000000000000e+00,1.120680325106257274e-04,-4.442336005154136988e-06,0.000000000000000000e+00,6.227566162730163897e-03,1.726386916585515076e-05,1.726386916558804061e-05,1.726386916531529600e-05,1.726386916513903522e-05
1.754890319355040295e-03,0.000000000000000000e+00,1.116572796236962325e-04,-5.288931728969500558e-06,0.000000000000000000e+00,6.227564577691560924e-03,1.277588022522051877e-05,1.277588022494875164e-05,1.277588022926545177e-05,1.277588022908978052e-05
1.759890006874570206e-03,0.000000000000000000e+00,1.111844410616970915e-04,-6.135282233438240207e-06,0.000000000000000000e+00,6.227563398711646360e-03,8.987582086872975619e-06,8.987582086595568941e-06,8.987582084170933741e-06,8.987582083997078535e-06
1.764889694394100334e-03,0.000000000000000000e+00,1.106735642285995407e-04,-6.981387518560356782e-06,0.000000000000000000e+00,6.227562671057046591e-03,6.118620734027257727e-06,6.118620733742913849e-06,6.118620733365423451e-06,6.118620733194813228e-06
1.769889381913630462e-03,0.000000000000000000e+00,1.101502539102091499e-04,-7.827247584335851976e-06,0.000000000000000000e+00,6.227562502896019821e-03,4.224017665388525273e-06,4.224017665096143899e-06,4.224017667350616956e-06,4.224017667184349470e-06
1.774889069433160374e-03,0.000000000000000000e+00,1.096401988830493935e-04,-8.672862430764723249e-06,0.000000000000000000e+00,6.227563286616626462e-03,3.206866776360974446e-06,3.206866776059648404e-06,3.206866782100858485e-06,3.206866781939762136e-06
1.779888756952690502e-03,0.000000000000000000e+00,1.091718633818945854e-04,-9.518232057846967212e-06,0.000000000000000000e+00,6.227565227793378788e-03,2.865275861393402665e-06,2.865275861082087564e-06,2.865275861115763053e-06,2.865275860960763647e-06
1.784888444472220413e-03,0.000000000000000000e+00,1.087759187865396218e-04,-1.036335646558259064e-05,0.000000000000000000e+00,6.227567949176126411e-03,2.992462763345128935e-06,2.992462763022618599e-06,2.992462760113850707e-06,2.992462759965947743e-06
1.789888131991750541e-03,0.000000000000000000e+00,1.084808183255882866e-04,-1.120823565397159015e-05,0.000000000000000000e+00,6.227570717165750377e-03,3.366150214424131934e-06,3.366150214089561543e-06,3.366150214955283002e-06,3.366150214815016887e-06
1.794887819511280453e-03,0.000000000000000000e+00,1.083126289189762534e-04,-1.205286962301396235e-05,0.000000000000000000e+00,6.227572873857565097e-03,3.883726831011968789e-06,3.883726830664862311e-06,3.883726833217418967e-06,3.883726833085055669e-06
1.799887507030810581e-03,0.000000000000000000e+00,1.082947738905420531e-04,-1.289725837270971740e-05,0.000000000000000000e+00,6.227574012054135945e-03,4.663317323493566252e-06,4.663317323133489158e-06,4.663317323868032741e-06,4.663317323743645953e-06
1.804887194550340492e-03,0.000000000000000000e+00,1.084462659426204897e-04,-1.374140190305884515e-05,0.000000000000000000e+00,6.227573990962225609e-03,5.933768529980296984e-06,5.933768529607090880e-06,5.933768524360744140e-06,5.933768524244306756e-06
1.809886882069870620e-03,0.000000000000000000e+00,1.087776383510293362e-04,-1.458530021406134897e-05,0.000000000000000000e+00,6.227572899975628538e-03,7.984345545595692315e-06,7.984345545209568958e-06,7.984345544093965580e-06,7.984345543985138787e-06
1.814886569589400532e-03,0.000000000000000000e+00,1.092844642746622867e-04,-1.542895330571723226e-05,0.000000000000000000e+00,6.227570824157578101e-03,1.106641870043674555e-05,1.106641870003828600e-05,1.106641870164531588e-05,1.106641870154344661e-05
1.819886257108930660e-03,0.000000000000000000e+00,1.099475593455775284e-04,-1.627236117802649502e-05,0.000000000000000000e+00,6.227567890661961543e-03,1.536607515597030919e-05,1.536607515556019616e-05,1.536607515843915273e-05,1.536607515834360402e-05
1.824885944628460788e-03,0.000000000000000000e+00,1.107355607524069949e-04,-1.711552383098912538e-05,0.000000000000000000e+00,6.227564519009555488e-03,2.098586235376312864e-05,2.098586235334212616e-05,2.098586235080576392e-05,2.098586235071594455e-05
1.829885632147990699e-03,0.000000000000000000e+00,1.116056466798532752e-04,-1.795844126460513691e-05,0.000000000000000000e+00,6.227561438458115682e-03,2.776640482490742000e-05,2.776640482447653095e-05,2.776640482237822705e-05,2.776640482229336790e-05
1.834885319667520828e-03,0.000000000000000000e+00,1.125077630798062645e-04,-1.880111347887452621e-05,0.000000000000000000e+00,6.227559260201694959e-03,3.529094325680901445e-05,3.529094325636960086e-05,3.529094325958237650e-05,3.529094325950138660e-05
1.839885007187050739e-03,0.000000000000000000e+00,1.133899508492096391e-04,-1.964354047379728989e-05,0.000000000000000000e+00,6.227558423222936089e-03,4.298552409299888062e-05,4.298552409255268399e-05,4.298552409613131688e-05,4.298552409605285453e-05
1.844884694706580867e-03,0.000000000000000000e+00,1.142049392664120229e-04,-2.048572224937343135e-05,0.000000000000000000e+00,6.227559311060272725e-03,5.015682257945356629e-05,5.015682257900230779e-05,5.015682258000163049e-05,5.015682257992440819e-05
1.849884382226110778e-03,0.000000000000000000e+00,1.149155863103281484e-04,-2.132765880560294719e-05,0.000000000000000000e+00,6.227561984016981994e-03,5.614037381935139709e-05,5.614037381889704862e-05,5.614037381565861127e-05,5.614037381558093496e-05
1.854884069745640907e-03,0.000000000000000000e+00,1.154939407784996588e-04,-2.216935014248584080e-05,0.000000000000000000e+00,6.227565791051234943e-03,6.037564068358967424e-05,6.037564068313434321e-05,6.037564068734805429e-05,6.037564068726810793e-05
1.859883757265170818e-03,0.000000000000000000e+00,1.159214396004830671e-04,-2.301079626002211219e-05,0.000000000000000000e+00,6.227569548690957760e-03,6.250655211878915164e-05,6.250655211833497935e-05,6.250655212244196428e-05,6.250655212235789796e-05
1.864883444784700946e-03,0.000000000000000000e+00,1.161903567804878817e-04,-2.385199715821175457e-05,0.000000000000000000e+00,6.227572131725389072e-03,6.249930483911506356e-05,6.249930483866413032e-05,6.249930484114319925e-05,6.249930484105302073e-05
1.869883132304230857e-03,0.000000000000000000e+00,1.163019496317551727e-04,-2.469295283705478150e-05,0.000000000000000000e+00,6.227572896729283505e-03,6.049723780194360331e-05,6.049723780149790134e-05,6.049723779746580090e-05,6.049723779736779580e-05
1.874882819823760986e-03,0.000000000000000000e+00,1.162648506570065693e-04,-2.553366329655118282e-05,0.000000000000000000e+00,6.227571994508243440e-03,5.674484907217616526e-05,5.674484907173736153e-05,5.674484907220299248e-05,5.674484907209545318e-05
1.879882507343291114e-03,0.000000000000000000e+00,1.160914904102783150e-04,-2.637412853670095513e-05,0.000000000000000000e+00,6.227570198459209984e-03,5.151620352564856363e-05,5.151620352521799984e-05,5.151620352848406401e-05,5.151620352836581822e-05
1.884882194862821025e-03,0.000000000000000000e+00,1.157963333967464495e-04,-2.721434855750410860e-05,0.000000000000000000e+00,6.227568302925591028e-03,4.502877633393691790e-05,4.502877633351558338e-05,4.502877633423535132e-05,4.502877633410559943e-05
1.889881882382351153e-03,0.000000000000000000e+00,1.153975359139595649e-04,-2.805432335896063646e-05,0.000000000000000000e+00,6.227566561364294810e-03,3.751106201695868052e-05,3.751106201654692086e-05,3.751106201279646904e-05,3.751106201265515683e-05
1.894881569901881065e-03,0.000000000000000000e+00,1.149147585580541435e-04,-2.889405294107054548e-05,0.000000000000000000e+00,6.227564907490983938e-03,2.913403022130512955e-05,2.913403022090254495e-05,2.913403021653710655e-05,2.913403021638502009e-05
1.899881257421411193e-03,0.000000000000000000e+00,1.143680436703046772e-04,-2.973353730383382549e-05,0.000000000000000000e+00,6.227563384714983157e-03,2.000828875981391726e-05,2.000828875941978267e-05,2.000828876233492787e-05,2.000828876217339530e-05
1.904880944940941104e-03,0.000000000000000000e+00,1.137796283237586326e-04,-3.057277644725047989e-05,0.000000000000000000e+00,6.227562274344671835e-03,1.031763572723751800e-05,1.031763572685114223e-05,1.031763572781272791e-05,1.031763572764315869e-05
1.909880632460471232e-03,0.000000000000000000e+00,1.131754807652628864e-04,-3.141177037132051545e-05,0.000000000000000000e+00,6.227562005967897905e-03,3.270559850473276606e-07,3.270559846678975578e-07,3.270559837310266021e-07,3.270559835551419047e-07
1.914880319980001144e-03,0.000000000000000000e+00,1.125877675668046423e-04,-3.225051907604392540e-05,0.000000000000000000e+00,6.227562956940991580e-03,-9.576706328869576958e-06,-9.576706329242966022e-06,-9.576706332777399036e-06,-9.576706332957671364e-06
1.919880007499531272e-03,0.000000000000000000e+00,1.120529605403550362e-04,-3.308902256142071650e-05,0.000000000000000000e+00,6.227565104929354278e-03,-1.891624202075472140e-05,-1.891624202112272672e-05,-1.891624201688013520e-05,-1.891624201706306382e-05
1.924879695019061183e-03,0.000000000000000000e+00,1.116075834602414017e-04,-3.392728082745088199e-05,0.000000000000000000e+00,6.227567778357933487e-03,-2.720372986726399150e-05,-2.720372986762686042e-05,-2.720372986211750063e-05,-2.720372986230173369e-05
1.929879382538591311e-03,0.000000000000000000e+00,1.112868386032247900e-04,-3.476529387413442187e-05,0.000000000000000000e+00,6.227570111093920502e-03,-3.386345594436206987e-05,-3.386345594472006665e-05,-3.386345594356732257e-05,-3.386345594375163016e-05
1.934879070058121439e-03,0.000000000000000000e+00,1.111203350970813833e-04,-3.560306170147134290e-05,0.000000000000000000e+00,6.227571538908913476e-03,-3.835290477165246404e-05,-3.835290477200581230e-05,-3.835290477264776841e-05,-3.835290477283100535e-05
1.939878757577651351e-03,0.000000000000000000e+00,1.111275951529576460e-04,-3.644058430946163832e-05,0.000000000000000000e+00,6.227571972075286039e-03,-4.029853326304093597e-05,-4.029853326338975769e-05,-4.029853326132858772e-05,-4.029853326150996119e-05
1.944878445097181479e-03,0.000000000000000000e+00,1.113153721737871100e-04,-3.727786169810530813e-05,0.000000000000000000e+00,6.227571569193642194e-03,-3.950462982772130131e-05,-3.950462982806552873e-05,-3.950462982102857551e-05,-3.950462982120761117e-05
1.949878132616711390e-03,0.000000000000000000e+00,1.116751110460939415e-04,-3.811489386740235231e-05,0.000000000000000000e+00,6.227570543437573568e-03,-3.603639779167239633e-05,-3.603639779201200911e-05,-3.603639779262744969e-05,-3.603639779280392392e-05
1.954877820136241302e-03,0.000000000000000000e+00,1.121848913143610717e-04,-3.895168081735277766e-05,0.000000000000000000e+00,6.227568891435832435e-03,-3.014956554394732099e-05,-3.014956554428244450e-05,-3.014956554611549494e-05,-3.014956554628908588e-05
1.959877507655771647e-03,0.000000000000000000e+00,1.128105174282405119e-04,-3.978822254795657740e-05,0.000000000000000000e+00,6.227566462783306819e-03,-2.227229931795641300e-05,-2.227229931828740637e-05,-2.227229932125444759e-05,-2.227229932142508407e-05
1.964877195175301558e-03,0.000000000000000000e+00,1.135051745998466165e-04,-4.062451905921375152e-05,0.000000000000000000e+00,6.227563500146272683e-03,-1.300015611207449453e-05,-1.300015611240164745e-05,-1.300015610906126969e-05,-1.300015610922881789e-05
1.969876882694831469e-03,0.000000000000000000e+00,1.142134348452432272e-04,-4.146057035112430680e-05,0.000000000000000000e+00,6.227560964629712953e-03,-2.908779874273990221e-06,-2.908779874597611017e-06,-2.908779874647558856e-06,-2.908779874812184791e-06
1.974876570214361381e-03,0.000000000000000000e+00,1.148759090082128453e-04,-4.229637642368823646e-05,0.000000000000000000e+00,6.227560163731842360e-03,7.482931131472136507e-06,7.482931131151846244e-06,7.482931129084094825e-06,7.482931128922170924e-06
1.979876257733891726e-03,0.000000000000000000e+00,1.154350696885382874e-04,-4.313193727690554051e-05,0.000000000000000000e+00,6.227561822420023957e-03,1.768150450357092049e-05,1.768150450325378458e-05,1.768150450172741766e-05,1.768150450156786375e-05
1.984875945253421637e-03,0.000000000000000000e+00,1.158411510068266221e-04,-4.396725291077622572e-05,0.000000000000000000e+00,6.227565603387657557e-03,2.718406637261883623e-05,2.718406637230487839e-05,2.718406637432641400e-05,2.718406637416874728e-05
1.989875632772951548e-03,0.000000000000000000e+00,1.160542014630961349e-04,-4.480232332530028532e-05,0.000000000000000000e+00,6.227570102493759988e-03,3.536602847486370216e-05,3.536602847455303081e-05,3.536602847983869936e-05,3.536602847968250648e-05
1.994875320292481893e-03,0.000000000000000000e+00,1.160477289875571364e-04,-4.563714852047771929e-05,0.000000000000000000e+00,6.227573596495540598e-03,4.160094698060623063e-05,4.160094698029891353e-05,4.160094697981081926e-05,4.160094697965571736e-05
1.999875007812011805e-03,0.000000000000000000e+00,1.158111145707589601e-04,-4.647172849630853443e-05,0.000000000000000000e+00,6.227574934117568496e-03,4.536884892094674614e-05,4.536884892064247835e-05,4.536884892079658414e-05,4.536884892064282394e-05
2.004874695331541716e-03,0.000000000000000000e+00,1.153476435428112226e-04,-4.730606325279271718e-05,0.000000000000000000e+00,6.227574167405798902e-03,4.623023791280651709e-05,4.623023791250485139e-05,4.623023791271752442e-05,4.623023791256571579e-05
2.009874382851071627e-03,0.000000000000000000e+00,1.146736017947274587e-04,-4.814015278993028109e-05,0.000000000000000000e+00,6.227572171998752709e-03,4.393742238791655029e-05,4.393742238761666675e-05,4.393742239338750222e-05,4.393742239323879711e-05
2.014874070370601972e-03,0.000000000000000000e+00,1.138162945448120933e-04,-4.897399710772122616e-05,0.000000000000000000e+00,6.227569841173011961e-03,3.845061674871554054e-05,3.845061674841680896e-05,3.845061674814823853e-05,3.845061674800369405e-05
2.019873757890131884e-03,0.000000000000000000e+00,1.128128603746840578e-04,-4.980759620616553884e-05,0.000000000000000000e+00,6.227567562135683313e-03,2.996421934570002991e-05,2.996421934540168458e-05,2.996421934258359580e-05,2.996421934244477726e-05
2.024873445409661795e-03,0.000000000000000000e+00,1.117094158448843220e-04,-5.064095008526323945e-05,0.000000000000000000e+00,6.227565226006205948e-03,1.888583581727078150e-05,1.888583581697158913e-05,1.888583581671640860e-05,1.888583581658517948e-05
2.029873132929191706e-03,0.000000000000000000e+00,1.105550238927129368e-04,-5.147405874501430768e-05,0.000000000000000000e+00,6.227562741445648656e-03,5.686457045430202562e-06,5.686457045129108607e-06,5.686457048900497394e-06,5.686457048778882097e-06
2.034872820448722051e-03,0.000000000000000000e+00,1.093963591467932183e-04,-5.230692218541875706e-05,0.000000000000000000e+00,6.227560459252426059e-03,-9.011268810595201325e-06,-9.011268810898947340e-06,-9.011268807305208468e-06,-9.011268807415627683e-06
2.039872507968251963e-03,0.000000000000000000e+00,1.082738820462481998e-04,-5.313954040647658083e-05,0.000000000000000000e+00,6.227559266775603043e-03,-2.438519988268487792e-05,-2.438519988299206966e-05,-2.438519988592278672e-05,-2.438519988602034120e-05
2.044872195487781874e-03,0.000000000000000000e+00,1.072174033610539222e-04,-5.397191340818777898e-05,0.000000000000000000e+00,6.227559828438426065e-03,-3.956207265709568385e-05,-3.956207265740719546e-05,-3.956207265582003868e-05,-3.956207265590312922e-05
2.049871883007312219e-03,0.000000000000000000e+00,1.062453253857807483e-04,-5.480404119055235830e-05,0.000000000000000000e+00,6.227562060078691009e-03,-5.371898567156226339e-05,-5.371898567187842352e-05,-5.371898567002142237e-05,-5.371898567008894784e-05
2.054871570526842130e-03,0.000000000000000000e+00,1.053645501418325778e-04,-5.563592375357031200e-05,0.000000000000000000e+00,6.227565051523159013e-03,-6.620829350694691011e-05,-6.620829350726776619e-05,-6.620829350315556353e-05,-6.620829350320706313e-05
2.059871258046372042e-03,0.000000000000000000e+00,1.045717631280818977e-04,-5.646756109724164008e-05,0.000000000000000000e+00,6.227567781819991384e-03,-7.656794792211784858e-05,-7.656794792244340738e-05,-7.656794792498557687e-05,-7.656794792502055595e-05
2.064870945565901953e-03,0.000000000000000000e+00,1.038578462718502094e-04,-5.729895322156634932e-05,0.000000000000000000e+00,6.227569653649110172e-03,-8.449002683746192584e-05,-8.449002683779239067e-05,-8.449002683910231018e-05,-8.449002683912029438e-05
2.069870633085432298e-03,0.000000000000000000e+00,1.032086135120896335e-04,-5.813010012654443295e-05,0.000000000000000000e+00,6.227570748801833020e-03,-8.995402727911177621e-05,-8.995402727944741810e-05,-8.995402727971829246e-05,-8.995402727971861772e-05
2.074870320604962209e-03,0.000000000000000000e+00,1.026054146157670370e-04,-5.896100181217589096e-05,0.000000000000000000e+00,6.227571464427236574e-03,-9.315545815157587968e-05,-9.315545815191683416e-05,-9.315545815052005650e-05,-9.315545815050238401e-05
2.079870008124492121e-03,0.000000000000000000e+00,1.020272890525891735e-04,-5.979165827846073014e-05,0.000000000000000000e+00,6.227571863482233953e-03,-9.438762391674173301e-05,-9.438762391708805429e-05,-9.438762391615320097e-05,-9.438762391611723256e-05
2.084869695644022032e-03,0.000000000000000000e+00,1.014523401028820317e-04,-6.062206952539893692e-05,0.000000000000000000e+00,6.227571361999317129e-03,-9.402907582354202900e-05,-9.402907582389371708e-05,-9.402907582655838786e-05,-9.402907582650352723e-05
2.089869383163552377e-03,0.000000000000000000e+00,1.008622636864703884e-04,-6.145223555299053164e-05,0.000000000000000000e+00,6.227569102822931232e-03,-9.247061041069106933e-05,-9.247061041104813776e-05,-9.247061040898777416e-05,-9.247061040891372315e-05
2.094869070683082288e-03,0.000000000000000000e+00,1.002447378697570596e-04,-6.228215636123549397e-05,0.000000000000000000e+00,6.227565013839267416e-03,-9.014684573388221907e-05,-9.014684573424417997e-05,-9.014684573139280957e-05,-9.014684573129954108e-05
2.099868758202612200e-03,0.000000000000000000e+00,9.959299183021855933e-05,-6.311183195013382390e-05,0.000000000000000000e+00,6.227560284490575235e-03,-8.742780861095048419e-05,-8.742780861131684966e-05,-8.742780860528798085e-05,-8.742780860517549487e-05
2.104868445722142545e-03,0.000000000000000000e+00,9.890724948471567605e-05,-6.394126231968554855e-05,0.000000000000000000e+00,6.227557125222979439e-03,-8.445276521559131483e-05,-8.445276521596144790e-05,-8.445276521703418463e-05,-8.445276521690281998e-05
2.109868133241672456e-03,0.000000000000000000e+00,9.819373713663997636e-05,-6.477044746989064081e-05,0.000000000000000000e+00,6.227557334088938690e-03,-8.121697585402112840e-05,-8.121697585439450052e-05,-8.121697585370887817e-05,-8.121697585355881104e-05
2.114867820761202367e-03,0.000000000000000000e+00,9.746391642478192474e-05,-6.559938740074911423e-05,0.000000000000000000e+00,6.227561131631731937e-03,-7.764485920442004523e-05,-7.764485920479599233e-05,-7.764485920191793700e-05,-7.764485920174981791e-05
2.119867508280732279e-03,0.000000000000000000e+00,9.673532425292002068e-05,-6.642808211226095526e-05,0.000000000000000000e+00,6.227566796310922935e-03,-7.365538960080878004e-05,-7.365538960118646187e-05,-7.365538959763731251e-05,-7.365538959745195459e-05
2.124867195800262624e-03,0.000000000000000000e+00,9.603016161185200738e-05,-6.725653160442619100e-05,0.000000000000000000e+00,6.227571928484410338e-03,-6.925779797023709256e-05,-6.925779797061600766e-05,-6.925779797141781583e-05,-6.925779797121605936e-05
2.129866883319792535e-03,0.000000000000000000e+00,9.537605165816819745e-05,-6.808473587724479434e-05,0.000000000000000000e+00,6.227574886277470294e-03,-6.455867358088234257e-05,-6.455867358126204372e-05,-6.455867358554388336e-05,-6.455867358532631109e-05
2.134866570839322446e-03,0.000000000000000000e+00,9.480458560599298737e-05,-6.891269493071676530e-05,0.000000000000000000e+00,6.227575519667290921e-03,-5.987699726499094526e-05,-5.987699726537168996e-05,-5.987699726369501195e-05,-5.987699726346186783e-05
2.139866258358852358e-03,0.000000000000000000e+00,9.434529497194958148e-05,-6.974040876484213097e-05,0.000000000000000000e+00,6.227574547825335052e-03,-5.568855326496003624e-05,-5.568855326534238013e-05,-5.568855326454009763e-05,-5.568855326429117836e-05
2.144865945878382703e-03,0.000000000000000000e+00,9.402156895553826789e-05,-7.056787737962086425e-05,0.000000000000000000e+00,6.227572481131943109e-03,-5.235523182803986098e-05,-5.235523182842463755e-05,-5.235523182710582758e-05,-5.235523182684063850e-05
2.149865633397912614e-03,0.000000000000000000e+00,9.384587927801505607e-05,-7.139510077505296514e-05,0.000000000000000000e+00,6.227569304124725910e-03,-5.007368255717718048e-05,-5.007368255756552815e-05,-5.007368256139035624e-05,-5.007368256110797578e-05
2.154865320917442525e-03,0.000000000000000000e+00,9.381848306081013160e-05,-7.222207895113844718e-05,0.000000000000000000e+00,6.227565068703063214e-03,-4.884400615327628861e-05,-4.884400615366970492e-05,-4.884400615220020440e-05,-4.884400615189905370e-05
2.159865008436972437e-03,0.000000000000000000e+00,9.393101091807921780e-05,-7.304881190787731039e-05,0.000000000000000000e+00,6.227560774800509381e-03,-4.848565431494449159e-05,-4.848565431534442667e-05,-4.848565431281093757e-05,-4.848565431248950551e-05
2.164864695956502782e-03,0.000000000000000000e+00,9.416861702452824264e-05,-7.387529964526955476e-05,0.000000000000000000e+00,6.227558083072333960e-03,-4.866634109953483220e-05,-4.866634109994261419e-05,-4.866634109740930806e-05,-4.866634109706594123e-05
2.169864383476032693e-03,0.000000000000000000e+00,9.451489907340998326e-05,-7.470154216331516674e-05,0.000000000000000000e+00,6.227558359329161269e-03,-4.883375462770653280e-05,-4.883375462812361860e-05,-4.883375462865455918e-05,-4.883375462828736023e-05
2.174864070995562604e-03,0.000000000000000000e+00,9.495678920311251920e-05,-7.552753946201414632e-05,0.000000000000000000e+00,6.227561490598935989e-03,-4.836175595762469805e-05,-4.836175595805272751e-05,-4.836175595952048653e-05,-4.836175595912742259e-05
2.179863758515092950e-03,0.000000000000000000e+00,9.548572514975819112e-05,-7.635329154136652062e-05,0.000000000000000000e+00,6.227565950359325100e-03,-4.667744388875443495e-05,-4.667744388919461426e-05,-4.667744388497371355e-05,-4.667744388455290759e-05
2.184863446034622861e-03,0.000000000000000000e+00,9.609938845322511477e-05,-7.717879840137226253e-05,0.000000000000000000e+00,6.227569602762006613e-03,-4.326729233924663247e-05,-4.326729233969995095e-05,-4.326729233729296114e-05,-4.326729233684292915e-05
2.189863133554152772e-03,0.000000000000000000e+00,9.679986829417213745e-05,-7.800406004203137204e-05,0.000000000000000000e+00,6.227570997436378264e-03,-3.782943488983212655e-05,-3.782943489029937703e-05,-3.782943488828829719e-05,-3.782943488780775846e-05
2.194862821073682684e-03,0.000000000000000000e+00,9.759183249477917542e-05,-7.882907646334387627e-05,0.000000000000000000e+00,6.227569945449934995e-03,-3.035566435901143129e-05,-3.035566435949321008e-05,-3.035566436233002167e-05,-3.035566436181817999e-05
2.199862508593213029e-03,0.000000000000000000e+00,9.848386385673305293e-05,-7.965384766530974811e-05,0.000000000000000000e+00,6.227567427806847931e-03,-2.116334741637773386e-05,-2.116334741687438654e-05,-2.116334741307612479e-05,-2.116334741253221105e-05
2.204862196112742940e-03,0.000000000000000000e+00,9.948527886522935714e-05,-8.047837364792898756e-05,0.000000000000000000e+00,6.227564935120533628e-03,-1.087486803244261445e-05,-1.087486803295442564e-05,-1.087486802885981416e-05,-1.087486802828363524e-05
2.209861883632272851e-03,0.000000000000000000e+00,1.006032006222922425e-04,-8.130265441120160816e-05,0.000000000000000000e+00,6.227563678802840522e-03,-1.557371354313495963e-07,-1.557371359583599436e-07,-1.557371335747143623e-07,-1.557371329663210895e-07
2.214861571151802763e-03,0.000000000000000000e+00,1.018403713315917374e-04,-8.212668995512762348e-05,0.000000000000000000e+00,6.227564062549007309e-03,1.038456375742915453e-05,1.038456375688695857e-05,1.038456375514238241e-05,1.038456375578277320e-05
2.219861258671333108e-03,0.000000000000000000e+00,1.031924284764162102e-04,-8.295048027970700641e-05,0.000000000000000000e+00,6.227565591549432712e-03,2.021941932263564604e-05,2.021941932207840001e-05,2.021941932191790420e-05,2.021941932258947936e-05
2.224860946190863019e-03,0.000000000000000000e+00,1.046500577889865504e-04,-8.377402538493975695e-05,0.000000000000000000e+00,6.227567532396467882e-03,2.897173074374882390e-05,2.897173074317733755e-05,2.897173074739662211e-05,2.897173074809790779e-05
2.229860633710392930e-03,0.000000000000000000e+00,1.061995452587708371e-04,-8.459732527082588864e-05,0.000000000000000000e+00,6.227569408711343922e-03,3.632825234390191346e-05,3.632825234331743362e-05,3.632825234289740015e-05,3.632825234362630249e-05
2.234860321229923275e-03,0.000000000000000000e+00,1.078228986273636279e-04,-8.542037993736540150e-05,0.000000000000000000e+00,6.227571203795153817e-03,4.206751952888618164e-05,4.206751952829003308e-05,4.206751952605419814e-05,4.206751952680828108e-05
2.239860008749453187e-03,0.000000000000000000e+00,1.095009638826189489e-04,-8.624318938455828197e-05,0.000000000000000000e+00,6.227572853363998184e-03,4.601541191253779640e-05,4.601541191193174094e-05,4.601541190700259194e-05,4.601541190777888070e-05
2.244859696268983098e-03,0.000000000000000000e+00,1.112123641381817032e-04,-8.706575361240454359e-05,0.000000000000000000e+00,6.227573872597591542e-03,4.793656460761522829e-05,4.793656460700155631e-05,4.793656460855744064e-05,4.793656460935243865e-05
2.249859383788513009e-03,0.000000000000000000e+00,1.129318769832897196e-04,-8.788807262090418638e-05,0.000000000000000000e+00,6.227573295779516467e-03,4.763185320457676475e-05,4.763185320395792925e-05,4.763185320328261360e-05,4.763185320409274302e-05
2.254859071308043354e-03,0.000000000000000000e+00,1.146291626504520835e-04,-8.871014641005719678e-05,0.000000000000000000e+00,6.227570477355073852e-03,4.494818238226075998e-05,4.494818238163972898e-05,4.494818237875046571e-05,4.494818237957185728e-05
2.259858758827573266e-03,0.000000000000000000e+00,1.162672597485969294e-04,-8.953197497986358834e-05,0.000000000000000000e+00,6.227565913632552436e-03,3.976565266461559950e-05,3.976565266399529356e-05,3.976565265997961877e-05,3.976565266080847100e-05
2.264858446347103177e-03,0.000000000000000000e+00,1.178083597060496356e-04,-9.035355833032334750e-05,0.000000000000000000e+00,6.227561299765412527e-03,3.206428917282332439e-05,3.206428917220674539e-05,3.206428917289538317e-05,3.206428917372798268e-05
2.269858133866633088e-03,0.000000000000000000e+00,1.192197394492288428e-04,-9.117489646143650138e-05,0.000000000000000000e+00,6.227558587201296493e-03,2.190372350483009965e-05,2.190372350422014784e-05,2.190372350880787479e-05,2.190372350964100284e-05
2.274857821386163433e-03,0.000000000000000000e+00,1.204772649491145739e-04,-9.199598937320302287e-05,0.000000000000000000e+00,6.227558785984113957e-03,9.554802604276060006e-06,9.554802603675445884e-06,9.554802603317577852e-06,9.554802604148401976e-06
2.279857508905693345e-03,0.000000000000000000e+00,1.215701332671596265e-04,-9.281683706562291196e-05,0.000000000000000000e+00,6.227561528010267834e-03,-4.435061364820936850e-06,-4.435061365409889022e-06,-4.435061364939426595e-06,-4.435061364113193389e-06
2.284857196425223256e-03,0.000000000000000000e+00,1.225011393371583596e-04,-9.363743953869618222e-05,0.000000000000000000e+00,6.227565431990498938e-03,-1.933424823923802523e-05,-1.933424823981341810e-05,-1.933424823818657951e-05,-1.933424823736660758e-05
2.289856883944753601e-03,0.000000000000000000e+00,1.232864779761801046e-04,-9.445779679242283363e-05,0.000000000000000000e+00,6.227569055049442942e-03,-3.418348439703848644e-05,-3.418348439759870047e-05,-3.418348438959609582e-05,-3.418348438878354728e-05
2.294856571464283512e-03,0.000000000000000000e+00,1.239538545683862398e-04,-9.527790882680285266e-05,0.000000000000000000e+00,6.227571502618177435e-03,-4.791601040172060219e-05,-4.791601040226430247e-05,-4.791601039991468729e-05,-4.791601039911053453e-05
2.299856258983813424e-03,0.000000000000000000e+00,1.245361124040793050e-04,-9.609777564183625284e-05,0.000000000000000000e+00,6.227572576361408048e-03,-5.949768637891026811e-05,-5.949768637943633656e-05,-5.949768637867310566e-05,-5.949768637787805343e-05
2.304855946503343335e-03,0.000000000000000000e+00,1.250689856395343887e-04,-9.691739723752303419e-05,0.000000000000000000e+00,6.227572367710241391e-03,-6.801883434987359930e-05,-6.801883435038146670e-05,-6.801883434990051462e-05,-6.801883434911473909e-05
2.309855634022873680e-03,0.000000000000000000e+00,1.255888339884883402e-04,-9.773677361386318315e-05,0.000000000000000000e+00,6.227570999721914607e-03,-7.290379602073439813e-05,-7.290379602122371212e-05,-7.290379601796769036e-05,-7.290379601719119832e-05
2.314855321542403591e-03,0.000000000000000000e+00,1.261278463712172456e-04,-9.855590477085671326e-05,0.000000000000000000e+00,6.227568619369717139e-03,-7.393364834964863885e-05,-7.393364835011920970e-05,-7.393364834866323460e-05,-7.393364834789580920e-05
2.319855009061933503e-03,0.000000000000000000e+00,1.267111651135888173e-04,-9.937479070850362454e-05,0.000000000000000000e+00,6.227565598062777263e-03,-7.122628856858848403e-05,-7.122628856904024397e-05,-7.122628857298478832e-05,-7.122628857222613140e-05
2.324854696581463414e-03,0.000000000000000000e+00,1.273527460318025334e-04,-1.001934314268039170e-04,0.000000000000000000e+00,6.227562670671902417e-03,-6.524591053445901834e-05,-6.524591053489229263e-05,-6.524591053803895904e-05,-6.524591053728846075e-05
2.329854384100993759e-03,0.000000000000000000e+00,1.280556881545577715e-04,-1.010118269257575770e-04,0.000000000000000000e+00,6.227560777672322412e-03,-5.666605261136900611e-05,-5.666605261178416745e-05,-5.666605261452772749e-05,-5.666605261378445947e-05
2.334854071620523670e-03,0.000000000000000000e+00,1.288164122891491045e-04,-1.018299772053646182e-04,0.000000000000000000e+00,6.227560661653290357e-03,-4.633023062041181087e-05,-4.633023062080919130e-05,-4.633023062038179880e-05,-4.633023061964505632e-05
2.339853759140053582e-03,0.000000000000000000e+00,1.296251283204424810e-04,-1.026478822656250270e-04,0.000000000000000000e+00,6.227562351673863496e-03,-3.515710012192534026e-05,-3.515710012230521082e-05,-3.515710012635461784e-05,-3.515710012562343867e-05
2.344853446659583927e-03,0.000000000000000000e+00,1.304683008668043012e-04,-1.034655421065388170e-04,0.000000000000000000e+00,6.227565095136369279e-03,-2.393673384001043526e-05,-2.393673384037327029e-05,-2.393673384350638079e-05,-2.393673384277972816e-05
2.349853134179113838e-03,0.000000000000000000e+00,1.313298516245062827e-04,-1.042829567281059882e-04,0.000000000000000000e+00,6.227567696065952098e-03,-1.332634796415503384e-05,-1.332634796450112981e-05,-1.332634796501026776e-05,-1.332634796428726416e-05
2.354852821698643749e-03,0.000000000000000000e+00,1.321892499150707659e-04,-1.051001261303265269e-04,0.000000000000000000e+00,6.227569192788469724e-03,-3.786385989601549003e-06,-3.786385989930885577e-06,-3.786385985986171827e-06,-3.786385985266168411e-06
2.359852509218173661e-03,0.000000000000000000e+00,1.330204569250254280e-04,-1.059170503132004604e-04,0.000000000000000000e+00,6.227569325167908731e-03,4.429913598558930912e-06,4.429913598246548549e-06,4.429913600559888702e-06,4.429913601277178225e-06
2.364852196737704006e-03,0.000000000000000000e+00,1.337873817136737834e-04,-1.067337292767277479e-04,0.000000000000000000e+00,6.227568586238254288e-03,1.117045823746788157e-05,1.117045823717308022e-05,1.117045823550123030e-05,1.117045823621568904e-05
2.369851884257233917e-03,0.000000000000000000e+00,1.344429194473978004e-04,-1.075501630209084165e-04,0.000000000000000000e+00,6.227567832837301552e-03,1.636844712185231250e-05,1.636844712157606117e-05,1.636844712372395716e-05,1.636844712443487869e-05
2.374851571776763828e-03,0.000000000000000000e+00,1.349346701551371324e-04,-1.083663515457424664e-04,0.000000000000000000e+00,6.227567650737986758e-03,1.991327095510252591e-05,1.991327095484634926e-05,1.991327095778584158e-05,1.991327095849187065e-05
2.379851259296293740e-03,0.000000000000000000e+00,1.352095002814745984e-04,-1.091822948512298974e-04,0.000000000000000000e+00,6.227567993008956138e-03,2.165005882816459012e-05,2.165005882793002637e-05,2.165005883043500773e-05,2.165005883113453836e-05
2.384850946815824085e-03,0.000000000000000000e+00,1.352192344105757559e-04,-1.099979929373706960e-04,0.000000000000000000e+00,6.227568297615865278e-03,2.153216307613674136e-05,2.153216307592584371e-05,2.153216307124262565e-05,2.153216307193342506e-05
2.389850634335353996e-03,0.000000000000000000e+00,1.349249875431883625e-04,-1.108134458041648757e-04,0.000000000000000000e+00,6.227568123491790744e-03,1.964361288665621909e-05,1.964361288647127114e-05,1.964361288425903114e-05,1.964361288493857518e-05
2.394850321854883907e-03,0.000000000000000000e+00,1.342997606088466270e-04,-1.116286534516124231e-04,0.000000000000000000e+00,6.227567466240632732e-03,1.626728375682618411e-05,1.626728375666918147e-05,1.626728375492632648e-05,1.626728375559198596e-05
2.399850009374414252e-03,0.000000000000000000e+00,1.333341826572151259e-04,-1.124436158797133517e-04,0.000000000000000000e+00,6.227566731325212546e-03,1.189927422889379493e-05,1.189927422876682130e-05,1.189927422730860835e-05,1.189927422795770325e-05
2.404849696893944164e-03,0.000000000000000000e+00,1.320372119022041675e-04,-1.132583330884676614e-04,0.000000000000000000e+00,6.227566330043836362e-03,7.144513046525528940e-06,7.144513046430669721e-06,7.144513041902145287e-06,7.144513042531978658e-06
2.409849384413474075e-03,0.000000000000000000e+00,1.304343092252565034e-04,-1.140728050778753522e-04,0.000000000000000000e+00,6.227566456986256480e-03,2.703542246499498474e-06,2.703542246438464668e-06,2.703542243130768822e-06,2.703542243738758907e-06
2.414849071933003986e-03,0.000000000000000000e+00,1.285677772208427562e-04,-1.148870318479364242e-04,0.000000000000000000e+00,6.227567007688106920e-03,-7.604209624968042769e-07,-7.604209625224795396e-07,-7.604209629207561255e-07,-7.604209623368166939e-07
2.419848759452534331e-03,0.000000000000000000e+00,1.264931794593590858e-04,-1.157010133986508503e-04,0.000000000000000000e+00,6.227567704464691267e-03,-2.739897169636903572e-06,-2.739897169626037834e-06,-2.739897169701120528e-06,-2.739897169143042707e-06
2.424848446972064243e-03,0.000000000000000000e+00,1.242745568024353588e-04,-1.165147497300186711e-04,0.000000000000000000e+00,6.227568207553099006e-03,-2.876960352563861264e-06,-2.876960352515604103e-06,-2.876960351804638529e-06,-2.876960351273924953e-06
2.429848134491594154e-03,0.000000000000000000e+00,1.219763797330127605e-04,-1.173282408420398595e-04,0.000000000000000000e+00,6.227568122966874696e-03,-1.051701445101961248e-06,-1.051701445015685861e-06,-1.051701446278696688e-06,-1.051701445776392598e-06
2.434847822011124065e-03,0.000000000000000000e+00,1.196544969036043805e-04,-1.181414867347144290e-04,0.000000000000000000e+00,6.227567186085956365e-03,2.659288358089907900e-06,2.659288358214540327e-06,2.659288359753816033e-06,2.659288360227209195e-06
2.439847509530654410e-03,0.000000000000000000e+00,1.173555972129507950e-04,-1.189544874080423798e-04,0.000000000000000000e+00,6.227565545036324243e-03,8.011726598190199570e-06,8.011726598353067065e-06,8.011726600034153027e-06,8.011726600478570885e-06
2.444847197050184322e-03,0.000000000000000000e+00,1.151182538415417445e-04,-1.197672428620236981e-04,0.000000000000000000e+00,6.227564018776412386e-03,1.456983140772624344e-05,1.456983140792723419e-05,1.456983140985513200e-05,1.456983141027088966e-05
2.449846884569714233e-03,0.000000000000000000e+00,1.129733511611413478e-04,-1.205797530966583976e-04,0.000000000000000000e+00,6.227563571254158756e-03,2.184346939407621422e-05,2.184346939431492166e-05,2.184346939246033963e-05,2.184346939284808421e-05
2.454846572089244578e-03,0.000000000000000000e+00,1.109470899003712525e-04,-1.213920181119464647e-04,0.000000000000000000e+00,6.227564573466889096e-03,2.934115854750031955e-05,2.934115854777616091e-05,2.934115854520377606e-05,2.934115854556455111e-05
2.459846259608774489e-03,0.000000000000000000e+00,1.090625089623459222e-04,-1.222040379078879265e-04,0.000000000000000000e+00,6.227566388018196050e-03,3.658258728258693076e-05,3.658258728289907256e-05,3.658258728292186791e-05,3.658258728325690671e-05
2.464845947128304401e-03,0.000000000000000000e+00,1.073432564654281372e-04,-1.230158124844827423e-04,0.000000000000000000e+00,6.227567947276328383e-03,4.316469173451495975e-05,4.316469173486249398e-05,4.316469173387551763e-05,4.316469173418605346e-05
2.469845634647834312e-03,0.000000000000000000e+00,1.058150278679264613e-04,-1.238273418417309393e-04,0.000000000000000000e+00,6.227568618192688178e-03,4.872222845510711873e-05,4.872222845548922546e-05,4.872222845290450781e-05,4.872222845319175362e-05
2.474845322167364657e-03,0.000000000000000000e+00,1.045011056571501376e-04,-1.246386259796325446e-04,0.000000000000000000e+00,6.227568652596168243e-03,5.294974757877873178e-05,5.294974757919457752e-05,5.294974757431694846e-05,5.294974757458192070e-05
2.479845009686894568e-03,0.000000000000000000e+00,1.034222842307287293e-04,-1.254496648981875040e-04,0.000000000000000000e+00,6.227568662196262400e-03,5.561299101473802739e-05,5.561299101518676511e-05,5.561299101456372834e-05,5.561299101480721981e-05
2.484844697206424480e-03,0.000000000000000000e+00,1.025972199021221400e-04,-1.262604585973958174e-04,0.000000000000000000e+00,6.227568655149426195e-03,5.647966073338605349e-05,5.647966073386697169e-05,5.647966073157479212e-05,5.647966073179739915e-05
2.489844384725954391e-03,0.000000000000000000e+00,1.020401543693919629e-04,-1.270710070772575119e-04,0.000000000000000000e+00,6.227567916808687820e-03,5.544257858010072902e-05,5.544257858061306198e-05,5.544257857880402322e-05,5.544257857900609818e-05
2.494844072245484736e-03,0.000000000000000000e+00,1.017575953928154080e-04,-1.278813103377726148e-04,0.000000000000000000e+00,6.227565895677171330e-03,5.259049846302013049e-05,5.259049846356306506e-05,5.259049845974110332e-05,5.259049845992278850e-05
2.499843759765014647e-03,0.000000000000000000e+00,1.017422903064191654e-04,-1.286913683789410717e-04,0.000000000000000000e+00,6.227563297487972820e-03,4.823906083884484331e-05,4.823906083941770185e-05,4.823906083873198464e-05,4.823906083889338168e-05
2.504843447284544559e-03,0.000000000000000000e+00,1.019738655782532593e-04,-1.295011812007629097e-04,0.000000000000000000e+00,6.227561787394580474e-03,4.299992056491606381e-05,4.299992056551801963e-05,4.299992056385054380e-05,4.299992056399161205e-05
2.509843134804074904e-03,0.000000000000000000e+00,1.024238506139328245e-04,-1.303107488032381289e-04,0.000000000000000000e+00,6.227562730713228495e-03,3.765638835568171265e-05,3.765638835631206780e-05,3.765638835413182532e-05,3.765638835425248347e-05
2.514842822323604815e-03,0.000000000000000000e+00,1.030568421734046058e-04,-1.311200711863667293e-04,0.000000000000000000e+00,6.227565886976271087e-03,3.305828280564985058e-05,3.305828280630781899e-05,3.305828280407716111e-05,3.305828280417740238e-05
2.519842509843134726e-03,0.000000000000000000e+00,1.038344554007469475e-04,-1.319291483501486837e-04,0.000000000000000000e+00,6.227569528307217057e-03,3.001219182648821643e-05,3.001219182717315099e-05,3.001219182501460272e-05,3.001219182509441355e-05
2.524842197362664638e-03,0.000000000000000000e+00,1.047206473143605474e-04,-1.327379802945840193e-04,0.000000000000000000e+00,6.227571640563834936e-03,2.910476178515276511e-05,2.910476178586386282e-05,2.910476178566359374e-05,2.910476178572321131e-05
2.529841884882194983e-03,0.000000000000000000e+00,1.056858229742010230e-04,-1.335465670196727631e-04,0.000000000000000000e+00,6.227571439387512807e-03,3.065751715086125943e-05,3.065751715159752757e-05,3.065751715036663962e-05,3.065751715040649760e-05
2.534841572401724894e-03,0.000000000000000000e+00,1.067087015445627399e-04,-1.343549085254148610e-04,0.000000000000000000e+00,6.227569806318861145e-03,3.465186298560740403e-05,3.465186298636775501e-05,3.465186298564808872e-05,3.465186298566896639e-05
2.539841259921254805e-03,0.000000000000000000e+00,1.077701201841559824e-04,-1.351630048118103401e-04,0.000000000000000000e+00,6.227568296322402545e-03,4.068261789330338468e-05,4.068261789408667332e-05,4.068261789114990844e-05,4.068261789115272059e-05
2.544840947440784717e-03,0.000000000000000000e+00,1.088492947161605752e-04,-1.359708558788591732e-04,0.000000000000000000e+00,6.227567789989251791e-03,4.808493738607965589e-05,4.808493738688444561e-05,4.808493738568652418e-05,4.808493738567254475e-05
2.549840634960315062e-03,0.000000000000000000e+00,1.099253569111462153e-04,-1.367784617265614146e-04,0.000000000000000000e+00,6.227567936146386797e-03,5.596826241558418644e-05,5.596826241640870186e-05,5.596826241504869221e-05,5.596826241501954072e-05
2.554840322479844973e-03,0.000000000000000000e+00,1.109755293115503334e-04,-1.375858223549170100e-04,0.000000000000000000e+00,6.227567860017818070e-03,6.334960960520030966e-05,6.334960960604245014e-05,6.334960960427163629e-05,6.334960960422918977e-05
2.559840009999374884e-03,0.000000000000000000e+00,1.119733893392957412e-04,-1.383929377639259866e-04,0.000000000000000000e+00,6.227566981514724882e-03,6.938393285208400030e-05,6.938393285294144159e-05,6.938393285035664940e-05,6.938393285030317113e-05
2.564839697518905230e-03,0.000000000000000000e+00,1.128871328884541793e-04,-1.391998079535883715e-04,0.000000000000000000e+00,6.227565584290033034e-03,7.346424002081883980e-05,7.346424002168893915e-05,7.346424001853705502e-05,7.346424001847479471e-05
2.569839385038435141e-03,0.000000000000000000e+00,1.136811482901886253e-04,-1.400064329239041104e-04,0.000000000000000000e+00,6.227564375264148418e-03,7.534146971123186019e-05,7.534146971211159538e-05,7.534146971120475513e-05,7.534146971113645039e-05
2.574839072557965052e-03,0.000000000000000000e+00,1.143226349345446323e-04,-1.408128126748732034e-04,0.000000000000000000e+00,6.227563819695016052e-03,7.505876915890388463e-05,7.505876915979043675e-05,7.505876915659186416e-05,7.505876915652006287e-05
2.579838760077494964e-03,0.000000000000000000e+00,1.147833970634932522e-04,-1.416189472064956776e-04,0.000000000000000000e+00,6.227563646563845194e-03,7.283735128877208604e-05,7.283735128966240576e-05,7.283735128924623476e-05,7.283735128917338993e-05
2.584838447597025309e-03,0.000000000000000000e+00,1.150416507953308591e-04,-1.424248365187715600e-04,0.000000000000000000e+00,6.227563373673854208e-03,6.909228876588543891e-05,6.909228876677682928e-05,6.909228876440468980e-05,6.909228876433321377e-05
2.589838135116555220e-03,0.000000000000000000e+00,1.150885345205248267e-04,-1.432304806117007964e-04,0.000000000000000000e+00,6.227563004172438632e-03,6.432326900082308203e-05,6.432326900171276478e-05,6.432326900210123442e-05,6.432326900203345823e-05
2.594837822636085131e-03,0.000000000000000000e+00,1.149319585207165758e-04,-1.440358794852834141e-04,0.000000000000000000e+00,6.227563155707925915e-03,5.905650480916179628e-05,5.905650481004703380e-05,5.905650480778950804e-05,5.905650480772771529e-05
2.599837510155615043e-03,0.000000000000000000e+00,1.145968672964967988e-04,-1.448410331395193857e-04,0.000000000000000000e+00,6.227564487847178989e-03,5.385220692400535423e-05,5.385220692488373417e-05,5.385220692418318371e-05,5.385220692412938018e-05
2.604837197675145388e-03,0.000000000000000000e+00,1.141184068589544800e-04,-1.456459415744087657e-04,0.000000000000000000e+00,6.227567015768645763e-03,4.921884656000672200e-05,4.921884656087584557e-05,4.921884655947039429e-05,4.921884655942663318e-05
2.609836885194675299e-03,0.000000000000000000e+00,1.135332376403789720e-04,-1.464506047899514997e-04,0.000000000000000000e+00,6.227570015106441252e-03,4.563091826026076608e-05,4.563091826111851908e-05,4.563091826073586348e-05,4.563091826070404214e-05
2.614836572714205210e-03,0.000000000000000000e+00,1.128775682390498322e-04,-1.472550227861476148e-04,0.000000000000000000e+00,6.227572331668730470e-03,4.347010047981256258e-05,4.347010048065687825e-05,4.347010048108523297e-05,4.347010048106716745e-05
2.619836260233735555e-03,0.000000000000000000e+00,1.121829903345110163e-04,-1.480591955629971383e-04,0.000000000000000000e+00,6.227573227998752826e-03,4.292569294607089171e-05,4.292569294689996078e-05,4.292569294658166613e-05,4.292569294657892851e-05
2.624835947753265467e-03,0.000000000000000000e+00,1.114709770062852700e-04,-1.488631231205000158e-04,0.000000000000000000e+00,6.227572609978848477e-03,4.408626994742213367e-05,4.408626994823437728e-05,4.408626994931765788e-05,4.408626994933167797e-05
2.629835635272795378e-03,0.000000000000000000e+00,1.107519884352520066e-04,-1.496668054586562744e-04,0.000000000000000000e+00,6.227570850615039323e-03,4.692036814773620495e-05,4.692036814853032205e-05,4.692036814743443082e-05,4.692036814746627926e-05
2.634835322792325289e-03,0.000000000000000000e+00,1.100280690129171776e-04,-1.504702425774658871e-04,0.000000000000000000e+00,6.227568352320324990e-03,5.127683706823165955e-05,5.127683706900649141e-05,5.127683706933126417e-05,5.127683706938176766e-05
2.639835010311855634e-03,0.000000000000000000e+00,1.092998472329925687e-04,-1.512734344769289081e-04,0.000000000000000000e+00,6.227565786844511432e-03,5.687736427710572430e-05,5.687736427786053907e-05,5.687736427575287038e-05,5.687736427582249649e-05
2.644834697831385546e-03,0.000000000000000000e+00,1.085702756593927179e-04,-1.520763811570452831e-04,0.000000000000000000e+00,6.227564043836550378e-03,6.321153051272550749e-05,6.321153051346004091e-05,6.321153051194021986e-05,6.321153051202875852e-05
2.649834385350915457e-03,0.000000000000000000e+00,1.078447114272233721e-04,-1.528790826178150393e-04,0.000000000000000000e+00,6.227563758055074637e-03,6.963516449361465896e-05,6.963516449432901267e-05,6.963516449058398863e-05,6.963516449069057925e-05
2.654834072870445368e-03,0.000000000000000000e+00,1.071363302666083312e-04,-1.536815388592381766e-04,0.000000000000000000e+00,6.227564713048545225e-03,7.541922550394502980e-05,7.541922550463955616e-05,7.541922549823422525e-05,7.541922549835777009e-05
2.659833760389975713e-03,0.000000000000000000e+00,1.064702515273436195e-04,-1.544837498813146951e-04,0.000000000000000000e+00,6.227565909317182326e-03,7.974915304207282800e-05,7.974915304274801491e-05,7.974915303696996271e-05,7.974915303710886257e-05
2.664833447909505625e-03,0.000000000000000000e+00,1.058820171394208372e-04,-1.552857156840445677e-04,0.000000000000000000e+00,6.227566358637472502e-03,8.190123789229727903e-05,8.190123789295398029e-05,8.190123788729813123e-05,8.190123788745035322e-05
2.669833135429035536e-03,0.000000000000000000e+00,1.054125825599882453e-04,-1.560874362674278214e-04,0.000000000000000000e+00,6.227565865667803943e-03,8.136356415419947110e-05,8.136356415483847276e-05,8.136356415324844961e-05,8.136356415341171691e-05
2.674832822948565881e-03,0.000000000000000000e+00,1.051007322164623824e-04,-1.568889116314644834e-04,0.000000000000000000e+00,6.227565364014454007e-03,7.793719463648697728e-05,7.793719463710928222e-05,7.793719463285842365e-05,7.793719463303040522e-05
2.679832510468095792e-03,0.000000000000000000e+00,1.049803940332145596e-04,-1.576901417761544994e-04,0.000000000000000000e+00,6.227565997040303628e-03,7.176251263432608329e-05,7.176251263493201677e-05,7.176251263539555386e-05,7.176251263557443367e-05
2.684832197987625704e-03,0.000000000000000000e+00,1.050780939325194225e-04,-1.584911267014978966e-04,0.000000000000000000e+00,6.227568029773145053e-03,6.317557313986044533e-05,6.317557314045054947e-05,6.317557314108643404e-05,6.317557314127024697e-05
2.689831885507155615e-03,0.000000000000000000e+00,1.054062437662567733e-04,-1.592918664074946479e-04,0.000000000000000000e+00,6.227570383874614368e-03,5.273769375102564118e-05,5.273769375159994307e-05,5.273769375612312612e-05,5.273769375631039494e-05
2.694831573026685960e-03,0.000000000000000000e+00,1.059615410028516590e-04,-1.600923608941448074e-04,0.000000000000000000e+00,6.227571759613611049e-03,4.119303427651395627e-05,4.119303427707207645e-05,4.119303427856065215e-05,4.119303427875081443e-05
2.699831260546215871e-03,0.000000000000000000e+00,1.067280364260356077e-04,-1.608926101614483210e-04,0.000000000000000000e+00,6.227571648075167637e-03,2.929914074563137527e-05,2.929914074617216853e-05,2.929914074865116970e-05,2.929914074884427288e-05
2.704830948065745783e-03,0.000000000000000000e+00,1.076820218997763344e-04,-1.616926142094052157e-04,0.000000000000000000e+00,6.227570546933532299e-03,1.780240495851882589e-05,1.780240495904098104e-05,1.780240496157705867e-05,1.780240496177378038e-05
2.709830635585275694e-03,0.000000000000000000e+00,1.087957175160397517e-04,-1.624923730380154916e-04,0.000000000000000000e+00,6.227569087889814857e-03,7.344094946143264402e-06,7.344094946645166998e-06,7.344094947239606250e-06,7.344094947441081507e-06
2.714830323104806039e-03,0.000000000000000000e+00,1.100360845249485382e-04,-1.632918866472791487e-04,0.000000000000000000e+00,6.227567323834375806e-03,-1.562431814277527868e-06,-1.562431813797805676e-06,-1.562431814637452496e-06,-1.562431814429436451e-06
2.719830010624335950e-03,0.000000000000000000e+00,1.113671460896239926e-04,-1.640911550371961869e-04,0.000000000000000000e+00,6.227564767706830068e-03,-8.539332487452499747e-06,-8.539332486997211068e-06,-8.539332491429558298e-06,-8.539332491212827978e-06
2.724829698143865862e-03,0.000000000000000000e+00,1.127551913506425932e-04,-1.648901782077665792e-04,0.000000000000000000e+00,6.227561341136103254e-03,-1.342961863853229433e-05,-1.342961863810363976e-05,-1.342961863996588913e-05,-1.342961863973807453e-05
2.729829385663395773e-03,0.000000000000000000e+00,1.141684064213408043e-04,-1.656889561589903798e-04,0.000000000000000000e+00,6.227558250460248253e-03,-1.617505655579779873e-05,-1.617505655539798562e-05,-1.617505655760502145e-05,-1.617505655736372548e-05
2.734829073182926118e-03,0.000000000000000000e+00,1.155753959836304247e-04,-1.664874888908675344e-04,0.000000000000000000e+00,6.227557394794649981e-03,-1.672493780823702320e-05,-1.672493780786818779e-05,-1.672493780815812717e-05,-1.672493780790090020e-05
2.739828760702456029e-03,0.000000000000000000e+00,1.169447248146745989e-04,-1.672857764033980701e-04,0.000000000000000000e+00,6.227559783537841079e-03,-1.509261196488217456e-05,-1.509261196454649371e-05,-1.509261196748470532e-05,-1.509261196720910451e-05
2.744828448221985941e-03,0.000000000000000000e+00,1.182473788467632405e-04,-1.680838186965819870e-04,0.000000000000000000e+00,6.227564344226876707e-03,-1.137181578209538606e-05,-1.137181578179476220e-05,-1.137181578468529771e-05,-1.137181578438917838e-05
2.749828135741516286e-03,0.000000000000000000e+00,1.194610117289262479e-04,-1.688816157704192851e-04,0.000000000000000000e+00,6.227568676712894220e-03,-5.851241170088672530e-06,-5.851241169824821767e-06,-5.851241169322012845e-06,-5.851241169003535233e-06
2.754827823261046197e-03,0.000000000000000000e+00,1.205680090322359526e-04,-1.696791676249099373e-04,0.000000000000000000e+00,6.227570680341850545e-03,9.806263604429070609e-07,9.806263606685888253e-07,9.806263615076122290e-07,9.806263618499287362e-07
2.759827510780576108e-03,0.000000000000000000e+00,1.215544105714230056e-04,-1.704764742600539706e-04,0.000000000000000000e+00,6.227570006252985090e-03,8.559444374751126774e-06,8.559444374937401177e-06,8.559444375400643496e-06,8.559444375767928840e-06
2.764827198300106020e-03,0.000000000000000000e+00,1.224138102734647336e-04,-1.712735356758513850e-04,0.000000000000000000e+00,6.227567991075871369e-03,1.625841635843810269e-05,1.625841635858410407e-05,1.625841635479859863e-05,1.625841635519151011e-05
2.769826885819636365e-03,0.000000000000000000e+00,1.231493520540370961e-04,-1.720703518723021806e-04,0.000000000000000000e+00,6.227566467395778682e-03,2.355321657706533966e-05,2.355321657717072411e-05,2.355321657914443285e-05,2.355321657956306703e-05
2.774826573339166276e-03,0.000000000000000000e+00,1.237735460163588719e-04,-1.728669228494063574e-04,0.000000000000000000e+00,6.227566242018533170e-03,3.013741293509791921e-05,3.013741293516292052e-05,3.013741293516309671e-05,3.013741293560680983e-05
2.779826260858696187e-03,0.000000000000000000e+00,1.243050875317795235e-04,-1.736632486071638883e-04,0.000000000000000000e+00,6.227566879530320454e-03,3.588646874749871736e-05,3.588646874752402671e-05,3.588646874752484664e-05,3.588646874799242238e-05
2.784825948378226099e-03,0.000000000000000000e+00,1.247666216157543447e-04,-1.744593291455748274e-04,0.000000000000000000e+00,6.227567684880552269e-03,4.082983211484443446e-05,4.082983211483118686e-05,4.082983211148071077e-05,4.082983211197058042e-05
2.789825635897756444e-03,0.000000000000000000e+00,1.251871313817975507e-04,-1.752551644646391205e-04,0.000000000000000000e+00,6.227568450707902589e-03,4.500148574430970928e-05,4.500148574425968690e-05,4.500148574636111465e-05,4.500148574687093362e-05
2.794825323417286355e-03,0.000000000000000000e+00,1.255995944995948177e-04,-1.760507545643567949e-04,0.000000000000000000e+00,6.227569253979736187e-03,4.841234698521793933e-05,4.841234698513337156e-05,4.841234698861992180e-05,4.841234698914697958e-05
2.799825010936816266e-03,0.000000000000000000e+00,1.260353985428906470e-04,-1.768460994447278503e-04,0.000000000000000000e+00,6.227569911578435639e-03,5.110734065114514037e-05,5.110734065102858186e-05,5.110734065205551106e-05,5.110734065259679899e-05
2.804824698456346611e-03,0.000000000000000000e+00,1.265218263482347839e-04,-1.776411991057522870e-04,0.000000000000000000e+00,6.227569974481228857e-03,5.304431544462674783e-05,5.304431544448076001e-05,5.304431544468577586e-05,5.304431544523826496e-05
2.809824385975876523e-03,0.000000000000000000e+00,1.270801495436533221e-04,-1.784360535474300777e-04,0.000000000000000000e+00,6.227568959775051267e-03,5.405768831202060825e-05,5.405768831184803037e-05,5.405768831332980948e-05,5.405768831389026746e-05
2.814824073495406434e-03,0.000000000000000000e+00,1.277248439809192354e-04,-1.792306627697612495e-04,0.000000000000000000e+00,6.227566878341769460e-03,5.388327884437923309e-05,5.388327884418301283e-05,5.388327884971912530e-05,5.388327885028438088e-05
2.819823761014936345e-03,0.000000000000000000e+00,1.284590128541331338e-04,-1.800250267727458026e-04,0.000000000000000000e+00,6.227564432574441214e-03,5.215151319263951657e-05,5.215151319242232377e-05,5.215151319537039145e-05,5.215151319593741563e-05
2.824823448534466690e-03,0.000000000000000000e+00,1.292684008367666205e-04,-1.808191455563837367e-04,0.000000000000000000e+00,6.227562691063097226e-03,4.851786499699735225e-05,4.851786499676168736e-05,4.851786499844961396e-05,4.851786499901583854e-05
2.829823136053996602e-03,0.000000000000000000e+00,1.301229109656540785e-04,-1.816130191206750521e-04,0.000000000000000000e+00,6.227562292191246747e-03,4.272855306244068127e-05,4.272855306218899729e-05,4.272855306135284024e-05,4.272855306191570380e-05
2.834822823573526513e-03,0.000000000000000000e+00,1.309794637960570685e-04,-1.824066474656197486e-04,0.000000000000000000e+00,6.227563195429292736e-03,3.475465033031171694e-05,3.475465033004621616e-05,3.475465033074402223e-05,3.475465033130130892e-05
2.839822511093056424e-03,0.000000000000000000e+00,1.317839952601688840e-04,-1.832000305912178263e-04,0.000000000000000000e+00,6.227564914449161895e-03,2.494381788872419668e-05,2.494381788844694586e-05,2.494381788922479316e-05,2.494381788977453787e-05
2.844822198612586769e-03,0.000000000000000000e+00,1.324760533348455971e-04,-1.839931684974692580e-04,0.000000000000000000e+00,6.227566745905133150e-03,1.387125496094040113e-05,1.387125496065331118e-05,1.387125495802364318e-05,1.387125495856397566e-05
2.849821886132116681e-03,0.000000000000000000e+00,1.329954262421615308e-04,-1.847860611843740709e-04,0.000000000000000000e+00,6.227568017093943614e-03,2.203243936807157665e-06,2.203243936511712573e-06,2.203243933612335735e-06,2.203243934141860076e-06
2.854821573651646592e-03,0.000000000000000000e+00,1.332926741651592961e-04,-1.855787086519322649e-04,0.000000000000000000e+00,6.227568517474010856e-03,-9.438624897326985778e-06,-9.438624897629257956e-06,-9.438624900654134583e-06,-9.438624900136688932e-06
2.859821261171176937e-03,0.000000000000000000e+00,1.333359911794032527e-04,-1.863711109001438401e-04,0.000000000000000000e+00,6.227568657580818956e-03,-2.063160508344711214e-05,-2.063160508375486970e-05,-2.063160508204972462e-05,-2.063160508154539104e-05
2.864820948690706848e-03,0.000000000000000000e+00,1.331102825035627296e-04,-1.871632679290087965e-04,0.000000000000000000e+00,6.227568916733653565e-03,-3.113570546913675447e-05,-3.113570546944919443e-05,-3.113570547231456459e-05,-3.113570547182390889e-05
2.869820636210236760e-03,0.000000000000000000e+00,1.326174099449030233e-04,-1.879551797385271069e-04,0.000000000000000000e+00,6.227569441577840773e-03,-4.089950327412638932e-05,-4.089950327444277984e-05,-4.089950327616998166e-05,-4.089950327569321731e-05
2.874820323729766671e-03,0.000000000000000000e+00,1.318755248764803259e-04,-1.887468463286987985e-04,0.000000000000000000e+00,6.227570043930606529e-03,-4.998674798720364792e-05,-4.998674798752339270e-05,-4.998674798793269935e-05,-4.998674798746992120e-05
2.879820011249297016e-03,0.000000000000000000e+00,1.309155960084865177e-04,-1.895382676995238712e-04,0.000000000000000000e+00,6.227570407247629697e-03,-5.839255283738565801e-05,-5.839255283770828270e-05,-5.839255283281064333e-05,-5.839255283236157357e-05
2.884819698768826927e-03,0.000000000000000000e+00,1.297764570549687002e-04,-1.903294438510023251e-04,0.000000000000000000e+00,6.227570241508664610e-03,-6.605083972020047117e-05,-6.605083972052604353e-05,-6.605083971866437353e-05,-6.605083971822842939e-05
2.889819386288356839e-03,0.000000000000000000e+00,1.284976996245578719e-04,-1.911203747831341602e-04,0.000000000000000000e+00,6.227569557748076530e-03,-7.281661886447311099e-05,-7.281661886480163780e-05,-7.281661886514577712e-05,-7.281661886472221999e-05
2.894819073807886750e-03,0.000000000000000000e+00,1.271176883862748725e-04,-1.919110604959193764e-04,0.000000000000000000e+00,6.227568582902114763e-03,-7.845202916749900994e-05,-7.845202916783069449e-05,-7.845202916692310886e-05,-7.845202916651100361e-05
2.899818761327417095e-03,0.000000000000000000e+00,1.256738761805220714e-04,-1.927015009893579467e-04,0.000000000000000000e+00,6.227567385772035669e-03,-8.269929457939810828e-05,-8.269929457973282860e-05,-8.269929457635366858e-05,-8.269929457595250023e-05
2.904818448846947006e-03,0.000000000000000000e+00,1.241997956165818073e-04,-1.934916962634498981e-04,0.000000000000000000e+00,6.227565910136477478e-03,-8.522055880785896805e-05,-8.522055880819673769e-05,-8.522055880448544589e-05,-8.522055880409479429e-05
2.909818136366476918e-03,0.000000000000000000e+00,1.227244272777344605e-04,-1.942816463181952307e-04,0.000000000000000000e+00,6.227564363316521502e-03,-8.571319355537292573e-05,-8.571319355571379889e-05,-8.571319355499449851e-05,-8.571319355461411973e-05
2.914817823886007263e-03,0.000000000000000000e+00,1.212736154177057986e-04,-1.950713511535939445e-04,0.000000000000000000e+00,6.227563216044447285e-03,-8.405673836473976138e-05,-8.405673836508354834e-05,-8.405673836337868108e-05,-8.405673836300868354e-05
2.919817511405537174e-03,0.000000000000000000e+00,1.198724129575336000e-04,-1.958608107696460394e-04,0.000000000000000000e+00,6.227562670209026152e-03,-8.031929546668811824e-05,-8.031929546703453439e-05,-8.031929546491474296e-05,-8.031929546455580428e-05
2.924817198925067085e-03,0.000000000000000000e+00,1.185469509112556478e-04,-1.966500251663514884e-04,0.000000000000000000e+00,6.227562575284414578e-03,-7.484297461126046959e-05,-7.484297461160914901e-05,-7.484297460860005430e-05,-7.484297460825312315e-05
2.929816886444596997e-03,0.000000000000000000e+00,1.173203879467869402e-04,-1.974389943437103456e-04,0.000000000000000000e+00,6.227562791489796301e-03,-6.819077043219328501e-05,-6.819077043254383468e-05,-6.819077043074167383e-05,-6.819077043040773956e-05
2.934816573964127342e-03,0.000000000000000000e+00,1.162093460125423198e-04,-1.982277183017225569e-04,0.000000000000000000e+00,6.227563501317892776e-03,-6.102637315460881731e-05,-6.102637315496074256e-05,-6.102637315412875291e-05,-6.102637315380923853e-05
2.939816261483657253e-03,0.000000000000000000e+00,1.152228251834273826e-04,-1.990161970403881494e-04,0.000000000000000000e+00,6.227565053578765566e-03,-5.401041206039605116e-05,-5.401041206074855917e-05,-5.401041205806919067e-05,-5.401041205776578347e-05
2.944815949003187164e-03,0.000000000000000000e+00,1.143586403124535365e-04,-1.998044305597071230e-04,0.000000000000000000e+00,6.227567567312642868e-03,-4.757916745129276749e-05,-4.757916745164501122e-05,-4.757916744962540007e-05,-4.757916744933968569e-05
2.949815636522717076e-03,0.000000000000000000e+00,1.136011974913890451e-04,-2.005924188596794778e-04,0.000000000000000000e+00,6.227570424496038995e-03,-4.196047408543303873e-05,-4.196047408578413727e-05,-4.196047408363642764e-05,-4.196047408337009337e-05
2.954815324042247421e-03,0.000000000000000000e+00,1.129206706430249424e-04,-2.013801619403052137e-04,0.000000000000000000e+00,6.227572323258918560e-03,-3.732494251220399510e-05,-3.732494251255299300e-05,-3.732494251383440477e-05,-3.732494251358891429e-05
2.959815011561777332e-03,0.000000000000000000e+00,1.122757630671574125e-04,-2.021676598015843037e-04,0.000000000000000000e+00,6.227572276594291537e-03,-3.378740893463181698e-05,-3.378740893497747419e-05,-3.378740893393095482e-05,-3.378740893370784634e-05
2.964814699081307244e-03,0.000000000000000000e+00,1.116209225483120679e-04,-2.029549124435167749e-04,0.000000000000000000e+00,6.227570503339906194e-03,-3.148252950614259440e-05,-3.148252950648364374e-05,-3.148252950566461032e-05,-3.148252950546518488e-05
2.969814386600837589e-03,0.000000000000000000e+00,1.109106058229685941e-04,-2.037419198661026272e-04,0.000000000000000000e+00,6.227568165099127244e-03,-3.050979022709284996e-05,-3.050979022742788198e-05,-3.050979022515992416e-05,-3.050979022498531679e-05
2.974814074120367500e-03,0.000000000000000000e+00,1.101030527740376485e-04,-2.045286820693418607e-04,0.000000000000000000e+00,6.227566241427017618e-03,-3.087011801935597374e-05,-3.087011801968361286e-05,-3.087011802042456340e-05,-3.087011802027562113e-05
2.979813761639897411e-03,0.000000000000000000e+00,1.091658939490353775e-04,-2.053151990532344482e-04,0.000000000000000000e+00,6.227564942149696470e-03,-3.250589315113696032e-05,-3.250589315145589872e-05,-3.250589315157681436e-05,-3.250589315145419110e-05
2.984813449159427323e-03,0.000000000000000000e+00,1.080794746042410730e-04,-2.061014708177804440e-04,0.000000000000000000e+00,6.227563831596272942e-03,-3.519995015354131506e-05,-3.519995015385043465e-05,-3.519995015385637066e-05,-3.519995015376035100e-05
2.989813136678957668e-03,0.000000000000000000e+00,1.068391761957173026e-04,-2.068874973629797939e-04,0.000000000000000000e+00,6.227562581804438682e-03,-3.864993271181240249e-05,-3.864993271211058520e-05,-3.864993271008600705e-05,-3.864993271001671975e-05
2.994812824198487579e-03,0.000000000000000000e+00,1.054544676088293130e-04,-2.076732786888325249e-04,0.000000000000000000e+00,6.227561574764338068e-03,-4.257749644808296943e-05,-4.257749644836945630e-05,-4.257749644584897086e-05,-4.257749644580616520e-05
2.999812511718017490e-03,0.000000000000000000e+00,1.039453238354514373e-04,-2.084588147953386371e-04,0.000000000000000000e+00,6.227561826613290351e-03,-4.668544209388411561e-05,-4.668544209415822902e-05,-4.668544209202322488e-05,-4.668544209200652817e-05
3.004812199237547402e-03,0.000000000000000000e+00,1.023405245478526088e-04,-2.092441056824981304e-04,0.000000000000000000e+00,6.227563879383285136e-03,-5.067803450094325861e-05,-5.067803450120404312e-05,-5.067803449929485796e-05,-5.067803449930416177e-05
3.009811886757077747e-03,0.000000000000000000e+00,1.006730941702197618e-04,-2.100291513503110049e-04,0.000000000000000000e+00,6.227567002601806616e-03,-5.417387667910844270e-05,-5.417387667935505803e-05,-5.417387667689937399e-05,-5.417387667693446826e-05
3.014811574276607658e-03,0.000000000000000000e+00,9.897467790437203283e-05,-2.108139517987772335e-04,0.000000000000000000e+00,6.227569655633678064e-03,-5.668057686810788092e-05,-5.668057686833962913e-05,-5.668057686528063402e-05,-5.668057686534126803e-05
3.019811261796137569e-03,0.000000000000000000e+00,9.727236841223546495e-05,-2.115985070278968703e-04,0.000000000000000000e+00,6.227570727966264506e-03,-5.776956113409285410e-05,-5.776956113430893559e-05,-5.776956113247382855e-05,-5.776956113255991420e-05
3.024810949315667914e-03,0.000000000000000000e+00,9.558664234338493299e-05,-2.123828170376698612e-04,0.000000000000000000e+00,6.227570225757725862e-03,-5.710394155840281744e-05,-5.710394155860246650e-05,-5.710394155816414389e-05,-5.710394155827557276e-05
3.029810636835197826e-03,0.000000000000000000e+00,9.393367878480106869e-05,-2.131668818280962332e-04,0.000000000000000000e+00,6.227569021076419763e-03,-5.450869543258067659e-05,-5.450869543276318848e-05,-5.450869543227241081e-05,-5.450869543240923713e-05
3.034810324354727737e-03,0.000000000000000000e+00,9.232855185693455394e-05,-2.139507013991759593e-04,0.000000000000000000e+00,6.227568083798103171e-03,-5.003427289078742323e-05,-5.003427289095216098e-05,-5.003427289063534355e-05,-5.003427289079754019e-05
3.039810011874257648e-03,0.000000000000000000e+00,9.078644694515977740e-05,-2.147342757509090936e-04,0.000000000000000000e+00,6.227567619931543424e-03,-4.390055450691821611e-05,-4.390055450706450887e-05,-4.390055450732952176e-05,-4.390055450751717005e-05
3.044809699393787993e-03,0.000000000000000000e+00,8.932556812034233120e-05,-2.155176048832956092e-04,0.000000000000000000e+00,6.227567075954014604e-03,-3.655033395373942539e-05,-3.655033395386630415e-05,-3.655033395582142560e-05,-3.655033395603498632e-05
3.049809386913317905e-03,0.000000000000000000e+00,8.796854384655098627e-05,-2.163006887963354787e-04,0.000000000000000000e+00,6.227565992598658659e-03,-2.851967746739070113e-05,-2.851967746749714267e-05,-2.851967746803618089e-05,-2.851967746827634522e-05
3.054809074432847816e-03,0.000000000000000000e+00,8.674174412987973291e-05,-2.170835274900287295e-04,0.000000000000000000e+00,6.227564830927924226e-03,-2.034027726340801841e-05,-2.034027726349281657e-05,-2.034027726297707176e-05,-2.034027726324456138e-05
3.059808761952377727e-03,0.000000000000000000e+00,8.567397970328074542e-05,-2.178661209643753614e-04,0.000000000000000000e+00,6.227564574713386793e-03,-1.264079516421545213e-05,-1.264079516427725505e-05,-1.264079516104264120e-05,-1.264079516133853183e-05
3.064808449471908072e-03,0.000000000000000000e+00,8.479206587048870761e-05,-2.186484692193753744e-04,0.000000000000000000e+00,6.227565850839813545e-03,-6.094080735400891289e-06,-6.094080735438114152e-06,-6.094080734567548935e-06,-6.094080734893172117e-06
3.069808136991437984e-03,0.000000000000000000e+00,8.411785050993661570e-05,-2.194305722550287416e-04,0.000000000000000000e+00,6.227568308870757262e-03,-1.345391839612402709e-06,-1.345391839623087606e-06,-1.345391839238878967e-06,-1.345391839595890226e-06
3.074807824510967895e-03,0.000000000000000000e+00,8.366617098533868911e-05,-2.202124300713355169e-04,0.000000000000000000e+00,6.227570832094093262e-03,1.106664480473843820e-06,1.106664480491615841e-06,1.106664480680597998e-06,1.106664480290467539e-06
3.079807512030498240e-03,0.000000000000000000e+00,8.344072835445700209e-05,-2.209940426682956464e-04,0.000000000000000000e+00,6.227572230948412099e-03,1.061734177795615642e-06,1.061734177843622505e-06,1.061734182551140670e-06,1.061734182126191016e-06
3.084807199550028151e-03,0.000000000000000000e+00,8.343257861034668451e-05,-2.217754100459091570e-04,0.000000000000000000e+00,6.227572077271058271e-03,-1.418839945988340308e-06,-1.418839945908640437e-06,-1.418839943249770134e-06,-1.418839943710950775e-06
3.089806887069558063e-03,0.000000000000000000e+00,8.362004440879624992e-05,-2.225565322041760216e-04,0.000000000000000000e+00,6.227570845679627869e-03,-5.956746477461190810e-06,-5.956746477348738716e-06,-5.956746477289160112e-06,-5.956746477787739799e-06
3.094806574589087974e-03,0.000000000000000000e+00,8.397084924684417766e-05,-2.233374091430962946e-04,0.000000000000000000e+00,6.227569257797368162e-03,-1.182993720784438003e-05,-1.182993720769867003e-05,-1.182993720860481911e-05,-1.182993720914145852e-05
3.099806262108618319e-03,0.000000000000000000e+00,8.444746044535645724e-05,-2.241180408626699486e-04,0.000000000000000000e+00,6.227567610744307383e-03,-1.818309396310196312e-05,-1.818309396292325610e-05,-1.818309395948014510e-05,-1.818309396005492472e-05
3.104805949628148230e-03,0.000000000000000000e+00,8.501051604316813199e-05,-2.248984273628969568e-04,0.000000000000000000e+00,6.227565710774249363e-03,-2.414638208210452363e-05,-2.414638208189381910e-05,-2.414638207895248364e-05,-2.414638207956478004e-05
3.109805637147678142e-03,0.000000000000000000e+00,8.562229795063908350e-05,-2.256785686437773732e-04,0.000000000000000000e+00,6.227563336354170406e-03,-2.896743591994844249e-05,-2.896743591970691613e-05,-2.896743592065444445e-05,-2.896743592130342755e-05
3.114805324667208053e-03,0.000000000000000000e+00,8.625042833215409727e-05,-2.264584647053111436e-04,0.000000000000000000e+00,6.227560635498006689e-03,-3.205195282424692016e-05,-3.205195282397618132e-05,-3.205195282502611593e-05,-3.205195282571068118e-05
3.119805012186738398e-03,0.000000000000000000e+00,8.686839111048150783e-05,-2.272381155474982953e-04,0.000000000000000000e+00,6.227558411635985940e-03,-3.291658432372497980e-05,-3.291658432342698006e-05,-3.291658432148680027e-05,-3.291658432220535526e-05
3.124804699706268309e-03,0.000000000000000000e+00,8.745591087669704871e-05,-2.280175211703388009e-04,0.000000000000000000e+00,6.227557771863055126e-03,-3.135636814207792790e-05,-3.135636814175497117e-05,-3.135636813925375742e-05,-3.135636814000426927e-05
3.129804387225798221e-03,0.000000000000000000e+00,8.799801773890866970e-05,-2.287966815738327149e-04,0.000000000000000000e+00,6.227559413343809400e-03,-2.749954119395727229e-05,-2.749954119361174045e-05,-2.749954119560580170e-05,-2.749954119638601730e-05
3.134804074745328566e-03,0.000000000000000000e+00,8.848421746905612477e-05,-2.295755967579800100e-04,0.000000000000000000e+00,6.227563013446358806e-03,-2.174350589147492941e-05,-2.174350589110890275e-05,-2.174350589403287743e-05,-2.174350589484072324e-05
3.139803762264858477e-03,0.000000000000000000e+00,8.891140930515808842e-05,-2.303542667227806591e-04,0.000000000000000000e+00,6.227567519102727642e-03,-1.470036679986970829e-05,-1.470036679948534676e-05,-1.470036679920430461e-05,-1.470036680003741573e-05
3.144803449784388388e-03,0.000000000000000000e+00,8.928492737117832488e-05,-2.311326914682346623e-04,0.000000000000000000e+00,6.227571775042486241e-03,-7.041735252123303683e-06,-7.041735251722863775e-06,-7.041735248792206010e-06,-7.041735249648005748e-06
3.149803137303918300e-03,0.000000000000000000e+00,8.961815111774976464e-05,-2.319108709943420738e-04,0.000000000000000000e+00,6.227575031643278226e-03,5.777527831516419054e-07,5.777527835664068346e-07,5.777527851361282925e-07,5.777527842599946813e-07
3.154802824823448645e-03,0.000000000000000000e+00,8.993167114939292774e-05,-2.326888053011028665e-04,0.000000000000000000e+00,6.227576904609207278e-03,7.626964172608189182e-06,7.626964173035632500e-06,7.626964170088628694e-06,7.626964169194273710e-06
3.159802512342978556e-03,0.000000000000000000e+00,9.025008847558837186e-05,-2.334664943885170132e-04,0.000000000000000000e+00,6.227577077035304984e-03,1.387065866753730192e-05,1.387065866797574650e-05,1.387065866711378206e-05,1.387065866620345203e-05
3.164802199862508467e-03,0.000000000000000000e+00,9.059976702453892655e-05,-2.342439382565845681e-04,0.000000000000000000e+00,6.227575173286427693e-03,1.924446736735602238e-05,1.924446736780379110e-05,1.924446736898203426e-05,1.924446736805797553e-05
3.169801887382038379e-03,0.000000000000000000e+00,9.100553049665172090e-05,-2.350211369053054771e-04,0.000000000000000000e+00,6.227571074749589652e-03,2.369157459867107695e-05,2.369157459912682811e-05,2.369157460229534798e-05,2.369157460135942739e-05
3.174801574901568724e-03,0.000000000000000000e+00,9.148655493166775433e-05,-2.357980903346797673e-04,0.000000000000000000e+00,6.227565490675813359e-03,2.712728939031104757e-05,2.712728939077355806e-05,2.712728938626525908e-05,2.712728938531893354e-05
3.179801262421098635e-03,0.000000000000000000e+00,9.205561217086122912e-05,-2.365747985447074115e-04,0.000000000000000000e+00,6.227559997418893704e-03,2.943323960119678404e-05,2.943323960166541688e-05,2.943323959734027353e-05,2.943323959638451882e-05
3.184800949940628546e-03,0.000000000000000000e+00,9.271793279191049906e-05,-2.373512615353884640e-04,0.000000000000000000e+00,6.227556427582604283e-03,3.054814583566593068e-05,3.054814583614023525e-05,3.054814583488506795e-05,3.054814583392043294e-05
3.189800637460158891e-03,0.000000000000000000e+00,9.346965273200433407e-05,-2.381274793067228977e-04,0.000000000000000000e+00,6.227555819599297354e-03,3.039673832825955205e-05,3.039673832873946737e-05,3.039673833123246490e-05,3.039673833025907835e-05
3.194800324979688803e-03,0.000000000000000000e+00,9.429770201920887316e-05,-2.389034518587106854e-04,0.000000000000000000e+00,6.227557994938442282e-03,2.886261081115612252e-05,2.886261081164211275e-05,2.886261080878447431e-05,2.886261080780179751e-05
3.199800012499218714e-03,0.000000000000000000e+00,9.517968807065927837e-05,-2.396791791913518543e-04,0.000000000000000000e+00,6.227561784950923218e-03,2.594604862059654078e-05,2.594604862108958849e-05,2.594604861686333454e-05,2.594604861587034426e-05
3.204799700018748625e-03,0.000000000000000000e+00,9.608761421008942232e-05,-2.404546613046464043e-04,0.000000000000000000e+00,6.227565835787125283e-03,2.177236112864258517e-05,2.177236112914412693e-05,2.177236113123648127e-05,2.177236113023186970e-05
3.209799387538278970e-03,0.000000000000000000e+00,9.699287020285151826e-05,-2.412298981985943355e-04,0.000000000000000000e+00,6.227569177541966879e-03,1.657193093159577859e-05,1.657193093210745764e-05,1.657193093728777901e-05,1.657193093627003504e-05
3.214799075057808882e-03,0.000000000000000000e+00,9.786909049734713196e-05,-2.420048898731956208e-04,0.000000000000000000e+00,6.227571470917342769e-03,1.071585349465690734e-05,1.071585349518081924e-05,1.071585349657042422e-05,1.071585349553769116e-05
3.219798762577338793e-03,0.000000000000000000e+00,9.869525694358530774e-05,-2.427796363284503143e-04,0.000000000000000000e+00,6.227572735265976371e-03,4.741092660614933498e-06,4.741092661153704051e-06,4.741092656861428965e-06,4.741092655811673928e-06
3.224798450096868704e-03,0.000000000000000000e+00,9.945627477692802214e-05,-2.435541375643583890e-04,0.000000000000000000e+00,6.227572992679823553e-03,-5.862152401511697673e-07,-5.862152395949232308e-07,-5.862152394225554142e-07,-5.862152404912534956e-07
3.229798137616399049e-03,0.000000000000000000e+00,1.001419820882019560e-04,-2.443283935809198448e-04,0.000000000000000000e+00,6.227572127792847280e-03,-4.426039342229453862e-06,-4.426039341653295275e-06,-4.426039338360183642e-06,-4.426039339449322322e-06
3.234797825135928961e-03,0.000000000000000000e+00,1.007462502902050662e-04,-2.451024043781346818e-04,0.000000000000000000e+00,6.227570098480570034e-03,-6.135927842624009146e-06,-6.135927842025824314e-06,-6.135927841016357553e-06,-6.135927842126987153e-06
3.239797512655458872e-03,0.000000000000000000e+00,1.012645716882947921e-04,-2.458761699560029000e-04,0.000000000000000000e+00,6.227567300031659064e-03,-5.354385842281705399e-06,-5.354385841659203946e-06,-5.354385845849811361e-06,-5.354385846982772138e-06
3.244797200174989217e-03,0.000000000000000000e+00,1.016940816635571480e-04,-2.466496903145243909e-04,0.000000000000000000e+00,6.227564591663460082e-03,-2.098290900139950502e-06,-2.098290899491275731e-06,-2.098290903458720457e-06,-2.098290904614635827e-06
3.249796887694519128e-03,0.000000000000000000e+00,1.020357897087166679e-04,-2.474229654536993714e-04,0.000000000000000000e+00,6.227563054276125457e-03,3.235904095632552283e-06,3.235904096308742073e-06,3.235904099802532752e-06,3.235904098623713611e-06
3.254796575214049040e-03,0.000000000000000000e+00,1.022951267666605865e-04,-2.481959953735276788e-04,0.000000000000000000e+00,6.227563343268472003e-03,9.959117284919478496e-06,9.959117285624081160e-06,9.959117289337985208e-06,9.959117288136787457e-06
3.259796262733578951e-03,0.000000000000000000e+00,1.024822288063666068e-04,-2.489687800740093132e-04,0.000000000000000000e+00,6.227565255180911134e-03,1.720639001414515996e-05,1.720639001487897171e-05,1.720639001703740139e-05,1.720639001581436374e-05
3.264795950253109296e-03,0.000000000000000000e+00,1.026104634043740050e-04,-2.497413195551444372e-04,0.000000000000000000e+00,6.227567752425645052e-03,2.424052439785939002e-05,2.424052439862248200e-05,2.424052439643508379e-05,2.424052439519129722e-05
3.269795637772639207e-03,0.000000000000000000e+00,1.026941952317162945e-04,-2.505136138169328339e-04,0.000000000000000000e+00,6.227569756602453939e-03,3.060197275960435399e-05,3.060197276039611973e-05,3.060197276528494318e-05,3.060197276402209160e-05
3.274795325292169119e-03,0.000000000000000000e+00,1.027480554187519979e-04,-2.512856628593746660e-04,0.000000000000000000e+00,6.227570709373299665e-03,3.606108627342463526e-05,3.606108627424357382e-05,3.606108627953031980e-05,3.606108627825096123e-05
3.279795012811699030e-03,0.000000000000000000e+00,1.027843963156723747e-04,-2.520574666824698792e-04,0.000000000000000000e+00,6.227570632999074145e-03,4.061756439516986253e-05,4.061756439601409011e-05,4.061756439711978659e-05,4.061756439582661122e-05
3.284794700331229375e-03,0.000000000000000000e+00,1.028113099941402092e-04,-2.528290252862184194e-04,0.000000000000000000e+00,6.227569827914114509e-03,4.447537810321338129e-05,4.447537810408079724e-05,4.447537809764071765e-05,4.447537809633661217e-05
3.289794387850759286e-03,0.000000000000000000e+00,1.028321913512719797e-04,-2.536003386706203950e-04,0.000000000000000000e+00,6.227568681081951420e-03,4.803439431834723557e-05,4.803439431923489222e-05,4.803439431564591875e-05,4.803439431433460333e-05
3.294794075370289198e-03,0.000000000000000000e+00,1.028444500924718583e-04,-2.543714068356757517e-04,0.000000000000000000e+00,6.227567536917559717e-03,5.181225732505802891e-05,5.181225732596266009e-05,5.181225732658150914e-05,5.181225732526700887e-05
3.299793762889819543e-03,0.000000000000000000e+00,1.028394029010154027e-04,-2.551422297813844354e-04,0.000000000000000000e+00,6.227566548124676207e-03,5.622429981786945412e-05,5.622429981878763783e-05,5.622429981476625066e-05,5.622429981345269907e-05
3.304793450409349454e-03,0.000000000000000000e+00,1.028027743493868673e-04,-2.559128075077465544e-04,0.000000000000000000e+00,6.227565719797109080e-03,6.153539642540899201e-05,6.153539642633732657e-05,6.153539641737689706e-05,6.153539641606859030e-05
3.309793137928879365e-03,0.000000000000000000e+00,1.027164213239068716e-04,-2.566831400147620004e-04,0.000000000000000000e+00,6.227564924609297649e-03,6.780984137756993846e-05,6.780984137850495442e-05,6.780984137101474371e-05,6.780984136971600503e-05
3.314792825448409277e-03,0.000000000000000000e+00,1.025640853384569525e-04,-2.574532273024307733e-04,0.000000000000000000e+00,6.227564117442299478e-03,7.479436714032157841e-05,7.479436714126022645e-05,7.479436714339386856e-05,7.479436714210862820e-05
3.319792512967939622e-03,0.000000000000000000e+00,1.023371079692618062e-04,-2.582230693707530359e-04,0.000000000000000000e+00,6.227563414711668847e-03,8.197362236851374968e-05,8.197362236945314310e-05,8.197362237193490898e-05,8.197362237066681257e-05
3.324792200487469533e-03,0.000000000000000000e+00,1.020381652050554475e-04,-2.589926662197285711e-04,0.000000000000000000e+00,6.227563190890842391e-03,8.866537926052297635e-05,8.866537926146115004e-05,8.866537925970245215e-05,8.866537925845433216e-05
3.329791888006999444e-03,0.000000000000000000e+00,1.016831854197141374e-04,-2.597620178493575418e-04,0.000000000000000000e+00,6.227563633293664233e-03,9.421922095090306832e-05,9.421922095183840953e-05,9.421922094941155850e-05,9.421922094818567820e-05
3.334791575526529356e-03,0.000000000000000000e+00,1.012989013973398177e-04,-2.605311242596398936e-04,0.000000000000000000e+00,6.227564499933471893e-03,9.814928947904096956e-05,9.814928947997204173e-05,9.814928948314147639e-05,9.814928948193973315e-05
3.339791263046059701e-03,0.000000000000000000e+00,1.009192422320226760e-04,-2.612999854505755723e-04,0.000000000000000000e+00,6.227565358529898489e-03,1.000754012502885087e-04,1.000754012512143496e-04,1.000754012576401584e-04,1.000754012564639616e-04
3.344790950565589612e-03,0.000000000000000000e+00,1.005807469485423412e-04,-2.620686014221646864e-04,0.000000000000000000e+00,6.227566284864731114e-03,9.975008430122389146e-05,9.975008430214357951e-05,9.975008430065074154e-05,9.975008429950110776e-05
3.349790638085119523e-03,0.000000000000000000e+00,1.003166532016654930e-04,-2.628369721744071817e-04,0.000000000000000000e+00,6.227567873949542768e-03,9.708620955129277968e-05,9.708620955220561015e-05,9.708620954751554129e-05,9.708620954639322941e-05
3.354790325604649435e-03,0.000000000000000000e+00,1.001542660155874505e-04,-2.636050977073030040e-04,0.000000000000000000e+00,6.227570462493679619e-03,9.214162969942546715e-05,9.214162970033088439e-05,9.214162969666648433e-05,9.214162969557188737e-05
3.359790013124179780e-03,0.000000000000000000e+00,1.001136476869374302e-04,-2.643729780208522616e-04,0.000000000000000000e+00,6.227573301782311083e-03,8.515474866608021220e-05,8.515474866697775541e-05,8.515474866949281985e-05,8.515474866842626307e-05
3.364789700643709691e-03,0.000000000000000000e+00,1.002061703719840945e-04,-2.651406131150549003e-04,0.000000000000000000e+00,6.227574553010238774e-03,7.646570305367756575e-05,7.646570305456658443e-05,7.646570305086697490e-05,7.646570304982867514e-05
3.369789388163239603e-03,0.000000000000000000e+00,1.004342147617550183e-04,-2.659080029899108118e-04,0.000000000000000000e+00,6.227572571342675223e-03,6.645696924292107297e-05,6.645696924380135027e-05,6.645696923663478746e-05,6.645696923562478538e-05
3.374789075682769948e-03,0.000000000000000000e+00,1.007903639390817272e-04,-2.666751476454202129e-04,0.000000000000000000e+00,6.227567445657701539e-03,5.553954374543469615e-05,5.553954374630618463e-05,5.553954374167122712e-05,5.553954374068936686e-05
3.379788763202299859e-03,0.000000000000000000e+00,1.012590358176157740e-04,-2.674420470815828867e-04,0.000000000000000000e+00,6.227561489652011159e-03,4.402320824338028487e-05,4.402320824424282191e-05,4.402320824778202372e-05,4.402320824682822396e-05
3.384788450721829770e-03,0.000000000000000000e+00,1.018205435493405172e-04,-2.682087012983989959e-04,0.000000000000000000e+00,6.227557637085656683e-03,3.210285013022866319e-05,3.210285013108229622e-05,3.210285013423401772e-05,3.210285013330827170e-05
3.389788138241359682e-03,0.000000000000000000e+00,1.024532794509532663e-04,-2.689751102958684863e-04,0.000000000000000000e+00,6.227557427176243915e-03,1.989066495034611895e-05,1.989066495119135619e-05,1.989066494846867042e-05,1.989066494757045636e-05
3.394787825760890027e-03,0.000000000000000000e+00,1.031365685152134452e-04,-2.697412740739913036e-04,0.000000000000000000e+00,6.227560145620480991e-03,7.502552741780335404e-06,7.502552742618064541e-06,7.502552741019438931e-06,7.502552740148224887e-06
3.399787513280419938e-03,0.000000000000000000e+00,1.038522312204759063e-04,-2.705071926327675563e-04,0.000000000000000000e+00,6.227563940969352112e-03,-4.782017309876231994e-06,-4.782017309045333330e-06,-4.782017305069689324e-06,-4.782017305914103246e-06
3.404787200799949849e-03,0.000000000000000000e+00,1.045835768462802945e-04,-2.712728659721971901e-04,0.000000000000000000e+00,6.227567341513759805e-03,-1.653697948139699653e-05,-1.653697948057227104e-05,-1.653697947410320598e-05,-1.653697947492086044e-05
3.409786888319479761e-03,0.000000000000000000e+00,1.053151999511554090e-04,-2.720382940922801509e-04,0.000000000000000000e+00,6.227570075287278129e-03,-2.721870205894330122e-05,-2.721870205812421020e-05,-2.721870205870015533e-05,-2.721870205949074539e-05
3.414786575839010106e-03,0.000000000000000000e+00,1.060315905100726587e-04,-2.728034769930165471e-04,0.000000000000000000e+00,6.227572478307193127e-03,-3.616801997151194217e-05,-3.616801997069820778e-05,-3.616801997492778887e-05,-3.616801997569050477e-05
3.419786263358540017e-03,0.000000000000000000e+00,1.067178445354352253e-04,-2.735684146744063244e-04,0.000000000000000000e+00,6.227574315333993769e-03,-4.271028227011501295e-05,-4.271028226930688931e-05,-4.271028227014905690e-05,-4.271028227088258066e-05
3.424785950878069928e-03,0.000000000000000000e+00,1.073636262264142795e-04,-2.743331071364493745e-04,0.000000000000000000e+00,6.227574393447288248e-03,-4.624589541896740203e-05,-4.624589541816541091e-05,-4.624589541539568771e-05,-4.624589541609812197e-05
3.429785638397600273e-03,0.000000000000000000e+00,1.079654374789820775e-04,-2.750975543791459141e-04,0.000000000000000000e+00,6.227571640209658178e-03,-4.636625401522921641e-05,-4.636625401443414385e-05,-4.636625401549134261e-05,-4.636625401616072903e-05
3.434785325917130185e-03,0.000000000000000000e+00,1.085284691201902733e-04,-2.758617564024957265e-04,0.000000000000000000e+00,6.227566529070907228e-03,-4.295816567127997603e-05,-4.295816567049276394e-05,-4.295816567802138928e-05,-4.295816567865557979e-05
3.439785013436660096e-03,0.000000000000000000e+00,1.090660429186063882e-04,-2.766257132064989742e-04,0.000000000000000000e+00,6.227561056565843536e-03,-3.619151784093166781e-05,-3.619151784015360368e-05,-3.619151784326095421e-05,-3.619151784385750257e-05
3.444784700956190007e-03,0.000000000000000000e+00,1.095953677343022750e-04,-2.773894247911556032e-04,0.000000000000000000e+00,6.227557506049882438e-03,-2.657414873075030070e-05,-2.657414872998276349e-05,-2.657414872810279758e-05,-2.657414872865960655e-05
3.449784388475720352e-03,0.000000000000000000e+00,1.101343863377659773e-04,-2.781528911564655590e-04,0.000000000000000000e+00,6.227557007638434908e-03,-1.495581801030672326e-05,-1.495581800955116140e-05,-1.495581800807040212e-05,-1.495581800858542356e-05
3.454784075995250264e-03,0.000000000000000000e+00,1.106975734575749382e-04,-2.789161123024289503e-04,0.000000000000000000e+00,6.227559188504892818e-03,-2.414822220787798954e-06,-2.414822220045625297e-06,-2.414822226083220241e-06,-2.414822226554512761e-06
3.459783763514780175e-03,0.000000000000000000e+00,1.112929018276458224e-04,-2.796790882290457227e-04,0.000000000000000000e+00,6.227562766098736387e-03,9.876539394216424304e-06,9.876539394943978172e-06,9.876539392073718939e-06,9.876539391647403868e-06
3.464783451034310086e-03,0.000000000000000000e+00,1.119227611676368718e-04,-2.804418189363158220e-04,0.000000000000000000e+00,6.227566683770465079e-03,2.089953119171527246e-05,2.089953119242718332e-05,2.089953119571642909e-05,2.089953119533596561e-05
3.469783138553840431e-03,0.000000000000000000e+00,1.125838169333537444e-04,-2.812043044242393567e-04,0.000000000000000000e+00,6.227570453150360966e-03,2.995079374336214755e-05,2.995079374405758193e-05,2.995079374811177299e-05,2.995079374777773708e-05
3.474782826073370343e-03,0.000000000000000000e+00,1.132681041794770166e-04,-2.819665446928162726e-04,0.000000000000000000e+00,6.227573692301339656e-03,3.668510475005572815e-05,3.668510475073394404e-05,3.668510474768985671e-05,3.668510474740259734e-05
3.479782513592900254e-03,0.000000000000000000e+00,1.139639374849981665e-04,-2.827285397420464612e-04,0.000000000000000000e+00,6.227575636833271831e-03,4.113733981974320927e-05,4.113733982040354261e-05,4.113733981650207497e-05,4.113733981626183610e-05
3.484782201112430599e-03,0.000000000000000000e+00,1.146548936100239263e-04,-2.834902895719301937e-04,0.000000000000000000e+00,6.227575499012379112e-03,4.364649918253398083e-05,4.364649918317605891e-05,4.364649918391656899e-05,4.364649918372325574e-05
3.489781888631960510e-03,0.000000000000000000e+00,1.153216566530955082e-04,-2.842517941824671446e-04,0.000000000000000000e+00,6.227573123578471377e-03,4.471897584556721591e-05,4.471897584619057795e-05,4.471897584871168681e-05,4.471897584856548215e-05
3.494781576151490422e-03,0.000000000000000000e+00,1.159434176023356710e-04,-2.850130535736575309e-04,0.000000000000000000e+00,6.227569203488184275e-03,4.487202285584075516e-05,4.487202285644493360e-05,4.487202285467628137e-05,4.487202285457734792e-05
3.499781263671020333e-03,0.000000000000000000e+00,1.164989193350362748e-04,-2.857740677455012984e-04,0.000000000000000000e+00,6.227565041408903226e-03,4.448382266057325632e-05,4.448382266115827148e-05,4.448382265605232299e-05,4.448382265600044392e-05
3.504780951190550678e-03,0.000000000000000000e+00,1.169688341567895088e-04,-2.865348366979983928e-04,0.000000000000000000e+00,6.227562007446202363e-03,4.377563597020234985e-05,4.377563597076856766e-05,4.377563596869719263e-05,4.377563596869188682e-05
3.509780638710080589e-03,0.000000000000000000e+00,1.173343168417485284e-04,-2.872953604311489226e-04,0.000000000000000000e+00,6.227560967173272066e-03,4.280782961621860331e-05,4.280782961676614574e-05,4.280782961816469878e-05,4.280782961820545800e-05
3.514780326229610501e-03,0.000000000000000000e+00,1.175754782686808288e-04,-2.880556389449528336e-04,0.000000000000000000e+00,6.227561920293779932e-03,4.141238909933580247e-05,4.141238909986504898e-05,4.141238910015657739e-05,4.141238910024302896e-05
3.519780013749140412e-03,0.000000000000000000e+00,1.176715232054615187e-04,-2.888156722394100715e-04,0.000000000000000000e+00,6.227564192132501418e-03,3.924695282803944722e-05,3.924695282855074341e-05,3.924695282502173310e-05,3.924695282515315196e-05
3.524779701268670757e-03,0.000000000000000000e+00,1.176003980346249799e-04,-2.895754603145207448e-04,0.000000000000000000e+00,6.227566711990021979e-03,3.591493525549722900e-05,3.591493525599103565e-05,3.591493525365338057e-05,3.591493525382887225e-05
3.529779388788200668e-03,0.000000000000000000e+00,1.173425880707027456e-04,-2.903350031702847992e-04,0.000000000000000000e+00,6.227568400386921700e-03,3.110678493175984501e-05,3.110678493223610792e-05,3.110678493521891751e-05,3.110678493543801444e-05
3.534779076307730580e-03,0.000000000000000000e+00,1.168850049856969171e-04,-2.910943008067021264e-04,0.000000000000000000e+00,6.227568668660780557e-03,2.468278913842868720e-05,2.468278913888726745e-05,2.468278914191151727e-05,2.468278914217366041e-05
3.539778763827260925e-03,0.000000000000000000e+00,1.162237254719080266e-04,-2.918533532237729974e-04,0.000000000000000000e+00,6.227567807358682338e-03,1.666235622002324335e-05,1.666235622046411722e-05,1.666235621842566129e-05,1.666235621873017302e-05
3.544778451346790836e-03,0.000000000000000000e+00,1.153672741262038142e-04,-2.926121604214971411e-04,0.000000000000000000e+00,6.227566626200206623e-03,7.242652877467171043e-06,7.242652877889801521e-06,7.242652874322710305e-06,7.242652874669461876e-06
3.549778138866320747e-03,0.000000000000000000e+00,1.143343384310366062e-04,-2.933707223998746659e-04,0.000000000000000000e+00,6.227565795397372976e-03,-3.204996336325452997e-06,-3.204996335921702884e-06,-3.204996333888952560e-06,-3.204996333500052629e-06
3.554777826385850659e-03,0.000000000000000000e+00,1.131502645038587427e-04,-2.941290391589055720e-04,0.000000000000000000e+00,6.227565557961720240e-03,-1.421414934083891312e-05,-1.421414934045497510e-05,-1.421414933779734994e-05,-1.421414933736608481e-05
3.559777513905381004e-03,0.000000000000000000e+00,1.118453939645009526e-04,-2.948871106985898050e-04,0.000000000000000000e+00,6.227565957617734252e-03,-2.529323392038302634e-05,-2.529323392001973730e-05,-2.529323392113680773e-05,-2.529323392066298767e-05
3.564777201424910915e-03,0.000000000000000000e+00,1.104528358472650781e-04,-2.956449370189274733e-04,0.000000000000000000e+00,6.227566959676322268e-03,-3.597152475306365256e-05,-3.597152475272171553e-05,-3.597152475725078037e-05,-3.597152475673419869e-05
3.569776888944440826e-03,0.000000000000000000e+00,1.090093926836570884e-04,-2.964025181199185228e-04,0.000000000000000000e+00,6.227568339851974853e-03,-4.584639592552105472e-05,-4.584639592520094403e-05,-4.584639592476037848e-05,-4.584639592420118088e-05
3.574776576463970738e-03,0.000000000000000000e+00,1.075556552143827865e-04,-2.971598540015628993e-04,0.000000000000000000e+00,6.227569496914785868e-03,-5.459934008007213220e-05,-5.459934007977344805e-05,-5.459934007823161769e-05,-5.459934007763028529e-05
3.579776263983501083e-03,0.000000000000000000e+00,1.061339909594501537e-04,-2.979169446638607111e-04,0.000000000000000000e+00,6.227569575490321703e-03,-6.205459092667178430e-05,-6.205459092639383552e-05,-6.205459092603407014e-05,-6.205459092539170746e-05
3.584775951503030994e-03,0.000000000000000000e+00,1.047887517123140863e-04,-2.986737901068119041e-04,0.000000000000000000e+00,6.227567957239756903e-03,-6.817336054326147813e-05,-6.817336054300320762e-05,-6.817336054493976889e-05,-6.817336054425777862e-05
3.589775639022560905e-03,0.000000000000000000e+00,1.035633329507167723e-04,-2.994303903304163699e-04,0.000000000000000000e+00,6.227564957484051783e-03,-7.294414464948569270e-05,-7.294414464924518955e-05,-7.294414464882434293e-05,-7.294414464810475794e-05
3.594775326542091250e-03,0.000000000000000000e+00,1.024969878553818350e-04,-3.001867453346743794e-04,0.000000000000000000e+00,6.227561869172055023e-03,-7.629947659717232708e-05,-7.629947659694755841e-05,-7.629947659485952056e-05,-7.629947659410479387e-05
3.599775014061621162e-03,0.000000000000000000e+00,1.016243784949942455e-04,-3.009428551195856617e-04,0.000000000000000000e+00,6.227560119714811888e-03,-7.807556975617392214e-05,-7.807556975596265179e-05,-7.807556975455417830e-05,-7.807556975376695265e-05
3.604774701581151073e-03,0.000000000000000000e+00,1.009740862879665308e-04,-3.016987196851503251e-04,0.000000000000000000e+00,6.227560338038525163e-03,-7.806498825400252038e-05,-7.806498825380198364e-05,-7.806498825399677411e-05,-7.806498825318019369e-05
3.609774389100680984e-03,0.000000000000000000e+00,1.005699452569697221e-04,-3.024543390313683697e-04,0.000000000000000000e+00,6.227562262610912037e-03,-7.609338128697926227e-05,-7.609338128678658599e-05,-7.609338128826532933e-05,-7.609338128742286359e-05
3.614774076620211329e-03,0.000000000000000000e+00,1.004302670716043463e-04,-3.032097131582397413e-04,0.000000000000000000e+00,6.227565278584619793e-03,-7.205367648562670810e-05,-7.205367648543889718e-05,-7.205367648478748141e-05,-7.205367648392322320e-05
3.619773764139741241e-03,0.000000000000000000e+00,1.005632351096728388e-04,-3.039648420657645482e-04,0.000000000000000000e+00,6.227568844583716498e-03,-6.598365402916701438e-05,-6.598365402898118213e-05,-6.598365402877979157e-05,-6.598365402789749495e-05
3.624773451659271152e-03,0.000000000000000000e+00,1.009656526723614754e-04,-3.047197257539427362e-04,0.000000000000000000e+00,6.227572593495918005e-03,-5.815358224896120706e-05,-5.815358224877473784e-05,-5.815358224979447064e-05,-5.815358224889805228e-05
3.629773139178801063e-03,0.000000000000000000e+00,1.016217355617009125e-04,-3.054743642227742513e-04,0.000000000000000000e+00,6.227576029393907739e-03,-4.903951576563762588e-05,-4.903951576544812090e-05,-4.903951576959229397e-05,-4.903951576868568411e-05
3.634772826698331408e-03,0.000000000000000000e+00,1.025035930832923206e-04,-3.062287574722592017e-04,0.000000000000000000e+00,6.227578319268189250e-03,-3.927202877245274251e-05,-3.927202877225743026e-05,-3.927202877473815260e-05,-3.927202877382555252e-05
3.639772514217861320e-03,0.000000000000000000e+00,1.035748170989807563e-04,-3.069829055023975332e-04,0.000000000000000000e+00,6.227578483281113152e-03,-2.956534935417647313e-05,-2.956534935397328687e-05,-2.956534935394935311e-05,-2.956534935303472693e-05
3.644772201737391231e-03,0.000000000000000000e+00,1.047920435773749397e-04,-3.077368083131891375e-04,0.000000000000000000e+00,6.227576210846443028e-03,-2.064339592038870344e-05,-2.064339592017534601e-05,-2.064339592093413845e-05,-2.064339592002120634e-05
3.649771889256921576e-03,0.000000000000000000e+00,1.061087975607015449e-04,-3.084904659046342856e-04,0.000000000000000000e+00,6.227572226241764701e-03,-1.317717364460007660e-05,-1.317717364437425761e-05,-1.317717364561947058e-05,-1.317717364471227289e-05
3.654771576776451487e-03,0.000000000000000000e+00,1.074777748858911174e-04,-3.092438782767327064e-04,0.000000000000000000e+00,6.227567907000276792e-03,-7.637670946364403748e-06,-7.637670946123988693e-06,-7.637670948150914818e-06,-7.637670947252853218e-06
3.659771264295981399e-03,0.000000000000000000e+00,1.088483247347935923e-04,-3.099970454294845084e-04,0.000000000000000000e+00,6.227564395419054807e-03,-4.229693042112718369e-06,-4.229693041856028422e-06,-4.229693040290547211e-06,-4.229693039404455881e-06
3.664770951815511310e-03,0.000000000000000000e+00,1.101679088085370155e-04,-3.107499673628897458e-04,0.000000000000000000e+00,6.227562146729915399e-03,-2.907001328410688184e-06,-2.907001328136427386e-06,-2.907001327813375796e-06,-2.907001326941441774e-06
3.669770639335041655e-03,0.000000000000000000e+00,1.113849129973595208e-04,-3.115026440769482559e-04,0.000000000000000000e+00,6.227560883286980056e-03,-3.408502205929433914e-06,-3.408502205636543473e-06,-3.408502204386133107e-06,-3.408502203529814985e-06
3.674770326854571566e-03,0.000000000000000000e+00,1.124536050312864669e-04,-3.122550755716602014e-04,0.000000000000000000e+00,6.227560030908743487e-03,-5.364863422133879232e-06,-5.364863421821664582e-06,-5.364863422791650291e-06,-5.364863421951826441e-06
3.679770014374101478e-03,0.000000000000000000e+00,1.133410199827691400e-04,-3.130072618470255280e-04,0.000000000000000000e+00,6.227559372971571729e-03,-8.382299758856039825e-06,-8.382299758524258714e-06,-8.382299757931438989e-06,-8.382299757108139905e-06
3.684769701893631389e-03,0.000000000000000000e+00,1.140280318328135254e-04,-3.137592029030441816e-04,0.000000000000000000e+00,6.227559267063073611e-03,-1.208821649887238302e-05,-1.208821649852108966e-05,-1.208821649805506060e-05,-1.208821649724782296e-05
3.689769389413161734e-03,0.000000000000000000e+00,1.145101828027200773e-04,-3.145108987397162706e-04,0.000000000000000000e+00,6.227560218741531872e-03,-1.618185749923132990e-05,-1.618185749886106469e-05,-1.618185749834337848e-05,-1.618185749755094867e-05
3.694769076932691645e-03,0.000000000000000000e+00,1.147970270620459285e-04,-3.152623493570417407e-04,0.000000000000000000e+00,6.227562308988379876e-03,-2.039394319840559484e-05,-2.039394319801747079e-05,-2.039394319853929730e-05,-2.039394319776009136e-05
3.699768764452221557e-03,0.000000000000000000e+00,1.149067939305558608e-04,-3.160135547550204835e-04,0.000000000000000000e+00,6.227565239643445723e-03,-2.441647336488974402e-05,-2.441647336448504185e-05,-2.441647336647987898e-05,-2.441647336571200634e-05
3.704768451971751902e-03,0.000000000000000000e+00,1.148637879105944223e-04,-3.167645149336527702e-04,0.000000000000000000e+00,6.227568486418222707e-03,-2.787580857302051309e-05,-2.787580857260080148e-05,-2.787580857165991390e-05,-2.787580857090139589e-05
3.709768139491281813e-03,0.000000000000000000e+00,1.146953730234075174e-04,-3.175152298929383296e-04,0.000000000000000000e+00,6.227571542175075990e-03,-3.033037047227909460e-05,-3.033037047184594567e-05,-3.033037047169709826e-05,-3.033037047094616628e-05
3.714767827010811724e-03,0.000000000000000000e+00,1.144298260262337127e-04,-3.182656996328772701e-04,0.000000000000000000e+00,6.227573874855179756e-03,-3.139381172241300223e-05,-3.139381172196791013e-05,-3.139381172188557176e-05,-3.139381172114089427e-05
3.719767514530341636e-03,0.000000000000000000e+00,1.140970645176177587e-04,-3.190159241534696460e-04,0.000000000000000000e+00,6.227574898240105170e-03,-3.080441110172707416e-05,-3.080441110127142464e-05,-3.080441110445004114e-05,-3.080441110371066947e-05
3.724767202049871981e-03,0.000000000000000000e+00,1.137240297824307643e-04,-3.197659034547153489e-04,0.000000000000000000e+00,6.227573908616512895e-03,-2.842643361512588342e-05,-2.842643361466083184e-05,-2.842643361551894398e-05,-2.842643361478429875e-05
3.729766889569401892e-03,0.000000000000000000e+00,1.133313732530887859e-04,-3.205156375366144329e-04,0.000000000000000000e+00,6.227570607584872152e-03,-2.429857856682346863e-05,-2.429857856635040411e-05,-2.429857856565122246e-05,-2.429857856492082934e-05
3.734766577088931803e-03,0.000000000000000000e+00,1.129332832061618751e-04,-3.212651263991668981e-04,0.000000000000000000e+00,6.227565714549633882e-03,-1.862961983561249075e-05,-1.862961983513286004e-05,-1.862961983471346354e-05,-1.862961983398702775e-05
3.739766264608461715e-03,0.000000000000000000e+00,1.125369168879183403e-04,-3.220143700423726903e-04,0.000000000000000000e+00,6.227560923810171629e-03,-1.178203101968260775e-05,-1.178203101919752215e-05,-1.178203102047554917e-05,-1.178203101975303854e-05
3.744765952127992060e-03,0.000000000000000000e+00,1.121465665229992277e-04,-3.227633684662319178e-04,0.000000000000000000e+00,6.227558068900768996e-03,-4.243749155176199190e-06,-4.243749154686646334e-06,-4.243749157389855423e-06,-4.243749156671415630e-06
3.749765639647521971e-03,0.000000000000000000e+00,1.117654371217666106e-04,-3.235121216707445265e-04,0.000000000000000000e+00,6.227558200356435661e-03,3.420676707604619339e-06,3.420676708098032971e-06,3.420676709292196961e-06,3.420676710006098352e-06
3.754765327167051883e-03,0.000000000000000000e+00,1.113957364706312107e-04,-3.242606296559104079e-04,0.000000000000000000e+00,6.227561240705306762e-03,1.058698782307508778e-05,1.058698782357207420e-05,1.058698782370462300e-05,1.058698782441332191e-05
3.759765014686582228e-03,0.000000000000000000e+00,1.110410828512431826e-04,-3.250088924217298331e-04,0.000000000000000000e+00,6.227565995295222985e-03,1.666438954293773030e-05,1.666438954343853684e-05,1.666438954340315797e-05,1.666438954410552785e-05
3.764764702206112139e-03,0.000000000000000000e+00,1.107034315555584740e-04,-3.257569099682025310e-04,0.000000000000000000e+00,6.227570771221353253e-03,2.126355381928004380e-05,2.126355381978540737e-05,2.126355381619556315e-05,2.126355381689013356e-05
3.769764389725642050e-03,0.000000000000000000e+00,1.103800898784084778e-04,-3.265046822953286102e-04,0.000000000000000000e+00,6.227574015547215035e-03,2.424402393974656129e-05,2.424402394025780666e-05,2.424402394099527759e-05,2.424402394168019521e-05
3.774764077245171962e-03,0.000000000000000000e+00,1.100630332096413694e-04,-3.272522094031081246e-04,0.000000000000000000e+00,6.227574800188702235e-03,2.569090707835390265e-05,2.569090707887271033e-05,2.569090708060998168e-05,2.569090708128302390e-05
3.779763764764702307e-03,0.000000000000000000e+00,1.097376898885782273e-04,-3.279994912915409661e-04,0.000000000000000000e+00,6.227572852048809775e-03,2.580644648665740960e-05,2.580644648718607336e-05,2.580644648745925843e-05,2.580644648811771135e-05
3.784763452284232218e-03,0.000000000000000000e+00,1.093869263849264376e-04,-3.287465279606271887e-04,0.000000000000000000e+00,6.227568805079778183e-03,2.477638275339978354e-05,2.477638275394105114e-05,2.477638275222046634e-05,2.477638275286107397e-05
3.789763139803762129e-03,0.000000000000000000e+00,1.089925056046957410e-04,-3.294933194103667924e-04,0.000000000000000000e+00,6.227564181580112594e-03,2.275284881852858237e-05,2.275284881908526936e-05,2.275284881911541696e-05,2.275284881973487926e-05
3.794762827323292041e-03,0.000000000000000000e+00,1.085334774943615274e-04,-3.302398656407597231e-04,0.000000000000000000e+00,6.227560862368354717e-03,1.984128596997560695e-05,1.984128597055047127e-05,1.984128597467046663e-05,1.984128597526549372e-05
3.799762514842822386e-03,0.000000000000000000e+00,1.079883620927293592e-04,-3.309861666518060892e-04,0.000000000000000000e+00,6.227560173095030537e-03,1.615254780943007170e-05,1.615254781002536984e-05,1.615254781038391550e-05,1.615254781095150550e-05
3.804762202362352297e-03,0.000000000000000000e+00,1.073351052256705179e-04,-3.317322224435058364e-04,0.000000000000000000e+00,6.227562220761195637e-03,1.190582113215949758e-05,1.190582113277716078e-05,1.190582113124258102e-05,1.190582113178011660e-05
3.809761889881882208e-03,0.000000000000000000e+00,1.065535646418736161e-04,-3.324780330158588564e-04,0.000000000000000000e+00,6.227565878175128980e-03,7.468686262666097912e-06,7.468686263307335735e-06,7.468686259775901218e-06,7.468686260281240227e-06
3.814761577401412553e-03,0.000000000000000000e+00,1.056296086528710654e-04,-3.332235983688654202e-04,0.000000000000000000e+00,6.227569360724377091e-03,3.343439688460123557e-06,3.343439689125438291e-06,3.343439689488516422e-06,3.343439689960262952e-06
3.819761264920942465e-03,0.000000000000000000e+00,1.045558574414378022e-04,-3.339689185025252567e-04,0.000000000000000000e+00,6.227571301553934922e-03,6.936279712902192657e-08,6.936279781830769289e-08,6.936279658803468865e-08,6.936279702530020108e-08
3.824760952440472376e-03,0.000000000000000000e+00,1.033359408580599039e-04,-3.347139934168384743e-04,0.000000000000000000e+00,6.227571317792059483e-03,-1.894839478742866852e-06,-1.894839478030295303e-06,-1.894839480705211797e-06,-1.894839480302593321e-06
3.829760639960002287e-03,0.000000000000000000e+00,1.019853187227865056e-04,-3.354588231118051274e-04,0.000000000000000000e+00,6.227569870288129396e-03,-2.171051159821684451e-06,-2.171051159087166279e-06,-2.171051162638401038e-06,-2.171051162269912907e-06
3.834760327479532632e-03,0.000000000000000000e+00,1.005268164096581590e-04,-3.362034075874251074e-04,0.000000000000000000e+00,6.227567563961567375e-03,-4.910071310047533068e-07,-4.910071302503755996e-07,-4.910071316738652894e-07,-4.910071313380743241e-07
3.839760014999062544e-03,0.000000000000000000e+00,9.898784531829164844e-05,-3.369477468436984685e-04,0.000000000000000000e+00,6.227564932202203120e-03,3.219390904374327657e-06,3.219390905145744279e-06,3.219390907593683049e-06,3.219390907899051979e-06
3.844759702518592455e-03,0.000000000000000000e+00,9.739612092177897887e-05,-3.376918408806252650e-04,0.000000000000000000e+00,6.227562541650747546e-03,8.829140766520642095e-06,8.829140767306014432e-06,8.829140767120744610e-06,8.829140767398557864e-06
3.849759390038122366e-03,0.000000000000000000e+00,9.577939366936084160e-05,-3.384356896982053343e-04,0.000000000000000000e+00,6.227561173096691875e-03,1.599006338243041551e-05,1.599006338322623346e-05,1.599006338287985797e-05,1.599006338313351384e-05
3.854759077557652711e-03,0.000000000000000000e+00,9.416732643087776585e-05,-3.391792932964388389e-04,0.000000000000000000e+00,6.227561621601274307e-03,2.417185963409481314e-05,2.417185963489725827e-05,2.417185963396141222e-05,2.417185963419476302e-05
3.859758765077182623e-03,0.000000000000000000e+00,9.258810690071569841e-05,-3.399226516753257247e-04,0.000000000000000000e+00,6.227564099757281098e-03,3.267488051992883990e-05,3.267488052073400231e-05,3.267488052462101618e-05,3.267488052483813444e-05
3.864758452596712534e-03,0.000000000000000000e+00,9.106830608461775108e-05,-3.406657648348658833e-04,0.000000000000000000e+00,6.227567731554067149e-03,4.066572353641927280e-05,4.066572353722326970e-05,4.066572353746021530e-05,4.066572353766518373e-05
3.869758140116242879e-03,0.000000000000000000e+00,8.963273082439198217e-05,-3.414086327750595856e-04,0.000000000000000000e+00,6.227570775597222712e-03,4.736225790777681178e-05,4.736225790857575359e-05,4.736225790537526331e-05,4.736225790557224930e-05
3.874757827635772790e-03,0.000000000000000000e+00,8.830220090194041099e-05,-3.421512554959065607e-04,0.000000000000000000e+00,6.227571823666632617e-03,5.216542149088911962e-05,5.216542149167935393e-05,5.216542148842624597e-05,5.216542148861912553e-05
3.879757515155302702e-03,0.000000000000000000e+00,8.709399517413629567e-05,-3.428936329974069169e-04,0.000000000000000000e+00,6.227570654746288417e-03,5.469012136464610239e-05,5.469012136542383449e-05,5.469012136624503632e-05,5.469012136643748221e-05
3.884757202674832613e-03,0.000000000000000000e+00,8.601957940971831514e-05,-3.436357652795607085e-04,0.000000000000000000e+00,6.227568245933102174e-03,5.480194969701725465e-05,5.480194969777905576e-05,5.480194969914662772e-05,5.480194969934194674e-05
3.889756890194362958e-03,0.000000000000000000e+00,8.508534252183331398e-05,-3.443776523423678270e-04,0.000000000000000000e+00,6.227565890990302382e-03,5.261685720459266676e-05,5.261685720533552143e-05,5.261685720219804363e-05,5.261685720239897340e-05
3.894756577713892869e-03,0.000000000000000000e+00,8.429515157694190768e-05,-3.451192941858283268e-04,0.000000000000000000e+00,6.227564517728068419e-03,4.849063915638587656e-05,4.849063915710697943e-05,4.849063915640848218e-05,4.849063915661719110e-05
3.899756265233422781e-03,0.000000000000000000e+00,8.364615986199573010e-05,-3.458606908099422618e-04,0.000000000000000000e+00,6.227564348032801900e-03,4.298055089078725035e-05,4.298055089148398577e-05,4.298055089247267651e-05,4.298055089269106871e-05
3.904755952752952692e-03,0.000000000000000000e+00,8.312543993403288920e-05,-3.466018422147094697e-04,0.000000000000000000e+00,6.227565186419898625e-03,3.674739530427196090e-05,3.674739530494188942e-05,3.674739530911396714e-05,3.674739530934366893e-05
3.909755640272482603e-03,0.000000000000000000e+00,8.270780217001765932e-05,-3.473427484001301128e-04,0.000000000000000000e+00,6.227566797398645729e-03,3.056550470479254921e-05,3.056550470543358374e-05,3.056550470561085757e-05,3.056550470585303446e-05
3.914755327792012948e-03,0.000000000000000000e+00,8.235525414715494743e-05,-3.480834093662041372e-04,0.000000000000000000e+00,6.227568990606507579e-03,2.526599838386323559e-05,2.526599838447369901e-05,2.526599838532113176e-05,2.526599838557661384e-05
3.919755015311543293e-03,0.000000000000000000e+00,8.202214864250494293e-05,-3.488238251129314343e-04,0.000000000000000000e+00,6.227571348091589729e-03,2.156454065006397960e-05,2.156454065064213719e-05,2.156454065148417942e-05,2.156454065175395941e-05
3.924754702831072771e-03,0.000000000000000000e+00,8.165777118797103433e-05,-3.495639956403122752e-04,0.000000000000000000e+00,6.227573017924118923e-03,1.992262462480582397e-05,1.992262462535056102e-05,1.992262462717845473e-05,1.992262462746297310e-05
3.929754390350603116e-03,0.000000000000000000e+00,8.121077701106276751e-05,-3.503039209483463888e-04,0.000000000000000000e+00,6.227573073326810038e-03,2.041797488508356008e-05,2.041797488559420236e-05,2.041797488640848901e-05,2.041797488670805407e-05
3.934754077870133461e-03,0.000000000000000000e+00,8.063787273768601425e-05,-3.510436010370338836e-04,0.000000000000000000e+00,6.227570991549639251e-03,2.277638690769771056e-05,2.277638690817378373e-05,2.277638690573315655e-05,2.277638690604814439e-05
3.939753765389662939e-03,0.000000000000000000e+00,7.990778717029413630e-05,-3.517830359063748137e-04,0.000000000000000000e+00,6.227567223988999048e-03,2.647242874778679556e-05,2.647242874822787950e-05,2.647242874677483852e-05,2.647242874710557101e-05
3.944753452909193284e-03,0.000000000000000000e+00,7.900439639560113514e-05,-3.525222255563690709e-04,0.000000000000000000e+00,6.227563215863303123e-03,3.078506636541962699e-05,3.078506636582519992e-05,3.078506636476202450e-05,3.078506636510927412e-05
3.949753140428722761e-03,0.000000000000000000e+00,7.792717940664217204e-05,-3.532611699870167091e-04,0.000000000000000000e+00,6.227560859125251015e-03,3.494865722970120207e-05,3.494865723007075915e-05,3.494865723136338564e-05,3.494865723172804349e-05
3.954752827948253106e-03,0.000000000000000000e+00,7.669026942564902659e-05,-3.539998691983177828e-04,0.000000000000000000e+00,6.227561254820407344e-03,3.829458926856975387e-05,3.829458926890263104e-05,3.829458926534127085e-05,3.829458926572453631e-05
3.959752515467783451e-03,0.000000000000000000e+00,7.532528062741784347e-05,-3.547383231902721834e-04,0.000000000000000000e+00,6.227564023287741196e-03,4.029053558412056012e-05,4.029053558441567995e-05,4.029053558146423092e-05,4.029053558186758801e-05
3.964752202987312929e-03,0.000000000000000000e+00,7.387797406137663957e-05,-3.554765319628799651e-04,0.000000000000000000e+00,6.227567558815808556e-03,4.056151102653131953e-05,4.056151102678757749e-05,4.056151102589737297e-05,4.056151102632237344e-05
3.969751890506843274e-03,0.000000000000000000e+00,7.240124358866493180e-05,-3.562144955161411280e-04,0.000000000000000000e+00,6.227570081735476007e-03,3.886610155083798700e-05,3.886610155105423790e-05,3.886610155317929448e-05,3.886610155362738847e-05
3.974751578026373619e-03,0.000000000000000000e+00,7.095060322562399626e-05,-3.569522138500555637e-04,0.000000000000000000e+00,6.227570651849748638e-03,3.518707261289352907e-05,3.518707261306860062e-05,3.518707261310852636e-05,3.518707261358087259e-05
3.979751265545903097e-03,0.000000000000000000e+00,6.957841165034089350e-05,-3.576896869646235431e-04,0.000000000000000000e+00,6.227569476984736070e-03,2.981722008123709473e-05,2.981722008136974687e-05,2.981722007931248002e-05,2.981722007981026774e-05
3.984750953065433442e-03,0.000000000000000000e+00,6.833110032812794677e-05,-3.584269148598447953e-04,0.000000000000000000e+00,6.227567458137914583e-03,2.322104198125292640e-05,2.322104198134177677e-05,2.322104198300037570e-05,2.322104198352461455e-05
3.989750640584963787e-03,0.000000000000000000e+00,6.724636811888806004e-05,-3.591638975357194286e-04,0.000000000000000000e+00,6.227565390573951663e-03,1.594352288806694432e-05,1.594352288811096632e-05,1.594352288968762667e-05,1.594352289023873341e-05
3.994750328104493264e-03,0.000000000000000000e+00,6.635018112856926943e-05,-3.599006349922474974e-04,0.000000000000000000e+00,6.227563799825986887e-03,8.542653733600297493e-06,8.542653733598881254e-06,8.542653735668523252e-06,8.542653736246369128e-06
3.999750015624023609e-03,0.000000000000000000e+00,6.566155038916884532e-05,-3.606371272294288930e-04,0.000000000000000000e+00,6.227563075199118829e-03,1.523762649095404770e-06,1.523762649047982783e-06,1.523762647142729552e-06,1.523762647746897825e-06
