time_s,contact_force_N,impact_w_m,ball_travel_m,indentation_m,energy_J,S1_mean_exx_plus_eyy,S2_mean_exx_plus_eyy,S3_mean_exx_plus_eyy,S4_mean_exx_plus_eyy
0.000000000000000000e+00,0.000000000000000000e+00,0.000000000000000000e+00,0.000000000000000000e+00,0.000000000000000000e+00,6.227579619865871753e-03,0.000000000000000000e+00,0.000000000000000000e+00,0.000000000000000000e+00,0.000000000000000000e+00
4.999687519530029071e-06,9.825587052238546448e+00,1.311800107003154660e-08,8.851384808405765651e-06,8.838266807335733494e-06,6.227554206271928086e-03,-2.253080733897028175e-10,-2.253080733895559929e-10,-2.253080284719401897e-10,-2.253080284720601309e-10
9.999375039060058143e-06,2.735660050839301149e+01,1.454752969976599551e-07,1.763734317240230677e-05,1.749186787540464523e-05,6.227547070277673381e-03,-1.345436885543713611e-09,-1.345436885544295946e-09,-1.345436942548819203e-09,-1.345436942548104519e-09
1.499906255859008806e-05,4.861972437857382801e+01,5.845392462947675017e-07,2.624925336530894987e-05,2.566471411901418375e-05,6.227548332462806702e-03,1.316811211590471799e-09,1.316811211590087987e-09,1.316811281962696975e-09,1.316811281963292546e-09
1.999875007812011629e-05,7.092292012072155671e+01,1.544021096961962861e-06,3.455455194480640295e-05,3.301053084784443925e-05,6.227556639974578083e-03,2.175428030675298916e-08,2.175428030675478910e-08,2.175428023984373907e-08,2.175428023984082740e-08
2.499843759765014620e-05,9.173775919199785278e+01,3.225412679150914595e-06,4.241405229882223919e-05,3.918863961967132629e-05,6.227568920192220331e-03,8.212494685419931435e-08,8.212494685419841438e-08,8.212494690822572271e-08,8.212494690822143460e-08
2.999812511718017612e-05,1.088113422205252192e+02,5.786377365798086447e-06,4.969780405433428506e-05,4.391142668853619522e-05,6.227580783981534994e-03,1.942637768716035001e-07,1.942637768715925945e-07,1.942637768328999177e-07,1.942637768328929826e-07
3.499781263671020604e-05,1.204365444686102222e+02,9.313303881410761262e-06,5.629914006781729362e-05,4.698583618640653236e-05,6.227588238108481763e-03,3.543648803981944487e-07,3.543648803981938134e-07,3.543648804029197279e-07,3.543648804028795997e-07
3.999750015624023257e-05,1.256735035018479749e+02,1.380710131156825885e-05,6.214531355221584378e-05,4.833821224064758663e-05,6.227589259871393022e-03,5.403103208943411088e-07,5.403103208943506379e-07,5.403103208794801275e-07,5.403103208793871656e-07
4.499718767577026588e-05,1.244410881160504800e+02,1.918169724655648968e-05,6.720337206711107542e-05,4.802167482055458574e-05,6.227584474606116111e-03,7.067351613213894037e-07,7.067351613213949094e-07,7.067351612769371146e-07,7.067351612767912132e-07
4.999687519530029241e-05,1.174700970351207445e+02,2.526958999503978734e-05,7.148069153386581544e-05,4.621110153882602810e-05,6.227576646861802262e-03,8.058917629793612629e-07,8.058917629794080614e-07,8.058917631056828862e-07,8.058917631054270822e-07
5.499656271483031894e-05,1.060972595471968276e+02,3.184231466876622716e-05,7.502048284572242654e-05,4.317816817695619937e-05,6.227569239685487243e-03,8.029220274959553005e-07,8.029220274960493212e-07,8.029220272675592191e-07,8.029220272671573019e-07
5.999625023436035224e-05,9.197084642627403639e+01,3.863853362079303869e-05,7.789352547437651672e-05,3.925499185358347803e-05,6.227564732894297871e-03,6.782973950279532576e-07,6.782973950281099587e-07,6.782973952222287344e-07,6.782973952216963742e-07
6.499593775389037877e-05,7.674100287230481854e+01,4.539592041757862178e-05,8.018794884871456152e-05,3.479202843113593974e-05,6.227563798675368224e-03,4.267543243021542233e-07,4.267543243024388264e-07,4.267543242358942240e-07,4.267543242351877985e-07
6.999562527342041208e-05,6.183219172336522718e+01,5.187320484526550214e-05,8.199895453180400446e-05,3.012574968653850232e-05,6.227565470864570435e-03,8.212424977162563201e-08,8.212424977209404123e-08,8.212424973713699150e-08,8.212424973624760690e-08
7.499531279295044539e-05,4.830191356760131782e+01,5.786716507858469949e-05,8.341991591928724125e-05,2.555275084070254176e-05,6.227568052514019341e-03,-2.783436714940989534e-07,-2.783436714934170919e-07,-2.783436714864892094e-07,-2.783436714875124252e-07
7.999500031248046514e-05,3.678557958291756336e+01,6.322592224941432052e-05,8.453574503023009851e-05,2.130982278081577799e-05,6.227570180299222581e-03,-5.587518702420927674e-07,-5.587518702411017389e-07,-5.587518701003960138e-07,-5.587518701015386613e-07
8.499468783201049845e-05,2.753011209829558226e+01,6.785311769589091814e-05,8.541887005558195737e-05,1.756575235969103923e-05,6.227571368065887118e-03,-6.690266703532570428e-07,-6.690266703518679087e-07,-6.690266705595366705e-07,-6.690266705607826559e-07
8.999437535154053175e-05,2.047564851513547168e+01,7.170803684129082656e-05,8.612763684076123443e-05,1.441959999947040787e-05,6.227571782825213828e-03,-5.656138913254527429e-07,-5.656138913235850353e-07,-5.656138912883958985e-07,-5.656138912896715301e-07
9.499406287107055151e-05,1.536291627648754776e+01,7.480031753020979660e-05,8.670662824022307461e-05,1.190631071001327802e-05,6.227571772858913474e-03,-2.710655035551264914e-07,-2.710655035527099064e-07,-2.710655034320500631e-07,-2.710655034333333180e-07
9.999375039060058481e-05,1.183087520764189549e+01,7.718503799194245110e-05,8.718824719571437068e-05,1.000320920377191958e-05,6.227571516262683099e-03,1.286269168005379760e-07,1.286269168035883534e-07,1.286269167078304317e-07,1.286269167065774582e-07
1.049934379101306181e-04,9.507015630166538500e+00,7.894876352435362251e-05,8.759494289961560615e-05,8.646179375261983636e-06,6.227570932793359028e-03,5.293965449005810195e-07,5.293965449043467162e-07,5.293965447357875832e-07,5.293965447345479505e-07
1.099931254296606379e-04,8.064242532689611664e+00,8.019386901243984428e-05,8.794152787068584636e-05,7.747658858246002085e-06,6.227569961449870746e-03,8.368171020228272941e-07,8.368171020274021190e-07,8.368171023545711360e-07,8.368171023533022807e-07
1.149928129491906712e-04,7.239109555697598175e+00,8.102751302172232111e-05,8.823722976019145214e-05,7.209716738469131025e-06,6.227568818754517475e-03,9.793178781048304278e-07,9.793178781102836259e-07,9.793178778279506040e-07,9.793178778265936572e-07
1.199925004687207045e-04,6.828238917751423998e+00,8.155308589857877388e-05,8.848735313933557198e-05,6.934267240756798105e-06,6.227567944010034898e-03,9.114696668258219199e-07,9.114696668322068543e-07,9.114696668563591518e-07,9.114696668548277162e-07
1.249921879882507378e-04,6.675332959047141301e+00,8.186421156306264251e-05,8.869456837022283633e-05,6.830356807160193819e-06,6.227567728330682048e-03,6.240723542285582536e-07,6.240723542359206640e-07,6.240723542878979938e-07,6.240723542860480738e-07
1.299918755077807575e-04,6.664299688653108511e+00,8.203707081152153706e-05,8.885989921030751674e-05,6.822828398785979681e-06,6.227568290868283618e-03,1.633908603640415048e-07,1.633908603724948936e-07,1.633908603280290520e-07,1.633908603256776886e-07
1.349915630273107773e-04,6.708978276319237821e+00,8.213017160786194174e-05,8.898346029522928493e-05,6.853288687367343189e-06,6.227569320749825645e-03,-3.840642926857128930e-07,-3.840642926760363886e-07,-3.840642928729275031e-07,-3.840642928759598811e-07
1.399912505468408242e-04,6.750573788137172571e+00,8.218341457164290683e-05,8.906500089047888178e-05,6.881586318835974958e-06,6.227570253558465004e-03,-9.078078081453368415e-07,-9.078078081344067283e-07,-9.078078080313939694e-07,-9.078078080353784124e-07
1.449909380663708439e-04,6.755773837545123506e+00,8.221915634984918483e-05,8.910427619510237170e-05,6.885119845253186870e-06,6.227570612980885649e-03,-1.296227835643434009e-06,-1.296227835631002953e-06,-1.296227835592019109e-06,-1.296227835597179234e-06
1.499906255859008908e-04,6.710073300407168873e+00,8.224722638794846783e-05,8.910126077376694608e-05,6.854034385818478245e-06,6.227570234635521063e-03,-1.463071062052844558e-06,-1.463071062038793975e-06,-1.463071062207790601e-06,-1.463071062214346636e-06
1.549903131054309105e-04,6.606875031519971131e+00,8.227266749559196293e-05,8.905624561674865586e-05,6.783578121156692928e-06,6.227569275885001983e-03,-1.371776323286496104e-06,-1.371776323270636259e-06,-1.371776323004786499e-06,-1.371776323013046764e-06
1.599900006249609303e-04,6.436893335258194071e+00,8.230316448614479873e-05,8.896988595554810913e-05,6.666721469403310402e-06,6.227568156716934734e-03,-1.026625011370566574e-06,-1.026625011352663686e-06,-1.026625011479539057e-06,-1.026625011489693288e-06
1.649896881444909771e-04,6.190566973776026494e+00,8.234772075338108051e-05,8.884325764345155248e-05,6.495536890070471967e-06,6.227567356205779107e-03,-4.538363950122775226e-07,-4.538363949920978097e-07,-4.538363949626989901e-07,-4.538363949751469863e-07
1.699893756640209969e-04,5.858300581181047129e+00,8.241693456855312555e-05,8.867791774193658214e-05,6.260983173383456593e-06,6.227567251660640069e-03,2.719153833604721253e-07,2.719153833829794848e-07,2.719153834994668438e-07,2.719153834846302147e-07
1.749890631835510166e-04,5.433360515004315161e+00,8.252152964681940895e-05,8.847596316751141427e-05,5.954433520692005324e-06,6.227568027633764366e-03,1.038597286058647924e-06,1.038597286083699770e-06,1.038597286088016250e-06,1.038597286070533490e-06
1.799887507030810635e-04,4.914564070172177779e+00,8.267097503915739809e-05,8.824007188313793301e-05,5.569096843980534924e-06,6.227569538194198048e-03,1.726030933434182684e-06,1.726030933461792570e-06,1.726030933324851059e-06,1.726030933304562926e-06
1.849884382226110833e-04,4.310522489455172135e+00,8.287063554117461662e-05,8.797350798962751486e-05,5.102872448452898239e-06,6.227571231158396566e-03,2.234119371455456807e-06,2.234119371485548500e-06,2.234119371723405516e-06,2.234119371700239164e-06
1.899881257421411030e-04,3.641409241932281216e+00,8.311996568477884764e-05,8.768006634436132057e-05,4.560100659582472932e-06,6.227572341269727550e-03,2.483104515458734794e-06,2.483104515491198178e-06,2.483104515328557688e-06,2.483104515302397922e-06
1.949878132616711499e-04,2.935947995099208896e+00,8.341367554626628834e-05,8.736394761824009937e-05,3.950272071973811032e-06,6.227572245716963065e-03,2.435874234164962386e-06,2.435874234199608575e-06,2.435874234217384408e-06,2.435874234188209205e-06
1.999875007812011696e-04,2.233276590199243739e+00,8.373785396464863019e-05,8.702957567366925295e-05,3.291721709020622760e-06,6.227570804189515308e-03,2.101816690863590873e-06,2.101816690900126793e-06,2.101816690939468932e-06,2.101816690907312173e-06
2.049871883007311894e-04,1.577789955088086948e+00,8.407022966742494323e-05,8.668135405182579968e-05,2.611124384400856455e-06,6.227568540902677849e-03,1.501980164540455956e-06,1.501980164578527122e-06,1.501980164762846997e-06,1.501980164727852678e-06
2.099868758202612362e-04,1.010646023215826972e+00,8.438312661770232042e-05,8.632339057814265686e-05,1.940263960440336433e-06,6.227566403790190872e-03,6.650433350447254099e-07,6.650433350839430354e-07,6.650433346158057131e-07,6.650433345779890802e-07
2.149865633397912560e-04,5.597667223231480582e-01,8.465066610516283293e-05,8.595924372046578725e-05,1.308577615302954317e-06,6.227565257620183876e-03,-3.653160103014869485e-07,-3.653160102615237222e-07,-3.653160098263395815e-07,-3.653160098667697347e-07
2.199862508593212757e-04,2.374991923634780233e-01,8.485287522920653984e-05,8.559174777082394052e-05,7.388725416174006782e-07,6.227565501546087658e-03,-1.516634173330731842e-06,-1.516634173290427473e-06,-1.516634173440551781e-06,-1.516634173483396825e-06
2.249859383788513226e-04,4.555515194414332114e-02,8.497718659502160265e-05,8.522293258261847467e-05,2.457459875968720248e-07,6.227566999957066286e-03,-2.705449439270112295e-06,-2.705449439229793950e-06,-2.705449439167796644e-06,-2.705449439212951547e-06
2.299856258983813424e-04,0.000000000000000000e+00,8.502185837770730387e-05,8.485399824822302442e-05,0.000000000000000000e+00,6.227569208656019185e-03,-3.832162644627891906e-06,-3.832162644587800989e-06,-3.832162644623726198e-06,-3.832162644671032988e-06
2.349853134179113892e-04,0.000000000000000000e+00,8.499458057690365714e-05,8.448529886047788449e-05,0.000000000000000000e+00,6.227571461691906382e-03,-4.784552954170654395e-06,-4.784552954131000548e-06,-4.784552953890232280e-06,-4.784552953939545691e-06
2.399850009374414090e-04,0.000000000000000000e+00,8.491064432173837722e-05,8.411684469207937696e-05,0.000000000000000000e+00,6.227573184807545272e-03,-5.455694015461474684e-06,-5.455694015422526415e-06,-5.455694015786611669e-06,-5.455694015837816505e-06
2.449846884569714558e-04,0.000000000000000000e+00,8.478969712787137085e-05,8.374863574302748826e-05,0.000000000000000000e+00,6.227573950115920104e-03,-5.758581259695081278e-06,-5.758581259656991901e-06,-5.758581259572361451e-06,-5.758581259625221389e-06
2.499843759765014756e-04,0.000000000000000000e+00,8.465654202311020287e-05,8.338067201332223196e-05,0.000000000000000000e+00,6.227573581426058477e-03,-5.622889499159554864e-06,-5.622889499122351483e-06,-5.622889499138060556e-06,-5.622889499192441765e-06
2.549840634960314953e-04,0.000000000000000000e+00,8.453848000405115096e-05,8.301295350296359450e-05,0.000000000000000000e+00,6.227572253060251369e-03,-4.975965782127184591e-06,-4.975965782090850266e-06,-4.975965782125703978e-06,-4.975965782181511590e-06
2.599837510155615151e-04,0.000000000000000000e+00,8.445897784217578524e-05,8.264548021195157587e-05,0.000000000000000000e+00,6.227570389247664463e-03,-3.772263810566716798e-06,-3.772263810531095675e-06,-3.772263810739281126e-06,-3.772263810796484649e-06
2.649834385350915348e-04,0.000000000000000000e+00,8.443460789164844817e-05,8.227825214028618964e-05,0.000000000000000000e+00,6.227568474212348375e-03,-2.011560017104015279e-06,-2.011560017068899834e-06,-2.011560016762913417e-06,-2.011560016821463722e-06
2.699831260546215546e-04,0.000000000000000000e+00,8.447284414822969756e-05,8.191126928796742224e-05,0.000000000000000000e+00,6.227566871218712975e-03,2.662693666019756659e-07,2.662693666370487592e-07,2.662693666095481405e-07,2.662693665495172214e-07
2.749828135741516286e-04,0.000000000000000000e+00,8.457358047321140006e-05,8.154453165499527369e-05,0.000000000000000000e+00,6.227565736728319853e-03,2.987100492732668086e-06,2.987100492768273963e-06,2.987100493095409945e-06,2.987100493033679878e-06
2.799825010936816483e-04,0.000000000000000000e+00,8.472839126722141428e-05,8.117803924136975753e-05,0.000000000000000000e+00,6.227565096057176112e-03,6.028588666744168781e-06,6.028588666780896130e-06,6.028588666856039811e-06,6.028588666792340392e-06
2.849821886132116681e-04,0.000000000000000000e+00,8.492387574813263507e-05,8.081179204709087376e-05,0.000000000000000000e+00,6.227564996072970302e-03,9.221752412112034627e-06,9.221752412150811796e-06,9.221752412382583727e-06,9.221752412316555815e-06
2.899818761327416878e-04,0.000000000000000000e+00,8.514389620036417203e-05,8.044579007215859527e-05,0.000000000000000000e+00,6.227565519602859014e-03,1.236819087107267123e-05,1.236819087111442826e-05,1.236819087112584796e-05,1.236819087105701129e-05
2.949815636522717076e-04,0.000000000000000000e+00,8.536879380268341594e-05,8.008003331657294918e-05,0.000000000000000000e+00,6.227566675770773892e-03,1.520205038659301446e-05,1.520205038663874407e-05,1.520205038655323779e-05,1.520205038648121288e-05
2.999812511718017815e-04,0.000000000000000000e+00,8.557619115631012285e-05,7.971452178033392193e-05,0.000000000000000000e+00,6.227568326441974313e-03,1.739084280253329665e-05,1.739084280258395261e-05,1.739084280262820500e-05,1.739084280255256834e-05
3.049809386913318013e-04,0.000000000000000000e+00,8.574275269803230013e-05,7.934925546344152706e-05,0.000000000000000000e+00,6.227570143917238350e-03,1.858192314015551144e-05,1.858192314021206275e-05,1.858192314005907504e-05,1.858192313997949460e-05
3.099806262108618211e-04,0.000000000000000000e+00,8.584953193602648763e-05,7.898423436589573749e-05,0.000000000000000000e+00,6.227571687735566734e-03,1.846199478908205384e-05,1.846199478914527299e-05,1.846199478899145519e-05,1.846199478890775818e-05
3.149803137303918408e-04,0.000000000000000000e+00,8.588203764888711596e-05,7.861945848769658031e-05,0.000000000000000000e+00,6.227572570476153958e-03,1.677783426311285189e-05,1.677783426318331486e-05,1.677783426271910354e-05,1.677783426263120524e-05
3.199800012499218606e-04,0.000000000000000000e+00,8.583157879766397053e-05,7.825492782884405551e-05,0.000000000000000000e+00,6.227572586404364098e-03,1.338215344821144152e-05,1.338215344828969382e-05,1.338215344838141054e-05,1.338215344828925336e-05
3.249796887694518803e-04,0.000000000000000000e+00,8.569640527351417097e-05,7.789064238933813601e-05,0.000000000000000000e+00,6.227571737350267971e-03,8.289769728457325060e-06,8.289769728543580120e-06,8.289769728489935829e-06,8.289769728393601078e-06
3.299793762889819543e-04,0.000000000000000000e+00,8.548242498429312422e-05,7.752660216917884890e-05,0.000000000000000000e+00,6.227570288752382228e-03,1.693504059502544195e-06,1.693504059596768140e-06,1.693504059732733869e-06,1.693504059632438392e-06
3.349790638085119740e-04,0.000000000000000000e+00,8.520409207541960127e-05,7.716280716836619417e-05,0.000000000000000000e+00,6.227568743549593590e-03,-6.027646585258555542e-06,-6.027646585156552447e-06,-6.027646584917567183e-06,-6.027646585021494737e-06
3.399787513280419938e-04,0.000000000000000000e+00,8.488392043634698000e-05,7.679925738690015829e-05,0.000000000000000000e+00,6.227567709788242763e-03,-1.431960877488883989e-05,-1.431960877477943034e-05,-1.431960877411807040e-05,-1.431960877422531155e-05
3.449784388475720135e-04,0.000000000000000000e+00,8.455456411190154979e-05,7.643595282478074125e-05,0.000000000000000000e+00,6.227567702984141210e-03,-2.249377110537404149e-05,-2.249377110525784890e-05,-2.249377110480963295e-05,-2.249377110491982516e-05
3.499781263671020333e-04,0.000000000000000000e+00,8.425459299398035929e-05,7.607289348200794304e-05,0.000000000000000000e+00,6.227568933222004180e-03,-2.982109338791544745e-05,-2.982109338779317316e-05,-2.982109338710099477e-05,-2.982109338721383989e-05
3.549778138866320530e-04,0.000000000000000000e+00,8.402285853779762009e-05,7.571007935858177723e-05,0.000000000000000000e+00,6.227571103888567342e-03,-3.561599840962080364e-05,-3.561599840949329469e-05,-3.561599840908253115e-05,-3.561599840919763953e-05
3.599775014061621270e-04,0.000000000000000000e+00,8.389205547296917044e-05,7.534751045450224381e-05,0.000000000000000000e+00,6.227573456023622646e-03,-3.929291702665434232e-05,-3.929291702652235426e-05,-3.929291702593980566e-05,-3.929291702605696048e-05
3.649771889256921468e-04,0.000000000000000000e+00,8.388477575299264422e-05,7.498518676976931568e-05,0.000000000000000000e+00,6.227575029680903519e-03,-4.042099111792215167e-05,-4.042099111778661962e-05,-4.042099111836315768e-05,-4.042099111848211499e-05
3.699768764452221665e-04,0.000000000000000000e+00,8.401113656448607099e-05,7.462310830438301994e-05,0.000000000000000000e+00,6.227575036349233470e-03,-3.878263736112065032e-05,-3.878263736098231968e-05,-3.878263736120588217e-05,-3.878263736132633703e-05
3.749765639647521863e-04,0.000000000000000000e+00,8.426531513848774095e-05,7.426127505834335658e-05,0.000000000000000000e+00,6.227573248898782797e-03,-3.441729212226882451e-05,-3.441729212212848809e-05,-3.441729212268739431e-05,-3.441729212280931284e-05
3.799762514842822060e-04,0.000000000000000000e+00,8.462726274533113587e-05,7.389968703165029852e-05,0.000000000000000000e+00,6.227570190759222635e-03,-2.761154692818594471e-05,-2.761154692804422594e-05,-2.761154692840783346e-05,-2.761154692853114113e-05
3.849759390038122800e-04,0.000000000000000000e+00,8.506376767795668036e-05,7.353834422430387285e-05,0.000000000000000000e+00,6.227566904485103486e-03,-1.888442469782609186e-05,-1.888442469768352944e-05,-1.888442469886142362e-05,-1.888442469898610348e-05
3.899756265233422997e-04,0.000000000000000000e+00,8.553187458459223891e-05,7.317724663630407957e-05,0.000000000000000000e+00,6.227564464825145925e-03,-8.950169468966855156e-06,-8.950169468823933593e-06,-8.950169469004412597e-06,-8.950169469130471429e-06
3.949753140428723195e-04,0.000000000000000000e+00,8.598261649248251570e-05,7.281639426765090513e-05,0.000000000000000000e+00,6.227563535926438840e-03,1.368296263977189923e-06,1.368296264120201695e-06,1.368296263973528199e-06,1.368296263846009930e-06
3.999750015624023393e-04,0.000000000000000000e+00,8.636815368382252814e-05,7.245578711834433597e-05,0.000000000000000000e+00,6.227564153174189147e-03,1.124085424740588122e-05,1.124085424754879092e-05,1.124085424740997239e-05,1.124085424728096419e-05
4.049746890819323590e-04,0.000000000000000000e+00,8.664958972473787752e-05,7.209542518838439921e-05,0.000000000000000000e+00,6.227565852418718087e-03,1.990513166134997092e-05,1.990513166149258755e-05,1.990513166168497922e-05,1.990513166155446500e-05
4.099743766014623788e-04,0.000000000000000000e+00,8.679932570834026978e-05,7.173530847777109484e-05,0.000000000000000000e+00,6.227567972775960303e-03,2.672888875477972737e-05,2.672888875492210006e-05,2.672888875581975847e-05,2.672888875568769926e-05
4.149740641209924527e-04,0.000000000000000000e+00,8.680279478020051494e-05,7.137543698650440931e-05,0.000000000000000000e+00,6.227569895905628837e-03,3.129502396710104724e-05,3.129502396724339621e-05,3.129502396749070272e-05,3.129502396735696639e-05
4.199737516405224725e-04,0.000000000000000000e+00,8.665695661965013084e-05,7.101581071458434261e-05,0.000000000000000000e+00,6.227571165532882862e-03,3.343385883521526923e-05,3.343385883535773340e-05,3.343385883575338588e-05,3.343385883561806389e-05
4.249734391600524922e-04,0.000000000000000000e+00,8.636998974722192343e-05,7.065642966201090831e-05,0.000000000000000000e+00,6.227571587773872430e-03,3.322282969990642356e-05,3.322282970004930108e-05,3.322282970069457078e-05,3.322282970055775802e-05
4.299731266795825120e-04,0.000000000000000000e+00,8.595841075361862428e-05,7.029729382878409285e-05,0.000000000000000000e+00,6.227571199151513311e-03,3.097405161849622586e-05,3.097405161863993009e-05,3.097405161937423989e-05,3.097405161923593635e-05
4.349728141991125317e-04,0.000000000000000000e+00,8.544549323133769604e-05,6.993840321490389623e-05,0.000000000000000000e+00,6.227570168826429380e-03,2.719665010021072977e-05,2.719665010035561645e-05,2.719665010032318525e-05,2.719665010018358067e-05
4.399725017186425515e-04,0.000000000000000000e+00,8.486145213564985580e-05,6.957975782037033200e-05,0.000000000000000000e+00,6.227568683341554515e-03,2.250301394948450289e-05,2.250301394963102604e-05,2.250301394970410465e-05,2.250301394956336843e-05
4.449721892381726255e-04,0.000000000000000000e+00,8.424075919690486634e-05,6.922135764518338660e-05,0.000000000000000000e+00,6.227566884212125745e-03,1.749566330230875719e-05,1.749566330245737420e-05,1.749566330236993329e-05,1.749566330222823823e-05
4.499718767577026452e-04,0.000000000000000000e+00,8.361980290343896580e-05,6.886320268934307360e-05,0.000000000000000000e+00,6.227564907088513346e-03,1.268269438474125684e-05,1.268269438489249118e-05,1.268269438484260941e-05,1.268269438470011475e-05
4.549715642772326650e-04,0.000000000000000000e+00,8.303351173052202769e-05,6.850529295284936589e-05,0.000000000000000000e+00,6.227563065006661708e-03,8.416725459333707635e-06,8.416725459487979440e-06,8.416725459356875680e-06,8.416725459213801651e-06
4.599712517967626847e-04,0.000000000000000000e+00,8.251620563693080369e-05,6.814762843570229057e-05,0.000000000000000000e+00,6.227561913348186526e-03,4.872659489979365603e-06,4.872659490137122949e-06,4.872659489867230300e-06,4.872659489723768329e-06
4.649709393162927045e-04,0.000000000000000000e+00,8.210016826496922219e-05,6.779020913790184764e-05,0.000000000000000000e+00,6.227562076860337394e-03,2.060943507905710725e-06,2.060943508067280565e-06,2.060943508453994304e-06,2.060943508310401891e-06
4.699706268358227784e-04,0.000000000000000000e+00,8.181297351061745131e-05,6.743303505944802355e-05,0.000000000000000000e+00,6.227563930734174823e-03,-1.254141824419060741e-07,-1.254141822762391351e-07,-1.254141820979022773e-07,-1.254141822413532361e-07
4.749703143553527982e-04,0.000000000000000000e+00,8.167573145335214478e-05,6.707610620034081829e-05,0.000000000000000000e+00,6.227567334694036200e-03,-1.838572372677788783e-06,-1.838572372507883291e-06,-1.838572372373448998e-06,-1.838572372516361244e-06
4.799700018748828179e-04,0.000000000000000000e+00,8.170051922323488965e-05,6.671942256058024543e-05,0.000000000000000000e+00,6.227571583525025496e-03,-3.217682851982682167e-06,-3.217682851808608426e-06,-3.217682851302753997e-06,-3.217682851444661662e-06
4.849696893944128377e-04,0.000000000000000000e+00,8.188942769004334873e-05,6.636298414016629141e-05,0.000000000000000000e+00,6.227575659687735812e-03,-4.331980602198824814e-06,-4.331980602020707338e-06,-4.331980601202044912e-06,-4.331980601342479587e-06
4.899693769139429117e-04,0.000000000000000000e+00,8.223281402313659799e-05,6.600679093909894268e-05,0.000000000000000000e+00,6.227578623316545187e-03,-5.146902520443899944e-06,-5.146902520261934397e-06,-5.146902520640075316e-06,-5.146902520778546568e-06
4.949690644334729314e-04,0.000000000000000000e+00,8.271328917039195603e-05,6.565084295737823989e-05,0.000000000000000000e+00,6.227579859769689918e-03,-5.526676855885671587e-06,-5.526676855700057869e-06,-5.526676856225790890e-06,-5.526676856361813370e-06
4.999687519530029512e-04,0.000000000000000000e+00,8.330929844856243822e-05,6.529514019500415594e-05,0.000000000000000000e+00,6.227579182073975268e-03,-5.300186373084957511e-06,-5.300186372895857406e-06,-5.300186372867866355e-06,-5.300186373001102096e-06
5.049684394725329709e-04,0.000000000000000000e+00,8.399717311713290880e-05,6.493968265197669083e-05,0.000000000000000000e+00,6.227576819764555141e-03,-4.318935941064439825e-06,-4.318935940872030362e-06,-4.318935941382775135e-06,-4.318935941512997133e-06
5.099681269920629907e-04,0.000000000000000000e+00,8.475236380999512788e-05,6.458447032829584455e-05,0.000000000000000000e+00,6.227573353737706797e-03,-2.486044396723301872e-06,-2.486044396527552558e-06,-2.486044397656406919e-06,-2.486044397783584681e-06
5.149678145115930104e-04,0.000000000000000000e+00,8.554996155255901492e-05,6.422950322396163067e-05,0.000000000000000000e+00,6.227569610619067969e-03,2.064984866093676419e-07,2.064984868085457454e-07,2.064984865325536121e-07,2.064984864083819701e-07
5.199675020311230302e-04,0.000000000000000000e+00,8.636652841487859136e-05,6.387478133897403563e-05,0.000000000000000000e+00,6.227566514734150620e-03,3.659219965206121178e-06,3.659219965408858514e-06,3.659219965079504999e-06,3.659219964958203104e-06
5.249671895506530499e-04,0.000000000000000000e+00,8.717814403034220255e-05,6.352030467333307298e-05,0.000000000000000000e+00,6.227564778961746338e-03,7.670090530564914865e-06,7.670090530771316465e-06,7.670090530383173781e-06,7.670090530264462114e-06
5.299668770701830697e-04,0.000000000000000000e+00,8.796101820920705779e-05,6.316607322703872917e-05,0.000000000000000000e+00,6.227564624362641986e-03,1.196358357457604681e-05,1.196358357478624312e-05,1.196358357474999011e-05,1.196358357463380429e-05
5.349665645897130895e-04,0.000000000000000000e+00,8.869164835697564662e-05,6.281208700009100420e-05,0.000000000000000000e+00,6.227565706388034882e-03,1.620232473971628317e-05,1.620232473993023014e-05,1.620232474069271565e-05,1.620232474057904044e-05
5.399662521092431092e-04,0.000000000000000000e+00,8.934669727573158740e-05,6.245834599248991162e-05,0.000000000000000000e+00,6.227567291507181066e-03,2.002695123429915487e-05,2.002695123451678135e-05,2.002695123496607473e-05,2.002695123485490335e-05
5.449659396287732374e-04,0.000000000000000000e+00,8.990213082741524723e-05,6.210485020423542433e-05,0.000000000000000000e+00,6.227568587742036629e-03,2.311012707100332426e-05,2.311012707122447101e-05,2.311012707158472768e-05,2.311012707147613805e-05
5.499656271483032571e-04,0.000000000000000000e+00,9.033335804446196210e-05,6.175159963532758298e-05,0.000000000000000000e+00,6.227569110811794276e-03,2.519881637820781101e-05,2.519881637843219343e-05,2.519881637921069124e-05,2.519881637910490022e-05
5.549653146678332769e-04,0.000000000000000000e+00,9.061969313746221562e-05,6.139859428576636047e-05,0.000000000000000000e+00,6.227568847322052098e-03,2.613862431383908981e-05,2.613862431406637925e-05,2.613862431503087195e-05,2.613862431492808958e-05
5.599650021873632966e-04,0.000000000000000000e+00,9.074603222095744398e-05,6.104583415555175680e-05,0.000000000000000000e+00,6.227568192332054095e-03,2.587653285677494038e-05,2.587653285700473364e-05,2.587653285796686481e-05,2.587653285786730795e-05
5.649646897068933164e-04,0.000000000000000000e+00,9.070511288525251665e-05,6.069331924468377874e-05,0.000000000000000000e+00,6.227567764959370845e-03,2.447382192257239596e-05,2.447382192280437457e-05,2.447382192289125643e-05,2.447382192279499283e-05
5.699643772264233361e-04,0.000000000000000000e+00,9.049804821100600161e-05,6.034104955316241952e-05,0.000000000000000000e+00,6.227568111204366194e-03,2.209338968921690339e-05,2.209338968945064383e-05,2.209338968987753488e-05,2.209338968978465264e-05
5.749640647459533559e-04,0.000000000000000000e+00,9.013482687966791460e-05,5.998902508098768592e-05,0.000000000000000000e+00,6.227569401987395267e-03,1.897428943598128732e-05,1.897428943621651176e-05,1.897428943641348757e-05,1.897428943632383761e-05
5.799637522654833757e-04,0.000000000000000000e+00,8.963281229204682929e-05,5.963724582815957794e-05,0.000000000000000000e+00,6.227571350171338428e-03,1.540763377689530387e-05,1.540763377713150070e-05,1.540763377691195993e-05,1.540763377682542365e-05
5.849634397850133954e-04,0.000000000000000000e+00,8.901394291889127858e-05,5.928571179467808879e-05,0.000000000000000000e+00,6.227573351529540856e-03,1.172539341769853849e-05,1.172539341793534857e-05,1.172539341719916174e-05,1.172539341711548505e-05
5.899631273045434152e-04,0.000000000000000000e+00,8.830517620215593640e-05,5.893442298054322526e-05,0.000000000000000000e+00,6.227574730732586897e-03,8.260514657729486012e-06,8.260514657966416374e-06,8.260514657896847864e-06,8.260514657815820692e-06
5.949628148240734349e-04,0.000000000000000000e+00,8.753648210321638085e-05,5.858337938575498735e-05,0.000000000000000000e+00,6.227575015987859425e-03,5.270202213562875671e-06,5.270202213799383364e-06,5.270202213043754589e-06,5.270202212965060993e-06
5.999625023436035631e-04,0.000000000000000000e+00,8.673887221226853756e-05,5.823258101031337505e-05,0.000000000000000000e+00,6.227574096108775062e-03,2.918163011793813063e-06,2.918163012029510145e-06,2.918163011143210444e-06,2.918163011066396415e-06
6.049621898631335828e-04,0.000000000000000000e+00,8.594037974116571161e-05,5.788202785421838159e-05,0.000000000000000000e+00,6.227572213534961210e-03,1.272192065322185696e-06,1.272192065556588511e-06,1.272192064946111537e-06,1.272192064870739157e-06
6.099618773826636026e-04,0.000000000000000000e+00,8.516460251418262947e-05,5.753171991747000697e-05,0.000000000000000000e+00,6.227569861974418565e-03,3.102801000336640955e-07,3.102801002663338817e-07,3.102801006964182488e-07,3.102801006219318655e-07
6.149615649021936224e-04,0.000000000000000000e+00,8.442998540876522071e-05,5.718165720006826474e-05,0.000000000000000000e+00,6.227567604880644529e-03,-7.303076292827565994e-08,-7.303076269771667983e-08,-7.303076338556672531e-08,-7.303076345981424533e-08
6.199612524217236421e-04,0.000000000000000000e+00,8.374820399198153534e-05,5.683183970201314135e-05,0.000000000000000000e+00,6.227565813999491086e-03,-2.460334968070269619e-08,-2.460334945244425757e-08,-2.460334946691073327e-08,-2.460334954165122647e-08
6.249609399412536619e-04,0.000000000000000000e+00,8.312486269481158261e-05,5.648226742330464357e-05,0.000000000000000000e+00,6.227564569538319821e-03,2.747169129427574468e-07,2.747169131685391611e-07,2.747169131866250086e-07,2.747169131105258746e-07
6.299606274607836816e-04,0.000000000000000000e+00,8.255902055647948564e-05,5.613294036394277141e-05,0.000000000000000000e+00,6.227563789008658951e-03,6.061191458874723111e-07,6.061191461107959358e-07,6.061191469576459240e-07,6.061191468792987645e-07
6.349603149803137014e-04,0.000000000000000000e+00,8.204377361731856222e-05,5.578385852392751809e-05,0.000000000000000000e+00,6.227563448845814878e-03,7.662601570753316900e-07,7.662601572963598554e-07,7.662601570459684459e-07,7.662601569643110816e-07
6.399600024998437211e-04,0.000000000000000000e+00,8.156439478119388077e-05,5.543502190325889039e-05,0.000000000000000000e+00,6.227563697853997007e-03,6.280745211858730957e-07,6.280745214047752083e-07,6.280745218367620114e-07,6.280745217508593181e-07
6.449596900193737409e-04,0.000000000000000000e+00,8.109938005847606816e-05,5.508643050193688152e-05,0.000000000000000000e+00,6.227564778594706606e-03,1.677948030323763535e-07,1.677948032492794685e-07,1.677948034314999723e-07,1.677948033406353599e-07
6.499593775389037606e-04,0.000000000000000000e+00,8.062393116916094699e-05,5.473808431996149827e-05,0.000000000000000000e+00,6.227566753476901883e-03,-5.645423721798659904e-07,-5.645423719647247040e-07,-5.645423718714562121e-07,-5.645423719679840867e-07
6.549590650584338888e-04,0.000000000000000000e+00,8.011307147473857300e-05,5.438998335733274741e-05,0.000000000000000000e+00,6.227569348688191675e-03,-1.469511105439361091e-06,-1.469511105225847802e-06,-1.469511105905027618e-06,-1.469511106007720199e-06
6.599587525779639086e-04,0.000000000000000000e+00,7.954547575938236844e-05,5.404212761405060862e-05,0.000000000000000000e+00,6.227572033261575581e-03,-2.439016256397766205e-06,-2.439016256185758941e-06,-2.439016256085610847e-06,-2.439016256194725631e-06
6.649584400974939283e-04,0.000000000000000000e+00,7.890572192761313958e-05,5.369451709011509544e-05,0.000000000000000000e+00,6.227574212648383754e-03,-3.400283785634214460e-06,-3.400283785423660705e-06,-3.400283785659323905e-06,-3.400283785774942208e-06
6.699581276170239481e-04,0.000000000000000000e+00,7.818828765922959765e-05,5.334715178552621465e-05,0.000000000000000000e+00,6.227575392508171749e-03,-4.343969958610001696e-06,-4.343969958400882813e-06,-4.343969958981261319e-06,-4.343969959103356036e-06
6.749578151365539678e-04,0.000000000000000000e+00,7.739842486426018096e-05,5.300003170028394592e-05,0.000000000000000000e+00,6.227575293963672799e-03,-5.334983757051523328e-06,-5.334983756843968069e-06,-5.334983757759680141e-06,-5.334983757887895518e-06
6.799575026560839876e-04,0.000000000000000000e+00,7.655330444846487566e-05,5.265315683438830959e-05,0.000000000000000000e+00,6.227573872680966689e-03,-6.508524711187222220e-06,-6.508524710981452506e-06,-6.508524710794332763e-06,-6.508524710928133476e-06
6.849571901756140073e-04,0.000000000000000000e+00,7.568322866067114069e-05,5.230652718783929209e-05,0.000000000000000000e+00,6.227571329298181059e-03,-8.079635408838641621e-06,-8.079635408634889540e-06,-8.079635408842409224e-06,-8.079635408981231148e-06
6.899568776951440271e-04,0.000000000000000000e+00,7.483093751299089145e-05,5.196014276063690021e-05,0.000000000000000000e+00,6.227568166689251977e-03,-1.029388103171587936e-05,-1.029388103151460739e-05,-1.029388103165416454e-05,-1.029388103179717758e-05
6.949565652146740468e-04,0.000000000000000000e+00,7.404883832486313462e-05,5.161400355278113395e-05,0.000000000000000000e+00,6.227565128546970821e-03,-1.334113470859888973e-05,-1.334113470840056205e-05,-1.334113470852888754e-05,-1.334113470867523112e-05
6.999562527342040666e-04,0.000000000000000000e+00,7.339238932923934384e-05,5.126810956427197975e-05,0.000000000000000000e+00,6.227562978881021234e-03,-1.728986450875679752e-05,-1.728986450856217306e-05,-1.728986450809185971e-05,-1.728986450824043268e-05
7.049559402537340863e-04,0.000000000000000000e+00,7.291581470138263927e-05,5.092246079510945794e-05,0.000000000000000000e+00,6.227562239056925152e-03,-2.207995196804483915e-05,-2.207995196785471413e-05,-2.207995196743491782e-05,-2.207995196758448690e-05
7.099556277732641061e-04,0.000000000000000000e+00,7.266688128819469511e-05,5.057705724529356175e-05,0.000000000000000000e+00,6.227563017279788039e-03,-2.753682142421156695e-05,-2.753682142402689683e-05,-2.753682142402736778e-05,-2.753682142417668613e-05
7.149553152927942343e-04,0.000000000000000000e+00,7.268252342024306774e-05,5.023189891482428439e-05,0.000000000000000000e+00,6.227564985855367496e-03,-3.339692005485138718e-05,-3.339692005467318500e-05,-3.339692005423770165e-05,-3.339692005438558682e-05
7.199550028123242540e-04,0.000000000000000000e+00,7.298494839457942709e-05,4.988698580370163265e-05,0.000000000000000000e+00,6.227567591702289421e-03,-3.937572538378611355e-05,-3.937572538361528394e-05,-3.937572538345373104e-05,-3.937572538359907512e-05
7.249546903318542738e-04,0.000000000000000000e+00,7.357910673409712762e-05,4.954231791192560653e-05,0.000000000000000000e+00,6.227570266743215170e-03,-4.519414335621700814e-05,-4.519414335605441169e-05,-4.519414335631625329e-05,-4.519414335645828378e-05
7.299543778513842935e-04,0.000000000000000000e+00,7.445211817605770983e-05,4.919789523949619925e-05,0.000000000000000000e+00,6.227572544622344414e-03,-5.057812572498485539e-05,-5.057812572483110874e-05,-5.057812572597409500e-05,-5.057812572611232400e-05
7.349540653709143133e-04,0.000000000000000000e+00,7.557195447490868149e-05,4.885371778641341758e-05,0.000000000000000000e+00,6.227574080689516310e-03,-5.526306300931082497e-05,-5.526306300916635503e-05,-5.526306300920446474e-05,-5.526306300933858055e-05
7.399537528904443330e-04,0.000000000000000000e+00,7.689123875949334299e-05,4.850978555267725475e-05,0.000000000000000000e+00,6.227574660080122983e-03,-5.903493348391880964e-05,-5.903493348378375193e-05,-5.903493348445110547e-05,-5.903493348458142657e-05
7.449534404099743528e-04,0.000000000000000000e+00,7.835322300220238405e-05,4.816609853828772431e-05,0.000000000000000000e+00,6.227574197464353506e-03,-6.175173999087125803e-05,-6.175173999074543636e-05,-6.175173999192157888e-05,-6.175173999204856606e-05
7.499531279295043725e-04,0.000000000000000000e+00,7.989903814678575382e-05,4.782265674324481271e-05,0.000000000000000000e+00,6.227572814687744145e-03,-6.334630320693536182e-05,-6.334630320681844417e-05,-6.334630320782528852e-05,-6.334630320794979559e-05
7.549528154490343923e-04,0.000000000000000000e+00,8.147288959973775528e-05,4.747946016754851995e-05,0.000000000000000000e+00,6.227570878281822250e-03,-6.381867484305976126e-05,-6.381867484295094802e-05,-6.381867484254888519e-05,-6.381867484267184727e-05
7.599525029685644121e-04,0.000000000000000000e+00,8.302601717966909235e-05,4.713650881119885958e-05,0.000000000000000000e+00,6.227568908003214450e-03,-6.320912519444751192e-05,-6.320912519434603060e-05,-6.320912519486670514e-05,-6.320912519498935551e-05
7.649521904880944318e-04,0.000000000000000000e+00,8.452083154639676002e-05,4.679380267419581805e-05,0.000000000000000000e+00,6.227567416987558890e-03,-6.158842574678359246e-05,-6.158842574668837240e-05,-6.158842574663481281e-05,-6.158842574675826278e-05
7.699518780076245600e-04,0.000000000000000000e+00,8.593105541803672427e-05,4.645134175653940214e-05,0.000000000000000000e+00,6.227566760184632608e-03,-5.907079213335915939e-05,-5.907079213326913672e-05,-5.907079213316664574e-05,-5.907079213329225734e-05
7.749515655271545797e-04,0.000000000000000000e+00,8.724197684691374285e-05,4.610912605822961184e-05,0.000000000000000000e+00,6.227567040590498669e-03,-5.583966103788033663e-05,-5.583966103779429841e-05,-5.583966103693327248e-05,-5.583966103706212991e-05
7.799512530466845995e-04,0.000000000000000000e+00,8.844935318829826205e-05,4.576715557926644038e-05,0.000000000000000000e+00,6.227568102708845067e-03,-5.215203494348247249e-05,-5.215203494339905668e-05,-5.215203494385328318e-05,-5.215203494398658584e-05
7.849509405662146192e-04,0.000000000000000000e+00,8.955879379534522277e-05,4.542543031964989454e-05,0.000000000000000000e+00,6.227569600963436640e-03,-4.829620263139869341e-05,-4.829620263131657187e-05,-4.829620263078388979e-05,-4.829620263092272866e-05
7.899506280857446390e-04,0.000000000000000000e+00,9.058275547478267492e-05,4.508395027937996753e-05,0.000000000000000000e+00,6.227571047531845969e-03,-4.451998737801986586e-05,-4.451998737793757491e-05,-4.451998737801115836e-05,-4.451998737815661086e-05
7.949503156052746588e-04,0.000000000000000000e+00,9.153688254386809029e-05,4.474271545845666615e-05,0.000000000000000000e+00,6.227571929189569359e-03,-4.097800180662657110e-05,-4.097800180654292490e-05,-4.097800180609218140e-05,-4.097800180624514878e-05
7.999500031248046785e-04,0.000000000000000000e+00,9.243943442182155491e-05,4.440172585687999037e-05,0.000000000000000000e+00,6.227571883572255614e-03,-3.774490075080579477e-05,-3.774490075071952616e-05,-3.774490075163240406e-05,-3.774490075179363848e-05
8.049496906443346983e-04,0.000000000000000000e+00,9.331035265401066143e-05,4.406098147464994021e-05,0.000000000000000000e+00,6.227570869646749559e-03,-3.484146180600892752e-05,-3.484146180591901328e-05,-3.484146180626943419e-05,-3.484146180643943710e-05
8.099493781638647180e-04,0.000000000000000000e+00,9.417107851872636858e-05,4.372048231176650890e-05,0.000000000000000000e+00,6.227569196587032750e-03,-3.225405010773010558e-05,-3.225405010763567157e-05,-3.225405010786961530e-05,-3.225405010804869161e-05
8.149490656833947378e-04,0.000000000000000000e+00,9.504245362467156040e-05,4.338022836822970319e-05,0.000000000000000000e+00,6.227567416471784835e-03,-2.994476090137380617e-05,-2.994476090127430351e-05,-2.994476090132445125e-05,-2.994476090151265181e-05
8.199487532029247575e-04,0.000000000000000000e+00,9.594410386661912388e-05,4.304021964403952310e-05,0.000000000000000000e+00,6.227566098814439621e-03,-2.785823445539207513e-05,-2.785823445528717179e-05,-2.785823445672852371e-05,-2.785823445692555035e-05
8.249484407224548857e-04,0.000000000000000000e+00,9.689253450121732740e-05,4.270045613919596863e-05,0.000000000000000000e+00,6.227565622384385359e-03,-2.594114190454447540e-05,-2.594114190443396470e-05,-2.594114190472978249e-05,-2.594114190493513716e-05
8.299481282419849055e-04,0.000000000000000000e+00,9.789815593899025333e-05,4.236093785369903300e-05,0.000000000000000000e+00,6.227566091711686340e-03,-2.417569260694966889e-05,-2.417569260683372702e-05,-2.417569260675701294e-05,-2.417569260696997735e-05
8.349478157615149252e-04,0.000000000000000000e+00,9.896511687747282715e-05,4.202166478754872298e-05,0.000000000000000000e+00,6.227567383817600791e-03,-2.261471471654575698e-05,-2.261471471642451607e-05,-2.261471471668124837e-05,-2.261471471690103648e-05
8.399475032810449450e-04,0.000000000000000000e+00,1.000921235104003154e-04,4.168263694074503180e-05,0.000000000000000000e+00,6.227569199711072839e-03,-2.136475814569676262e-05,-2.136475814557062925e-05,-2.136475814641493814e-05,-2.136475814664054028e-05
8.449471908005749647e-04,0.000000000000000000e+00,1.012744141596948406e-04,4.134385431328796624e-05,0.000000000000000000e+00,6.227571106961409669e-03,-2.051960163660028846e-05,-2.051960163646958450e-05,-2.051960163586338674e-05,-2.051960163609384746e-05
8.499468783201049845e-04,0.000000000000000000e+00,1.025027479630411691e-04,4.100531690517752629e-05,0.000000000000000000e+00,6.227572596271421790e-03,-2.007926285923582437e-05,-2.007926285910092252e-05,-2.007926285938746360e-05,-2.007926285962180035e-05
8.549465658396350042e-04,0.000000000000000000e+00,1.037637319678825755e-04,4.066702471641370518e-05,0.000000000000000000e+00,6.227573175634245999e-03,-1.992391244118646548e-05,-1.992391244104769438e-05,-1.992391244226697120e-05,-1.992391244250413365e-05
8.599462533591650240e-04,0.000000000000000000e+00,1.050401238177070068e-04,4.032897774699651647e-05,0.000000000000000000e+00,6.227572544760542027e-03,-1.985696286706753550e-05,-1.985696286692526107e-05,-1.985696286789945738e-05,-1.985696286813855784e-05
8.649459408786950437e-04,0.000000000000000000e+00,1.063099263132147467e-04,3.999117599692594659e-05,0.000000000000000000e+00,6.227570785405411695e-03,-1.964942937418231146e-05,-1.964942937403679798e-05,-1.964942937471363829e-05,-1.964942937495371114e-05
8.699456283982250635e-04,0.000000000000000000e+00,1.075457963012524772e-04,3.965361946620199555e-05,0.000000000000000000e+00,6.227568407183510166e-03,-1.907804817862944393e-05,-1.907804817848103021e-05,-1.907804818004947773e-05,-1.907804818028950653e-05
8.749453159177550832e-04,0.000000000000000000e+00,1.087140975845583704e-04,3.931630815482467690e-05,0.000000000000000000e+00,6.227566194428183974e-03,-1.797017324028736253e-05,-1.797017324013623152e-05,-1.797017324241586823e-05,-1.797017324265494159e-05
8.799450034372851030e-04,0.000000000000000000e+00,1.097757423151398700e-04,3.897924206279397032e-05,0.000000000000000000e+00,6.227564924423513969e-03,-1.623216013215078118e-05,-1.623216013199711247e-05,-1.623216013304624409e-05,-1.623216013328348785e-05
8.849446909568152312e-04,0.000000000000000000e+00,1.106846065633984935e-04,3.864242119010989613e-05,0.000000000000000000e+00,6.227565021882533990e-03,-1.384698649280515423e-05,-1.384698649264898846e-05,-1.384698649318755741e-05,-1.384698649342217538e-05
8.899443784763452509e-04,0.000000000000000000e+00,1.113879696536354438e-04,3.830584553677244077e-05,0.000000000000000000e+00,6.227566356557336091e-03,-1.088860265320980118e-05,-1.088860265305117055e-05,-1.088860265349100765e-05,-1.088860265372209349e-05
8.949440659958752707e-04,0.000000000000000000e+00,1.118296813845532484e-04,3.796951510278161104e-05,0.000000000000000000e+00,6.227568335142793024e-03,-7.551453961028016251e-06,-7.551453960866852986e-06,-7.551453961431266614e-06,-7.551453961658151165e-06
8.999437535154052904e-04,0.000000000000000000e+00,1.119553543150135077e-04,3.763342988813740691e-05,0.000000000000000000e+00,6.227570196684176738e-03,-4.087654188532402662e-06,-4.087654188368546679e-06,-4.087654187428120726e-06,-4.087654187650112815e-06
9.049434410349353102e-04,0.000000000000000000e+00,1.117179060508812958e-04,3.729758989283982163e-05,0.000000000000000000e+00,6.227571340094202254e-03,-7.103667635975451479e-07,-7.103667634307355615e-07,-7.103667623393065039e-07,-7.103667625559080751e-07
9.099431285544653299e-04,0.000000000000000000e+00,1.110817372043955268e-04,3.696199511688886196e-05,0.000000000000000000e+00,6.227571578098421018e-03,2.463384825752838972e-06,2.463384825922951987e-06,2.463384826430250183e-06,2.463384826219567678e-06
9.149428160739953497e-04,0.000000000000000000e+00,1.100283920729493809e-04,3.662664556028453469e-05,0.000000000000000000e+00,6.227571150070340157e-03,5.406415565341519502e-06,5.406415565515322193e-06,5.406415565909490669e-06,5.406415565705086372e-06
9.199425035935253694e-04,0.000000000000000000e+00,1.085587326147366573e-04,3.629154122302681948e-05,0.000000000000000000e+00,6.227570533375249330e-03,8.164488306114684943e-06,8.164488306292666894e-06,8.164488307763073739e-06,8.164488307565184819e-06
9.249421911130553892e-04,0.000000000000000000e+00,1.066930905021716916e-04,3.595668210511572988e-05,0.000000000000000000e+00,6.227570205848951580e-03,1.080029967183780022e-05,1.080029967202036970e-05,1.080029967190784984e-05,1.080029967171667959e-05
9.299418786325854090e-04,0.000000000000000000e+00,1.044701046085182530e-04,3.562206820655126590e-05,0.000000000000000000e+00,6.227570415894748308e-03,1.332136730606138007e-05,1.332136730624888775e-05,1.332136730545406253e-05,1.332136730526977865e-05
9.349415661521154287e-04,0.000000000000000000e+00,1.019453337865298698e-04,3.528769952733342075e-05,0.000000000000000000e+00,6.227571044729600554e-03,1.568146372198772398e-05,1.568146372218052223e-05,1.568146372154489515e-05,1.568146372136759761e-05
9.399412536716455569e-04,0.000000000000000000e+00,9.918821770448220821e-05,3.495357606746220800e-05,0.000000000000000000e+00,6.227571723074480821e-03,1.783650428468091126e-05,1.783650428487924572e-05,1.783650428506522705e-05,1.783650428489484807e-05
9.449409411911755766e-04,0.000000000000000000e+00,9.627566138833253812e-05,3.461969782693760731e-05,0.000000000000000000e+00,6.227572086290107667e-03,1.978809153634377945e-05,1.978809153654780597e-05,1.978809153472326312e-05,1.978809153455967057e-05
9.499406287107055964e-04,0.000000000000000000e+00,9.328751490479275665e-05,3.428606480575963902e-05,0.000000000000000000e+00,6.227571973739344686e-03,2.156029922503181382e-05,2.156029922524155951e-05,2.156029922351021739e-05,2.156029922335316731e-05
9.549403162302356161e-04,0.000000000000000000e+00,9.030201950075073588e-05,3.395267700392829634e-05,0.000000000000000000e+00,6.227571483393085430e-03,2.319310256259211975e-05,2.319310256280757444e-05,2.319310256185085751e-05,2.319310256169990268e-05
9.599400037497656359e-04,0.000000000000000000e+00,8.739227831025485316e-05,3.361953442144356572e-05,0.000000000000000000e+00,6.227570863956029094e-03,2.477214254053284652e-05,2.477214254075395261e-05,2.477214254012770388e-05,2.477214253998223783e-05
9.649396912692956556e-04,0.000000000000000000e+00,8.462301503396226757e-05,3.328663705830546749e-05,0.000000000000000000e+00,6.227570303501140866e-03,2.644198858362346372e-05,2.644198858385000438e-05,2.644198858217136804e-05,2.644198858203064876e-05
9.699393787888256754e-04,0.000000000000000000e+00,8.204935626521847104e-05,3.295398491451398810e-05,0.000000000000000000e+00,6.227569827111057235e-03,2.839377850112432812e-05,2.839377850135608311e-05,2.839377850039570699e-05,2.839377850025880614e-05
9.749390663083556952e-04,0.000000000000000000e+00,7.971661489762594741e-05,3.262157799006913433e-05,0.000000000000000000e+00,6.227569315641195112e-03,3.084315251681952287e-05,3.084315251705640071e-05,3.084315251722994082e-05,3.084315251709562850e-05
9.799387538278858233e-04,0.000000000000000000e+00,7.765734367459569115e-05,3.228941628497090618e-05,0.000000000000000000e+00,6.227568580781576643e-03,3.399096495895550531e-05,3.399096495919726207e-05,3.399096495889832042e-05,3.399096495876537691e-05
9.849384413474157347e-04,0.000000000000000000e+00,7.588960613481525030e-05,3.195749979921929686e-05,0.000000000000000000e+00,6.227567530018595678e-03,3.790994396726974031e-05,3.790994396751613880e-05,3.790994396676051088e-05,3.790994396662763512e-05
9.899381288669458628e-04,0.000000000000000000e+00,7.441621349530032348e-05,3.162582853281431316e-05,0.000000000000000000e+00,6.227566324324839905e-03,4.248745378246397887e-05,4.248745378271476838e-05,4.248745378318966926e-05,4.248745378305549924e-05
9.949378163864757742e-04,0.000000000000000000e+00,7.322599531455815285e-05,3.129440248575595507e-05,0.000000000000000000e+00,6.227565351888590325e-03,4.747537622609689578e-05,4.747537622635183236e-05,4.747537622713398259e-05,4.747537622699708173e-05
9.999375039060059023e-04,0.000000000000000000e+00,7.229433548116847598e-05,3.096322165804421582e-05,0.000000000000000000e+00,6.227565046311714890e-03,5.255268505144903343e-05,5.255268505170775117e-05,5.255268505115793192e-05,5.255268505101701274e-05
1.004937191425535814e-03,0.000000000000000000e+00,7.158475822993047273e-05,3.063228604967910897e-05,0.000000000000000000e+00,6.227565654884298710e-03,5.733627246838373970e-05,5.733627246864589979e-05,5.733627246788999403e-05,5.733627246774393845e-05
1.009936878945065942e-03,0.000000000000000000e+00,7.105298259741914409e-05,3.030159566066061756e-05,0.000000000000000000e+00,6.227567044401010471e-03,6.139894967955772842e-05,6.139894967982284296e-05,6.139894967991384818e-05,6.139894967976158554e-05
1.014936566464595853e-03,0.000000000000000000e+00,7.064994617422702867e-05,2.997115049098875516e-05,0.000000000000000000e+00,6.227568737426377073e-03,6.433770135881049690e-05,6.433770135907799668e-05,6.433770135905266701e-05,6.433770135889342481e-05
1.019936253984125981e-03,0.000000000000000000e+00,7.032583415693571978e-05,2.964095054066351499e-05,0.000000000000000000e+00,6.227570137641145857e-03,6.580600603333362254e-05,6.580600603360270797e-05,6.580600603214883351e-05,6.580600603198224585e-05
1.024935941503656110e-03,0.000000000000000000e+00,7.003447342204531414e-05,2.931099580968489366e-05,0.000000000000000000e+00,6.227570746541150927e-03,6.556124720386347668e-05,6.556124720413319907e-05,6.556124720335934977e-05,6.556124720318524046e-05
1.029935629023186021e-03,0.000000000000000000e+00,6.973911235279097484e-05,2.898128629805290133e-05,0.000000000000000000e+00,6.227570296456961391e-03,6.352891444747495555e-05,6.352891444774436624e-05,6.352891444715927653e-05,6.352891444697769978e-05
1.034935316542716149e-03,0.000000000000000000e+00,6.941517775527221077e-05,2.865182200576752783e-05,0.000000000000000000e+00,6.227568859911029701e-03,5.984222976440917304e-05,5.984222976467709295e-05,5.984222976441294064e-05,5.984222976422432335e-05
1.039935004062246060e-03,0.000000000000000000e+00,6.904997634794314944e-05,2.832260293282877996e-05,0.000000000000000000e+00,6.227566839683253835e-03,5.479203641642185275e-05,5.479203641668694018e-05,5.479203641520086492e-05,5.479203641500592537e-05
1.044934691581776189e-03,0.000000000000000000e+00,6.864202891606389055e-05,2.799362907923665431e-05,0.000000000000000000e+00,6.227564890200500657e-03,4.875281099068324263e-05,4.875281099094425075e-05,4.875281099085363178e-05,4.875281099065326444e-05
1.049934379101306100e-03,0.000000000000000000e+00,6.819827082814789896e-05,2.766490044499115089e-05,0.000000000000000000e+00,6.227563753358258784e-03,4.216452678736249532e-05,4.216452678761816375e-05,4.216452678756520725e-05,4.216452678736038113e-05
1.054934066620836228e-03,0.000000000000000000e+00,6.773107070310883308e-05,2.733641703009227647e-05,0.000000000000000000e+00,6.227563981476610250e-03,3.552753288602522380e-05,3.552753288627418372e-05,3.552753288591678325e-05,3.552753288570869097e-05
1.059933754140366139e-03,0.000000000000000000e+00,6.725401612200664666e-05,2.700817883454002089e-05,0.000000000000000000e+00,6.227565670340402121e-03,2.936677791321201279e-05,2.936677791345313596e-05,2.936677791247011357e-05,2.936677791225998164e-05
1.064933441659896268e-03,0.000000000000000000e+00,6.677980536056449799e-05,2.668018585833438754e-05,0.000000000000000000e+00,6.227568447554674043e-03,2.416858491823879285e-05,2.416858491847095441e-05,2.416858491937383732e-05,2.416858491916295661e-05
1.069933129179426179e-03,0.000000000000000000e+00,6.631779434689571040e-05,2.635243810147538319e-05,0.000000000000000000e+00,6.227571650568082366e-03,2.034382565502369187e-05,2.034382565524601430e-05,2.034382565575059521e-05,2.034382565554002282e-05
1.074932816698956307e-03,0.000000000000000000e+00,6.587091884224590571e-05,2.602493556396299768e-05,0.000000000000000000e+00,6.227574596953612887e-03,1.817648123557112400e-05,1.817648123578294322e-05,1.817648123556375820e-05,1.817648123535460205e-05
1.079932504218486218e-03,0.000000000000000000e+00,6.543446688559855255e-05,2.569767824579723779e-05,0.000000000000000000e+00,6.227576801995331549e-03,1.774864927111037294e-05,1.774864927131099100e-05,1.774864927118202854e-05,1.774864927097517971e-05
1.084932191738016347e-03,0.000000000000000000e+00,6.499620680750082451e-05,2.537066614697810012e-05,0.000000000000000000e+00,6.227578006518961692e-03,1.894906597581798682e-05,1.894906597600707845e-05,1.894906597731322358e-05,1.894906597710955621e-05
1.089931879257546475e-03,0.000000000000000000e+00,6.453905480239069338e-05,2.504389926750558807e-05,0.000000000000000000e+00,6.227578103708889673e-03,2.155103295988074636e-05,2.155103296005827430e-05,2.155103296003922284e-05,2.155103295983943487e-05
1.094931566777076386e-03,0.000000000000000000e+00,6.404248135682831967e-05,2.471737760737970164e-05,0.000000000000000000e+00,6.227577118941384285e-03,2.526392532129615015e-05,2.526392532146209746e-05,2.526392532152953822e-05,2.526392532133418193e-05
1.099931254296606514e-03,0.000000000000000000e+00,6.348513302763553071e-05,2.439110116660043066e-05,0.000000000000000000e+00,6.227575230074664132e-03,2.971951778413829670e-05,2.971951778429303607e-05,2.971951778437924031e-05,2.971951778418871888e-05
1.104930941816136426e-03,0.000000000000000000e+00,6.284734634279507705e-05,2.406506994516778868e-05,0.000000000000000000e+00,6.227572720758413685e-03,3.450514033990587727e-05,3.450514034005006938e-05,3.450514034045457844e-05,3.450514034026890204e-05
1.109930629335666554e-03,0.000000000000000000e+00,6.211315595269028915e-05,2.373928394308177231e-05,0.000000000000000000e+00,6.227569933122898901e-03,3.922231912279931050e-05,3.922231912293385321e-05,3.922231912240619234e-05,3.922231912222540841e-05
1.114930316855196465e-03,0.000000000000000000e+00,6.127293680032816644e-05,2.341374316034237478e-05,0.000000000000000000e+00,6.227567174036629551e-03,4.351300786614748655e-05,4.351300786627347762e-05,4.351300786599279123e-05,4.351300786581680489e-05
1.119930004374726593e-03,0.000000000000000000e+00,6.032582528889530408e-05,2.308844759694960287e-05,0.000000000000000000e+00,6.227564697949623113e-03,4.709787806670111542e-05,4.709787806681983556e-05,4.709787806672614694e-05,4.709787806655462615e-05
1.124929691894256505e-03,0.000000000000000000e+00,5.928333915031102659e-05,2.276339725290345319e-05,0.000000000000000000e+00,6.227562767563326121e-03,4.983202295894067710e-05,4.983202295905366451e-05,4.983202295888938078e-05,4.983202295872198674e-05
1.129929379413786633e-03,0.000000000000000000e+00,5.816948409292482238e-05,2.243859212820392912e-05,0.000000000000000000e+00,6.227561698418192584e-03,5.171610419972193457e-05,5.171610419983068004e-05,5.171610419932469644e-05,5.171610419916117165e-05
1.134929066933316544e-03,0.000000000000000000e+00,5.701926374938784647e-05,2.211403222285102728e-05,0.000000000000000000e+00,6.227561724565339532e-03,5.281390560329788140e-05,5.281390560340395703e-05,5.281390560263649774e-05,5.281390560247652371e-05
1.139928754452846672e-03,0.000000000000000000e+00,5.587543291044988177e-05,2.178971753684474428e-05,0.000000000000000000e+00,6.227562849980568423e-03,5.319370187250677335e-05,5.319370187261176477e-05,5.319370187291716420e-05,5.319370187276054442e-05
1.144928441972376800e-03,0.000000000000000000e+00,5.478500264069402411e-05,2.146564807018509367e-05,0.000000000000000000e+00,6.227564790202975639e-03,5.294497829371144792e-05,5.294497829381658843e-05,5.294497829403985276e-05,5.294497829388666854e-05
1.149928129491906712e-03,0.000000000000000000e+00,5.379636934279199149e-05,2.114182382287206190e-05,0.000000000000000000e+00,6.227567102865264742e-03,5.219496349202135046e-05,5.219496349212765648e-05,5.219496349203303951e-05,5.219496349188364323e-05
1.154927817011436840e-03,0.000000000000000000e+00,5.295556954869242577e-05,2.081824479490565236e-05,0.000000000000000000e+00,6.227569413154437385e-03,5.107211809631917020e-05,5.107211809642729227e-05,5.107211809652684913e-05,5.107211809638185064e-05
1.159927504530966751e-03,0.000000000000000000e+00,5.230444663249169833e-05,2.049491098628586843e-05,0.000000000000000000e+00,6.227571536536899433e-03,4.965764053234546200e-05,4.965764053245569825e-05,4.965764053371102141e-05,4.965764053357134907e-05
1.164927192050496879e-03,0.000000000000000000e+00,5.187788589048498435e-05,2.017182239701270673e-05,0.000000000000000000e+00,6.227573403723670950e-03,4.798728962986922099e-05,4.798728962998155111e-05,4.798728963050338440e-05,4.798728963037014950e-05
1.169926879570026791e-03,0.000000000000000000e+00,5.170195550475821327e-05,1.984897902708617065e-05,0.000000000000000000e+00,6.227574896533561409e-03,4.602697846651323968e-05,4.602697846662720288e-05,4.602697846750862537e-05,4.602697846738332548e-05
1.174926567089556919e-03,0.000000000000000000e+00,5.179192403479013028e-05,1.952638087650625679e-05,0.000000000000000000e+00,6.227575786188361759e-03,4.365887033049716627e-05,4.365887033061184098e-05,4.365887033143794205e-05,4.365887033132238642e-05
1.179926254609086830e-03,0.000000000000000000e+00,5.215206530992052853e-05,1.920402794527296516e-05,0.000000000000000000e+00,6.227575795456572090e-03,4.076271006050839074e-05,4.076271006062250302e-05,4.076271006190243756e-05,4.076271006179843547e-05
1.184925942128616959e-03,0.000000000000000000e+00,5.277733673510978001e-05,1.888192023338630253e-05,0.000000000000000000e+00,6.227574765664319750e-03,3.731817333688822950e-05,3.731817333700024114e-05,3.731817333700144731e-05,3.731817333691116715e-05
1.189925629648146870e-03,0.000000000000000000e+00,5.365376776722663552e-05,1.856005774084625536e-05,0.000000000000000000e+00,6.227572776710760608e-03,3.341308795036506275e-05,3.341308795047305606e-05,3.341308795139577310e-05,3.341308795132137650e-05
1.194925317167676998e-03,0.000000000000000000e+00,5.475980113589156909e-05,1.823844046765283380e-05,0.000000000000000000e+00,6.227570188766988132e-03,2.918821209130499734e-05,2.918821209140713257e-05,2.918821209140153538e-05,2.918821209134506877e-05
1.199925004687207126e-03,0.000000000000000000e+00,5.606722019765666173e-05,1.791706841380604124e-05,0.000000000000000000e+00,6.227567541702308702e-03,2.486417548262419096e-05,2.486417548271853010e-05,2.486417548326748877e-05,2.486417548323076820e-05
1.204924692206737038e-03,0.000000000000000000e+00,5.754376401924714090e-05,1.759594157930586752e-05,0.000000000000000000e+00,6.227565413642830068e-03,2.072893470725879956e-05,2.072893470734340799e-05,2.072893470675289389e-05,2.072893470673771844e-05
1.209924379726267166e-03,0.000000000000000000e+00,5.915506419692660896e-05,1.727505996415231942e-05,0.000000000000000000e+00,6.227564247544957292e-03,1.706690187168033912e-05,1.706690187175333303e-05,1.706690187162477037e-05,1.706690187163261051e-05
1.214924067245797077e-03,0.000000000000000000e+00,6.086681372632714760e-05,1.695442356834539016e-05,0.000000000000000000e+00,6.227564238005211562e-03,1.410240046105191438e-05,1.410240046111166239e-05,1.410240046051292191e-05,1.410240046054483303e-05
1.219923754765327205e-03,0.000000000000000000e+00,6.264752430943829834e-05,1.663403239188508990e-05,0.000000000000000000e+00,6.227565258386751242e-03,1.199078971033602113e-05,1.199078971038126285e-05,1.199078971072982707e-05,1.199078971078649696e-05
1.224923442284857117e-03,0.000000000000000000e+00,6.446851358678804076e-05,1.631388643477141187e-05,0.000000000000000000e+00,6.227566870725260474e-03,1.076824283554811347e-05,1.076824283557773591e-05,1.076824283506665147e-05,1.076824283514842912e-05
1.229923129804387245e-03,0.000000000000000000e+00,6.630262865368515555e-05,1.599398569700435268e-05,0.000000000000000000e+00,6.227568421535548820e-03,1.027464972306360954e-05,1.027464972307685036e-05,1.027464972313754196e-05,1.027464972324431894e-05
1.234922817323917156e-03,0.000000000000000000e+00,6.812108924421428010e-05,1.567433017858392249e-05,0.000000000000000000e+00,6.227569277875212063e-03,1.020541370007944056e-05,1.020541370007597789e-05,1.020541370028760399e-05,1.020541370041888054e-05
1.239922504843447284e-03,0.000000000000000000e+00,6.989284491362664003e-05,1.535491987951011453e-05,0.000000000000000000e+00,6.227569137023639470e-03,1.021617453803333697e-05,1.021617453801297599e-05,1.021617453907828086e-05,1.021617453923340647e-05
1.244922192362977196e-03,0.000000000000000000e+00,7.158448379525739322e-05,1.503575479978292879e-05,0.000000000000000000e+00,6.227568192041527811e-03,9.994243500978655721e-06,9.994243500941467587e-06,9.994243501239594385e-06,9.994243501417783012e-06
1.249921879882507324e-03,0.000000000000000000e+00,7.316090294408425943e-05,1.471683493940236529e-05,0.000000000000000000e+00,6.227567036985673030e-03,9.265509988821057702e-06,9.265509988767471009e-06,9.265509989929520592e-06,9.265509990129640596e-06
1.254921567402037452e-03,0.000000000000000000e+00,7.458792285509942299e-05,1.439816029836842909e-05,0.000000000000000000e+00,6.227566355357366280e-03,7.829424540475227442e-06,7.829424540406036708e-06,7.829424541342817879e-06,7.829424541563630898e-06
1.259921254921567363e-03,0.000000000000000000e+00,7.583523553150689045e-05,1.407973087668111342e-05,0.000000000000000000e+00,6.227566591159233028e-03,5.591480004988337154e-06,5.591480004904563901e-06,5.591480006035136045e-06,5.591480006275258028e-06
1.264920942441097491e-03,0.000000000000000000e+00,7.688013304613730830e-05,1.376154667434042168e-05,0.000000000000000000e+00,6.227567769158938622e-03,2.527265963732921322e-06,2.527265963635770031e-06,2.527265964107801164e-06,2.527265964365848057e-06
1.269920629960627403e-03,0.000000000000000000e+00,7.770921093122120391e-05,1.344360769134635725e-05,0.000000000000000000e+00,6.227569563882637271e-03,-1.301261791785572798e-06,-1.301261791894724851e-06,-1.301261791044710348e-06,-1.301261790770115819e-06
1.274920317480157531e-03,0.000000000000000000e+00,7.832159616961764442e-05,1.312591392769890996e-05,0.000000000000000000e+00,6.227571458650612603e-03,-5.692403736071239618e-06,-5.692403736190911821e-06,-5.692403735228136904e-06,-5.692403734938373709e-06
1.279920004999687442e-03,0.000000000000000000e+00,7.873087191672473379e-05,1.280846538339809167e-05,0.000000000000000000e+00,6.227572910263897039e-03,-1.029351259610894554e-05,-1.029351259623763017e-05,-1.029351259587776314e-05,-1.029351259557406456e-05
1.284919692519217570e-03,0.000000000000000000e+00,7.896401984322539542e-05,1.249126205844389392e-05,0.000000000000000000e+00,6.227573489900098923e-03,-1.473036520375070721e-05,-1.473036520388696093e-05,-1.473036520367206189e-05,-1.473036520335561716e-05
1.289919380038747482e-03,0.000000000000000000e+00,7.905835247397994940e-05,1.217430395283632009e-05,0.000000000000000000e+00,6.227573024267562055e-03,-1.868670367270885724e-05,-1.868670367285138917e-05,-1.868670367250812060e-05,-1.868670367217993938e-05
1.294919067558277610e-03,0.000000000000000000e+00,7.905751211499311099e-05,1.185759106657537357e-05,0.000000000000000000e+00,6.227571673390331665e-03,-2.190099733757383180e-05,-2.190099733772141882e-05,-2.190099733669828434e-05,-2.190099733635918655e-05
1.299918755077807521e-03,0.000000000000000000e+00,7.900914564828159109e-05,1.154112339966104420e-05,0.000000000000000000e+00,6.227569915410262856e-03,-2.419113218894208340e-05,-2.419113218909409532e-05,-2.419113218888055831e-05,-2.419113218853113689e-05
1.304918442597337649e-03,0.000000000000000000e+00,7.896112385456265158e-05,1.122490095209334213e-05,0.000000000000000000e+00,6.227568374101133050e-03,-2.547422203030142563e-05,-2.547422203045757107e-05,-2.547422202988585771e-05,-2.547422202952636338e-05
1.309918130116867778e-03,0.000000000000000000e+00,7.895983179944025365e-05,1.090892372387226399e-05,0.000000000000000000e+00,6.227567542172946120e-03,-2.576078224063862797e-05,-2.576078224079871720e-05,-2.576078224007302681e-05,-2.576078223970364251e-05
1.314917817636397689e-03,0.000000000000000000e+00,7.904919188779144495e-05,1.059319171499780637e-05,0.000000000000000000e+00,6.227567591846552494e-03,-2.512665090251667264e-05,-2.512665090268108512e-05,-2.512665090141761689e-05,-2.512665090103835620e-05
1.319917505155927817e-03,0.000000000000000000e+00,7.926930853745388947e-05,1.027770492546997607e-05,0.000000000000000000e+00,6.227568393500981965e-03,-2.377250059062768832e-05,-2.377250059079709829e-05,-2.377250059041527278e-05,-2.377250059002588835e-05
1.324917192675457728e-03,0.000000000000000000e+00,7.965398542486200816e-05,9.962463355288764610e-06,0.000000000000000000e+00,6.227569657290755317e-03,-2.200465969118143021e-05,-2.200465969135666439e-05,-2.200465969047279567e-05,-2.200465969007312487e-05
1.329916880194987857e-03,0.000000000000000000e+00,8.022762499067613150e-05,9.647467004454178763e-06,0.000000000000000000e+00,6.227571077805675419e-03,-2.013828615617061375e-05,-2.013828615635276988e-05,-2.013828615574542692e-05,-2.013828615533529018e-05
1.334916567714517768e-03,0.000000000000000000e+00,8.100508443102518786e-05,9.332715872966218531e-06,0.000000000000000000e+00,6.227572386580989237e-03,-1.841978489281204462e-05,-1.841978489300253555e-05,-1.841978489193422372e-05,-1.841978489151324834e-05
1.339916255234047896e-03,0.000000000000000000e+00,8.199023733783310859e-05,9.018209960824877139e-06,0.000000000000000000e+00,6.227573315173901870e-03,-1.702595054379880371e-05,-1.702595054399908296e-05,-1.702595054448241351e-05,-1.702595054405035217e-05
1.344915942753577807e-03,0.000000000000000000e+00,8.317494856298897983e-05,8.703949268030164750e-06,0.000000000000000000e+00,6.227573599856020894e-03,-1.610116472829380444e-05,-1.610116472850526453e-05,-1.610116472778879663e-05,-1.610116472734551379e-05
1.349915630273107936e-03,0.000000000000000000e+00,8.453802765588708430e-05,8.389933794582071200e-06,0.000000000000000000e+00,6.227573079612822547e-03,-1.574252028186048450e-05,-1.574252028208448405e-05,-1.574252028171243669e-05,-1.574252028125794253e-05
1.354915317792637847e-03,0.000000000000000000e+00,8.604590315934025049e-05,8.076163540480603265e-06,0.000000000000000000e+00,6.227571793795801114e-03,-1.601962285721302129e-05,-1.601962285745098672e-05,-1.601962285674949775e-05,-1.601962285628373466e-05
1.359915005312167975e-03,0.000000000000000000e+00,8.765379296143728527e-05,7.762638505725760947e-06,0.000000000000000000e+00,6.227570013023380965e-03,-1.697498836273456140e-05,-1.697498836298781747e-05,-1.697498836367087162e-05,-1.697498836319391753e-05
1.364914692831697886e-03,0.000000000000000000e+00,8.930691377220231547e-05,7.449358690317538314e-06,0.000000000000000000e+00,6.227568205283212470e-03,-1.860983639219728242e-05,-1.860983639246708275e-05,-1.860983639131010350e-05,-1.860983639082203973e-05
1.369914380351228015e-03,0.000000000000000000e+00,9.094583179424078944e-05,7.136324094255941297e-06,0.000000000000000000e+00,6.227566878022121506e-03,-2.085667672619827368e-05,-2.085667672648586847e-05,-2.085667672566900345e-05,-2.085667672516987065e-05
1.374914067870758143e-03,0.000000000000000000e+00,9.251187273370660110e-05,6.823534717540967354e-06,0.000000000000000000e+00,6.227566362166903589e-03,-2.361005537837597339e-05,-2.361005537868244347e-05,-2.361005537785497020e-05,-2.361005537734491746e-05
1.379913755390288054e-03,0.000000000000000000e+00,9.395181414030428114e-05,6.510990560172616485e-06,0.000000000000000000e+00,6.227566672258718662e-03,-2.680304833398901659e-05,-2.680304833431522592e-05,-2.680304833376774787e-05,-2.680304833324701234e-05
1.384913442909818182e-03,0.000000000000000000e+00,9.521992899044323102e-05,6.198691622150889538e-06,0.000000000000000000e+00,6.227567498750979577e-03,-3.038290448090354639e-05,-3.038290448125029457e-05,-3.038290447937755216e-05,-3.038290447884636763e-05
1.389913130429348094e-03,0.000000000000000000e+00,9.628052188160407348e-05,5.886637903475786512e-06,0.000000000000000000e+00,6.227568341847357879e-03,-3.427270335575714083e-05,-3.427270335612499707e-05,-3.427270335500154000e-05,-3.427270335446020463e-05
1.394912817948878222e-03,0.000000000000000000e+00,9.710998052163930005e-05,5.574829404147307407e-06,0.000000000000000000e+00,6.227568782383937317e-03,-3.833318339768951853e-05,-3.833318339807918079e-05,-3.833318339695863074e-05,-3.833318339640731393e-05
1.399912505468408133e-03,0.000000000000000000e+00,9.769600518931023886e-05,5.263266124165450530e-06,0.000000000000000000e+00,6.227568678276529726e-03,-4.236896525895746525e-05,-4.236896525936934688e-05,-4.236896525875505826e-05,-4.236896525819398363e-05
1.404912192987938261e-03,0.000000000000000000e+00,9.803750199043605943e-05,4.951948063530217575e-06,0.000000000000000000e+00,6.227568175378120179e-03,-4.610608591049622799e-05,-4.610608591093064070e-05,-4.610608590976454738e-05,-4.610608590919403342e-05
1.409911880507468173e-03,0.000000000000000000e+00,9.814353039387423226e-05,4.640875222241608540e-06,0.000000000000000000e+00,6.227567599646621245e-03,-4.921058011453887635e-05,-4.921058011499583368e-05,-4.921058011490997842e-05,-4.921058011433032328e-05
1.414911568026998301e-03,0.000000000000000000e+00,9.803215069508898851e-05,4.330047600299622580e-06,0.000000000000000000e+00,6.227567290633462434e-03,-5.134894647028299031e-05,-5.134894647076272266e-05,-5.134894647108786134e-05,-5.134894647049915311e-05
1.419911255546528212e-03,0.000000000000000000e+00,9.772671010499430237e-05,4.019465197704259694e-06,0.000000000000000000e+00,6.227567426753947109e-03,-5.219573916994614169e-05,-5.219573917044849321e-05,-5.219573917099392822e-05,-5.219573917039655993e-05
1.424910943066058340e-03,0.000000000000000000e+00,9.725398901093899428e-05,3.709128014455519883e-06,0.000000000000000000e+00,6.227567961565185807e-03,-5.144873094690796710e-05,-5.144873094743283615e-05,-5.144873094694358992e-05,-5.144873094633776485e-05
1.429910630585588469e-03,0.000000000000000000e+00,9.664476010379768466e-05,3.399036050553404416e-06,0.000000000000000000e+00,6.227568664518586157e-03,-4.885693180630457539e-05,-4.885693180685175190e-05,-4.885693180687405936e-05,-4.885693180626004178e-05
1.434910318105118380e-03,0.000000000000000000e+00,9.593324454725744876e-05,3.089189305997912448e-06,0.000000000000000000e+00,6.227569231548412895e-03,-4.432089952895505535e-05,-4.432089952952409208e-05,-4.432089953007786189e-05,-4.432089952945607872e-05
1.439910005624648508e-03,0.000000000000000000e+00,9.515614897436215169e-05,2.779587780789043977e-06,0.000000000000000000e+00,6.227569481185793974e-03,-3.794667517992287485e-05,-3.794667518051298577e-05,-3.794667517956919455e-05,-3.794667517894042506e-05
1.444909693144178419e-03,0.000000000000000000e+00,9.435081899760881579e-05,2.470231474926799428e-06,0.000000000000000000e+00,6.227569499305540997e-03,-3.003624893864185102e-05,-3.003624893925199935e-05,-3.003624893792982157e-05,-3.003624893729501781e-05
1.449909380663708548e-03,0.000000000000000000e+00,9.355489249893495147e-05,2.161120388411177953e-06,0.000000000000000000e+00,6.227569566444697211e-03,-2.103053546163847592e-05,-2.103053546226746226e-05,-2.103053546162336147e-05,-2.103053546098364830e-05
1.454909068183238459e-03,0.000000000000000000e+00,9.280337663968965035e-05,1.852254521242180187e-06,0.000000000000000000e+00,6.227569948504279099e-03,-1.142814032522656476e-05,-1.142814032587293221e-05,-1.142814032551123051e-05,-1.142814032486798352e-05
1.459908755702768587e-03,0.000000000000000000e+00,9.212596579259622290e-05,1.543633873419805496e-06,0.000000000000000000e+00,6.227570700901641394e-03,-1.732185090790479130e-06,-1.732185091452601396e-06,-1.732185089677503248e-06,-1.732185089032255572e-06
1.464908443222298498e-03,0.000000000000000000e+00,9.154635538661222232e-05,1.235258444944054515e-06,0.000000000000000000e+00,6.227571579618428228e-03,7.620030204641899117e-06,7.620030203965843159e-06,7.620030204790665208e-06,7.620030205436297437e-06
1.469908130741828627e-03,0.000000000000000000e+00,9.108138002024316964e-05,9.271282358149269253e-07,0.000000000000000000e+00,6.227572173460655357e-03,1.624678252894490863e-05,1.624678252825688071e-05,1.624678252860785050e-05,1.624678252925216814e-05
1.474907818261358538e-03,0.000000000000000000e+00,9.073944500053198793e-05,6.192432460324229395e-07,0.000000000000000000e+00,6.227572153472071652e-03,2.381720419011340475e-05,2.381720418941550042e-05,2.381720419003176094e-05,2.381720419067303942e-05
1.479907505780888666e-03,0.000000000000000000e+00,9.051840459506840255e-05,3.116034755965423987e-07,0.000000000000000000e+00,6.227571432231638823e-03,3.008772230613936420e-05,3.008772230543372815e-05,3.008772230694747090e-05,3.008772230758410086e-05
1.484907193300418794e-03,0.000000000000000000e+00,9.040725272800516658e-05,4.208924507285316076e-09,0.000000000000000000e+00,6.227570203307281581e-03,3.494383953449573573e-05,3.494383953378448556e-05,3.494383953420189662e-05,3.494383953483254314e-05
1.489906880819948706e-03,0.000000000000000000e+00,9.038773208691034018e-05,-3.029404072353481893e-07,0.000000000000000000e+00,6.227568881200566675e-03,3.838675371722774466e-05,3.838675371651287596e-05,3.838675371680828717e-05,3.838675371743178474e-05
1.494906568339478834e-03,0.000000000000000000e+00,9.043607703472088689e-05,-6.098445196313582365e-07,0.000000000000000000e+00,6.227567897094911202e-03,4.046036284194542255e-05,4.046036284122883945e-05,4.046036284140336889e-05,4.046036284201892468e-05
1.499906255859008745e-03,0.000000000000000000e+00,9.052590733080935373e-05,-9.165034126807447330e-07,0.000000000000000000e+00,6.227567479659003313e-03,4.125475077927190392e-05,4.125475077855549023e-05,4.125475077980202457e-05,4.125475078040901516e-05
1.504905943378538873e-03,0.000000000000000000e+00,9.063144594365694061e-05,-1.222917086383507837e-06,0.000000000000000000e+00,6.227567586979123986e-03,4.088275982591283342e-05,4.088275982519830353e-05,4.088275982481651529e-05,4.088275982541472384e-05
1.509905630898068785e-03,0.000000000000000000e+00,9.072987835098437147e-05,-1.529085540739647550e-06,0.000000000000000000e+00,6.227567963010233881e-03,3.948216704278040452e-05,3.948216704206915435e-05,3.948216704160782632e-05,3.948216704219737480e-05
1.514905318417598913e-03,0.000000000000000000e+00,9.080107976557776940e-05,-1.835008775749163553e-06,0.000000000000000000e+00,6.227568276848705585e-03,3.721783955524056762e-05,3.721783955453378300e-05,3.721783955446257802e-05,3.721783955504410341e-05
1.519905005937128824e-03,0.000000000000000000e+00,9.082947352975623951e-05,-2.140686791412056270e-06,0.000000000000000000e+00,6.227568300214858348e-03,3.430055215818285765e-05,3.430055215748131786e-05,3.430055215835479856e-05,3.430055215892919532e-05
1.524904693456658952e-03,0.000000000000000000e+00,9.080567648701321230e-05,-2.446119587728325277e-06,0.000000000000000000e+00,6.227567975436080691e-03,3.097149715791288596e-05,3.097149715721711955e-05,3.097149715639183163e-05,3.097149715696045501e-05
1.529904380976188864e-03,0.000000000000000000e+00,9.072708239087431568e-05,-2.751307164697970786e-06,0.000000000000000000e+00,6.227567387772250766e-03,2.743322934307130452e-05,2.743322934238152832e-05,2.743322934218055451e-05,2.743322934274492579e-05
1.534904068495718992e-03,0.000000000000000000e+00,9.059726437238846950e-05,-3.056249522320992797e-06,0.000000000000000000e+00,6.227566751903829481e-03,2.384297135864605819e-05,2.384297135796233997e-05,2.384297135893931454e-05,2.384297135950101597e-05
1.539903756015249120e-03,0.000000000000000000e+00,9.042566892600409530e-05,-3.360946660597391311e-06,0.000000000000000000e+00,6.227566354978743800e-03,2.031088164801283946e-05,2.031088164733509791e-05,2.031088164785273330e-05,2.031088164841334375e-05
1.544903443534779031e-03,0.000000000000000000e+00,9.022798584972780941e-05,-3.665398579527165903e-06,0.000000000000000000e+00,6.227566444625179040e-03,1.693316232590855926e-05,1.693316232523645217e-05,1.693316232447004998e-05,1.693316232503121947e-05
1.549903131054309159e-03,0.000000000000000000e+00,9.002410375691633859e-05,-3.969605279110316997e-06,0.000000000000000000e+00,6.227567183029204465e-03,1.378352270681541599e-05,1.378352270614851307e-05,1.378352270645934367e-05,1.378352270702253249e-05
1.554902818573839071e-03,0.000000000000000000e+00,8.983711592617074952e-05,-4.273566759346845864e-06,0.000000000000000000e+00,6.227568603487929934e-03,1.094082861444463741e-05,1.094082861378247618e-05,1.094082861470599959e-05,1.094082861527233937e-05
1.559902506093369199e-03,0.000000000000000000e+00,8.969238882665316092e-05,-4.577283020236750810e-06,0.000000000000000000e+00,6.227570562967284749e-03,8.533447958353951367e-06,8.533447957696182849e-06,8.533447957387629075e-06,8.533447957957890619e-06
1.564902193612899110e-03,0.000000000000000000e+00,8.961590297640445240e-05,-4.880754061780031834e-06,0.000000000000000000e+00,6.227572766392837876e-03,6.715971095402749363e-06,6.715971094749023734e-06,6.715971093681070194e-06,6.715971094255710898e-06
1.569901881132429238e-03,0.000000000000000000e+00,8.963063527171501448e-05,-5.183979883976688937e-06,0.000000000000000000e+00,6.227574818913357742e-03,5.661639965902459559e-06,5.661639965252631128e-06,5.661639965337864666e-06,5.661639965916724441e-06
1.574901568651959150e-03,0.000000000000000000e+00,8.975291756031011166e-05,-5.486960486826722966e-06,0.000000000000000000e+00,6.227576259939049744e-03,5.541375332637465019e-06,5.541375331991566822e-06,5.541375332314780195e-06,5.541375332897391479e-06
1.579901256171489278e-03,0.000000000000000000e+00,8.999116362071955246e-05,-5.789695870330133920e-06,0.000000000000000000e+00,6.227576684996904977e-03,6.531840247619990708e-06,6.531840246978104905e-06,6.531840245882168785e-06,6.531840246467684545e-06
1.584900943691019189e-03,0.000000000000000000e+00,9.034400995151766541e-05,-6.092186034486920953e-06,0.000000000000000000e+00,6.227575873682530787e-03,8.726958556802067837e-06,8.726958556164545101e-06,8.726958555348545747e-06,8.726958555935690351e-06
1.589900631210549318e-03,0.000000000000000000e+00,9.080008647253102441e-05,-6.394430979297084064e-06,0.000000000000000000e+00,6.227573839768025220e-03,1.208840112245043074e-05,1.208840112181787839e-05,1.208840112202026844e-05,1.208840112260737408e-05
1.594900318730079446e-03,0.000000000000000000e+00,9.133895389908515362e-05,-6.696430704760623254e-06,0.000000000000000000e+00,6.227570895817271038e-03,1.644385818837880474e-05,1.644385818775211556e-05,1.644385818829116732e-05,1.644385818887614522e-05
1.599900006249609357e-03,0.000000000000000000e+00,9.193382046027835945e-05,-6.998185210877540217e-06,0.000000000000000000e+00,6.227567647575646577e-03,2.148810103683727776e-05,2.148810103621759862e-05,2.148810103513091972e-05,2.148810103571135074e-05
1.604899693769139485e-03,0.000000000000000000e+00,9.255388381066235722e-05,-7.299694497647833258e-06,0.000000000000000000e+00,6.227564813204435751e-03,2.682757461236611414e-05,2.682757461175484773e-05,2.682757461224333841e-05,2.682757461281650189e-05
1.609899381288669397e-03,0.000000000000000000e+00,9.316604583363420589e-05,-7.600958565071502378e-06,0.000000000000000000e+00,6.227562997092754571e-03,3.201750772675570071e-05,3.201750772615434798e-05,3.201750772718593924e-05,3.201750772774898576e-05
1.614899068808199525e-03,0.000000000000000000e+00,9.373820413132916596e-05,-7.901977413148546730e-06,0.000000000000000000e+00,6.227562510321907850e-03,3.665382226935442214e-05,3.665382226876457550e-05,3.665382226943462600e-05,3.665382226998468919e-05
1.619898756327729436e-03,0.000000000000000000e+00,9.424158260737375671e-05,-8.202751041878968854e-06,0.000000000000000000e+00,6.227563251764632775e-03,4.037727100332118686e-05,4.037727100274452006e-05,4.037727100189121229e-05,4.037727100242535127e-05
1.624898443847259564e-03,0.000000000000000000e+00,9.465286456279855100e-05,-8.503279451262768751e-06,0.000000000000000000e+00,6.227564803172312181e-03,4.289333963365879330e-05,4.289333963309689874e-05,4.289333963382906047e-05,4.289333963434451729e-05
1.629898131366789476e-03,0.000000000000000000e+00,9.495464335470602912e-05,-8.803562641299941339e-06,0.000000000000000000e+00,6.227566645756878010e-03,4.397796990745608315e-05,4.397796990691034999e-05,4.397796990742100921e-05,4.397796990791541895e-05
1.634897818886319604e-03,0.000000000000000000e+00,9.513634661484524308e-05,-9.103600611990496781e-06,0.000000000000000000e+00,6.227568322574094338e-03,4.349724256244214449e-05,4.349724256191369080e-05,4.349724256127284600e-05,4.349724256174414868e-05
1.639897506405849515e-03,0.000000000000000000e+00,9.519453514652411006e-05,-9.403393363334424914e-06,0.000000000000000000e+00,6.227569529095169226e-03,4.142364717257940158e-05,4.142364717206886433e-05,4.142364717030153347e-05,4.142364717074841450e-05
1.644897193925379643e-03,0.000000000000000000e+00,9.513183770876258152e-05,-9.702940895331729125e-06,0.000000000000000000e+00,6.227570150969602251e-03,3.779231069479685543e-05,3.779231069430438370e-05,3.779231069418469456e-05,3.779231069460651019e-05
1.649896881444909771e-03,0.000000000000000000e+00,9.495694244788187820e-05,-1.000224320798241280e-05,0.000000000000000000e+00,6.227570201844443050e-03,3.272131589290552318e-05,3.272131589243086624e-05,3.272131589153891344e-05,3.272131589193556203e-05
1.654896568964439683e-03,0.000000000000000000e+00,9.468469701714223594e-05,-1.030130030128646917e-05,0.000000000000000000e+00,6.227569811397717751e-03,2.640452957645828455e-05,2.640452957600074785e-05,2.640452957426639706e-05,2.640452957463837667e-05
1.659896256483969811e-03,0.000000000000000000e+00,9.433690466167926744e-05,-1.060011217524390501e-05,0.000000000000000000e+00,6.227569245664438084e-03,1.912326989553976846e-05,1.912326989509829489e-05,1.912326989330410970e-05,1.912326989365251129e-05
1.664895944003499722e-03,0.000000000000000000e+00,9.394105344517630440e-05,-1.089867882985471692e-05,0.000000000000000000e+00,6.227568839528364528e-03,1.121397540075337930e-05,1.121397540032663563e-05,1.121397540069107834e-05,1.121397540101735712e-05
1.669895631523029850e-03,0.000000000000000000e+00,9.352889250170420431e-05,-1.119700026511890153e-05,0.000000000000000000e+00,6.227568874500959660e-03,3.077248755408512437e-06,3.077248754995005351e-06,3.077248754109381160e-06,3.077248754415270168e-06
1.674895319042559762e-03,0.000000000000000000e+00,9.313473289623829270e-05,-1.149507648103646899e-05,0.000000000000000000e+00,6.227569491000941801e-03,-4.812932913651813423e-06,-4.812932914053795778e-06,-4.812932915216163845e-06,-4.812932914928655452e-06
1.679895006562089890e-03,0.000000000000000000e+00,9.279253297063132125e-05,-1.179290747760740744e-05,0.000000000000000000e+00,6.227570606186384056e-03,-1.198156544162477413e-05,-1.198156544201693852e-05,-1.198156544206859059e-05,-1.198156544179736217e-05
1.684894694081619801e-03,0.000000000000000000e+00,9.253318321807171257e-05,-1.209049325483172536e-05,0.000000000000000000e+00,6.227571931428177096e-03,-1.798269531694688390e-05,-1.798269531733080327e-05,-1.798269531650124631e-05,-1.798269531624437510e-05
1.689894381601149929e-03,0.000000000000000000e+00,9.238120983246906313e-05,-1.238783381270941937e-05,0.000000000000000000e+00,6.227573086375784266e-03,-2.245340287460255815e-05,-2.245340287497961656e-05,-2.245340287566982305e-05,-2.245340287542556246e-05
1.694894069120679841e-03,0.000000000000000000e+00,9.235287375451565247e-05,-1.268492915124048606e-05,0.000000000000000000e+00,6.227573674004664717e-03,-2.511639868950588662e-05,-2.511639868987727329e-05,-2.511639869092470068e-05,-2.511639869069156672e-05
1.699893756640209969e-03,0.000000000000000000e+00,9.245333833601078249e-05,-1.298177927042493560e-05,0.000000000000000000e+00,6.227573370022772108e-03,-2.583216058016201064e-05,-2.583216058052863022e-05,-2.583216058052610606e-05,-2.583216058030296031e-05
1.704893444159739880e-03,0.000000000000000000e+00,9.267483438809861302e-05,-1.327838417026275784e-05,0.000000000000000000e+00,6.227572063949931083e-03,-2.458870613313856004e-05,-2.458870613350098511e-05,-2.458870613390649028e-05,-2.458870613369250942e-05
1.709893131679270008e-03,0.000000000000000000e+00,9.299665692465668284e-05,-1.357474385075395616e-05,0.000000000000000000e+00,6.227569977205754323e-03,-2.147674561285535462e-05,-2.147674561321383929e-05,-2.147674561451900864e-05,-2.147674561431377595e-05
1.714892819198800137e-03,0.000000000000000000e+00,9.338691863560773113e-05,-1.387085831189853394e-05,0.000000000000000000e+00,6.227567661888115322e-03,-1.670807852529046717e-05,-1.670807852564477428e-05,-1.670807852705907874e-05,-1.670807852686267552e-05
1.719892506718330048e-03,0.000000000000000000e+00,9.380603605876983728e-05,-1.416672755369648441e-05,0.000000000000000000e+00,6.227565876325025576e-03,-1.063160979665393606e-05,-1.063160979700348285e-05,-1.063160979729601245e-05,-1.063160979710880800e-05
1.724892194237860176e-03,0.000000000000000000e+00,9.420983027987404727e-05,-1.446235157614781605e-05,0.000000000000000000e+00,6.227565269431584692e-03,-3.757093085347040624e-06,-3.757093085690817416e-06,-3.757093086294635017e-06,-3.757093086117310363e-06
1.729891881757390087e-03,0.000000000000000000e+00,9.455415397726723247e-05,-1.475773037925252206e-05,0.000000000000000000e+00,6.227566082326317989e-03,3.333531297816011066e-06,3.333531297479359515e-06,3.333531296283406592e-06,3.333531296449875671e-06
1.734891569276920216e-03,0.000000000000000000e+00,9.479865506808451622e-05,-1.505286396301060247e-05,0.000000000000000000e+00,6.227568051055260012e-03,1.002470422895413900e-05,1.002470422862602046e-05,1.002470422756426466e-05,1.002470422771899895e-05
1.739891256796450127e-03,0.000000000000000000e+00,9.491008701263132358e-05,-1.534775232742206064e-05,0.000000000000000000e+00,6.227570559200391702e-03,1.571170363663514926e-05,1.571170363631713582e-05,1.571170363685079707e-05,1.571170363699285466e-05
1.744890944315980255e-03,0.000000000000000000e+00,9.486513227688742175e-05,-1.564239547248689829e-05,0.000000000000000000e+00,6.227572885635331359e-03,1.985040620853803977e-05,1.985040620823206098e-05,1.985040620740520775e-05,1.985040620753356712e-05
1.749890631835510166e-03,0.000000000000000000e+00,9.465260597149894608e-05,-1.593679339820511031e-05,0.000000000000000000e+00,6.227574454410716130e-03,2.200887191744008695e-05,2.200887191714785042e-05,2.200887191616418090e-05,2.200887191627802213e-05
1.754890319355040295e-03,0.000000000000000000e+00,9.427477969943256705e-05,-1.623094610457670011e-05,0.000000000000000000e+00,6.227574924560568340e-03,2.189151131166927166e-05,2.189151131139259343e-05,2.189151131085031616e-05,2.189151131094887353e-05
1.759890006874570206e-03,0.000000000000000000e+00,9.374532515032382501e-05,-1.652485359160166430e-05,0.000000000000000000e+00,6.227574190077852373e-03,1.933075161162857677e-05,1.933075161136912042e-05,1.933075161223700054e-05,1.933075161231974210e-05
1.764889694394100334e-03,0.000000000000000000e+00,9.308651013412817333e-05,-1.681851585928000286e-05,0.000000000000000000e+00,6.227572387086178010e-03,1.437844844269164181e-05,1.437844844245090827e-05,1.437844844114025522e-05,1.437844844120665583e-05
1.769889381913630462e-03,0.000000000000000000e+00,9.232522439289945191e-05,-1.711193290761172259e-05,0.000000000000000000e+00,6.227569891649344276e-03,7.305552205006198731e-06,7.305552204785484815e-06,7.305552204277209143e-06,7.305552204326888472e-06
1.774889069433160374e-03,0.000000000000000000e+00,9.148948398651284518e-05,-1.740510473659681671e-05,0.000000000000000000e+00,6.227567256617567298e-03,-1.454020901619363493e-06,-1.454020901818982901e-06,-1.454020902147737775e-06,-1.454020902115091855e-06
1.779888756952690502e-03,0.000000000000000000e+00,9.060554184980576444e-05,-1.769803134623528521e-05,0.000000000000000000e+00,6.227565083927861199e-03,-1.137529001710625929e-05,-1.137529001728384821e-05,-1.137529001734779920e-05,-1.137529001733256616e-05
1.784888444472220413e-03,0.000000000000000000e+00,8.969552533408597992e-05,-1.799071273652713487e-05,0.000000000000000000e+00,6.227563862341333953e-03,-2.187529865663246829e-05,-2.187529865678738722e-05,-2.187529865848645061e-05,-2.187529865848904931e-05
1.789888131991750541e-03,0.000000000000000000e+00,8.877651874139096632e-05,-1.828314890747235891e-05,0.000000000000000000e+00,6.227563815960937901e-03,-3.236217583378788446e-05,-3.236217583391983187e-05,-3.236217583487483780e-05,-3.236217583489549185e-05
1.794887819511280453e-03,0.000000000000000000e+00,8.785894370163258374e-05,-1.857533985907095734e-05,0.000000000000000000e+00,6.227564892829984093e-03,-4.233533242991248234e-05,-4.233533243002147176e-05,-4.233533243115267410e-05,-4.233533243119150209e-05
1.799887507030810581e-03,0.000000000000000000e+00,8.694645084980111359e-05,-1.886728559132293354e-05,0.000000000000000000e+00,6.227566795200461386e-03,-5.138581941390736986e-05,-5.138581941399369946e-05,-5.138581941480737964e-05,-5.138581941486451032e-05
1.804887194550340492e-03,0.000000000000000000e+00,8.603655028361530664e-05,-1.915898610422828413e-05,0.000000000000000000e+00,6.227569029369855146e-03,-5.922433283990692241e-05,-5.922433283997121560e-05,-5.922433284193890025e-05,-5.922433284201427262e-05
1.809886882069870620e-03,0.000000000000000000e+00,8.512321729101243132e-05,-1.945044139778701926e-05,0.000000000000000000e+00,6.227570942697385412e-03,-6.568995995098595754e-05,-6.568995995102908168e-05,-6.568995995197797542e-05,-6.568995995207140655e-05
1.814886569589400532e-03,0.000000000000000000e+00,8.419984731804554549e-05,-1.974165147199912200e-05,0.000000000000000000e+00,6.227571882329837986e-03,-7.076798777859529585e-05,-7.076798777861815896e-05,-7.076798777922631506e-05,-7.076798777933762197e-05
1.819886257108930660e-03,0.000000000000000000e+00,8.326101930945033441e-05,-2.003261632686460591e-05,0.000000000000000000e+00,6.227571437502627330e-03,-7.452244330732502812e-05,-7.452244330732879572e-05,-7.452244330752339646e-05,-7.452244330765237586e-05
1.824885944628460788e-03,0.000000000000000000e+00,8.230439934425536714e-05,-2.032333596238346758e-05,0.000000000000000000e+00,6.227569728886368436e-03,-7.701437831568233431e-05,-7.701437831566821258e-05,-7.701437831719373924e-05,-7.701437831733997101e-05
1.829885632147990699e-03,0.000000000000000000e+00,8.133146057957970840e-05,-2.061381037855570026e-05,0.000000000000000000e+00,6.227567455528183575e-03,-7.830750681056115024e-05,-7.830750681053045377e-05,-7.830750681062759828e-05,-7.830750681079066229e-05
1.834885319667520828e-03,0.000000000000000000e+00,8.034892650124341210e-05,-2.090403957538131409e-05,0.000000000000000000e+00,6.227565621001710135e-03,-7.846176349943731769e-05,-7.846176349939122554e-05,-7.846176349919147485e-05,-7.846176349937111359e-05
1.839885007187050739e-03,0.000000000000000000e+00,7.936926085271401394e-05,-2.119402355286030231e-05,0.000000000000000000e+00,6.227565064994771728e-03,-7.755355491239700574e-05,-7.755355491233668344e-05,-7.755355491303398806e-05,-7.755355491322982208e-05
1.844884694706580867e-03,0.000000000000000000e+00,7.841112190474921280e-05,-2.148376231099266830e-05,0.000000000000000000e+00,6.227566087698408782e-03,-7.567919762356016739e-05,-7.567919762348682112e-05,-7.567919762474716548e-05,-7.567919762495888306e-05
1.849884382226110778e-03,0.000000000000000000e+00,7.749863688350885796e-05,-2.177325584977841207e-05,0.000000000000000000e+00,6.227568363305578496e-03,-7.301447650177575650e-05,-7.301447650169045689e-05,-7.301447650197244433e-05,-7.301447650219948981e-05
1.854884069745640907e-03,0.000000000000000000e+00,7.665832247624485506e-05,-2.206250416921752683e-05,0.000000000000000000e+00,6.227571123762978486e-03,-6.979321998759595725e-05,-6.979321998749963944e-05,-6.979321998779791701e-05,-6.979321998803988383e-05
1.859883757265170818e-03,0.000000000000000000e+00,7.591586671309840664e-05,-2.235150726931002275e-05,0.000000000000000000e+00,6.227573466652287261e-03,-6.622964980163191452e-05,-6.622964980152573047e-05,-6.622964980310229596e-05,-6.622964980335843872e-05
1.864883444784700946e-03,0.000000000000000000e+00,7.529253868897523233e-05,-2.264026515005589644e-05,0.000000000000000000e+00,6.227574639306922982e-03,-6.251714834210502284e-05,-6.251714834199004320e-05,-6.251714834306357953e-05,-6.251714834333292246e-05
1.869883132304230857e-03,0.000000000000000000e+00,7.480434041021876866e-05,-2.292877781145514113e-05,0.000000000000000000e+00,6.227574286948278116e-03,-5.881691613197498347e-05,-5.881691613185242797e-05,-5.881691613232736273e-05,-5.881691613260857767e-05
1.874882819823760986e-03,0.000000000000000000e+00,7.446155144148973828e-05,-2.321704525350776698e-05,0.000000000000000000e+00,6.227572549591608997e-03,-5.524284187604095039e-05,-5.524284187591176092e-05,-5.524284187639608081e-05,-5.524284187668764988e-05
1.879882507343291114e-03,0.000000000000000000e+00,7.426936853674736020e-05,-2.350506747621376722e-05,0.000000000000000000e+00,6.227570025243697738e-03,-5.178822758451937186e-05,-5.178822758438471395e-05,-5.178822758574464229e-05,-5.178822758604481721e-05
1.884882194862821025e-03,0.000000000000000000e+00,7.422913056779576217e-05,-2.379284447957314523e-05,0.000000000000000000e+00,6.227567536795656361e-03,-4.834489999999388635e-05,-4.834489999985490518e-05,-4.834490000031039885e-05,-4.834490000061700444e-05
1.889881882382351153e-03,0.000000000000000000e+00,7.433933744563150383e-05,-2.408037626358589762e-05,0.000000000000000000e+00,6.227565809313619603e-03,-4.471004410841023332e-05,-4.471004410826800632e-05,-4.471004410810074103e-05,-4.471004410841139206e-05
1.894881569901881065e-03,0.000000000000000000e+00,7.459725030245322039e-05,-2.436766282825202440e-05,0.000000000000000000e+00,6.227565161497757018e-03,-4.060702088274404677e-05,-4.060702088259953617e-05,-4.060702088243689907e-05,-4.060702088274925094e-05
1.899881257421411193e-03,0.000000000000000000e+00,7.499942952636284637e-05,-2.465470417357153572e-05,0.000000000000000000e+00,6.227565425566822244e-03,-3.577387360370636098e-05,-3.577387360356055611e-05,-3.577387360441838365e-05,-3.577387360472992237e-05
1.904880944940941104e-03,0.000000000000000000e+00,7.554394193207790019e-05,-2.494150029954441804e-05,0.000000000000000000e+00,6.227566101431175442e-03,-3.003267638502823397e-05,-3.003267638488190395e-05,-3.003267638413094825e-05,-3.003267638443936989e-05
1.909880632460471232e-03,0.000000000000000000e+00,7.623095323777709050e-05,-2.522805120617067475e-05,0.000000000000000000e+00,6.227566695275696743e-03,-2.334712840416831197e-05,-2.334712840402214796e-05,-2.334712840331594949e-05,-2.334712840361901449e-05
1.914880319980001144e-03,0.000000000000000000e+00,7.706202883153414002e-05,-2.551435689345031262e-05,0.000000000000000000e+00,6.227567000432601696e-03,-1.577423273703316235e-05,-1.577423273688770646e-05,-1.577423273637118916e-05,-1.577423273666705099e-05
1.919880007499531272e-03,0.000000000000000000e+00,7.803841502697977050e-05,-2.580041736138332487e-05,0.000000000000000000e+00,6.227567146842876225e-03,-7.468741170440488695e-06,-7.468741170296211879e-06,-7.468741170944737573e-06,-7.468741171231780098e-06
1.924879695019061183e-03,0.000000000000000000e+00,7.915941144910607400e-05,-2.608623260996971490e-05,0.000000000000000000e+00,6.227567445622256802e-03,1.328781552595757959e-06,1.328781552738655806e-06,1.328781553829912069e-06,1.328781553552810322e-06
1.929879382538591311e-03,0.000000000000000000e+00,8.042202093396378770e-05,-2.637180263920947931e-05,0.000000000000000000e+00,6.227568189630752239e-03,1.029404939570569255e-05,1.029404939584724192e-05,1.029404939595050540e-05,1.029404939568389331e-05
1.934879070058121439e-03,0.000000000000000000e+00,8.181950662265201671e-05,-2.665712744910262149e-05,0.000000000000000000e+00,6.227569517479126029e-03,1.903757049545333528e-05,1.903757049559367170e-05,1.903757049502214808e-05,1.903757049476609002e-05
1.939878757577651351e-03,0.000000000000000000e+00,8.334139780009295609e-05,-2.694220703964914483e-05,0.000000000000000000e+00,6.227571365646509920e-03,2.714456696772173330e-05,2.714456696786122608e-05,2.714456696654666483e-05,2.714456696630064580e-05
1.944878445097181479e-03,0.000000000000000000e+00,8.497247563020343436e-05,-2.722704141084903579e-05,0.000000000000000000e+00,6.227573471588100304e-03,3.416871910060722834e-05,3.416871910074665674e-05,3.416871910063791126e-05,3.416871910040085724e-05
1.949878132616711390e-03,0.000000000000000000e+00,8.669175641556884000e-05,-2.751163056270230790e-05,0.000000000000000000e+00,6.227575363182571641e-03,3.969434549305562228e-05,3.969434549319600614e-05,3.969434549189919192e-05,3.969434549166945625e-05
1.954877820136241302e-03,0.000000000000000000e+00,8.847147806949901406e-05,-2.779597449520895778e-05,0.000000000000000000e+00,6.227576453883203883e-03,4.334711227231152097e-05,4.334711227245407323e-05,4.334711227055926730e-05,4.334711227033491876e-05
1.959877507655771647e-03,0.000000000000000000e+00,9.027775169848311178e-05,-2.808007320836898205e-05,0.000000000000000000e+00,6.227576256870174728e-03,4.481384939792910091e-05,4.481384939807533268e-05,4.481384939652077650e-05,4.481384939629951117e-05
1.964877195175301558e-03,0.000000000000000000e+00,9.207430366183322714e-05,-2.836392670218238410e-05,0.000000000000000000e+00,6.227574643722756133e-03,4.384651370579112145e-05,4.384651370594255739e-05,4.384651370577996772e-05,4.384651370555933258e-05
1.969876882694831469e-03,0.000000000000000000e+00,9.382554023600502338e-05,-2.864753497664916052e-05,0.000000000000000000e+00,6.227571969191532039e-03,4.030882177352681161e-05,4.030882177368510513e-05,4.030882177239339344e-05,4.030882177217100324e-05
1.974876570214361381e-03,0.000000000000000000e+00,9.550018056494426666e-05,-2.893089803176931472e-05,0.000000000000000000e+00,6.227568989361684758e-03,3.424182661661109075e-05,3.424182661677782071e-05,3.424182661596602434e-05,3.424182661573948029e-05
1.979876257733891726e-03,0.000000000000000000e+00,9.707344310127597777e-05,-2.921401586754284669e-05,0.000000000000000000e+00,6.227566556737490662e-03,2.586481717414798506e-05,2.586481717432445929e-05,2.586481717467965070e-05,2.586481717444702835e-05
1.984875945253421637e-03,0.000000000000000000e+00,9.852949125837601088e-05,-2.949688848396974966e-05,0.000000000000000000e+00,6.227565281507268895e-03,1.561671236900266836e-05,1.561671236918999478e-05,1.561671237049242991e-05,1.561671237025211311e-05
1.989875632772951548e-03,0.000000000000000000e+00,9.986227623585268735e-05,-2.977951588105003718e-05,0.000000000000000000e+00,6.227565323344188240e-03,4.114890032508192273e-06,4.114890032707018010e-06,4.114890033007552076e-06,4.114890032758444769e-06
1.994875320292481893e-03,0.000000000000000000e+00,1.010752532730919018e-04,-3.006189805878369908e-05,0.000000000000000000e+00,6.227566394232475142e-03,-7.880682819199930512e-06,-7.880682818989315769e-06,-7.880682818080075028e-06,-7.880682818338455653e-06
1.999875007812011805e-03,0.000000000000000000e+00,1.021814888378682452e-04,-3.034403501717073198e-05,0.000000000000000000e+00,6.227567917289206223e-03,-1.956879251418821951e-05,-1.956879251396615458e-05,-1.956879251232074903e-05,-1.956879251258837417e-05
2.004874695331541716e-03,0.000000000000000000e+00,1.032013424526351275e-04,-3.062592675621115282e-05,0.000000000000000000e+00,6.227569265659625014e-03,-3.018790002068547573e-05,-3.018790002045262298e-05,-3.018790001935265244e-05,-3.018790001962908673e-05
2.009874382851071627e-03,0.000000000000000000e+00,1.041592575294903578e-04,-3.090757327590493787e-05,0.000000000000000000e+00,6.227569967632232660e-03,-3.907906399979558533e-05,-3.907906399955301543e-05,-3.907906399921466981e-05,-3.907906399949890019e-05
2.014874070370601972e-03,0.000000000000000000e+00,1.050791319340001439e-04,-3.118897457625210409e-05,0.000000000000000000e+00,6.227569840934686109e-03,-4.575764193544612697e-05,-4.575764193519548653e-05,-4.575764193517617418e-05,-4.575764193546668615e-05
2.019873757890131884e-03,0.000000000000000000e+00,1.059819923892345100e-04,-3.147013065725264469e-05,0.000000000000000000e+00,6.227569031786612044e-03,-4.993978454002009779e-05,-4.993978453976321641e-05,-4.993978453928086842e-05,-4.993978453957585272e-05
2.024873445409661795e-03,0.000000000000000000e+00,1.068844910344197378e-04,-3.175104151890656645e-05,0.000000000000000000e+00,6.227567938579454433e-03,-5.159142570338098117e-05,-5.159142570311998661e-05,-5.159142570349331807e-05,-5.159142570379072828e-05
2.029873132929191706e-03,0.000000000000000000e+00,1.077973959707309202e-04,-3.203170716121386260e-05,0.000000000000000000e+00,6.227567031440599081e-03,-5.087371182077740319e-05,-5.087371182051465357e-05,-5.087371182124868555e-05,-5.087371182154611608e-05
2.034872820448722051e-03,0.000000000000000000e+00,1.087250024696000182e-04,-3.231212758417453313e-05,0.000000000000000000e+00,6.227566647135666586e-03,-4.810348867888836742e-05,-4.810348867862633608e-05,-4.810348867893325339e-05,-4.810348867922827835e-05
2.039872507968251963e-03,0.000000000000000000e+00,1.096637159495241772e-04,-3.259230278778858482e-05,0.000000000000000000e+00,6.227566859293557668e-03,-4.369610084136632051e-05,-4.369610084110718264e-05,-4.369610084029000591e-05,-4.369610084058026038e-05
2.044872195487781874e-03,0.000000000000000000e+00,1.106013080929560074e-04,-3.287223277205601090e-05,0.000000000000000000e+00,6.227567493607920855e-03,-3.810922669272868632e-05,-3.810922669247465775e-05,-3.810922669240876537e-05,-3.810922669269197253e-05
2.049871883007312219e-03,0.000000000000000000e+00,1.115149810472297441e-04,-3.315191753697680459e-05,0.000000000000000000e+00,6.227568282919039057e-03,-3.181290015718625703e-05,-3.181290015693925545e-05,-3.181290015657970013e-05,-3.181290015685379321e-05
2.054871570526842130e-03,0.000000000000000000e+00,1.123720466548843973e-04,-3.343135708255098621e-05,0.000000000000000000e+00,6.227569047335800717e-03,-2.526716818797153239e-05,-2.526716818773312988e-05,-2.526716818642602930e-05,-2.526716818668937523e-05
2.059871258046372042e-03,0.000000000000000000e+00,1.131324531696297788e-04,-3.371055140877854221e-05,0.000000000000000000e+00,6.227569760902156894e-03,-1.893870640729208458e-05,-1.893870640706336197e-05,-1.893870640531420505e-05,-1.893870640556558071e-05
2.064870945565901953e-03,0.000000000000000000e+00,1.137514986525620071e-04,-3.398950051565947261e-05,0.000000000000000000e+00,6.227570467858834988e-03,-1.322491832651801823e-05,-1.322491832629961418e-05,-1.322491832607430341e-05,-1.322491832631306675e-05
2.069870633085432298e-03,0.000000000000000000e+00,1.141825887121587058e-04,-3.426820440319378416e-05,0.000000000000000000e+00,6.227571177726415504e-03,-8.416652464561573277e-06,-8.416652464353442035e-06,-8.416652463424163883e-06,-8.416652463650406383e-06
2.074870320604962209e-03,0.000000000000000000e+00,1.143797954488693134e-04,-3.454666307138146332e-05,0.000000000000000000e+00,6.227571799499874612e-03,-4.665803650995645489e-06,-4.665803650797343218e-06,-4.665803650178888888e-06,-4.665803650393056086e-06
2.079870008124492121e-03,0.000000000000000000e+00,1.143027671962413547e-04,-3.482487652022253042e-05,0.000000000000000000e+00,6.227572180455086433e-03,-1.980079738395139899e-06,-1.980079738205750109e-06,-1.980079737903015451e-06,-1.980079738106089906e-06
2.084869695644022032e-03,0.000000000000000000e+00,1.139201288378995710e-04,-3.510284474971696512e-05,0.000000000000000000e+00,6.227572207955980356e-03,-2.388079890685997325e-07,-2.388079888867332884e-07,-2.388079894905729121e-07,-2.388079896839352873e-07
2.089869383163552377e-03,0.000000000000000000e+00,1.132130515446304499e-04,-3.538056775986477421e-05,0.000000000000000000e+00,6.227571901394573888e-03,7.961851773467761478e-07,7.961851775227997587e-07,7.961851775628102070e-07,7.961851773775962887e-07
2.094869070683082288e-03,0.000000000000000000e+00,1.121780731830259597e-04,-3.565804555066597124e-05,0.000000000000000000e+00,6.227571394128539155e-03,1.420043022608567291e-06,1.420043022780708103e-06,1.420043022516094163e-06,1.420043022337316848e-06
2.099868758202612200e-03,0.000000000000000000e+00,1.108279268845614409e-04,-3.593527812212053587e-05,0.000000000000000000e+00,6.227570846669827111e-03,1.973392606901671755e-06,1.973392607072065985e-06,1.973392607070370225e-06,1.973392606896362552e-06
2.104868445722142545e-03,0.000000000000000000e+00,1.091895194926784086e-04,-3.621226547422847489e-05,0.000000000000000000e+00,6.227570314747062595e-03,2.788837638894943498e-06,2.788837639065849336e-06,2.788837639111392604e-06,2.788837638940495236e-06
2.109868133241672456e-03,0.000000000000000000e+00,1.072996820023877683e-04,-3.648900760698979508e-05,0.000000000000000000e+00,6.227569694355701915e-03,4.164490006773873930e-06,4.164490006947424204e-06,4.164490007584242209e-06,4.164490007415316734e-06
2.114867820761202367e-03,0.000000000000000000e+00,1.052033951824945591e-04,-3.676550452040448964e-05,0.000000000000000000e+00,6.227568830232795873e-03,6.310450573569932191e-06,6.310450573748195357e-06,6.310450574924898610e-06,6.310450574757003127e-06
2.119867508280732279e-03,0.000000000000000000e+00,1.029513984527161586e-04,-3.704175621447256537e-05,0.000000000000000000e+00,6.227567718451779664e-03,9.314912128309095357e-06,9.314912128493899312e-06,9.314912129716096704e-06,9.314912129548734852e-06
2.124867195800262624e-03,0.000000000000000000e+00,1.005978194157422354e-04,-3.731776268919401548e-05,0.000000000000000000e+00,6.227566589728687242e-03,1.316026395216689738e-05,1.316026395235983962e-05,1.316026395319904429e-05,1.316026395303212798e-05
2.129866883319792535e-03,0.000000000000000000e+00,9.819771621736928847e-05,-3.759352394456883997e-05,0.000000000000000000e+00,6.227565814653015196e-03,1.771580751010847209e-05,1.771580751031076389e-05,1.771580751187929272e-05,1.771580751171321667e-05
2.134866570839322446e-03,0.000000000000000000e+00,9.580597279963366179e-05,-3.786903998059704563e-05,0.000000000000000000e+00,6.227565704033141691e-03,2.276498741417587625e-05,2.276498741438848152e-05,2.276498741596741531e-05,2.276498741580285375e-05
2.139866258358852358e-03,0.000000000000000000e+00,9.347665443266789875e-05,-3.814431079727861890e-05,0.000000000000000000e+00,6.227566344464490269e-03,2.801311693039324917e-05,2.801311693061677438e-05,2.801311693149189156e-05,2.801311693132974235e-05
2.144865945878382703e-03,0.000000000000000000e+00,9.126084424746134550e-05,-3.841933639461357332e-05,0.000000000000000000e+00,6.227567588350269370e-03,3.312495632960172113e-05,3.312495632983616630e-05,3.312495633058188055e-05,3.312495633042346506e-05
2.149865633397912614e-03,0.000000000000000000e+00,8.920691312325638241e-05,-3.869411677260190891e-05,0.000000000000000000e+00,6.227569122726878646e-03,3.773260248718833060e-05,3.773260248743349582e-05,3.773260248834102047e-05,3.773260248818778882e-05
2.154865320917442525e-03,0.000000000000000000e+00,8.736039716833518402e-05,-3.896865193124361888e-05,0.000000000000000000e+00,6.227570527842736514e-03,4.146571688148692264e-05,4.146571688174223870e-05,4.146571688240408314e-05,4.146571688225738381e-05
2.159865008436972437e-03,0.000000000000000000e+00,8.576278126887294296e-05,-3.924294187053870323e-05,0.000000000000000000e+00,6.227571367790917835e-03,4.403816986839579223e-05,4.403816986866035789e-05,4.403816986873234214e-05,4.403816986859353716e-05
2.164864695956502782e-03,0.000000000000000000e+00,8.444787267660145986e-05,-3.951698659048716197e-05,0.000000000000000000e+00,6.227571379836260856e-03,4.529632284784572839e-05,4.529632284811845944e-05,4.529632284881833227e-05,4.529632284868862104e-05
2.169864383476032693e-03,0.000000000000000000e+00,8.343978925086180777e-05,-3.979078609108900187e-05,0.000000000000000000e+00,6.227570630220975213e-03,4.527706277444157649e-05,4.527706277472132775e-05,4.527706277482972086e-05,4.527706277471001139e-05
2.174864070995562604e-03,0.000000000000000000e+00,8.275311765191361430e-05,-4.006434037234421616e-05,0.000000000000000000e+00,6.227569540462942269e-03,4.418977172973727720e-05,4.418977173002263244e-05,4.418977173054676965e-05,4.418977173043768536e-05
2.179863758515092950e-03,0.000000000000000000e+00,8.239189427096875018e-05,-4.033764943425280483e-05,0.000000000000000000e+00,6.227568693981885145e-03,4.239609143450527015e-05,4.239609143479492154e-05,4.239609143499746405e-05,4.239609143489929632e-05
2.184863446034622861e-03,0.000000000000000000e+00,8.235032115973678075e-05,-4.061071327681477466e-05,0.000000000000000000e+00,6.227568513655558358e-03,4.034820431408138078e-05,4.034820431437402050e-05,4.034820431518657582e-05,4.034820431509918235e-05
2.189863133554152772e-03,0.000000000000000000e+00,8.261426327217475058e-05,-4.088353190003011887e-05,0.000000000000000000e+00,6.227569024370926791e-03,3.852533423193815466e-05,3.852533423223268496e-05,3.852533423290272868e-05,3.852533423282553348e-05
2.194862821073682684e-03,0.000000000000000000e+00,8.316336777559483941e-05,-4.115610530389883747e-05,0.000000000000000000e+00,6.227569929264398577e-03,3.737023347766172022e-05,3.737023347795715854e-05,3.737023347896885469e-05,3.737023347890086166e-05
2.199862508593213029e-03,0.000000000000000000e+00,8.397039577714578130e-05,-4.142843348842093046e-05,0.000000000000000000e+00,6.227570844179190074e-03,3.719485963247518500e-05,3.719485963277086049e-05,3.719485963325178546e-05,3.719485963319166645e-05
2.204862196112742940e-03,0.000000000000000000e+00,8.500124362877926833e-05,-4.170051645359640460e-05,0.000000000000000000e+00,6.227571509885251530e-03,3.814462620105287042e-05,3.814462620134815966e-05,3.814462620218571262e-05,3.814462620213182777e-05
2.209861883632272851e-03,0.000000000000000000e+00,8.621718741528254385e-05,-4.197235419942525991e-05,0.000000000000000000e+00,6.227571856496505985e-03,4.014126373765796818e-05,4.014126373795256624e-05,4.014126373869834148e-05,4.014126373864878667e-05
2.214861571151802763e-03,0.000000000000000000e+00,8.757551449132530350e-05,-4.224394672590748282e-05,0.000000000000000000e+00,6.227571909030138811e-03,4.291472379246068854e-05,4.291472379275436503e-05,4.291472379351052828e-05,4.291472379346325029e-05
2.219861258671333108e-03,0.000000000000000000e+00,8.902939916297946169e-05,-4.251529403304308690e-05,0.000000000000000000e+00,6.227571656276359099e-03,4.607472346898146590e-05,4.607472346927420049e-05,4.607472346932622864e-05,4.607472346927901841e-05
2.224860946190863019e-03,0.000000000000000000e+00,9.052753729142293715e-05,-4.278639612083206536e-05,0.000000000000000000e+00,6.227571045709969118e-03,4.919743911479549980e-05,4.919743911508738058e-05,4.919743911562929871e-05,4.919743911557991330e-05
2.229860633710392930e-03,0.000000000000000000e+00,9.201658290791538510e-05,-4.305725298927441820e-05,0.000000000000000000e+00,6.227570040477530162e-03,5.188225981414791371e-05,5.188225981443917784e-05,5.188225981455092521e-05,5.188225981449712167e-05
2.234860321229923275e-03,0.000000000000000000e+00,9.344268768047397087e-05,-4.332786463837015221e-05,0.000000000000000000e+00,6.227568655293727433e-03,5.377993768065423403e-05,5.377993768094523389e-05,5.377993768147725867e-05,5.377993768141684151e-05
2.239860008749453187e-03,0.000000000000000000e+00,9.475356906272515683e-05,-4.359823106811926060e-05,0.000000000000000000e+00,6.227567020194436226e-03,5.466850305309752238e-05,5.466850305338869843e-05,5.466850305353350718e-05,5.466850305346448416e-05
2.244859696268983098e-03,0.000000000000000000e+00,9.590300962980545030e-05,-4.386835227852175015e-05,0.000000000000000000e+00,6.227565406044254653e-03,5.446187596080233280e-05,5.446187596109411871e-05,5.446187596159528439e-05,5.446187596151578526e-05
2.249859383788513009e-03,0.000000000000000000e+00,9.685485418896748802e-05,-4.413822826957761408e-05,0.000000000000000000e+00,6.227564187748684324e-03,5.323799306777274093e-05,5.323799306806571946e-05,5.323799306844839539e-05,5.323799306835674643e-05
2.254859071308043354e-03,0.000000000000000000e+00,9.758478078485748291e-05,-4.440785904128684563e-05,0.000000000000000000e+00,6.227563752932685145e-03,5.122873190470409799e-05,5.122873190499882480e-05,5.122873190555570492e-05,5.122873190545051698e-05
2.259858758827573266e-03,0.000000000000000000e+00,9.807889035864731568e-05,-4.467724459364946511e-05,0.000000000000000000e+00,6.227564372309833673e-03,4.878929351191729563e-05,4.878929351221446189e-05,4.878929351305849295e-05,4.878929351293854631e-05
2.264858446347103177e-03,0.000000000000000000e+00,9.833400629139452673e-05,-4.494638492666545897e-05,0.000000000000000000e+00,6.227566026320336019e-03,4.633516558755700846e-05,4.633516558785731891e-05,4.633516558889502914e-05,4.633516558875941578e-05
2.269858133866633088e-03,0.000000000000000000e+00,9.835649502910973627e-05,-4.521528004033482045e-05,0.000000000000000000e+00,6.227568384144830695e-03,4.425817906754954102e-05,4.425817906785365296e-05,4.425817906930560295e-05,4.425817906915372656e-05
2.274857821386163433e-03,0.000000000000000000e+00,9.815921536521461448e-05,-4.548392993465756986e-05,0.000000000000000000e+00,6.227570888377328279e-03,4.291606081941906116e-05,4.291606081972761154e-05,4.291606082097939749e-05,4.291606082081069563e-05
2.279857508905693345e-03,0.000000000000000000e+00,9.775899438875218885e-05,-4.575233460963368687e-05,0.000000000000000000e+00,6.227572910758666196e-03,4.258106933354654470e-05,4.258106933386026537e-05,4.258106933530669271e-05,4.258106933512100954e-05
2.284857196425223256e-03,0.000000000000000000e+00,9.717573513809069151e-05,-4.602049406526318505e-05,0.000000000000000000e+00,6.227573977451925091e-03,4.341721702081004924e-05,4.341721702112961783e-05,4.341721702233529131e-05,4.341721702213238287e-05
2.289856883944753601e-03,0.000000000000000000e+00,9.643239241318133672e-05,-4.628840830154605762e-05,0.000000000000000000e+00,6.227573983110547967e-03,4.541558359461353027e-05,4.541558359493978703e-05,4.541558359620984179e-05,4.541558359598953868e-05
2.294856571464283512e-03,0.000000000000000000e+00,9.555342839736418457e-05,-4.655607731848230457e-05,0.000000000000000000e+00,6.227573180462663179e-03,4.839270958478418061e-05,4.839270958511796580e-05,4.839270958551464827e-05,4.839270958527669300e-05
2.299856258983813424e-03,0.000000000000000000e+00,9.456624733110877514e-05,-4.682350111607193945e-05,0.000000000000000000e+00,6.227572004332272183e-03,5.200040680828099421e-05,5.200040680862322263e-05,5.200040680828175993e-05,5.200040680802578657e-05
2.304855946503343335e-03,0.000000000000000000e+00,9.350347799597880593e-05,-4.709067969431494195e-05,0.000000000000000000e+00,6.227570834688982843e-03,5.573557144583485951e-05,5.573557144618649338e-05,5.573557144537335530e-05,5.573557144509907248e-05
2.309855634022873680e-03,0.000000000000000000e+00,9.240363836690447909e-05,-4.735761305321131882e-05,0.000000000000000000e+00,6.227569829334433232e-03,5.903454462269494205e-05,5.903454462305694360e-05,5.903454462276806471e-05,5.903454462247495065e-05
2.314855321542403591e-03,0.000000000000000000e+00,9.130978015701944725e-05,-4.762430119276107686e-05,0.000000000000000000e+00,6.227568988192986807e-03,6.135924061923998005e-05,6.135924061961354190e-05,6.135924061836757677e-05,6.135924061805489286e-05
2.319855009061933503e-03,0.000000000000000000e+00,9.026789613702617928e-05,-4.789074411296420929e-05,0.000000000000000000e+00,6.227568348048893691e-03,6.227964950880225583e-05,6.227964950918836733e-05,6.227964950856122413e-05,6.227964950822841472e-05
2.324854696581463414e-03,0.000000000000000000e+00,8.932594629501937041e-05,-4.815694181382071610e-05,0.000000000000000000e+00,6.227568063270181795e-03,6.147928224691983159e-05,6.147928224731960404e-05,6.147928224695489198e-05,6.147928224660130655e-05
2.329854384100993759e-03,0.000000000000000000e+00,8.852981074813353756e-05,-4.842289429533060406e-05,0.000000000000000000e+00,6.227568300796230104e-03,5.881473791826052281e-05,5.881473791867499297e-05,5.881473791937241280e-05,5.881473791899762444e-05
2.334854071620523670e-03,0.000000000000000000e+00,8.791977448035988600e-05,-4.868860155749386642e-05,0.000000000000000000e+00,6.227569118477050726e-03,5.434415828623567442e-05,5.434415828666556059e-05,5.434415828666111536e-05,5.434415828626489367e-05
2.339853759140053582e-03,0.000000000000000000e+00,8.752843943090199148e-05,-4.895406360031050993e-05,0.000000000000000000e+00,6.227570356022290622e-03,4.829156033654858634e-05,4.829156033699440350e-05,4.829156033839222470e-05,4.829156033797495594e-05
2.344853446659583927e-03,0.000000000000000000e+00,8.737970111263658024e-05,-4.921928042378052106e-05,0.000000000000000000e+00,6.227571657684017811e-03,4.103241246597823851e-05,4.103241246644035258e-05,4.103241246759460777e-05,4.103241246715680693e-05
2.349853134179113838e-03,0.000000000000000000e+00,8.748671740310042183e-05,-4.948425202790391334e-05,0.000000000000000000e+00,6.227572575648701245e-03,3.304272406033037594e-05,3.304272406080871238e-05,3.304272406199241721e-05,3.304272406153522948e-05
2.354852821698643749e-03,0.000000000000000000e+00,8.785029185975939047e-05,-4.974897841268068678e-05,0.000000000000000000e+00,6.227572680481095746e-03,2.485104571607477182e-05,2.485104571656896133e-05,2.485104571681739271e-05,2.485104571634240374e-05
2.359852509218173661e-03,0.000000000000000000e+00,8.846052493410568127e-05,-5.001345957811082784e-05,0.000000000000000000e+00,6.227571689636075131e-03,1.694586576312623018e-05,1.694586576363552060e-05,1.694586576436503620e-05,1.694586576387427208e-05
2.364852196737704006e-03,0.000000000000000000e+00,8.929766194989821116e-05,-5.027769552419435005e-05,0.000000000000000000e+00,6.227569682996539173e-03,9.778456925994975698e-06,9.778456926518448836e-06,9.778456926851824063e-06,9.778456926347676829e-06
2.369851884257233917e-03,0.000000000000000000e+00,9.033283888580802929e-05,-5.054168625093124665e-05,0.000000000000000000e+00,6.227567180180633259e-03,3.760085766837994301e-06,3.760085767374247471e-06,3.760085767505254669e-06,3.760085766990456843e-06
2.374851571776763828e-03,0.000000000000000000e+00,9.152958107152986563e-05,-5.080543175832151763e-05,0.000000000000000000e+00,6.227564951630668033e-03,-7.848100567607437314e-07,-7.848100562132250224e-07,-7.848100573739566217e-07,-7.848100578965657857e-07
2.379851259296293740e-03,0.000000000000000000e+00,9.284736041536043949e-05,-5.106893204636516977e-05,0.000000000000000000e+00,6.227563661768363394e-03,-3.659993161746921035e-06,-3.659993161189691941e-06,-3.659993161631968500e-06,-3.659993162159598876e-06
2.384850946815824085e-03,0.000000000000000000e+00,9.424414047475127118e-05,-5.133218711506219630e-05,0.000000000000000000e+00,6.227563531395105198e-03,-4.837949031369982687e-06,-4.837949030804603441e-06,-4.837949031241337017e-06,-4.837949031771401765e-06
2.389850634335353996e-03,0.000000000000000000e+00,9.567736070326662487e-05,-5.159519696441260399e-05,0.000000000000000000e+00,6.227564259159651741e-03,-4.422822517241503995e-06,-4.422822516669622925e-06,-4.422822517376541376e-06,-4.422822517906590877e-06
2.394850321854883907e-03,0.000000000000000000e+00,9.710705491102722647e-05,-5.185796159441638607e-05,0.000000000000000000e+00,6.227565294858037302e-03,-2.636553593139714688e-06,-2.636553592562790384e-06,-2.636553593988978720e-06,-2.636553594516952991e-06
2.399850009374414252e-03,0.000000000000000000e+00,9.849859571047350824e-05,-5.212048100507354252e-05,0.000000000000000000e+00,6.227566221567965715e-03,2.604695255966785688e-07,2.604695261774026634e-07,2.604695261802300593e-07,2.604695256559149709e-07
2.404849696893944164e-03,0.000000000000000000e+00,9.982436030836385876e-05,-5.238275519638407337e-05,0.000000000000000000e+00,6.227566930397256117e-03,4.023318208830032217e-06,4.023318209413590484e-06,4.023318208946621220e-06,4.023318208426980059e-06
2.409849384413474075e-03,0.000000000000000000e+00,1.010638203604821055e-04,-5.264478416834798537e-05,0.000000000000000000e+00,6.227567607376053790e-03,8.432329921331350124e-06,8.432329921917158111e-06,8.432329920830414839e-06,8.432329920315925333e-06
2.414849071933003986e-03,0.000000000000000000e+00,1.022049862685947335e-04,-5.290656792096527176e-05,0.000000000000000000e+00,6.227568555311225988e-03,1.327305006385439179e-05,1.327305006444226485e-05,1.327305006423617665e-05,1.327305006372663890e-05
2.419848759452534331e-03,0.000000000000000000e+00,1.032454231366544364e-04,-5.316810645423593253e-05,0.000000000000000000e+00,6.227569938115698478e-03,1.832502524946271578e-05,1.832502525005294189e-05,1.832502525067249228e-05,1.832502525016718630e-05
2.424848446972064243e-03,0.000000000000000000e+00,1.041904178588562847e-04,-5.342939976815997446e-05,0.000000000000000000e+00,6.227571637920207431e-03,2.340825284946296909e-05,2.340825285005613949e-05,2.340825284994648261e-05,2.340825284944413447e-05
2.429848134491594154e-03,0.000000000000000000e+00,1.050513229406623109e-04,-5.369044786273739078e-05,0.000000000000000000e+00,6.227573294647407304e-03,2.834245217058595117e-05,2.834245217118301453e-05,2.834245217086594977e-05,2.834245217036486541e-05
2.434847822011124065e-03,0.000000000000000000e+00,1.058436977969275632e-04,-5.395125073796818148e-05,0.000000000000000000e+00,6.227574420282215757e-03,3.291640628535066687e-05,3.291640628595293440e-05,3.291640628690082525e-05,3.291640628639889385e-05
2.439847509530654410e-03,0.000000000000000000e+00,1.065852162126716105e-04,-5.421180839385235335e-05,0.000000000000000000e+00,6.227574616157433712e-03,3.686817939055971223e-05,3.686817939116878991e-05,3.686817939231957564e-05,3.686817939181431710e-05
2.444847197050184322e-03,0.000000000000000000e+00,1.072908776063887355e-04,-5.447212083038989960e-05,0.000000000000000000e+00,6.227573782490343490e-03,3.988504430729381120e-05,3.988504430791137953e-05,3.988504430858139614e-05,3.988504430807021515e-05
2.449846884569714233e-03,0.000000000000000000e+00,1.079693012658273441e-04,-5.473218804758082023e-05,0.000000000000000000e+00,6.227572155453163158e-03,4.162973673961488927e-05,4.162973674024273720e-05,4.162973674056732023e-05,4.162973674004758081e-05
2.454846572089244578e-03,0.000000000000000000e+00,1.086209021174325674e-04,-5.499201004542512202e-05,0.000000000000000000e+00,6.227570205933325928e-03,4.179928882098451429e-05,4.179928882162436976e-05,4.179928882232557751e-05,4.179928882179465726e-05
2.459846259608774489e-03,0.000000000000000000e+00,1.092359908796346711e-04,-5.525158682392279142e-05,0.000000000000000000e+00,6.227568464510393857e-03,4.023296807342567952e-05,4.023296807407908751e-05,4.023296807439625730e-05,4.023296807385190650e-05
2.464845947128304401e-03,0.000000000000000000e+00,1.097945342691103703e-04,-5.551091838307384198e-05,0.000000000000000000e+00,6.227567280318245871e-03,3.689847327759124209e-05,3.689847327825944944e-05,3.689847327781777935e-05,3.689847327725801255e-05
2.469845634647834312e-03,0.000000000000000000e+00,1.102682378218314236e-04,-5.577000472287827371e-05,0.000000000000000000e+00,6.227566712778219611e-03,3.187285777616301525e-05,3.187285777684701130e-05,3.187285777569743173e-05,3.187285777512070394e-05
2.474845322167364657e-03,0.000000000000000000e+00,1.106255546299861223e-04,-5.602884584333607304e-05,0.000000000000000000e+00,6.227566645047719583e-03,2.530761728832494448e-05,2.530761728902535603e-05,2.530761728863501953e-05,2.530761728804027365e-05
2.479845009686894568e-03,0.000000000000000000e+00,1.108349888475701684e-04,-5.628744174444726031e-05,0.000000000000000000e+00,6.227566922203778971e-03,1.741076428755347332e-05,1.741076428827049687e-05,1.741076428673330487e-05,1.741076428612003268e-05
2.484844697206424480e-03,0.000000000000000000e+00,1.108681580041371412e-04,-5.654579242621181518e-05,0.000000000000000000e+00,6.227567447404568947e-03,8.430019345384312345e-06,8.430019346117812384e-06,8.430019344173565144e-06,8.430019343541917429e-06
2.489844384725954391e-03,0.000000000000000000e+00,1.107035014073192699e-04,-5.680389788862975122e-05,0.000000000000000000e+00,6.227568223135564879e-03,-1.363274930371322774e-06,-1.363274929622101803e-06,-1.363274931280944680e-06,-1.363274931930070073e-06
2.494844072245484736e-03,0.000000000000000000e+00,1.103287294012967316e-04,-5.706175813170106164e-05,0.000000000000000000e+00,6.227569260512399486e-03,-1.164680742285040843e-05,-1.164680742208648297e-05,-1.164680742263023746e-05,-1.164680742329551069e-05
2.499843759765014647e-03,0.000000000000000000e+00,1.097416697854676672e-04,-5.731937315542574645e-05,0.000000000000000000e+00,6.227570476216916576e-03,-2.208878890922593975e-05,-2.208878890844879041e-05,-2.208878891027137831e-05,-2.208878891095078682e-05
2.504843447284544559e-03,0.000000000000000000e+00,1.089493710623906832e-04,-5.757674295980381242e-05,0.000000000000000000e+00,6.227571703613150704e-03,-3.235818001701709851e-05,-3.235818001622861248e-05,-3.235818001784115315e-05,-3.235818001853218973e-05
2.509843134804074904e-03,0.000000000000000000e+00,1.079681434422023371e-04,-5.783386754483525277e-05,0.000000000000000000e+00,6.227572703163045814e-03,-4.214106939203975078e-05,-4.214106939124207614e-05,-4.214106939201558663e-05,-4.214106939271548656e-05
2.514842822323604815e-03,0.000000000000000000e+00,1.068216626574845752e-04,-5.809074691052006751e-05,0.000000000000000000e+00,6.227573206474596237e-03,-5.111420478143990529e-05,-5.111420478063542051e-05,-5.111420478098525867e-05,-5.111420478169096586e-05
2.519842509843134726e-03,0.000000000000000000e+00,1.055384284419444164e-04,-5.834738105685826341e-05,0.000000000000000000e+00,6.227573042841581981e-03,-5.894384149725473898e-05,-5.894384149644603258e-05,-5.894384149741900238e-05,-5.894384149812735910e-05
2.524842197362664638e-03,0.000000000000000000e+00,1.041500213016108089e-04,-5.860376998384983369e-05,0.000000000000000000e+00,6.227572198999860656e-03,-6.534574193047597789e-05,-6.534574192966579426e-05,-6.534574193019472229e-05,-6.534574193090254368e-05
2.529841884882194983e-03,0.000000000000000000e+00,1.026901851868984437e-04,-5.885991369149477835e-05,0.000000000000000000e+00,6.227570773383248916e-03,-7.011165242462565679e-05,-7.011165242381661158e-05,-7.011165242414507063e-05,-7.011165242484961231e-05
2.534841572401724894e-03,0.000000000000000000e+00,1.011938794235411827e-04,-5.911581217979310418e-05,0.000000000000000000e+00,6.227568967115621260e-03,-7.316027890886994179e-05,-7.316027890806475905e-05,-7.316027890828159948e-05,-7.316027890898043555e-05
2.539841259921254805e-03,0.000000000000000000e+00,9.969451746429078861e-05,-5.937146544874479762e-05,0.000000000000000000e+00,6.227567073840501247e-03,-7.453063645587452751e-05,-7.453063645507574156e-05,-7.453063645583534716e-05,-7.453063645652648539e-05
2.544840947440784717e-03,0.000000000000000000e+00,9.822232486962841384e-05,-5.962687349834987899e-05,0.000000000000000000e+00,6.227565459295494009e-03,-7.437418191614132007e-05,-7.437418191535104511e-05,-7.437418191554926437e-05,-7.437418191623149859e-05
2.549840634960315062e-03,0.000000000000000000e+00,9.680212669331183302e-05,-5.988203632860832797e-05,0.000000000000000000e+00,6.227564538195405446e-03,-7.288478006762677422e-05,-7.288478006684682628e-05,-7.288478006720352880e-05,-7.288478006787630335e-05
2.554840322479844973e-03,0.000000000000000000e+00,9.545104485984773422e-05,-6.013695393952015134e-05,0.000000000000000000e+00,6.227564637204251706e-03,-7.027497853489959216e-05,-7.027497853413162466e-05,-7.027497853461615461e-05,-7.027497853527936108e-05
2.559840009999374884e-03,0.000000000000000000e+00,9.417656097521915888e-05,-6.039162633108536264e-05,0.000000000000000000e+00,6.227565779704597772e-03,-6.682391861930764970e-05,-6.682391861855297723e-05,-6.682391861956930835e-05,-6.682391862022355660e-05
2.564839697518905230e-03,0.000000000000000000e+00,9.297623362867682819e-05,-6.064605350330394155e-05,0.000000000000000000e+00,6.227567647659320964e-03,-6.286317732915301399e-05,-6.286317732841246325e-05,-6.286317732904508166e-05,-6.286317732969149655e-05
2.569839385038435141e-03,0.000000000000000000e+00,9.183907147605132758e-05,-6.090023545617590162e-05,0.000000000000000000e+00,6.227569716474878198e-03,-5.875748904199519322e-05,-5.875748904126926566e-05,-5.875748904171518446e-05,-5.875748904235524999e-05
2.574839072557965052e-03,0.000000000000000000e+00,9.074636277858321711e-05,-6.115417218970123608e-05,0.000000000000000000e+00,6.227571432707955726e-03,-5.482984061940918450e-05,-5.482984061869830702e-05,-5.482984061960863704e-05,-5.482984062024408116e-05
2.579838760077494964e-03,0.000000000000000000e+00,8.967413371025346330e-05,-6.140786370387994492e-05,0.000000000000000000e+00,6.227572404419032780e-03,-5.134740398735396748e-05,-5.134740398665830271e-05,-5.134740398774250488e-05,-5.134740398837502843e-05
2.584838447597025309e-03,0.000000000000000000e+00,8.859619887433346807e-05,-6.166130999871203492e-05,0.000000000000000000e+00,6.227572471650862258e-03,-4.847934511945273153e-05,-4.847934511877242177e-05,-4.847934511986155029e-05,-4.847934512049279312e-05
2.589838135116555220e-03,0.000000000000000000e+00,8.748779144040172461e-05,-6.191451107419749253e-05,0.000000000000000000e+00,6.227571668585720095e-03,-4.631020835820878778e-05,-4.631020835754405665e-05,-4.631020835804465312e-05,-4.631020835867593661e-05
2.594837822636085131e-03,0.000000000000000000e+00,8.632847651549075297e-05,-6.216746693033634486e-05,0.000000000000000000e+00,6.227570221788394055e-03,-4.487431664164047006e-05,-4.487431664099154796e-05,-4.487431664149445513e-05,-4.487431664212685671e-05
2.599837510155615043e-03,0.000000000000000000e+00,8.510417276749696774e-05,-6.242017756712856479e-05,0.000000000000000000e+00,6.227568556661567702e-03,-4.414072246534568047e-05,-4.414072246471300784e-05,-4.414072246531586491e-05,-4.414072246595012318e-05
2.604837197675145388e-03,0.000000000000000000e+00,8.380866135610462746e-05,-6.267264298457415233e-05,0.000000000000000000e+00,6.227567152010679910e-03,-4.399823048705033847e-05,-4.399823048643445743e-05,-4.399823048677818340e-05,-4.399823048741475237e-05
2.609836885194675299e-03,0.000000000000000000e+00,8.244274098061593029e-05,-6.292486318267312103e-05,0.000000000000000000e+00,6.227566369379096238e-03,-4.420789420192426319e-05,-4.420789420132592589e-05,-4.420789420130922918e-05,-4.420789420194807498e-05
2.614836572714205210e-03,0.000000000000000000e+00,8.101295527316929978e-05,-6.317683816142547089e-05,0.000000000000000000e+00,6.227566334010187915e-03,-4.445990662316359694e-05,-4.445990662258390792e-05,-4.445990662271880300e-05,-4.445990662335951905e-05
2.619836260233735555e-03,0.000000000000000000e+00,7.952974401303008968e-05,-6.342856792083120191e-05,0.000000000000000000e+00,6.227566905487025122e-03,-4.442221871131690243e-05,-4.442221871075718306e-05,-4.442221871117985250e-05,-4.442221871182166630e-05
2.624835947753265467e-03,0.000000000000000000e+00,7.800682846466763462e-05,-6.368005246089030054e-05,0.000000000000000000e+00,6.227567798426813205e-03,-4.379441122511073419e-05,-4.379441122457259044e-05,-4.379441122487508285e-05,-4.379441122551680179e-05
2.629835635272795378e-03,0.000000000000000000e+00,7.646092569808673014e-05,-6.393129178160276678e-05,0.000000000000000000e+00,6.227568751612571826e-03,-4.234136084415466639e-05,-4.234136084363992786e-05,-4.234136084404339337e-05,-4.234136084468349956e-05
2.634835322792325289e-03,0.000000000000000000e+00,7.491121630947723538e-05,-6.418228588296862774e-05,0.000000000000000000e+00,6.227569564433567233e-03,-3.992017387983078520e-05,-3.992017387934133568e-05,-3.992017388045042707e-05,-3.992017388108726032e-05
2.639835010311855634e-03,0.000000000000000000e+00,7.337951799760686117e-05,-6.443303476498785630e-05,0.000000000000000000e+00,6.227570087906898755e-03,-3.651343779447315999e-05,-3.651343779401094428e-05,-3.651343779512214986e-05,-3.651343779575379927e-05
2.644834697831385546e-03,0.000000000000000000e+00,7.189006134665459457e-05,-6.468353842766045247e-05,0.000000000000000000e+00,6.227570274371916660e-03,-3.219486675750927546e-05,-3.219486675707626544e-05,-3.219486675801693279e-05,-3.219486675864139259e-05
2.649834385350915457e-03,0.000000000000000000e+00,7.046963123810207801e-05,-6.493379687098644335e-05,0.000000000000000000e+00,6.227570199236765087e-03,-2.717998852977301753e-05,-2.717998852937106652e-05,-2.717998852987917448e-05,-2.717998853049440161e-05
2.654834072870445368e-03,0.000000000000000000e+00,6.914650759772778487e-05,-6.518381009496580184e-05,0.000000000000000000e+00,6.227570077241566422e-03,-2.183456234002546467e-05,-2.183456233965613458e-05,-2.183456234067614521e-05,-2.183456234128021862e-05
2.659833760389975713e-03,0.000000000000000000e+00,6.794950994599356338e-05,-6.543357809959852794e-05,0.000000000000000000e+00,6.227570202755257876e-03,-1.663695358003261233e-05,-1.663695357969705176e-05,-1.663695358097010162e-05,-1.663695358156132384e-05
2.664833447909505625e-03,0.000000000000000000e+00,6.690644157386216458e-05,-6.568310088488463520e-05,0.000000000000000000e+00,6.227570782951454519e-03,-1.207609721777621745e-05,-1.207609721747518024e-05,-1.207609721767771090e-05,-1.207609721825477412e-05
2.669833135429035536e-03,0.000000000000000000e+00,6.604135492673841737e-05,-6.593237845082412362e-05,0.000000000000000000e+00,6.227571788370778703e-03,-8.573851859196305122e-06,-8.573851858930157206e-06,-8.573851858737541914e-06,-8.573851859299331434e-06
2.674832822948565881e-03,0.000000000000000000e+00,6.537207680382142402e-05,-6.618141079741699320e-05,0.000000000000000000e+00,6.227572968975868088e-03,-6.435378241247588144e-06,-6.435378241016426076e-06,-6.435378241425796253e-06,-6.435378241971415067e-06
2.679832510468095792e-03,0.000000000000000000e+00,6.490806566560521919e-05,-6.643019792466323039e-05,0.000000000000000000e+00,6.227573942567830347e-03,-5.762538968690437941e-06,-5.762538968494061823e-06,-5.762538969002364600e-06,-5.762538969531159646e-06
2.684832197987625704e-03,0.000000000000000000e+00,6.465028687403343878e-05,-6.667873983256284874e-05,0.000000000000000000e+00,6.227574331747840614e-03,-6.469461701544373192e-06,-6.469461701382485714e-06,-6.469461700388527278e-06,-6.469461700899783660e-06
2.689831885507155615e-03,0.000000000000000000e+00,6.459127027603105348e-05,-6.692703652111584825e-05,0.000000000000000000e+00,6.227573878153727822e-03,-8.303077483431300622e-06,-8.303077483303444387e-06,-8.303077482963790951e-06,-8.303077483456879323e-06
2.694831573026685960e-03,0.000000000000000000e+00,6.471605533913237364e-05,-6.717508799032221537e-05,0.000000000000000000e+00,6.227572469011052013e-03,-1.088351725041536692e-05,-1.088351725032093122e-05,-1.088351725068404069e-05,-1.088351725115842996e-05
2.699831260546215871e-03,0.000000000000000000e+00,6.500362212296406672e-05,-6.742289424018196365e-05,0.000000000000000000e+00,6.227570154041437572e-03,-1.370831161999180402e-05,-1.370831161993013155e-05,-1.370831161954533126e-05,-1.370831162000036413e-05
2.704830948065745783e-03,0.000000000000000000e+00,6.542831433124786345e-05,-6.767045527069509309e-05,0.000000000000000000e+00,6.227567223060012994e-03,-1.622172984740717679e-05,-1.622172984737759501e-05,-1.622172984649877461e-05,-1.622172984693353291e-05
2.709830635585275694e-03,0.000000000000000000e+00,6.596173527077217906e-05,-6.791777108186159014e-05,0.000000000000000000e+00,6.227564226297038937e-03,-1.794151856423607325e-05,-1.794151856423804853e-05,-1.794151856469666266e-05,-1.794151856511005540e-05
2.714830323104806039e-03,0.000000000000000000e+00,6.657448372409123559e-05,-6.816484167368146835e-05,0.000000000000000000e+00,6.227561862445547651e-03,-1.852736335491340190e-05,-1.852736335494616174e-05,-1.852736335549253865e-05,-1.852736335588338676e-05
2.719830010624335950e-03,0.000000000000000000e+00,6.723958717998539082e-05,-6.841166704615471417e-05,0.000000000000000000e+00,6.227560796290332323e-03,-1.782115277892767997e-05,-1.782115277899041462e-05,-1.782115277870014320e-05,-1.782115277906713886e-05
2.724829698143865862e-03,0.000000000000000000e+00,6.793514310211718464e-05,-6.865824719928135470e-05,0.000000000000000000e+00,6.227561425651647990e-03,-1.582779135977919576e-05,-1.582779135987097009e-05,-1.582779135906325641e-05,-1.582779135940492240e-05
2.729829385663395773e-03,0.000000000000000000e+00,6.864593505736898103e-05,-6.890458213306136284e-05,0.000000000000000000e+00,6.227563734446649527e-03,-1.270300105300980999e-05,-1.270300105312953471e-05,-1.270300105361554697e-05,-1.270300105393041622e-05
2.734829073182926118e-03,0.000000000000000000e+00,6.936368081539562964e-05,-6.915067184749473859e-05,0.000000000000000000e+00,6.227567266117044892e-03,-8.672910433703762882e-06,-8.672910433850214879e-06,-8.672910434045916759e-06,-8.672910434332413795e-06
2.739828760702456029e-03,0.000000000000000000e+00,7.008647802310804175e-05,-6.939651634258149550e-05,0.000000000000000000e+00,6.227571214218740291e-03,-3.985429609593413639e-06,-3.985429609765613743e-06,-3.985429609406612381e-06,-3.985429609662934715e-06
2.744828448221985941e-03,0.000000000000000000e+00,7.081788253336573284e-05,-6.964211561832163357e-05,0.000000000000000000e+00,6.227574590699980726e-03,1.059375447861318954e-06,1.059375447664410899e-06,1.059375448545023620e-06,1.059375448320708967e-06
2.749828135741516286e-03,0.000000000000000000e+00,7.156475614946836486e-05,-6.988746967471513925e-05,0.000000000000000000e+00,6.227576508842483198e-03,6.124925368253714445e-06,6.124925368033123349e-06,6.124925367058537404e-06,6.124925366867938051e-06
2.754827823261046197e-03,0.000000000000000000e+00,7.233577558934080266e-05,-7.013257851176202609e-05,0.000000000000000000e+00,6.227576470287882714e-03,1.088700459666039290e-05,1.088700459641713859e-05,1.088700459577499275e-05,1.088700459561974516e-05
2.759827510780576108e-03,0.000000000000000000e+00,7.313913032854684262e-05,-7.037744212946229409e-05,0.000000000000000000e+00,6.227574560517172217e-03,1.508831213904181898e-05,1.508831213877673155e-05,1.508831213913946494e-05,1.508831213902094809e-05
2.764827198300106020e-03,0.000000000000000000e+00,7.397995400795762447e-05,-7.062206052781592970e-05,0.000000000000000000e+00,6.227571427469858444e-03,1.850065237394693253e-05,1.850065237366084546e-05,1.850065237339091300e-05,1.850065237331019414e-05
2.769826885819636365e-03,0.000000000000000000e+00,7.485794067761309301e-05,-7.086643370682294647e-05,0.000000000000000000e+00,6.227568041696084251e-03,2.094384224019353182e-05,2.094384223988702447e-05,2.094384223834632575e-05,2.094384223830415706e-05
2.774826573339166276e-03,0.000000000000000000e+00,7.576644065927475502e-05,-7.111056166648334440e-05,0.000000000000000000e+00,6.227565339881924698e-03,2.230761034007499070e-05,2.230761033974870683e-05,2.230761033977362315e-05,2.230761033977043831e-05
2.779826260858696187e-03,0.000000000000000000e+00,7.669370634266932385e-05,-7.135444440679712349e-05,0.000000000000000000e+00,6.227563926596794280e-03,2.253973406823608997e-05,2.253973406789056152e-05,2.253973406875981383e-05,2.253973406879547053e-05
2.784825948378226099e-03,0.000000000000000000e+00,7.762427359092719014e-05,-7.159808192776427019e-05,0.000000000000000000e+00,6.227563964111888610e-03,2.167073126006385548e-05,2.167073125969974651e-05,2.167073125915254967e-05,2.167073125922634996e-05
2.789825635897756444e-03,0.000000000000000000e+00,7.854096780025942410e-05,-7.184147422938479805e-05,0.000000000000000000e+00,6.227565228801500326e-03,1.986341279805306015e-05,1.986341279767103474e-05,1.986341279676175843e-05,1.986341279687265198e-05
2.794825323417286355e-03,0.000000000000000000e+00,7.942613370328068727e-05,-7.208462131165869352e-05,0.000000000000000000e+00,6.227567254749751501e-03,1.745081458189344794e-05,1.745081458149424808e-05,1.745081458245808349e-05,1.745081458260459308e-05
2.799825010936816266e-03,0.000000000000000000e+00,8.026289714930181390e-05,-7.232752317458597015e-05,0.000000000000000000e+00,6.227569460254470460e-03,1.485298262555369178e-05,1.485298262513793921e-05,1.485298262587463934e-05,1.485298262605509463e-05
2.804824698456346611e-03,0.000000000000000000e+00,8.103601920920567930e-05,-7.257017981816662794e-05,0.000000000000000000e+00,6.227571285644994958e-03,1.249780267930736548e-05,1.249780267887572257e-05,1.249780267839110284e-05,1.249780267860366406e-05
2.809824385975876523e-03,0.000000000000000000e+00,8.173284865379468178e-05,-7.281259124240065334e-05,0.000000000000000000e+00,6.227572321966099410e-03,1.075340955270877701e-05,1.075340955226182313e-05,1.075340955205853184e-05,1.075340955230124066e-05
2.814824073495406434e-03,0.000000000000000000e+00,8.234508066503716192e-05,-7.305475744728807345e-05,0.000000000000000000e+00,6.227572451648140557e-03,9.871168373878205429e-06,9.871168373416445418e-06,9.871168374795870760e-06,9.871168375066738344e-06
2.819823761014936345e-03,0.000000000000000000e+00,8.286944830184128283e-05,-7.329667843282884762e-05,0.000000000000000000e+00,6.227571885504442663e-03,9.961920914896798380e-06,9.961920914420599845e-06,9.961920915876554613e-06,9.961920916173602292e-06
2.824823448534466690e-03,0.000000000000000000e+00,8.330763644932208476e-05,-7.353835419902300294e-05,0.000000000000000000e+00,6.227571056450719421e-03,1.100567678365721338e-05,1.100567678316686262e-05,1.100567678357481741e-05,1.100567678389618848e-05
2.829823136053996602e-03,0.000000000000000000e+00,8.366494365875411492e-05,-7.377978474587053943e-05,0.000000000000000000e+00,6.227570405211163215e-03,1.292526113505493420e-05,1.292526113455041766e-05,1.292526113614580083e-05,1.292526113648991644e-05
2.834822823573526513e-03,0.000000000000000000e+00,8.394924866953040721e-05,-7.402097007337145708e-05,0.000000000000000000e+00,6.227570207238473758e-03,1.559481142660773249e-05,1.559481142608873847e-05,1.559481142871917557e-05,1.559481142908485663e-05
2.839822511093056424e-03,0.000000000000000000e+00,8.416985656597899407e-05,-7.426191018152574234e-05,0.000000000000000000e+00,6.227570465730716993e-03,1.885544265086747296e-05,1.885544265033314764e-05,1.885544265223840934e-05,1.885544265262492742e-05
2.844822198612586769e-03,0.000000000000000000e+00,8.433602694013744481e-05,-7.450260507033340876e-05,0.000000000000000000e+00,6.227570956451174318e-03,2.256313106649805183e-05,2.256313106594743298e-05,2.256313106619282859e-05,2.256313106659976015e-05
2.849821886132116681e-03,0.000000000000000000e+00,8.445594483683239301e-05,-7.474305473979444279e-05,0.000000000000000000e+00,6.227571387360666434e-03,2.665609956275669386e-05,2.665609956218843978e-05,2.665609956372256214e-05,2.665609956415005628e-05
2.854821573651646592e-03,0.000000000000000000e+00,8.453512999251168512e-05,-7.498325918990885798e-05,0.000000000000000000e+00,6.227571548243494327e-03,3.117108602114602723e-05,3.117108602055836933e-05,3.117108602205231861e-05,3.117108602250093436e-05
2.859821261171176937e-03,0.000000000000000000e+00,8.457527806490495971e-05,-7.522321842067665432e-05,0.000000000000000000e+00,6.227571365049507437e-03,3.619083743888590039e-05,3.619083743827694469e-05,3.619083743778595018e-05,3.619083743825678531e-05
2.864820948690706848e-03,0.000000000000000000e+00,8.457355291537443334e-05,-7.546293243209783183e-05,0.000000000000000000e+00,6.227570859856920889e-03,4.181921748790716698e-05,4.181921748727472475e-05,4.181921748589620912e-05,4.181921748639082893e-05
2.869820636210236760e-03,0.000000000000000000e+00,8.452390731657773539e-05,-7.570240122417239050e-05,0.000000000000000000e+00,6.227570072759471172e-03,4.809592726220496647e-05,4.809592726154688285e-05,4.809592726210429152e-05,4.809592726262450527e-05
2.874820323729766671e-03,0.000000000000000000e+00,8.442010066962368710e-05,-7.594162479690030323e-05,0.000000000000000000e+00,6.227569021458529905e-03,5.494416795990718014e-05,5.494416795922155779e-05,5.494416795957691860e-05,5.494416796012457623e-05
2.879820011249297016e-03,0.000000000000000000e+00,8.425870314917978323e-05,-7.618060315028161067e-05,0.000000000000000000e+00,6.227567766416942756e-03,6.216101497243339846e-05,6.216101497171870594e-05,6.216101497096934605e-05,6.216101497154615516e-05
2.884819698768826927e-03,0.000000000000000000e+00,8.404169024260235005e-05,-7.641933628431628572e-05,0.000000000000000000e+00,6.227566440672208277e-03,6.945897237723406854e-05,6.945897237648933006e-05,6.945897237605300645e-05,6.945897237666025454e-05
2.889819386288356839e-03,0.000000000000000000e+00,8.377730807559958474e-05,-7.665782419900434193e-05,0.000000000000000000e+00,6.227565243279223166e-03,7.648044587898492422e-05,7.648044587820965190e-05,7.648044588014724315e-05,7.648044588078591955e-05
2.894819073807886750e-03,0.000000000000000000e+00,8.348041688514682606e-05,-7.689606689434577930e-05,0.000000000000000000e+00,6.227564425492735332e-03,8.279094979352624305e-05,8.279094979272051821e-05,8.279094979360366864e-05,8.279094979427427479e-05
2.899818761327417095e-03,0.000000000000000000e+00,8.317146742583582386e-05,-7.713406437034058428e-05,0.000000000000000000e+00,6.227564303714921805e-03,8.793001051255392830e-05,8.793001051171842855e-05,8.793001051176809856e-05,8.793001051247045828e-05
2.904818448846947006e-03,0.000000000000000000e+00,8.287513632934250408e-05,-7.737181662698877041e-05,0.000000000000000000e+00,6.227565173725695298e-03,9.146157410571068166e-05,9.146157410484666739e-05,9.146157410542044073e-05,9.146157410615387640e-05
2.909818136366476918e-03,0.000000000000000000e+00,8.261877271997894630e-05,-7.760932366429032416e-05,0.000000000000000000e+00,6.227567143780816071e-03,9.305276327355047278e-05,9.305276327265971938e-05,9.305276327450465201e-05,9.305276327526768639e-05
2.914817823886007263e-03,0.000000000000000000e+00,8.242965797378458068e-05,-7.784658548224525907e-05,0.000000000000000000e+00,6.227569896033502243e-03,9.250556713765713203e-05,9.250556713674186211e-05,9.250556713653595856e-05,9.250556713732661300e-05
2.919817511405537174e-03,0.000000000000000000e+00,8.233193967366660441e-05,-7.808360208085357514e-05,0.000000000000000000e+00,6.227572626167565510e-03,8.976090771710222896e-05,8.976090771616490908e-05,8.976090771529070332e-05,8.976090771610648414e-05
2.924817198925067085e-03,0.000000000000000000e+00,8.234344217695148795e-05,-7.832037346011527237e-05,0.000000000000000000e+00,6.227574345771865610e-03,8.487437292402277215e-05,8.487437292306619413e-05,8.487437292364033339e-05,8.487437292447840812e-05
2.929816886444596997e-03,0.000000000000000000e+00,8.247457157013626957e-05,-7.855689962003032365e-05,0.000000000000000000e+00,6.227574397569574094e-03,7.796995652291293061e-05,7.796995652193972363e-05,7.796995652304579958e-05,7.796995652390324087e-05
2.934816573964127342e-03,0.000000000000000000e+00,8.272814978625365665e-05,-7.879318056059876965e-05,0.000000000000000000e+00,6.227572810444062350e-03,6.922704316408414345e-05,6.922704316309724842e-05,6.922704316258501711e-05,6.922704316345851814e-05
2.939816261483657253e-03,0.000000000000000000e+00,8.310014653746243562e-05,-7.902921628182058326e-05,0.000000000000000000e+00,6.227570278099277094e-03,5.887961609851835630e-05,5.887961609752072768e-05,5.887961609745487595e-05,5.887961609834102149e-05
2.944815949003187164e-03,0.000000000000000000e+00,8.358094310040714559e-05,-7.926500678369577803e-05,0.000000000000000000e+00,6.227567804091779964e-03,4.726235868069445526e-05,4.726235867968908136e-05,4.726235868143676783e-05,4.726235868233223073e-05
2.949815636522717076e-03,0.000000000000000000e+00,8.415593883585257553e-05,-7.950055206622435396e-05,0.000000000000000000e+00,6.227566227336014948e-03,3.479903941716900868e-05,3.479903941615877620e-05,3.479903941819443354e-05,3.479903941909602897e-05
2.954815324042247421e-03,0.000000000000000000e+00,8.480668093083623996e-05,-7.973585212940631104e-05,0.000000000000000000e+00,6.227565955599506653e-03,2.198906507276420628e-05,2.198906507175181556e-05,2.198906507222602187e-05,2.198906507313089700e-05
2.959815011561777332e-03,0.000000000000000000e+00,8.551194605687791289e-05,-7.997090697324163574e-05,0.000000000000000000e+00,6.227566911331288563e-03,9.396450204849843345e-06,9.396450203837666078e-06,9.396450205084803508e-06,9.396450205990613765e-06
2.964814699081307244e-03,0.000000000000000000e+00,8.625052285080295927e-05,-8.020571659773032805e-05,0.000000000000000000e+00,6.227568599903980824e-03,-2.372806833500213695e-06,-2.372806834510112444e-06,-2.372806832051324875e-06,-2.372806831146534446e-06
2.969814386600837589e-03,0.000000000000000000e+00,8.700386618139771902e-05,-8.044028100287241507e-05,0.000000000000000000e+00,6.227570269937917485e-03,-1.270824588500758353e-05,-1.270824588601346904e-05,-1.270824588444722042e-05,-1.270824588354492026e-05
2.974814074120367500e-03,0.000000000000000000e+00,8.775817281105433465e-05,-8.067460018866786970e-05,0.000000000000000000e+00,6.227571198950514371e-03,-2.105964976941003970e-05,-2.105964977041054824e-05,-2.105964977045939832e-05,-2.105964976956060150e-05
2.979813761639897411e-03,0.000000000000000000e+00,8.850520168889719876e-05,-8.090867415511670548e-05,0.000000000000000000e+00,6.227570948204533101e-03,-2.698618345671743710e-05,-2.698618345771148787e-05,-2.698618345668129251e-05,-2.698618345578656145e-05
2.984813449159427323e-03,0.000000000000000000e+00,8.924115768990775722e-05,-8.114250290221890888e-05,0.000000000000000000e+00,6.227569542431356416e-03,-3.024044563078680372e-05,-3.024044563177405451e-05,-3.024044562987674814e-05,-3.024044562898618786e-05
2.989813136678957668e-03,0.000000000000000000e+00,8.996553094021289359e-05,-8.137608642997449344e-05,0.000000000000000000e+00,6.227567462920725015e-03,-3.082020840350963877e-05,-3.082020840448974398e-05,-3.082020840465222523e-05,-3.082020840376555114e-05
2.994812824198487579e-03,0.000000000000000000e+00,9.067918075774784403e-05,-8.160942473838345916e-05,0.000000000000000000e+00,6.227565439075575388e-03,-2.897654563858935626e-05,-2.897654563956243110e-05,-2.897654564001272059e-05,-2.897654563912968536e-05
2.999812511718017490e-03,0.000000000000000000e+00,9.138366321660566002e-05,-8.184251782744579248e-05,0.000000000000000000e+00,6.227564179680904373e-03,-2.515165871183865234e-05,-2.515165871280479506e-05,-2.515165871142892217e-05,-2.515165871054925813e-05
3.004812199237547402e-03,0.000000000000000000e+00,9.208014799926299071e-05,-8.207536569716150697e-05,0.000000000000000000e+00,6.227564167065617953e-03,-1.988101448764453155e-05,-1.988101448860383702e-05,-1.988101448722610744e-05,-1.988101448634954014e-05
3.009811886757077747e-03,0.000000000000000000e+00,9.276825598079190547e-05,-8.230796834753060262e-05,0.000000000000000000e+00,6.227565508782182194e-03,-1.372172626260124773e-05,-1.372172626355390400e-05,-1.372172626381592517e-05,-1.372172626294233096e-05
3.014811574276607658e-03,0.000000000000000000e+00,9.344485382767762287e-05,-8.254032577855306588e-05,0.000000000000000000e+00,6.227567898313360155e-03,-7.185412691440970685e-06,-7.185412692386969268e-06,-7.185412692013796197e-06,-7.185412691143240298e-06
3.019811261796137569e-03,0.000000000000000000e+00,9.410277582483451216e-05,-8.277243799022889674e-05,0.000000000000000000e+00,6.227570723718541673e-03,-6.880630973230766762e-07,-6.880630982622998424e-07,-6.880630965620484898e-07,-6.880630956946947986e-07
3.024810949315667914e-03,0.000000000000000000e+00,9.473111388365600301e-05,-8.300430498255812232e-05,0.000000000000000000e+00,6.227573233602663391e-03,5.474661153503083654e-06,5.474661152570854439e-06,5.474661153450814098e-06,5.474661154314719941e-06
3.029810636835197826e-03,0.000000000000000000e+00,9.531559529138463184e-05,-8.323592675554071551e-05,0.000000000000000000e+00,6.227574766353993763e-03,1.111061576766455335e-05,1.111061576673974584e-05,1.111061576670234425e-05,1.111061576756229276e-05
3.034810324354727737e-03,0.000000000000000000e+00,9.584017401891112850e-05,-8.346730330917668985e-05,0.000000000000000000e+00,6.227574984407671307e-03,1.611604437853805501e-05,1.611604437762149421e-05,1.611604437817117116e-05,1.611604437902643388e-05
3.039810011874257648e-03,0.000000000000000000e+00,9.628731207182665412e-05,-8.369843464346603181e-05,0.000000000000000000e+00,6.227573986774032413e-03,2.045321514586165897e-05,2.045321514495441215e-05,2.045321514608479456e-05,2.045321514693441604e-05
3.044809699393787993e-03,0.000000000000000000e+00,9.663764288494680545e-05,-8.392932075840876848e-05,0.000000000000000000e+00,6.227572232936272496e-03,2.407403656115982091e-05,2.407403656026311118e-05,2.407403656067366127e-05,2.407403656151667928e-05
3.049809386913317905e-03,0.000000000000000000e+00,9.687012130886235497e-05,-8.415996165400487275e-05,0.000000000000000000e+00,6.227570342588587687e-03,2.687548917228787062e-05,2.687548917140317520e-05,2.687548917099271320e-05,2.687548917182784364e-05
3.054809074432847816e-03,0.000000000000000000e+00,9.696279169567169147e-05,-8.439035733025434464e-05,0.000000000000000000e+00,6.227568808499775108e-03,2.870943607912834248e-05,2.870943607825720637e-05,2.870943607897606290e-05,2.870943607980210976e-05
3.059808761952377727e-03,0.000000000000000000e+00,9.689514619433148854e-05,-8.462050778715721124e-05,0.000000000000000000e+00,6.227567812046931259e-03,2.941461114780272748e-05,2.941461114694669566e-05,2.941461114819327066e-05,2.941461114900899049e-05
3.064808449471908072e-03,0.000000000000000000e+00,9.664990402856094335e-05,-8.485041302471344545e-05,0.000000000000000000e+00,6.227567267658952986e-03,2.882763911811883422e-05,2.882763911727960753e-05,2.882763911721406751e-05,2.882763911801805424e-05
3.069808136991437984e-03,0.000000000000000000e+00,9.621549534234500841e-05,-8.508007304292304726e-05,0.000000000000000000e+00,6.227566983126819021e-03,2.680970977026985434e-05,2.680970976944898454e-05,2.680970976927832435e-05,2.680970977006941246e-05
3.074807824510967895e-03,0.000000000000000000e+00,9.558657950889203449e-05,-8.530948784178603024e-05,0.000000000000000000e+00,6.227566816044904745e-03,2.328714408528721524e-05,2.328714408448600678e-05,2.328714408557334636e-05,2.328714408635063461e-05
3.079807512030498240e-03,0.000000000000000000e+00,9.476386095828677404e-05,-8.553865742130239438e-05,0.000000000000000000e+00,6.227566774715195125e-03,1.826940731809248374e-05,1.826940731731192593e-05,1.826940731838901303e-05,1.826940731915194916e-05
3.084807199550028151e-03,0.000000000000000000e+00,9.375443942364419748e-05,-8.576758178147213967e-05,0.000000000000000000e+00,6.227567008423071093e-03,1.186311677115183821e-05,1.186311677039273067e-05,1.186311676983990953e-05,1.186311677058842577e-05
3.089806887069558063e-03,0.000000000000000000e+00,9.257263395634737269e-05,-8.599626092229525258e-05,0.000000000000000000e+00,6.227567677295915358e-03,4.276944990086634123e-06,4.276944989349337683e-06,4.276944989747122989e-06,4.276944990481654715e-06
3.094806574589087974e-03,0.000000000000000000e+00,9.124134855741290219e-05,-8.622469484377173309e-05,0.000000000000000000e+00,6.227568791918471069e-03,-4.196579599722647836e-06,-4.196579600437972242e-06,-4.196579599629467436e-06,-4.196579598908254456e-06
3.099806262108618319e-03,0.000000000000000000e+00,8.979144174696253116e-05,-8.645288354590160832e-05,0.000000000000000000e+00,6.227570096406128720e-03,-1.321962796688669658e-05,-1.321962796757984736e-05,-1.321962796722797123e-05,-1.321962796651904701e-05
3.104805949628148230e-03,0.000000000000000000e+00,8.826126090672165687e-05,-8.668082702868485116e-05,0.000000000000000000e+00,6.227571093464817804e-03,-2.245084667207657532e-05,-2.245084667274764226e-05,-2.245084667284259126e-05,-2.245084667214446671e-05
3.109805637147678142e-03,0.000000000000000000e+00,8.669475976651637710e-05,-8.690852529212146160e-05,0.000000000000000000e+00,6.227571275938174541e-03,-3.153923265088929396e-05,-3.153923265153825672e-05,-3.153923265078273721e-05,-3.153923265009386903e-05
3.114805324667208053e-03,0.000000000000000000e+00,8.513954851027250687e-05,-8.713597833621146676e-05,0.000000000000000000e+00,6.227570413633595238e-03,-4.011015259476384488e-05,-4.011015259539078479e-05,-4.011015259463219563e-05,-4.011015259395072036e-05
3.119805012186738398e-03,0.000000000000000000e+00,8.364535698769613443e-05,-8.736318616095483953e-05,0.000000000000000000e+00,6.227568699713451408e-03,-4.777036304083354546e-05,-4.777036304143857771e-05,-4.777036304089516880e-05,-4.777036304021938559e-05
3.124804699706268309e-03,0.000000000000000000e+00,8.226271232428459244e-05,-8.759014876635157990e-05,0.000000000000000000e+00,6.227566695732667142e-03,-5.414774810630825370e-05,-5.414774810689114789e-05,-5.414774810658779490e-05,-5.414774810591598258e-05
3.129804387225798221e-03,0.000000000000000000e+00,8.104187839698120878e-05,-8.781686615240170144e-05,0.000000000000000000e+00,6.227565134071161301e-03,-5.892274951933692488e-05,-5.892274951989744385e-05,-5.892274951910544771e-05,-5.892274951843630524e-05
3.134804074745328566e-03,0.000000000000000000e+00,8.002915089652108368e-05,-8.804333831910521769e-05,0.000000000000000000e+00,6.227564653628481738e-03,-6.185459151608357247e-05,-6.185459151662121477e-05,-6.185459151606257961e-05,-6.185459151539498212e-05
3.139803762264858477e-03,0.000000000000000000e+00,7.926372458644824536e-05,-8.826956526646210154e-05,0.000000000000000000e+00,6.227565618793466998e-03,-6.282948048667101712e-05,-6.282948048718548460e-05,-6.282948048690677688e-05,-6.282948048623999255e-05
3.144803449784388388e-03,0.000000000000000000e+00,7.877485348728308751e-05,-8.849554699447235301e-05,0.000000000000000000e+00,6.227568023000693530e-03,-6.186924211852287616e-05,-6.186924211901357251e-05,-6.186924211966039397e-05,-6.186924211899394845e-05
3.149803137303918300e-03,0.000000000000000000e+00,7.858063336481995137e-05,-8.872128350313598563e-05,0.000000000000000000e+00,6.227571452957902411e-03,-5.913277031685839865e-05,-5.913277031732488341e-05,-5.913277031722233144e-05,-5.913277031655647545e-05
3.154802824823448645e-03,0.000000000000000000e+00,7.868743741397598516e-05,-8.894677479245299942e-05,0.000000000000000000e+00,6.227575167142031937e-03,-5.490813831152100582e-05,-5.490813831196264202e-05,-5.490813831221009762e-05,-5.490813831154538682e-05
3.159802512342978556e-03,0.000000000000000000e+00,7.908959266827157069e-05,-8.917202086242338082e-05,0.000000000000000000e+00,6.227578313800764126e-03,-4.960347911179006285e-05,-4.960347911220598313e-05,-4.960347911269537844e-05,-4.960347911203307321e-05
3.164802199862508467e-03,0.000000000000000000e+00,7.977005486119753837e-05,-8.939702171304714337e-05,0.000000000000000000e+00,6.227580184073178496e-03,-4.369145210058909481e-05,-4.369145210097850635e-05,-4.369145210174253007e-05,-4.369145210108443290e-05
3.169801887382038379e-03,0.000000000000000000e+00,8.069934727926448951e-05,-8.962177734432428709e-05,0.000000000000000000e+00,6.227580404040854514e-03,-3.763868446141532863e-05,-3.763868446177749281e-05,-3.763868446199234103e-05,-3.763868446134039671e-05
3.174801574901568724e-03,0.000000000000000000e+00,8.183638411388722970e-05,-8.984628775625479841e-05,0.000000000000000000e+00,6.227578999174288553e-03,-3.186089585561042113e-05,-3.186089585594469422e-05,-3.186089585611097695e-05,-3.186089585546762493e-05
3.179801262421098635e-03,0.000000000000000000e+00,8.313078022354490929e-05,-9.007055294883869090e-05,0.000000000000000000e+00,6.227576272696851503e-03,-2.668652010391357922e-05,-2.668652010421932762e-05,-2.668652010453135084e-05,-2.668652010389882052e-05
3.184800949940628546e-03,0.000000000000000000e+00,8.452763515308939690e-05,-9.029457292207595099e-05,0.000000000000000000e+00,6.227572648857019992e-03,-2.235851487197004558e-05,-2.235851487224707618e-05,-2.235851487236355337e-05,-2.235851487174422998e-05
3.189800637460158891e-03,0.000000000000000000e+00,8.597191972005229464e-05,-9.051834767596660580e-05,0.000000000000000000e+00,6.227568600220349283e-03,-1.903095430694391196e-05,-1.903095430719200791e-05,-1.903095430712357103e-05,-1.903095430651955184e-05
3.194800324979688803e-03,0.000000000000000000e+00,8.741140575305075388e-05,-9.074187721051062822e-05,0.000000000000000000e+00,6.227564633480426638e-03,-1.677161052091082015e-05,-1.677161052113023218e-05,-1.677161052091435397e-05,-1.677161052032754310e-05
3.199800012499218714e-03,0.000000000000000000e+00,8.879958804208324958e-05,-9.096516152570801824e-05,0.000000000000000000e+00,6.227561271630269873e-03,-1.555602800571389595e-05,-1.555602800590525424e-05,-1.555602800605439980e-05,-1.555602800548613895e-05
3.204799700018748625e-03,0.000000000000000000e+00,9.009666658763093117e-05,-9.118820062155878943e-05,0.000000000000000000e+00,6.227559036897790078e-03,-1.524897960636448501e-05,-1.524897960652879923e-05,-1.524897960675257517e-05,-1.524897960620372324e-05
3.209799387538278970e-03,0.000000000000000000e+00,9.127121705358417266e-05,-9.141099449806294177e-05,0.000000000000000000e+00,6.227558345392273167e-03,-1.560510386630100093e-05,-1.560510386643985673e-05,-1.560510386633271384e-05,-1.560510386580364351e-05
3.214799075057808882e-03,0.000000000000000000e+00,9.230069493277340232e-05,-9.163354315522046173e-05,0.000000000000000000e+00,6.227559375490768385e-03,-1.629702637394453898e-05,-1.629702637405978628e-05,-1.629702637409881756e-05,-1.629702637358950004e-05
3.219798762577338793e-03,0.000000000000000000e+00,9.317232194646622603e-05,-9.185584659303136284e-05,0.000000000000000000e+00,6.227561955449714519e-03,-1.699143072482340298e-05,-1.699143072491709160e-05,-1.699143072576858333e-05,-1.699143072527872385e-05
3.224798450096868704e-03,0.000000000000000000e+00,9.388212956505437084e-05,-9.207790481149565867e-05,0.000000000000000000e+00,6.227565503680960665e-03,-1.737364202947816352e-05,-1.737364202955246864e-05,-1.737364203023310027e-05,-1.737364202976221771e-05
3.229798137616399049e-03,0.000000000000000000e+00,9.443190941120112032e-05,-9.229971781061330855e-05,0.000000000000000000e+00,6.227569109478956789e-03,-1.717231449355769904e-05,-1.717231449361492798e-05,-1.717231449407699461e-05,-1.717231449362438425e-05
3.234797825135928961e-03,0.000000000000000000e+00,9.482701107868201740e-05,-9.252128559038433960e-05,0.000000000000000000e+00,6.227571830103521833e-03,-1.618568824424502378e-05,-1.618568824428756177e-05,-1.618568824452187480e-05,-1.618568824408665233e-05
3.239797512655458872e-03,0.000000000000000000e+00,9.507446011244120778e-05,-9.274260815080875180e-05,0.000000000000000000e+00,6.227573051809605353e-03,-1.430579487147458243e-05,-1.430579487150474357e-05,-1.430579487286338442e-05,-1.430579487244463505e-05
3.244797200174989217e-03,0.000000000000000000e+00,9.518339185727758324e-05,-9.296368549188654517e-05,0.000000000000000000e+00,6.227572744840606522e-03,-1.153764127664057427e-05,-1.153764127666046260e-05,-1.153764127723778840e-05,-1.153764127683446858e-05
3.249796887694519128e-03,0.000000000000000000e+00,9.516407052789988474e-05,-9.318451761361770615e-05,0.000000000000000000e+00,6.227571494386802652e-03,-8.013495898721713324e-06,-8.013495898733175374e-06,-8.013495899240670082e-06,-8.013495898851875183e-06
3.254796575214049040e-03,0.000000000000000000e+00,9.502771968930874146e-05,-9.340510451600224828e-05,0.000000000000000000e+00,6.227570216239946069e-03,-3.992955588322251116e-06,-3.992955588326771731e-06,-3.992955588709901673e-06,-3.992955588334747393e-06
3.259796262733578951e-03,0.000000000000000000e+00,9.478564650355690124e-05,-9.362544619904015803e-05,0.000000000000000000e+00,6.227569700438386618e-03,2.146773618021056545e-07,2.146773618034981767e-07,2.146773604165647348e-07,2.146773607787966806e-07
3.264795950253109296e-03,0.000000000000000000e+00,9.444762405003891094e-05,-9.384554266273144893e-05,0.000000000000000000e+00,6.227570240142272368e-03,4.318320430700201913e-06,4.318320430706876533e-06,4.318320430558932911e-06,4.318320430908920996e-06
3.269795637772639207e-03,0.000000000000000000e+00,9.402115576533845301e-05,-9.406539390707612100e-05,0.000000000000000000e+00,6.227571503168900964e-03,8.072811109179580709e-06,8.072811109191361243e-06,8.072811109118668875e-06,8.072811109456895908e-06
3.274795325292169119e-03,0.000000000000000000e+00,9.351092583879994406e-05,-9.428499993207416067e-05,0.000000000000000000e+00,6.227572693949336158e-03,1.126639491143477110e-05,1.126639491145202178e-05,1.126639491091625480e-05,1.126639491124291814e-05
3.279795012811699030e-03,0.000000000000000000e+00,9.292021814212816553e-05,-9.450436073772559506e-05,0.000000000000000000e+00,6.227572996918078266e-03,1.370519806933951978e-05,1.370519806936313845e-05,1.370519806863905572e-05,1.370519806895412996e-05
3.284794700331229375e-03,0.000000000000000000e+00,9.224992693949760178e-05,-9.472347632403038350e-05,0.000000000000000000e+00,6.227572021624651517e-03,1.523157872792539833e-05,1.523157872795666740e-05,1.523157872869029618e-05,1.523157872899350010e-05
3.289794387850759286e-03,0.000000000000000000e+00,9.149783980135150162e-05,-9.494234669098855310e-05,0.000000000000000000e+00,6.227570024101929634e-03,1.574635723924163152e-05,1.574635723928216374e-05,1.574635723932366836e-05,1.574635723961449204e-05
3.294794075370289198e-03,0.000000000000000000e+00,9.065807159778413698e-05,-9.516097183860010387e-05,0.000000000000000000e+00,6.227567789202716024e-03,1.525709140324917957e-05,1.525709140330074355e-05,1.525709140284302388e-05,1.525709140312089812e-05
3.299793762889819543e-03,0.000000000000000000e+00,8.972195867735102226e-05,-9.537935176686503579e-05,0.000000000000000000e+00,6.227566224271138470e-03,1.389994162147954664e-05,1.389994162154382966e-05,1.389994162078666691e-05,1.389994162105104622e-05
3.304793450409349454e-03,0.000000000000000000e+00,8.868023224100591109e-05,-9.559748647578333533e-05,0.000000000000000000e+00,6.227565883392331518e-03,1.192687771380690565e-05,1.192687771388548829e-05,1.192687771399489445e-05,1.192687771424532652e-05
3.309793137928879365e-03,0.000000000000000000e+00,8.752468939604491390e-05,-9.581537596535501602e-05,0.000000000000000000e+00,6.227566743826725391e-03,9.654618482276831315e-06,9.654618482371073895e-06,9.654618481439666302e-06,9.654618481675852969e-06
3.314792825448409277e-03,0.000000000000000000e+00,8.625148190105260272e-05,-9.603302023558007788e-05,0.000000000000000000e+00,6.227568282169040903e-03,7.426109282712751476e-06,7.426109282823623854e-06,7.426109281692295309e-06,7.426109281914228953e-06
3.319792512967939622e-03,0.000000000000000000e+00,8.486194526626782023e-05,-9.625041928645850734e-05,0.000000000000000000e+00,6.227569756306655831e-03,5.614013978070419401e-06,5.614013978198489088e-06,5.614013976965054957e-06,5.614013977173067614e-06
3.324792200487469533e-03,0.000000000000000000e+00,8.336282688728102416e-05,-9.646757311799031797e-05,0.000000000000000000e+00,6.227570540444213668e-03,4.574734342243367671e-06,4.574734342388592317e-06,4.574734341953499444e-06,4.574734342148455088e-06
3.329791888006999444e-03,0.000000000000000000e+00,8.176567833682076968e-05,-9.668448173017550975e-05,0.000000000000000000e+00,6.227570367477851948e-03,4.600899788687748339e-06,4.600899788849551114e-06,4.600899787948603672e-06,4.600899788131787253e-06
3.334791575526529356e-03,0.000000000000000000e+00,8.008765503705300823e-05,-9.690114512301408270e-05,0.000000000000000000e+00,6.227569393318065256e-03,5.871372476663155561e-06,5.871372476840481909e-06,5.871372475485772989e-06,5.871372475659006473e-06
3.339791263046059701e-03,0.000000000000000000e+00,7.835228495558691593e-05,-9.711756329650600970e-05,0.000000000000000000e+00,6.227568119759861048e-03,8.412653799477718699e-06,8.412653799668936387e-06,8.412653799164421540e-06,8.412653799329962271e-06
3.344790950565589612e-03,0.000000000000000000e+00,7.658755257230162627e-05,-9.733373625065133141e-05,0.000000000000000000e+00,6.227567163745552532e-03,1.205556344446157641e-05,1.205556344466468982e-05,1.205556344447027205e-05,1.205556344463072380e-05
3.349790638085119523e-03,0.000000000000000000e+00,7.482470514060187447e-05,-9.754966398545002074e-05,0.000000000000000000e+00,6.227566942869809490e-03,1.645666607558401756e-05,1.645666607579675158e-05,1.645666607448831607e-05,1.645666607464652489e-05
3.354790325604649435e-03,0.000000000000000000e+00,7.309595825693836224e-05,-9.776534650090209122e-05,0.000000000000000000e+00,6.227567493130860624e-03,2.118386663105266377e-05,2.118386663127244849e-05,2.118386662969717728e-05,2.118386662985608066e-05
3.359790013124179780e-03,0.000000000000000000e+00,7.143309831736869675e-05,-9.798078379700754287e-05,0.000000000000000000e+00,6.227568492582956361e-03,2.576164910993408011e-05,2.576164911015814066e-05,2.576164910976477856e-05,2.576164910992739533e-05
3.364789700643709691e-03,0.000000000000000000e+00,6.986522483317353209e-05,-9.819597587376636212e-05,0.000000000000000000e+00,6.227569454747361802e-03,2.972588161873449222e-05,2.972588161895992496e-05,2.972588161807221749e-05,2.972588161824135303e-05
3.369789388163239603e-03,0.000000000000000000e+00,6.841809971410121470e-05,-9.841092273117856253e-05,0.000000000000000000e+00,6.227569987299694763e-03,3.268453184730966277e-05,3.268453184753360472e-05,3.268453184580951321e-05,3.268453184598777637e-05
3.374789075682769948e-03,0.000000000000000000e+00,6.711371466787393128e-05,-9.862562436924413056e-05,0.000000000000000000e+00,6.227569985066898350e-03,3.437792091377276331e-05,3.437792091399249043e-05,3.437792091282298188e-05,3.437792091301241233e-05
3.379788763202299859e-03,0.000000000000000000e+00,6.596728977920537896e-05,-9.884008078796307974e-05,0.000000000000000000e+00,6.227569625881112202e-03,3.471064303273355128e-05,3.471064303294641405e-05,3.471064303265911403e-05,3.471064303286131773e-05
3.384788450721829770e-03,0.000000000000000000e+00,6.498465489387793726e-05,-9.905429198733541009e-05,0.000000000000000000e+00,6.227569268691959814e-03,3.378311883303455659e-05,3.378311883323830529e-05,3.378311883223081042e-05,3.378311883244671573e-05
3.389788138241359682e-03,0.000000000000000000e+00,6.416002587994419290e-05,-9.926825796736112159e-05,0.000000000000000000e+00,6.227569289488425058e-03,3.191608135340966970e-05,3.191608135360231210e-05,3.191608135296908382e-05,3.191608135319913119e-05
3.394787825760890027e-03,0.000000000000000000e+00,6.347672432447607621e-05,-9.948197872804018715e-05,0.000000000000000000e+00,6.227569915196694110e-03,2.956909871935722731e-05,2.956909871953705579e-05,2.956909871896374323e-05,2.956909871920767517e-05
3.399787513280419938e-03,0.000000000000000000e+00,6.290743426885648366e-05,-9.969545426937264742e-05,0.000000000000000000e+00,6.227571096253069205e-03,2.723450664550574490e-05,2.723450664567153296e-05,2.723450664588295239e-05,2.723450664613997606e-05
3.404787200799949849e-03,0.000000000000000000e+00,6.241602779019903610e-05,-9.990868459135848886e-05,0.000000000000000000e+00,6.227572486786240452e-03,2.532669201198815292e-05,2.532669201213906031e-05,2.532669201148985699e-05,2.532669201175859005e-05
3.409786888319479761e-03,0.000000000000000000e+00,6.196131492255077696e-05,-1.001216696939976979e-04,0.000000000000000000e+00,6.227573527569732828e-03,2.413779018222872062e-05,2.413779018236448306e-05,2.413779018188691572e-05,2.413779018216560311e-05
3.414786575839010106e-03,0.000000000000000000e+00,6.150048810694939429e-05,-1.003344095772902881e-04,0.000000000000000000e+00,6.227573705311764858e-03,2.380039550461564960e-05,2.380039550473626032e-05,2.380039550409676060e-05,2.380039550438330169e-05
3.419786263358540017e-03,0.000000000000000000e+00,6.099293247940266831e-05,-1.005469042412362595e-04,0.000000000000000000e+00,6.227572864173944005e-03,2.427328650979838218e-05,2.427328650990405801e-05,2.427328650987539780e-05,2.427328651016758351e-05
3.424785950878069928e-03,0.000000000000000000e+00,6.040354664645594966e-05,-1.007591536858355984e-04,0.000000000000000000e+00,6.227571326918967913e-03,2.537355574863662364e-05,2.537355574872773728e-05,2.537355574736232695e-05,2.537355574765788724e-05
3.429785638397600273e-03,0.000000000000000000e+00,5.970824501517957761e-05,-1.009711579110883050e-04,0.000000000000000000e+00,6.227569736706559979e-03,2.678977440009710134e-05,2.678977440017410002e-05,2.678977439869716933e-05,2.678977439899407471e-05
3.434785325917130185e-03,0.000000000000000000e+00,5.889652903447296732e-05,-1.011829169169944063e-04,0.000000000000000000e+00,6.227568708910715019e-03,2.811447354350308101e-05,2.811447354356628323e-05,2.811447354269078997e-05,2.811447354298721762e-05
3.439785013436660096e-03,0.000000000000000000e+00,5.797154917431374902e-05,-1.013944307035538752e-04,0.000000000000000000e+00,6.227568489428972343e-03,2.889768210563175454e-05,2.889768210568154314e-05,2.889768210505038162e-05,2.889768210534474251e-05
3.444784700956190007e-03,0.000000000000000000e+00,5.694906455592827719e-05,-1.016056992707667253e-04,0.000000000000000000e+00,6.227568855629668845e-03,2.878076272857977723e-05,2.878076272861631484e-05,2.878076272688517601e-05,2.878076272717607423e-05
3.449784388475720352e-03,0.000000000000000000e+00,5.585548650755974926e-05,-1.018167226186329430e-04,0.000000000000000000e+00,6.227569301704122262e-03,2.755688150462284809e-05,2.755688150464605002e-05,2.755688150379473109e-05,2.755688150408139075e-05
3.454784075995250264e-03,0.000000000000000000e+00,5.472541567373677293e-05,-1.020275007471525418e-04,0.000000000000000000e+00,6.227569322665148580e-03,2.516582430586653256e-05,2.516582430587614808e-05,2.516582430542869107e-05,2.516582430571046844e-05
3.459783763514780175e-03,0.000000000000000000e+00,5.359749549788070399e-05,-1.022380336563255218e-04,0.000000000000000000e+00,6.227568693342885008e-03,2.169223782255986485e-05,2.169223782255561613e-05,2.169223782212549280e-05,2.169223782240204228e-05
3.464783451034310086e-03,0.000000000000000000e+00,5.251308808907330464e-05,-1.024483213461518694e-04,0.000000000000000000e+00,6.227567596990724909e-03,1.734122394896282418e-05,1.734122394894417252e-05,1.734122394793902901e-05,1.734122394821033367e-05
3.469783138553840431e-03,0.000000000000000000e+00,5.151444951961367947e-05,-1.026583638166315982e-04,0.000000000000000000e+00,6.227566508360308194e-03,1.239728692830556787e-05,1.239728692827210329e-05,1.239728692813851264e-05,1.239728692840470461e-05
3.474782826073370343e-03,0.000000000000000000e+00,5.064230778464561688e-05,-1.028681610677647081e-04,0.000000000000000000e+00,6.227565883670868260e-03,7.181278479195488992e-06,7.181278479146821867e-06,7.181278478983905244e-06,7.181278479245247943e-06
3.479782513592900254e-03,0.000000000000000000e+00,4.993330452336730200e-05,-1.030777130995511856e-04,0.000000000000000000e+00,6.227565904671397701e-03,2.084420887943736119e-06,2.084420887879592008e-06,2.084420887404108369e-06,2.084420887660949935e-06
3.484782201112430599e-03,0.000000000000000000e+00,4.941899222756721954e-05,-1.032870199119910307e-04,0.000000000000000000e+00,6.227566404147010480e-03,-2.467574778281763479e-06,-2.467574778361542124e-06,-2.467574778961859785e-06,-2.467574778708991651e-06
3.489781888631960510e-03,0.000000000000000000e+00,4.912616317112720760e-05,-1.034960815050842706e-04,0.000000000000000000e+00,6.227567050893586913e-03,-6.102357032726948449e-06,-6.102357032822348076e-06,-6.102357033066417232e-06,-6.102357032816927065e-06
3.494781576151490422e-03,0.000000000000000000e+00,4.907453772342576168e-05,-1.037048978788308781e-04,0.000000000000000000e+00,6.227567615179073306e-03,-8.570516288881710628e-06,-8.570516288992394117e-06,-8.570516288841625640e-06,-8.570516288595034021e-06
3.499781263671020333e-03,0.000000000000000000e+00,4.927543162393696168e-05,-1.039134690332308667e-04,0.000000000000000000e+00,6.227568107381055602e-03,-9.790612787635609101e-06,-9.790612787760963201e-06,-9.790612788523284384e-06,-9.790612788279167794e-06
3.504780951190550678e-03,0.000000000000000000e+00,4.973058919467774063e-05,-1.041217949682842229e-04,0.000000000000000000e+00,6.227568718239390871e-03,-9.867380363713519999e-06,-9.867380363852731558e-06,-9.867380364604178531e-06,-9.867380364362237123e-06
3.509780638710080589e-03,0.000000000000000000e+00,5.043166651789664608e-05,-1.043298756839909739e-04,0.000000000000000000e+00,6.227569686076932752e-03,-9.110974533476197201e-06,-9.110974533628259943e-06,-9.110974534110303006e-06,-9.110974533870387700e-06
3.514780326229610501e-03,0.000000000000000000e+00,5.135906099984702001e-05,-1.045377111803510924e-04,0.000000000000000000e+00,6.227571124725886191e-03,-7.962496446618432753e-06,-7.962496446782089683e-06,-7.962496447097099542e-06,-7.962496446859244220e-06
3.519780013749140412e-03,0.000000000000000000e+00,5.248258787989871572e-05,-1.047453014573645786e-04,0.000000000000000000e+00,6.227572881640243245e-03,-6.935063609690981015e-06,-6.935063609865003934e-06,-6.935063611048603729e-06,-6.935063610813019303e-06
3.524779701268670757e-03,0.000000000000000000e+00,5.376535127560378352e-05,-1.049526465150314595e-04,0.000000000000000000e+00,6.227574478261633031e-03,-6.556419259161868956e-06,-6.556419259344981386e-06,-6.556419260132313757e-06,-6.556419259899364450e-06
3.529779388788200668e-03,0.000000000000000000e+00,5.516575369022782047e-05,-1.051597463533517079e-04,0.000000000000000000e+00,6.227575210907958583e-03,-7.309496181402099752e-06,-7.309496181593013355e-06,-7.309496182006625472e-06,-7.309496181776947406e-06
3.534779076307730580e-03,0.000000000000000000e+00,5.663953179631489479e-05,-1.053666009723253240e-04,0.000000000000000000e+00,6.227574467052445807e-03,-9.510258724694553475e-06,-9.510258724892051065e-06,-9.510258725192693551e-06,-9.510258724966969435e-06
3.539778763827260925e-03,0.000000000000000000e+00,5.814205269109776859e-05,-1.055732103719523213e-04,0.000000000000000000e+00,6.227572125383949546e-03,-1.318131206574403580e-05,-1.318131206594711364e-05,-1.318131206680299470e-05,-1.318131206658204107e-05
3.544778451346790836e-03,0.000000000000000000e+00,5.963240107347426489e-05,-1.057795745522326997e-04,0.000000000000000000e+00,6.227568750271371238e-03,-1.804279729202794212e-05,-1.804279729223584128e-05,-1.804279729211986553e-05,-1.804279729190431597e-05
3.549778138866320747e-03,0.000000000000000000e+00,6.107521822081630233e-05,-1.059856935131664593e-04,0.000000000000000000e+00,6.227565373323380900e-03,-2.355746134506762885e-05,-2.355746134527977672e-05,-2.355746134523013720e-05,-2.355746134502054059e-05
3.554777826385850659e-03,0.000000000000000000e+00,6.244133438315612719e-05,-1.061915672547535864e-04,0.000000000000000000e+00,6.227563028050164817e-03,-2.903424520475404383e-05,-2.903424520497016259e-05,-2.903424520479627350e-05,-2.903424520459302625e-05
3.559777513905381004e-03,0.000000000000000000e+00,6.370999894295134385e-05,-1.063971957769940812e-04,0.000000000000000000e+00,6.227562327432387482e-03,-3.375744552397312375e-05,-3.375744552419324390e-05,-3.375744552472271403e-05,-3.375744552452580936e-05
3.564777201424910915e-03,0.000000000000000000e+00,6.486953940369017627e-05,-1.066025790798879707e-04,0.000000000000000000e+00,6.227563330470887830e-03,-3.713697891958909174e-05,-3.713697891981348093e-05,-3.713697891915874479e-05,-3.713697891896789810e-05
3.569776888944440826e-03,0.000000000000000000e+00,6.591675203002637018e-05,-1.068077171634352279e-04,0.000000000000000000e+00,6.227565648120315239e-03,-3.876601543413312585e-05,-3.876601543436227198e-05,-3.876601543412828082e-05,-3.876601543394299744e-05
3.574776576463970738e-03,0.000000000000000000e+00,6.685522153005009165e-05,-1.070126100276358526e-04,0.000000000000000000e+00,6.227568657320758753e-03,-3.841508684862765202e-05,-3.841508684886220561e-05,-3.841508684889564647e-05,-3.841508684871506582e-05
3.579776263983501083e-03,0.000000000000000000e+00,6.769657131086361814e-05,-1.072172576724898720e-04,0.000000000000000000e+00,6.227571634434554693e-03,-3.607700219693368892e-05,-3.607700219717457153e-05,-3.607700219744558142e-05,-3.607700219726847699e-05
3.584775951503030994e-03,0.000000000000000000e+00,6.846063754921703813e-05,-1.074216600979972590e-04,0.000000000000000000e+00,6.227573892923427175e-03,-3.199112236494421264e-05,-3.199112236519248816e-05,-3.199112236485187927e-05,-3.199112236467689581e-05
3.589775639022560905e-03,0.000000000000000000e+00,6.917323788559686477e-05,-1.076258173041580137e-04,0.000000000000000000e+00,6.227574943752446461e-03,-2.661382597257933816e-05,-2.661382597283607724e-05,-2.661382597296759774e-05,-2.661382597279332579e-05
3.594775326542091250e-03,0.000000000000000000e+00,6.986426173452141980e-05,-1.078297292909721495e-04,0.000000000000000000e+00,6.227574650519572715e-03,-2.052507716950463670e-05,-2.052507716977105566e-05,-2.052507717003131501e-05,-2.052507716985617909e-05
3.599775014061621162e-03,0.000000000000000000e+00,7.056560161580867037e-05,-1.080333960584396800e-04,0.000000000000000000e+00,6.227573246169037548e-03,-1.436417816796953736e-05,-1.436417816824679665e-05,-1.436417816833233512e-05,-1.436417816815485461e-05
3.604774701581151073e-03,0.000000000000000000e+00,7.130801751382799601e-05,-1.082368176065605782e-04,0.000000000000000000e+00,6.227571231074678811e-03,-8.762467458895731277e-06,-8.762467459184916795e-06,-8.762467459063394672e-06,-8.762467458882249900e-06
3.609774389100680984e-03,0.000000000000000000e+00,7.211512179727439745e-05,-1.084399939353348439e-04,0.000000000000000000e+00,6.227569164869093711e-03,-4.273631481143208918e-06,-4.273631481445123648e-06,-4.273631481529877765e-06,-4.273631481344051441e-06
3.614774076620211329e-03,0.000000000000000000e+00,7.300018273744582039e-05,-1.086429250447624908e-04,0.000000000000000000e+00,6.227567469099315640e-03,-1.347538219566549904e-06,-1.347538219881783380e-06,-1.347538219799713511e-06,-1.347538219608500058e-06
3.619773764139741241e-03,0.000000000000000000e+00,7.396434652762945222e-05,-1.088456109348435189e-04,0.000000000000000000e+00,6.227566361445855368e-03,-3.150971047782380290e-07,-3.150971051069926916e-07,-3.150971051438513303e-07,-3.150971049469280285e-07
3.624773451659271152e-03,0.000000000000000000e+00,7.499434254024873645e-05,-1.090480516055779145e-04,0.000000000000000000e+00,6.227565892742798967e-03,-1.364486745785980410e-06,-1.364486746127886953e-06,-1.364486746025829647e-06,-1.364486745823451453e-06
3.629773139178801063e-03,0.000000000000000000e+00,7.606171598511203493e-05,-1.092502470569656914e-04,0.000000000000000000e+00,6.227566020579201021e-03,-4.450919464443474591e-06,-4.450919464797543680e-06,-4.450919464991943671e-06,-4.450919464784972864e-06
3.634772826698331408e-03,0.000000000000000000e+00,7.712587578843736746e-05,-1.094521972890068494e-04,0.000000000000000000e+00,6.227566648139416620e-03,-9.264728923406383951e-06,-9.264728923771023165e-06,-9.264728924552211159e-06,-9.264728924341989440e-06
3.639772514217861320e-03,0.000000000000000000e+00,7.814042441712701998e-05,-1.096539023017013750e-04,0.000000000000000000e+00,6.227567606869365349e-03,-1.528806864886315790e-05,-1.528806864923619121e-05,-1.528806864962045279e-05,-1.528806864940884702e-05
3.644772201737391231e-03,0.000000000000000000e+00,7.905753519172528654e-05,-1.098553620950492817e-04,0.000000000000000000e+00,6.227568596402451896e-03,-2.189106915964408721e-05,-2.189106916002270416e-05,-2.189106916064243073e-05,-2.189106916043179397e-05
3.649771889256921576e-03,0.000000000000000000e+00,7.983352620140993878e-05,-1.100565766690505561e-04,0.000000000000000000e+00,6.227569280385931126e-03,-2.841842905673909982e-05,-2.841842905712013928e-05,-2.841842905771346892e-05,-2.841842905750643713e-05
3.654771576776451487e-03,0.000000000000000000e+00,8.043491507111108474e-05,-1.102575460237052252e-04,0.000000000000000000e+00,6.227569449955409377e-03,-3.428459941084036565e-05,-3.428459941122047338e-05,-3.428459941209413027e-05,-3.428459941189345122e-05
3.659771264295981399e-03,0.000000000000000000e+00,8.084236074788635261e-05,-1.104582701590132619e-04,0.000000000000000000e+00,6.227569162740415401e-03,-3.906547906496476042e-05,-3.906547906534047713e-05,-3.906547906495424366e-05,-3.906547906476278711e-05
3.664770951815511310e-03,0.000000000000000000e+00,8.105109177465815199e-05,-1.106587490749746662e-04,0.000000000000000000e+00,6.227568748503323724e-03,-4.248478907228778407e-05,-4.248478907265546413e-05,-4.248478907266664496e-05,-4.248478907248735180e-05
3.669770639335041655e-03,0.000000000000000000e+00,8.107028958850696389e-05,-1.108589827715894516e-04,0.000000000000000000e+00,6.227568672789954990e-03,-4.438557360525918673e-05,-4.438557360561558432e-05,-4.438557360479909199e-05,-4.438557360463459142e-05
3.674770326854571566e-03,0.000000000000000000e+00,8.092345037991825318e-05,-1.110589712488576183e-04,0.000000000000000000e+00,6.227569270100697524e-03,-4.476247320641311663e-05,-4.476247320675522307e-05,-4.476247320568359765e-05,-4.476247320553632911e-05
3.679770014374101478e-03,0.000000000000000000e+00,8.064539630674894433e-05,-1.112587145067791525e-04,0.000000000000000000e+00,6.227570572713024555e-03,-4.379000528900507292e-05,-4.379000528933034713e-05,-4.379000528782420057e-05,-4.379000528769622406e-05
3.684769701893631389e-03,0.000000000000000000e+00,8.027806805118941854e-05,-1.114582125453540679e-04,0.000000000000000000e+00,6.227572281536762448e-03,-4.177710622194824640e-05,-4.177710622225456062e-05,-4.177710622105679504e-05,-4.177710622094975041e-05
3.689769389413161734e-03,0.000000000000000000e+00,7.986737516754192977e-05,-1.116574653645823780e-04,0.000000000000000000e+00,6.227573837665776289e-03,-3.908247981783455588e-05,-3.908247981812018216e-05,-3.908247981637011722e-05,-3.908247981628529196e-05
3.694769076932691645e-03,0.000000000000000000e+00,7.946148993251475471e-05,-1.118564729644640421e-04,0.000000000000000000e+00,6.227574598038973855e-03,-3.607635649659196976e-05,-3.607635649685558675e-05,-3.607635649599813868e-05,-3.607635649593639337e-05
3.699768764452221557e-03,0.000000000000000000e+00,7.910754537672546986e-05,-1.120552353449990875e-04,0.000000000000000000e+00,6.227574065226716866e-03,-3.308219219249251098e-05,-3.308219219273312933e-05,-3.308219219191252381e-05,-3.308219219187447509e-05
3.704768451971751902e-03,0.000000000000000000e+00,7.884715539822861310e-05,-1.122537525061875139e-04,0.000000000000000000e+00,6.227572059079498033e-03,-3.033841788958575200e-05,-3.033841788980259582e-05,-3.033841788966096513e-05,-3.033841788964681291e-05
3.709768139491281813e-03,0.000000000000000000e+00,7.871452871053460074e-05,-1.124520244480293216e-04,0.000000000000000000e+00,6.227568832796199355e-03,-2.800173539920203610e-05,-2.800173539939464462e-05,-2.800173539946671696e-05,-2.800173539947626810e-05
3.714767827010811724e-03,0.000000000000000000e+00,7.873423301456098364e-05,-1.126500511705244968e-04,0.000000000000000000e+00,6.227565088214959653e-03,-2.618081414703701522e-05,-2.618081414720509705e-05,-2.618081414833968413e-05,-2.618081414837250157e-05
3.719767514530341636e-03,0.000000000000000000e+00,7.891840025852802818e-05,-1.128478326736730532e-04,0.000000000000000000e+00,6.227561763463474245e-03,-2.491934948247143496e-05,-2.491934948261473939e-05,-2.491934948295599880e-05,-2.491934948301154383e-05
3.724767202049871981e-03,0.000000000000000000e+00,7.926488453572788520e-05,-1.130453689574749773e-04,0.000000000000000000e+00,6.227559727141822148e-03,-2.413291219305989992e-05,-2.413291219317803391e-05,-2.413291219417432423e-05,-2.413291219425195650e-05
3.729766889569401892e-03,0.000000000000000000e+00,7.975894961510641588e-05,-1.132426600219302824e-04,0.000000000000000000e+00,6.227559527903147978e-03,-2.362878922580506841e-05,-2.362878922589793033e-05,-2.362878922669020429e-05,-2.362878922678912419e-05
3.734766577088931803e-03,0.000000000000000000e+00,8.037560188564522141e-05,-1.134397058670389688e-04,0.000000000000000000e+00,6.227561271509318881e-03,-2.318310597512597093e-05,-2.318310597519326600e-05,-2.318310597551597200e-05,-2.318310597563548497e-05
3.739766264608461715e-03,0.000000000000000000e+00,8.108077382353327594e-05,-1.136365064928010227e-04,0.000000000000000000e+00,6.227564650289421806e-03,-2.261149822501287243e-05,-2.261149822505425846e-05,-2.261149822476323488e-05,-2.261149822490285302e-05
3.744765952127992060e-03,0.000000000000000000e+00,8.183484173028488168e-05,-1.138330618992164714e-04,0.000000000000000000e+00,6.227569082444115410e-03,-2.179305208805390140e-05,-2.179305208806911411e-05,-2.179305208768530315e-05,-2.179305208784465715e-05
3.749765639647521971e-03,0.000000000000000000e+00,8.259728385240820779e-05,-1.140293720862852741e-04,0.000000000000000000e+00,6.227573781888417863e-03,-2.071587979145714559e-05,-2.071587979144590038e-05,-2.071587979077701541e-05,-2.071587979095596975e-05
3.754765327167051883e-03,0.000000000000000000e+00,8.333073087543693030e-05,-1.142254370540074580e-04,0.000000000000000000e+00,6.227577835817147030e-03,-1.948536087986111730e-05,-1.948536087982295339e-05,-1.948536087875497698e-05,-1.948536087895397551e-05
3.759765014686582228e-03,0.000000000000000000e+00,8.400280616558910467e-05,-1.144212568023830230e-04,0.000000000000000000e+00,6.227580378689982071e-03,-1.824926667210883795e-05,-1.824926667204313530e-05,-1.824926667120348509e-05,-1.824926667142346632e-05
3.764764702206112139e-03,0.000000000000000000e+00,8.458844342346179160e-05,-1.146168313314119692e-04,0.000000000000000000e+00,6.227580812288835942e-03,-1.715462125503448585e-05,-1.715462125494070236e-05,-1.715462125390704773e-05,-1.715462125414921784e-05
3.769764389725642050e-03,0.000000000000000000e+00,8.507162201254097396e-05,-1.148121606410942830e-04,0.000000000000000000e+00,6.227579006007218608e-03,-1.635352756386746373e-05,-1.635352756374497261e-05,-1.635352756312097021e-05,-1.635352756338706730e-05
3.774764077245171962e-03,0.000000000000000000e+00,8.544384328867969181e-05,-1.150072447314299780e-04,0.000000000000000000e+00,6.227575452723172270e-03,-1.599679512731036187e-05,-1.599679512715850919e-05,-1.599679512656499320e-05,-1.599679512685699595e-05
3.779763764764702307e-03,0.000000000000000000e+00,8.570147455954290564e-05,-1.152020836024190541e-04,0.000000000000000000e+00,6.227571156286302798e-03,-1.617182125956913080e-05,-1.617182125938731009e-05,-1.617182125908485157e-05,-1.617182125940505713e-05
3.784763452284232218e-03,0.000000000000000000e+00,8.584336439665481622e-05,-1.153966772540614979e-04,0.000000000000000000e+00,6.227567270764147907e-03,-1.688483088642727065e-05,-1.688483088621489577e-05,-1.688483088600815536e-05,-1.688483088635889815e-05
3.789763139803762129e-03,0.000000000000000000e+00,8.586921984125914350e-05,-1.155910256863573228e-04,0.000000000000000000e+00,6.227564692002523529e-03,-1.807324842894217671e-05,-1.807324842869865135e-05,-1.807324842912918803e-05,-1.807324842951299221e-05
3.794762827323292041e-03,0.000000000000000000e+00,8.577625356156547522e-05,-1.157851288993065288e-04,0.000000000000000000e+00,6.227563756591907376e-03,-1.959843391361837210e-05,-1.959843391334328291e-05,-1.959843391306231191e-05,-1.959843391348150852e-05
3.799762514842822386e-03,0.000000000000000000e+00,8.555673485797672131e-05,-1.159789868929091161e-04,0.000000000000000000e+00,6.227564194532775842e-03,-2.126424402012324548e-05,-2.126424401981641627e-05,-2.126424402038757397e-05,-2.126424402084423315e-05
3.804762202362352297e-03,0.000000000000000000e+00,8.519829951634238510e-05,-1.161725996671650573e-04,0.000000000000000000e+00,6.227565429897398940e-03,-2.285952193825341279e-05,-2.285952193791484016e-05,-2.285952193808852596e-05,-2.285952193858454846e-05
3.809761889881882208e-03,0.000000000000000000e+00,8.468505481026990895e-05,-1.163659672220743933e-04,0.000000000000000000e+00,6.227566937312439821e-03,-2.420589136011941532e-05,-2.420589135974947876e-05,-2.420589136033704180e-05,-2.420589136087371171e-05
3.814761577401412553e-03,0.000000000000000000e+00,8.399901621934234997e-05,-1.165590895576370969e-04,0.000000000000000000e+00,6.227568424546514429e-03,-2.512555833253528637e-05,-2.512555833213456186e-05,-2.512555833149448617e-05,-2.512555833207289786e-05
3.819761264920942465e-03,0.000000000000000000e+00,8.312216176096564669e-05,-1.167519666738531817e-04,0.000000000000000000e+00,6.227569839770817628e-03,-2.539962081771863578e-05,-2.539962081728789581e-05,-2.539962081767125615e-05,-2.539962081829210080e-05
3.824760952440472376e-03,0.000000000000000000e+00,8.204028482599612924e-05,-1.169445985707226476e-04,0.000000000000000000e+00,6.227571215743335845e-03,-2.475566462363637510e-05,-2.475566462317678858e-05,-2.475566462246141843e-05,-2.475566462312501115e-05
3.829760639960002287e-03,0.000000000000000000e+00,8.074477041940058240e-05,-1.171369852482454811e-04,0.000000000000000000e+00,6.227572474289970808e-03,-2.291179536721636820e-05,-2.291179536672930392e-05,-2.291179536635233361e-05,-2.291179536705846432e-05
3.834760327479532632e-03,0.000000000000000000e+00,7.923277415690809682e-05,-1.173291267064216958e-04,0.000000000000000000e+00,6.227573383735678786e-03,-1.962767253982953891e-05,-1.962767253931652154e-05,-1.962767253820475353e-05,-1.962767253895298855e-05
3.839760014999062544e-03,0.000000000000000000e+00,7.750790679243287832e-05,-1.175210229452512781e-04,0.000000000000000000e+00,6.227573642470419883e-03,-1.474933612864458206e-05,-1.474933612810736328e-05,-1.474933612774794687e-05,-1.474933612853743240e-05
3.844759702518592455e-03,0.000000000000000000e+00,7.558138971767019716e-05,-1.177126739647342416e-04,0.000000000000000000e+00,6.227572965390336911e-03,-8.265865845772209030e-06,-8.265865845212455777e-06,-8.265865844039199949e-06,-8.265865844868860250e-06
3.849759390038122366e-03,0.000000000000000000e+00,7.347239268678633090e-05,-1.179040797648705862e-04,0.000000000000000000e+00,6.227571258714083464e-03,-3.212944070110287253e-07,-3.212944064302775257e-07,-3.212944060103897412e-07,-3.212944068789729007e-07
3.854759077557652711e-03,0.000000000000000000e+00,7.120700023117515704e-05,-1.180952403456603120e-04,0.000000000000000000e+00,6.227568731650499033e-03,8.801061620091368183e-06,8.801061620691799346e-06,8.801061621224610175e-06,8.801061620318362849e-06
3.859758765077182623e-03,0.000000000000000000e+00,6.881854344912504719e-05,-1.182861557071033918e-04,0.000000000000000000e+00,6.227565884155013970e-03,1.868372215694270855e-05,1.868372215756170668e-05,1.868372215717150231e-05,1.868372215622893760e-05
3.864758452596712534e-03,0.000000000000000000e+00,6.634762570893917692e-05,-1.184768258491998664e-04,0.000000000000000000e+00,6.227563380537527900e-03,2.875231851647458051e-05,2.875231851711147136e-05,2.875231851751601091e-05,2.875231851653853150e-05
3.869758140116242879e-03,0.000000000000000000e+00,6.384108892618595512e-05,-1.186672507719497221e-04,0.000000000000000000e+00,6.227561843401354345e-03,3.830812724470373295e-05,3.830812724535815738e-05,3.830812724483767935e-05,3.830812724382651852e-05
3.874757827635772790e-03,0.000000000000000000e+00,6.135032008658752541e-05,-1.188574304753529454e-04,0.000000000000000000e+00,6.227561566764330293e-03,4.663346336466040159e-05,4.663346336533235622e-05,4.663346336514664594e-05,4.663346336410301325e-05
3.879757515155302702e-03,0.000000000000000000e+00,5.892971125547177358e-05,-1.190473649594095499e-04,0.000000000000000000e+00,6.227562451953837924e-03,5.310757874552564308e-05,5.310757874621556835e-05,5.310757874573553106e-05,5.310757874466043619e-05
3.884757202674832613e-03,0.000000000000000000e+00,5.663426951745950466e-05,-1.192370542241195355e-04,0.000000000000000000e+00,6.227564145303615163e-03,5.729635818577955432e-05,5.729635818648816175e-05,5.729635818695340646e-05,5.729635818584769642e-05
3.889756890194362958e-03,0.000000000000000000e+00,5.451462459057314342e-05,-1.194264982694828888e-04,0.000000000000000000e+00,6.227566237126112500e-03,5.897743453646652330e-05,5.897743453719459216e-05,5.897743453732189105e-05,5.897743453618650776e-05
3.894756577713892869e-03,0.000000000000000000e+00,5.261243190270015185e-05,-1.196156970954996096e-04,0.000000000000000000e+00,6.227568396266753951e-03,5.812554868362640958e-05,5.812554868437478690e-05,5.812554868512241884e-05,5.812554868395827709e-05
3.899756265233422781e-03,0.000000000000000000e+00,5.095711784604292183e-05,-1.198046507021697252e-04,0.000000000000000000e+00,6.227570372356805092e-03,5.485915025108548332e-05,5.485915025185487384e-05,5.485915025294591326e-05,5.485915025175403626e-05
3.904755952752952692e-03,0.000000000000000000e+00,4.956382449743769659e-05,-1.199933590894932084e-04,0.000000000000000000e+00,6.227571876462054297e-03,4.938893641031256749e-05,4.938893641110352008e-05,4.938893641212679009e-05,4.938893641090843822e-05
3.909755640272482603e-03,0.000000000000000000e+00,4.843189259447597706e-05,-1.201818222574700727e-04,0.000000000000000000e+00,6.227572582173912172e-03,4.200507241736399098e-05,4.200507241817677670e-05,4.200507241907934112e-05,4.200507241783572735e-05
3.914755327792012948e-03,0.000000000000000000e+00,4.754543061704387386e-05,-1.203700402061003047e-04,0.000000000000000000e+00,6.227572338670528049e-03,3.311246800013602432e-05,3.311246800097084644e-05,3.311246800181940405e-05,3.311246800055198526e-05
3.919755015311543293e-03,0.000000000000000000e+00,4.687627147434386243e-05,-1.205580129353839178e-04,0.000000000000000000e+00,6.227571345472761831e-03,2.323648408246177765e-05,2.323648408331855148e-05,2.323648408418109529e-05,2.323648408289134194e-05
3.924754702831072771e-03,0.000000000000000000e+00,4.638692898644088700e-05,-1.207457404453209120e-04,0.000000000000000000e+00,6.227570153114106444e-03,1.295183445540404019e-05,1.295183445628233035e-05,1.295183445648908601e-05,1.295183445517878702e-05
3.929754390350603116e-03,0.000000000000000000e+00,4.603415329194365964e-05,-1.209332227359112739e-04,0.000000000000000000e+00,6.227569407607661672e-03,2.832221512400687948e-06,2.832221513300047202e-06,2.832221513178686016e-06,2.832221511849679463e-06
3.934754077870133461e-03,0.000000000000000000e+00,4.577328693376603720e-05,-1.211204598071550170e-04,0.000000000000000000e+00,6.227569500214167469e-03,-6.560827041133551770e-06,-6.560827040213679072e-06,-6.560827040683348677e-06,-6.560827042029207797e-06
3.939753765389662939e-03,0.000000000000000000e+00,4.556299409108491641e-05,-1.213074516590521412e-04,0.000000000000000000e+00,6.227570367072468756e-03,-1.469274087975899203e-05,-1.469274087881925980e-05,-1.469274087876899009e-05,-1.469274088012969431e-05
3.944753452909193284e-03,0.000000000000000000e+00,4.536827512221054611e-05,-1.214941982916026330e-04,0.000000000000000000e+00,6.227571616018911550e-03,-2.108841184861771844e-05,-2.108841184765869079e-05,-2.108841184817685134e-05,-2.108841184955042707e-05
3.949753140428722761e-03,0.000000000000000000e+00,4.516206576495276795e-05,-1.216806997048064924e-04,0.000000000000000000e+00,6.227572719039266291e-03,-2.533585933188332824e-05,-2.533585933090541853e-05,-2.533585933108628379e-05,-2.533585933247080996e-05
3.954752827948253106e-03,0.000000000000000000e+00,4.492643402412155052e-05,-1.218669558986637465e-04,0.000000000000000000e+00,6.227573206711392063e-03,-2.713529464786866512e-05,-2.713529464687249000e-05,-2.713529464695794546e-05,-2.713529464835135192e-05
3.959752515467783451e-03,0.000000000000000000e+00,4.465266219124363717e-05,-1.220529668731743818e-04,0.000000000000000000e+00,6.227572801999962764e-03,-2.641101733805017998e-05,-2.641101733703622056e-05,-2.641101733610720499e-05,-2.641101733750754696e-05
3.964752202987312929e-03,0.000000000000000000e+00,4.434022167504427295e-05,-1.222387326283383847e-04,0.000000000000000000e+00,6.227571530133475634e-03,-2.337128969216834573e-05,-2.337128969113683917e-05,-2.337128969124878305e-05,-2.337128969265421399e-05
3.969751890506843274e-03,0.000000000000000000e+00,4.399504904556578719e-05,-1.224242531641557823e-04,0.000000000000000000e+00,6.227569745270970444e-03,-1.843992488704774768e-05,-1.843992488599891422e-05,-1.843992488475937298e-05,-1.843992488616833097e-05
3.974751578026373619e-03,0.000000000000000000e+00,4.362818199514509267e-05,-1.226095284806265340e-04,0.000000000000000000e+00,6.227568077170059571e-03,-1.214729345271900233e-05,-1.214729345165295377e-05,-1.214729345079632055e-05,-1.214729345220739274e-05
3.979751265545903097e-03,0.000000000000000000e+00,4.325405486171971653e-05,-1.227945585777506668e-04,0.000000000000000000e+00,6.227567166860977117e-03,-5.069979453533369508e-06,-5.069979452449970323e-06,-5.069979451692227354e-06,-5.069979453104491316e-06
3.984750953065433442e-03,0.000000000000000000e+00,4.288794428002244501e-05,-1.229793434555281537e-04,0.000000000000000000e+00,6.227567325734332561e-03,2.208603938966749204e-06,2.208603940067704842e-06,2.208603939672563125e-06,2.208603938259708357e-06
3.989750640584963787e-03,0.000000000000000000e+00,4.254368250670798534e-05,-1.231638831139590488e-04,0.000000000000000000e+00,6.227568373710945168e-03,9.153245966949284190e-06,9.153245968067997873e-06,9.153245968600205615e-06,9.153245967187029398e-06
3.994750328104493264e-03,0.000000000000000000e+00,4.223204477097425248e-05,-1.233481775530432980e-04,0.000000000000000000e+00,6.227569737248198761e-03,1.531904561886854619e-05,1.531904562000544059e-05,1.531904561937272053e-05,1.531904561795914451e-05
3.999750015624023609e-03,0.000000000000000000e+00,4.195959401938432950e-05,-1.235322267727809284e-04,0.000000000000000000e+00,6.227570745972786127e-03,2.038553484671498759e-05,2.038553484787036763e-05,2.038553484701682947e-05,2.038553484560247419e-05
