time_s,contact_force_N,impact_w_m,ball_travel_m,indentation_m,energy_J,S1_mean_exx_plus_eyy,S2_mean_exx_plus_eyy,S3_mean_exx_plus_eyy,S4_mean_exx_plus_eyy
0.000000000000000000e+00,0.000000000000000000e+00,0.000000000000000000e+00,0.000000000000000000e+00,0.000000000000000000e+00,6.227579619865871753e-03,0.000000000000000000e+00,0.000000000000000000e+00,0.000000000000000000e+00,0.000000000000000000e+00
4.999687519530029071e-06,1.958399019541480612e+01,2.620986940844240303e-08,8.844320860812783207e-06,8.818110991404341410e-06,6.227530049753853165e-03,-4.501362342362613879e-10,-4.501362342359768378e-10,-4.501361445679109886e-10,-4.501361445681376360e-10
9.999375039060058143e-06,5.367133611971124196e+01,2.893065692067392847e-07,1.755840679920456533e-05,1.726910022999782456e-05,6.227523441874193919e-03,-2.665941636298101507e-09,-2.665941636299411761e-09,-2.665941753311785643e-09,-2.665941753310223926e-09
1.499906255859008806e-05,9.226151647777685127e+01,1.151080331604489501e-06,2.593225172084082851e-05,2.478117138923633859e-05,6.227540868360764530e-03,2.801430989972613682e-09,2.801430989972401923e-09,2.801431125415352470e-09,2.801431125415828926e-09
1.999875007812011629e-05,1.274316047607207310e+02,2.992385847054519216e-06,3.372688972355484963e-05,3.073450387650033253e-05,6.227571781913578478e-03,4.370617138732788364e-08,4.370617138733328347e-08,4.370617124564087090e-08,4.370617124563536519e-08
2.499843759765014620e-05,1.522994253010872967e+02,6.111302925577574574e-06,4.072438577383773173e-05,3.461308284826015546e-05,6.227597737519817434e-03,1.622717359652135024e-07,1.622717359652139259e-07,1.622717360660085173e-07,1.622717360660004704e-07
2.999812511718017612e-05,1.623833596246214483e+02,1.064589475491826443e-05,4.677044542126385904e-05,3.612455066634559292e-05,6.227603369855715457e-03,3.756202095798224164e-07,3.756202095798036758e-07,3.756202094960110473e-07,3.756202094960009888e-07
3.499781263671020604e-05,1.566807236408741915e+02,1.652829809682399416e-05,5.180206315804554190e-05,3.527376506122154774e-05,6.227587372225262471e-03,6.635754267850721642e-07,6.635754267850759758e-07,6.635754267934679548e-07,6.635754267933912983e-07
3.999750015624023257e-05,1.376819465588084483e+02,2.349252152119700758e-05,5.585383227377262036e-05,3.236131075257561279e-05,6.227562178070798413e-03,9.652514766218027026e-07,9.652514766218213374e-07,9.652514765940064694e-07,9.652514765938391804e-07
4.499718767577026588e-05,1.103065449867106622e+02,3.112752996939935433e-05,5.904282958031558336e-05,2.791529961091622903e-05,6.227543487837807791e-03,1.175385214285571806e-06,1.175385214285582394e-06,1.175385214206251406e-06,1.175385214205982049e-06
4.999687519530029241e-05,8.030350192002310905e+01,3.894769736471122306e-05,6.153847055399162466e-05,2.259077318928040160e-05,6.227539733245929937e-03,1.195783416688295619e-06,1.195783416688393875e-06,1.195783416955043235e-06,1.195783416954573132e-06
5.499656271483031894e-05,5.264910577234086730e+01,4.647802251211681588e-05,6.352714790852065341e-05,1.704912539640383753e-05,6.227549080570484938e-03,9.747907239621132633e-07,9.747907239623055398e-07,9.747907235176678761e-07,9.747907235169648388e-07
5.999625023436035224e-05,3.052800139446294381e+01,5.332626666934887910e-05,6.518141577960022751e-05,1.185514911025134841e-05,6.227563123717059362e-03,5.147118681327069625e-07,5.147118681330059651e-07,5.147118685355236449e-07,5.147118685346384955e-07
6.499593775389037877e-05,1.508357227335387662e+01,5.923074952474402857e-05,6.664005632047826863e-05,7.409306795734240053e-06,6.227573505001074081e-03,-1.369544065885808682e-07,-1.369544065880726484e-07,-1.369544067082047902e-07,-1.369544067093093212e-07
6.999562527342041208e-05,5.844348139368215733e+00,6.406273072891618937e-05,6.800063805274581029e-05,3.937907323829620927e-06,6.227576367112139591e-03,-8.520801845276710029e-07,-8.520801845268544632e-07,-8.520801845914644423e-07,-8.520801845927519324e-07
7.499531279295044539e-05,1.396603683426157039e+00,6.780569325663145502e-05,6.932212742335653222e-05,1.516434166725077201e-06,6.227573021945357126e-03,-1.432133424043104163e-06,-1.432133424041930175e-06,-1.432133424026993596e-06,-1.432133424028374260e-06
7.999500031248046514e-05,2.556070790406562640e-02,7.052814511393276490e-05,7.063346006342764770e-05,1.053149494948827985e-07,6.227567848433024182e-03,-1.676953615606540999e-06,-1.676953615604896908e-06,-1.676953615322059055e-06,-1.676953615323482070e-06
8.499468783201049845e-05,0.000000000000000000e+00,7.234974502909670587e-05,7.194409379018220534e-05,0.000000000000000000e+00,6.227564922267354169e-03,-1.446716625371089912e-06,-1.446716625368882544e-06,-1.446716625794137976e-06,-1.446716625795522875e-06
8.999437535154053175e-05,0.000000000000000000e+00,7.341383756774112551e-05,7.325497251780997623e-05,0.000000000000000000e+00,6.227565309594717928e-03,-7.439651988007427641e-07,-7.439651987978933452e-07,-7.439651987359921774e-07,-7.439651987372618798e-07
9.499406287107055151e-05,4.354804320150343910e-01,7.386864102444327528e-05,7.456594242191500398e-05,6.973013974717287046e-07,6.227566446296687458e-03,2.630530840115231752e-07,2.630530840150743609e-07,2.630530842604682760e-07,2.630530842593353695e-07
9.999375039060058481e-05,2.113767041474502228e+00,7.387476125190231254e-05,7.587376152521690595e-05,1.999000273314593414e-06,6.227565941418804901e-03,1.277692763851933634e-06,1.277692763856300936e-06,1.277692763673675550e-06,1.277692763672658264e-06
1.049934379101306181e-04,5.037074242691306658e+00,7.360147290128517717e-05,7.716784790237094318e-05,3.566375001085766018e-06,6.227563425585780355e-03,2.006837928955761846e-06,2.006837928960989733e-06,2.006837928628043104e-06,2.006837928627097815e-06
1.099931254296606379e-04,8.915506451447889447e+00,7.321152113407793560e-05,7.842993818551200272e-05,5.218417051434067117e-06,6.227560570260968695e-03,2.251959380407713622e-06,2.251959380413846141e-06,2.251959381096088828e-06,2.251959381095067306e-06
1.149928129491906712e-04,1.322201852869858030e+01,7.284946967273889934e-05,7.963587736836291741e-05,6.786407695624018075e-06,6.227559662955634533e-03,1.949147771744223762e-06,1.949147771751311733e-06,1.949147771200581076e-06,1.949147771199330855e-06
1.199925004687207045e-04,1.733002601903920592e+01,7.263104195998190595e-05,8.075886517155069530e-05,8.127823211568789346e-06,6.227561606200790467e-03,1.158035962643241454e-06,1.158035962651322149e-06,1.158035962717156937e-06,1.158035962715493365e-06
1.249921879882507378e-04,2.065807886789993120e+01,7.263567481385152459e-05,8.177332917019791258e-05,9.137654356346387990e-06,6.227565192028809531e-03,4.072497106289425079e-08,4.072497107201510157e-08,4.072497119392008333e-08,4.072497119158904866e-08
1.299918755077807575e-04,2.281109093705765289e+01,7.289650944581809258e-05,8.265850958289609654e-05,9.762000137078003957e-06,6.227568378777748916e-03,-1.150799965930907672e-06,-1.150799965920638244e-06,-1.150799965999456354e-06,-1.150799966002641198e-06
1.349915630273107773e-04,2.362844300577496170e+01,7.340710662064557765e-05,8.340092629080715376e-05,9.993819670161576112e-06,6.227569489940853152e-03,-2.150816763621740549e-06,-2.150816763610180244e-06,-2.150816763982915398e-06,-2.150816763987286088e-06
1.399912505468408242e-04,2.318384509361239765e+01,7.412733045220252473e-05,8.399538973219290001e-05,9.868059279990375274e-06,6.227568090827183614e-03,-2.736970741638130764e-06,-2.736970741625201653e-06,-2.736970741384251273e-06,-2.736970741390000933e-06
1.449909380663708439e-04,2.173199199791782377e+01,7.499291120866195359e-05,8.444456480837005661e-05,9.451653599708103020e-06,6.227565143781443359e-03,-2.774390229723213764e-06,-2.774390229708627857e-06,-2.774390229592167603e-06,-2.774390229599689255e-06
1.499906255859008908e-04,1.960895586594172357e+01,7.593181600346220390e-05,8.475741962203867000e-05,8.825603618576466098e-06,6.227562200430501044e-03,-2.246982448064872249e-06,-2.246982448048382211e-06,-2.246982448339693782e-06,-2.246982448349244926e-06
1.549903131054309105e-04,1.712401843479901586e+01,7.688388262206345117e-05,8.494716551062591421e-05,8.063282888562463041e-06,6.227560298826297948e-03,-1.271280745548873897e-06,-1.271280745530259501e-06,-1.271280744944593816e-06,-1.271280744956306588e-06
1.599900006249609303e-04,1.449051618326605428e+01,7.781554910997469344e-05,8.502934765153587053e-05,7.213798541561177087e-06,6.227559924520102534e-03,-3.435355563794563515e-08,-3.435355561687484355e-08,-3.435355586419829976e-08,-3.435355587840473635e-08
1.649896881444909771e-04,1.184781202289938840e+01,7.871284532965824290e-05,8.502048499516567384e-05,6.307639665507430932e-06,6.227561157665727209e-03,1.285233527191801463e-06,1.285233527215443847e-06,1.285233527258954235e-06,1.285233527242088115e-06
1.699893756640209969e-04,9.285315785710377412e+00,7.957543971429451284e-05,8.493718145006783798e-05,5.361741735773325134e-06,6.227563796575105552e-03,2.489292483896688539e-06,2.489292483922922843e-06,2.489292484138243701e-06,2.489292484118639970e-06
1.749890631835510166e-04,6.875145938981241045e+00,8.040724648882306355e-05,8.479554389461866444e-05,4.388297405795600886e-06,6.227567358351557454e-03,3.387803353618171185e-06,3.387803353647055855e-06,3.387803353582205319e-06,3.387803353559671701e-06
1.799887507030810635e-04,4.691369564216699928e+00,8.120944772838607838e-05,8.461071846718794275e-05,3.401270738801864379e-06,6.227570649058085904e-03,3.844644791479019959e-06,3.844644791510449963e-06,3.844644791162241495e-06,3.844644791136760203e-06
1.849884382226110833e-04,2.819283595848544266e+00,8.197427082909933879e-05,8.439641848828189328e-05,2.422147659182554498e-06,6.227571722855780763e-03,3.808053970756874877e-06,3.808053970790507167e-06,3.808053971239974613e-06,3.808053971211562587e-06
1.899881257421411030e-04,1.345851845433774230e+00,8.268492195248557022e-05,8.416439233377202660e-05,1.479470381286456383e-06,6.227569217591659607e-03,3.280443300323106136e-06,3.280443300358600204e-06,3.280443299993974967e-06,3.280443299962753332e-06
1.949878132616711499e-04,3.483359427254218432e-01,8.332302342437772780e-05,8.392388389215863235e-05,6.008604677809045507e-07,6.227563782597758495e-03,2.338280502129909356e-06,2.338280502166898438e-06,2.338280502178761134e-06,2.338280502144754879e-06
1.999875007812011696e-04,0.000000000000000000e+00,8.386528043139181003e-05,8.368110488875511201e-05,0.000000000000000000e+00,6.227557991757612550e-03,1.121201465719166205e-06,1.121201465757108622e-06,1.121201465862484180e-06,1.121201465826005012e-06
2.049871883007311894e-04,0.000000000000000000e+00,8.428733511950486066e-05,8.343843431765637984e-05,0.000000000000000000e+00,6.227554868543970848e-03,-2.523242810413036463e-07,-2.523242810029813346e-07,-2.523242806164344610e-07,-2.523242806552431813e-07
2.099868758202612362e-04,0.000000000000000000e+00,8.456684430455534997e-05,8.319600896590426651e-05,0.000000000000000000e+00,6.227556177590750676e-03,-1.701356926453040392e-06,-1.701356926414682505e-06,-1.701356927369241202e-06,-1.701356927410125789e-06
2.149865633397912560e-04,0.000000000000000000e+00,8.469260662452544148e-05,8.295382883349878558e-05,0.000000000000000000e+00,6.227560889931542561e-03,-3.164508243957461358e-06,-3.164508243919537999e-06,-3.164508243029573187e-06,-3.164508243072335645e-06
2.199862508593212757e-04,0.000000000000000000e+00,8.466924327642694247e-05,8.271189392043992348e-05,0.000000000000000000e+00,6.227566370958355531e-03,-4.557383655534657659e-06,-4.557383655497413620e-06,-4.557383655793192443e-06,-4.557383655837619321e-06
2.249859383788513226e-04,0.000000000000000000e+00,8.451589930887082065e-05,8.247020422672768022e-05,0.000000000000000000e+00,6.227570523345519679e-03,-5.791418809022036497e-06,-5.791418808985692007e-06,-5.791418808900419506e-06,-5.791418808946412548e-06
2.299856258983813424e-04,0.000000000000000000e+00,8.426778466895495901e-05,8.222875975236205580e-05,0.000000000000000000e+00,6.227572570192736572e-03,-6.749712063047236665e-06,-6.749712063011846782e-06,-6.749712063091145159e-06,-6.749712063138593404e-06
2.349853134179113892e-04,0.000000000000000000e+00,8.396777739481059790e-05,8.198756049734306378e-05,0.000000000000000000e+00,6.227572675702707124e-03,-7.287735958003589630e-06,-7.287735957969113695e-06,-7.287735957515973091e-06,-7.287735957564896020e-06
2.399850009374414090e-04,0.000000000000000000e+00,8.366014814376404271e-05,8.174660646167070414e-05,0.000000000000000000e+00,6.227571065856438680e-03,-7.273210224418972898e-06,-7.273210224385411759e-06,-7.273210225158632561e-06,-7.273210225208905661e-06
2.449846884569714558e-04,0.000000000000000000e+00,8.338321802364931650e-05,8.150589764534494979e-05,0.000000000000000000e+00,6.227567778185785601e-03,-6.624265504480393525e-06,-6.624265504447787839e-06,-6.624265504297297189e-06,-6.624265504348840838e-06
2.499843759765014756e-04,0.000000000000000000e+00,8.317233147852505786e-05,8.126543404836582783e-05,0.000000000000000000e+00,6.227563341552513898e-03,-5.305750493386555313e-06,-5.305750493354706874e-06,-5.305750493395559273e-06,-5.305750493448271827e-06
2.549840634960314953e-04,0.000000000000000000e+00,8.305746745550606738e-05,8.102521567073333827e-05,0.000000000000000000e+00,6.227559376259401806e-03,-3.284745857716026472e-06,-3.284745857684617644e-06,-3.284745857724911848e-06,-3.284745857778820413e-06
2.599837510155615151e-04,0.000000000000000000e+00,8.305445653088241477e-05,8.078524251244745399e-05,0.000000000000000000e+00,6.227557523564874499e-03,-5.832594489310385572e-07,-5.832594488998118406e-07,-5.832594492480804482e-07,-5.832594493031926470e-07
2.649834385350915348e-04,0.000000000000000000e+00,8.316285821176243949e-05,8.054551457350820210e-05,0.000000000000000000e+00,6.227558063444419215e-03,2.693700378443057982e-06,2.693700378474660781e-06,2.693700379181553821e-06,2.693700379125037242e-06
2.699831260546215546e-04,0.000000000000000000e+00,8.336578611141374248e-05,8.030603185391558261e-05,0.000000000000000000e+00,6.227559848238657832e-03,6.380693750866464883e-06,6.380693750899309432e-06,6.380693750907324058e-06,6.380693750849034639e-06
2.749828135741516286e-04,0.000000000000000000e+00,8.363696371901333405e-05,8.006679435366958195e-05,0.000000000000000000e+00,6.227561477758680221e-03,1.027598027231116853e-05,1.027598027234610864e-05,1.027598027305798901e-05,1.027598027299745495e-05
2.799825010936816483e-04,0.000000000000000000e+00,8.394233554776060128e-05,7.982780207277020014e-05,0.000000000000000000e+00,6.227562511720676972e-03,1.412361823366801692e-05,1.412361823370607241e-05,1.412361823379605611e-05,1.412361823373276581e-05
2.849821886132116681e-04,0.000000000000000000e+00,8.424912803057661823e-05,7.958905501121743716e-05,0.000000000000000000e+00,6.227563650951741490e-03,1.762716453672342424e-05,1.762716453676584026e-05,1.762716453705869004e-05,1.762716453699194046e-05
2.899818761327416878e-04,0.000000000000000000e+00,8.453046684336595884e-05,7.935055316901130657e-05,0.000000000000000000e+00,6.227565580087639392e-03,2.049303060083622837e-05,2.049303060088422464e-05,2.049303060070307140e-05,2.049303060063224928e-05
2.949815636522717076e-04,0.000000000000000000e+00,8.476189608112216962e-05,7.911229654615180838e-05,0.000000000000000000e+00,6.227567909443479550e-03,2.235381227164751381e-05,2.235381227170198142e-05,2.235381227126068403e-05,2.235381227118539635e-05
2.999812511718017815e-04,0.000000000000000000e+00,8.491949962904292264e-05,7.887428514263891547e-05,0.000000000000000000e+00,6.227569592649604378e-03,2.276706681443626114e-05,2.276706681449817586e-05,2.276706681432547939e-05,2.276706681424537040e-05
3.049809386913318013e-04,0.000000000000000000e+00,8.498033186707059749e-05,7.863651895847265495e-05,0.000000000000000000e+00,6.227569819519284539e-03,2.130829534162697518e-05,2.130829534169699431e-05,2.130829534126803650e-05,2.130829534118303505e-05
3.099806262108618211e-04,0.000000000000000000e+00,8.493104849919148316e-05,7.839899799365301328e-05,0.000000000000000000e+00,6.227568494128496099e-03,1.769018667682484492e-05,1.769018667690317175e-05,1.769018667659630865e-05,1.769018667650660448e-05
3.149803137303918408e-04,0.000000000000000000e+00,8.476641304360931948e-05,7.816172224817999044e-05,0.000000000000000000e+00,6.227566140934702628e-03,1.179440452642363231e-05,1.179440452651026684e-05,1.179440452569341876e-05,1.179440452559936761e-05
3.199800012499218606e-04,0.000000000000000000e+00,8.449102915721643751e-05,7.792469172205359999e-05,0.000000000000000000e+00,6.227563478851825575e-03,3.739913898449131373e-06,3.739913898544005840e-06,3.739913898984259684e-06,3.739913898886186821e-06
3.249796887694518803e-04,0.000000000000000000e+00,8.412040862191251197e-05,7.768790641527382839e-05,0.000000000000000000e+00,6.227560993410288966e-03,-6.044773546875166817e-06,-6.044773546772533529e-06,-6.044773546531332427e-06,-6.044773546633010262e-06
3.299793762889819543e-04,0.000000000000000000e+00,8.368114388439650410e-05,7.745136632784068917e-05,0.000000000000000000e+00,6.227559287303160128e-03,-1.685009744131772986e-05,-1.685009744120819156e-05,-1.685009744066299711e-05,-1.685009744076770055e-05
3.349790638085119740e-04,0.000000000000000000e+00,8.321084380148599741e-05,7.721507145975415524e-05,0.000000000000000000e+00,6.227559266922278250e-03,-2.773804622879006722e-05,-2.773804622867429137e-05,-2.773804622798959737e-05,-2.773804622809696049e-05
3.399787513280419938e-04,0.000000000000000000e+00,8.275572241789826470e-05,7.697902181101425371e-05,0.000000000000000000e+00,6.227561617087329533e-03,-3.762453041121712231e-05,-3.762453041109615245e-05,-3.762453040972185843e-05,-3.762453040983129509e-05
3.449784388475720135e-04,0.000000000000000000e+00,8.237380204301771286e-05,7.674321738162098456e-05,0.000000000000000000e+00,6.227566092567690843e-03,-4.539742691755338462e-05,-4.539742691742827446e-05,-4.539742691673896583e-05,-4.539742691685015076e-05
3.499781263671020333e-04,0.000000000000000000e+00,8.212525515008666389e-05,7.650765817157433426e-05,0.000000000000000000e+00,6.227571346080562099e-03,-5.011517712024723796e-05,-5.011517712011901072e-05,-5.011517711918791145e-05,-5.011517711930047196e-05
3.549778138866320530e-04,0.000000000000000000e+00,8.206028301632369828e-05,7.627234418087430279e-05,0.000000000000000000e+00,6.227575169640438800e-03,-5.114912370856148250e-05,-5.114912370843102587e-05,-5.114912370827930533e-05,-5.114912370839302458e-05
3.599775014061621270e-04,0.000000000000000000e+00,8.220636923479069714e-05,7.603727540952090371e-05,0.000000000000000000e+00,6.227575562795482911e-03,-4.822906022519650194e-05,-4.822906022506482558e-05,-4.822906022468164821e-05,-4.822906022479638390e-05
3.649771889256921468e-04,0.000000000000000000e+00,8.256321490719867415e-05,7.580245185751412348e-05,0.000000000000000000e+00,6.227571866764542406e-03,-4.145461572014153895e-05,-4.145461572000919853e-05,-4.145461572196709147e-05,-4.145461572208280972e-05
3.699768764452221665e-04,0.000000000000000000e+00,8.310301442821446259e-05,7.556787352485396208e-05,0.000000000000000000e+00,6.227565141607761118e-03,-3.129980977330849314e-05,-3.129980977317609172e-05,-3.129980977425834911e-05,-3.129980977437500926e-05
3.749765639647521863e-04,0.000000000000000000e+00,8.377052782320359384e-05,7.533354041154043308e-05,0.000000000000000000e+00,6.227557879892687241e-03,-1.858980849526883585e-05,-1.858980849513671904e-05,-1.858980849656068307e-05,-1.858980849667844776e-05
3.799762514842822060e-04,0.000000000000000000e+00,8.449411974663625295e-05,7.509945251757352291e-05,0.000000000000000000e+00,6.227553138833472751e-03,-4.388544500020424141e-06,-4.388544499888717294e-06,-4.388544500493014316e-06,-4.388544500612088513e-06
3.849759390038122800e-04,0.000000000000000000e+00,8.519393354177861189e-05,7.486560984295324514e-05,0.000000000000000000e+00,6.227552882464703655e-03,1.008447754461816849e-05,1.008447754474941794e-05,1.008447754291348758e-05,1.008447754279289380e-05
3.899756265233422997e-04,0.000000000000000000e+00,8.579193688052443294e-05,7.463201238767957265e-05,0.000000000000000000e+00,6.227556766631271896e-03,2.354480931853563356e-05,2.354480931866647305e-05,2.354480931916694416e-05,2.354480931904472747e-05
3.949753140428723195e-04,0.000000000000000000e+00,8.621891442996342479e-05,7.439866015175253255e-05,0.000000000000000000e+00,6.227562576317051228e-03,3.480395044367761695e-05,3.480395044380827686e-05,3.480395044458303418e-05,3.480395044445892014e-05
3.999750015624023393e-04,0.000000000000000000e+00,8.642582458374163331e-05,7.416555313517211130e-05,0.000000000000000000e+00,6.227567719917594981e-03,4.293146342469250025e-05,4.293146342482317371e-05,4.293146342551596535e-05,4.293146342538989974e-05
4.049746890819323590e-04,0.000000000000000000e+00,8.639382283725831541e-05,7.393269133793832243e-05,0.000000000000000000e+00,6.227570701185736191e-03,4.733464829444109748e-05,4.733464829457208266e-05,4.733464829561792440e-05,4.733464829548985980e-05
4.099743766014623788e-04,0.000000000000000000e+00,8.613148479035901274e-05,7.370007476005115241e-05,0.000000000000000000e+00,6.227571441921883090e-03,4.779055126214405480e-05,4.779055126227583957e-05,4.779055126438836685e-05,4.779055126425820160e-05
4.149740641209924527e-04,0.000000000000000000e+00,8.566994723493122159e-05,7.346770340151060122e-05,0.000000000000000000e+00,6.227570427793868019e-03,4.451258529007355157e-05,4.451258529020661028e-05,4.451258529054309243e-05,4.451258529041084687e-05
4.199737516405224725e-04,0.000000000000000000e+00,8.505226742789833284e-05,7.323557726231668243e-05,0.000000000000000000e+00,6.227567945142668815e-03,3.810653262165153329e-05,3.810653262178633350e-05,3.810653262200489511e-05,3.810653262187072509e-05
4.249734391600524922e-04,0.000000000000000000e+00,8.432757374392199515e-05,7.300369634246936892e-05,0.000000000000000000e+00,6.227564516874934883e-03,2.947314787986242911e-05,2.947314787999936724e-05,2.947314788046168459e-05,2.947314788032590521e-05
4.299731266795825120e-04,0.000000000000000000e+00,8.354288218680867818e-05,7.277206064196870135e-05,0.000000000000000000e+00,6.227561149100001824e-03,1.971251052787572906e-05,1.971251052801543529e-05,1.971251052863332210e-05,1.971251052849597063e-05
4.349728141991125317e-04,0.000000000000000000e+00,8.274133117301567307e-05,7.254067016081465263e-05,0.000000000000000000e+00,6.227558775593334574e-03,1.000937055698465522e-05,1.000937055712747853e-05,1.000937055624534284e-05,1.000937055610683771e-05
4.399725017186425515e-04,0.000000000000000000e+00,8.196625621193017895e-05,7.230952489900722275e-05,0.000000000000000000e+00,6.227557514335821214e-03,1.438560800095243960e-06,1.438560800241553655e-06,1.438560799765131504e-06,1.438560799625760703e-06
4.449721892381726255e-04,0.000000000000000000e+00,8.126026581437674002e-05,7.207862485654641170e-05,0.000000000000000000e+00,6.227556748937611991e-03,-5.232025686591114066e-06,-5.232025686440901243e-06,-5.232025686954997726e-06,-5.232025687094941121e-06
4.499718767577026452e-04,0.000000000000000000e+00,8.066400615918284953e-05,7.184797003343223304e-05,0.000000000000000000e+00,6.227556004485961492e-03,-9.639662546733995222e-06,-9.639662546579577727e-06,-9.639662546751310269e-06,-9.639662546891624665e-06
4.549715642772326650e-04,0.000000000000000000e+00,8.021155994447869131e-05,7.161756042966467323e-05,0.000000000000000000e+00,6.227555991295681027e-03,-1.184661123285645988e-05,-1.184661123269751414e-05,-1.184661123287172680e-05,-1.184661123301217503e-05
4.599712517967626847e-04,0.000000000000000000e+00,7.993360110995069662e-05,7.138739604524374581e-05,0.000000000000000000e+00,6.227558214811431021e-03,-1.226542494490758583e-05,-1.226542494474393229e-05,-1.226542494508750410e-05,-1.226542494522794894e-05
4.649709393162927045e-04,0.000000000000000000e+00,7.985501562232048128e-05,7.115747688016943722e-05,0.000000000000000000e+00,6.227563341216130199e-03,-1.151826239151742782e-05,-1.151826239134906816e-05,-1.151826239029316197e-05,-1.151826239043329510e-05
4.699706268358227784e-04,0.000000000000000000e+00,7.999015636908629731e-05,7.092780293444174748e-05,0.000000000000000000e+00,6.227570138389895010e-03,-1.025591835136634143e-05,-1.025591835119338747e-05,-1.025591835061176213e-05,-1.025591835075119053e-05
4.749703143553527982e-04,0.000000000000000000e+00,8.034014906956872093e-05,7.069837420806069012e-05,0.000000000000000000e+00,6.227576108902736080e-03,-8.976544104824384399e-06,-8.976544104647161390e-06,-8.976544104396524341e-06,-8.976544104534699131e-06
4.799700018748828179e-04,0.000000000000000000e+00,8.088944052913216599e-05,7.046919070102623806e-05,0.000000000000000000e+00,6.227579022375634779e-03,-7.931445295591841904e-06,-7.931445295410854680e-06,-7.931445294575561610e-06,-7.931445294711940690e-06
4.849696893944128377e-04,0.000000000000000000e+00,8.160615164470154750e-05,7.024025241333843193e-05,0.000000000000000000e+00,6.227578166559276894e-03,-7.080219225340581951e-06,-7.080219225156397178e-06,-7.080219223880680009e-06,-7.080219224014594224e-06
4.899693769139429117e-04,0.000000000000000000e+00,8.244160494674037136e-05,7.001155934499723110e-05,0.000000000000000000e+00,6.227574439232786904e-03,-6.122452386952493745e-06,-6.122452386765575596e-06,-6.122452388096851350e-06,-6.122452388227719634e-06
4.949690644334729314e-04,0.000000000000000000e+00,8.334221232695715291e-05,6.978311149600266265e-05,0.000000000000000000e+00,6.227569226803173971e-03,-4.606803270816968242e-06,-4.606803270627767340e-06,-4.606803272314855377e-06,-4.606803272442318589e-06
4.999687519530029512e-04,0.000000000000000000e+00,8.425972301756299633e-05,6.955490886635471305e-05,0.000000000000000000e+00,6.227563588960892405e-03,-2.143974119430023341e-06,-2.143974119238775160e-06,-2.143974119589887257e-06,-2.143974119713706533e-06
5.049684394725329709e-04,0.000000000000000000e+00,8.515657781595110129e-05,6.932695145605338228e-05,0.000000000000000000e+00,6.227558393077536891e-03,1.445243191401227461e-06,1.445243191594662681e-06,1.445243190433479613e-06,1.445243190313045081e-06
5.099681269920629907e-04,0.000000000000000000e+00,8.600668515119146780e-05,6.909923926509868391e-05,0.000000000000000000e+00,6.227554772227868185e-03,6.094760103770809596e-06,6.094760103966862148e-06,6.094760101900750584e-06,6.094760101783174788e-06
5.149678145115930104e-04,0.000000000000000000e+00,8.679286730576750658e-05,6.887177229349060437e-05,0.000000000000000000e+00,6.227553988307800437e-03,1.149026165836685204e-05,1.149026165856594883e-05,1.149026165869394229e-05,1.149026165857872548e-05
5.199675020311230302e-04,0.000000000000000000e+00,8.750573587871265761e-05,6.864455054122915723e-05,0.000000000000000000e+00,6.227556766254071889e-03,1.713385199674149890e-05,1.713385199694415323e-05,1.713385199730388812e-05,1.713385199719041620e-05
5.249671895506530499e-04,0.000000000000000000e+00,8.813519263998350977e-05,6.841757400831432892e-05,0.000000000000000000e+00,6.227562273805859784e-03,2.245307588122617842e-05,2.245307588143271893e-05,2.245307588175089500e-05,2.245307588163878172e-05
5.299668770701830697e-04,0.000000000000000000e+00,8.866891748302515338e-05,6.819084269474611946e-05,0.000000000000000000e+00,6.227568094228358789e-03,2.692592324634088992e-05,2.692592324655142505e-05,2.692592324743807881e-05,2.692592324732725979e-05
5.349665645897130895e-04,0.000000000000000000e+00,8.909184401543164609e-05,6.796435660052452883e-05,0.000000000000000000e+00,6.227571580863371613e-03,3.011976524320363714e-05,3.011976524341789920e-05,3.011976524561146043e-05,3.011976524550224061e-05
5.399662521092431092e-04,0.000000000000000000e+00,8.938674695386251967e-05,6.773811572564958415e-05,0.000000000000000000e+00,6.227571461826789806e-03,3.173834353094063263e-05,3.173834353115827266e-05,3.173834353229031526e-05,3.173834353218298602e-05
5.449659396287732374e-04,0.000000000000000000e+00,8.953364679355720122e-05,6.751212007012124476e-05,0.000000000000000000e+00,6.227568321073692972e-03,3.166136784793473701e-05,3.166136784815536538e-05,3.166136784858830763e-05,3.166136784848345173e-05
5.499656271483032571e-04,0.000000000000000000e+00,8.951166739594756570e-05,6.728636963393953775e-05,0.000000000000000000e+00,6.227564055778116170e-03,2.994742554608108298e-05,2.994742554630410675e-05,2.994742554716096867e-05,2.994742554705910788e-05
5.549653146678332769e-04,0.000000000000000000e+00,8.930909796695733587e-05,6.706086441710444959e-05,0.000000000000000000e+00,6.227560699131217369e-03,2.680525780415961030e-05,2.680525780438453481e-05,2.680525780538658496e-05,2.680525780528819022e-05
5.599650021873632966e-04,0.000000000000000000e+00,8.892657679065600401e-05,6.683560441961598026e-05,0.000000000000000000e+00,6.227559528007809916e-03,2.253683882414323175e-05,2.253683882436966060e-05,2.253683882524902310e-05,2.253683882515425366e-05
5.649646897068933164e-04,0.000000000000000000e+00,8.837994407004870078e-05,6.661058964147414333e-05,0.000000000000000000e+00,6.227560986246351987e-03,1.752515095065011440e-05,1.752515095087768844e-05,1.752515094996296400e-05,1.752515094987171484e-05
5.699643772264233361e-04,0.000000000000000000e+00,8.769813317881252788e-05,6.638582008267892524e-05,0.000000000000000000e+00,6.227564683230088494e-03,1.219456372372076141e-05,1.219456372394931293e-05,1.219456372387846370e-05,1.219456372379051458e-05
5.749640647459533559e-04,0.000000000000000000e+00,8.692051823543713593e-05,6.616129574323033953e-05,0.000000000000000000e+00,6.227569178814603389e-03,6.968289022695431880e-06,6.968289022924689817e-06,6.968289022684051145e-06,6.968289022598992944e-06
5.799637522654833757e-04,0.000000000000000000e+00,8.609007997190415049e-05,6.593701662312835912e-05,0.000000000000000000e+00,6.227572472418105298e-03,2.244427142621192414e-06,2.244427142850899279e-06,2.244427141896860659e-06,2.244427141814234289e-06
5.849634397850133954e-04,0.000000000000000000e+00,8.524564591373879653e-05,6.571298272237301110e-05,0.000000000000000000e+00,6.227573126354468691e-03,-1.592710660513191995e-06,-1.592710660283467343e-06,-1.592710662034879909e-06,-1.592710662115459847e-06
5.899631273045434152e-04,0.000000000000000000e+00,8.442292135345808566e-05,6.548919404096428191e-05,0.000000000000000000e+00,6.227570955590564124e-03,-4.220764232627910768e-06,-4.220764232398796826e-06,-4.220764232454219886e-06,-4.220764232532999032e-06
5.949628148240734349e-04,0.000000000000000000e+00,8.365264599407879094e-05,6.526565057890218512e-05,0.000000000000000000e+00,6.227566951114890323e-03,-5.505605911034369435e-06,-5.505605910806465056e-06,-5.505605911982502541e-06,-5.505605912059777357e-06
5.999625023436035631e-04,0.000000000000000000e+00,8.295994246335918897e-05,6.504235233618670716e-05,0.000000000000000000e+00,6.227562595021210110e-03,-5.506792985893362911e-06,-5.506792985667155986e-06,-5.506792986955777702e-06,-5.506792987032078430e-06
6.049621898631335828e-04,0.000000000000000000e+00,8.235967201406088276e-05,6.481929931281784805e-05,0.000000000000000000e+00,6.227559142401133986e-03,-4.447618052329262286e-06,-4.447618052105178873e-06,-4.447618052619869973e-06,-4.447618052695601495e-06
6.099618773826636026e-04,0.000000000000000000e+00,8.185710087012069980e-05,6.459649150879562133e-05,0.000000000000000000e+00,6.227557396098665904e-03,-2.664474375457764104e-06,-2.664474375236122687e-06,-2.664474373549068531e-06,-2.664474373625003341e-06
6.149615649021936224e-04,0.000000000000000000e+00,8.144927257953412476e-05,6.437392892412001344e-05,0.000000000000000000e+00,6.227557646781986360e-03,-5.608465399099837358e-07,-5.608465396908868055e-07,-5.608465403592737279e-07,-5.608465404362063424e-07
6.199612524217236421e-04,0.000000000000000000e+00,8.112417214313625733e-05,6.415161155879102440e-05,0.000000000000000000e+00,6.227559231324978836e-03,1.498490283999613797e-06,1.498490284216294989e-06,1.498490284768636704e-06,1.498490284689677987e-06
6.249609399412536619e-04,0.000000000000000000e+00,8.086400518935335882e-05,6.392953941280866774e-05,0.000000000000000000e+00,6.227560791452852081e-03,3.202003446489945892e-06,3.202003446704333319e-06,3.202003447168122821e-06,3.202003447086085986e-06
6.299606274607836816e-04,0.000000000000000000e+00,8.064565145890877497e-05,6.370771248617294348e-05,0.000000000000000000e+00,6.227561494118057615e-03,4.261384591035386585e-06,4.261384591248020654e-06,4.261384593106426187e-06,4.261384593020232114e-06
6.349603149803137014e-04,0.000000000000000000e+00,8.044245382072415045e-05,6.348613077888382451e-05,0.000000000000000000e+00,6.227561901201396008e-03,4.484350815701836031e-06,4.484350815913223267e-06,4.484350815298348498e-06,4.484350815206723250e-06
6.399600024998437211e-04,0.000000000000000000e+00,8.022019303611209332e-05,6.326479429094133793e-05,0.000000000000000000e+00,6.227563323063458126e-03,3.859873866837236112e-06,3.859873867047861019e-06,3.859873867611104048e-06,3.859873867513315788e-06
6.449596900193737409e-04,0.000000000000000000e+00,7.993908236309275406e-05,6.304370302234547018e-05,0.000000000000000000e+00,6.227566374026658955e-03,2.577148923853569477e-06,2.577148924063616707e-06,2.577148924111482539e-06,2.577148924007033212e-06
6.499593775389037606e-04,0.000000000000000000e+00,7.956062015322253413e-05,6.282285697309623483e-05,0.000000000000000000e+00,6.227569991959372789e-03,9.304389841641553881e-07,9.304389843736672936e-07,9.304389842455993001e-07,9.304389841344160614e-07
6.549590650584338888e-04,0.000000000000000000e+00,7.905374386656436421e-05,6.260225614319361832e-05,0.000000000000000000e+00,6.227572293326906830e-03,-7.594685359322546163e-07,-7.594685357232119671e-07,-7.594685373600472335e-07,-7.594685374778305530e-07
6.599587525779639086e-04,0.000000000000000000e+00,7.840157938570930119e-05,6.238190053263762064e-05,0.000000000000000000e+00,6.227572306802639512e-03,-2.244506296861510682e-06,-2.244506296653208340e-06,-2.244506296542319869e-06,-2.244506296666210296e-06
6.649584400974939283e-04,0.000000000000000000e+00,7.760395813338161696e-05,6.216179014142825536e-05,0.000000000000000000e+00,6.227570491582961817e-03,-3.437328339450281542e-06,-3.437328339242866891e-06,-3.437328339565669453e-06,-3.437328339695126580e-06
6.699581276170239481e-04,0.000000000000000000e+00,7.668211662200851363e-05,6.194192496956549537e-05,0.000000000000000000e+00,6.227567677963771753e-03,-4.443155549481804712e-06,-4.443155549275518308e-06,-4.443155550148673752e-06,-4.443155550283040282e-06
6.749578151365539678e-04,0.000000000000000000e+00,7.567575795948061688e-05,6.172230501704936776e-05,0.000000000000000000e+00,6.227564226054375408e-03,-5.531885829440129837e-06,-5.531885829235347763e-06,-5.531885830680575706e-06,-5.531885830819075758e-06
6.799575026560839876e-04,0.000000000000000000e+00,7.464061679709730094e-05,6.150293028387987255e-05,0.000000000000000000e+00,6.227560203325869202e-03,-7.070683347771490910e-06,-7.070683347568768821e-06,-7.070683346623625741e-06,-7.070683346765334353e-06
6.849571901756140073e-04,0.000000000000000000e+00,7.364667995766225694e-05,6.128380077005699618e-05,0.000000000000000000e+00,6.227556150839442042e-03,-9.497054913832772636e-06,-9.497054913632622139e-06,-9.497054913507915172e-06,-9.497054913651890444e-06
6.899568776951440271e-04,0.000000000000000000e+00,7.277398296682753857e-05,6.106491647558073865e-05,0.000000000000000000e+00,6.227553520746087999e-03,-1.319404577022102056e-05,-1.319404577002413284e-05,-1.319404576991171124e-05,-1.319404577005705193e-05
6.949565652146740468e-04,0.000000000000000000e+00,7.210534488908120366e-05,6.084627740045109995e-05,0.000000000000000000e+00,6.227553846911331251e-03,-1.831807292846846348e-05,-1.831807292827565168e-05,-1.831807292822002872e-05,-1.831807292836554559e-05
6.999562527342040666e-04,0.000000000000000000e+00,7.171301040336780616e-05,6.062788354466809365e-05,0.000000000000000000e+00,6.227557379799126061e-03,-2.469976307608441163e-05,-2.469976307589673284e-05,-2.469976307475766665e-05,-2.469976307490213998e-05
7.049559402537340863e-04,0.000000000000000000e+00,7.165205660588199387e-05,6.040973490823171296e-05,0.000000000000000000e+00,6.227562733613141444e-03,-3.189264587371748357e-05,-3.189264587353614398e-05,-3.189264587274081393e-05,-3.189264587288291217e-05
7.099556277732641061e-04,0.000000000000000000e+00,7.195383137223012649e-05,6.019183149114195111e-05,0.000000000000000000e+00,6.227567870018808557e-03,-3.928112534821851155e-05,-3.928112534804484269e-05,-3.928112534832245266e-05,-3.928112534846085106e-05
7.149553152927942343e-04,0.000000000000000000e+00,7.262305304293919421e-05,5.997417329339881488e-05,0.000000000000000000e+00,6.227571229798055039e-03,-4.621053041931748350e-05,-4.621053041915256280e-05,-4.621053041864920839e-05,-4.621053041878292440e-05
7.199550028123242540e-04,0.000000000000000000e+00,7.363685867944343806e-05,5.975676031500230426e-05,0.000000000000000000e+00,6.227572488021458109e-03,-5.218061911481665610e-05,-5.218061911466147966e-05,-5.218061911475479559e-05,-5.218061911488319901e-05
7.249546903318542738e-04,0.000000000000000000e+00,7.494707395516695433e-05,5.953959255595241249e-05,0.000000000000000000e+00,6.227572203021657440e-03,-5.690576445064515819e-05,-5.690576445050022069e-05,-5.690576445145726628e-05,-5.690576445158032322e-05
7.299543778513842935e-04,0.000000000000000000e+00,7.648525646397944487e-05,5.932267001624914632e-05,0.000000000000000000e+00,6.227570933955549164e-03,-6.026532611432335073e-05,-6.026532611418861150e-05,-6.026532611676062366e-05,-6.026532611687876104e-05
7.349540653709143133e-04,0.000000000000000000e+00,7.816451931027141318e-05,5.910599269589249900e-05,0.000000000000000000e+00,6.227568778722982965e-03,-6.222651379354884090e-05,-6.222651379342406279e-05,-6.222651379349083609e-05,-6.222651379360516521e-05
7.399537528904443330e-04,0.000000000000000000e+00,7.988985294842877206e-05,5.888956059488248407e-05,0.000000000000000000e+00,6.227565778454305367e-03,-6.283853187425501711e-05,-6.283853187413930563e-05,-6.283853187513304469e-05,-6.283853187524489369e-05
7.449534404099743528e-04,0.000000000000000000e+00,8.157080170741029047e-05,5.867337371321908798e-05,0.000000000000000000e+00,6.227562330793701313e-03,-6.220983084021569133e-05,-6.220983084010813847e-05,-6.220983084184847269e-05,-6.220983084195949499e-05
7.499531279295043725e-04,0.000000000000000000e+00,8.313455055651488169e-05,5.845743205090231072e-05,0.000000000000000000e+00,6.227559384309084255e-03,-6.048174313815926444e-05,-6.048174313805851495e-05,-6.048174313913550718e-05,-6.048174313924753237e-05
7.549528154490343923e-04,0.000000000000000000e+00,8.453203954391436332e-05,5.824173560793216586e-05,0.000000000000000000e+00,6.227558061925133649e-03,-5.781377923461884414e-05,-5.781377923452361053e-05,-5.781377923256795376e-05,-5.781377923268260814e-05
7.599525029685644121e-04,0.000000000000000000e+00,8.573956569080831052e-05,5.802628438430863984e-05,0.000000000000000000e+00,6.227558880891798099e-03,-5.434844033911524340e-05,-5.434844033902403490e-05,-5.434844033903657098e-05,-5.434844033915523691e-05
7.649521904880944318e-04,0.000000000000000000e+00,8.675913920985211538e-05,5.781107838003173943e-05,0.000000000000000000e+00,6.227561402605427676e-03,-5.021776442623310520e-05,-5.021776442614468174e-05,-5.021776442525629325e-05,-5.021776442538025822e-05
7.699518780076245600e-04,0.000000000000000000e+00,8.761062926693574215e-05,5.759611759510146464e-05,0.000000000000000000e+00,6.227564643273640621e-03,-4.559421552466747342e-05,-4.559421552458053396e-05,-4.559421552390525219e-05,-4.559421552403546487e-05
7.749515655271545797e-04,0.000000000000000000e+00,8.832555856127987585e-05,5.738140202951780869e-05,0.000000000000000000e+00,6.227567674008222323e-03,-4.076398549574588377e-05,-4.076398549565918826e-05,-4.076398549383940912e-05,-4.076398549397654037e-05
7.799512530466845995e-04,0.000000000000000000e+00,8.894081489728709921e-05,5.716693168328077835e-05,0.000000000000000000e+00,6.227569877057698676e-03,-3.614349271878776996e-05,-3.614349271870003090e-05,-3.614349271995094271e-05,-3.614349272009577857e-05
7.849509405662146192e-04,0.000000000000000000e+00,8.949642644072021793e-05,5.695270655639036685e-05,0.000000000000000000e+00,6.227570892360695734e-03,-3.218183874352426889e-05,-3.218183874343425978e-05,-3.218183874292822875e-05,-3.218183874308145362e-05
7.899506280857446390e-04,0.000000000000000000e+00,9.003049300802304074e-05,5.673872664884658097e-05,0.000000000000000000e+00,6.227570293342677386e-03,-2.919352747314425407e-05,-2.919352747305077551e-05,-2.919352747379111619e-05,-2.919352747395331283e-05
7.949503156052746588e-04,0.000000000000000000e+00,9.057449331278554958e-05,5.652499196064942748e-05,0.000000000000000000e+00,6.227567779085194620e-03,-2.723702005067065777e-05,-2.723702005057264251e-05,-2.723702005015142319e-05,-2.723702005032299818e-05
7.999500031248046785e-04,0.000000000000000000e+00,9.115550849245681740e-05,5.631150249179888605e-05,0.000000000000000000e+00,6.227563783379976535e-03,-2.615242359297177775e-05,-2.615242359286850749e-05,-2.615242359497911708e-05,-2.615242359516019917e-05
8.049496906443346983e-04,0.000000000000000000e+00,9.179776662744207230e-05,5.609825824229497024e-05,0.000000000000000000e+00,6.227559735750832354e-03,-2.565538303954879691e-05,-2.565538303943989897e-05,-2.565538304012465057e-05,-2.565538304031508051e-05
8.099493781638647180e-04,0.000000000000000000e+00,9.252486616233717733e-05,5.588525921213768682e-05,0.000000000000000000e+00,6.227557303911088887e-03,-2.543834179971714356e-05,-2.543834179960252306e-05,-2.543834179975281720e-05,-2.543834179995206645e-05
8.149490656833947378e-04,0.000000000000000000e+00,9.335697925633790271e-05,5.567250540132701546e-05,0.000000000000000000e+00,6.227557402829453706e-03,-2.524358748869338323e-05,-2.524358748857332140e-05,-2.524358748817188538e-05,-2.524358748837903237e-05
8.199487532029247575e-04,0.000000000000000000e+00,9.431024665757851391e-05,5.545999680986297650e-05,0.000000000000000000e+00,6.227559714890457294e-03,-2.489741793240804382e-05,-2.489741793228316744e-05,-2.489741793464714492e-05,-2.489741793486098347e-05
8.249484407224548857e-04,0.000000000000000000e+00,9.539264800471841741e-05,5.524773343774554959e-05,0.000000000000000000e+00,6.227563097742050760e-03,-2.433346880910754425e-05,-2.433346880897854114e-05,-2.433346880891632487e-05,-2.433346880913562848e-05
8.299481282419849055e-04,0.000000000000000000e+00,9.659802190938763329e-05,5.503571528497475508e-05,0.000000000000000000e+00,6.227566440391600275e-03,-2.361794514520812132e-05,-2.361794514507578428e-05,-2.361794514427281738e-05,-2.361794514449615625e-05
8.349478157615149252e-04,0.000000000000000000e+00,9.790676849126802510e-05,5.482394235155058619e-05,0.000000000000000000e+00,6.227569197898697069e-03,-2.296988975031603007e-05,-2.296988975018108078e-05,-2.296988975017910211e-05,-2.296988975040521248e-05
8.399475032810449450e-04,0.000000000000000000e+00,9.929009307042962486e-05,5.461241463747302935e-05,0.000000000000000000e+00,6.227571067460677123e-03,-2.268228265761285857e-05,-2.268228265747589673e-05,-2.268228265881743768e-05,-2.268228265904530987e-05
8.449471908005749647e-04,0.000000000000000000e+00,1.007171914417464529e-04,5.440113214274210491e-05,0.000000000000000000e+00,6.227571531057314765e-03,-2.295819455318462088e-05,-2.295819455304598869e-05,-2.295819455148953854e-05,-2.295819455171832214e-05
8.499468783201049845e-04,0.000000000000000000e+00,1.021558743043626458e-04,5.419009486735780609e-05,0.000000000000000000e+00,6.227569979889991704e-03,-2.373607603450675243e-05,-2.373607603436660236e-05,-2.373607603475210061e-05,-2.373607603498112815e-05
8.549465658396350042e-04,0.000000000000000000e+00,1.035748951488951882e-04,5.397930281132012610e-05,0.000000000000000000e+00,6.227566280494858594e-03,-2.465641873722485553e-05,-2.465641873708341119e-05,-2.465641873945165094e-05,-2.465641873968039727e-05
8.599462533591650240e-04,0.000000000000000000e+00,1.049445396018605528e-04,5.376875597462907173e-05,0.000000000000000000e+00,6.227561298176042398e-03,-2.520263291124002580e-05,-2.520263291109720250e-05,-2.520263291290405252e-05,-2.520263291313181629e-05
8.649459408786950437e-04,0.000000000000000000e+00,1.062336928446024612e-04,5.355845435728464297e-05,0.000000000000000000e+00,6.227556857854054696e-03,-2.486370784289542471e-05,-2.486370784275115806e-05,-2.486370784373799210e-05,-2.486370784396442095e-05
8.699456283982250635e-04,0.000000000000000000e+00,1.074069810522178920e-04,5.334839795928683306e-05,0.000000000000000000e+00,6.227554879332911769e-03,-2.327505337928924620e-05,-2.327505337914352265e-05,-2.327505338162234085e-05,-2.327505338184672327e-05
8.749453159177550832e-04,0.000000000000000000e+00,1.084218554523865512e-04,5.313858678063564876e-05,0.000000000000000000e+00,6.227556290422853712e-03,-2.033134714341056711e-05,-2.033134714326337311e-05,-2.033134714672167988e-05,-2.033134714694330436e-05
8.799450034372851030e-04,0.000000000000000000e+00,1.092300736174540071e-04,5.292902082133108330e-05,0.000000000000000000e+00,6.227560597003528250e-03,-1.620820884697768714e-05,-1.620820884682875842e-05,-1.620820884734417458e-05,-1.620820884756247191e-05
8.849446909568152312e-04,0.000000000000000000e+00,1.097748174102510004e-04,5.271970008137315022e-05,0.000000000000000000e+00,6.227566048128408728e-03,-1.127086783272304950e-05,-1.127086783257210314e-05,-1.127086783166111074e-05,-1.127086783187560489e-05
8.899443784763452509e-04,0.000000000000000000e+00,1.099925290612054898e-04,5.251062456076183599e-05,0.000000000000000000e+00,6.227570369655163231e-03,-6.003259463270422675e-06,-6.003259463117189332e-06,-6.003259461991619765e-06,-6.003259462201744922e-06
8.949440659958752707e-04,0.000000000000000000e+00,1.098202978555077707e-04,5.230179425949714060e-05,0.000000000000000000e+00,6.227571932414576426e-03,-9.890571542537013924e-07,-9.890571540977558505e-07,-9.890571534843049440e-07,-9.890571536896740112e-07
8.999437535154052904e-04,0.000000000000000000e+00,1.092069303507489523e-04,5.209320917757907760e-05,0.000000000000000000e+00,6.227570544377066843e-03,3.255182864795763177e-06,3.255182864955033323e-06,3.255182868089054381e-06,3.255182867888683655e-06
9.049434410349353102e-04,0.000000000000000000e+00,1.081229729189324087e-04,5.188486931500763344e-05,0.000000000000000000e+00,6.227567289405987715e-03,6.474162354214771359e-06,6.474162354377950562e-06,6.474162357110836298e-06,6.474162356915661272e-06
9.099431285544653299e-04,0.000000000000000000e+00,1.065659405444460445e-04,5.167677467178281490e-05,0.000000000000000000e+00,6.227563899798168462e-03,8.748784239775382528e-06,8.748784239943044230e-06,8.748784240543253470e-06,8.748784240353423222e-06
9.149428160739953497e-04,0.000000000000000000e+00,1.045662493331708917e-04,5.146892524790461519e-05,0.000000000000000000e+00,6.227561885598064881e-03,1.040691852941896624e-05,1.040691852959179146e-05,1.040691852924428772e-05,1.040691852905982766e-05
9.199425035935253694e-04,0.000000000000000000e+00,1.021842039632409868e-04,5.126132104337304110e-05,0.000000000000000000e+00,6.227561893652673944e-03,1.189572860098948004e-05,1.189572860116808202e-05,1.189572860266943267e-05,1.189572860249030892e-05
9.249421911130553892e-04,0.000000000000000000e+00,9.950251036030532416e-05,5.105396205818809262e-05,0.000000000000000000e+00,6.227563688266762355e-03,1.358055663191505896e-05,1.358055663209979346e-05,1.358055663029475270e-05,1.358055663012107537e-05
9.299418786325854090e-04,0.000000000000000000e+00,9.661734872453412630e-05,5.084684829234976299e-05,0.000000000000000000e+00,6.227566354281038885e-03,1.554679160313003405e-05,1.554679160332107386e-05,1.554679160035375143e-05,1.554679160018559845e-05
9.349415661521154287e-04,0.000000000000000000e+00,9.363196342228443996e-05,5.063997974585805897e-05,0.000000000000000000e+00,6.227568475382615383e-03,1.761061912986910645e-05,1.761061913006645835e-05,1.761061912803719442e-05,1.761061912787463524e-05
9.399412536716455569e-04,0.000000000000000000e+00,9.064990181375184061e-05,5.043335641871298056e-05,0.000000000000000000e+00,6.227568916503409789e-03,1.950349914594887033e-05,1.950349914615245639e-05,1.950349914648167099e-05,1.950349914632457348e-05
9.449409411911755766e-04,0.000000000000000000e+00,8.776448463678498979e-05,5.022697831091452777e-05,0.000000000000000000e+00,6.227567677109506310e-03,2.105858940126098636e-05,2.105858940147061346e-05,2.105858939831291190e-05,2.105858939816103212e-05
9.499406287107055964e-04,0.000000000000000000e+00,8.505454618198870424e-05,5.002084542246269382e-05,0.000000000000000000e+00,6.227565805436438041e-03,2.223716102781799292e-05,2.223716102803329175e-05,2.223716102557039099e-05,2.223716102542340028e-05
9.549403162302356161e-04,0.000000000000000000e+00,8.258165681161383303e-05,4.981495775335748549e-05,0.000000000000000000e+00,6.227564485585017177e-03,2.313855197053448954e-05,2.313855197075509419e-05,2.313855197026836195e-05,2.313855197012557253e-05
9.599400037497656359e-04,0.000000000000000000e+00,8.039003741167435229e-05,4.960931530359890277e-05,0.000000000000000000e+00,6.227564178278668407e-03,2.403164037443386355e-05,2.403164037465955040e-05,2.403164037495815662e-05,2.403164037481860625e-05
9.649396912692956556e-04,0.000000000000000000e+00,7.850657819690407544e-05,4.940391807318693888e-05,0.000000000000000000e+00,6.227564368706170299e-03,2.531754720314078586e-05,2.531754720337103990e-05,2.531754720144779739e-05,2.531754720131051706e-05
9.699393787888256754e-04,0.000000000000000000e+00,7.694424099120932925e-05,4.919876606212160062e-05,0.000000000000000000e+00,6.227564257149099426e-03,2.743388513042786185e-05,2.743388513066237816e-05,2.743388513005312092e-05,2.743388512991694513e-05
9.749390663083556952e-04,0.000000000000000000e+00,7.570579342302093595e-05,4.899385927040288797e-05,0.000000000000000000e+00,6.227563491795733673e-03,3.076380472439352971e-05,3.076380472463227780e-05,3.076380472618692207e-05,3.076380472605025839e-05
9.799387538278858233e-04,0.000000000000000000e+00,7.478030788557438841e-05,4.878919769803079416e-05,0.000000000000000000e+00,6.227562139024043868e-03,3.554242597472229885e-05,3.554242597496503817e-05,3.554242597535561522e-05,3.554242597521703386e-05
9.849384413474157347e-04,0.000000000000000000e+00,7.414082108479580849e-05,4.858478134500532596e-05,0.000000000000000000e+00,6.227560568580371193e-03,4.164229273138572040e-05,4.164229273163215956e-05,4.164229273072908691e-05,4.164229273058734103e-05
9.899381288669458628e-04,0.000000000000000000e+00,7.374360614264404096e-05,4.838061021132648338e-05,0.000000000000000000e+00,6.227559599029550488e-03,4.850925586836043400e-05,4.850925586861040359e-05,4.850925586999647475e-05,4.850925586985023620e-05
9.949378163864757742e-04,0.000000000000000000e+00,7.353186594811671813e-05,4.817668429699425964e-05,0.000000000000000000e+00,6.227560161084648264e-03,5.535070728659298542e-05,5.535070728684629571e-05,5.535070728866263250e-05,5.535070728851068834e-05
9.999375039060059023e-04,0.000000000000000000e+00,7.343803076964946662e-05,4.797300360200866830e-05,0.000000000000000000e+00,6.227562523803192515e-03,6.136207335943316536e-05,6.136207335968932167e-05,6.136207335856332351e-05,6.136207335840497578e-05
1.004937191425535814e-03,0.000000000000000000e+00,7.338844724110780526e-05,4.776956812636969579e-05,0.000000000000000000e+00,6.227565876977710080e-03,6.582413849007914439e-05,6.582413849033768596e-05,6.582413848861150057e-05,6.582413848844603777e-05
1.009936878945065942e-03,0.000000000000000000e+00,7.331241407572632225e-05,4.756637787007734212e-05,0.000000000000000000e+00,6.227568579782320410e-03,6.816630896415387349e-05,6.816630896441435306e-05,6.816630896452197368e-05,6.816630896434896212e-05
1.014936566464595853e-03,0.000000000000000000e+00,7.314786679380242047e-05,4.736343283313162084e-05,0.000000000000000000e+00,6.227569231788345101e-03,6.807106204273305841e-05,6.807106204299454087e-05,6.807106204297929427e-05,6.807106204279878817e-05
1.019936253984125981e-03,0.000000000000000000e+00,7.284723076845693113e-05,4.716073301553251162e-05,0.000000000000000000e+00,6.227567627542678237e-03,6.545336091340288103e-05,6.545336091366441770e-05,6.545336091088438781e-05,6.545336091069676662e-05
1.024935941503656110e-03,0.000000000000000000e+00,7.238238271323744317e-05,4.695827841728003480e-05,0.000000000000000000e+00,6.227564527703542858e-03,6.045086860434581736e-05,6.045086860460625628e-05,6.045086860350902335e-05,6.045086860331499860e-05
1.029935629023186021e-03,0.000000000000000000e+00,7.175118523298424961e-05,4.675606903837417681e-05,0.000000000000000000e+00,6.227560781797081106e-03,5.346278209612851209e-05,5.346278209638654543e-05,5.346278209603389512e-05,5.346278209583453067e-05
1.034935316542716149e-03,0.000000000000000000e+00,7.097661550815440631e-05,4.655410487881494444e-05,0.000000000000000000e+00,6.227557237770011030e-03,4.516596818573806232e-05,4.516596818599228063e-05,4.516596818637573583e-05,4.516596818617223786e-05
1.039935004062246060e-03,0.000000000000000000e+00,7.009942066098885172e-05,4.635238593860233769e-05,0.000000000000000000e+00,6.227554968126820627e-03,3.636657972237078613e-05,3.636657972261963764e-05,3.636657972052203847e-05,3.636657972031574190e-05
1.044934691581776189e-03,0.000000000000000000e+00,6.917059193699034005e-05,4.615091221773634977e-05,0.000000000000000000e+00,6.227555177554910081e-03,2.782053186302347968e-05,2.782053186326576160e-05,2.782053186393395201e-05,2.782053186372630019e-05
1.049934379101306100e-03,0.000000000000000000e+00,6.824144186049049734e-05,4.594968371621698747e-05,0.000000000000000000e+00,6.227558539324202710e-03,2.019394758021895306e-05,2.019394758045351681e-05,2.019394758111612697e-05,2.019394758090839383e-05
1.054934066620836228e-03,0.000000000000000000e+00,6.735582304026671238e-05,4.574870043404425079e-05,0.000000000000000000e+00,6.227564354358258551e-03,1.407989987712771219e-05,1.407989987735347357e-05,1.407989987710780014e-05,1.407989987690121388e-05
1.059933754140366139e-03,0.000000000000000000e+00,6.654285872525553670e-05,4.554796237121813295e-05,0.000000000000000000e+00,6.227570461253422590e-03,9.977857873248693717e-06,9.977857873464678648e-06,9.977857871752054261e-06,9.977857871547817677e-06
1.064933441659896268e-03,0.000000000000000000e+00,6.581679837359108215e-05,4.534746952773864072e-05,0.000000000000000000e+00,6.227574627073692928e-03,8.232211153182537977e-06,8.232211153388185719e-06,8.232211155393451518e-06,8.232211155192592901e-06
1.069933129179426179e-03,0.000000000000000000e+00,6.517756403885017482e-05,4.514722190360577410e-05,0.000000000000000000e+00,6.227575935852687830e-03,9.023398230438879546e-06,9.023398230633976645e-06,9.023398231743340778e-06,9.023398231546241293e-06
1.074932816698956307e-03,0.000000000000000000e+00,6.461026433410486350e-05,4.494721949881952633e-05,0.000000000000000000e+00,6.227574946705338732e-03,1.231016108620482101e-05,1.231016108638909811e-05,1.231016108586710559e-05,1.231016108567437002e-05
1.079932504218486218e-03,0.000000000000000000e+00,6.408749799385443082e-05,4.474746231337991094e-05,0.000000000000000000e+00,6.227572811338362609e-03,1.771104312552909487e-05,1.771104312570249945e-05,1.771104312531097711e-05,1.771104312512307132e-05
1.084932191738016347e-03,0.000000000000000000e+00,6.357328401425923678e-05,4.454795034728690762e-05,0.000000000000000000e+00,6.227570223750919683e-03,2.456095461152023215e-05,2.456095461168297090e-05,2.456095461418161306e-05,2.456095461399862684e-05
1.089931879257546475e-03,0.000000000000000000e+00,6.303046959745569992e-05,4.434868360054053670e-05,0.000000000000000000e+00,6.227567196581226816e-03,3.211710680910056988e-05,3.211710680925325265e-05,3.211710680888471878e-05,3.211710680870651660e-05
1.094931566777076386e-03,0.000000000000000000e+00,6.242387191626815773e-05,4.414966207314079138e-05,0.000000000000000000e+00,6.227563818337835191e-03,3.970326369667226152e-05,3.970326369681532878e-05,3.970326369645586155e-05,3.970326369628252472e-05
1.099931254296606514e-03,0.000000000000000000e+00,6.172454389971739975e-05,4.395088576508765813e-05,0.000000000000000000e+00,6.227560816546773813e-03,4.669448406134458021e-05,4.669448406147895352e-05,4.669448406118089956e-05,4.669448406101212994e-05
1.104930941816136426e-03,0.000000000000000000e+00,6.091256810268432290e-05,4.375235467638115727e-05,0.000000000000000000e+00,6.227558945598259642e-03,5.256322431855919554e-05,5.256322431868627759e-05,5.256322431907547906e-05,5.256322431891057869e-05
1.109930629335666554e-03,0.000000000000000000e+00,5.997816879127506576e-05,4.355406880702127525e-05,0.000000000000000000e+00,6.227558310360908206e-03,5.694574761394623907e-05,5.694574761406738511e-05,5.694574761260380027e-05,5.694574761244217283e-05
1.114930316855196465e-03,0.000000000000000000e+00,5.892373308172083404e-05,4.335602815700801885e-05,0.000000000000000000e+00,6.227558298774257296e-03,5.962948064125705430e-05,5.962948064137382287e-05,5.962948064053831635e-05,5.962948064037939942e-05
1.119930004374726593e-03,0.000000000000000000e+00,5.776588857720934406e-05,4.315823272634138806e-05,0.000000000000000000e+00,6.227558365258937904e-03,6.057037631054976943e-05,6.057037631066381395e-05,6.057037631044176934e-05,6.057037631028493272e-05
1.124929691894256505e-03,0.000000000000000000e+00,5.654041200607252602e-05,4.296068251502137611e-05,0.000000000000000000e+00,6.227558764689345057e-03,5.996006779380040798e-05,5.996006779391348349e-05,5.996006779373967233e-05,5.996006779358439425e-05
1.129929379413786633e-03,0.000000000000000000e+00,5.530013846339326683e-05,4.276337752304798978e-05,0.000000000000000000e+00,6.227560375018693223e-03,5.821164601797448228e-05,5.821164601808804568e-05,5.821164601732790476e-05,5.821164601717379898e-05
1.134929066933316544e-03,0.000000000000000000e+00,5.410971957810678984e-05,4.256631775042122906e-05,0.000000000000000000e+00,6.227563395714015571e-03,5.575763215333955737e-05,5.575763215345496391e-05,5.575763215229384437e-05,5.575763215214098542e-05
1.139928754452846672e-03,0.000000000000000000e+00,5.303705751549433447e-05,4.236950319714108718e-05,0.000000000000000000e+00,6.227566758831059972e-03,5.290790990616687877e-05,5.290790990628515167e-05,5.290790990734193708e-05,5.290790990719051469e-05
1.144928441972376800e-03,0.000000000000000000e+00,5.214535719822024429e-05,4.217293386320757092e-05,0.000000000000000000e+00,6.227568941615645864e-03,4.988465706331757221e-05,4.988465706343919937e-05,4.988465706428984407e-05,4.988465706414057653e-05
1.149928129491906712e-03,0.000000000000000000e+00,5.148788085735117473e-05,4.197660974862068027e-05,0.000000000000000000e+00,6.227569384472201111e-03,4.688421378463643091e-05,4.688421378476141232e-05,4.688421378480444159e-05,4.688421378465856896e-05
1.154927817011436840e-03,0.000000000000000000e+00,5.110301129623813022e-05,4.178053085338040846e-05,0.000000000000000000e+00,6.227568951574479969e-03,4.404556013154387907e-05,4.404556013167162519e-05,4.404556013205199042e-05,4.404556013191111190e-05
1.159927504530966751e-03,0.000000000000000000e+00,5.101484218228370584e-05,4.158469717748676227e-05,0.000000000000000000e+00,6.227568920145883265e-03,4.139545461486323692e-05,4.139545461499277875e-05,4.139545461752732494e-05,4.139545461739333788e-05
1.164927192050496879e-03,0.000000000000000000e+00,5.123263808570046121e-05,4.138910872093974169e-05,0.000000000000000000e+00,6.227569547739510505e-03,3.888406804731039007e-05,3.888406804744054854e-05,3.888406804819038954e-05,3.888406804806522518e-05
1.169926879570026791e-03,0.000000000000000000e+00,5.175186885849892134e-05,4.119376548373934673e-05,0.000000000000000000e+00,6.227569801486686554e-03,3.634778161799513587e-05,3.634778161812414238e-05,3.634778161933232307e-05,3.634778161921825145e-05
1.174926567089556919e-03,0.000000000000000000e+00,5.255394836116968830e-05,4.099866746588557060e-05,0.000000000000000000e+00,6.227568561976246954e-03,3.348510781399375777e-05,3.348510781411960654e-05,3.348510781502320773e-05,3.348510781492267509e-05
1.179926254609086830e-03,0.000000000000000000e+00,5.360869087168046747e-05,4.080381466737842010e-05,0.000000000000000000e+00,6.227565720188480043e-03,3.002991778777213202e-05,3.002991778789262077e-05,3.002991778948158004e-05,3.002991778939697161e-05
1.184925942128616959e-03,0.000000000000000000e+00,5.487935084593154522e-05,4.060920708821789520e-05,0.000000000000000000e+00,6.227562234314011624e-03,2.596930750408234581e-05,2.596930750419524514e-05,2.596930750307289938e-05,2.596930750300649538e-05
1.189925629648146870e-03,0.000000000000000000e+00,5.632410303080026591e-05,4.041484472840398915e-05,0.000000000000000000e+00,6.227559273849351748e-03,2.155039399203238437e-05,2.155039399213513963e-05,2.155039399288944280e-05,2.155039399284364881e-05
1.194925317167676998e-03,0.000000000000000000e+00,5.789850050421426614e-05,4.022072758793670871e-05,0.000000000000000000e+00,6.227557625617855148e-03,1.713047484935648426e-05,1.713047484944710323e-05,1.713047484841867987e-05,1.713047484839524078e-05
1.199925004687207126e-03,0.000000000000000000e+00,5.955644068291054299e-05,4.002685566681604711e-05,0.000000000000000000e+00,6.227557557957682545e-03,1.317628022179819948e-05,1.317628022187503722e-05,1.317628022214361951e-05,1.317628022214372963e-05
1.204924692206737038e-03,0.000000000000000000e+00,6.125416947539509592e-05,3.983322896504201791e-05,0.000000000000000000e+00,6.227559076145082993e-03,1.018551633887762091e-05,1.018551633893917648e-05,1.018551633724629982e-05,1.018551633727091799e-05
1.209924379726267166e-03,0.000000000000000000e+00,6.295256003094844418e-05,3.963984748261460754e-05,0.000000000000000000e+00,6.227561897024279890e-03,8.515040150392249902e-06,8.515040150437139260e-06,8.515040149957264602e-06,8.515040150007063363e-06
1.214924067245797077e-03,0.000000000000000000e+00,6.461995590914963229e-05,3.944671121953381601e-05,0.000000000000000000e+00,6.227565364652377748e-03,8.277562000608379260e-06,8.277562000636128059e-06,8.277561999494746081e-06,8.277561999569562807e-06
1.219923754765327205e-03,0.000000000000000000e+00,6.623591751085412252e-05,3.925382017579965687e-05,0.000000000000000000e+00,6.227568411495323225e-03,9.376761234193057800e-06,9.376761234203508493e-06,9.376761235203119179e-06,9.376761235302254221e-06
1.224923442284857117e-03,0.000000000000000000e+00,6.778897503786059998e-05,3.906117435141211658e-05,0.000000000000000000e+00,6.227569832007252663e-03,1.147786523217415836e-05,1.147786523216731095e-05,1.147786523154886509e-05,1.147786523167151376e-05
1.229923129804387245e-03,0.000000000000000000e+00,6.927127476658281251e-05,3.886877374637120189e-05,0.000000000000000000e+00,6.227568721962626133e-03,1.392549327198536080e-05,1.392549327196178618e-05,1.392549327253234588e-05,1.392549327267716479e-05
1.234922817323917156e-03,0.000000000000000000e+00,7.066963032454900908e-05,3.867661836067690605e-05,0.000000000000000000e+00,6.227565142706135114e-03,1.591887335462192788e-05,1.591887335458256117e-05,1.591887335538132341e-05,1.591887335554669134e-05
1.239922504843447284e-03,0.000000000000000000e+00,7.196286552184730809e-05,3.848470819432923582e-05,0.000000000000000000e+00,6.227560582972032667e-03,1.678158352673986818e-05,1.678158352668555981e-05,1.678158352902112441e-05,1.678158352920569628e-05
1.244922192362977196e-03,0.000000000000000000e+00,7.312174656628404705e-05,3.829304324732819121e-05,0.000000000000000000e+00,6.227557382661094536e-03,1.612636883484451356e-05,1.612636883477612073e-05,1.612636883525028978e-05,1.612636883545284924e-05
1.249921879882507324e-03,0.000000000000000000e+00,7.411203547830978169e-05,3.810162351967376544e-05,0.000000000000000000e+00,6.227557277320912646e-03,1.383287862924412466e-05,1.383287862916288912e-05,1.383287863109057517e-05,1.383287863130978222e-05
1.254921567402037452e-03,0.000000000000000000e+00,7.490203350132046043e-05,3.791044901136596528e-05,0.000000000000000000e+00,6.227560227282886995e-03,1.003657185834361411e-05,1.003657185825105035e-05,1.003657185940058587e-05,1.003657185963505814e-05
1.259921254921567363e-03,0.000000000000000000e+00,7.547027771562783217e-05,3.771951972240479751e-05,0.000000000000000000e+00,6.227564622793797973e-03,5.084150646737249293e-06,5.084150646634961595e-06,5.084150647960707071e-06,5.084150648209155387e-06
1.264920942441097491e-03,0.000000000000000000e+00,7.581283652870306341e-05,3.752883565279024181e-05,0.000000000000000000e+00,6.227568510147130434e-03,-6.480901909426773429e-07,-6.480901910529474801e-07,-6.480901912152220521e-07,-6.480901909540411369e-07
1.269920629960627403e-03,0.000000000000000000e+00,7.594420093194335550e-05,3.733839680252231172e-05,0.000000000000000000e+00,6.227570806875142202e-03,-6.791537476770138557e-06,-6.791537476886819039e-06,-6.791537476379703802e-06,-6.791537476106799951e-06
1.274920317480157531e-03,0.000000000000000000e+00,7.589957597181189739e-05,3.714820317160101403e-05,0.000000000000000000e+00,6.227571318813309408e-03,-1.288886521119606660e-05,-1.288886521131759211e-05,-1.288886521049782685e-05,-1.288886521021412502e-05
1.279920004999687442e-03,0.000000000000000000e+00,7.573351474171832634e-05,3.695825476002632839e-05,0.000000000000000000e+00,6.227570082715786458e-03,-1.834445094402705953e-05,-1.834445094415228488e-05,-1.834445094434256914e-05,-1.834445094404861483e-05
1.284919692519217570e-03,0.000000000000000000e+00,7.551274380275302314e-05,3.676855156779827515e-05,0.000000000000000000e+00,6.227567154590189433e-03,-2.265163667736744718e-05,-2.265163667749541692e-05,-2.265163667785255989e-05,-2.265163667754876645e-05
1.289919380038747482e-03,0.000000000000000000e+00,7.530613319227602923e-05,3.657909359491683397e-05,0.000000000000000000e+00,6.227563175868357399e-03,-2.551616759632057438e-05,-2.551616759645075318e-05,-2.551616759635724413e-05,-2.551616759604383855e-05
1.294919067558277610e-03,0.000000000000000000e+00,7.517535217370036949e-05,3.638988084138202519e-05,0.000000000000000000e+00,6.227559625406145841e-03,-2.680989447534988149e-05,-2.680989447548201863e-05,-2.680989447384767873e-05,-2.680989447352477621e-05
1.299918755077807521e-03,0.000000000000000000e+00,7.517173766024463032e-05,3.620091330719384202e-05,0.000000000000000000e+00,6.227558201585712758e-03,-2.657798963067144405e-05,-2.657798963080612906e-05,-2.657798963075639129e-05,-2.657798963042355477e-05
1.304918442597337649e-03,0.000000000000000000e+00,7.533284156680370130e-05,3.601219099235227091e-05,0.000000000000000000e+00,6.227559649979198635e-03,-2.503308739412028703e-05,-2.503308739425863462e-05,-2.503308739360126251e-05,-2.503308739325771950e-05
1.309918130116867778e-03,0.000000000000000000e+00,7.568508748955651128e-05,3.582371389685733219e-05,0.000000000000000000e+00,6.227563101003830495e-03,-2.249388201368782779e-05,-2.249388201383101702e-05,-2.249388201285811158e-05,-2.249388201250329965e-05
1.314917817636397689e-03,0.000000000000000000e+00,7.624822624820257883e-05,3.563548202070901909e-05,0.000000000000000000e+00,6.227566729317530331e-03,-1.929122359540095510e-05,-1.929122359555046997e-05,-1.929122359363634831e-05,-1.929122359326969146e-05
1.319917505155927817e-03,0.000000000000000000e+00,7.703788937751494066e-05,3.544749536390732483e-05,0.000000000000000000e+00,6.227569197897956342e-03,-1.588010557797463001e-05,-1.588010557813231705e-05,-1.588010557820744209e-05,-1.588010557782821528e-05
1.324917192675457728e-03,0.000000000000000000e+00,7.806348592158434329e-05,3.525975392645225618e-05,0.000000000000000000e+00,6.227570351491574542e-03,-1.281051962930390139e-05,-1.281051962947130390e-05,-1.281051962867857593e-05,-1.281051962828647252e-05
1.329916880194987857e-03,0.000000000000000000e+00,7.932304267024906086e-05,3.507225770834380637e-05,0.000000000000000000e+00,6.227570690620598017e-03,-1.054382855594680760e-05,-1.054382855612549258e-05,-1.054382855588261605e-05,-1.054382855547757845e-05
1.334916567714517768e-03,0.000000000000000000e+00,8.080301474081508716e-05,3.488500670958198218e-05,0.000000000000000000e+00,6.227570442293391996e-03,-9.309192288991743162e-06,-9.309192289183533444e-06,-9.309192287969606482e-06,-9.309192287551319589e-06
1.339916255234047896e-03,0.000000000000000000e+00,8.247547386768246482e-05,3.469800093016678361e-05,0.000000000000000000e+00,6.227569226309030183e-03,-9.130454358335827285e-06,-9.130454358542386433e-06,-9.130454360388045814e-06,-9.130454359956443564e-06
1.344915942753577807e-03,0.000000000000000000e+00,8.429693353186989676e-05,3.451124037009820387e-05,0.000000000000000000e+00,6.227566680823493420e-03,-9.945395510615459767e-06,-9.945395510837907560e-06,-9.945395510077693796e-06,-9.945395509633121777e-06
1.349915630273107936e-03,0.000000000000000000e+00,8.620806186441762645e-05,3.432472502937625652e-05,0.000000000000000000e+00,6.227563280918257602e-03,-1.162632876515714242e-05,-1.162632876539647158e-05,-1.162632876506009786e-05,-1.162632876460309987e-05
1.354915317792637847e-03,0.000000000000000000e+00,8.813761687701936881e-05,3.413845490800092802e-05,0.000000000000000000e+00,6.227560250639163110e-03,-1.406736556463929240e-05,-1.406736556489651768e-05,-1.406736556371950610e-05,-1.406736556325045314e-05
1.359915005312167975e-03,0.000000000000000000e+00,9.000703612586776696e-05,3.395243000597221835e-05,0.000000000000000000e+00,6.227558711871128243e-03,-1.720754853908224266e-05,-1.720754853935804675e-05,-1.720754854089107474e-05,-1.720754854041042759e-05
1.364914692831697886e-03,0.000000000000000000e+00,9.173446996246380127e-05,3.376665032329014107e-05,0.000000000000000000e+00,6.227559151454467590e-03,-2.098736441216487336e-05,-2.098736441246005417e-05,-2.098736441021373635e-05,-2.098736440972192530e-05
1.369914380351228015e-03,0.000000000000000000e+00,9.324596585754604805e-05,3.358111585995468264e-05,0.000000000000000000e+00,6.227561319175270796e-03,-2.525409058357128942e-05,-2.525409058388647715e-05,-2.525409058233366925e-05,-2.525409058183086710e-05
1.374914067870758143e-03,0.000000000000000000e+00,9.448497865655894822e-05,3.339582661596584982e-05,0.000000000000000000e+00,6.227564323065285998e-03,-2.979474910689144669e-05,-2.979474910722714617e-05,-2.979474910590293891e-05,-2.979474910538944043e-05
1.379913755390288054e-03,0.000000000000000000e+00,9.541818617545692785e-05,3.321078259132363583e-05,0.000000000000000000e+00,6.227566931509940715e-03,-3.448248784214371558e-05,-3.448248784250014027e-05,-3.448248784201011477e-05,-3.448248784148640446e-05
1.384913442909818182e-03,0.000000000000000000e+00,9.603380003097322540e-05,3.302598378602804747e-05,0.000000000000000000e+00,6.227568033823299362e-03,-3.923076310696560010e-05,-3.923076310734284824e-05,-3.923076310435147346e-05,-3.923076310381801211e-05
1.389913130429348094e-03,0.000000000000000000e+00,9.633989891200731676e-05,3.284143020007908472e-05,0.000000000000000000e+00,6.227567111884527509e-03,-4.392249722111148986e-05,-4.392249722150953436e-05,-4.392249722031430311e-05,-4.392249721977151762e-05
1.394912817948878222e-03,0.000000000000000000e+00,9.636166476998577076e-05,3.265712183347674081e-05,0.000000000000000000e+00,6.227564711600156074e-03,-4.833620336872135120e-05,-4.833620336914023271e-05,-4.833620336823945044e-05,-4.833620336768767285e-05
1.399912505468408133e-03,0.000000000000000000e+00,9.613423713163919259e-05,3.247305868622102251e-05,0.000000000000000000e+00,6.227562185181888775e-03,-5.216181407211225587e-05,-5.216181407255203537e-05,-5.216181407283125132e-05,-5.216181407227065781e-05
1.404912192987938261e-03,0.000000000000000000e+00,9.569902640305866031e-05,3.228924075831192983e-05,0.000000000000000000e+00,6.227560728834343612e-03,-5.496444581975366324e-05,-5.496444582021428653e-05,-5.496444581929673978e-05,-5.496444581872758785e-05
1.409911880507468173e-03,0.000000000000000000e+00,9.510053308003731435e-05,3.210566804974946276e-05,0.000000000000000000e+00,6.227560753353704112e-03,-5.624667539308316562e-05,-5.624667539356433454e-05,-5.624667539471514739e-05,-5.624667539413780973e-05
1.414911568026998301e-03,0.000000000000000000e+00,9.438481060165530736e-05,3.192234056053361454e-05,0.000000000000000000e+00,6.227561996305175894e-03,-5.559831937340533150e-05,-5.559831937390700540e-05,-5.559831937560486600e-05,-5.559831937501938327e-05
1.419911255546528212e-03,0.000000000000000000e+00,9.359372057770179237e-05,3.173925829066438515e-05,0.000000000000000000e+00,6.227563805208408826e-03,-5.272208084955879261e-05,-5.272208085008076820e-05,-5.272208085176739376e-05,-5.272208085117386760e-05
1.424910943066058340e-03,0.000000000000000000e+00,9.276380950253277464e-05,3.155642124014178815e-05,0.000000000000000000e+00,6.227565420298800114e-03,-4.744655806928763304e-05,-4.744655806982955794e-05,-4.744655806887102835e-05,-4.744655806826977048e-05
1.429910630585588469e-03,0.000000000000000000e+00,9.193027078217600140e-05,3.137382940896581000e-05,0.000000000000000000e+00,6.227566188332010061e-03,-3.974094608830321536e-05,-3.974094608886483886e-05,-3.974094608856824858e-05,-3.974094608795942840e-05
1.434910318105118380e-03,0.000000000000000000e+00,9.112852377681284150e-05,3.119148279713645746e-05,0.000000000000000000e+00,6.227565762295462007e-03,-2.986724597464328278e-05,-2.986724597522416781e-05,-2.986724597578426665e-05,-2.986724597516835172e-05
1.439910005624648508e-03,0.000000000000000000e+00,9.039416372862743273e-05,3.100938140465373053e-05,0.000000000000000000e+00,6.227564532932973462e-03,-1.843335633173597303e-05,-1.843335633233490664e-05,-1.843335632981207321e-05,-1.843335632919029682e-05
1.444909693144178419e-03,0.000000000000000000e+00,8.976040107606626046e-05,3.082752523151762245e-05,0.000000000000000000e+00,6.227563696231761675e-03,-6.315817602148789657e-06,-6.315817602764306477e-06,-6.315817599690864368e-06,-6.315817599064778271e-06
1.449909380663708548e-03,0.000000000000000000e+00,8.925793815109690364e-05,3.064591427772813998e-05,0.000000000000000000e+00,6.227564292461905057e-03,5.514275681944847530e-06,5.514275681314326368e-06,5.514275682431725456e-06,5.514275683060403474e-06
1.454909068183238459e-03,0.000000000000000000e+00,8.890923088047139686e-05,3.046454854328527973e-05,0.000000000000000000e+00,6.227566181248219909e-03,1.620161598886951743e-05,1.620161598822588081e-05,1.620161598826870341e-05,1.620161598889800485e-05
1.459908755702768587e-03,0.000000000000000000e+00,8.872387068852336618e-05,3.028342802818904172e-05,0.000000000000000000e+00,6.227568121336592849e-03,2.512891525709688516e-05,2.512891525644210159e-05,2.512891525892749955e-05,2.512891525955541862e-05
1.464908443222298498e-03,0.000000000000000000e+00,8.869905681823144741e-05,3.010255273243942932e-05,0.000000000000000000e+00,6.227568700566902399e-03,3.202608366178678922e-05,3.202608366112273572e-05,3.202608366142627844e-05,3.202608366205102284e-05
1.469908130741828627e-03,0.000000000000000000e+00,8.882087001178081873e-05,2.992192265603644253e-05,0.000000000000000000e+00,6.227567410977090726e-03,3.686176026307189655e-05,3.686176026240057212e-05,3.686176026162024471e-05,3.686176026224011019e-05
1.474907818261358538e-03,0.000000000000000000e+00,8.906437391936130753e-05,2.974153779898007797e-05,0.000000000000000000e+00,6.227564967281199251e-03,3.971922569154400277e-05,3.971922569086747416e-05,3.971922569084427901e-05,3.971922569145771382e-05
1.479907505780888666e-03,0.000000000000000000e+00,8.939244881734280206e-05,2.956139816127033903e-05,0.000000000000000000e+00,6.227562556057794282e-03,4.076468417094273699e-05,4.076468417026288125e-05,4.076468417237109204e-05,4.076468417297696454e-05
1.484907193300418794e-03,0.000000000000000000e+00,8.976187191987638407e-05,2.938150374290721554e-05,0.000000000000000000e+00,6.227561036963006821e-03,4.026889043098351217e-05,4.026889043030209788e-05,4.026889043047193138e-05,4.026889043106953684e-05
1.489906880819948706e-03,0.000000000000000000e+00,9.012816497191625644e-05,2.920185454389072444e-05,0.000000000000000000e+00,6.227560869347552319e-03,3.856177958835665075e-05,3.856177958767513481e-05,3.856177958774806096e-05,3.856177958833710800e-05
1.494906568339478834e-03,0.000000000000000000e+00,9.044955347140819105e-05,2.902245056422085557e-05,0.000000000000000000e+00,6.227562059225273845e-03,3.589941831862905440e-05,3.589941831794881240e-05,3.589941831785136973e-05,3.589941831843194644e-05
1.499906255859008745e-03,0.000000000000000000e+00,9.069183402668102721e-05,2.884329180389760553e-05,0.000000000000000000e+00,6.227563958386573423e-03,3.250411753471840726e-05,3.250411753404068604e-05,3.250411753612201539e-05,3.250411753669448769e-05
1.504905943378538873e-03,0.000000000000000000e+00,9.083271876414551955e-05,2.866437826292098450e-05,0.000000000000000000e+00,6.227565550142852291e-03,2.855400566758129079e-05,2.855400566690722197e-05,2.855400566558864917e-05,2.855400566615363031e-05
1.509905630898068785e-03,0.000000000000000000e+00,9.086299526643953320e-05,2.848570994129098231e-05,0.000000000000000000e+00,6.227566038727837261e-03,2.422390522015754151e-05,2.422390521948776206e-05,2.422390521793354469e-05,2.422390521849220358e-05
1.514905318417598913e-03,0.000000000000000000e+00,9.078155420057471090e-05,2.830728683900760574e-05,0.000000000000000000e+00,6.227565247899156942e-03,1.971743911662941526e-05,1.971743911596422674e-05,1.971743911539790728e-05,1.971743911595177535e-05
1.519905005937128824e-03,0.000000000000000000e+00,9.059501381445729138e-05,2.812910895607085139e-05,0.000000000000000000e+00,6.227563688687366879e-03,1.532519715505326248e-05,1.532519715439259033e-05,1.532519715597893396e-05,1.532519715652989840e-05
1.524904693456658952e-03,0.000000000000000000e+00,9.031780945063753595e-05,2.795117629248071927e-05,0.000000000000000000e+00,6.227562079070849549e-03,1.139253851636627583e-05,1.139253851570961354e-05,1.139253851401565606e-05,1.139253851456588189e-05
1.529904380976188864e-03,0.000000000000000000e+00,8.997133701565371592e-05,2.777348884823721616e-05,0.000000000000000000e+00,6.227560854043966664e-03,8.157438915039613033e-06,8.157438914386262640e-06,8.157438914156545611e-06,8.157438914708246968e-06
1.534904068495718992e-03,0.000000000000000000e+00,8.958157032044597511e-05,2.759604662334033188e-05,0.000000000000000000e+00,6.227560359488383546e-03,5.713089826292615715e-06,5.713089825642046131e-06,5.713089828001270058e-06,5.713089828556216399e-06
1.539903756015249120e-03,0.000000000000000000e+00,8.917825826786567696e-05,2.741884961779006983e-05,0.000000000000000000e+00,6.227561032578043942e-03,4.002654875264752556e-06,4.002654874616490289e-06,4.002654875975034575e-06,4.002654876534617574e-06
1.544903443534779031e-03,0.000000000000000000e+00,8.879581481316310102e-05,2.724189783158643678e-05,0.000000000000000000e+00,6.227562999743935929e-03,2.913552729697901243e-06,2.913552729051341936e-06,2.913552727543860882e-06,2.913552728109271468e-06
1.549903131054309159e-03,0.000000000000000000e+00,8.846941450217781660e-05,2.706519126472942257e-05,0.000000000000000000e+00,6.227565901312012014e-03,2.298690451744276727e-06,2.298690451098956629e-06,2.298690451629622347e-06,2.298690452201505112e-06
1.554902818573839071e-03,0.000000000000000000e+00,8.823343948307600995e-05,2.688872991721903398e-05,0.000000000000000000e+00,6.227569054720646056e-03,2.072035972642750905e-06,2.072035971998410401e-06,2.072035973614131677e-06,2.072035974192482385e-06
1.559902506093369199e-03,0.000000000000000000e+00,8.812033730825428860e-05,2.671251378905526762e-05,0.000000000000000000e+00,6.227571664428725902e-03,2.315715067557205628e-06,2.315715066913867164e-06,2.315715065966381191e-06,2.315715066550680188e-06
1.564902193612899110e-03,0.000000000000000000e+00,8.815832102202175551e-05,2.653654288023812687e-05,0.000000000000000000e+00,6.227573109042369021e-03,3.219079743271263272e-06,3.219079742629054326e-06,3.219079740158294794e-06,3.219079740747544699e-06
1.569901881132429238e-03,0.000000000000000000e+00,8.836509993769903811e-05,2.636081719076761173e-05,0.000000000000000000e+00,6.227573066770940476e-03,5.028786031277095681e-06,5.028786030636651528e-06,5.028786030768287225e-06,5.028786031360847758e-06
1.574901568651959150e-03,0.000000000000000000e+00,8.874221295712144504e-05,2.618533672064371205e-05,0.000000000000000000e+00,6.227571318835055901e-03,7.972831981050392528e-06,7.972831980412492016e-06,7.972831981317712738e-06,7.972831981911609889e-06
1.579901256171489278e-03,0.000000000000000000e+00,8.927491552221954489e-05,2.601010146986644137e-05,0.000000000000000000e+00,6.227567940676392508e-03,1.225743298228662933e-05,1.225743298165214236e-05,1.225743297988796416e-05,1.225743298048110407e-05
1.584900943691019189e-03,0.000000000000000000e+00,8.993168150021790190e-05,2.583511143843579631e-05,0.000000000000000000e+00,6.227563581853673078e-03,1.788062815851514451e-05,1.788062815788509429e-05,1.788062815679583703e-05,1.788062815738596827e-05
1.589900631210549318e-03,0.000000000000000000e+00,9.066746503680804352e-05,2.566036662635177008e-05,0.000000000000000000e+00,6.227559208830352883e-03,2.455087324120381104e-05,2.455087324057963585e-05,2.455087324173142109e-05,2.455087324231586027e-05
1.594900318730079446e-03,0.000000000000000000e+00,9.142916001033303552e-05,2.548586703361436947e-05,0.000000000000000000e+00,6.227555897069304326e-03,3.172781584906356211e-05,3.172781584844701699e-05,3.172781585025409064e-05,3.172781585082990363e-05
1.599900006249609357e-03,0.000000000000000000e+00,9.216380092200655079e-05,2.531161266022359109e-05,0.000000000000000000e+00,6.227554700212313207e-03,3.868843286911067262e-05,3.868843286850373624e-05,3.868843286675638859e-05,3.868843286732047865e-05
1.604899693769139485e-03,0.000000000000000000e+00,9.282399498568467966e-05,2.513760350617943833e-05,0.000000000000000000e+00,6.227556093096211706e-03,4.467945472380905952e-05,4.467945472321380542e-05,4.467945472440988371e-05,4.467945472495912698e-05
1.609899381288669397e-03,0.000000000000000000e+00,9.337014441482530851e-05,2.496383957148190779e-05,0.000000000000000000e+00,6.227559556609433590e-03,4.903563586691246255e-05,4.903563586633095749e-05,4.903563586853512018e-05,4.903563586906646056e-05
1.614899068808199525e-03,0.000000000000000000e+00,9.377415430865731008e-05,2.479032085613099609e-05,0.000000000000000000e+00,6.227563813507618236e-03,5.137264740776087337e-05,5.137264740719504181e-05,5.137264740831734013e-05,5.137264740882805357e-05
1.619898756327729436e-03,0.000000000000000000e+00,9.402023680830537097e-05,2.461704736012671678e-05,0.000000000000000000e+00,6.227567304573603142e-03,5.154879610131298662e-05,5.154879610076449552e-05,5.154879609852851827e-05,5.154879609901625339e-05
1.624898443847259564e-03,0.000000000000000000e+00,9.410491956303481385e-05,2.444401908346905631e-05,0.000000000000000000e+00,6.227568987156067992e-03,4.961965026829205346e-05,4.961965026776210899e-05,4.961965026866178673e-05,4.961965026912468685e-05
1.629898131366789476e-03,0.000000000000000000e+00,9.403389701827945160e-05,2.427123602615801807e-05,0.000000000000000000e+00,6.227568859908898594e-03,4.575131921405317653e-05,4.575131921354261895e-05,4.575131921405760143e-05,4.575131921449455524e-05
1.634897818886319604e-03,0.000000000000000000e+00,9.382087001622854087e-05,2.409869818819360544e-05,0.000000000000000000e+00,6.227567566585391276e-03,4.018312782792239190e-05,4.018312782743141772e-05,4.018312782561470823e-05,4.018312782602529560e-05
1.639897506405849515e-03,0.000000000000000000e+00,9.348608563257670544e-05,2.392640556957581504e-05,0.000000000000000000e+00,6.227565707368548295e-03,3.321398949041647823e-05,3.321398948994447081e-05,3.321398948609544468e-05,3.321398948648028902e-05
1.644897193925379643e-03,0.000000000000000000e+00,9.305329882372716114e-05,2.375435817030465026e-05,0.000000000000000000e+00,6.227563717528144735e-03,2.510453767293110966e-05,2.510453767247663244e-05,2.510453767243645259e-05,2.510453767279721747e-05
1.649896881444909771e-03,0.000000000000000000e+00,9.254973594142600242e-05,2.358255599038010770e-05,0.000000000000000000e+00,6.227561906159824641e-03,1.614191751904461757e-05,1.614191751860599003e-05,1.614191751745226678e-05,1.614191751779094105e-05
1.654896568964439683e-03,0.000000000000000000e+00,9.200697039476839201e-05,2.341099902980218737e-05,0.000000000000000000e+00,6.227560680454330942e-03,6.659083230402828389e-06,6.659083229978010025e-06,6.659083227462740606e-06,6.659083227781806059e-06
1.659896256483969811e-03,0.000000000000000000e+00,9.146326044814265504e-05,2.323968728857089605e-05,0.000000000000000000e+00,6.227560664923679525e-03,-2.911236385222248241e-06,-2.911236385635531709e-06,-2.911236387923723453e-06,-2.911236387621564778e-06
1.664895944003499722e-03,0.000000000000000000e+00,9.096124159967404910e-05,2.306862076668622017e-05,0.000000000000000000e+00,6.227562235002839092e-03,-1.208573643011787605e-05,-1.208573643052167868e-05,-1.208573642813427396e-05,-1.208573642784647589e-05
1.669895631523029850e-03,0.000000000000000000e+00,9.054501943247703858e-05,2.289779946414816992e-05,0.000000000000000000e+00,6.227564992763948842e-03,-2.030544463173438458e-05,-2.030544463213059271e-05,-2.030544463228157803e-05,-2.030544463200578749e-05
1.674895319042559762e-03,0.000000000000000000e+00,9.025649675611257432e-05,2.272722338095674866e-05,0.000000000000000000e+00,6.227567994376486359e-03,-2.692684914275713566e-05,-2.692684914314762124e-05,-2.692684914416868558e-05,-2.692684914390265624e-05
1.679895006562089890e-03,0.000000000000000000e+00,9.012970502582949627e-05,2.255689251711194624e-05,0.000000000000000000e+00,6.227570221145660792e-03,-3.138597873145140577e-05,-3.138597873183776121e-05,-3.138597873089111042e-05,-3.138597873063296188e-05
1.684894694081619801e-03,0.000000000000000000e+00,9.018626380436742295e-05,2.238680687261376944e-05,0.000000000000000000e+00,6.227570998932249399e-03,-3.326997436615426452e-05,-3.326997436653750289e-05,-3.326997436414323213e-05,-3.326997436389177176e-05
1.689894381601149929e-03,0.000000000000000000e+00,9.043096509566306718e-05,2.221696644746221148e-05,0.000000000000000000e+00,6.227570228164430038e-03,-3.241768022185940789e-05,-3.241768022224012549e-05,-3.241768022340225469e-05,-3.241768022315676421e-05
1.694894069120679841e-03,0.000000000000000000e+00,9.085143807484048328e-05,2.204737124165728252e-05,0.000000000000000000e+00,6.227568066698076915e-03,-2.888638059797687201e-05,-2.888638059835532294e-05,-2.888638060055914681e-05,-2.888638060031943649e-05
1.699893756640209969e-03,0.000000000000000000e+00,9.141665099610876558e-05,2.187802125519897579e-05,0.000000000000000000e+00,6.227564702889446836e-03,-2.299868565708998929e-05,-2.299868565746597028e-05,-2.299868565752501186e-05,-2.299868565729142728e-05
1.704893444159739880e-03,0.000000000000000000e+00,9.207771454431952583e-05,2.170891648808728790e-05,0.000000000000000000e+00,6.227560726993281587e-03,-1.524923195367194342e-05,-1.524923195404486492e-05,-1.524923195476269993e-05,-1.524923195453602206e-05
1.709893131679270008e-03,0.000000000000000000e+00,9.277196701889307178e-05,2.154005694032222901e-05,0.000000000000000000e+00,6.227557468911621222e-03,-6.191111468037063190e-06,-6.191111468405961286e-06,-6.191111470779735545e-06,-6.191111470561055355e-06
1.714892819198800137e-03,0.000000000000000000e+00,9.342985852273551748e-05,2.137144261190379235e-05,0.000000000000000000e+00,6.227556502416023258e-03,3.566842002728504231e-06,3.566842002365110156e-06,3.566842000194527242e-06,3.566842000403705416e-06
1.719892506718330048e-03,0.000000000000000000e+00,9.398368454750487418e-05,2.120307350283197792e-05,0.000000000000000000e+00,6.227558762897398258e-03,1.333664686606629546e-05,1.333664686571030954e-05,1.333664686622497015e-05,1.333664686642274217e-05
1.724892194237860176e-03,0.000000000000000000e+00,9.437360455928873809e-05,2.103494961310678910e-05,0.000000000000000000e+00,6.227563661827410779e-03,2.229124197309440079e-05,2.229124197274795754e-05,2.229124197285584921e-05,2.229124197304028894e-05
1.729891881757390087e-03,0.000000000000000000e+00,9.455468864462357405e-05,2.086707094272821912e-05,0.000000000000000000e+00,6.227569186275577068e-03,2.962785407207848095e-05,2.962785407174391310e-05,2.962785407058924456e-05,2.962785407075853257e-05
1.734891569276920216e-03,0.000000000000000000e+00,9.450026614910768288e-05,2.069943749169627815e-05,0.000000000000000000e+00,6.227573112413152708e-03,3.462327355636439990e-05,3.462327355604391651e-05,3.462327355507142105e-05,3.462327355522417158e-05
1.739891256796450127e-03,0.000000000000000000e+00,9.420303644081156941e-05,2.053204926001095940e-05,0.000000000000000000e+00,6.227574354884719311e-03,3.670032916997268964e-05,3.670032916966809659e-05,3.670032917173248529e-05,3.670032917186784793e-05
1.744890944315980255e-03,0.000000000000000000e+00,9.367460685573841545e-05,2.036490624767225949e-05,0.000000000000000000e+00,6.227573129487367146e-03,3.549755496245972407e-05,3.549755496217283062e-05,3.549755496114363138e-05,3.549755496126093528e-05
1.749890631835510166e-03,0.000000000000000000e+00,9.294440353032930584e-05,2.019800845468019198e-05,0.000000000000000000e+00,6.227570312486005802e-03,3.093214848027157015e-05,3.093214848000406359e-05,3.093214847834651498e-05,3.093214847844540777e-05
1.754890319355040295e-03,0.000000000000000000e+00,9.205775937106624800e-05,2.003135588103473991e-05,0.000000000000000000e+00,6.227566616929137468e-03,2.318879436147006432e-05,2.318879436122310000e-05,2.318879436040246399e-05,2.318879436048302699e-05
1.759890006874570206e-03,0.000000000000000000e+00,9.106850577484784160e-05,1.986494852673591346e-05,0.000000000000000000e+00,6.227562449353980963e-03,1.263312826571292365e-05,1.263312826548745025e-05,1.263312826751360558e-05,1.263312826757599125e-05
1.764889694394100334e-03,0.000000000000000000e+00,9.003162990451254858e-05,1.969878639178371263e-05,0.000000000000000000e+00,6.227558444932837327e-03,-6.477251157797686896e-08,-6.477251178117414377e-08,-6.477251416978757327e-08,-6.477251412546488024e-08
1.769889381913630462e-03,0.000000000000000000e+00,8.899535567229159723e-05,1.953286947617813402e-05,0.000000000000000000e+00,6.227555730224342001e-03,-1.398544689924150936e-05,-1.398544689942215777e-05,-1.398544690011453267e-05,-1.398544690008793584e-05
1.774889069433160374e-03,0.000000000000000000e+00,8.799611106656644172e-05,1.936719777991918103e-05,0.000000000000000000e+00,6.227555337060269522e-03,-2.811365702583551514e-05,-2.811365702599362570e-05,-2.811365702614107380e-05,-2.811365702613198006e-05
1.779888756952690502e-03,0.000000000000000000e+00,8.705620235849743233e-05,1.920177130300684687e-05,0.000000000000000000e+00,6.227557429843032580e-03,-4.150853189355577336e-05,-4.150853189369129185e-05,-4.150853189329502951e-05,-4.150853189330352695e-05
1.784888444472220413e-03,0.000000000000000000e+00,8.618382261072592696e-05,1.903659004544113834e-05,0.000000000000000000e+00,6.227561184960299194e-03,-5.336341168786309127e-05,-5.336341168797630231e-05,-5.336341169088270952e-05,-5.336341169090900820e-05
1.789888131991750541e-03,0.000000000000000000e+00,8.537619868369814621e-05,1.887165400722205880e-05,0.000000000000000000e+00,6.227565264800496644e-03,-6.306904628673873977e-05,-6.306904628683028709e-05,-6.306904628815664582e-05,-6.306904628820067798e-05
1.794887819511280453e-03,0.000000000000000000e+00,8.462062220149774833e-05,1.870696318834959472e-05,0.000000000000000000e+00,6.227568651788301449e-03,-7.035260764079665418e-05,-7.035260764086757456e-05,-7.035260764239001125e-05,-7.035260764245164814e-05
1.799887507030810581e-03,0.000000000000000000e+00,8.389714992357557503e-05,1.854251758882375625e-05,0.000000000000000000e+00,6.227570849943696134e-03,-7.518926090435649741e-05,-7.518926090440794280e-05,-7.518926090509521856e-05,-7.518926090517421624e-05
1.804887194550340492e-03,0.000000000000000000e+00,8.318134979035713588e-05,1.837831720864454340e-05,0.000000000000000000e+00,6.227571493426297539e-03,-7.776528340331943291e-05,-7.776528340335288054e-05,-7.776528340619941269e-05,-7.776528340629532392e-05
1.809886882069870620e-03,0.000000000000000000e+00,8.244989303092151948e-05,1.821436204781195278e-05,0.000000000000000000e+00,6.227569946138889097e-03,-7.841760556557609597e-05,-7.841760556559306374e-05,-7.841760556616034542e-05,-7.841760556627250613e-05
1.814886569589400532e-03,0.000000000000000000e+00,8.168562826101564143e-05,1.805065210632598777e-05,0.000000000000000000e+00,6.227565881378674048e-03,-7.762563043940326740e-05,-7.762563043940500212e-05,-7.762563043913275895e-05,-7.762563043926093875e-05
1.819886257108930660e-03,0.000000000000000000e+00,8.087947231171279392e-05,1.788718738418663821e-05,0.000000000000000000e+00,6.227560155609004888e-03,-7.585038309481163842e-05,-7.585038309479937338e-05,-7.585038309371757001e-05,-7.585038309386129456e-05
1.824885944628460788e-03,0.000000000000000000e+00,8.003191052975241917e-05,1.772396788139392104e-05,0.000000000000000000e+00,6.227555163408043243e-03,-7.337064311132474351e-05,-7.337064311129968489e-05,-7.337064311316131423e-05,-7.337064311332023117e-05
1.829885632147990699e-03,0.000000000000000000e+00,7.915183435620756595e-05,1.756099359794782610e-05,0.000000000000000000e+00,6.227553625069786117e-03,-7.032520669812149759e-05,-7.032520669808459406e-05,-7.032520669730943016e-05,-7.032520669748318712e-05
1.834885319667520828e-03,0.000000000000000000e+00,7.825689046883006522e-05,1.739826453384835000e-05,0.000000000000000000e+00,6.227556669136396009e-03,-6.675081153522901449e-05,-6.675081153518109276e-05,-6.675081153410653998e-05,-6.675081153429500143e-05
1.839885007187050739e-03,0.000000000000000000e+00,7.737241826566657195e-05,1.723578068909550291e-05,0.000000000000000000e+00,6.227562910445081160e-03,-6.268003614456600799e-05,-6.268003614450770502e-05,-6.268003614559648795e-05,-6.268003614579961322e-05
1.844884694706580867e-03,0.000000000000000000e+00,7.653122858630354800e-05,1.707354206368927465e-05,0.000000000000000000e+00,6.227569462437358011e-03,-5.819367987521232471e-05,-5.819367987514401319e-05,-5.819367987755043380e-05,-5.819367987776814837e-05
1.849884382226110778e-03,0.000000000000000000e+00,7.577153135066613376e-05,1.691154865762967201e-05,0.000000000000000000e+00,6.227573841241334542e-03,-5.356754654193909035e-05,-5.356754654186143437e-05,-5.356754654221091338e-05,-5.356754654244289199e-05
1.854884069745640907e-03,0.000000000000000000e+00,7.513059238440823067e-05,1.674980047091669498e-05,0.000000000000000000e+00,6.227575023568133507e-03,-4.921115700190401124e-05,-4.921115700181744447e-05,-4.921115700205892340e-05,-4.921115700230456295e-05
1.859883757265170818e-03,0.000000000000000000e+00,7.463846151469475960e-05,1.658829750355033679e-05,0.000000000000000000e+00,6.227573164425165460e-03,-4.546473634835868159e-05,-4.546473634826393587e-05,-4.546473635084684426e-05,-4.546473635110513510e-05
1.864883444784700946e-03,0.000000000000000000e+00,7.431178193351096941e-05,1.642703975553060761e-05,0.000000000000000000e+00,6.227568865546400344e-03,-4.255158705341464178e-05,-4.255158705331261158e-05,-4.255158705464905339e-05,-4.255158705491854539e-05
1.869883132304230857e-03,0.000000000000000000e+00,7.415417505456426382e-05,1.626602722685749727e-05,0.000000000000000000e+00,6.227563203330811585e-03,-4.053679370025226335e-05,-4.053679370014395833e-05,-4.053679370000734885e-05,-4.053679370028607690e-05
1.874882819823760986e-03,0.000000000000000000e+00,7.415829959511549779e-05,1.610525991753100915e-05,0.000000000000000000e+00,6.227557900510133360e-03,-3.931283941705894595e-05,-3.931283941694517926e-05,-3.931283941674311786e-05,-3.931283941702894743e-05
1.879882507343291114e-03,0.000000000000000000e+00,7.431056102318015400e-05,1.594473782755115342e-05,0.000000000000000000e+00,6.227554975824712430e-03,-3.849637996009752964e-05,-3.849637995997924996e-05,-3.849637996159292226e-05,-3.849637996188343423e-05
1.884882194862821025e-03,0.000000000000000000e+00,7.459629258526038369e-05,1.578446095691791315e-05,0.000000000000000000e+00,6.227555577443461172e-03,-3.753915868144810247e-05,-3.753915868132638045e-05,-3.753915868132759340e-05,-3.753915868162005693e-05
1.889881882382351153e-03,0.000000000000000000e+00,7.500311318379057342e-05,1.562442930563129849e-05,0.000000000000000000e+00,6.227559145432000343e-03,-3.581014980667070104e-05,-3.581014980654640404e-05,-3.581014980542439032e-05,-3.581014980571610169e-05
1.894881569901881065e-03,0.000000000000000000e+00,7.552354626993583626e-05,1.546464287369130606e-05,0.000000000000000000e+00,6.227563578947124812e-03,-3.268924933980350210e-05,-3.268924933967738228e-05,-3.268924933880940390e-05,-3.268924933909781523e-05
1.899881257421411193e-03,0.000000000000000000e+00,7.615417122895338251e-05,1.530510166109793924e-05,0.000000000000000000e+00,6.227566581582345134e-03,-2.776618410326936055e-05,-2.776618410314203795e-05,-2.776618410467437137e-05,-2.776618410495718551e-05
1.904880944940941104e-03,0.000000000000000000e+00,7.689752056207118389e-05,1.514580566785119296e-05,0.000000000000000000e+00,6.227566995748599378e-03,-2.096646688372534413e-05,-2.096646688359749298e-05,-2.096646688207681134e-05,-2.096646688235199541e-05
1.909880632460471232e-03,0.000000000000000000e+00,7.776067526571015691e-05,1.498675489395107399e-05,0.000000000000000000e+00,6.227565380456467556e-03,-1.261012172935688306e-05,-1.261012172922870326e-05,-1.261012172789913936e-05,-1.261012172816536859e-05
1.914880319980001144e-03,0.000000000000000000e+00,7.875182647995879008e-05,1.482794933939757555e-05,0.000000000000000000e+00,6.227563412525670937e-03,-3.215610966061009603e-06,-3.215610965932741709e-06,-3.215610965238147587e-06,-3.215610965494459757e-06
1.919880007499531272e-03,0.000000000000000000e+00,7.987559664528615924e-05,1.466938900419070103e-05,0.000000000000000000e+00,6.227562608774433496e-03,6.594071419627710578e-06,6.594071419755842946e-06,6.594071417905509637e-06,6.594071417659585479e-06
1.924879695019061183e-03,0.000000000000000000e+00,8.112984823063216545e-05,1.451107388833045382e-05,0.000000000000000000e+00,6.227563421683085347e-03,1.619852004312723702e-05,1.619852004325532196e-05,1.619852004490565385e-05,1.619852004466986698e-05
1.929879382538591311e-03,0.000000000000000000e+00,8.250616938197124378e-05,1.435300399181682375e-05,0.000000000000000000e+00,6.227565405489333961e-03,2.501954929013348115e-05,2.501954929026187441e-05,2.501954928993941235e-05,2.501954928971285137e-05
1.934879070058121439e-03,0.000000000000000000e+00,8.398911428498972748e-05,1.419517931464982100e-05,0.000000000000000000e+00,6.227567928751947569e-03,3.254674185355929217e-05,3.254674185368842065e-05,3.254674185197366004e-05,3.254674185175500357e-05
1.939878757577651351e-03,0.000000000000000000e+00,8.555873529753952700e-05,1.403759985682944217e-05,0.000000000000000000e+00,6.227570514635062844e-03,3.836359259729589901e-05,3.836359259742673511e-05,3.836359259440308498e-05,3.836359259419037807e-05
1.944878445097181479e-03,0.000000000000000000e+00,8.719061934868880073e-05,1.388026561835568387e-05,0.000000000000000000e+00,6.227572586590498192e-03,4.206814603666593239e-05,4.206814603679968228e-05,4.206814603658381085e-05,4.206814603637448529e-05
1.949878132616711390e-03,0.000000000000000000e+00,8.885501210733214755e-05,1.372317659922855457e-05,0.000000000000000000e+00,6.227573067751825120e-03,4.334733997203648822e-05,4.334733997217472400e-05,4.334733996996596023e-05,4.334733996975712256e-05
1.954877820136241302e-03,0.000000000000000000e+00,9.051488087703047844e-05,1.356633279944804242e-05,0.000000000000000000e+00,6.227570887815223229e-03,4.196155001257206765e-05,4.196155001271650371e-05,4.196155000968775106e-05,4.196155000947648071e-05
1.959877507655771647e-03,0.000000000000000000e+00,9.212703201645405706e-05,1.340973421901415758e-05,0.000000000000000000e+00,6.227566103679890545e-03,3.776426255521851932e-05,3.776426255537103946e-05,3.776426255343236400e-05,3.776426255321580817e-05
1.964877195175301558e-03,0.000000000000000000e+00,9.364934938973209567e-05,1.325338085792689666e-05,0.000000000000000000e+00,6.227560444521090983e-03,3.069460628457897956e-05,3.069460628474128463e-05,3.069460628604316749e-05,3.069460628581869698e-05
1.969876882694831469e-03,0.000000000000000000e+00,9.504656085408407938e-05,1.309727271618625627e-05,0.000000000000000000e+00,6.227556400150852101e-03,2.086448708012195540e-05,2.086448708029560393e-05,2.086448707941908069e-05,2.086448707918469312e-05
1.974876570214361381e-03,0.000000000000000000e+00,9.629657049324526956e-05,1.294140979379224319e-05,0.000000000000000000e+00,6.227555705605935729e-03,8.678463328161499496e-06,8.678463328347638375e-06,8.678463328303889123e-06,8.678463328058059833e-06
1.979876257733891726e-03,0.000000000000000000e+00,9.739279490103382240e-05,1.278579209074485234e-05,0.000000000000000000e+00,6.227558329692828819e-03,-5.185436830004655636e-06,-5.185436829805392829e-06,-5.185436827736691039e-06,-5.185436827994632900e-06
1.984875945253421637e-03,0.000000000000000000e+00,9.834583687439968868e-05,1.263041960704408372e-05,0.000000000000000000e+00,6.227562754699125097e-03,-1.972696589511202840e-05,-1.972696589489969418e-05,-1.972696589130365307e-05,-1.972696589157355165e-05
1.989875632772951548e-03,0.000000000000000000e+00,9.918091638052255318e-05,1.247529234268994240e-05,0.000000000000000000e+00,6.227567052010492092e-03,-3.375969593846528280e-05,-3.375969593824042604e-05,-3.375969593738454330e-05,-3.375969593766562271e-05
1.994875320292481893e-03,0.000000000000000000e+00,9.993323846895101384e-05,1.232041029768242162e-05,0.000000000000000000e+00,6.227569822398530859e-03,-4.603482021604240391e-05,-4.603482021580628501e-05,-4.603482021441040182e-05,-4.603482021470111030e-05
1.999875007812011805e-03,0.000000000000000000e+00,1.006451361980074309e-04,1.216577347202152476e-05,0.000000000000000000e+00,6.227570432027164891e-03,-5.548171932107124005e-05,-5.548171932082564793e-05,-5.548171931842829397e-05,-5.548171931872660542e-05
2.004874695331541716e-03,0.000000000000000000e+00,1.013598962307258260e-04,1.201138186570725691e-05,0.000000000000000000e+00,6.227568913008360921e-03,-6.136110143175601758e-05,-6.136110143150301901e-05,-6.136110143062177948e-05,-6.136110143092536964e-05
2.009874382851071627e-03,0.000000000000000000e+00,1.021154467233437895e-04,1.185723547873960620e-05,0.000000000000000000e+00,6.227565822078865929e-03,-6.333225584364774992e-05,-6.333225584338965559e-05,-6.333225584436894765e-05,-6.333225584467542450e-05
2.014874070370601972e-03,0.000000000000000000e+00,1.029368759034268071e-04,1.170333431111858280e-05,0.000000000000000000e+00,6.227562179008765131e-03,-6.149232940132342445e-05,-6.149232940106282290e-05,-6.149232940259191389e-05,-6.149232940289847205e-05
2.019873757890131884e-03,0.000000000000000000e+00,1.038352709484852712e-04,1.154967836284418501e-05,0.000000000000000000e+00,6.227559289969806545e-03,-5.630339855421073161e-05,-5.630339855395037401e-05,-5.630339855420079083e-05,-5.630339855450469270e-05
2.024873445409661795e-03,0.000000000000000000e+00,1.048091483185468895e-04,1.139626763391640607e-05,0.000000000000000000e+00,6.227558274570948668e-03,-4.857067406541201894e-05,-4.857067406515445316e-05,-4.857067406666021347e-05,-4.857067406695880275e-05
2.029873132929191706e-03,0.000000000000000000e+00,1.058462500272769476e-04,1.124310212433525443e-05,0.000000000000000000e+00,6.227559443694613735e-03,-3.923198988031849235e-05,-3.923198988006625949e-05,-3.923198988186543201e-05,-3.923198988215599142e-05
2.034872820448722051e-03,0.000000000000000000e+00,1.069265166472227918e-04,1.109018183410072671e-05,0.000000000000000000e+00,6.227562054555779887e-03,-2.922326139528800819e-05,-2.922326139504344945e-05,-2.922326139542414671e-05,-2.922326139570424357e-05
2.039872507968251963e-03,0.000000000000000000e+00,1.080220607786819634e-04,1.093750676321281953e-05,0.000000000000000000e+00,6.227564741126325777e-03,-1.935451485851129137e-05,-1.935451485827620246e-05,-1.935451485604883784e-05,-1.935451485631654091e-05
2.044872195487781874e-03,0.000000000000000000e+00,1.090968179875094468e-04,1.078507691167153966e-05,0.000000000000000000e+00,6.227566358335913377e-03,-1.023922154762259851e-05,-1.023922154739832790e-05,-1.023922154668399452e-05,-1.023922154693779948e-05
2.049871883007312219e-03,0.000000000000000000e+00,1.101026131417935194e-04,1.063289227947688371e-05,0.000000000000000000e+00,6.227566679748253696e-03,-2.310137550863843340e-06,-2.310137550651248235e-06,-2.310137549636390956e-06,-2.310137549875350809e-06
2.054871570526842130e-03,0.000000000000000000e+00,1.109804519577880057e-04,1.048095286662884829e-05,0.000000000000000000e+00,6.227566394197121477e-03,4.131664054753146143e-06,4.131664054953930221e-06,4.131664057503177520e-06,4.131664057279186433e-06
2.059871258046372042e-03,0.000000000000000000e+00,1.116658725692563063e-04,1.032925867312744188e-05,0.000000000000000000e+00,6.227566362089314612e-03,8.794154757767128631e-06,8.794154757956518421e-06,8.794154760850663984e-06,8.794154760641084316e-06
2.064870945565901953e-03,0.000000000000000000e+00,1.120950806019887911e-04,1.017780969897265430e-05,0.000000000000000000e+00,6.227566779801872732e-03,1.149055981498029480e-05,1.149055981515941516e-05,1.149055981435426630e-05,1.149055981415772247e-05
2.069870633085432298e-03,0.000000000000000000e+00,1.122107803033486667e-04,1.002660594416449234e-05,0.000000000000000000e+00,6.227567181350903737e-03,1.218845213970448703e-05,1.218845213987522346e-05,1.218845214014737684e-05,1.218845213996171908e-05
2.074870320604962209e-03,0.000000000000000000e+00,1.119666945045999393e-04,9.875647408702957692e-06,0.000000000000000000e+00,6.227567017381853594e-03,1.107443289465638310e-05,1.107443289482081591e-05,1.107443289445998495e-05,1.107443289428277380e-05
2.079870008124492121e-03,0.000000000000000000e+00,1.113353229405270798e-04,9.724934092588040187e-06,0.000000000000000000e+00,6.227566211826398787e-03,8.560046288000036825e-06,8.560046288160637660e-06,8.560046287351672067e-06,8.560046287180339325e-06
2.084869695644022032e-03,0.000000000000000000e+00,1.103110324325204226e-04,9.574465995819749991e-06,0.000000000000000000e+00,6.227565187888852057e-03,5.236083531104019262e-06,5.236083531263351242e-06,5.236083529066976175e-06,5.236083528898906203e-06
2.089869383163552377e-03,0.000000000000000000e+00,1.089124384089143320e-04,9.424243118398087105e-06,0.000000000000000000e+00,6.227564521123391504e-03,1.820869416304992660e-06,1.820869416465651093e-06,1.820869416184802073e-06,1.820869416017679084e-06
2.094869070683082288e-03,0.000000000000000000e+00,1.071826106333851426e-04,9.274265460323041364e-06,0.000000000000000000e+00,6.227564447931907381e-03,-9.995229912069559735e-07,-9.995229910426137941e-07,-9.995229913182755846e-07,-9.995229914862396769e-07
2.099868758202612200e-03,0.000000000000000000e+00,1.051853311127945076e-04,9.124533021594622933e-06,0.000000000000000000e+00,6.227564732870946758e-03,-2.616282127581310147e-06,-2.616282127411004009e-06,-2.616282126760862176e-06,-2.616282126931036178e-06
2.104868445722142545e-03,0.000000000000000000e+00,1.029961055614459924e-04,8.975045802212830117e-06,0.000000000000000000e+00,6.227564766534780631e-03,-2.601277662603390325e-06,-2.601277662425059397e-06,-2.601277661552554475e-06,-2.601277661725776100e-06
2.109868133241672456e-03,0.000000000000000000e+00,1.006903431865613087e-04,8.825803802177656140e-06,0.000000000000000000e+00,6.227563922137247833e-03,-7.235508530582221475e-07,-7.235508528703197466e-07,-7.235508509296554561e-07,-7.235508511059907750e-07
2.114867820761202367e-03,0.000000000000000000e+00,9.833901172466175003e-05,8.676807021489111167e-06,0.000000000000000000e+00,6.227562162732690025e-03,2.992835298062517272e-06,2.992835298261217649e-06,2.992835300903943504e-06,2.992835300724989159e-06
2.119867508280732279e-03,0.000000000000000000e+00,9.600569609707680326e-05,8.528055460147186727e-06,0.000000000000000000e+00,6.227560420726896070e-03,8.266770298521669623e-06,8.266770298731926917e-06,8.266770300897661414e-06,8.266770300717206127e-06
2.124867195800262624e-03,0.000000000000000000e+00,9.374589679720690715e-05,8.379549118151886209e-06,0.000000000000000000e+00,6.227559982540293616e-03,1.466123262942857750e-05,1.466123262965076610e-05,1.466123263037974638e-05,1.466123263019921824e-05
2.129866883319792535e-03,0.000000000000000000e+00,9.160709503944731926e-05,8.231287995503213000e-06,0.000000000000000000e+00,6.227561384746039229e-03,2.162549341803002344e-05,2.162549341826395700e-05,2.162549342002830630e-05,2.162549341984960606e-05
2.134866570839322446e-03,0.000000000000000000e+00,8.963147873031938005e-05,8.083272092201160324e-06,0.000000000000000000e+00,6.227563960054368665e-03,2.858781440910295027e-05,2.858781440934812565e-05,2.858781441079446151e-05,2.858781441061959664e-05
2.139866258358852358e-03,0.000000000000000000e+00,8.785823591355524992e-05,7.935501408245731569e-06,0.000000000000000000e+00,6.227566452562937997e-03,3.498109370056782884e-05,3.498109370082339562e-05,3.498109370072133154e-05,3.498109370055238574e-05
2.144865945878382703e-03,0.000000000000000000e+00,8.632132267617179545e-05,7.787975943636930124e-06,0.000000000000000000e+00,6.227568072788263430e-03,4.030658267467985753e-05,4.030658267494453161e-05,4.030658267470162289e-05,4.030658267454076117e-05
2.149865633397912614e-03,0.000000000000000000e+00,8.505106705967168149e-05,7.640695698374747519e-06,0.000000000000000000e+00,6.227568735907306613e-03,4.411209229999872637e-05,4.411209230027100342e-05,4.411209230067110790e-05,4.411209230052022762e-05
2.154865320917442525e-03,0.000000000000000000e+00,8.407440790926408696e-05,7.493660672459191375e-06,0.000000000000000000e+00,6.227568366234971335e-03,4.601468756757746173e-05,4.601468756785568833e-05,4.601468756808491578e-05,4.601468756794554159e-05
2.159865008436972437e-03,0.000000000000000000e+00,8.341272343167469320e-05,7.346870865890258306e-06,0.000000000000000000e+00,6.227566575187496942e-03,4.584146663355563855e-05,4.584146663383804611e-05,4.584146663322609530e-05,4.584146663309946726e-05
2.164864695956502782e-03,0.000000000000000000e+00,8.307480462324913007e-05,7.200326278667950006e-06,0.000000000000000000e+00,6.227563517460955357e-03,4.369662771306927738e-05,4.369662771335425992e-05,4.369662771428140186e-05,4.369662771416805530e-05
2.169864383476032693e-03,0.000000000000000000e+00,8.305395412219925000e-05,7.054026910792265627e-06,0.000000000000000000e+00,6.227560545031559855e-03,4.004231911901933003e-05,4.004231911930543743e-05,4.004231911921813205e-05,4.004231911911806696e-05
2.174864070995562604e-03,0.000000000000000000e+00,8.333034813294809117e-05,6.907972762263204322e-06,0.000000000000000000e+00,6.227559558039752995e-03,3.561046256964505612e-05,3.561046256993106188e-05,3.561046257076173693e-05,3.561046257067441122e-05
2.179863758515092950e-03,0.000000000000000000e+00,8.387187223643353560e-05,6.762163833080766938e-06,0.000000000000000000e+00,6.227561404877492157e-03,3.130582310933890640e-05,3.130582310962369921e-05,3.130582310980630596e-05,3.130582310973080483e-05
2.184863446034622861e-03,0.000000000000000000e+00,8.463873025585033562e-05,6.616600123244954323e-06,0.000000000000000000e+00,6.227564982208964872e-03,2.802460839031458581e-05,2.802460839059744060e-05,2.802460839185007358e-05,2.802460839178488931e-05
2.189863133554152772e-03,0.000000000000000000e+00,8.558911427898203950e-05,6.471281632755764783e-06,0.000000000000000000e+00,6.227568019642869962e-03,2.649778792423630063e-05,2.649778792451690232e-05,2.649778792541847741e-05,2.649778792536168555e-05
2.194862821073682684e-03,0.000000000000000000e+00,8.668465117825374655e-05,6.326208361613199163e-06,0.000000000000000000e+00,6.227569085665942729e-03,2.717372117530703231e-05,2.717372117558532668e-05,2.717372117703359717e-05,2.717372117698291749e-05
2.199862508593213029e-03,0.000000000000000000e+00,8.788803903166685137e-05,6.181380309817257465e-06,0.000000000000000000e+00,6.227568513624124301e-03,3.008807890288155704e-05,3.008807890315795406e-05,3.008807890336336971e-05,3.008807890331627468e-05
2.204862196112742940e-03,0.000000000000000000e+00,8.916072127504743997e-05,6.036797477367940536e-06,0.000000000000000000e+00,6.227567529321437201e-03,3.488850090903103911e-05,3.488850090930600633e-05,3.488850091012436891e-05,3.488850091007825643e-05
2.209861883632272851e-03,0.000000000000000000e+00,9.046447504728293010e-05,5.892459864265245834e-06,0.000000000000000000e+00,6.227566858827979571e-03,4.083158792405547084e-05,4.083158792432950294e-05,4.083158792496144373e-05,4.083158792491379304e-05
2.214861571151802763e-03,0.000000000000000000e+00,9.176004106312035430e-05,5.748367470509175900e-06,0.000000000000000000e+00,6.227566246490847182e-03,4.696055576678992053e-05,4.696055576706359349e-05,4.696055576770056904e-05,4.696055576764903555e-05
2.219861258671333108e-03,0.000000000000000000e+00,9.300481690943700674e-05,5.604520296099729887e-06,0.000000000000000000e+00,6.227565037894889494e-03,5.233114740209475257e-05,5.233114740236864237e-05,5.233114740165205927e-05,5.233114740159437972e-05
2.224860946190863019e-03,0.000000000000000000e+00,9.415099542292008786e-05,5.460918341036906949e-06,0.000000000000000000e+00,6.227563136138202469e-03,5.622291453300758276e-05,5.622291453328234670e-05,5.622291453376283122e-05,5.622291453369695916e-05
2.229860633710392930e-03,0.000000000000000000e+00,9.515022366203074525e-05,5.317561605320707933e-06,0.000000000000000000e+00,6.227561133335324933e-03,5.822561740725691745e-05,5.822561740753313150e-05,5.822561740734011641e-05,5.822561740726423581e-05
2.234860321229923275e-03,0.000000000000000000e+00,9.595653454423847721e-05,5.174450088951133684e-06,0.000000000000000000e+00,6.227559568021881833e-03,5.821325796619979966e-05,5.821325796647810081e-05,5.821325796729841495e-05,5.821325796721091305e-05
2.239860008749453187e-03,0.000000000000000000e+00,9.653024743879497075e-05,5.031583791928183357e-06,0.000000000000000000e+00,6.227558627500752973e-03,5.637682436949788018e-05,5.637682436977895959e-05,5.637682436993178466e-05,5.637682436983138077e-05
2.244859696268983098e-03,0.000000000000000000e+00,9.684615386805593836e-05,4.888962714251855258e-06,0.000000000000000000e+00,6.227558465288406120e-03,5.311455282323766742e-05,5.311455282352199267e-05,5.311455282442509920e-05,5.311455282431089883e-05
2.249859383788513009e-03,0.000000000000000000e+00,9.689965245222219520e-05,4.746586855922151927e-06,0.000000000000000000e+00,6.227559440523173194e-03,4.899181977808920812e-05,4.899181977837737550e-05,4.899181977903449011e-05,4.899181977890584952e-05
2.254859071308043354e-03,0.000000000000000000e+00,9.670670433569417102e-05,4.604456216939073364e-06,0.000000000000000000e+00,6.227561853851659897e-03,4.466565242744727942e-05,4.466565242773982427e-05,4.466565242861601548e-05,4.466565242847250099e-05
2.259858758827573266e-03,0.000000000000000000e+00,9.629621334181226195e-05,4.462570797302617875e-06,0.000000000000000000e+00,6.227565488741452701e-03,4.081933473764655373e-05,4.081933473794408592e-05,4.081933473918802495e-05,4.081933473902944683e-05
2.264858446347103177e-03,0.000000000000000000e+00,9.570601346887458352e-05,4.320930597012785461e-06,0.000000000000000000e+00,6.227569255924579779e-03,3.806053435021277759e-05,3.806053435051579177e-05,3.806053435199681194e-05,3.806053435182319051e-05
2.269858133866633088e-03,0.000000000000000000e+00,9.497696638553834454e-05,4.179535616069577816e-06,0.000000000000000000e+00,6.227571777512951913e-03,3.679896524765472279e-05,3.679896524796372041e-05,3.679896525010377964e-05,3.679896524991531820e-05
2.274857821386163433e-03,0.000000000000000000e+00,9.414544735716667877e-05,4.038385854472994091e-06,0.000000000000000000e+00,6.227572184525460679e-03,3.728414646617369340e-05,3.728414646648896583e-05,3.728414646798430425e-05,3.728414646778142969e-05
2.279857508905693345e-03,0.000000000000000000e+00,9.323935421465548380e-05,3.897481312223033441e-06,0.000000000000000000e+00,6.227570401601317286e-03,3.956714354464628504e-05,3.956714354496827275e-05,3.956714354661714774e-05,3.956714354640002948e-05
2.284857196425223256e-03,0.000000000000000000e+00,9.227972725474426169e-05,3.756821989319697560e-06,0.000000000000000000e+00,6.227567109054504835e-03,4.351885114418853513e-05,4.351885114451767181e-05,4.351885114555163476e-05,4.351885114532048963e-05
2.289856883944753601e-03,0.000000000000000000e+00,9.128501274125316596e-05,3.616407885762984752e-06,0.000000000000000000e+00,6.227563701012548553e-03,4.874948734909044902e-05,4.874948734942747327e-05,4.874948735039553028e-05,4.874948735015007369e-05
2.294856571464283512e-03,0.000000000000000000e+00,9.027195877194844767e-05,3.476239001552896290e-06,0.000000000000000000e+00,6.227561584361967183e-03,5.464799663205901928e-05,5.464799663240482556e-05,5.464799663156729971e-05,5.464799663130697599e-05
2.299856258983813424e-03,0.000000000000000000e+00,8.926159315196650651e-05,3.336315336689431326e-06,0.000000000000000000e+00,6.227561297290272642e-03,6.042625545283730992e-05,6.042625545319273172e-05,6.042625545105264538e-05,6.042625545077673626e-05
2.304855946503343335e-03,0.000000000000000000e+00,8.828526241773013671e-05,3.196636891172590706e-06,0.000000000000000000e+00,6.227562221406854510e-03,6.515508474631097053e-05,6.515508474667694298e-05,6.515508474400874854e-05,6.515508474371640697e-05
2.309855634022873680e-03,0.000000000000000000e+00,8.738556693860667461e-05,3.057203665002373161e-06,0.000000000000000000e+00,6.227563137646714535e-03,6.796371247351708667e-05,6.796371247389478205e-05,6.796371247287232519e-05,6.796371247256236534e-05
2.314855321542403591e-03,0.000000000000000000e+00,8.661151348213135480e-05,2.918015658178779961e-06,0.000000000000000000e+00,6.227563413780055554e-03,6.821077790083448578e-05,6.821077790122496119e-05,6.821077789896353230e-05,6.821077789863474799e-05
2.319855009061933503e-03,0.000000000000000000e+00,8.601282055278046976e-05,2.779072870701810258e-06,0.000000000000000000e+00,6.227563660115223096e-03,6.562012826051810384e-05,6.562012826092245704e-05,6.562012826057776207e-05,6.562012826022898778e-05
2.324854696581463414e-03,0.000000000000000000e+00,8.563606142830340736e-05,2.640375302571464900e-06,0.000000000000000000e+00,6.227564893962156574e-03,6.022187461940067170e-05,6.022187461981990558e-05,6.022187462050058803e-05,6.022187462013106483e-05
2.329854384100993759e-03,0.000000000000000000e+00,8.551610643285599014e-05,2.501922953787743041e-06,0.000000000000000000e+00,6.227567132578623252e-03,5.238315696584913510e-05,5.238315696628403570e-05,5.238315696920533714e-05,5.238315696881452291e-05
2.334854071620523670e-03,0.000000000000000000e+00,8.567089052945999969e-05,2.363715824350645102e-06,0.000000000000000000e+00,6.227569350991959095e-03,4.276680941417001038e-05,4.276680941462084875e-05,4.276680941580166689e-05,4.276680941538996144e-05
2.339853759140053582e-03,0.000000000000000000e+00,8.610120896049989873e-05,2.225753914260171085e-06,0.000000000000000000e+00,6.227570408345769505e-03,3.217802430756524059e-05,3.217802430803182022e-05,3.217802431140324851e-05,3.217802431097158020e-05
2.344853446659583927e-03,0.000000000000000000e+00,8.679401775614024991e-05,2.088037223516320566e-06,0.000000000000000000e+00,6.227569889955013836e-03,2.148477508309692686e-05,2.148477508357888184e-05,2.148477508570349119e-05,2.148477508525354051e-05
2.349853134179113838e-03,0.000000000000000000e+00,8.772345990794165919e-05,1.950565752119094392e-06,0.000000000000000000e+00,6.227568011520511274e-03,1.150704410016525485e-05,1.150704410066178557e-05,1.150704410203454476e-05,1.150704410156840220e-05
2.354852821698643749e-03,0.000000000000000000e+00,8.885186377571117487e-05,1.813339500068491504e-06,0.000000000000000000e+00,6.227564996839988695e-03,2.948799857707981741e-06,2.948799858217776991e-06,2.948799857157042713e-06,2.948799856677447576e-06
2.359852509218173661e-03,0.000000000000000000e+00,9.013583095816928806e-05,1.676358467364512749e-06,0.000000000000000000e+00,6.227560981467775147e-03,-3.738078447818059448e-06,-3.738078447296427760e-06,-3.738078447531425192e-06,-3.738078448021428670e-06
2.364852196737704006e-03,0.000000000000000000e+00,9.152890065918326955e-05,1.539622654007157915e-06,0.000000000000000000e+00,6.227556928477841897e-03,-8.274210421469830454e-06,-8.274210420938149567e-06,-8.274210421763540822e-06,-8.274210422260661071e-06
2.369851884257233917e-03,0.000000000000000000e+00,9.298234767586349356e-05,1.403132059996427003e-06,0.000000000000000000e+00,6.227554767845624485e-03,-1.048138883885882840e-05,-1.048138883831903633e-05,-1.048138883906726796e-05,-1.048138883956831505e-05
2.374851571776763828e-03,0.000000000000000000e+00,9.444634835050326558e-05,1.266886685332319801e-06,0.000000000000000000e+00,6.227555929622100722e-03,-1.031007605676636676e-05,-1.031007605622040490e-05,-1.031007605895297893e-05,-1.031007605945482562e-05
2.379851259296293740e-03,0.000000000000000000e+00,9.587488914946015186e-05,1.130886530014836519e-06,0.000000000000000000e+00,6.227559849972335269e-03,-7.884048730443031879e-06,-7.884048729892562107e-06,-7.884048730475464771e-06,-7.884048730975676690e-06
2.384850946815824085e-03,0.000000000000000000e+00,9.722815772206968286e-05,9.951315940439771596e-07,0.000000000000000000e+00,6.227564129490658316e-03,-3.561876896913031835e-06,-3.561876896359441593e-06,-3.561876896432039093e-06,-3.561876896928701944e-06
2.389850634335353996e-03,0.000000000000000000e+00,9.847176883234827634e-05,8.596218774197415093e-07,0.000000000000000000e+00,6.227566335438724891e-03,2.148095328604319697e-06,2.148095329159907242e-06,2.148095328755914878e-06,2.148095328264147878e-06
2.394850321854883907e-03,0.000000000000000000e+00,9.958042623480503836e-05,7.243573801421297805e-07,0.000000000000000000e+00,6.227565924090923584e-03,8.618915490547397417e-06,8.618915491104116598e-06,8.618915489272202868e-06,8.618915488786068637e-06
2.399850009374414252e-03,0.000000000000000000e+00,1.005409800496627313e-04,5.893381022111418671e-07,0.000000000000000000e+00,6.227564400915851402e-03,1.527575071040680076e-05,1.527575071096422976e-05,1.527575071199988000e-05,1.527575071151946324e-05
2.404849696893944164e-03,0.000000000000000000e+00,1.013531710366664414e-04,4.545640436267777692e-07,0.000000000000000000e+00,6.227563554585093322e-03,2.171177790205398300e-05,2.171177790261224886e-05,2.171177790253468097e-05,2.171177790205929220e-05
2.409849384413474075e-03,0.000000000000000000e+00,1.020269723380199436e-04,3.200352043890375398e-07,0.000000000000000000e+00,6.227564114520636566e-03,2.769974267374918984e-05,2.769974267430881773e-05,2.769974267272092233e-05,2.769974267224933505e-05
2.414849071933003986e-03,0.000000000000000000e+00,1.025829819151529885e-04,1.857515844979211788e-07,0.000000000000000000e+00,6.227565809191613899e-03,3.311190444505916574e-05,3.311190444562131779e-05,3.311190444570646154e-05,3.311190444523665641e-05
2.419848759452534331e-03,0.000000000000000000e+00,1.030521834993169803e-04,5.171318395342862673e-08,0.000000000000000000e+00,6.227567906502520442e-03,3.784561480542438558e-05,3.784561480599065759e-05,3.784561480772910801e-05,3.784561480725864559e-05
2.424848446972064243e-03,0.000000000000000000e+00,1.034704875874485359e-04,-8.207999724444008341e-08,0.000000000000000000e+00,6.227569570557298095e-03,4.187093422154863551e-05,4.187093422212089097e-05,4.187093422226059719e-05,4.187093422178668565e-05
2.429848134491594154e-03,0.000000000000000000e+00,1.038743449970653822e-04,-2.156279590956850111e-07,0.000000000000000000e+00,6.227570100917112321e-03,4.511691628146017018e-05,4.511691628204038775e-05,4.511691628167109494e-05,4.511691628119096956e-05
2.434847822011124065e-03,0.000000000000000000e+00,1.042970933451482015e-04,-3.489307016003059513e-07,0.000000000000000000e+00,6.227568985743203375e-03,4.740784177293776017e-05,4.740784177352815569e-05,4.740784177560579198e-05,4.740784177511643733e-05
2.439847509530654410e-03,0.000000000000000000e+00,1.047658571796979262e-04,-4.819882247583031289e-07,0.000000000000000000e+00,6.227566280468488195e-03,4.844275623214835551e-05,4.844275623275116514e-05,4.844275623507320093e-05,4.844275623457160835e-05
2.444847197050184322e-03,0.000000000000000000e+00,1.052937549217794635e-04,-6.148005285696764911e-07,0.000000000000000000e+00,6.227562948443086076e-03,4.782990420882478403e-05,4.782990420944197290e-05,4.782990421042587282e-05,4.782990420990934535e-05
2.449846884569714233e-03,0.000000000000000000e+00,1.058753747428936565e-04,-7.473676130344260377e-07,0.000000000000000000e+00,6.227560361894306229e-03,4.516915540311661822e-05,4.516915540375002268e-05,4.516915540373492516e-05,4.516915540320112500e-05
2.454846572089244578e-03,0.000000000000000000e+00,1.064869081266963291e-04,-8.796894781525517688e-07,0.000000000000000000e+00,6.227559448023567597e-03,4.019460350867322022e-05,4.019460350932408033e-05,4.019460350988000500e-05,4.019460350932716353e-05
2.459846259608774489e-03,0.000000000000000000e+00,1.070867346747418028e-04,-1.011766123924053473e-06,0.000000000000000000e+00,6.227560324920008474e-03,3.299675945449212641e-05,3.299675945516124178e-05,3.299675945485347066e-05,3.299675945428044948e-05
2.464845947128304401e-03,0.000000000000000000e+00,1.076192298895347775e-04,-1.143597550348931573e-06,0.000000000000000000e+00,6.227562244106247223e-03,2.396064002628450811e-05,2.396064002697208202e-05,2.396064002508923620e-05,2.396064002449567617e-05
2.469845634647834312e-03,0.000000000000000000e+00,1.080227500558928735e-04,-1.275183757427185752e-06,0.000000000000000000e+00,6.227564052430939467e-03,1.365799556648794576e-05,1.365799556719361061e-05,1.365799556411730722e-05,1.365799556350352173e-05
2.474845322167364657e-03,0.000000000000000000e+00,1.082421844078262875e-04,-1.406524745158816009e-06,0.000000000000000000e+00,6.227565134185355546e-03,2.686604084248524365e-06,2.686604084971631309e-06,2.686604084003638669e-06,2.686604083370417167e-06
2.479845009686894568e-03,0.000000000000000000e+00,1.082356973016069141e-04,-1.537620513543822557e-06,0.000000000000000000e+00,6.227565674821903229e-03,-8.435919920122288937e-06,-8.435919919382930818e-06,-8.435919922117519090e-06,-8.435919922768585883e-06
2.484844697206424480e-03,0.000000000000000000e+00,1.079785106842156748e-04,-1.668471062582205183e-06,0.000000000000000000e+00,6.227566160388604659e-03,-1.933579378584176548e-05,-1.933579378508778758e-05,-1.933579378815052997e-05,-1.933579378881722621e-05
2.489844384725954391e-03,0.000000000000000000e+00,1.074658255840550062e-04,-1.799076392273963888e-06,0.000000000000000000e+00,6.227566928100026870e-03,-2.978578506998752126e-05,-2.978578506922094967e-05,-2.978578507110576061e-05,-2.978578507178530465e-05
2.494844072245484736e-03,0.000000000000000000e+00,1.067120615078700498e-04,-1.929436502619099095e-06,0.000000000000000000e+00,6.227567873038102574e-03,-3.957770665340455820e-05,-3.957770665262763925e-05,-3.957770665184108446e-05,-3.957770665253029145e-05
2.499843759765014647e-03,0.000000000000000000e+00,1.057465528840689718e-04,-2.059551393617610169e-06,0.000000000000000000e+00,6.227568518263291823e-03,-4.852721253094580259e-05,-4.852721253016112482e-05,-4.852721253187109460e-05,-4.852721253256635957e-05
2.504843447284544559e-03,0.000000000000000000e+00,1.046068206688334891e-04,-2.189421065269497322e-06,0.000000000000000000e+00,6.227568563192112036e-03,-5.643534376031396739e-05,-5.643534375952430907e-05,-5.643534376085231443e-05,-5.643534376154997820e-05
2.509843134804074904e-03,0.000000000000000000e+00,1.033358219533973664e-04,-2.319045517574760553e-06,0.000000000000000000e+00,6.227567961555149564e-03,-6.309593846973957391e-05,-6.309593846894771330e-05,-6.309593846863821424e-05,-6.309593846933477348e-05
2.514842822323604815e-03,0.000000000000000000e+00,1.019774436785117255e-04,-2.448424750533399863e-06,0.000000000000000000e+00,6.227566650327777224e-03,-6.823720109458776323e-05,-6.823720109379648538e-05,-6.823720109291853912e-05,-6.823720109361068023e-05
2.519842509843134726e-03,0.000000000000000000e+00,1.005726192705313647e-04,-2.577558764145415675e-06,0.000000000000000000e+00,6.227564724794320584e-03,-7.153792503825379004e-05,-7.153792503746585966e-05,-7.153792503821984096e-05,-7.153792503890454174e-05
2.524842197362664638e-03,0.000000000000000000e+00,9.915833225754009978e-05,-2.706447558410807566e-06,0.000000000000000000e+00,6.227562589833021689e-03,-7.277159552214450820e-05,-7.277159552136254093e-05,-7.277159552144701383e-05,-7.277159552212187547e-05
2.529841884882194983e-03,0.000000000000000000e+00,9.776907982560545450e-05,-2.835091133329575535e-06,0.000000000000000000e+00,6.227560619601877658e-03,-7.187645928389191146e-05,-7.187645928311821124e-05,-7.187645928296867266e-05,-7.187645928363219083e-05
2.534841572401724894e-03,0.000000000000000000e+00,9.643792396687361822e-05,-2.963489488901719583e-06,0.000000000000000000e+00,6.227559092320496432e-03,-6.905868647104347711e-05,-6.905868647027994128e-05,-6.905868647003981760e-05,-6.905868647069127403e-05
2.539841259921254805e-03,0.000000000000000000e+00,9.519304240857333831e-05,-3.091642625127239709e-06,0.000000000000000000e+00,6.227558359684338962e-03,-6.475218929770895670e-05,-6.475218929695713025e-05,-6.475218929800205720e-05,-6.475218929864142478e-05
2.544840947440784717e-03,0.000000000000000000e+00,9.405574282046222465e-05,-3.219550542006136338e-06,0.000000000000000000e+00,6.227558883747259626e-03,-5.955145745935044947e-05,-5.955145745861120654e-05,-5.955145745856202442e-05,-5.955145745919059741e-05
2.549840634960315062e-03,0.000000000000000000e+00,9.303681060571165873e-05,-3.347213239538409045e-06,0.000000000000000000e+00,6.227561086494142091e-03,-5.400328958610614365e-05,-5.400328958537998570e-05,-5.400328958563372289e-05,-5.400328958625324278e-05
2.554840322479844973e-03,0.000000000000000000e+00,9.213275181236760128e-05,-3.474630717724057831e-06,0.000000000000000000e+00,6.227564783808904603e-03,-4.851728279880694470e-05,-4.851728279809423085e-05,-4.851728279862539504e-05,-4.851728279923805736e-05
2.559840009999374884e-03,0.000000000000000000e+00,9.132328852204981817e-05,-3.601802976563082696e-06,0.000000000000000000e+00,6.227568649634474852e-03,-4.345819987192733435e-05,-4.345819987122786132e-05,-4.345819987288240805e-05,-4.345819987349078099e-05
2.564839697518905230e-03,0.000000000000000000e+00,9.057330196887922462e-05,-3.728730016055483639e-06,0.000000000000000000e+00,6.227570968471296195e-03,-3.915378427410919331e-05,-3.915378427342266972e-05,-3.915378427421659031e-05,-3.915378427482346570e-05
2.569839385038435141e-03,0.000000000000000000e+00,8.983868407350356134e-05,-3.855411836201260661e-06,0.000000000000000000e+00,6.227570969038217705e-03,-3.591356463558036333e-05,-3.591356463490621997e-05,-3.591356463526018488e-05,-3.591356463586816480e-05
2.574839072557965052e-03,0.000000000000000000e+00,8.907087295048179737e-05,-3.981848437000414185e-06,0.000000000000000000e+00,6.227569102828290661e-03,-3.393160281086374355e-05,-3.393160281020137734e-05,-3.393160281150616722e-05,-3.393160281211759626e-05
2.579838760077494964e-03,0.000000000000000000e+00,8.822362551412434202e-05,-4.108039818452943787e-06,0.000000000000000000e+00,6.227566385767110448e-03,-3.329589842781484940e-05,-3.329589842716394185e-05,-3.329589842873284338e-05,-3.329589842934949014e-05
2.584838447597025309e-03,0.000000000000000000e+00,8.725932897179632282e-05,-4.233985980558849468e-06,0.000000000000000000e+00,6.227563571170670852e-03,-3.391991404043575903e-05,-3.391991403979643889e-05,-3.391991404119754658e-05,-3.391991404182037329e-05
2.589838135116555220e-03,0.000000000000000000e+00,8.615464979330956152e-05,-4.359686923318131228e-06,0.000000000000000000e+00,6.227560907206470577e-03,-3.558840305633042980e-05,-3.558840305570292069e-05,-3.558840305589719617e-05,-3.558840305652654165e-05
2.594837822636085131e-03,0.000000000000000000e+00,8.490282897396806425e-05,-4.485142646730789913e-06,0.000000000000000000e+00,6.227558752303156628e-03,-3.804780364067958707e-05,-3.804780364006481056e-05,-3.804780364022472360e-05,-3.804780364086018127e-05
2.599837510155615043e-03,0.000000000000000000e+00,8.351310177035882129e-05,-4.610353150796823830e-06,0.000000000000000000e+00,6.227558041596747973e-03,-4.099998079684271377e-05,-4.099998079624161853e-05,-4.099998079660807887e-05,-4.099998079724882202e-05
2.604837197675145388e-03,0.000000000000000000e+00,8.200870152625961427e-05,-4.735318435516233826e-06,0.000000000000000000e+00,6.227559414145330575e-03,-4.408628590012934716e-05,-4.408628589954315292e-05,-4.408628589942967084e-05,-4.408628590007471692e-05
2.609836885194675299e-03,0.000000000000000000e+00,8.042064848289778454e-05,-4.860038500889020747e-06,0.000000000000000000e+00,6.227562321824236385e-03,-4.679421757382057936e-05,-4.679421757325090566e-05,-4.679421757258134305e-05,-4.679421757322910642e-05
2.614836572714205210e-03,0.000000000000000000e+00,7.878194785021963489e-05,-4.984513346915183747e-06,0.000000000000000000e+00,6.227565328397962480e-03,-4.857290727777041080e-05,-4.857290727721933794e-05,-4.857290727705085970e-05,-4.857290727769942267e-05
2.619836260233735555e-03,0.000000000000000000e+00,7.712247854475920992e-05,-5.108742973594721979e-06,0.000000000000000000e+00,6.227567155963009693e-03,-4.892904533504526638e-05,-4.892904533451505764e-05,-4.892904533518067646e-05,-4.892904533582789772e-05
2.624835947753265467e-03,0.000000000000000000e+00,7.546848464181320215e-05,-5.232727380927636289e-06,0.000000000000000000e+00,6.227567527321578589e-03,-4.753693862444537333e-05,-4.753693862393851559e-05,-4.753693862451929559e-05,-4.753693862516276958e-05
2.629835635272795378e-03,0.000000000000000000e+00,7.384408963231911083e-05,-5.356466568913928372e-06,0.000000000000000000e+00,6.227567101666965470e-03,-4.429286250779694318e-05,-4.429286250731611307e-05,-4.429286250810573751e-05,-4.429286250874292312e-05
2.634835322792325289e-03,0.000000000000000000e+00,7.227293156187974802e-05,-5.479960537553595686e-06,0.000000000000000000e+00,6.227566445238631905e-03,-3.933406627081788049e-05,-3.933406627036551068e-05,-3.933406627249068924e-05,-3.933406627311914025e-05
2.639835010311855634e-03,0.000000000000000000e+00,7.078079121483964143e-05,-5.603209286846638232e-06,0.000000000000000000e+00,6.227565487795152371e-03,-3.304261396163587139e-05,-3.304261396121415740e-05,-3.304261396312402696e-05,-3.304261396374135135e-05
2.644834697831385546e-03,0.000000000000000000e+00,6.939646047751127594e-05,-5.726212816793058551e-06,0.000000000000000000e+00,6.227564210248215208e-03,-2.590364771503527895e-05,-2.590364771464621977e-05,-2.590364771588286416e-05,-2.590364771648681559e-05
2.649834385350915457e-03,0.000000000000000000e+00,6.815212351546834140e-05,-5.848971127392854948e-06,0.000000000000000000e+00,6.227563193077245360e-03,-1.855243837967426450e-05,-1.855243837931943901e-05,-1.855243837936834331e-05,-1.855243837995694989e-05
2.654834072870445368e-03,0.000000000000000000e+00,6.708036937222737256e-05,-5.971484218646026577e-06,0.000000000000000000e+00,6.227563353908893706e-03,-1.175804669407051898e-05,-1.175804669375085721e-05,-1.175804669460569642e-05,-1.175804669517759612e-05
2.659833760389975713e-03,0.000000000000000000e+00,6.621131969821036239e-05,-6.093752090552574285e-06,0.000000000000000000e+00,6.227565148034382506e-03,-6.340922747399929323e-06,-6.340922747115475330e-06,-6.340922748414059000e-06,-6.340922748968486957e-06
2.664833447909505625e-03,0.000000000000000000e+00,6.556896349621679039e-05,-6.215774743112498918e-06,0.000000000000000000e+00,6.227567960691821926e-03,-2.972342656111056659e-06,-2.972342655861317041e-06,-2.972342655040563291e-06,-2.972342655577473760e-06
2.669833135429035536e-03,0.000000000000000000e+00,6.516614280945041483e-05,-6.337552176325798783e-06,0.000000000000000000e+00,6.227570362884747406e-03,-2.041086541349424828e-06,-2.041086541133437779e-06,-2.041086539731831186e-06,-2.041086540251496487e-06
2.674832822948565881e-03,0.000000000000000000e+00,6.500117453514632829e-05,-6.459084390192474726e-06,0.000000000000000000e+00,6.227571236067527827e-03,-3.596209961834031419e-06,-3.596209961650745771e-06,-3.596209961838128941e-06,-3.596209962340941251e-06
2.679832510468095792e-03,0.000000000000000000e+00,6.505643820123359496e-05,-6.580371384712527595e-06,0.000000000000000000e+00,6.227570356455292347e-03,-7.243774134352640549e-06,-7.243774134200976758e-06,-7.243774134927037307e-06,-7.243774135413330781e-06
2.684832197987625704e-03,0.000000000000000000e+00,6.530193294854135520e-05,-6.701413159885956543e-06,0.000000000000000000e+00,6.227568123397210151e-03,-1.227546785190188002e-05,-1.227546785178095082e-05,-1.227546784969297394e-05,-1.227546785016272825e-05
2.689831885507155615e-03,0.000000000000000000e+00,6.569923902132841439e-05,-6.822209715712760722e-06,0.000000000000000000e+00,6.227565039137694831e-03,-1.780846056732957082e-05,-1.780846056723880955e-05,-1.780846056668606295e-05,-1.780846056713891048e-05
2.694831573026685960e-03,0.000000000000000000e+00,6.620654136166813624e-05,-6.942761052192941827e-06,0.000000000000000000e+00,6.227561414743524627e-03,-2.294474372587095739e-05,-2.294474372580964576e-05,-2.294474372695040263e-05,-2.294474372738588598e-05
2.699831260546215871e-03,0.000000000000000000e+00,6.678307210370702546e-05,-7.063067169326499858e-06,0.000000000000000000e+00,6.227557577172704480e-03,-2.680671580986749260e-05,-2.680671580983498347e-05,-2.680671580949794906e-05,-2.680671580991523476e-05
2.704830948065745783e-03,0.000000000000000000e+00,6.739177910199386297e-05,-7.183128067113433120e-06,0.000000000000000000e+00,6.227554423580434345e-03,-2.865967284239589872e-05,-2.865967284239181602e-05,-2.865967284099398465e-05,-2.865967284139184619e-05
2.709830635585275694e-03,0.000000000000000000e+00,6.800111383785547138e-05,-7.302943745553741614e-06,0.000000000000000000e+00,6.227553331111514330e-03,-2.811103408666412387e-05,-2.811103408668823382e-05,-2.811103408799172943e-05,-2.811103408836844225e-05
2.714830323104806039e-03,0.000000000000000000e+00,6.858547298333258916e-05,-7.422514204647427880e-06,0.000000000000000000e+00,6.227555220667011643e-03,-2.516411373207400233e-05,-2.516411373212564423e-05,-2.516411373358129746e-05,-2.516411373393528608e-05
2.719830010624335950e-03,0.000000000000000000e+00,6.912880761841927696e-05,-7.541839444394490225e-06,0.000000000000000000e+00,6.227559875815392131e-03,-2.019745399200127323e-05,-2.019745399207982368e-05,-2.019745399167056446e-05,-2.019745399200000607e-05
2.724829698143865862e-03,0.000000000000000000e+00,6.962671325791677302e-05,-7.660919464794926955e-06,0.000000000000000000e+00,6.227565975153562076e-03,-1.381903981189610565e-05,-1.381903981200060071e-05,-1.381903981040057919e-05,-1.381903981070361878e-05
2.729829385663395773e-03,0.000000000000000000e+00,7.008669601084481699e-05,-7.779754265848741457e-06,0.000000000000000000e+00,6.227571784723370807e-03,-6.753394500232632897e-06,-6.753394500361939253e-06,-6.753394501388887080e-06,-6.753394501663884797e-06
2.734829073182926118e-03,0.000000000000000000e+00,7.052588296902603999e-05,-7.898343847555928650e-06,0.000000000000000000e+00,6.227575812921764577e-03,3.808950905848794324e-07,3.808950904319832092e-07,3.808950899670298837e-07,3.808950897218646675e-07
2.739828760702456029e-03,0.000000000000000000e+00,7.096766068019639683e-05,-8.016688209916498698e-06,0.000000000000000000e+00,6.227577053076152613e-03,7.172200769778462511e-06,7.172200769602728586e-06,7.172200770314456490e-06,7.172200770101202393e-06
2.744828448221985941e-03,0.000000000000000000e+00,7.143810193829816459e-05,-8.134787352930439742e-06,0.000000000000000000e+00,6.227574927120764318e-03,1.330134788091069008e-05,1.330134788071276898e-05,1.330134788236917579e-05,1.330134788218989618e-05
2.749828135741516286e-03,0.000000000000000000e+00,7.196085357761227395e-05,-8.252641276597758559e-06,0.000000000000000000e+00,6.227569651776461435e-03,1.848538504463234443e-05,1.848538504441275623e-05,1.848538504210191482e-05,1.848538504195838001e-05
2.754827823261046197e-03,0.000000000000000000e+00,7.255457959164819117e-05,-8.370249980918455148e-06,0.000000000000000000e+00,6.227562624425814729e-03,2.249090201289675483e-05,2.249090201265598402e-05,2.249090201098456101e-05,2.249090201087823465e-05
2.759827510780576108e-03,0.000000000000000000e+00,7.322991574051113009e-05,-8.487613465892524428e-06,0.000000000000000000e+00,6.227556196022398377e-03,2.518726508970688723e-05,2.518726508944527941e-05,2.518726509007243277e-05,2.518726509000422629e-05
2.764827198300106020e-03,0.000000000000000000e+00,7.398673794494388660e-05,-8.604731731519971481e-06,0.000000000000000000e+00,6.227552610965156853e-03,2.644308828399869344e-05,2.644308828371661114e-05,2.644308828320415960e-05,2.644308828317443552e-05
2.769826885819636365e-03,0.000000000000000000e+00,7.481217664107649590e-05,-8.721604777800796306e-06,0.000000000000000000e+00,6.227552876951867808e-03,2.617062046495862901e-05,2.617062046465625180e-05,2.617062046172487745e-05,2.617062046173345281e-05
2.774826573339166276e-03,0.000000000000000000e+00,7.568195008707102422e-05,-8.838232604734993822e-06,0.000000000000000000e+00,6.227556369665068932e-03,2.438430624216787095e-05,2.438430624184562235e-05,2.438430624245623823e-05,2.438430624250226262e-05
2.779826260858696187e-03,0.000000000000000000e+00,7.656579704858404445e-05,-8.954615212322570805e-06,0.000000000000000000e+00,6.227561424758423260e-03,2.118891468023380439e-05,2.118891467989206048e-05,2.118891468246828747e-05,2.118891468255046660e-05
2.784825948378226099e-03,0.000000000000000000e+00,7.743245321061313548e-05,-9.070752600563523866e-06,0.000000000000000000e+00,6.227566375619636441e-03,1.682962395402402530e-05,1.682962395366341288e-05,1.682962395328040491e-05,1.682962395339678385e-05
2.789825635897756444e-03,0.000000000000000000e+00,7.825463614334045119e-05,-9.186644769457847924e-06,0.000000000000000000e+00,6.227570145592129479e-03,1.178503602244635105e-05,1.178503602206791028e-05,1.178503602075785863e-05,1.178503602090604196e-05
2.794825323417286355e-03,0.000000000000000000e+00,7.901095849662950960e-05,-9.302291719005556530e-06,0.000000000000000000e+00,6.227572208615656663e-03,6.824868990709666262e-06,6.824868990314335657e-06,6.824868992650679530e-06,6.824868992828126156e-06
2.799825010936816266e-03,0.000000000000000000e+00,7.968653717252237442e-05,-9.417693449206636133e-06,0.000000000000000000e+00,6.227572251873486273e-03,2.798757656186554688e-06,2.798757655775066083e-06,2.798757657329767952e-06,2.798757657534360290e-06
2.804824698456346611e-03,0.000000000000000000e+00,8.027181053258476608e-05,-9.532849960061090121e-06,0.000000000000000000e+00,6.227570245306454817e-03,4.293739886247661551e-07,4.293739881976955312e-07,4.293739869035071148e-07,4.293739871332495552e-07
2.809824385975876523e-03,0.000000000000000000e+00,8.076170862597158986e-05,-9.647761251568925269e-06,0.000000000000000000e+00,6.227566748662938419e-03,1.454698779940300315e-07,1.454698775519330431e-07,1.454698767015390692e-07,1.454698769545410342e-07
2.814824073495406434e-03,0.000000000000000000e+00,8.115717912146449620e-05,-9.762427323730133108e-06,0.000000000000000000e+00,6.227563108527391263e-03,1.982498148894956089e-06,1.982498148438073294e-06,1.982498150852859194e-06,1.982498151127714609e-06
2.819823761014936345e-03,0.000000000000000000e+00,8.146548829596413522e-05,-9.876848176544717026e-06,0.000000000000000000e+00,6.227560913981614391e-03,5.598750396445389965e-06,5.598750395973829783e-06,5.598750398530957876e-06,5.598750398826226785e-06
2.824823448534466690e-03,0.000000000000000000e+00,8.169955763305582490e-05,-9.991023810012680410e-06,0.000000000000000000e+00,6.227561039071190241e-03,1.040220591884189038e-05,1.040220591835577140e-05,1.040220591859221895e-05,1.040220591890685104e-05
2.829823136053996602e-03,0.000000000000000000e+00,8.187509487434497754e-05,-1.010495422413401648e-05,0.000000000000000000e+00,6.227563070431878407e-03,1.581480093023950064e-05,1.581480092973826381e-05,1.581480093222822219e-05,1.581480093256160759e-05
2.834822823573526513e-03,0.000000000000000000e+00,8.200857899259202132e-05,-1.021863941890873033e-05,0.000000000000000000e+00,6.227565773595930380e-03,2.136204381536511355e-05,2.136204381484772211e-05,2.136204381923188672e-05,2.136204381958412029e-05
2.839822511093056424e-03,0.000000000000000000e+00,8.211509392885539831e-05,-1.033207939433682195e-05,0.000000000000000000e+00,6.227567870647812351e-03,2.671944808252313186e-05,2.671944808198806453e-05,2.671944808434007851e-05,2.671944808471173624e-05
2.844822198612586769e-03,0.000000000000000000e+00,8.220593126438857808e-05,-1.044527415041828457e-05,0.000000000000000000e+00,6.227568645605281207e-03,3.176719686004278253e-05,3.176719685948837575e-05,3.176719685789533039e-05,3.176719685828745921e-05
2.849821886132116681e-03,0.000000000000000000e+00,8.228746587404784209e-05,-1.055822368715312835e-05,0.000000000000000000e+00,6.227568137359256080e-03,3.665208693362859762e-05,3.665208693305274396e-05,3.665208693384199571e-05,3.665208693425631002e-05
2.854821573651646592e-03,0.000000000000000000e+00,8.235926039564087000e-05,-1.067092800454134651e-05,0.000000000000000000e+00,6.227566891955326790e-03,4.172658496706695266e-05,4.172658496646731432e-05,4.172658496722039437e-05,4.172658496765900836e-05
2.859821261171176937e-03,0.000000000000000000e+00,8.241315747298792217e-05,-1.078338710258293736e-05,0.000000000000000000e+00,6.227565473379102420e-03,4.736087368067509566e-05,4.736087368004923996e-05,4.736087367693171148e-05,4.736087367739715947e-05
2.864820948690706848e-03,0.000000000000000000e+00,8.243331674503844334e-05,-1.089560098127791107e-05,0.000000000000000000e+00,6.227564117237541393e-03,5.384186476624276701e-05,5.384186476558830870e-05,5.384186476130028911e-05,5.384186476179531549e-05
2.869820636210236760e-03,0.000000000000000000e+00,8.240043985512715823e-05,-1.100756964062625747e-05,0.000000000000000000e+00,6.227562733948797426e-03,6.118797674170483258e-05,6.118797674101963035e-05,6.118797674160810819e-05,6.118797674213540992e-05
2.874820323729766671e-03,0.000000000000000000e+00,8.229908616925984391e-05,-1.111929308062797825e-05,0.000000000000000000e+00,6.227561197300455868e-03,6.908021451106166014e-05,6.908021451034432488e-05,6.908021451128424685e-05,6.908021451184593134e-05
2.879820011249297016e-03,0.000000000000000000e+00,8.212419349835652679e-05,-1.123077130128308019e-05,0.000000000000000000e+00,6.227559799240122568e-03,7.692122798569036224e-05,7.692122798494066354e-05,7.692122798412373075e-05,7.692122798472092286e-05
2.884819698768826927e-03,0.000000000000000000e+00,8.188531485766266708e-05,-1.134200430259155483e-05,0.000000000000000000e+00,6.227559079252342235e-03,8.402425217863128295e-05,8.402425217784970871e-05,8.402425217792937047e-05,8.402425217856246322e-05
2.889819386288356839e-03,0.000000000000000000e+00,8.160586205279040024e-05,-1.145299208455340384e-05,0.000000000000000000e+00,6.227559332970773916e-03,8.972840974185674180e-05,8.972840974104468793e-05,8.972840974587114942e-05,8.972840974653937033e-05
2.894819073807886750e-03,0.000000000000000000e+00,8.132016748644356518e-05,-1.156373464716863402e-05,0.000000000000000000e+00,6.227560517144578936e-03,9.342777615361959060e-05,9.342777615277917129e-05,9.342777615492765342e-05,9.342777615562951170e-05
2.899818761327417095e-03,0.000000000000000000e+00,8.106761609175235030e-05,-1.167423199043723520e-05,0.000000000000000000e+00,6.227562742070976570e-03,9.466213600103673582e-05,9.466213600017034987e-05,9.466213599985765241e-05,9.466213600059107452e-05
2.904818448846947006e-03,0.000000000000000000e+00,8.088722510932266181e-05,-1.178448411435921584e-05,0.000000000000000000e+00,6.227566212772052932e-03,9.315974274750065016e-05,9.315974274661126557e-05,9.315974274679803295e-05,9.315974274756010510e-05
2.909818136366476918e-03,0.000000000000000000e+00,8.081370185877987582e-05,-1.189449101893457256e-05,0.000000000000000000e+00,6.227570529691141624e-03,8.891458425351866229e-05,8.891458425260943680e-05,8.891458425509517357e-05,8.891458425588252119e-05
2.914817823886007263e-03,0.000000000000000000e+00,8.087322264937857167e-05,-1.200425270416330197e-05,0.000000000000000000e+00,6.227573948234608157e-03,8.216258937778769399e-05,8.216258937686182599e-05,8.216258937509162200e-05,8.216258937590055879e-05
2.919817511405537174e-03,0.000000000000000000e+00,8.108007917371799972e-05,-1.211376917004541255e-05,0.000000000000000000e+00,6.227574026800899651e-03,7.331807586441089564e-05,7.331807586347156998e-05,7.331807586051383935e-05,7.331807586134048930e-05
2.924817198925067085e-03,0.000000000000000000e+00,8.143408251401434538e-05,-1.222304041658089750e-05,0.000000000000000000e+00,6.227569710604531454e-03,6.286583663050849895e-05,6.286583662955846680e-05,6.286583663013770181e-05,6.286583663097825665e-05
2.929816886444596997e-03,0.000000000000000000e+00,8.192251796025426947e-05,-1.233206644376975515e-05,0.000000000000000000e+00,6.227562798288404852e-03,5.123264957929122865e-05,5.123264957833304465e-05,5.123264958061228834e-05,5.123264958146332606e-05
2.934816573964127342e-03,0.000000000000000000e+00,8.252361630865764138e-05,-1.244084725161199396e-05,0.000000000000000000e+00,6.227556867114663469e-03,3.875770509156938135e-05,3.875770509060554595e-05,3.875770508987507151e-05,3.875770509073315654e-05
2.939816261483657253e-03,0.000000000000000000e+00,8.321094604436940077e-05,-1.254938284010760715e-05,0.000000000000000000e+00,6.227554653310902501e-03,2.572336112606840117e-05,2.572336112510150967e-05,2.572336112543236752e-05,2.572336112629422015e-05
2.944815949003187164e-03,0.000000000000000000e+00,8.395739502226553142e-05,-1.265767320925659303e-05,0.000000000000000000e+00,6.227556454749386128e-03,1.250562049938971657e-05,1.250562049842220843e-05,1.250562050237899410e-05,1.250562050324171748e-05
2.949815636522717076e-03,0.000000000000000000e+00,8.473627209656708946e-05,-1.276571835905896177e-05,0.000000000000000000e+00,6.227560599592861512e-03,-3.964624213960703681e-07,-3.964624223620335174e-07,-3.964624182691093299e-07,-3.964624174079275443e-07
2.954815324042247421e-03,0.000000000000000000e+00,8.552196000436952043e-05,-1.287351828951470151e-05,0.000000000000000000e+00,6.227565220820461753e-03,-1.235626814183925307e-05,-1.235626814280185181e-05,-1.235626814264184051e-05,-1.235626814178375886e-05
2.959815011561777332e-03,0.000000000000000000e+00,8.628973088957835199e-05,-1.298107300062381732e-05,0.000000000000000000e+00,6.227569189012378305e-03,-2.264886058798795421e-05,-2.264886058894601624e-05,-2.264886058781520693e-05,-2.264886058696115038e-05
2.964814699081307244e-03,0.000000000000000000e+00,8.701904563153445478e-05,-1.308838249238631260e-05,0.000000000000000000e+00,6.227571622086240481e-03,-3.052494494120900118e-05,-3.052494494216199456e-05,-3.052494493898990361e-05,-3.052494493813973325e-05
2.969814386600837589e-03,0.000000000000000000e+00,8.769704539428784050e-05,-1.319544676480218057e-05,0.000000000000000000e+00,6.227571408428260284e-03,-3.531631346784914289e-05,-3.531631346879684401e-05,-3.531631346777677240e-05,-3.531631346693007826e-05
2.974814074120367500e-03,0.000000000000000000e+00,8.832124544722823984e-05,-1.330226581787142631e-05,0.000000000000000000e+00,6.227568057024749672e-03,-3.657666389238120450e-05,-3.657666389332372856e-05,-3.657666389570992879e-05,-3.657666389486579608e-05
2.979813761639897411e-03,0.000000000000000000e+00,8.889956333098945798e-05,-1.340883965159404983e-05,0.000000000000000000e+00,6.227562584459656742e-03,-3.415937470073377488e-05,-3.415937470167164364e-05,-3.415937470159397411e-05,-3.415937470075123053e-05
2.984813449159427323e-03,0.000000000000000000e+00,8.944628982883592264e-05,-1.351516826597004603e-05,0.000000000000000000e+00,6.227557312939290685e-03,-2.833650464848803455e-05,-2.833650464942202729e-05,-2.833650464708447047e-05,-2.833650464624182854e-05
2.989813136678957668e-03,0.000000000000000000e+00,8.997789121514102885e-05,-1.362125166099942171e-05,0.000000000000000000e+00,6.227554524472684629e-03,-1.982409547408298038e-05,-1.982409547501401867e-05,-1.982409547645539770e-05,-1.982409547561177660e-05
2.994812824198487579e-03,0.000000000000000000e+00,9.050785666458229526e-05,-1.372708983668217346e-05,0.000000000000000000e+00,6.227555141768961224e-03,-9.705726461782749337e-06,-9.705726462711641243e-06,-9.705726464403000020e-06,-9.705726463557451074e-06
2.999812511718017490e-03,0.000000000000000000e+00,9.104518236353560179e-05,-1.383268279301829621e-05,0.000000000000000000e+00,6.227558586403209202e-03,7.931471598050706664e-07,7.931471588780193637e-07,7.931471613229884362e-07,7.931471621707422085e-07
3.004812199237547402e-03,0.000000000000000000e+00,9.159327901777622504e-05,-1.393803053000780181e-05,0.000000000000000000e+00,6.227563630257947590e-03,1.057983837117822026e-05,1.057983837025302311e-05,1.057983837286321274e-05,1.057983837371288673e-05
3.009811886757077747e-03,0.000000000000000000e+00,9.214962343907190747e-05,-1.404313304765068010e-05,0.000000000000000000e+00,6.227568929094418754e-03,1.886194759819490976e-05,1.886194759727195555e-05,1.886194759642365545e-05,1.886194759727453731e-05
3.014811574276607658e-03,0.000000000000000000e+00,9.270548221907624854e-05,-1.414799034594693278e-05,0.000000000000000000e+00,6.227573051681490821e-03,2.523770253087488028e-05,2.523770252995487375e-05,2.523770253020938344e-05,2.523770253106055329e-05
3.019811261796137569e-03,0.000000000000000000e+00,9.324534018279017342e-05,-1.425260242489656662e-05,0.000000000000000000e+00,6.227574761967931936e-03,2.968851896550361158e-05,2.968851896458752173e-05,2.968851896744564129e-05,2.968851896829592007e-05
3.024810949315667914e-03,0.000000000000000000e+00,9.374898624073278242e-05,-1.435696928449957315e-05,0.000000000000000000e+00,6.227573470148077724e-03,3.248719519868091131e-05,3.248719519776974103e-05,3.248719519872097258e-05,3.248719519956928624e-05
3.029810636835197826e-03,0.000000000000000000e+00,9.419325802084371562e-05,-1.446109092475595576e-05,0.000000000000000000e+00,6.227569616373919426e-03,3.402256924361070448e-05,3.402256924270570738e-05,3.402256924154302929e-05,3.402256924238827331e-05
3.034810324354727737e-03,0.000000000000000000e+00,9.455562856877875117e-05,-1.456496734566571783e-05,0.000000000000000000e+00,6.227564672051274543e-03,3.467371655404147610e-05,3.467371655314462406e-05,3.467371655320583405e-05,3.467371655404628047e-05
3.039810011874257648e-03,0.000000000000000000e+00,9.481446689391230282e-05,-1.466859854722885260e-05,0.000000000000000000e+00,6.227560532260862161e-03,3.472974635589007433e-05,3.472974635500335281e-05,3.472974635644345790e-05,3.472974635727740588e-05
3.044809699393787993e-03,0.000000000000000000e+00,9.494752895233893113e-05,-1.477198452944536344e-05,0.000000000000000000e+00,6.227558560491868421e-03,3.425746137201988778e-05,3.425746137114536353e-05,3.425746137128437180e-05,3.425746137211012050e-05
3.049809386913317905e-03,0.000000000000000000e+00,9.493111125424559234e-05,-1.487512529231525375e-05,0.000000000000000000e+00,6.227559053352744664e-03,3.307663609146830924e-05,3.307663609060834041e-05,3.307663608920363452e-05,3.307663609001932725e-05
3.054809074432847816e-03,0.000000000000000000e+00,9.474075734882032602e-05,-1.497802083583851506e-05,0.000000000000000000e+00,6.227561142501825825e-03,3.086767622209003666e-05,3.086767622124669000e-05,3.086767622240756560e-05,3.086767622321146085e-05
3.059808761952377727e-03,0.000000000000000000e+00,9.435565270431888396e-05,-1.508067116001515752e-05,0.000000000000000000e+00,6.227563315914137927e-03,2.732464616239799329e-05,2.732464616157305435e-05,2.732464616401906188e-05,2.732464616480969938e-05
3.064808449471908072e-03,0.000000000000000000e+00,9.376224586605971757e-05,-1.518307626484517438e-05,0.000000000000000000e+00,6.227564474781576570e-03,2.223335104449778040e-05,2.223335104369309571e-05,2.223335104341111167e-05,2.223335104418712598e-05
3.069808136991437984e-03,0.000000000000000000e+00,9.295906915562819346e-05,-1.528523615032856731e-05,0.000000000000000000e+00,6.227564548269342790e-03,1.553927508871077740e-05,1.553927508792772932e-05,1.553927508732842302e-05,1.553927508808868591e-05
3.074807824510967895e-03,0.000000000000000000e+00,9.195671593697821145e-05,-1.538715081646533462e-05,0.000000000000000000e+00,6.227564169958409862e-03,7.396777370347828071e-06,7.396777369587170461e-06,7.396777371517168913e-06,7.396777372261546549e-06
3.079807512030498240e-03,0.000000000000000000e+00,9.077545226245258328e-05,-1.548882026325547971e-05,0.000000000000000000e+00,6.227564064375179335e-03,-1.863046125808604037e-06,-1.863046126546720406e-06,-1.863046124778496777e-06,-1.863046124049635090e-06
3.084807199550028151e-03,0.000000000000000000e+00,8.944328357510272125e-05,-1.559024449069900257e-05,0.000000000000000000e+00,6.227564688224166561e-03,-1.178768939532309097e-05,-1.178768939603903540e-05,-1.178768939778054700e-05,-1.178768939706591716e-05
3.089806887069558063e-03,0.000000000000000000e+00,8.799526343588008474e-05,-1.569142349879589643e-05,0.000000000000000000e+00,6.227566036679967575e-03,-2.186294052146727871e-05,-2.186294052216174408e-05,-2.186294052198714009e-05,-2.186294052128493962e-05
3.094806574589087974e-03,0.000000000000000000e+00,8.647461140788842828e-05,-1.579235728754617145e-05,0.000000000000000000e+00,6.227567576181860728e-03,-3.158168482897053117e-05,-3.158168482964421374e-05,-3.158168482849878803e-05,-3.158168482780689086e-05
3.099806262108618319e-03,0.000000000000000000e+00,8.493069653238155146e-05,-1.589304585694982424e-05,0.000000000000000000e+00,6.227568299137469301e-03,-4.052268505919307109e-05,-4.052268505984646553e-05,-4.052268505960943861e-05,-4.052268505892567973e-05
3.104805949628148230e-03,0.000000000000000000e+00,8.341798600260874792e-05,-1.599348920700684464e-05,0.000000000000000000e+00,6.227567145832159541e-03,-4.840565749221053946e-05,-4.840565749284407267e-05,-4.840565749343022625e-05,-4.840565749275238983e-05
3.109805637147678142e-03,0.000000000000000000e+00,8.199243534144337912e-05,-1.609368733771724959e-05,0.000000000000000000e+00,6.227563928021620683e-03,-5.502867625804320519e-05,-5.502867625865697204e-05,-5.502867625741882671e-05,-5.502867625674485953e-05
3.114805324667208053e-03,0.000000000000000000e+00,8.070808762916787912e-05,-1.619364024908102892e-05,0.000000000000000000e+00,6.227559840548611315e-03,-6.018080108933643036e-05,-6.018080108993043085e-05,-6.018080108859936262e-05,-6.018080108792727925e-05
3.119805012186738398e-03,0.000000000000000000e+00,7.961493735665407486e-05,-1.629334794109818264e-05,0.000000000000000000e+00,6.227556784379015276e-03,-6.360343101607238213e-05,-6.360343101664645362e-05,-6.360343101582949374e-05,-6.360343101515778983e-05
3.124804699706268309e-03,0.000000000000000000e+00,7.875798638822488875e-05,-1.639281041376871413e-05,0.000000000000000000e+00,6.227556149360747272e-03,-6.504108277086989999e-05,-6.504108277142339875e-05,-6.504108277125091573e-05,-6.504108277057830381e-05
3.129804387225798221e-03,0.000000000000000000e+00,7.817726265607581062e-05,-1.649202766709262000e-05,0.000000000000000000e+00,6.227558242989423946e-03,-6.429252961983674298e-05,-6.429252962036899137e-05,-6.429252961933773893e-05,-6.429252961866375820e-05
3.134804074745328566e-03,0.000000000000000000e+00,7.790266150093527351e-05,-1.659099970106990365e-05,0.000000000000000000e+00,6.227562478687549523e-03,-6.127190876273198015e-05,-6.127190876324200240e-05,-6.127190876276428937e-05,-6.127190876208910247e-05
3.139803762264858477e-03,0.000000000000000000e+00,7.794999541003371868e-05,-1.668972651570056507e-05,0.000000000000000000e+00,6.227567934879062010e-03,-5.611521168549640293e-05,-5.611521168598349431e-05,-5.611521168616134413e-05,-5.611521168548530341e-05
3.144803449784388388e-03,0.000000000000000000e+00,7.831780963276365295e-05,-1.678820811098459748e-05,0.000000000000000000e+00,6.227573554937791168e-03,-4.919132883622020006e-05,-4.919132883668349320e-05,-4.919132883869983141e-05,-4.919132883802398721e-05
3.149803137303918300e-03,0.000000000000000000e+00,7.898794186649406648e-05,-1.688644448692200767e-05,0.000000000000000000e+00,6.227577955536065836e-03,-4.107302440807274240e-05,-4.107302440851153934e-05,-4.107302440876936262e-05,-4.107302440809524637e-05
3.154802824823448645e-03,0.000000000000000000e+00,7.992771634740145016e-05,-1.698443564351279902e-05,0.000000000000000000e+00,6.227579643822899087e-03,-3.247599239340324300e-05,-3.247599239381673060e-05,-3.247599239447528856e-05,-3.247599239380488570e-05
3.159802512342978556e-03,0.000000000000000000e+00,8.109274518320045333e-05,-1.708218158075695798e-05,0.000000000000000000e+00,6.227577914011682078e-03,-2.419829026440299910e-05,-2.419829026479003895e-05,-2.419829026566930658e-05,-2.419829026500548008e-05
3.164802199862508467e-03,0.000000000000000000e+00,8.243097500603852057e-05,-1.717968229865449810e-05,0.000000000000000000e+00,6.227573422835383163e-03,-1.698060518028818967e-05,-1.698060518064770433e-05,-1.698060518171851661e-05,-1.698060518106441744e-05
3.169801887382038379e-03,0.000000000000000000e+00,8.388191393490119368e-05,-1.727693779720541599e-05,0.000000000000000000e+00,6.227567778573479818e-03,-1.136578640167031201e-05,-1.136578640200139347e-05,-1.136578640171802029e-05,-1.136578640107687565e-05
3.174801574901568724e-03,0.000000000000000000e+00,8.537833886364059287e-05,-1.737394807640970488e-05,0.000000000000000000e+00,6.227562587716040619e-03,-7.640591347006967069e-06,-7.640591347308988524e-06,-7.640591346838790371e-06,-7.640591346213500485e-06
3.179801262421098635e-03,0.000000000000000000e+00,8.685009752979334745e-05,-1.747071313626737493e-05,0.000000000000000000e+00,6.227558590557790395e-03,-5.824982707833729637e-06,-5.824982708106411566e-06,-5.824982707983565531e-06,-5.824982707376645248e-06
3.184800949940628546e-03,0.000000000000000000e+00,8.823244300226471882e-05,-1.756723297677841936e-05,0.000000000000000000e+00,6.227555699780465415e-03,-5.754272340368333277e-06,-5.754272340611899295e-06,-5.754272340266272583e-06,-5.754272339679617564e-06
3.189800637460158891e-03,0.000000000000000000e+00,8.947286208175495384e-05,-1.766350759794283818e-05,0.000000000000000000e+00,6.227553787592154076e-03,-7.152149437627625334e-06,-7.152149437842530298e-06,-7.152149437337271757e-06,-7.152149436772222007e-06
3.194800324979688803e-03,0.000000000000000000e+00,9.053415805758256328e-05,-1.775953699976063816e-05,0.000000000000000000e+00,6.227553168844456033e-03,-9.699441052743667071e-06,-9.699441052931012124e-06,-9.699441052307797469e-06,-9.699441051764869678e-06
3.199800012499218714e-03,0.000000000000000000e+00,9.139634269423802166e-05,-1.785532118223180913e-05,0.000000000000000000e+00,6.227554270107430075e-03,-1.305191093867477694e-05,-1.305191093883622989e-05,-1.305191093913123453e-05,-1.305191093861014494e-05
3.204799700018748625e-03,0.000000000000000000e+00,9.205370475673436991e-05,-1.795086014535635788e-05,0.000000000000000000e+00,6.227557223897554894e-03,-1.679910333071024965e-05,-1.679910333084811951e-05,-1.679910333146490179e-05,-1.679910333096463736e-05
3.209799387538278970e-03,0.000000000000000000e+00,9.251308923446755286e-05,-1.804615388913428779e-05,0.000000000000000000e+00,6.227561625490299693e-03,-2.043974329227841980e-05,-2.043974329239532390e-05,-2.043974329228810647e-05,-2.043974329180715777e-05
3.214799075057808882e-03,0.000000000000000000e+00,9.279061791137362288e-05,-1.814120241356558530e-05,0.000000000000000000e+00,6.227566607936965877e-03,-2.341415514658083414e-05,-2.341415514667957108e-05,-2.341415514674820785e-05,-2.341415514628492826e-05
3.219798762577338793e-03,0.000000000000000000e+00,9.291071505066475977e-05,-1.823600571865026059e-05,0.000000000000000000e+00,6.227571025796472919e-03,-2.524203681003551547e-05,-2.524203681011876526e-05,-2.524203681176705749e-05,-2.524203681131988847e-05
3.224798450096868704e-03,0.000000000000000000e+00,9.290272680733820359e-05,-1.833056380438831704e-05,0.000000000000000000e+00,6.227573564225711428e-03,-2.556385013865186418e-05,-2.556385013872198835e-05,-2.556385013984686165e-05,-2.556385013941457669e-05
3.229798137616399049e-03,0.000000000000000000e+00,9.279456423477299180e-05,-1.842487667077974449e-05,0.000000000000000000e+00,6.227573051689506110e-03,-2.418029870813252798e-05,-2.418029870819176269e-05,-2.418029870862574172e-05,-2.418029870820712109e-05
3.234797825135928961e-03,0.000000000000000000e+00,9.260901151266418810e-05,-1.851894431782454971e-05,0.000000000000000000e+00,6.227569328858419302e-03,-2.108122289445938673e-05,-2.108122289450984618e-05,-2.108122289433514055e-05,-2.108122289392904246e-05
3.239797512655458872e-03,0.000000000000000000e+00,9.236167231347936239e-05,-1.861276674552273270e-05,0.000000000000000000e+00,6.227563803145476536e-03,-1.645636992290936827e-05,-1.645636992295273975e-05,-1.645636992498881722e-05,-1.645636992459432009e-05
3.244797200174989217e-03,0.000000000000000000e+00,9.206434001498409571e-05,-1.870634395387429008e-05,0.000000000000000000e+00,6.227558948453134832e-03,-1.068489606601540911e-05,-1.068489606605305295e-05,-1.068489606641150205e-05,-1.068489606602765890e-05
3.249796887694519128e-03,0.000000000000000000e+00,9.172580240491900539e-05,-1.879967594287922523e-05,0.000000000000000000e+00,6.227557090453023428e-03,-4.316299882171922985e-06,-4.316299882204687067e-06,-4.316299882329758258e-06,-4.316299881955916031e-06
3.254796575214049040e-03,0.000000000000000000e+00,9.135404770571439899e-05,-1.889276271253753476e-05,0.000000000000000000e+00,6.227559110154601285e-03,1.970173994460886404e-06,1.970173994432731029e-06,1.970173994486612489e-06,1.970173994850914583e-06
3.259796262733578951e-03,0.000000000000000000e+00,9.095596545865350651e-05,-1.898560426284921868e-05,0.000000000000000000e+00,6.227563912057449726e-03,7.548895886135072484e-06,7.548895886111853617e-06,7.548895884023172013e-06,7.548895884378102535e-06
3.264795950253109296e-03,0.000000000000000000e+00,9.053456338117856612e-05,-1.907820059381428715e-05,0.000000000000000000e+00,6.227569076148803916e-03,1.199204684421374602e-05,1.199204684419629714e-05,1.199204684458152095e-05,1.199204684492698165e-05
3.269795637772639207e-03,0.000000000000000000e+00,9.008738182865354065e-05,-1.917055170543272323e-05,0.000000000000000000e+00,6.227572109990518225e-03,1.510532200425317372e-05,1.510532200424271964e-05,1.510532200482678274e-05,1.510532200516248222e-05
3.274795325292169119e-03,0.000000000000000000e+00,8.960562775657223604e-05,-1.926265759770453707e-05,0.000000000000000000e+00,6.227571487406450591e-03,1.684962527924484537e-05,1.684962527924323261e-05,1.684962527876973442e-05,1.684962527909500862e-05
3.279795012811699030e-03,0.000000000000000000e+00,8.907794246691115526e-05,-1.935451827062973208e-05,0.000000000000000000e+00,6.227567439425585154e-03,1.724036188272071041e-05,1.724036188273025478e-05,1.724036188172753379e-05,1.724036188204123752e-05
3.284794700331229375e-03,0.000000000000000000e+00,8.848973855572243798e-05,-1.944613372420829809e-05,0.000000000000000000e+00,6.227561946049097949e-03,1.632003530258243083e-05,1.632003530260554128e-05,1.632003530456202815e-05,1.632003530486283326e-05
3.289794387850759286e-03,0.000000000000000000e+00,8.782319744543642742e-05,-1.953750395844024187e-05,0.000000000000000000e+00,6.227557764533341034e-03,1.416322857628382262e-05,1.416322857632295724e-05,1.416322857677025670e-05,1.416322857705676729e-05
3.294794075370289198e-03,0.000000000000000000e+00,8.705715820872787379e-05,-1.962862897332556342e-05,0.000000000000000000e+00,6.227556951320155007e-03,1.096578094042430422e-05,1.096578094048156534e-05,1.096578093966022629e-05,1.096578093993122940e-05
3.299793762889819543e-03,0.000000000000000000e+00,8.616965644719295776e-05,-1.971950876886425935e-05,0.000000000000000000e+00,6.227559736056537468e-03,7.103557509161018396e-06,7.103557509237899341e-06,7.103557507679376506e-06,7.103557507934168251e-06
3.304793450409349454e-03,0.000000000000000000e+00,8.514258030366787669e-05,-1.981014334505632967e-05,0.000000000000000000e+00,6.227564402192351141e-03,3.121339952903940175e-06,3.121339953001283743e-06,3.121339953270299713e-06,3.121339953508628526e-06
3.309793137928879365e-03,0.000000000000000000e+00,8.396495191716717285e-05,-1.990053270190177777e-05,0.000000000000000000e+00,6.227568511236883722e-03,-3.774035457569599133e-07,-3.774035456389851644e-07,-3.774035474464882523e-07,-3.774035472243191335e-07
3.314792825448409277e-03,0.000000000000000000e+00,8.263875053827931649e-05,-1.999067683940060025e-05,0.000000000000000000e+00,6.227570349949211083e-03,-2.828702158133086780e-06,-2.828702157994925542e-06,-2.828702160109380665e-06,-2.828702159902623311e-06
3.319792512967939622e-03,0.000000000000000000e+00,8.117863005366980091e-05,-2.008057575755280388e-05,0.000000000000000000e+00,6.227569505992340548e-03,-3.718645743942617101e-06,-3.718645743785404397e-06,-3.718645745729414468e-06,-3.718645745536619605e-06
3.324792200487469533e-03,0.000000000000000000e+00,7.960944886492556463e-05,-2.017022945635837852e-05,0.000000000000000000e+00,6.227566600680860438e-03,-2.675980228865496721e-06,-2.675980228691116354e-06,-2.675980228606919585e-06,-2.675980228425939138e-06
3.329791888006999444e-03,0.000000000000000000e+00,7.796167238376884210e-05,-2.025963793581732754e-05,0.000000000000000000e+00,6.227562842766715644e-03,4.554152408783114676e-07,4.554152410674674773e-07,4.554152403988603263e-07,4.554152405706589368e-07
3.334791575526529356e-03,0.000000000000000000e+00,7.627035883181992979e-05,-2.034880119592966111e-05,0.000000000000000000e+00,6.227559657997595345e-03,5.560335080992976015e-06,5.560335081194044696e-06,5.560335079660064640e-06,5.560335079825923856e-06
3.339791263046059701e-03,0.000000000000000000e+00,7.457517015157034740e-05,-2.043771923669536567e-05,0.000000000000000000e+00,6.227558404407132139e-03,1.223346808633500864e-05,1.223346808654484242e-05,1.223346808677883358e-05,1.223346808694224317e-05
3.344790950565589612e-03,0.000000000000000000e+00,7.291627161829944425e-05,-2.052639205811444462e-05,0.000000000000000000e+00,6.227559769579876087e-03,1.975459777185019513e-05,1.975459777206551090e-05,1.975459777285057492e-05,1.975459777301510938e-05
3.349790638085119523e-03,0.000000000000000000e+00,7.133264832005973394e-05,-2.061481966018690473e-05,0.000000000000000000e+00,6.227563057175595183e-03,2.719837221450728266e-05,2.719837221472491592e-05,2.719837221291242804e-05,2.719837221308149582e-05
3.354790325604649435e-03,0.000000000000000000e+00,6.985874402072807818e-05,-2.070300204291273922e-05,0.000000000000000000e+00,6.227566445600312209e-03,3.366642704628192829e-05,3.366642704649880260e-05,3.366642704398201699e-05,3.366642704415874195e-05
3.359790013124179780e-03,0.000000000000000000e+00,6.852327754585444384e-05,-2.079093920629194810e-05,0.000000000000000000e+00,6.227568200695401436e-03,3.841173037118571318e-05,3.841173037139881312e-05,3.841173037131519403e-05,3.841173037150244930e-05
3.364789700643709691e-03,0.000000000000000000e+00,6.734651471616498269e-05,-2.087863115032453476e-05,0.000000000000000000e+00,6.227567750690683919e-03,4.093538672395959142e-05,4.093538672416613194e-05,4.093538672317938599e-05,4.093538672337928576e-05
3.369789388163239603e-03,0.000000000000000000e+00,6.634129224131757861e-05,-2.096607787501049579e-05,0.000000000000000000e+00,6.227565804269847780e-03,4.104573613808370835e-05,4.104573613828121611e-05,4.104573613569329328e-05,4.104573613590742321e-05
3.374789075682769948e-03,0.000000000000000000e+00,6.551447566118048392e-05,-2.105327938034983799e-05,0.000000000000000000e+00,6.227563716213749961e-03,3.888498142159801778e-05,3.888498142178452088e-05,3.888498142063656084e-05,3.888498142086554434e-05
3.379788763202299859e-03,0.000000000000000000e+00,6.486293085871529414e-05,-2.114023566634255118e-05,0.000000000000000000e+00,6.227562563940626690e-03,3.488615095666385381e-05,3.488615095683767175e-05,3.488615095775083426e-05,3.488615095799460356e-05
3.384788450721829770e-03,0.000000000000000000e+00,6.436977837741138752e-05,-2.122694673298863876e-05,0.000000000000000000e+00,6.227562838955339082e-03,2.974290776927147575e-05,2.974290776943153787e-05,2.974290776887294336e-05,2.974290776913052269e-05
3.389788138241359682e-03,0.000000000000000000e+00,6.400135386146829782e-05,-2.131341258028810750e-05,0.000000000000000000e+00,6.227564551425903740e-03,2.439105630270136299e-05,2.439105630284708315e-05,2.439105630287862327e-05,2.439105630314835921e-05
3.394787825760890027e-03,0.000000000000000000e+00,6.371048348265816337e-05,-2.139963320824095062e-05,0.000000000000000000e+00,6.227567267104353217e-03,1.980559360409166319e-05,1.980559360422273985e-05,1.980559360417931077e-05,1.980559360445929243e-05
3.399787513280419938e-03,0.000000000000000000e+00,6.343904196012039643e-05,-2.148560861684716474e-05,0.000000000000000000e+00,6.227569975056517805e-03,1.677521516131413081e-05,1.677521516143085534e-05,1.677521516267271406e-05,1.677521516296049520e-05
3.404787200799949849e-03,0.000000000000000000e+00,6.312383712630945977e-05,-2.157133880610676341e-05,0.000000000000000000e+00,6.227571327524524317e-03,1.570351671437320519e-05,1.570351671447639075e-05,1.570351671359147171e-05,1.570351671388420291e-05
3.409786888319479761e-03,0.000000000000000000e+00,6.270555010291691683e-05,-2.165682377601973647e-05,0.000000000000000000e+00,6.227570226495835089e-03,1.659179714827326759e-05,1.659179714836403902e-05,1.659179714749430898e-05,1.659179714778901207e-05
3.414786575839010106e-03,0.000000000000000000e+00,6.213545449432017703e-05,-2.174206352658608052e-05,0.000000000000000000e+00,6.227566737290385346e-03,1.907063639573216510e-05,1.907063639581174554e-05,1.907063639456726441e-05,1.907063639486121872e-05
3.419786263358540017e-03,0.000000000000000000e+00,6.138068430753015447e-05,-2.182705805780580573e-05,0.000000000000000000e+00,6.227562518969585910e-03,2.249471804575540779e-05,2.249471804582487804e-05,2.249471804586097520e-05,2.249471804615179888e-05
3.424785950878069928e-03,0.000000000000000000e+00,6.042673407811554849e-05,-2.191180736967890532e-05,0.000000000000000000e+00,6.227559917739621843e-03,2.611733810578803060e-05,2.611733810584834613e-05,2.611733810328923936e-05,2.611733810357501134e-05
3.429785638397600273e-03,0.000000000000000000e+00,5.928332137890110650e-05,-2.199631146220538269e-05,0.000000000000000000e+00,6.227560303321301276e-03,2.918478226657802578e-05,2.918478226662950167e-05,2.918478226409786588e-05,2.918478226437746807e-05
3.434785325917130185e-03,0.000000000000000000e+00,5.798361422194412979e-05,-2.208057033538523444e-05,0.000000000000000000e+00,6.227563112251969200e-03,3.100960949678671413e-05,3.100960949682929617e-05,3.100960949592024686e-05,3.100960949619305923e-05
3.439785013436660096e-03,0.000000000000000000e+00,5.657857155900667263e-05,-2.216458398921846058e-05,0.000000000000000000e+00,6.227566311550164491e-03,3.103700510842432518e-05,3.103700510845772538e-05,3.103700510830863403e-05,3.103700510857449396e-05
3.444784700956190007e-03,0.000000000000000000e+00,5.512986155742671303e-05,-2.224835242370506788e-05,0.000000000000000000e+00,6.227567886166668516e-03,2.904516001615976395e-05,2.904516001618332501e-05,2.904516001392754075e-05,2.904516001418661764e-05
3.449784388475720352e-03,0.000000000000000000e+00,5.370272109363596945e-05,-2.233187563884504956e-05,0.000000000000000000e+00,6.227567132092946649e-03,2.517706792313600099e-05,2.517706792314868954e-05,2.517706792283873308e-05,2.517706792309178248e-05
3.454784075995250264e-03,0.000000000000000000e+00,5.235992712476022863e-05,-2.241515363463840224e-05,0.000000000000000000e+00,6.227564662014584314e-03,1.983418370493889870e-05,1.983418370493947129e-05,1.983418370542743003e-05,1.983418370567532270e-05
3.459783763514780175e-03,0.000000000000000000e+00,5.115484148638983774e-05,-2.249818641108513947e-05,0.000000000000000000e+00,6.227561749828994415e-03,1.358381637727800964e-05,1.358381637726536005e-05,1.358381637757703260e-05,1.358381637782071212e-05
3.464783451034310086e-03,0.000000000000000000e+00,5.013241306536030486e-05,-2.258097396818525108e-05,0.000000000000000000e+00,6.227559759705230714e-03,7.044247113407439311e-06,7.044247113380396091e-06,7.044247112244332632e-06,7.044247112484853566e-06
3.469783138553840431e-03,0.000000000000000000e+00,4.933017364702450440e-05,-2.266351630593873030e-05,0.000000000000000000e+00,6.227559625518527299e-03,7.710442887501574099e-07,7.710442887078531964e-07,7.710442890882590811e-07,7.710442893265328373e-07
3.474782826073370343e-03,0.000000000000000000e+00,4.877797633000627975e-05,-2.274581342434559407e-05,0.000000000000000000e+00,6.227561220933580839e-03,-4.813388164760978841e-06,-4.813388164819054808e-06,-4.813388164717056795e-06,-4.813388164480239935e-06
3.479782513592900254e-03,0.000000000000000000e+00,4.849644215374768815e-05,-2.282786532340583222e-05,0.000000000000000000e+00,6.227563385681330818e-03,-9.290659807806404417e-06,-9.290659807880407992e-06,-9.290659808570368844e-06,-9.290659808334336337e-06
3.484782201112430599e-03,0.000000000000000000e+00,4.849765958936005900e-05,-2.290967200311944476e-05,0.000000000000000000e+00,6.227564716303735613e-03,-1.224642088955591030e-05,-1.224642088964580761e-05,-1.224642089068118002e-05,-1.224642089044524069e-05
3.489781888631960510e-03,0.000000000000000000e+00,4.878756139892489156e-05,-2.299123346348643508e-05,0.000000000000000000e+00,6.227564728712249933e-03,-1.338820901190726860e-05,-1.338820901201269201e-05,-1.338820901229937201e-05,-1.338820901206288041e-05
3.494781576151490422e-03,0.000000000000000000e+00,4.936229598561433368e-05,-2.307254970450679977e-05,0.000000000000000000e+00,6.227564205902288812e-03,-1.265028590345450690e-05,-1.265028590357458568e-05,-1.265028590295704107e-05,-1.265028590271976003e-05
3.499781263671020333e-03,0.000000000000000000e+00,5.020646307146482701e-05,-2.315362072618054224e-05,0.000000000000000000e+00,6.227564337639828092e-03,-1.025940308087175671e-05,-1.025940308100530670e-05,-1.025940308218234538e-05,-1.025940308194423594e-05
3.504780951190550678e-03,0.000000000000000000e+00,5.129180904001338958e-05,-2.323444652850766248e-05,0.000000000000000000e+00,6.227565576650695954e-03,-6.746408481403987348e-06,-6.746408481549568595e-06,-6.746408482716376809e-06,-6.746408482477717652e-06
3.509780638710080589e-03,0.000000000000000000e+00,5.257764547606108438e-05,-2.331502711148815372e-05,0.000000000000000000e+00,6.227567579228583325e-03,-2.948358483640499919e-06,-2.948358483796561081e-06,-2.948358484287424721e-06,-2.948358484048796481e-06
3.514780326229610501e-03,0.000000000000000000e+00,5.401016130521636921e-05,-2.339536247512202612e-05,0.000000000000000000e+00,6.227569735482003932e-03,1.919799337912922213e-07,1.919799336265002674e-07,1.919799334831340118e-07,1.919799337207953632e-07
3.519780013749140412e-03,0.000000000000000000e+00,5.552599463980245414e-05,-2.347545261940927629e-05,0.000000000000000000e+00,6.227571337262371998e-03,1.785494879208568151e-06,1.785494879036566253e-06,1.785494877129267437e-06,1.785494877364880663e-06
3.524779701268670757e-03,0.000000000000000000e+00,5.706208981117479029e-05,-2.355529754434989407e-05,0.000000000000000000e+00,6.227571328383716374e-03,1.122075700797121708e-06,1.122075700619192273e-06,1.122075699580734115e-06,1.122075699813101511e-06
3.529779388788200668e-03,0.000000000000000000e+00,5.856075979314302857e-05,-2.363489724994389640e-05,0.000000000000000000e+00,6.227568555785813371e-03,-2.240394815210759700e-06,-2.240394815393486729e-06,-2.240394815517394944e-06,-2.240394815289648113e-06
3.534779076307730580e-03,0.000000000000000000e+00,5.997309617005644586e-05,-2.371425173619127311e-05,0.000000000000000000e+00,6.227562948225870074e-03,-8.290999291326573529e-06,-8.290999291513240956e-06,-8.290999291380268642e-06,-8.290999291158464594e-06
3.539778763827260925e-03,0.000000000000000000e+00,6.126104256738149946e-05,-2.379336100309202082e-05,0.000000000000000000e+00,6.227556490674803283e-03,-1.640507150855501775e-05,-1.640507150874504790e-05,-1.640507150976074543e-05,-1.640507150954595143e-05
3.544778451346790836e-03,0.000000000000000000e+00,6.240174942848866876e-05,-2.387222505064614969e-05,0.000000000000000000e+00,6.227552433099445110e-03,-2.544661189463712523e-05,-2.544661189483066549e-05,-2.544661189393560238e-05,-2.544661189372838763e-05
3.549778138866320747e-03,0.000000000000000000e+00,6.338637497791118161e-05,-2.395084387885365295e-05,0.000000000000000000e+00,6.227552887457590836e-03,-3.398334678059594806e-05,-3.398334678079317799e-05,-3.398334678016136595e-05,-3.398334677996202183e-05
3.554777826385850659e-03,0.000000000000000000e+00,6.421661504830891015e-05,-2.402921748771453059e-05,0.000000000000000000e+00,6.227557294928580574e-03,-4.059946716534657712e-05,-4.059946716554800155e-05,-4.059946716487682620e-05,-4.059946716468522057e-05
3.559777513905381004e-03,0.000000000000000000e+00,6.490519874858088250e-05,-2.410734587722878939e-05,0.000000000000000000e+00,6.227563219399908159e-03,-4.420867213854696250e-05,-4.420867213875354367e-05,-4.420867213976259708e-05,-4.420867213957776771e-05
3.564777201424910915e-03,0.000000000000000000e+00,6.547426945215339663e-05,-2.418522904739641918e-05,0.000000000000000000e+00,6.227568483864177190e-03,-4.433107759444098362e-05,-4.433107759465382605e-05,-4.433107759347341449e-05,-4.433107759329424331e-05
3.569776888944440826e-03,0.000000000000000000e+00,6.595214910074804592e-05,-2.426286699821742675e-05,0.000000000000000000e+00,6.227572241269355852e-03,-4.108768861822590588e-05,-4.108768861844605991e-05,-4.108768861818964610e-05,-4.108768861801462199e-05
3.574776576463970738e-03,0.000000000000000000e+00,6.636892968957123010e-05,-2.434025972969181548e-05,0.000000000000000000e+00,6.227574411447718387e-03,-3.500361681052456872e-05,-3.500361681075326084e-05,-3.500361681113937234e-05,-3.500361681096677413e-05
3.579776263983501083e-03,0.000000000000000000e+00,6.675920757999778948e-05,-2.441740724181957182e-05,0.000000000000000000e+00,6.227574558257875301e-03,-2.690570103226757950e-05,-2.690570103250618190e-05,-2.690570103338237989e-05,-2.690570103321016454e-05
3.584775951503030994e-03,0.000000000000000000e+00,6.716314739458872907e-05,-2.449430953460070932e-05,0.000000000000000000e+00,6.227572078763733178e-03,-1.781953484848405097e-05,-1.781953484873380372e-05,-1.781953484824886041e-05,-1.781953484807516445e-05
3.589775639022560905e-03,0.000000000000000000e+00,6.762290295471169027e-05,-2.457096660803522459e-05,0.000000000000000000e+00,6.227567326701178956e-03,-8.832664482952091986e-06,-8.832664483214274095e-06,-8.832664483566463618e-06,-8.832664483389462531e-06
3.594775326542091250e-03,0.000000000000000000e+00,6.817957130835953323e-05,-2.464737846212311086e-05,0.000000000000000000e+00,6.227562077278726675e-03,-9.073106712137788753e-07,-9.073106714894495597e-07,-9.073106720755730658e-07,-9.073106718937117039e-07
3.599775014061621162e-03,0.000000000000000000e+00,6.886992974822932754e-05,-2.472354509686437829e-05,0.000000000000000000e+00,6.227558399934243066e-03,5.181812298385145479e-06,5.181812298095027377e-06,5.181812297928699752e-06,5.181812298116699562e-06
3.604774701581151073e-03,0.000000000000000000e+00,6.972116979171872210e-05,-2.479946651225902010e-05,0.000000000000000000e+00,6.227557302276693144e-03,8.884003840913777810e-06,8.884003840608588451e-06,8.884003840981572633e-06,8.884003841176493549e-06
3.609774389100680984e-03,0.000000000000000000e+00,7.074041986054852666e-05,-2.487514270830703630e-05,0.000000000000000000e+00,6.227558341806719439e-03,9.902413951268991982e-06,9.902413950948674615e-06,9.902413950863276753e-06,9.902413951065311052e-06
3.614774076620211329e-03,0.000000000000000000e+00,7.191146920418420990e-05,-2.495057368500843366e-05,0.000000000000000000e+00,6.227560329435047858e-03,8.140609538650684900e-06,8.140609538315639324e-06,8.140609538506426719e-06,8.140609538715247445e-06
3.619773764139741241e-03,0.000000000000000000e+00,7.319568265186887732e-05,-2.502575944236320202e-05,0.000000000000000000e+00,6.227562343343200080e-03,3.646546573495412639e-06,3.646546573146595154e-06,3.646546573028454386e-06,3.646546573243153522e-06
3.624773451659271152e-03,0.000000000000000000e+00,7.453273994843332014e-05,-2.510069998037134476e-05,0.000000000000000000e+00,6.227564102893306391e-03,-3.391867756905728529e-06,-3.391867757266459533e-06,-3.391867757136680109e-06,-3.391867756917809337e-06
3.629773139178801063e-03,0.000000000000000000e+00,7.584434209046810927e-05,-2.517539529903287205e-05,0.000000000000000000e+00,6.227565663252310722e-03,-1.247799522906585190e-05,-1.247799522943580540e-05,-1.247799522995817400e-05,-1.247799522973754564e-05
3.634772826698331408e-03,0.000000000000000000e+00,7.704492159751577974e-05,-2.524984539834776695e-05,0.000000000000000000e+00,6.227566965248034631e-03,-2.274115992443670472e-05,-2.274115992481250614e-05,-2.274115992650590118e-05,-2.274115992628644850e-05
3.639772514217861320e-03,0.000000000000000000e+00,7.805707131332335793e-05,-2.532405027831603962e-05,0.000000000000000000e+00,6.227567666742290543e-03,-3.305482229492748801e-05,-3.305482229530531214e-05,-3.305482229605648806e-05,-3.305482229584144334e-05
3.644772201737391231e-03,0.000000000000000000e+00,7.882002638216538089e-05,-2.539800993893769345e-05,0.000000000000000000e+00,6.227567162420456250e-03,-4.225218398130259947e-05,-4.225218398167816710e-05,-4.225218398266583462e-05,-4.225218398245879944e-05
3.649771889256921576e-03,0.000000000000000000e+00,7.929749791254232913e-05,-2.547172438021271827e-05,0.000000000000000000e+00,6.227565265071574076e-03,-4.932895344014879185e-05,-4.932895344051785427e-05,-4.932895344122602125e-05,-4.932895344103041763e-05
3.654771576776451487e-03,0.000000000000000000e+00,7.948364208780406618e-05,-2.554519360214112087e-05,0.000000000000000000e+00,6.227562726758740716e-03,-5.364431172066528848e-05,-5.364431172102398999e-05,-5.364431172204141887e-05,-5.364431172186025546e-05
3.659771264295981399e-03,0.000000000000000000e+00,7.940287040631474180e-05,-2.561841760472290125e-05,0.000000000000000000e+00,6.227560992679571396e-03,-5.506632873232771323e-05,-5.506632873267271991e-05,-5.506632873096634832e-05,-5.506632873080238985e-05
3.664770951815511310e-03,0.000000000000000000e+00,7.910176551103215463e-05,-2.569139638795805600e-05,0.000000000000000000e+00,6.227561251217349388e-03,-5.384489286042235098e-05,-5.384489286075049155e-05,-5.384489285984096112e-05,-5.384489285969659960e-05
3.669770639335041655e-03,0.000000000000000000e+00,7.864022009506929178e-05,-2.576412995184658853e-05,0.000000000000000000e+00,6.227563693566252369e-03,-5.042698111742552412e-05,-5.042698111773461661e-05,-5.042698111544714653e-05,-5.042698111532412347e-05
3.674770326854571566e-03,0.000000000000000000e+00,7.808729506811352419e-05,-2.583661829638849545e-05,0.000000000000000000e+00,6.227567296931325706e-03,-4.540521877389846187e-05,-4.540521877418703583e-05,-4.540521877179366631e-05,-4.540521877169305235e-05
3.679770014374101478e-03,0.000000000000000000e+00,7.751340295909685057e-05,-2.590886142158377675e-05,0.000000000000000000e+00,6.227570530028735292e-03,-3.950424101185591252e-05,-3.950424101212307348e-05,-3.950424100945418786e-05,-3.950424100937661998e-05
3.684769701893631389e-03,0.000000000000000000e+00,7.698304313341359367e-05,-2.598085932743244260e-05,0.000000000000000000e+00,6.227572209824380756e-03,-3.346823079644206260e-05,-3.346823079668746499e-05,-3.346823079527283187e-05,-3.346823079521839815e-05
3.689769389413161734e-03,0.000000000000000000e+00,7.655201321193888910e-05,-2.605261201393447605e-05,0.000000000000000000e+00,6.227571698476068104e-03,-2.791261366914428162e-05,-2.791261366936803384e-05,-2.791261366741259391e-05,-2.791261366738101991e-05
3.694769076932691645e-03,0.000000000000000000e+00,7.626899005470171001e-05,-2.612411948108988728e-05,0.000000000000000000e+00,6.227568788887036591e-03,-2.329955012413600511e-05,-2.329955012433833079e-05,-2.329955012458250667e-05,-2.329955012457315543e-05
3.699768764452221557e-03,0.000000000000000000e+00,7.617374631810851357e-05,-2.619538172889867967e-05,0.000000000000000000e+00,6.227563851107952540e-03,-1.988528557809609334e-05,-1.988528557827720932e-05,-1.988528557869223174e-05,-1.988528557870440530e-05
3.704768451971751902e-03,0.000000000000000000e+00,7.629237275943015538e-05,-2.626639875736084306e-05,0.000000000000000000e+00,6.227557954660903165e-03,-1.771278339730957007e-05,-1.771278339746977789e-05,-1.771278339904307721e-05,-1.771278339907591498e-05
3.709768139491281813e-03,0.000000000000000000e+00,7.663699493471076609e-05,-2.633717056647638083e-05,0.000000000000000000e+00,6.227552796214140540e-03,-1.668219302433115200e-05,-1.668219302447064816e-05,-1.668219302602191786e-05,-1.668219302607429160e-05
3.714767827010811724e-03,0.000000000000000000e+00,7.720399435406853877e-05,-2.640769715624529976e-05,0.000000000000000000e+00,6.227550296311930821e-03,-1.667228075309609036e-05,-1.667228075321511543e-05,-1.667228075627123741e-05,-1.667228075634189351e-05
3.719767514530341636e-03,0.000000000000000000e+00,7.797058368767126259e-05,-2.647797852666759308e-05,0.000000000000000000e+00,6.227551569467583772e-03,-1.752882965032141722e-05,-1.752882965041990343e-05,-1.752882965112164312e-05,-1.752882965120957531e-05
3.724767202049871981e-03,0.000000000000000000e+00,7.889328554025996660e-05,-2.654801467774326078e-05,0.000000000000000000e+00,6.227556227208877124e-03,-1.892947282251099007e-05,-1.892947282258849697e-05,-1.892947282395746823e-05,-1.892947282406193789e-05
3.729766889569401892e-03,0.000000000000000000e+00,7.991415442684786320e-05,-2.661780560947230625e-05,0.000000000000000000e+00,6.227562739117230815e-03,-2.040633517599396859e-05,-2.040633517605013703e-05,-2.040633517656323571e-05,-2.040633517668355166e-05
3.734766577088931803e-03,0.000000000000000000e+00,8.096821586152285811e-05,-2.668735132185472611e-05,0.000000000000000000e+00,6.227569379288210721e-03,-2.149238355192042876e-05,-2.149238355195466922e-05,-2.149238355127791700e-05,-2.149238355141377431e-05
3.739766264608461715e-03,0.000000000000000000e+00,8.198790483963605156e-05,-2.675665181489052713e-05,0.000000000000000000e+00,6.227574897842476191e-03,-2.186612203735003039e-05,-2.186612203736150600e-05,-2.186612203553006830e-05,-2.186612203568169397e-05
3.744765952127992060e-03,0.000000000000000000e+00,8.291090129786802165e-05,-2.682570708857969914e-05,0.000000000000000000e+00,6.227578659838918854e-03,-2.140040272139750169e-05,-2.140040272138548399e-05,-2.140040271973749330e-05,-2.140040271990540572e-05
3.749765639647521971e-03,0.000000000000000000e+00,8.368849925534225685e-05,-2.689451714292224554e-05,0.000000000000000000e+00,6.227580078857162041e-03,-2.024487943615233747e-05,-2.024487943611613189e-05,-2.024487943442630116e-05,-2.024487943461152694e-05
3.754765327167051883e-03,0.000000000000000000e+00,8.429070095512644276e-05,-2.696308197791817649e-05,0.000000000000000000e+00,6.227578397331215779e-03,-1.880287840763867737e-05,-1.880287840757718956e-05,-1.880287840570997657e-05,-1.880287840591440628e-05
3.759765014686582228e-03,0.000000000000000000e+00,8.470502169863389338e-05,-2.703140159356747844e-05,0.000000000000000000e+00,6.227573389733740208e-03,-1.751612792511634788e-05,-1.751612792502826323e-05,-1.751612792411927152e-05,-1.751612792434548691e-05
3.764764702206112139e-03,0.000000000000000000e+00,8.493566780425449391e-05,-2.709947598987015477e-05,0.000000000000000000e+00,6.227566073606322777e-03,-1.671987072452345185e-05,-1.671987072440765228e-05,-1.671987072349111181e-05,-1.671987072374186745e-05
3.769764389725642050e-03,0.000000000000000000e+00,8.500163131876661371e-05,-2.716730516682621226e-05,0.000000000000000000e+00,6.227558520473803171e-03,-1.663407915142525880e-05,-1.663407915128063978e-05,-1.663407915136417078e-05,-1.663407915164257696e-05
3.774764077245171962e-03,0.000000000000000000e+00,8.492911928025997155e-05,-2.723488912443564413e-05,0.000000000000000000e+00,6.227553208529561929e-03,-1.737391863923892530e-05,-1.737391863906444329e-05,-1.737391863915374428e-05,-1.737391863946295874e-05
3.779763764764702307e-03,0.000000000000000000e+00,8.474325986591746559e-05,-2.730222786269844701e-05,0.000000000000000000e+00,6.227551911994234912e-03,-1.887333443277455802e-05,-1.887333443256944052e-05,-1.887333443291927190e-05,-1.887333443326227281e-05
3.784763452284232218e-03,0.000000000000000000e+00,8.446258900334093845e-05,-2.736932138161463104e-05,0.000000000000000000e+00,6.227554727413151144e-03,-2.091238033462120794e-05,-2.091238033438485525e-05,-2.091238033463195848e-05,-2.091238033501143602e-05
3.789763139803762129e-03,0.000000000000000000e+00,8.409723823478617839e-05,-2.743616968118418946e-05,0.000000000000000000e+00,6.227560075336201727e-03,-2.319869172332492444e-05,-2.319869172305684190e-05,-2.319869172426906125e-05,-2.319869172468747181e-05
3.794762827323292041e-03,0.000000000000000000e+00,8.364500591897761842e-05,-2.750277276140712565e-05,0.000000000000000000e+00,6.227565557692615189e-03,-2.539087377432285700e-05,-2.539087377402283454e-05,-2.539087377343980483e-05,-2.539087377389901188e-05
3.799762514842822386e-03,0.000000000000000000e+00,8.309021456346331585e-05,-2.756913062228343622e-05,0.000000000000000000e+00,6.227569083322914180e-03,-2.715016533428782469e-05,-2.715016533395616386e-05,-2.715016533489572669e-05,-2.715016533539694657e-05
3.804762202362352297e-03,0.000000000000000000e+00,8.240822091229796365e-05,-2.763524326381312118e-05,0.000000000000000000e+00,6.227570043452874959e-03,-2.822172320649552025e-05,-2.822172320613281735e-05,-2.822172320623504067e-05,-2.822172320677891036e-05
3.809761889881882208e-03,0.000000000000000000e+00,8.157088199612590781e-05,-2.770111068599618730e-05,0.000000000000000000e+00,6.227569408076854933e-03,-2.850657333712359407e-05,-2.850657333673096381e-05,-2.850657333759812565e-05,-2.850657333818463498e-05
3.814761577401412553e-03,0.000000000000000000e+00,8.055122047807168064e-05,-2.776673288883262780e-05,0.000000000000000000e+00,6.227568553764863991e-03,-2.794663457167668907e-05,-2.794663457125547991e-05,-2.794663456966096072e-05,-2.794663457028977426e-05
3.819761264920942465e-03,0.000000000000000000e+00,7.932778932232728813e-05,-2.783210987232243930e-05,0.000000000000000000e+00,6.227568215283897646e-03,-2.638703224030664287e-05,-2.638703223985823380e-05,-2.638703224043534106e-05,-2.638703224110592010e-05
3.824760952440472376e-03,0.000000000000000000e+00,7.789120715091080822e-05,-2.789724163646563535e-05,0.000000000000000000e+00,6.227568266318372903e-03,-2.351905065171741200e-05,-2.351905065124360210e-05,-2.351905064975395575e-05,-2.351905065046520254e-05
3.829760639960002287e-03,0.000000000000000000e+00,7.624500372126933147e-05,-2.796212818126220579e-05,0.000000000000000000e+00,6.227568055289074700e-03,-1.897266403337138067e-05,-1.897266403287413845e-05,-1.897266403217764697e-05,-1.897266403292821981e-05
3.834760327479532632e-03,0.000000000000000000e+00,7.440241915206914267e-05,-2.802676950671214722e-05,0.000000000000000000e+00,6.227567038154887928e-03,-1.244784195928610901e-05,-1.244784195876737925e-05,-1.244784195679699935e-05,-1.244784195758539899e-05
3.839760014999062544e-03,0.000000000000000000e+00,7.238419871807558117e-05,-2.809116561281546981e-05,0.000000000000000000e+00,6.227565122001939811e-03,-3.841610292764964190e-06,-3.841610292226578191e-06,-3.841610291993242636e-06,-3.841610292817847845e-06
3.844759702518592455e-03,0.000000000000000000e+00,7.021832205430111223e-05,-2.815531649957216679e-05,0.000000000000000000e+00,6.227562351449607118e-03,6.619003035962378256e-06,6.619003036518607852e-06,6.619003038163168059e-06,6.619003037304361354e-06
3.849759390038122366e-03,0.000000000000000000e+00,6.793923290118108950e-05,-2.821922216698224153e-05,0.000000000000000000e+00,6.227559034191572016e-03,1.837919671629182369e-05,1.837919671686493974e-05,1.837919671683678436e-05,1.837919671594516360e-05
3.854759077557652711e-03,0.000000000000000000e+00,6.558552840780633745e-05,-2.828288261504569067e-05,0.000000000000000000e+00,6.227556015610155073e-03,3.065377825070225129e-05,3.065377825129175912e-05,3.065377825147212970e-05,3.065377825054894510e-05
3.859758765077182623e-03,0.000000000000000000e+00,6.320144909352745535e-05,-2.834629784376251418e-05,0.000000000000000000e+00,6.227554482116775050e-03,4.251827976963648911e-05,4.251827977024225319e-05,4.251827976858360005e-05,4.251827976763012556e-05
3.864758452596712534e-03,0.000000000000000000e+00,6.083810490107768838e-05,-2.840946785313271548e-05,0.000000000000000000e+00,6.227555285283133991e-03,5.292914712974584011e-05,5.292914713036823992e-05,5.292914713052725850e-05,5.292914712954439535e-05
3.869758140116242879e-03,0.000000000000000000e+00,5.855235190933132398e-05,-2.847239264315629454e-05,0.000000000000000000e+00,6.227558390160369516e-03,6.082762237543697299e-05,6.082762237607695720e-05,6.082762237471534835e-05,6.082762237370378095e-05
3.874757827635772790e-03,0.000000000000000000e+00,5.640376175386394134e-05,-2.853507221383324460e-05,0.000000000000000000e+00,6.227562517353835841e-03,6.535398086704556771e-05,6.535398086770434251e-05,6.535398086735402323e-05,6.535398086631415138e-05
3.879757515155302702e-03,0.000000000000000000e+00,5.445176592237319085e-05,-2.859750656516357582e-05,0.000000000000000000e+00,6.227565976140344781e-03,6.604330326738611589e-05,6.604330326806523302e-05,6.604330326738457090e-05,6.604330326631652334e-05
3.884757202674832613e-03,0.000000000000000000e+00,5.275108577942893987e-05,-2.865969569714728481e-05,0.000000000000000000e+00,6.227567917680964030e-03,6.293170581193951801e-05,6.293170581264061734e-05,6.293170581410156622e-05,6.293170581300532940e-05
3.889756890194362958e-03,0.000000000000000000e+00,5.134230771493953184e-05,-2.872163960978436141e-05,0.000000000000000000e+00,6.227568657175086217e-03,5.649806868134939913e-05,5.649806868207382237e-05,5.649806868286416509e-05,5.649806868173994231e-05
3.894756577713892869e-03,0.000000000000000000e+00,5.024432535437216220e-05,-2.878333830307482256e-05,0.000000000000000000e+00,6.227568878896342155e-03,4.750813913368517047e-05,4.750813913443382563e-05,4.750813913621454638e-05,4.750813913506289328e-05
3.899756265233422781e-03,0.000000000000000000e+00,4.945104739627838764e-05,-2.884479177701865810e-05,0.000000000000000000e+00,6.227568747083648583e-03,3.678666986500821277e-05,3.678666986578161483e-05,3.678666986789913622e-05,3.678666986672081174e-05
3.904755952752952692e-03,0.000000000000000000e+00,4.893208723274623237e-05,-2.890600003161586802e-05,0.000000000000000000e+00,6.227567618035891386e-03,2.503762096368384837e-05,2.503762096448169580e-05,2.503762096604184579e-05,2.503762096483828990e-05
3.909755640272482603e-03,0.000000000000000000e+00,4.863528617643770159e-05,-2.896696306686645571e-05,0.000000000000000000e+00,6.227564906622035795e-03,1.281233113968205942e-05,1.281233114050376270e-05,1.281233114131200323e-05,1.281233114008469992e-05
3.914755327792012948e-03,0.000000000000000000e+00,4.849346762157827800e-05,-2.902768088277041779e-05,0.000000000000000000e+00,6.227561408211009647e-03,6.408925631926427115e-07,6.408925640375360536e-07,6.408925644210420789e-07,6.408925631715363445e-07
3.919755015311543293e-03,0.000000000000000000e+00,4.843474338677722921e-05,-2.908815347932775764e-05,0.000000000000000000e+00,6.227559146014277625e-03,-1.086545712000561062e-05,-1.086545711913861141e-05,-1.086545711886994950e-05,-1.086545712013979080e-05
3.924754702831072771e-03,0.000000000000000000e+00,4.839040639930165816e-05,-2.914838085653847526e-05,0.000000000000000000e+00,6.227559828928517539e-03,-2.107969961628577477e-05,-2.107969961539796227e-05,-2.107969961633637991e-05,-2.107969961762438160e-05
3.929754390350603116e-03,0.000000000000000000e+00,4.830109000484711899e-05,-2.920836301440256388e-05,0.000000000000000000e+00,6.227563347229379126e-03,-2.941481894034738312e-05,-2.941481893943979071e-05,-2.941481894077270547e-05,-2.941481894207702101e-05
3.934754077870133461e-03,0.000000000000000000e+00,4.812194258967603247e-05,-2.926809995292003366e-05,0.000000000000000000e+00,6.227567771135270915e-03,-3.533460388442277082e-05,-3.533460388349642849e-05,-3.533460388503075752e-05,-3.533460388634937098e-05
3.939753765389662939e-03,0.000000000000000000e+00,4.782682608461386026e-05,-2.932759167209088121e-05,0.000000000000000000e+00,6.227570782416599372e-03,-3.838829004750880986e-05,-3.838829004656463240e-05,-3.838829004654118653e-05,-3.838829004787202437e-05
3.944753452909193284e-03,0.000000000000000000e+00,4.740797518088930255e-05,-2.938683817191509637e-05,0.000000000000000000e+00,6.227571457354367374e-03,-3.827831977247434360e-05,-3.827831977151294765e-05,-3.827831977219792626e-05,-3.827831977353901658e-05
3.949753140428722761e-03,0.000000000000000000e+00,4.687284216773409014e-05,-2.944583945239269269e-05,0.000000000000000000e+00,6.227570255782063913e-03,-3.485475005089744440e-05,-3.485475004991914845e-05,-3.485475004965077453e-05,-3.485475005100035551e-05
3.954752827948253106e-03,0.000000000000000000e+00,4.624109413595571040e-05,-2.950459551352366678e-05,0.000000000000000000e+00,6.227567881898200992e-03,-2.818740119085371432e-05,-2.818740118985890800e-05,-2.818740118928908861e-05,-2.818740119064521885e-05
3.959752515467783451e-03,0.000000000000000000e+00,4.554096710746126711e-05,-2.956310635530801187e-05,0.000000000000000000e+00,6.227564667117823326e-03,-1.875663704231502217e-05,-1.875663704130408496e-05,-1.875663703880203433e-05,-1.875663704016265046e-05
3.964752202987312929e-03,0.000000000000000000e+00,4.480510109311560421e-05,-2.962137197774573812e-05,0.000000000000000000e+00,6.227561190696691458e-03,-7.521144800028551537e-06,-7.521144799001463102e-06,-7.521144798965782687e-06,-7.521144800329482015e-06
3.969751890506843274e-03,0.000000000000000000e+00,4.406662285669229692e-05,-2.967939238083683876e-05,0.000000000000000000e+00,6.227558767573627280e-03,4.296464876163231222e-06,4.296464877206528480e-06,4.296464879525680125e-06,4.296464878160047868e-06
3.974751578026373619e-03,0.000000000000000000e+00,4.335747297067207948e-05,-2.973716756458131378e-05,0.000000000000000000e+00,6.227558999005375177e-03,1.551467571528185527e-05,1.551467571634171711e-05,1.551467571749653133e-05,1.551467571612962344e-05
3.979751265545903097e-03,0.000000000000000000e+00,4.270678761220938688e-05,-2.979469752897916996e-05,0.000000000000000000e+00,6.227562285889014573e-03,2.517031391358444869e-05,2.517031391466145786e-05,2.517031391521964918e-05,2.517031391385150802e-05
3.984750953065433442e-03,0.000000000000000000e+00,4.213780679253010207e-05,-2.985198227403039714e-05,0.000000000000000000e+00,6.227566957657295829e-03,3.259759035353092564e-05,3.259759035462583430e-05,3.259759035266831406e-05,3.259759035129842461e-05
3.989750640584963787e-03,0.000000000000000000e+00,4.166530174075304513e-05,-2.990902179973500209e-05,0.000000000000000000e+00,6.227570338176991599e-03,3.747573842929326709e-05,3.747573843040676982e-05,3.747573843041039513e-05,3.747573842903793070e-05
3.994750328104493264e-03,0.000000000000000000e+00,4.129444005543802686e-05,-2.996581610609298820e-05,0.000000000000000000e+00,6.227570705589436685e-03,3.979609615645012861e-05,3.979609615758280140e-05,3.979609615555030179e-05,3.979609615417432049e-05
3.999750015624023609e-03,0.000000000000000000e+00,4.102055156346244151e-05,-3.002236519310434192e-05,0.000000000000000000e+00,6.227568267226768657e-03,3.979438531058990421e-05,3.979438531174235691e-05,3.979438530971504792e-05,3.979438530833431646e-05
