time_s,contact_force_N,impact_w_m,ball_travel_m,indentation_m,energy_J,S1_mean_exx_plus_eyy,S2_mean_exx_plus_eyy,S3_mean_exx_plus_eyy,S4_mean_exx_plus_eyy
0.000000000000000000e+00,0.000000000000000000e+00,0.000000000000000000e+00,0.000000000000000000e+00,0.000000000000000000e+00,6.227579619865871753e-03,0.000000000000000000e+00,0.000000000000000000e+00,0.000000000000000000e+00,0.000000000000000000e+00
4.999687519530029071e-06,1.958413585771874565e+01,2.616612717263877946e-08,8.844320843570655072e-06,8.818154716398015879e-06,6.227530041734186637e-03,-4.339643369863729064e-10,-4.339643369861760374e-10,-4.339642714992448167e-10,-4.339642714995119961e-10
9.999375039060058143e-06,5.367719843815089575e+01,2.880457953322505080e-07,1.755840349507298626e-05,1.727035769974073691e-05,6.227523313273388567e-03,-1.907867005155638319e-09,-1.907867005156472117e-09,-1.907867078654037111e-09,-1.907867078653070964e-09
1.499906255859008806e-05,9.230407072488193876e+01,1.143402274121259673e-06,2.593219304127569497e-05,2.478879076715443508e-05,6.227540245131283486e-03,7.483286282152570958e-09,7.483286282152465079e-09,7.483286306326308937e-09,7.483286306328003003e-09
1.999875007812011629e-05,1.276074890845148104e+02,2.963680331813866534e-06,3.372645806646646684e-05,3.076277773465260030e-05,6.227570188777399943e-03,5.951654260108469777e-08,5.951654260107839796e-08,5.951654267663246631e-08,5.951654267663993079e-08
2.499843759765014620e-05,1.528069096671387399e+02,6.032438673696742239e-06,4.072236951440036802e-05,3.468993084070362239e-05,6.227595138466223562e-03,1.899762970048909522e-07,1.899762970048456359e-07,1.899762968249138151e-07,1.899762968249631547e-07
2.999812511718017612e-05,1.635357134023700780e+02,1.046822778631257357e-05,4.676348223797725182e-05,3.629525445166467825e-05,6.227600764346504295e-03,3.992019096422999662e-07,3.992019096421972635e-07,3.992019098243038414e-07,3.992019098244086618e-07
3.499781263671020604e-05,1.588502918627546308e+02,1.618404973419247189e-05,5.178269331087011315e-05,3.559864357667764126e-05,6.227586344283434459e-03,6.519182356793810198e-07,6.519182356791597325e-07,6.519182355366834968e-07,6.519182355368994902e-07
3.999750015624023257e-05,1.411664837136922870e+02,2.290318383348972529e-05,5.580822993391409048e-05,3.290504610042436519e-05,6.227563681209523881e-03,8.622243906893113268e-07,8.622243906888594348e-07,8.622243906595328248e-07,8.622243906599724349e-07
4.499718767577026588e-05,1.152466789313275513e+02,3.020629804475392460e-05,5.894896426784342812e-05,2.874266622308950352e-05,6.227547333354440350e-03,9.352632122469318390e-07,9.352632122461716269e-07,9.352632124370845947e-07,9.352632124378257485e-07
4.999687519530029241e-05,8.658557884389790615e+01,3.761118288621209107e-05,6.136527749999820622e-05,2.375409461378611515e-05,6.227544794080469570e-03,8.118502243011939831e-07,8.118502242999679029e-07,8.118502239994994820e-07,8.118502240007141272e-07
5.499656271483031894e-05,5.987122334180001815e+01,4.466062881445971306e-05,6.323525975879428136e-05,1.857463094433456829e-05,6.227553250154488525e-03,4.772803401234320883e-07,4.772803401215338875e-07,4.772803403738489088e-07,4.772803403757462626e-07
5.999625023436035224e-05,3.805656230696923359e+01,5.099385919011043379e-05,6.472566993124806423e-05,1.373181074113763043e-05,6.227564279218588024e-03,-3.302624586764523867e-08,-3.302624587032863905e-08,-3.302624591687902873e-08,-3.302624591417191143e-08
6.499593775389037877e-05,2.224781337834521011e+01,5.637274757169852323e-05,6.597337598208780302e-05,9.600628410389279790e-06,6.227570795743962023e-03,-5.897331216284338801e-07,-5.897331216320930624e-07,-5.897331217871797129e-07,-5.897331217834663204e-07
6.999562527342041208e-05,1.208718938433315060e+01,6.068586419777168592e-05,6.707818148517257677e-05,6.392317287400890854e-06,6.227571075119425759e-03,-1.003100895062485773e-06,-1.003100895067271509e-06,-1.003100894763313736e-06,-1.003100894758428050e-06
7.499531279295044539e-05,6.376210237108680623e+00,6.393140994500248601e-05,6.810474440125292991e-05,4.173334456250443899e-06,6.227568243128447228e-03,-1.092333200010543710e-06,-1.092333200016556797e-06,-1.092333200253731104e-06,-1.092333200247582492e-06
7.999500031248046514e-05,3.691133706198956865e+00,6.619102817467104180e-05,6.908980395221692129e-05,2.898775777545879490e-06,6.227566030170553039e-03,-7.753905975706595484e-07,-7.753905975779440318e-07,-7.753905975839122259e-07,-7.753905975764236076e-07
8.499468783201049845e-05,2.865497255197985371e+00,6.760234909280026113e-05,7.005089416823604483e-05,2.448545075435783701e-06,6.227565470750910485e-03,-1.308952739407766175e-07,-1.308952739493795076e-07,-1.308952737807847993e-07,-1.308952737719095880e-07
8.999437535154053175e-05,3.229042853588014239e+00,6.834207097262305977e-05,7.099356494795717933e-05,2.651493975334119559e-06,6.227565115047426457e-03,6.168787448932647985e-07,6.168787448834256638e-07,6.168787447331514310e-07,6.168787447433090502e-07
9.499406287107055151e-05,4.511367417166059823e+00,6.860195509651350395e-05,7.191565802239369956e-05,3.313702925880195613e-06,6.227563380030188070e-03,1.217211283954842798e-06,1.217211283943817818e-06,1.217211283903549871e-06,1.217211283914902654e-06
9.999375039060058481e-05,6.538113950162188104e+00,6.856549617542909039e-05,7.280918074730403282e-05,4.243684571874942429e-06,6.227560720480037650e-03,1.481044029236113223e-06,1.481044029224048086e-06,1.481044029425545365e-06,1.481044029437961174e-06
1.049934379101306181e-04,9.040480349898425416e+00,6.839443482809812538e-05,7.366150506667767440e-05,5.267070238579549019e-06,6.227559217117678569e-03,1.321537753148959229e-06,1.321537753135979297e-06,1.321537752965478341e-06,1.321537752978790310e-06
1.099931254296606379e-04,1.164699533219818584e+01,6.822090104714217983e-05,7.445706282572409713e-05,6.236161778581917302e-06,6.227560281970587544e-03,7.530253094540067388e-07,7.530253094402305949e-07,7.530253093686258177e-07,7.530253093826526833e-07
1.149928129491906712e-04,1.397688349638020888e+01,6.813732683510286101e-05,7.517963462396837302e-05,7.042307788865512013e-06,6.227563340593183193e-03,-9.071661165810653254e-08,-9.071661167257724341e-08,-9.071661140556535339e-08,-9.071661139099638669e-08
1.199925004687207045e-04,1.573644905788243520e+01,6.819310039380465445e-05,7.581469653478525601e-05,7.621596140980601555e-06,6.227566331100714038e-03,-9.862891611010494953e-07,-9.862891611162012207e-07,-9.862891615504851771e-07,-9.862891615354723652e-07
1.249921879882507378e-04,1.676861758504037780e+01,6.839991888836170211e-05,7.635124585726387012e-05,7.951326968902168012e-06,6.227567246063880901e-03,-1.691620667827491620e-06,-1.691620667843266761e-06,-1.691620667655371137e-06,-1.691620667640002571e-06
1.299918755077807575e-04,1.706776270815291596e+01,6.873716764036970123e-05,7.678278121192431711e-05,8.045613571554615880e-06,6.227565675387375377e-03,-2.007558761748465275e-06,-2.007558761764873998e-06,-2.007558761659642012e-06,-2.007558761644026113e-06
1.349915630273107773e-04,1.673393212997116208e+01,6.916700493728290637e-05,7.710736337882664112e-05,7.940358441543734743e-06,6.227562794502907763e-03,-1.837870008775538557e-06,-1.837870008792750267e-06,-1.837870009007124141e-06,-1.837870008991155876e-06
1.399912505468408242e-04,1.589313461219306234e+01,6.965492370003176746e-05,7.732702767771428725e-05,7.672103977682519791e-06,6.227560181654957609e-03,-1.223621027088042895e-06,-1.223621027106240551e-06,-1.223621026704906176e-06,-1.223621026688429691e-06
1.449909380663708439e-04,1.464105676970673287e+01,7.018334734878801300e-05,7.744702208708401211e-05,7.263674738295999118e-06,6.227559060674914444e-03,-2.842461781070566797e-07,-2.842461781265079443e-07,-2.842461783785137986e-07,-2.842461783613325823e-07
1.499906255859008908e-04,1.305401228175851713e+01,7.074639756149232934e-05,7.747519493063996119e-05,6.728797369147631853e-06,6.227559941406754333e-03,8.189366130029362880e-07,8.189366129818350032e-07,8.189366131915671373e-07,8.189366132098630489e-07
1.549903131054309105e-04,1.120057482556701167e+01,7.134573548944345286e-05,7.742150998719463518e-05,6.075774497751182325e-06,6.227562707513258772e-03,1.868052045099278570e-06,1.868052045076135936e-06,1.868052045098490829e-06,1.868052045118330035e-06
1.599900006249609303e-04,9.164801178713290142e+00,7.198235309367325362e-05,7.729760033477832393e-05,5.315247241105070311e-06,6.227566551778568500e-03,2.648307645385457810e-06,2.648307645359877415e-06,2.648307645193877592e-06,2.648307645215682761e-06
1.649896881444909771e-04,7.058398868753961608e+00,7.265030037462816932e-05,7.711623371709053318e-05,4.465933342462363861e-06,6.227569530402154996e-03,3.015760962733242590e-06,3.015760962704743743e-06,3.015760962936043030e-06,3.015760962960396074e-06
1.699893756640209969e-04,5.022425001349088092e+00,7.333114879880967896e-05,7.689060575685331927e-05,3.559456958043640310e-06,6.227569428406179962e-03,2.900994137330231528e-06,2.900994137298445770e-06,2.900994137039260464e-06,2.900994137066658592e-06
1.749890631835510166e-04,3.198203670609623739e+00,7.399888486250463099e-05,7.663346967408174101e-05,2.634584811577110022e-06,6.227565539391538389e-03,2.327312121835104994e-06,2.327312121799709181e-06,2.327312121956420017e-06,2.327312121987248628e-06
1.799887507030810635e-04,1.716168669173691708e+00,7.461652087715201680e-05,7.635624913754410334e-05,1.739728260392086538e-06,6.227559645186200171e-03,1.400938620514716425e-06,1.400938620475410073e-06,1.400938620482349179e-06,1.400938620516982874e-06
1.849884382226110833e-04,6.688685286905903249e-01,7.513997450875759812e-05,7.606823232251559968e-05,9.282578137580015619e-07,6.227555238016870172e-03,2.258655180574490477e-07,2.258655180140441149e-07,2.258655179758526698e-07,2.258655180145593227e-07
1.899881257421411030e-04,9.210790846653718611e-02,7.552846291565104195e-05,7.577599949543492900e-05,2.475365797838870478e-07,6.227554936798729464e-03,-1.108868205564222466e-06,-1.108868205611791836e-06,-1.108868205676280478e-06,-1.108868205633430987e-06
1.949878132616711499e-04,0.000000000000000000e+00,7.576010152531690071e-05,7.548315507996293191e-05,0.000000000000000000e+00,6.227558581181911850e-03,-2.502610068065968696e-06,-2.502610068117783818e-06,-2.502610067999821352e-06,-2.502610067952694132e-06
1.999875007812011696e-04,0.000000000000000000e+00,7.583404051909523307e-05,7.519054399493044498e-05,0.000000000000000000e+00,6.227563948949055815e-03,-3.834531340369525809e-06,-3.834531340425656988e-06,-3.834531340314608428e-06,-3.834531340263196069e-06
2.049871883007311894e-04,0.000000000000000000e+00,7.577047783400257808e-05,7.489817812924459044e-05,0.000000000000000000e+00,6.227568665093668673e-03,-4.975712053911634516e-06,-4.975712053972041518e-06,-4.975712054152654353e-06,-4.975712054096920432e-06
2.099868758202612362e-04,0.000000000000000000e+00,7.560543307704570672e-05,7.460605748290534119e-05,0.000000000000000000e+00,6.227571361516701445e-03,-5.770182526367697606e-06,-5.770182526432449040e-06,-5.770182526072374487e-06,-5.770182526012352038e-06
2.149865633397912560e-04,0.000000000000000000e+00,7.538386935246561892e-05,7.431418205591272432e-05,0.000000000000000000e+00,6.227571630870573985e-03,-6.072252305419611194e-06,-6.072252305488784139e-06,-6.072252305944157522e-06,-6.072252305879747443e-06
2.199862508593212757e-04,0.000000000000000000e+00,7.515168474774887178e-05,7.402255184826673985e-05,0.000000000000000000e+00,6.227569432190070697e-03,-5.780467202353450120e-06,-5.780467202427174174e-06,-5.780467202355599890e-06,-5.780467202286618374e-06
2.249859383788513226e-04,0.000000000000000000e+00,7.495562399911576883e-05,7.373116685996736067e-05,0.000000000000000000e+00,6.227565316671223976e-03,-4.827353386948913050e-06,-4.827353387027337289e-06,-4.827353386978087405e-06,-4.827353386904399774e-06
2.299856258983813424e-04,0.000000000000000000e+00,7.483599159063064816e-05,7.344002709101461388e-05,0.000000000000000000e+00,6.227560843830361528e-03,-3.154215560148912546e-06,-3.154215560232287693e-06,-3.154215560544435428e-06,-3.154215560465740985e-06
2.349853134179113892e-04,0.000000000000000000e+00,7.481664525470918471e-05,7.314913254140849948e-05,0.000000000000000000e+00,6.227557733544097744e-03,-7.757364426313663886e-07,-7.757364427198889549e-07,-7.757364424203874221e-07,-7.757364423365303133e-07
2.399850009374414090e-04,0.000000000000000000e+00,7.490117300314996633e-05,7.285848321114900392e-05,0.000000000000000000e+00,6.227556650146385056e-03,2.208697286197619801e-06,2.208697286103850289e-06,2.208697286054231099e-06,2.208697286143380046e-06
2.449846884569714558e-04,0.000000000000000000e+00,7.507616634163085593e-05,7.256807910023612719e-05,0.000000000000000000e+00,6.227557033200742387e-03,5.637260000769706425e-06,5.637260000670507855e-06,5.637260001211462906e-06,5.637260001306126461e-06
2.499843759765014756e-04,0.000000000000000000e+00,7.531494658602084775e-05,7.227792020866986931e-05,0.000000000000000000e+00,6.227558019079587961e-03,9.282577953127066624e-06,9.282577953022385210e-06,9.282577953020081281e-06,9.282577953120451297e-06
2.549840634960314953e-04,0.000000000000000000e+00,7.558416810119211878e-05,7.198800653645024382e-05,0.000000000000000000e+00,6.227559526323688324e-03,1.284365608624348185e-05,1.284365608613349292e-05,1.284365608632143259e-05,1.284365608642747773e-05
2.599837510155615151e-04,0.000000000000000000e+00,7.585175517666569703e-05,7.169833808357725072e-05,0.000000000000000000e+00,6.227561953017592307e-03,1.598817252323117143e-05,1.598817252311600883e-05,1.598817252319612459e-05,1.598817252330796005e-05
2.649834385350915348e-04,0.000000000000000000e+00,7.608571649003809036e-05,7.140891485005086291e-05,0.000000000000000000e+00,6.227565111545470787e-03,1.828392432139849512e-05,1.828392432127832825e-05,1.828392432069398055e-05,1.828392432081167070e-05
2.699831260546215546e-04,0.000000000000000000e+00,7.625409881036731023e-05,7.111973683587110749e-05,0.000000000000000000e+00,6.227568021958454318e-03,1.921106656151768695e-05,1.921106656139292916e-05,1.921106656163179245e-05,1.921106656175537795e-05
2.749828135741516286e-04,0.000000000000000000e+00,7.632957062926166395e-05,7.083080404103797090e-05,0.000000000000000000e+00,6.227569473642597872e-03,1.828604121113932635e-05,1.828604121101037067e-05,1.828604121039188076e-05,1.828604121052130739e-05
2.799825010936816483e-04,0.000000000000000000e+00,7.629617998018146366e-05,7.054211646555145316e-05,0.000000000000000000e+00,6.227568852526470591e-03,1.517099957728456638e-05,1.517099957715171095e-05,1.517099957675282959e-05,1.517099957688811091e-05
2.849821886132116681e-04,0.000000000000000000e+00,7.614764929901357733e-05,7.025367410941156781e-05,0.000000000000000000e+00,6.227566453297219556e-03,9.728102578430093591e-06,9.728102578293765332e-06,9.728102578117582479e-06,9.728102578258508433e-06
2.899818761327416878e-04,0.000000000000000000e+00,7.589028258099403878e-05,6.996547697261830130e-05,0.000000000000000000e+00,6.227563078410089381e-03,2.133874710303417335e-06,2.133874710163982159e-06,2.133874710235990124e-06,2.133874710382360805e-06
2.949815636522717076e-04,0.000000000000000000e+00,7.554315573516447472e-05,6.967752505517166718e-05,0.000000000000000000e+00,6.227559816811502683e-03,-7.088098836968906974e-06,-7.088098837111310154e-06,-7.088098836879287500e-06,-7.088098836727577123e-06
2.999812511718017815e-04,0.000000000000000000e+00,7.513959055223643922e-05,6.938981835707163834e-05,0.000000000000000000e+00,6.227558053445545957e-03,-1.709160256823020574e-05,-1.709160256837528215e-05,-1.709160256802851703e-05,-1.709160256787176172e-05
3.049809386913318013e-04,0.000000000000000000e+00,7.472537023261542611e-05,6.910235687831824190e-05,0.000000000000000000e+00,6.227559003506486467e-03,-2.677442953791191708e-05,-2.677442953805971078e-05,-2.677442953704787910e-05,-2.677442953688609920e-05
3.099806262108618211e-04,0.000000000000000000e+00,7.436087189385393568e-05,6.881514061891147785e-05,0.000000000000000000e+00,6.227562931196105322e-03,-3.491954642034554395e-05,-3.491954642049606509e-05,-3.491954642018646438e-05,-3.491954642001963955e-05
3.149803137303918408e-04,0.000000000000000000e+00,7.410980073194912163e-05,6.852816957885133264e-05,0.000000000000000000e+00,6.227568578094521204e-03,-4.043351368394725032e-05,-4.043351368410049552e-05,-4.043351368329270391e-05,-4.043351368312090530e-05
3.199800012499218606e-04,0.000000000000000000e+00,7.402538369247142801e-05,6.824144375813780627e-05,0.000000000000000000e+00,6.227573298484247871e-03,-4.250775011455662847e-05,-4.250775011471260450e-05,-4.250775011445825745e-05,-4.250775011428130888e-05
3.249796887694518803e-04,0.000000000000000000e+00,7.413692527865600452e-05,6.795496315677091229e-05,0.000000000000000000e+00,6.227574395816578776e-03,-4.070799538720964322e-05,-4.070799538736841108e-05,-4.070799538798883222e-05,-4.070799538780664559e-05
3.299793762889819543e-04,0.000000000000000000e+00,7.444615161295858202e-05,6.766872777475063715e-05,0.000000000000000000e+00,6.227570701792819151e-03,-3.503378604070861175e-05,-3.503378604087023241e-05,-3.503378604168248280e-05,-3.503378604149481418e-05
3.349790638085119740e-04,0.000000000000000000e+00,7.492252224900124537e-05,6.738273761207698085e-05,0.000000000000000000e+00,6.227563453515527411e-03,-2.596472048368782766e-05,-2.596472048385240616e-05,-2.596472048489104474e-05,-2.596472048469767728e-05
3.399787513280419938e-04,0.000000000000000000e+00,7.550875990894933350e-05,6.709699266874995694e-05,0.000000000000000000e+00,6.227556054129040203e-03,-1.439152776343959761e-05,-1.439152776360733385e-05,-1.439152776425177515e-05,-1.439152776405234463e-05
3.449784388475720135e-04,0.000000000000000000e+00,7.612909041327493246e-05,6.681149294476955186e-05,0.000000000000000000e+00,6.227552084637263258e-03,-1.518024764697325969e-06,-1.518024764868701910e-06,-1.518024766211728552e-06,-1.518024766005676776e-06
3.499781263671020333e-04,0.000000000000000000e+00,7.670018807916166820e-05,6.652623844013577919e-05,0.000000000000000000e+00,6.227553016545243729e-03,1.126434668381479479e-05,1.126434668363905240e-05,1.126434668367258982e-05,1.126434668388592184e-05
3.549778138866320530e-04,0.000000000000000000e+00,7.714181814206876693e-05,6.624122915484861179e-05,0.000000000000000000e+00,6.227557593974631517e-03,2.258951072242049767e-05,2.258951072223954433e-05,2.258951072250660704e-05,2.258951072272800790e-05
3.599775014061621270e-04,0.000000000000000000e+00,7.739379324082992383e-05,6.595646508890807679e-05,0.000000000000000000e+00,6.227563083216600473e-03,3.132139474616214316e-05,3.132139474597501664e-05,3.132139474604408709e-05,3.132139474627446650e-05
3.649771889256921468e-04,0.000000000000000000e+00,7.742579676805897218e-05,6.567194624231416063e-05,0.000000000000000000e+00,6.227567275908141645e-03,3.666286186722435357e-05,3.666286186703009164e-05,3.666286186833133754e-05,3.666286186857148832e-05
3.699768764452221665e-04,0.000000000000000000e+00,7.723702630940870500e-05,6.538767261506687686e-05,0.000000000000000000e+00,6.227569284511672541e-03,3.826440386267127675e-05,3.826440386246907982e-05,3.826440386300296130e-05,3.826440386325347977e-05
3.749765639647521863e-04,0.000000000000000000e+00,7.685003300688434639e-05,6.510364420716621193e-05,0.000000000000000000e+00,6.227569012975269803e-03,3.628404686162401750e-05,3.628404686141355353e-05,3.628404686166554244e-05,3.628404686192670641e-05
3.799762514842822060e-04,0.000000000000000000e+00,7.630358449825741605e-05,6.481986101861216584e-05,0.000000000000000000e+00,6.227566828574196585e-03,3.132341756455391592e-05,3.132341756433506971e-05,3.132341756480302493e-05,3.132341756507470566e-05
3.849759390038122800e-04,0.000000000000000000e+00,7.564435316845840901e-05,6.453632304940475214e-05,0.000000000000000000e+00,6.227563553745024856e-03,2.433674720081143594e-05,2.433674720058469538e-05,2.433674720094601592e-05,2.433674720122761033e-05
3.899756265233422997e-04,0.000000000000000000e+00,7.492151310537675986e-05,6.425303029954394373e-05,0.000000000000000000e+00,6.227560142989871719e-03,1.649695637263359283e-05,1.649695637239990660e-05,1.649695637196075051e-05,1.649695637225128959e-05
3.949753140428723195e-04,0.000000000000000000e+00,7.418746979511954066e-05,6.396998276902978126e-05,0.000000000000000000e+00,6.227557128454101407e-03,8.957283459310917012e-06,8.957283459071477738e-06,8.957283458382790824e-06,8.957283458681039595e-06
3.999750015624023393e-04,0.000000000000000000e+00,7.349476891530437768e-05,6.368718045786223763e-05,0.000000000000000000e+00,6.227554503159838176e-03,2.609939937626648229e-06,2.609939937383122868e-06,2.609939937245776476e-06,2.609939937550142519e-06
4.049746890819323590e-04,0.000000000000000000e+00,7.289212839106738295e-05,6.340462336604131284e-05,0.000000000000000000e+00,6.227552491493991253e-03,-2.052456680925966913e-06,-2.052456681171848719e-06,-2.052456681814424853e-06,-2.052456681505494997e-06
4.099743766014623788e-04,0.000000000000000000e+00,7.242243217050084816e-05,6.312231149356700688e-05,0.000000000000000000e+00,6.227552339674299886e-03,-4.976576573830071497e-06,-4.976576574076447971e-06,-4.976576574429389659e-06,-4.976576574117457918e-06
4.149740641209924527e-04,0.000000000000000000e+00,7.212487630694207916e-05,6.284024484043933332e-05,0.000000000000000000e+00,6.227555598965324457e-03,-6.466483018927083346e-06,-6.466483019172216375e-06,-6.466483018963018718e-06,-6.466483018649532672e-06
4.199737516405224725e-04,0.000000000000000000e+00,7.202914029712619557e-05,6.255842340665827860e-05,0.000000000000000000e+00,6.227562389792840221e-03,-7.027021592688333058e-06,-7.027021592930692054e-06,-7.027021592718412892e-06,-7.027021592404494011e-06
4.249734391600524922e-04,0.000000000000000000e+00,7.215175768521839370e-05,6.227684719222385628e-05,0.000000000000000000e+00,6.227570684894209035e-03,-7.149803098828623262e-06,-7.149803099066989345e-06,-7.149803098997789294e-06,-7.149803098684265978e-06
4.299731266795825120e-04,0.000000000000000000e+00,7.249129667675755005e-05,6.199551619713605279e-05,0.000000000000000000e+00,6.227577303056058312e-03,-7.156081585285533521e-06,-7.156081585519048646e-06,-7.156081584847269357e-06,-7.156081584534620179e-06
4.349728141991125317e-04,0.000000000000000000e+00,7.302690647148812376e-05,6.171443042139486814e-05,0.000000000000000000e+00,6.227579886193691794e-03,-7.095653317851652297e-06,-7.095653318079809091e-06,-7.095653317658909102e-06,-7.095653317347288222e-06
4.399725017186425515e-04,0.000000000000000000e+00,7.371804904063646187e-05,6.143358986500031588e-05,0.000000000000000000e+00,6.227578062410610640e-03,-6.735771320781425263e-06,-6.735771321004036533e-06,-6.735771322239487450e-06,-6.735771321928725461e-06
4.449721892381726255e-04,0.000000000000000000e+00,7.451663613841829823e-05,6.115299452795236890e-05,0.000000000000000000e+00,6.227572880346378924e-03,-5.678306328233681564e-06,-5.678306328450945515e-06,-5.678306329081981672e-06,-5.678306328771600001e-06
4.499718767577026452e-04,0.000000000000000000e+00,7.537540362920005263e-05,6.087264441025106788e-05,0.000000000000000000e+00,6.227565913953544800e-03,-3.582239094057520231e-06,-3.582239094269807863e-06,-3.582239094853438975e-06,-3.582239094542769313e-06
4.549715642772326650e-04,0.000000000000000000e+00,7.625329585893490217e-05,6.059253951189637891e-05,0.000000000000000000e+00,6.227558931155227802e-03,-2.909075341661883444e-07,-2.909075343741840609e-07,-2.909075360409949762e-07,-2.909075357291496323e-07
4.599712517967626847e-04,0.000000000000000000e+00,7.711559510226015021e-05,6.031267983288831556e-05,0.000000000000000000e+00,6.227553898013593429e-03,4.105261711904017110e-06,4.105261711699529804e-06,4.105261711206543923e-06,4.105261711520698279e-06
4.649709393162927045e-04,0.000000000000000000e+00,7.793575359647628316e-05,6.003306537322687783e-05,0.000000000000000000e+00,6.227552623794918411e-03,9.260099263342748543e-06,9.260099263140702386e-06,9.260099262895601544e-06,9.260099263213404918e-06
4.699706268358227784e-04,0.000000000000000000e+00,7.868984466956015830e-05,5.975369613291205893e-05,0.000000000000000000e+00,6.227555575989964995e-03,1.464182508893538070e-05,1.464182508873471521e-05,1.464182508848579255e-05,1.464182508880871201e-05
4.749703143553527982e-04,0.000000000000000000e+00,7.935433023252851017e-05,5.947457211194386565e-05,0.000000000000000000e+00,6.227561069936378250e-03,1.965483498798978364e-05,1.965483498778914187e-05,1.965483498849779673e-05,1.965483498882747890e-05
4.799700018748828179e-04,0.000000000000000000e+00,7.990511230563564497e-05,5.919569331032229121e-05,0.000000000000000000e+00,6.227566102498452785e-03,2.371194120476144101e-05,2.371194120455961339e-05,2.371194120550061956e-05,2.371194120583859248e-05
4.849696893944128377e-04,0.000000000000000000e+00,8.031728294618062879e-05,5.891705972804734239e-05,0.000000000000000000e+00,6.227568215241344012e-03,2.633848667080901688e-05,2.633848667060498358e-05,2.633848667143777960e-05,2.633848667178538159e-05
4.899693769139429117e-04,0.000000000000000000e+00,8.056322507353630012e-05,5.863867136511901918e-05,0.000000000000000000e+00,6.227566906101567393e-03,2.725539625868305473e-05,2.725539625847605343e-05,2.725539625873815930e-05,2.725539625909618319e-05
4.949690644334729314e-04,0.000000000000000000e+00,8.061892795801735897e-05,5.836052822153731481e-05,0.000000000000000000e+00,6.227563665752314584e-03,2.641637902911021771e-05,2.641637902889974697e-05,2.641637903002528774e-05,2.641637903039420785e-05
4.999687519530029512e-04,0.000000000000000000e+00,8.047183865770839314e-05,5.808263029730224283e-05,0.000000000000000000e+00,6.227560772213749582e-03,2.397257248747396456e-05,2.397257248726006502e-05,2.397257248806118201e-05,2.397257248844072053e-05
5.049684394725329709e-04,0.000000000000000000e+00,8.012466372480189260e-05,5.780497759241378969e-05,0.000000000000000000e+00,6.227560087970040147e-03,2.024602943329270932e-05,2.024602943307577402e-05,2.024602943270019961e-05,2.024602943308952306e-05
5.099681269920629907e-04,0.000000000000000000e+00,7.959656791505946355e-05,5.752757010687195539e-05,0.000000000000000000e+00,6.227562313446522932e-03,1.568641947924801749e-05,1.568641947902878843e-05,1.568641947909113344e-05,1.568641947948893061e-05
5.149678145115930104e-04,0.000000000000000000e+00,7.892168686463716027e-05,5.725040784067675348e-05,0.000000000000000000e+00,6.227566478949202698e-03,1.079976008134977109e-05,1.079976008112935618e-05,1.079976008079119352e-05,1.079976008119564159e-05
5.199675020311230302e-04,0.000000000000000000e+00,7.814308947386492234e-05,5.697349079382816364e-05,0.000000000000000000e+00,6.227570436973662964e-03,6.095920299900199082e-06,6.095920299679885812e-06,6.095920298760674646e-06,6.095920299169841535e-06
5.249671895506530499e-04,0.000000000000000000e+00,7.730570133080950045e-05,5.669681896632620618e-05,0.000000000000000000e+00,6.227572161248712095e-03,2.074099106362833455e-06,2.074099106144037222e-06,2.074099105163972668e-06,2.074099105575687431e-06
5.299668770701830697e-04,0.000000000000000000e+00,7.645518047408746923e-05,5.642039235817086757e-05,0.000000000000000000e+00,6.227570810063131138e-03,-8.793583832785797311e-07,-8.793583834944604773e-07,-8.793583838514907938e-07,-8.793583834391864953e-07
5.349665645897130895e-04,0.000000000000000000e+00,7.563397992456588831e-05,5.614421096936215457e-05,0.000000000000000000e+00,6.227567026572846179e-03,-2.597828355712302594e-06,-2.597828355923756746e-06,-2.597828357303952041e-06,-2.597828356892991136e-06
5.399662521092431092e-04,0.000000000000000000e+00,7.487656581060646299e-05,5.586827479990006718e-05,0.000000000000000000e+00,6.227562314719356333e-03,-3.123970704956744572e-06,-3.123970705162249165e-06,-3.123970705957457248e-06,-3.123970705549646460e-06
5.449659396287732374e-04,0.000000000000000000e+00,7.420495326811186391e-05,5.559258384978459864e-05,0.000000000000000000e+00,6.227558285264339286e-03,-2.670664820411793936e-06,-2.670664820610180911e-06,-2.670664819837373461e-06,-2.670664819434145120e-06
5.499656271483032571e-04,0.000000000000000000e+00,7.363016218302114780e-05,5.531713811901575571e-05,0.000000000000000000e+00,6.227556105493881403e-03,-1.579080545057559165e-06,-1.579080545247888315e-06,-1.579080545926746259e-06,-1.579080545529050738e-06
5.549653146678332769e-04,0.000000000000000000e+00,7.315073220096773333e-05,5.504193760759354517e-05,0.000000000000000000e+00,6.227555833987768671e-03,-2.171498833465548562e-07,-2.171498835281705786e-07,-2.171498832669252889e-07,-2.171498828756130079e-07
5.599650021873632966e-04,0.000000000000000000e+00,7.275534415388753456e-05,5.476698231551794670e-05,0.000000000000000000e+00,6.227556473531891193e-03,1.057466018094758224e-06,1.057466017921924540e-06,1.057466018471408365e-06,1.057466018856093460e-06
5.649646897068933164e-04,0.000000000000000000e+00,7.242375088288544559e-05,5.449227224278897384e-05,0.000000000000000000e+00,6.227557168892353112e-03,1.895657468584288193e-06,1.895657468420053587e-06,1.895657468941786919e-06,1.895657469319746573e-06
5.699643772264233361e-04,0.000000000000000000e+00,7.212791144919986899e-05,5.421780738940662660e-05,0.000000000000000000e+00,6.227558236699176110e-03,2.066211108673882333e-06,2.066211108517672517e-06,2.066211108750020431e-06,2.066211109121440990e-06
5.749640647459533559e-04,0.000000000000000000e+00,7.182899212241994835e-05,5.394358775537089819e-05,0.000000000000000000e+00,6.227560750993652722e-03,1.554615367274527464e-06,1.554615367125392067e-06,1.554615367116740472e-06,1.554615367482142015e-06
5.799637522654833757e-04,0.000000000000000000e+00,7.148342733535512409e-05,5.366961334068180218e-05,0.000000000000000000e+00,6.227564981934744122e-03,5.387154116130482735e-07,5.387154114697929793e-07,5.387154118870329388e-07,5.387154122469880600e-07
5.849634397850133954e-04,0.000000000000000000e+00,7.104997509180184826e-05,5.339588414533931823e-05,0.000000000000000000e+00,6.227569537510225205e-03,-7.134832525552087603e-07,-7.134832526936308846e-07,-7.134832538627853795e-07,-7.134832535077972594e-07
5.899631273045434152e-04,0.000000000000000000e+00,7.049821680119535187e-05,5.312240016934346667e-05,0.000000000000000000e+00,6.227572458078191493e-03,-1.939094565789914416e-06,-1.939094565924650253e-06,-1.939094565836360621e-06,-1.939094565485907515e-06
5.949628148240734349e-04,0.000000000000000000e+00,6.981351844649450649e-05,5.284916141269424073e-05,0.000000000000000000e+00,6.227572744847503783e-03,-2.997074267873128765e-06,-2.997074268005104968e-06,-2.997074268243282163e-06,-2.997074267896904980e-06
5.999625023436035631e-04,0.000000000000000000e+00,6.900365571776062362e-05,5.257616787539162685e-05,0.000000000000000000e+00,6.227570524933818616e-03,-3.927532718650060919e-06,-3.927532718779980526e-06,-3.927532719758464517e-06,-3.927532719416114128e-06
6.049621898631335828e-04,0.000000000000000000e+00,6.809869575124082443e-05,5.230341955743564536e-05,0.000000000000000000e+00,6.227566398383487141e-03,-4.948053424713723229e-06,-4.948053424842199492e-06,-4.948053425128843912e-06,-4.948053424790511848e-06
6.099618773826636026e-04,0.000000000000000000e+00,6.715057446822053069e-05,5.203091645882628271e-05,0.000000000000000000e+00,6.227561027976889416e-03,-6.416517948870964792e-06,-6.416517948998346689e-06,-6.416517948963960539e-06,-6.416517948629767078e-06
6.149615649021936224e-04,0.000000000000000000e+00,6.623127471971917849e-05,5.175865857956354568e-05,0.000000000000000000e+00,6.227555493939718190e-03,-8.785580280294730027e-06,-8.785580280421198822e-06,-8.785580279858125200e-06,-8.785580279528338004e-06
6.199612524217236421e-04,0.000000000000000000e+00,6.542787757858978964e-05,5.148664591964743426e-05,0.000000000000000000e+00,6.227551669491252807e-03,-1.242369580683299124e-05,-1.242369580695866044e-05,-1.242369580751213548e-05,-1.242369580718704085e-05
6.249609399412536619e-04,0.000000000000000000e+00,6.482958793125096451e-05,5.121487847907794168e-05,0.000000000000000000e+00,6.227551284797725774e-03,-1.742412724804335487e-05,-1.742412724816820414e-05,-1.742412724708649225e-05,-1.742412724676642899e-05
6.299606274607836816e-04,0.000000000000000000e+00,6.451512127472584530e-05,5.094335625785507472e-05,0.000000000000000000e+00,6.227554625117475741e-03,-2.355551102868427453e-05,-2.355551102880840890e-05,-2.355551102828211345e-05,-2.355551102796721709e-05
6.349603149803137014e-04,0.000000000000000000e+00,6.454333674742548542e-05,5.067207925597883337e-05,0.000000000000000000e+00,6.227560253617136013e-03,-3.033895209313009086e-05,-3.033895209325346290e-05,-3.033895209330359031e-05,-3.033895209299405398e-05
6.399600024998437211e-04,0.000000000000000000e+00,6.494537725564666659e-05,5.040104747344921086e-05,0.000000000000000000e+00,6.227565924044312431e-03,-3.715955007137646356e-05,-3.715955007149902584e-05,-3.715955007070868312e-05,-3.715955007040459829e-05
6.449596900193737409e-04,0.000000000000000000e+00,6.572002533923910366e-05,5.013026091026622074e-05,0.000000000000000000e+00,6.227570022967834212e-03,-4.345852166833235469e-05,-4.345852166845421902e-05,-4.345852166879961872e-05,-4.345852166850097524e-05
6.499593775389037606e-04,0.000000000000000000e+00,6.683355157207615505e-05,4.985971956642984947e-05,0.000000000000000000e+00,6.227572064768796024e-03,-4.881389341232595324e-05,-4.881389341244718737e-05,-4.881389341315040768e-05,-4.881389341285688704e-05
6.549590650584338888e-04,0.000000000000000000e+00,6.822237312991198969e-05,4.958942344194009703e-05,0.000000000000000000e+00,6.227572137507383747e-03,-5.292283014328012547e-05,-5.292283014340083783e-05,-5.292283014468336091e-05,-5.292283014439483438e-05
6.599587525779639086e-04,0.000000000000000000e+00,6.979722512420376637e-05,4.931937253679697020e-05,0.000000000000000000e+00,6.227570372946714290e-03,-5.559421529457869737e-05,-5.559421529469951137e-05,-5.559421529462285828e-05,-5.559421529433845172e-05
6.649584400974939283e-04,0.000000000000000000e+00,7.145734125937234051e-05,4.904956685100046900e-05,0.000000000000000000e+00,6.227566973993264865e-03,-5.678025961531651727e-05,-5.678025961543773785e-05,-5.678025961687153424e-05,-5.678025961659061746e-05
6.699581276170239481e-04,0.000000000000000000e+00,7.310673123340680722e-05,4.878000638455059340e-05,0.000000000000000000e+00,6.227562668543885037e-03,-5.655003040665325490e-05,-5.655003040677557323e-05,-5.655003040780132335e-05,-5.655003040752279859e-05
6.749578151365539678e-04,0.000000000000000000e+00,7.466744882108867435e-05,4.851069113744733665e-05,0.000000000000000000e+00,6.227558861335569067e-03,-5.505604360036355670e-05,-5.505604360048758266e-05,-5.505604359942891345e-05,-5.505604359915177104e-05
6.799575026560839876e-04,0.000000000000000000e+00,7.608551785834365101e-05,4.824162110969070551e-05,0.000000000000000000e+00,6.227556991162186591e-03,-5.247269018161342103e-05,-5.247269018173975768e-05,-5.247269018197245458e-05,-5.247269018169550191e-05
6.849571901756140073e-04,0.000000000000000000e+00,7.733549045567680803e-05,4.797279630128069999e-05,0.000000000000000000e+00,6.227557652138267751e-03,-4.897536783077076350e-05,-4.897536783089990553e-05,-4.897536782995095080e-05,-4.897536782967314433e-05
6.899568776951440271e-04,0.000000000000000000e+00,7.841580519481358930e-05,4.770421671221731331e-05,0.000000000000000000e+00,6.227560374539164480e-03,-4.478616336438145831e-05,-4.478616336451374453e-05,-4.478616336373382370e-05,-4.478616336345431638e-05
6.949565652146740468e-04,0.000000000000000000e+00,7.934343022157941991e-05,4.743588234250055224e-05,0.000000000000000000e+00,6.227564040488311158e-03,-4.024559283097391187e-05,-4.024559283110944392e-05,-4.024559283029854201e-05,-4.024559283001684595e-05
6.999562527342040666e-04,0.000000000000000000e+00,8.014769728457253324e-05,4.716779319213041679e-05,0.000000000000000000e+00,6.227567436550388545e-03,-3.580216036217902129e-05,-3.580216036231760265e-05,-3.580216036208871402e-05,-3.580216036180470726e-05
7.049559402537340863e-04,0.000000000000000000e+00,8.086601711745737553e-05,4.689994926110690695e-05,0.000000000000000000e+00,6.227569494911834244e-03,-3.188438056960480964e-05,-3.188438056974608796e-05,-3.188438056964881470e-05,-3.188438056936286993e-05
7.099556277732641061e-04,0.000000000000000000e+00,8.153506147036750377e-05,4.663235054943001595e-05,0.000000000000000000e+00,6.227569304599782536e-03,-2.872935247873332676e-05,-2.872935247887671589e-05,-2.872935247804042671e-05,-2.872935247775326221e-05
7.149553152927942343e-04,0.000000000000000000e+00,8.218873521821632474e-05,4.636499705709974379e-05,0.000000000000000000e+00,6.227566586176062902e-03,-2.635355410976615809e-05,-2.635355410991106509e-05,-2.635355411095212619e-05,-2.635355411066481261e-05
7.199550028123242540e-04,0.000000000000000000e+00,8.285876352498025902e-05,4.609788878411610403e-05,0.000000000000000000e+00,6.227562269352449921e-03,-2.462853631269559381e-05,-2.462853631284125298e-05,-2.462853631308078712e-05,-2.462853631279467295e-05
7.249546903318542738e-04,0.000000000000000000e+00,8.357610935211518650e-05,4.583102573047908310e-05,0.000000000000000000e+00,6.227558230855560588e-03,-2.336002796746069050e-05,-2.336002796760619382e-05,-2.336002796729404185e-05,-2.336002796701069917e-05
7.299543778513842935e-04,0.000000000000000000e+00,8.436837394076699857e-05,4.556440789618868779e-05,0.000000000000000000e+00,6.227556248948344989e-03,-2.234490852919320743e-05,-2.234490852933765365e-05,-2.234490852948884225e-05,-2.234490852920971779e-05
7.349540653709143133e-04,0.000000000000000000e+00,8.525895133138697410e-05,4.529803528124491809e-05,0.000000000000000000e+00,6.227556974989357889e-03,-2.141056975479395597e-05,-2.141056975493655566e-05,-2.141056975581840844e-05,-2.141056975554471854e-05
7.399537528904443330e-04,0.000000000000000000e+00,8.626168091051278092e-05,4.503190788564776723e-05,0.000000000000000000e+00,6.227559791452930670e-03,-2.046783438526838286e-05,-2.046783438540822461e-05,-2.046783438487931352e-05,-2.046783438461210851e-05
7.449534404099743528e-04,0.000000000000000000e+00,8.737634803585833708e-05,4.476602570939724199e-05,0.000000000000000000e+00,6.227563565139289728e-03,-1.957538206697678545e-05,-1.957538206711325262e-05,-1.957538206617837219e-05,-1.957538206591812301e-05
7.499531279295043725e-04,0.000000000000000000e+00,8.858971168004912272e-05,4.450038875249333559e-05,0.000000000000000000e+00,6.227567278512254750e-03,-1.894830961829487533e-05,-1.894830961842763249e-05,-1.894830961927904291e-05,-1.894830961902568519e-05
7.549528154490343923e-04,0.000000000000000000e+00,8.988092730789288068e-05,4.423499701493605480e-05,0.000000000000000000e+00,6.227569979686272718e-03,-1.881602057475560783e-05,-1.881602057488478374e-05,-1.881602057352078287e-05,-1.881602057327344248e-05
7.599525029685644121e-04,0.000000000000000000e+00,9.122345346607063274e-05,4.396985049672540641e-05,0.000000000000000000e+00,6.227570637342508611e-03,-1.921455147597441322e-05,-1.921455147610072955e-05,-1.921455147591038430e-05,-1.921455147566758062e-05
7.649521904880944318e-04,0.000000000000000000e+00,9.258604813883999831e-05,4.370494919786137007e-05,0.000000000000000000e+00,6.227568491062061840e-03,-1.988727080913248828e-05,-1.988727080925718169e-05,-1.988727081068588571e-05,-1.988727081044534869e-05
7.699518780076245600e-04,0.000000000000000000e+00,9.393454704398062911e-05,4.344029311834395936e-05,0.000000000000000000e+00,6.227563802962623671e-03,-2.039464732975582994e-05,-2.039464732988069276e-05,-2.039464733020804389e-05,-2.039464732996700881e-05
7.749515655271545797e-04,0.000000000000000000e+00,9.523008986796108980e-05,4.317588225817318103e-05,0.000000000000000000e+00,6.227558309011488498e-03,-2.026243781736943896e-05,-2.026243781749657521e-05,-2.026243781860880740e-05,-2.026243781836413007e-05
7.799512530466845995e-04,0.000000000000000000e+00,9.642662223817750227e-05,4.291171661734901477e-05,0.000000000000000000e+00,6.227554532950911430e-03,-1.911687002445628520e-05,-1.911687002458809030e-05,-1.911687002629208342e-05,-1.911687002604042315e-05
7.849509405662146192e-04,0.000000000000000000e+00,9.746968263324544684e-05,4.264779619587148090e-05,0.000000000000000000e+00,6.227554363405491192e-03,-1.680305940270266805e-05,-1.680305940284162889e-05,-1.680305940462704898e-05,-1.680305940436498037e-05
7.899506280857446390e-04,0.000000000000000000e+00,9.829634630397793445e-05,4.238412099374056586e-05,0.000000000000000000e+00,6.227557933216443242e-03,-1.340806092753728976e-05,-1.340806092768566961e-05,-1.340806092728703388e-05,-1.340806092701141444e-05
7.949503156052746588e-04,0.000000000000000000e+00,9.883317324673978319e-05,4.212069101095627645e-05,0.000000000000000000e+00,6.227563366952171102e-03,-9.213264315622128538e-06,-9.213264315782065299e-06,-9.213264315198551078e-06,-9.213264314906470401e-06
7.999500031248046785e-04,0.000000000000000000e+00,9.900232253045470774e-05,4.185750624751861265e-05,0.000000000000000000e+00,6.227567901868325505e-03,-4.706381535803686874e-06,-4.706381535976911040e-06,-4.706381535626489275e-06,-4.706381535315520610e-06
8.049496906443346983e-04,0.000000000000000000e+00,9.873281561141217830e-05,4.159456670342756091e-05,0.000000000000000000e+00,6.227569600797868560e-03,-4.485463266073011726e-07,-4.485463267950341669e-07,-4.485463244470503668e-07,-4.485463241154284976e-07
8.099493781638647180e-04,0.000000000000000000e+00,9.797343749374127228e-05,4.133187237868314156e-05,0.000000000000000000e+00,6.227568290593693372e-03,3.174375892841047655e-06,3.174375892638146841e-06,3.174375894662208302e-06,3.174375895015525226e-06
8.149490656833947378e-04,0.000000000000000000e+00,9.670141145825832845e-05,4.106942327328534783e-05,0.000000000000000000e+00,6.227565432122487109e-03,6.081006212395438151e-06,6.081006212177302603e-06,6.081006213160319067e-06,6.081006213535507228e-06
8.199487532029247575e-04,0.000000000000000000e+00,9.493128483637021853e-05,4.080721938723417294e-05,0.000000000000000000e+00,6.227563007947403348e-03,8.440804823760066338e-06,8.440804823527391470e-06,8.440804824594099024e-06,8.440804824990349507e-06
8.249484407224548857e-04,0.000000000000000000e+00,9.271403335072153781e-05,4.054526072052962366e-05,0.000000000000000000e+00,6.227562341414612582e-03,1.055850948500748459e-05,1.055850948476172307e-05,1.055850948596373905e-05,1.055850948637915281e-05
8.299481282419849055e-04,0.000000000000000000e+00,9.013110494990408158e-05,4.028354727317170000e-05,0.000000000000000000e+00,6.227563605897310818e-03,1.265692179802915189e-05,1.265692179777230101e-05,1.265692179653617670e-05,1.265692179696794835e-05
8.349478157615149252e-04,0.000000000000000000e+00,8.728605640475164181e-05,4.002207904516039518e-05,0.000000000000000000e+00,6.227565770278589187e-03,1.473986920596358394e-05,1.473986920569817294e-05,1.473986920440381681e-05,1.473986920484835495e-05
8.399475032810449450e-04,0.000000000000000000e+00,8.429711285785874237e-05,3.976085603649571597e-05,0.000000000000000000e+00,6.227567244629602858e-03,1.668186662540393800e-05,1.668186662513272483e-05,1.668186662568912722e-05,1.668186662614219837e-05
8.449471908005749647e-04,0.000000000000000000e+00,8.128346872325229681e-05,3.949987824717765561e-05,0.000000000000000000e+00,6.227567123559404720e-03,1.839247701278057614e-05,1.839247701250630687e-05,1.839247701057076883e-05,1.839247701102797688e-05
8.499468783201049845e-04,0.000000000000000000e+00,7.835519631540374349e-05,3.923914567720622763e-05,0.000000000000000000e+00,6.227565784594400744e-03,1.984818069840154787e-05,1.984818069812660437e-05,1.984818069647094633e-05,1.984818069692805613e-05
8.549465658396350042e-04,0.000000000000000000e+00,7.560658083247378657e-05,3.897865832658141850e-05,0.000000000000000000e+00,6.227564358181913486e-03,2.110225102921516467e-05,2.110225102894155947e-05,2.110225102908594810e-05,2.110225102953894132e-05
8.599462533591650240e-04,0.000000000000000000e+00,7.311253557661726292e-05,3.871841619530322820e-05,0.000000000000000000e+00,6.227563645615209059e-03,2.235054165346834224e-05,2.235054165319754242e-05,2.235054165260778387e-05,2.235054165305325205e-05
8.649459408786950437e-04,0.000000000000000000e+00,7.092646169729975439e-05,3.845841928337167029e-05,0.000000000000000000e+00,6.227563445223229140e-03,2.393233403652869995e-05,2.393233403626138990e-05,2.393233403551750185e-05,2.393233403595295810e-05
8.699456283982250635e-04,0.000000000000000000e+00,6.908342551605190765e-05,3.819866759078673123e-05,0.000000000000000000e+00,6.227563016305927290e-03,2.624899871603376587e-05,2.624899871577014550e-05,2.624899871621515289e-05,2.624899871663876084e-05
8.749453159177550832e-04,0.000000000000000000e+00,6.760051751530054111e-05,3.793916111754841778e-05,0.000000000000000000e+00,6.227561810517989911e-03,2.967811418983015093e-05,2.967811418956993225e-05,2.967811419068966915e-05,2.967811419110040898e-05
8.799450034372851030e-04,0.000000000000000000e+00,6.647330499175542820e-05,3.767989986365672994e-05,0.000000000000000000e+00,6.227559828980659858e-03,3.437106097961397045e-05,3.437106097935618783e-05,3.437106097887607600e-05,3.437106097927393754e-05
8.849446909568152312e-04,0.000000000000000000e+00,6.567457008288668107e-05,3.742088382911166095e-05,0.000000000000000000e+00,6.227557909946110533e-03,4.005451475549073469e-05,4.005451475523407015e-05,4.005451475632726443e-05,4.005451475671278639e-05
8.899443784763452509e-04,0.000000000000000000e+00,6.515686475187992333e-05,3.716211301391321757e-05,0.000000000000000000e+00,6.227557373482709921e-03,4.612641203670641557e-05,4.612641203644935801e-05,4.612641203796825749e-05,4.612641203834253763e-05
8.949440659958752707e-04,0.000000000000000000e+00,6.485524833853485065e-05,3.690358741806139302e-05,0.000000000000000000e+00,6.227559061995761522e-03,5.186552188075145607e-05,5.186552188049171512e-05,5.186552187963228838e-05,5.186552187999719018e-05
8.999437535154052904e-04,0.000000000000000000e+00,6.469198282985620403e-05,3.664530704155619410e-05,0.000000000000000000e+00,6.227562531874866053e-03,5.652400309329369733e-05,5.652400309302891483e-05,5.652400309280907929e-05,5.652400309316670337e-05
9.049434410349353102e-04,0.000000000000000000e+00,6.458613951911409761e-05,3.638727188439762079e-05,0.000000000000000000e+00,6.227566030667580806e-03,5.941787323162728372e-05,5.941787323135486437e-05,5.941787323145518017e-05,5.941787323180762719e-05
9.099431285544653299e-04,0.000000000000000000e+00,6.446126804521736117e-05,3.612948194658567309e-05,0.000000000000000000e+00,6.227567695778777300e-03,6.006223125648574431e-05,6.006223125620283531e-05,6.006223125570068707e-05,6.006223125605034905e-05
9.149428160739953497e-04,0.000000000000000000e+00,6.425379967349710802e-05,3.587193722812034424e-05,0.000000000000000000e+00,6.227566755429461524e-03,5.821057511483456018e-05,5.821057511453856621e-05,5.821057511297196183e-05,5.821057511332070224e-05
9.199425035935253694e-04,0.000000000000000000e+00,6.392235596580357507e-05,3.561463772900164100e-05,0.000000000000000000e+00,6.227563561454594818e-03,5.392992007789758303e-05,5.392992007758617984e-05,5.392992007726583198e-05,5.392992007761512126e-05
9.249421911130553892e-04,0.000000000000000000e+00,6.345470779761983688e-05,3.535758344922956337e-05,0.000000000000000000e+00,6.227559169801359304e-03,4.766469511517086404e-05,4.766469511484244565e-05,4.766469511507819186e-05,4.766469511542863310e-05
9.299418786325854090e-04,0.000000000000000000e+00,6.286418389121528399e-05,3.510077438880410458e-05,0.000000000000000000e+00,6.227555108203629286e-03,4.013826658491295902e-05,4.013826658456665130e-05,4.013826658313141157e-05,4.013826658348309965e-05
9.349415661521154287e-04,0.000000000000000000e+00,6.218369217101101594e-05,3.484421054772527141e-05,0.000000000000000000e+00,6.227553149247499163e-03,3.214081850354880675e-05,3.214081850318465712e-05,3.214081850372202159e-05,3.214081850407395362e-05
9.399412536716455569e-04,0.000000000000000000e+00,6.145592961444266175e-05,3.458789192599306386e-05,0.000000000000000000e+00,6.227554714608399961e-03,2.445497475429144642e-05,2.445497475391043745e-05,2.445497475438480301e-05,2.445497475473530863e-05
9.449409411911755766e-04,0.000000000000000000e+00,6.072360006876370927e-05,3.433181852360747514e-05,0.000000000000000000e+00,6.227559783811409573e-03,1.784738879900493410e-05,1.784738879860879373e-05,1.784738879789926134e-05,1.784738879824619587e-05
9.499406287107055964e-04,0.000000000000000000e+00,6.001995722859575460e-05,3.407599034056851204e-05,0.000000000000000000e+00,6.227566474141479035e-03,1.299973465721424942e-05,1.299973465680534596e-05,1.299973465695944159e-05,1.299973465730028426e-05
9.549403162302356161e-04,0.000000000000000000e+00,5.936605879511478692e-05,3.382040737687617456e-05,0.000000000000000000e+00,6.227572236784890969e-03,1.041153836265377751e-05,1.041153836223489600e-05,1.041153836364423685e-05,1.041153836397637880e-05
9.599400037497656359e-04,0.000000000000000000e+00,5.876702576132029757e-05,3.356506963253045591e-05,0.000000000000000000e+00,6.227575445144966845e-03,1.035772840327835680e-05,1.035772840285232972e-05,1.035772840307614124e-05,1.035772840339707694e-05
9.649396912692956556e-04,0.000000000000000000e+00,5.821097816234154388e-05,3.330997710753136966e-05,0.000000000000000000e+00,6.227575964351497045e-03,1.276338209487271934e-05,1.276338209444237239e-05,1.276338209397945194e-05,1.276338209428718409e-05
9.699393787888256754e-04,0.000000000000000000e+00,5.767117290864693811e-05,3.305512980187890224e-05,0.000000000000000000e+00,6.227574470473363870e-03,1.717669179591398688e-05,1.717669179548199669e-05,1.717669179729264142e-05,1.717669179758534890e-05
9.749390663083556952e-04,0.000000000000000000e+00,5.711339752867337737e-05,3.280052771557305367e-05,0.000000000000000000e+00,6.227571448269385475e-03,2.295108503421378526e-05,2.295108503378254046e-05,2.295108503377318583e-05,2.295108503404950153e-05
9.799387538278858233e-04,0.000000000000000000e+00,5.650126414587394280e-05,3.254617084861383748e-05,0.000000000000000000e+00,6.227567266419177343e-03,2.941243107272267568e-05,2.941243107229399569e-05,2.941243107213690496e-05,2.941243107239624612e-05
9.849384413474157347e-04,0.000000000000000000e+00,5.580202497796046064e-05,3.229205920100123336e-05,0.000000000000000000e+00,6.227562704521321345e-03,3.586203334276597687e-05,3.586203334234138297e-05,3.586203334298014068e-05,3.586203334322222947e-05
9.899381288669458628e-04,0.000000000000000000e+00,5.499104016110946663e-05,3.203819277273526163e-05,0.000000000000000000e+00,6.227558737824245502e-03,4.165574253727072487e-05,4.165574253685152487e-05,4.165574253619371231e-05,4.165574253641872492e-05
9.949378163864757742e-04,0.000000000000000000e+00,5.405533963031796578e-05,3.178457156381590874e-05,0.000000000000000000e+00,6.227555966123680259e-03,4.629761867447605044e-05,4.629761867406306428e-05,4.629761867393293292e-05,4.629761867414148598e-05
9.999375039060059023e-04,0.000000000000000000e+00,5.299683727265290084e-05,3.153119557424318147e-05,0.000000000000000000e+00,6.227554340832547677e-03,4.946393738718219617e-05,4.946393738677607436e-05,4.946393738598956022e-05,4.946393738618262953e-05
1.004937191425535814e-03,0.000000000000000000e+00,5.183757687092309906e-05,3.127806480401707981e-05,0.000000000000000000e+00,6.227553761544981845e-03,5.107219348572485980e-05,5.107219348532624609e-05,5.107219348549883753e-05,5.107219348567754793e-05
1.009936878945065942e-03,0.000000000000000000e+00,5.062197063835991150e-05,3.102517925313759699e-05,0.000000000000000000e+00,6.227554697867611518e-03,5.132654472168214497e-05,5.132654472129175765e-05,5.132654472060209664e-05,5.132654472076768142e-05
1.014936566464595853e-03,0.000000000000000000e+00,4.941217673879672793e-05,3.077253892160473979e-05,0.000000000000000000e+00,6.227557562022732057e-03,5.056055311340532782e-05,5.056055311302401392e-05,5.056055311199025425e-05,5.056055311214400767e-05
1.019936253984125981e-03,0.000000000000000000e+00,4.827991407384078494e-05,3.052014380941850820e-05,0.000000000000000000e+00,6.227561740421435482e-03,4.905218567154686016e-05,4.905218567117594782e-05,4.905218567185703685e-05,4.905218567199982627e-05
1.024935941503656110e-03,0.000000000000000000e+00,4.729734196231765244e-05,3.026799391657889545e-05,0.000000000000000000e+00,6.227565679105040441e-03,4.703855298241240302e-05,4.703855298205355921e-05,4.703855298202197505e-05,4.703855298215437646e-05
1.029935629023186021e-03,0.000000000000000000e+00,4.652994572686699825e-05,3.001608924308591170e-05,0.000000000000000000e+00,6.227568189561488200e-03,4.476009849925088185e-05,4.476009849890596326e-05,4.476009849894546210e-05,4.476009849906771945e-05
1.034935316542716149e-03,0.000000000000000000e+00,4.603021099411432916e-05,2.976442978893954679e-05,0.000000000000000000e+00,6.227569446537184472e-03,4.238616500018474985e-05,4.238616499985585034e-05,4.238616500028815563e-05,4.238616500039999786e-05
1.039935004062246060e-03,0.000000000000000000e+00,4.583554418217555577e-05,2.951301555413980411e-05,0.000000000000000000e+00,6.227570333431723185e-03,3.996455422041544990e-05,3.996455422010484630e-05,3.996455422143453895e-05,3.996455422153511226e-05
1.044934691581776189e-03,0.000000000000000000e+00,4.596582450364539597e-05,2.926184653868669382e-05,0.000000000000000000e+00,6.227571065087518162e-03,3.743574204176231533e-05,3.743574204147214217e-05,3.743574204174792254e-05,3.743574204183612239e-05
1.049934379101306100e-03,0.000000000000000000e+00,4.642267708609888212e-05,2.901092274258019899e-05,0.000000000000000000e+00,6.227570799910911795e-03,3.458344954048933059e-05,3.458344954022141068e-05,3.458344954090033130e-05,3.458344954097487020e-05
1.054934066620836228e-03,0.000000000000000000e+00,4.718952589637074734e-05,2.876024416582032977e-05,0.000000000000000000e+00,6.227568654326557512e-03,3.115029655560876262e-05,3.115029655536464772e-05,3.115029655645694075e-05,3.115029655651636859e-05
1.059933754140366139e-03,0.000000000000000000e+00,4.823692031158074468e-05,2.850981080840708277e-05,0.000000000000000000e+00,6.227564738123293926e-03,2.708241050842451395e-05,2.708241050820538314e-05,2.708241050741062907e-05,2.708241050745356686e-05
1.064933441659896268e-03,0.000000000000000000e+00,4.952505469610555254e-05,2.825962267034046139e-05,0.000000000000000000e+00,6.227560182658072735e-03,2.258082923619753786e-05,2.258082923600399083e-05,2.258082923644911681e-05,2.258082923647456846e-05
1.069933129179426179e-03,0.000000000000000000e+00,5.100676013187155583e-05,2.800967975162046563e-05,0.000000000000000000e+00,6.227556479493744600e-03,1.797350158440732181e-05,1.797350158423971771e-05,1.797350158365077232e-05,1.797350158365790094e-05
1.074932816698956307e-03,0.000000000000000000e+00,5.262994044798049797e-05,2.775998205224708870e-05,0.000000000000000000e+00,6.227554763154868889e-03,1.373152414893873748e-05,1.373152414879727620e-05,1.373152414814317703e-05,1.373152414813143377e-05
1.079932504218486218e-03,0.000000000000000000e+00,5.434290407626221365e-05,2.751052957222033739e-05,0.000000000000000000e+00,6.227555498258967141e-03,1.036885858976686083e-05,1.036885858965115443e-05,1.036885858887820468e-05,1.036885858884780467e-05
1.084932191738016347e-03,0.000000000000000000e+00,5.609727275833326890e-05,2.726132231154021170e-05,0.000000000000000000e+00,6.227558400212912515e-03,8.256663045831464230e-06,8.256663045740843563e-06,8.256663044290853601e-06,8.256663044242518512e-06
1.089931879257546475e-03,0.000000000000000000e+00,5.785328980187358263e-05,2.701236027020670485e-05,0.000000000000000000e+00,6.227562446514013986e-03,7.544642648427233529e-06,7.544642648360876968e-06,7.544642648597309274e-06,7.544642648532160582e-06
1.094931566777076386e-03,0.000000000000000000e+00,5.958100909387311982e-05,2.676364344821982361e-05,0.000000000000000000e+00,6.227566062409108615e-03,8.137136159517124594e-06,8.137136159473539666e-06,8.137136158614072275e-06,8.137136158534012415e-06
1.099931254296606514e-03,0.000000000000000000e+00,6.125655464647734437e-05,2.651517184557956798e-05,0.000000000000000000e+00,6.227567534226242929e-03,9.563059176038330047e-06,9.563059176015881979e-06,9.563059175886575624e-06,9.563059175793872950e-06
1.104930941816136426e-03,0.000000000000000000e+00,6.285379668835651044e-05,2.626694546228593459e-05,0.000000000000000000e+00,6.227565923213876017e-03,1.108743898750299781e-05,1.108743898749994341e-05,1.108743898783416906e-05,1.108743898773122576e-05
1.109930629335666554e-03,0.000000000000000000e+00,6.434080079372069255e-05,2.601896429833892681e-05,0.000000000000000000e+00,6.227562032378220619e-03,1.199870295349297742e-05,1.199870295350733294e-05,1.199870295424753131e-05,1.199870295413684444e-05
1.114930316855196465e-03,0.000000000000000000e+00,6.567922899934745828e-05,2.577122835373853448e-05,0.000000000000000000e+00,6.227558239680195187e-03,1.179358462515679984e-05,1.179358462518668655e-05,1.179358462583782280e-05,1.179358462572165732e-05
1.119930004374726593e-03,0.000000000000000000e+00,6.682765796656374945e-05,2.552373762848477454e-05,0.000000000000000000e+00,6.227556942750281030e-03,1.018731871228265402e-05,1.018731871232672345e-05,1.018731871266365283e-05,1.018731871254342327e-05
1.124929691894256505e-03,0.000000000000000000e+00,6.774890645127888060e-05,2.527649212257763344e-05,0.000000000000000000e+00,6.227558889002824706e-03,7.171928528937335169e-06,7.171928528994808049e-06,7.171928530325593371e-06,7.171928530201872350e-06
1.129929379413786633e-03,0.000000000000000000e+00,6.841916977084860744e-05,2.502949183601711457e-05,0.000000000000000000e+00,6.227562889030634555e-03,2.943124814567117621e-06,2.943124814637932963e-06,2.943124813994397988e-06,2.943124813866733182e-06
1.134929066933316544e-03,0.000000000000000000e+00,6.883386478263494310e-05,2.478273676880322470e-05,0.000000000000000000e+00,6.227566979483506807e-03,-2.198485160575469692e-06,-2.198485160490668141e-06,-2.198485160228189571e-06,-2.198485160361255059e-06
1.139928754452846672e-03,0.000000000000000000e+00,6.901155895823662338e-05,2.453622692093595367e-05,0.000000000000000000e+00,6.227569669871247521e-03,-7.797791583362822935e-06,-7.797791583262486800e-06,-7.797791583053533936e-06,-7.797791583194524264e-06
1.144928441972376800e-03,0.000000000000000000e+00,6.899669045939800451e-05,2.428996229241530826e-05,0.000000000000000000e+00,6.227570192531859360e-03,-1.319539435137169866e-05,-1.319539435125381878e-05,-1.319539435207850361e-05,-1.319539435223056974e-05
1.149928129491906712e-03,0.000000000000000000e+00,6.885416476691181317e-05,2.404394288324128507e-05,0.000000000000000000e+00,6.227568325419350487e-03,-1.777081818594124712e-05,-1.777081818580325529e-05,-1.777081818621173185e-05,-1.777081818637857023e-05
1.154927817011436840e-03,0.000000000000000000e+00,6.865882237778646671e-05,2.379816869341388412e-05,0.000000000000000000e+00,6.227564620686661459e-03,-2.110798827602504803e-05,-2.110798827586394237e-05,-2.110798827647420589e-05,-2.110798827665984841e-05
1.159927504530966751e-03,0.000000000000000000e+00,6.848508782367193821e-05,2.355263972293311216e-05,0.000000000000000000e+00,6.227560600272465455e-03,-2.297511235489715461e-05,-2.297511235470967573e-05,-2.297511235417273477e-05,-2.297511235438131155e-05
1.164927192050496879e-03,0.000000000000000000e+00,6.840074999604269662e-05,2.330735597179895904e-05,0.000000000000000000e+00,6.227558232176163069e-03,-2.334126794001526670e-05,-2.334126793979855163e-05,-2.334126794066573380e-05,-2.334126794090107682e-05
1.169926879570026791e-03,0.000000000000000000e+00,6.846160441497738493e-05,2.306231744001142816e-05,0.000000000000000000e+00,6.227558658049322723e-03,-2.237403586182278150e-05,-2.237403586157404859e-05,-2.237403586135765538e-05,-2.237403586162328153e-05
1.174926567089556919e-03,0.000000000000000000e+00,6.871278329735033743e-05,2.281752412757052627e-05,0.000000000000000000e+00,6.227561336032827813e-03,-2.034603864237080549e-05,-2.034603864208778468e-05,-2.034603864153888023e-05,-2.034603864183794384e-05
1.179926254609086830e-03,0.000000000000000000e+00,6.919006861264324296e-05,2.257297603447624323e-05,0.000000000000000000e+00,6.227564715464968190e-03,-1.766438198242754315e-05,-1.766438198210894695e-05,-1.766438198246620173e-05,-1.766438198280082379e-05
1.184925942128616959e-03,0.000000000000000000e+00,6.991896386242374395e-05,2.232867316072858580e-05,0.000000000000000000e+00,6.227567554823105686e-03,-1.489672147615508539e-05,-1.489672147580053772e-05,-1.489672147563188499e-05,-1.489672147600347835e-05
1.189925629648146870e-03,0.000000000000000000e+00,7.090978918640124154e-05,2.208461550632755059e-05,0.000000000000000000e+00,6.227569455941717180e-03,-1.257125555470589836e-05,-1.257125555431598029e-05,-1.257125555472722157e-05,-1.257125555513626225e-05
1.194925317167676998e-03,0.000000000000000000e+00,7.215758190708601431e-05,2.184080307127314100e-05,0.000000000000000000e+00,6.227570341067799851e-03,-1.100386786382241542e-05,-1.100386786339910393e-05,-1.100386786324055122e-05,-1.100386786368616170e-05
1.199925004687207126e-03,0.000000000000000000e+00,7.363961019297453532e-05,2.159723585556535703e-05,0.000000000000000000e+00,6.227569824930738809e-03,-1.032617676671305194e-05,-1.032617676625927945e-05,-1.032617676782986149e-05,-1.032617676831020202e-05
1.204924692206737038e-03,0.000000000000000000e+00,7.531364052247439041e-05,2.135391385920418851e-05,0.000000000000000000e+00,6.227567526951958456e-03,-1.057453434697723124e-05,-1.057453434649654343e-05,-1.057453434653088723e-05,-1.057453434704338282e-05
1.209924379726267166e-03,0.000000000000000000e+00,7.711736335143489147e-05,2.111083708218964899e-05,0.000000000000000000e+00,6.227563852616457667e-03,-1.171282956403691200e-05,-1.171282956353355420e-05,-1.171282956318569640e-05,-1.171282956372685389e-05
1.214924067245797077e-03,0.000000000000000000e+00,7.897287317552785621e-05,2.086800552452173170e-05,0.000000000000000000e+00,6.227560070475710377e-03,-1.369755904035623115e-05,-1.369755903983480784e-05,-1.369755904142216113e-05,-1.369755904198808417e-05
1.219923754765327205e-03,0.000000000000000000e+00,8.078997465270957537e-05,2.062541918620043664e-05,0.000000000000000000e+00,6.227557677916155388e-03,-1.646678770856183137e-05,-1.646678770802669967e-05,-1.646678770732966271e-05,-1.646678770791626013e-05
1.224923442284857117e-03,0.000000000000000000e+00,8.247634235783102351e-05,2.038307806722576719e-05,0.000000000000000000e+00,6.227557636474619421e-03,-1.988560070200850763e-05,-1.988560070146392982e-05,-1.988560070088889610e-05,-1.988560070149214618e-05
1.229923129804387245e-03,0.000000000000000000e+00,8.395053000223358256e-05,2.014098216759771997e-05,0.000000000000000000e+00,6.227559773183304406e-03,-2.375345150009128931e-05,-2.375345149954092457e-05,-2.375345149916042721e-05,-2.375345149977676904e-05
1.234922817323917156e-03,0.000000000000000000e+00,8.515153842152639694e-05,1.989913148731629837e-05,0.000000000000000000e+00,6.227562821041626902e-03,-2.795254323744642667e-05,-2.795254323689320573e-05,-2.795254323634267159e-05,-2.795254323696922186e-05
1.239922504843447284e-03,0.000000000000000000e+00,8.604092992229770386e-05,1.965752602638149899e-05,0.000000000000000000e+00,6.227565063845120173e-03,-3.240139522576493370e-05,-3.240139522521094705e-05,-3.240139522381874337e-05,-3.240139522445349631e-05
1.244922192362977196e-03,0.000000000000000000e+00,8.660468200005442543e-05,1.941616578479331845e-05,0.000000000000000000e+00,6.227565293696227071e-03,-3.695477877636872943e-05,-3.695477877581524422e-05,-3.695477877495568873e-05,-3.695477877559769905e-05
1.249921879882507324e-03,0.000000000000000000e+00,8.685106556211266335e-05,1.917505076255177031e-05,0.000000000000000000e+00,6.227563667403921387e-03,-4.134334597771193419e-05,-4.134334597715909950e-05,-4.134334597746690450e-05,-4.134334597811636193e-05
1.254921567402037452e-03,0.000000000000000000e+00,8.680524902096332105e-05,1.893418095965684100e-05,0.000000000000000000e+00,6.227561463335629793e-03,-4.517901146091204891e-05,-4.517901146035916001e-05,-4.517901145964477920e-05,-4.517901146030290347e-05
1.259921254921567363e-03,0.000000000000000000e+00,8.650503991235339665e-05,1.869355637610853392e-05,0.000000000000000000e+00,6.227560035988491741e-03,-4.793712994769753246e-05,-4.793712994714280720e-05,-4.793712994800293189e-05,-4.793712994867219634e-05
1.264920942441097491e-03,0.000000000000000000e+00,8.599727530139933624e-05,1.845317701190685245e-05,0.000000000000000000e+00,6.227560067382321117e-03,-4.909483996524302525e-05,-4.909483996468399028e-05,-4.909483996593368914e-05,-4.909483996661727860e-05
1.269920629960627403e-03,0.000000000000000000e+00,8.533123120994025876e-05,1.821304286705179322e-05,0.000000000000000000e+00,6.227561341126311607e-03,-4.820066271913050148e-05,-4.820066271856412104e-05,-4.820066271999391943e-05,-4.820066272069557442e-05
1.274920317480157531e-03,0.000000000000000000e+00,8.455416311834400419e-05,1.797315394154335959e-05,0.000000000000000000e+00,6.227563033376850958e-03,-4.490714407354747380e-05,-4.490714407297040041e-05,-4.490714407318234161e-05,-4.490714407390595169e-05
1.279920004999687442e-03,0.000000000000000000e+00,8.371373919138495770e-05,1.773351023538154820e-05,0.000000000000000000e+00,6.227564194899080918e-03,-3.902694883785970441e-05,-3.902694883726865160e-05,-3.902694883748087740e-05,-3.902694883823014241e-05
1.284919692519217570e-03,0.000000000000000000e+00,8.285883134818378755e-05,1.749411174856635903e-05,0.000000000000000000e+00,6.227564221844649091e-03,-3.072428064761350565e-05,-3.072428064700530212e-05,-3.072428064800933431e-05,-3.072428064878730358e-05
1.289919380038747482e-03,0.000000000000000000e+00,8.203800513072431245e-05,1.725495848109779887e-05,0.000000000000000000e+00,6.227563455825391517e-03,-2.056711667021666139e-05,-2.056711666958839334e-05,-2.056711666742237424e-05,-2.056711666823147027e-05
1.294919067558277610e-03,0.000000000000000000e+00,8.129754889646435021e-05,1.701605043297585416e-05,0.000000000000000000e+00,6.227563098146620367e-03,-9.432096829281384464e-06,-9.432096828630890265e-06,-9.432096827851560661e-06,-9.432096828692945593e-06
1.299918755077807521e-03,0.000000000000000000e+00,8.067930187828513714e-05,1.677738760420053506e-05,0.000000000000000000e+00,6.227564072906808731e-03,1.723111074298681400e-06,1.723111074972882357e-06,1.723111074965543663e-06,1.723111074091898635e-06
1.304918442597337649e-03,0.000000000000000000e+00,8.021349162767968692e-05,1.653896999477184158e-05,0.000000000000000000e+00,6.227566068724123965e-03,1.203267969634653139e-05,1.203267969704518619e-05,1.203267969857274235e-05,1.203267969766800951e-05
1.309918130116867778e-03,0.000000000000000000e+00,7.991670539243106962e-05,1.630079760468977032e-05,0.000000000000000000e+00,6.227567668104982621e-03,2.088470812533224175e-05,2.088470812605521486e-05,2.088470812646785543e-05,2.088470812553440479e-05
1.314917817636397689e-03,0.000000000000000000e+00,7.979147417278783540e-05,1.606287043395432468e-05,0.000000000000000000e+00,6.227567527562307900e-03,2.791695006839371981e-05,2.791695006914016929e-05,2.791695006885057888e-05,2.791695006789171726e-05
1.319917505155927817e-03,0.000000000000000000e+00,7.982490173997868052e-05,1.582518848256549788e-05,0.000000000000000000e+00,6.227565529884853887e-03,3.293672722782839640e-05,3.293672722859674338e-05,3.293672722873813689e-05,3.293672722775792326e-05
1.324917192675457728e-03,0.000000000000000000e+00,7.998680167968780631e-05,1.558775175052330009e-05,0.000000000000000000e+00,6.227562684584842662e-03,3.592902102612390404e-05,3.592902102691190218e-05,3.592902102824449507e-05,3.592902102724755762e-05
1.329916880194987857e-03,0.000000000000000000e+00,8.023578420811266598e-05,1.535056023782772452e-05,0.000000000000000000e+00,6.227560343739247176e-03,3.708983077390825471e-05,3.708983077471319351e-05,3.708983077435846289e-05,3.708983077334972796e-05
1.334916567714517768e-03,0.000000000000000000e+00,8.052431308946169514e-05,1.511361394447877287e-05,0.000000000000000000e+00,6.227559545896154368e-03,3.670445465021268010e-05,3.670445465103152379e-05,3.670445465085799724e-05,3.670445464984259447e-05
1.339916255234047896e-03,0.000000000000000000e+00,8.080477724601747337e-05,1.487691287047644006e-05,0.000000000000000000e+00,6.227560420784164497e-03,3.503760737438081462e-05,3.503760737521054776e-05,3.503760737634543639e-05,3.503760737532813626e-05
1.344915942753577807e-03,0.000000000000000000e+00,8.103608502435268566e-05,1.464045701582073456e-05,0.000000000000000000e+00,6.227562129927556415e-03,3.233699272852329741e-05,3.233699272936111464e-05,3.233699272903834765e-05,3.233699272802358185e-05
1.349915630273107936e-03,0.000000000000000000e+00,8.118934270254117493e-05,1.440424638051165299e-05,0.000000000000000000e+00,6.227563484275421175e-03,2.883142307343088815e-05,2.883142307427428563e-05,2.883142307339819267e-05,2.883142307238995242e-05
1.354915317792637847e-03,0.000000000000000000e+00,8.124625818444765855e-05,1.416828096454919194e-05,0.000000000000000000e+00,6.227563663934178664e-03,2.476913997207221495e-05,2.476913997291923096e-05,2.476913997270119790e-05,2.476913997170275951e-05
1.359915005312167975e-03,0.000000000000000000e+00,8.119939104655008735e-05,1.393256076793335821e-05,0.000000000000000000e+00,6.227562686408511482e-03,2.046809057587337140e-05,2.046809057672281670e-05,2.046809057740016184e-05,2.046809057641391056e-05
1.364914692831697886e-03,0.000000000000000000e+00,8.105333142729318700e-05,1.369708579066414501e-05,0.000000000000000000e+00,6.227561150868701594e-03,1.628994433604961367e-05,1.628994433690090889e-05,1.628994433594711929e-05,1.628994433497464754e-05
1.369914380351228015e-03,0.000000000000000000e+00,8.082377586246500853e-05,1.346185603274155573e-05,0.000000000000000000e+00,6.227559709199088911e-03,1.249877518412051528e-05,1.249877518497368752e-05,1.249877518506708476e-05,1.249877518410916842e-05
1.374914067870758143e-03,0.000000000000000000e+00,8.053445209254743800e-05,1.322687149416559376e-05,0.000000000000000000e+00,6.227559026457669955e-03,9.235829135643566385e-06,9.235829136499296667e-06,9.235829138400665405e-06,9.235829137457175734e-06
1.379913755390288054e-03,0.000000000000000000e+00,8.021689053544834073e-05,1.299213217493624893e-05,0.000000000000000000e+00,6.227559665817910921e-03,6.543513651938774851e-06,6.543513652797787385e-06,6.543513651974534888e-06,6.543513651044934016e-06
1.384913442909818182e-03,0.000000000000000000e+00,7.990854099500477011e-05,1.275763807505353311e-05,0.000000000000000000e+00,6.227561801503419571e-03,4.421907522978666036e-06,4.421907523841592709e-06,4.421907523844751295e-06,4.421907522928359902e-06
1.389913130429348094e-03,0.000000000000000000e+00,7.964896179054719574e-05,1.252338919451743782e-05,0.000000000000000000e+00,6.227565143221629011e-03,2.843785174231301397e-06,2.843785175098607655e-06,2.843785176243315508e-06,2.843785175339328066e-06
1.394912817948878222e-03,0.000000000000000000e+00,7.947822476855791944e-05,1.228938553332796645e-05,0.000000000000000000e+00,6.227568908888322409e-03,1.892217356055799702e-06,1.892217356927495284e-06,1.892217356482737765e-06,1.892217355590598831e-06
1.399912505468408133e-03,0.000000000000000000e+00,7.943391808836372503e-05,1.205562709148512070e-05,0.000000000000000000e+00,6.227572070986107412e-03,1.745156738557586771e-06,1.745156739433112213e-06,1.745156738055541450e-06,1.745156737175161239e-06
1.404912192987938261e-03,0.000000000000000000e+00,7.954409321355011516e-05,1.182211386898889379e-05,0.000000000000000000e+00,6.227573691539561862e-03,2.637835880968304876e-06,2.637835881846669149e-06,2.637835881852415420e-06,2.637835880984202414e-06
1.409911880507468173e-03,0.000000000000000000e+00,7.982035707434417804e-05,1.158884586583929419e-05,0.000000000000000000e+00,6.227573015554018279e-03,4.808251786550547274e-06,4.808251787430271458e-06,4.808251787844315562e-06,4.808251786989207850e-06
1.414911568026998301e-03,0.000000000000000000e+00,8.025603774657633039e-05,1.135582308203631681e-05,0.000000000000000000e+00,6.227569839924336319e-03,8.458701722324235854e-06,8.458701723203345939e-06,8.458701721207876923e-06,8.458701720367430504e-06
1.419911255546528212e-03,0.000000000000000000e+00,8.082490345858761615e-05,1.112304551757996166e-05,0.000000000000000000e+00,6.227564752568837646e-03,1.354444981473529907e-05,1.354444981561170035e-05,1.354444981590740633e-05,1.354444981508356514e-05
1.424910943066058340e-03,0.000000000000000000e+00,8.148421138141522782e-05,1.089051317247023382e-05,0.000000000000000000e+00,6.227558980757707911e-03,1.973449839886822149e-05,1.973449839973979807e-05,1.973449840083419174e-05,1.973449840002906998e-05
1.429910630585588469e-03,0.000000000000000000e+00,8.218122690018392210e-05,1.065822604670712482e-05,0.000000000000000000e+00,6.227554278853815635e-03,2.642835185118905524e-05,2.642835185205364210e-05,2.642835185124990947e-05,2.642835185046576025e-05
1.434910318105118380e-03,0.000000000000000000e+00,8.286148195856611978e-05,1.042618414029064144e-05,0.000000000000000000e+00,6.227552257191445138e-03,3.287749133573861899e-05,3.287749133659425779e-05,3.287749133729286346e-05,3.287749133653172643e-05
1.439910005624648508e-03,0.000000000000000000e+00,8.347322554982173129e-05,1.019438745322078367e-05,0.000000000000000000e+00,6.227553502569074285e-03,3.830900690615689566e-05,3.830900690700177376e-05,3.830900690861982353e-05,3.830900690788361637e-05
1.444909693144178419e-03,0.000000000000000000e+00,8.397343382997639555e-05,9.962835985497544739e-06,0.000000000000000000e+00,6.227557275920693296e-03,4.213610579891950903e-05,4.213610579975218985e-05,4.213610580043524400e-05,4.213610579972509835e-05
1.449909380663708548e-03,0.000000000000000000e+00,8.433141790961774873e-05,9.731529737120934813e-06,0.000000000000000000e+00,6.227561798228903496e-03,4.398356641586505949e-05,4.398356641668460114e-05,4.398356641596888540e-05,4.398356641528518751e-05
1.454909068183238459e-03,0.000000000000000000e+00,8.453050056092046411e-05,9.500468708090943726e-06,0.000000000000000000e+00,6.227565318319048214e-03,4.368967443626002166e-05,4.368967443706583460e-05,4.368967443823568197e-05,4.368967443757807269e-05
1.459908755702768587e-03,0.000000000000000000e+00,8.456617212660467997e-05,9.269652898407578255e-06,0.000000000000000000e+00,6.227567025229391318e-03,4.125115604431043003e-05,4.125115604510250071e-05,4.125115604537516400e-05,4.125115604474219322e-05
1.464908443222298498e-03,0.000000000000000000e+00,8.444601600021859006e-05,9.039082308070838398e-06,0.000000000000000000e+00,6.227566982434845633e-03,3.683857364472184790e-05,3.683857364550039315e-05,3.683857364330245785e-05,3.683857364269197749e-05
1.469908130741828627e-03,0.000000000000000000e+00,8.418679087413233428e-05,8.808756937080717382e-06,0.000000000000000000e+00,6.227565695904284729e-03,3.070483712507453066e-05,3.070483712583996384e-05,3.070483712555016338e-05,3.070483712495951714e-05
1.474907818261358538e-03,0.000000000000000000e+00,8.381246670729846195e-05,8.578676785437223674e-06,0.000000000000000000e+00,6.227563722589578646e-03,2.315428466098604229e-05,2.315428466173912912e-05,2.315428466129659167e-05,2.315428466072262521e-05
1.479907505780888666e-03,0.000000000000000000e+00,8.335406119891618942e-05,8.348841853140352194e-06,0.000000000000000000e+00,6.227561640826866779e-03,1.456269244309185748e-05,1.456269244383337892e-05,1.456269244232010035e-05,1.456269244175952040e-05
1.484907193300418794e-03,0.000000000000000000e+00,8.285151905055998934e-05,8.119252140190102941e-06,0.000000000000000000e+00,6.227560310046241325e-03,5.411689522629207520e-06,5.411689523359761579e-06,5.411689522276863837e-06,5.411689521726775230e-06
1.489906880819948706e-03,0.000000000000000000e+00,8.235181447736593407e-05,7.889907646586480998e-06,0.000000000000000000e+00,6.227560562062477330e-03,-3.751034185473521891e-06,-3.751034184753374479e-06,-3.751034183475223784e-06,-3.751034184017303695e-06
1.494906568339478834e-03,0.000000000000000000e+00,8.190580567456631040e-05,7.660808372329477894e-06,0.000000000000000000e+00,6.227562559721009847e-03,-1.228097768482903156e-05,-1.228097768411914680e-05,-1.228097768400462456e-05,-1.228097768454032885e-05
1.499906255859008745e-03,0.000000000000000000e+00,8.156354155941998075e-05,7.431954317419099558e-06,0.000000000000000000e+00,6.227565622229268121e-03,-1.946518329471844420e-05,-1.946518329401919478e-05,-1.946518329466571132e-05,-1.946518329519560496e-05
1.504905943378538873e-03,0.000000000000000000e+00,8.136795772959441080e-05,7.203345481855345144e-06,0.000000000000000000e+00,6.227568508859376677e-03,-2.465899766910729075e-05,-2.465899766841933737e-05,-2.465899766577258641e-05,-2.465899766629629333e-05
1.509905630898068785e-03,0.000000000000000000e+00,8.134822300972085953e-05,6.974981865638213804e-06,0.000000000000000000e+00,6.227570078974308844e-03,-2.739058490758752699e-05,-2.739058490691206904e-05,-2.739058490671569292e-05,-2.739058490723186802e-05
1.514905318417598913e-03,0.000000000000000000e+00,8.151524329923292786e-05,6.746863468767706385e-06,0.000000000000000000e+00,6.227569705806438108e-03,-2.741101954842187406e-05,-2.741101954776064287e-05,-2.741101954843794397e-05,-2.741101954894422234e-05
1.519905005937128824e-03,0.000000000000000000e+00,8.185856935407399306e-05,6.518990291243822888e-06,0.000000000000000000e+00,6.227567177019859533e-03,-2.474071713625451100e-05,-2.474071713560988504e-05,-2.474071713522554893e-05,-2.474071713571857292e-05
1.524904693456658952e-03,0.000000000000000000e+00,8.234401590740084045e-05,6.291362333066562465e-06,0.000000000000000000e+00,6.227562922375098030e-03,-1.966596505080923951e-05,-1.966596505018401061e-05,-1.966596505035653428e-05,-1.966596505083239400e-05
1.529904380976188864e-03,0.000000000000000000e+00,8.291615358075168972e-05,6.063979594235925116e-06,0.000000000000000000e+00,6.227558339476494016e-03,-1.263119921304686451e-05,-1.263119921244427511e-05,-1.263119921349000504e-05,-1.263119921394428406e-05
1.534904068495718992e-03,0.000000000000000000e+00,8.350517261832361411e-05,5.836842074751911689e-06,0.000000000000000000e+00,6.227555502932858623e-03,-4.229366787394613609e-06,-4.229366786818055223e-06,-4.229366787973135418e-06,-4.229366788401241116e-06
1.539903756015249120e-03,0.000000000000000000e+00,8.403653329760837800e-05,5.609949774614522183e-06,0.000000000000000000e+00,6.227556148207980154e-03,4.764076828834059853e-06,4.764076829381063566e-06,4.764076830384511311e-06,4.764076829987207119e-06
1.544903443534779031e-03,0.000000000000000000e+00,8.443961314718316828e-05,5.383302693823756599e-06,0.000000000000000000e+00,6.227560313889136077e-03,1.340405847161734126e-05,1.340405847213137506e-05,1.340405847148530915e-05,1.340405847112298912e-05
1.549903131054309159e-03,0.000000000000000000e+00,8.465721910170231608e-05,5.156900832379613242e-06,0.000000000000000000e+00,6.227566105471164272e-03,2.075429519266331743e-05,2.075429519314153868e-05,2.075429519271318056e-05,2.075429519238956315e-05
1.554902818573839071e-03,0.000000000000000000e+00,8.465098646006461868e-05,4.930744190282093806e-06,0.000000000000000000e+00,6.227570992248314743e-03,2.594771858520356208e-05,2.594771858564367024e-05,2.594771858680685993e-05,2.594771858652475730e-05
1.559902506093369199e-03,0.000000000000000000e+00,8.440501937321189950e-05,4.704832767531198292e-06,0.000000000000000000e+00,6.227573289752431386e-03,2.829749723742785810e-05,2.829749723782870797e-05,2.829749723804184856e-05,2.829749723780289379e-05
1.564902193612899110e-03,0.000000000000000000e+00,8.392700525565621901e-05,4.479166564126926699e-06,0.000000000000000000e+00,6.227572714544553530e-03,2.738196888417206452e-05,2.738196888453398137e-05,2.738196888406723572e-05,2.738196888387145931e-05
1.569901881132429238e-03,0.000000000000000000e+00,8.324804934629683752e-05,4.253745580069278180e-06,0.000000000000000000e+00,6.227569793779330100e-03,2.309091960259236235e-05,2.309091960291668788e-05,2.309091960300724926e-05,2.309091960285338403e-05
1.574901568651959150e-03,0.000000000000000000e+00,8.241562441284794099e-05,4.028569815358252736e-06,0.000000000000000000e+00,6.227565231615187109e-03,1.557455674920869330e-05,1.557455674949824982e-05,1.557455675101303950e-05,1.557455675089818861e-05
1.579901256171489278e-03,0.000000000000000000e+00,8.148468380424594136e-05,3.803639269993850789e-06,0.000000000000000000e+00,6.227560018281979269e-03,5.376461389287569928e-06,5.376461389546388468e-06,5.376461388517943086e-06,5.376461388437668927e-06
1.584900943691019189e-03,0.000000000000000000e+00,8.050770507919322548e-05,3.578953943976072764e-06,0.000000000000000000e+00,6.227555605671578065e-03,-6.632330614254161866e-06,-6.632330614021425164e-06,-6.632330613953252565e-06,-6.632330614004370156e-06
1.589900631210549318e-03,0.000000000000000000e+00,7.952800616803562051e-05,3.354513837304917814e-06,0.000000000000000000e+00,6.227553487435101218e-03,-1.942900065927775035e-05,-1.942900065906582948e-05,-1.942900065799319439e-05,-1.942900065802160049e-05
1.594900318730079446e-03,0.000000000000000000e+00,7.857518063724189847e-05,3.130318949980386784e-06,0.000000000000000000e+00,6.227554366246620433e-03,-3.200740236581130378e-05,-3.200740236561477859e-05,-3.200740236673509147e-05,-3.200740236674771565e-05
1.599900006249609357e-03,0.000000000000000000e+00,7.766495568690398371e-05,2.906369282002478829e-06,0.000000000000000000e+00,6.227557747849397744e-03,-4.344010253248611355e-05,-4.344010253230026774e-05,-4.344010253281935664e-05,-4.344010253282288030e-05
1.604899693769139485e-03,0.000000000000000000e+00,7.679945540042058794e-05,2.682664833371194796e-06,0.000000000000000000e+00,6.227562344344363642e-03,-5.307218789106519027e-05,-5.307218789088605974e-05,-5.307218789154155483e-05,-5.307218789154201561e-05
1.609899381288669397e-03,0.000000000000000000e+00,7.596878899394420915e-05,2.459205604086533836e-06,0.000000000000000000e+00,6.227566783168797526e-03,-6.053875035431502741e-05,-6.053875035413946797e-05,-6.053875035428931827e-05,-6.053875035429192035e-05
1.614899068808199525e-03,0.000000000000000000e+00,7.515437122750387520e-05,2.235991594148496799e-06,0.000000000000000000e+00,6.227569804548387621e-03,-6.574778965932709612e-05,-6.574778965915314944e-05,-6.574778966051119397e-05,-6.574778966051970496e-05
1.619898756327729436e-03,0.000000000000000000e+00,7.433565782948122131e-05,2.013022803557083259e-06,0.000000000000000000e+00,6.227570132047456283e-03,-6.884703989349464921e-05,-6.884703989332133949e-05,-6.884703989353498153e-05,-6.884703989355175956e-05
1.624898443847259564e-03,0.000000000000000000e+00,7.349634575660803928e-05,1.790299232312292793e-06,0.000000000000000000e+00,6.227567003412109829e-03,-7.019822903403095222e-05,-7.019822903385825237e-05,-7.019822903254894272e-05,-7.019822903257477383e-05
1.629898131366789476e-03,0.000000000000000000e+00,7.262784659666032350e-05,1.567820880414126037e-06,0.000000000000000000e+00,6.227561237483404850e-03,-7.015873209906855730e-05,-7.015873209889747020e-05,-7.015873209960255398e-05,-7.015873209963653016e-05
1.634897818886319604e-03,0.000000000000000000e+00,7.173099568599615580e-05,1.345587747862582567e-06,0.000000000000000000e+00,6.227555621933034656e-03,-6.897066896497800186e-05,-6.897066896481050618e-05,-6.897066896429830197e-05,-6.897066896433782113e-05
1.639897506405849515e-03,0.000000000000000000e+00,7.081652139565253147e-05,1.123599834657662806e-06,0.000000000000000000e+00,6.227553450651505083e-03,-6.677848421540174629e-05,-6.677848421524022727e-05,-6.677848421435161517e-05,-6.677848421439295037e-05
1.644897193925379643e-03,0.000000000000000000e+00,6.990557897862245326e-05,9.018571407993665440e-07,0.000000000000000000e+00,6.227556133118892188e-03,-6.368683182886674646e-05,-6.368683182871405014e-05,-6.368683182856373906e-05,-6.368683182860251284e-05
1.649896881444909771e-03,0.000000000000000000e+00,6.902913253919688169e-05,6.803596662876938852e-07,0.000000000000000000e+00,6.227562251941810151e-03,-5.981626416642054766e-05,-5.981626416627976400e-05,-5.981626416736594485e-05,-5.981626416739710888e-05
1.654896568964439683e-03,0.000000000000000000e+00,6.822627710430696909e-05,4.591074111226446184e-07,0.000000000000000000e+00,6.227568741941365282e-03,-5.543753110564076725e-05,-5.543753110551508112e-05,-5.543753110565932066e-05,-5.543753110567791473e-05
1.659896256483969811e-03,0.000000000000000000e+00,6.753734560223488700e-05,2.381003753042188760e-07,0.000000000000000000e+00,6.227572880176270205e-03,-5.095037418099545180e-05,-5.095037418088782440e-05,-5.095037418080785772e-05,-5.095037418080915876e-05
1.664895944003499722e-03,0.000000000000000000e+00,6.699621177911062623e-05,1.733855883241660826e-08,0.000000000000000000e+00,6.227573309406142336e-03,-4.671330193094934993e-05,-4.671330193086222751e-05,-4.671330193291997547e-05,-4.671330193290037852e-05
1.669895631523029850e-03,0.000000000000000000e+00,6.662387504338446089e-05,-2.031780382927621153e-07,0.000000000000000000e+00,6.227570031774765959e-03,-4.299639194648742502e-05,-4.299639194642249486e-05,-4.299639194650561251e-05,-4.299639194646252903e-05
1.674895319042559762e-03,0.000000000000000000e+00,6.642849151322354915e-05,-4.234494160713173642e-07,0.000000000000000000e+00,6.227564329107000002e-03,-3.995110880815180355e-05,-3.995110880810998045e-05,-3.995110880816683330e-05,-3.995110880809912487e-05
1.679895006562089890e-03,0.000000000000000000e+00,6.640700935865384243e-05,-6.434755745032491416e-07,0.000000000000000000e+00,6.227558484737296535e-03,-3.750808581005083813e-05,-3.750808581003199334e-05,-3.750808581071357026e-05,-3.750808581062144696e-05
1.684894694081619801e-03,0.000000000000000000e+00,6.655020035778052873e-05,-8.632565135885575271e-07,0.000000000000000000e+00,6.227554947275819146e-03,-3.533200471502030520e-05,-3.533200471502362557e-05,-3.533200471545346429e-05,-3.533200471533825426e-05
1.689894381601149929e-03,0.000000000000000000e+00,6.684662526072868063e-05,-1.082792233327242415e-06,0.000000000000000000e+00,6.227554990409176275e-03,-3.291501565004054808e-05,-3.291501565006425145e-05,-3.291501564930509309e-05,-3.291501564916920867e-05
1.694894069120679841e-03,0.000000000000000000e+00,6.728687034613211183e-05,-1.302082733719303699e-06,0.000000000000000000e+00,6.227557826299395111e-03,-2.964425793305263871e-05,-2.964425793309412299e-05,-2.964425793226060869e-05,-2.964425793210759050e-05
1.699893756640209969e-03,0.000000000000000000e+00,6.786461983447524948e-05,-1.521128014764741485e-06,0.000000000000000000e+00,6.227561212706886340e-03,-2.501712775526794758e-05,-2.501712775532396018e-05,-2.501712775622786630e-05,-2.501712775606175298e-05
1.704893444159739880e-03,0.000000000000000000e+00,6.857970795765992505e-05,-1.739928076463555773e-06,0.000000000000000000e+00,6.227563073754683980e-03,-1.882076293262326217e-05,-1.882076293269017099e-05,-1.882076293095186965e-05,-1.882076293077700478e-05
1.709893131679270008e-03,0.000000000000000000e+00,6.943719418831188045e-05,-1.958482918815746563e-06,0.000000000000000000e+00,6.227562954808309528e-03,-1.120209309312898883e-05,-1.120209309320289076e-05,-1.120209309215708629e-05,-1.120209309197792527e-05
1.714892819198800137e-03,0.000000000000000000e+00,7.044376034039928733e-05,-2.176792541821313644e-06,0.000000000000000000e+00,6.227562064921640834e-03,-2.525052637888948166e-06,-2.525052637966078987e-06,-2.525052638386454662e-06,-2.525052638207025979e-06
1.719892506718330048e-03,0.000000000000000000e+00,7.160200393455169623e-05,-2.394856945480257227e-06,0.000000000000000000e+00,6.227561935665782214e-03,6.679971528352153575e-06,6.679971528275239595e-06,6.679971529069759887e-06,6.679971529245861425e-06
1.724892194237860176e-03,0.000000000000000000e+00,7.290849071487980971e-05,-2.612676129792577312e-06,0.000000000000000000e+00,6.227563281039962331e-03,1.580734598142821251e-05,1.580734598135454774e-05,1.580734598180705985e-05,1.580734598197675782e-05
1.729891881757390087e-03,0.000000000000000000e+00,7.435195749523141055e-05,-2.830250094758273899e-06,0.000000000000000000e+00,6.227565868009415223e-03,2.420437866055830648e-05,2.420437866049017115e-05,2.420437865991263360e-05,2.420437866007369522e-05
1.734891569276920216e-03,0.000000000000000000e+00,7.591367391840128447e-05,-3.047578840377346988e-06,0.000000000000000000e+00,6.227569039182802475e-03,3.126811027992536848e-05,3.126811027986413816e-05,3.126811027810372587e-05,3.126811027825492464e-05
1.739891256796450127e-03,0.000000000000000000e+00,7.756745746728731586e-05,-3.264662366649796579e-06,0.000000000000000000e+00,6.227571947159759799e-03,3.641959183427126575e-05,3.641959183421736057e-05,3.641959183403193490e-05,3.641959183417279309e-05
1.744890944315980255e-03,0.000000000000000000e+00,7.927860822610673650e-05,-3.481500673575623096e-06,0.000000000000000000e+00,6.227573327311845298e-03,3.918366570735301282e-05,3.918366570730607364e-05,3.918366570566938914e-05,3.918366570580037432e-05
1.749890631835510166e-03,0.000000000000000000e+00,8.100240358583283868e-05,-3.698093761154826116e-06,0.000000000000000000e+00,6.227571851213729165e-03,3.918908477114308809e-05,3.918908477110217301e-05,3.918908476863866916e-05,3.918908476876073677e-05
1.754890319355040295e-03,0.000000000000000000e+00,8.268766277784939730e-05,-3.914441629387406060e-06,0.000000000000000000e+00,6.227567261237130711e-03,3.619000529564376980e-05,3.619000529560751679e-05,3.619000529541511156e-05,3.619000529552966430e-05
1.759890006874570206e-03,0.000000000000000000e+00,8.428486318112174847e-05,-4.130544278273361660e-06,0.000000000000000000e+00,6.227561132658022969e-03,3.006632750199030279e-05,3.006632750195705844e-05,3.006632750140328185e-05,3.006632750151206121e-05
1.764889694394100334e-03,0.000000000000000000e+00,8.575358464282433672e-05,-4.346401707812693339e-06,0.000000000000000000e+00,6.227556197130732288e-03,2.097795440681147846e-05,2.097795440677965373e-05,2.097795440618333576e-05,2.097795440628814084e-05
1.769889381913630462e-03,0.000000000000000000e+00,8.706837010480587954e-05,-4.562013918005401943e-06,0.000000000000000000e+00,6.227554625629120287e-03,9.403808366369964224e-06,9.403808366338058187e-06,9.403808366857633279e-06,9.403808366960222522e-06
1.774889069433160374e-03,0.000000000000000000e+00,8.822219937681385622e-05,-4.777380908851487473e-06,0.000000000000000000e+00,6.227556708732152370e-03,-3.805207470812338265e-06,-3.805207470845430148e-06,-3.805207468686553230e-06,-3.805207468584834737e-06
1.779888756952690502e-03,0.000000000000000000e+00,8.922716765002167757e-05,-4.992502680350949082e-06,0.000000000000000000e+00,6.227560945571501347e-03,-1.750032986702855433e-05,-1.750032986706348258e-05,-1.750032986635439742e-05,-1.750032986625279412e-05
1.784888444472220413e-03,0.000000000000000000e+00,9.011106336615033112e-05,-5.207379232503786769e-06,0.000000000000000000e+00,6.227565180171014403e-03,-3.036160666303384077e-05,-3.036160666307088660e-05,-3.036160666230145204e-05,-3.036160666219967256e-05
1.789888131991750541e-03,0.000000000000000000e+00,9.091435881414769600e-05,-5.422010565310001381e-06,0.000000000000000000e+00,6.227567680773955262e-03,-4.114787825241930061e-05,-4.114787825245846064e-05,-4.114787825037800542e-05,-4.114787825027651732e-05
1.794887819511280453e-03,0.000000000000000000e+00,9.168305533697699444e-05,-5.636396678769592920e-06,0.000000000000000000e+00,6.227567682739646761e-03,-4.887822003806174099e-05,-4.887822003810264252e-05,-4.887822003835777562e-05,-4.887822003825769020e-05
1.799887507030810581e-03,0.000000000000000000e+00,9.245973392174160763e-05,-5.850537572882561384e-06,0.000000000000000000e+00,6.227565440418871522e-03,-5.297390168141865360e-05,-5.297390168146074775e-05,-5.297390168207980008e-05,-5.297390168198281820e-05
1.804887194550340492e-03,0.000000000000000000e+00,9.327515227908013732e-05,-6.064433247648905927e-06,0.000000000000000000e+00,6.227562064557099972e-03,-5.330758616756069396e-05,-5.330758616760327600e-05,-5.330758616825078186e-05,-5.330758616815903803e-05
1.809886882069870620e-03,0.000000000000000000e+00,9.414681068307628156e-05,-6.278083703068626548e-06,0.000000000000000000e+00,6.227559144317460459e-03,-5.022349515705211670e-05,-5.022349515709446835e-05,-5.022349515803636221e-05,-5.022349515795234331e-05
1.814886569589400532e-03,0.000000000000000000e+00,9.507807906507471853e-05,-6.491488939141724095e-06,0.000000000000000000e+00,6.227557994794393446e-03,-4.442902747139508367e-05,-4.442902747143668993e-05,-4.442902747307754183e-05,-4.442902747300355858e-05
1.819886257108930660e-03,0.000000000000000000e+00,9.605982736239578089e-05,-6.704648955868198568e-06,0.000000000000000000e+00,6.227558923051512187e-03,-3.680446739806976698e-05,-3.680446739811043134e-05,-3.680446739901053598e-05,-3.680446739894841120e-05
1.824885944628460788e-03,0.000000000000000000e+00,9.707031189830810168e-05,-6.917563753248049119e-06,0.000000000000000000e+00,6.227561082166453710e-03,-2.825220428394105770e-05,-2.825220428398085131e-05,-2.825220428296905690e-05,-2.825220428292001370e-05
1.829885632147990699e-03,0.000000000000000000e+00,9.807492519586403644e-05,-7.130233331281275749e-06,0.000000000000000000e+00,6.227563161527156430e-03,-1.957246391020283301e-05,-1.957246391024231491e-05,-1.957246391059820089e-05,-1.957246391056245949e-05
1.834885319667520828e-03,0.000000000000000000e+00,9.902315104988562949e-05,-7.342657689967878457e-06,0.000000000000000000e+00,6.227564409112599370e-03,-1.141826572357746797e-05,-1.141826572361765460e-05,-1.141826572269979953e-05,-1.141826572267663826e-05
1.839885007187050739e-03,0.000000000000000000e+00,9.985148225433843581e-05,-7.554836829307858939e-06,0.000000000000000000e+00,6.227565055699934259e-03,-4.338300801355579644e-06,-4.338300801397772049e-06,-4.338300799526267998e-06,-4.338300799513875906e-06
1.844884694706580867e-03,0.000000000000000000e+00,1.004893453769175151e-04,-7.766770749301216346e-06,0.000000000000000000e+00,6.227565722273215205e-03,1.196588358338289735e-06,1.196588358292233165e-06,1.196588358823922523e-06,1.196588358828350811e-06
1.849884382226110778e-03,0.000000000000000000e+00,1.008661341870395651e-04,-7.978459449947946443e-06,0.000000000000000000e+00,6.227566549107025826e-03,4.904423946420369157e-06,4.904423946368579869e-06,4.904423946429825433e-06,4.904423946429666191e-06
1.854884069745640907e-03,0.000000000000000000e+00,1.009166606998681550e-04,-8.189902931248057701e-06,0.000000000000000000e+00,6.227567078885041553e-03,6.735773351123666337e-06,6.735773351064174130e-06,6.735773350958945533e-06,6.735773350958061231e-06
1.859883757265170818e-03,0.000000000000000000e+00,1.005902180933971533e-04,-8.401101193201543344e-06,0.000000000000000000e+00,6.227566802652865531e-03,6.908624777301267388e-06,6.908624777232232509e-06,6.908624776705469495e-06,6.908624776707626041e-06
1.864883444784700946e-03,0.000000000000000000e+00,9.985793019974881419e-05,-8.612054235808403371e-06,0.000000000000000000e+00,6.227565742108008735e-03,5.863125013352369757e-06,5.863125013272503867e-06,5.863125011709111440e-06,5.863125011717638520e-06
1.869883132304230857e-03,0.000000000000000000e+00,9.871801334417958801e-05,-8.822762059068644559e-06,0.000000000000000000e+00,6.227564503432312867e-03,4.219573571523196331e-06,4.219573571431622752e-06,4.219573570526813688e-06,4.219573570544404868e-06
1.874882819823760986e-03,0.000000000000000000e+00,9.719854426976152996e-05,-9.033224662982258438e-06,0.000000000000000000e+00,6.227563714738001618e-03,2.638923648391018857e-06,2.638923648287543618e-06,2.638923647837291396e-06,2.638923647865788126e-06
1.879882507343291114e-03,0.000000000000000000e+00,9.535500982643873257e-05,-9.243442047549250089e-06,0.000000000000000000e+00,6.227563470279989626e-03,1.758781019392664854e-06,1.758781019277812269e-06,1.758781018736763198e-06,1.758781018776847338e-06
1.884882194862821025e-03,0.000000000000000000e+00,9.325995466423349877e-05,-9.453414212769619513e-06,0.000000000000000000e+00,6.227563159652328012e-03,2.078572881517078971e-06,2.078572881392212762e-06,2.078572881811409367e-06,2.078572881862720929e-06
1.889881882382351153e-03,0.000000000000000000e+00,9.099263236265738106e-05,-9.663141158643361628e-06,0.000000000000000000e+00,6.227561985384025625e-03,3.907590265467927491e-06,3.907590265335041574e-06,3.907590266259347643e-06,3.907590266320442435e-06
1.894881569901881065e-03,0.000000000000000000e+00,8.863375293479253375e-05,-9.872622885170484903e-06,0.000000000000000000e+00,6.227559993596285676e-03,7.268142329238004026e-06,7.268142329099893609e-06,7.268142330463345604e-06,7.268142330531684222e-06
1.899881257421411193e-03,0.000000000000000000e+00,8.626068963653230591e-05,-1.008185939235098256e-05,0.000000000000000000e+00,6.227558345783213919e-03,1.195041901510099006e-05,1.195041901496097890e-05,1.195041901524949188e-05,1.195041901532181494e-05
1.904880944940941104e-03,0.000000000000000000e+00,8.394444418869505687e-05,-1.029085068018485630e-05,0.000000000000000000e+00,6.227558355803157995e-03,1.755113868597308417e-05,1.755113868583469593e-05,1.755113868678563949e-05,1.755113868685812179e-05
1.909880632460471232e-03,0.000000000000000000e+00,8.174961078004593085e-05,-1.049959674867210951e-05,0.000000000000000000e+00,6.227560296510731806e-03,2.355295867285107548e-05,2.355295867271807775e-05,2.355295867359317460e-05,2.355295867366154032e-05
1.914880319980001144e-03,0.000000000000000000e+00,7.973572248587968412e-05,-1.070809759781273371e-05,0.000000000000000000e+00,6.227563239555320221e-03,2.937034616974248697e-05,2.937034616961852878e-05,2.937034616887980085e-05,2.937034616893974707e-05
1.919880007499531272e-03,0.000000000000000000e+00,7.795538547801175592e-05,-1.091635322760674076e-05,0.000000000000000000e+00,6.227565984724787833e-03,3.443209700227999959e-05,3.443209700216829966e-05,3.443209700213990712e-05,3.443209700218734774e-05
1.924879695019061183e-03,0.000000000000000000e+00,7.645606749060648844e-05,-1.112436363805412051e-05,0.000000000000000000e+00,6.227567699617538206e-03,3.817780155828793501e-05,3.817780155819093280e-05,3.817780155761037642e-05,3.817780155764177085e-05
1.929879382538591311e-03,0.000000000000000000e+00,7.527979650719577958e-05,-1.133212882915487634e-05,0.000000000000000000e+00,6.227567755512527364e-03,4.016875170398487792e-05,4.016875170390383381e-05,4.016875170313964746e-05,4.016875170315244105e-05
1.934879070058121439e-03,0.000000000000000000e+00,7.445823795520173729e-05,-1.153964880090901163e-05,0.000000000000000000e+00,6.227565831089711818e-03,4.021721958185428428e-05,4.021721958178916439e-05,4.021721958136996439e-05,4.021721958136290352e-05
1.939878757577651351e-03,0.000000000000000000e+00,7.400558690257574032e-05,-1.174692355331651961e-05,0.000000000000000000e+00,6.227562635850085113e-03,3.849817846703426508e-05,3.849817846698351764e-05,3.849817846627608250e-05,3.849817846624926883e-05
1.944878445097181479e-03,0.000000000000000000e+00,7.391894645605069116e-05,-1.195395308637740706e-05,0.000000000000000000e+00,6.227560018751507331e-03,3.553917149939481076e-05,3.553917149935544744e-05,3.553917149927136079e-05,3.553917149922642061e-05
1.949878132616711390e-03,0.000000000000000000e+00,7.417821636721755243e-05,-1.216073740009167059e-05,0.000000000000000000e+00,6.227559765052844559e-03,3.213054721760832949e-05,3.213054721757608125e-05,3.213054721715555311e-05,3.213054721709540022e-05
1.954877820136241302e-03,0.000000000000000000e+00,7.474915623315843492e-05,-1.236727649445930681e-05,0.000000000000000000e+00,6.227562000830037282e-03,2.915906268125257304e-05,2.915906268122217133e-05,2.915906268150463988e-05,2.915906268143355349e-05
1.959877507655771647e-03,0.000000000000000000e+00,7.558906772880427899e-05,-1.257357036948032588e-05,0.000000000000000000e+00,6.227565010320398192e-03,2.743562930491846573e-05,2.743562930488382208e-05,2.743562930538787106e-05,2.743562930531108583e-05
1.964877195175301558e-03,0.000000000000000000e+00,7.665222314166561057e-05,-1.277961902515471765e-05,0.000000000000000000e+00,6.227566971273300854e-03,2.751966557605402692e-05,2.751966557600880553e-05,2.751966557623657268e-05,2.751966557615998058e-05
1.969876882694831469e-03,0.000000000000000000e+00,7.788804176385209852e-05,-1.298542246148248549e-05,0.000000000000000000e+00,6.227567425998684070e-03,2.957263929554969253e-05,2.957263929548771344e-05,2.957263929564456700e-05,2.957263929557431409e-05
1.974876570214361381e-03,0.000000000000000000e+00,7.924284214626194393e-05,-1.319098067846363280e-05,0.000000000000000000e+00,6.227567052384633782e-03,3.331127607540665587e-05,3.331127607532204744e-05,3.331127607553431390e-05,3.331127607547642428e-05
1.979876257733891726e-03,0.000000000000000000e+00,8.066163206537519672e-05,-1.339629367609815111e-05,0.000000000000000000e+00,6.227566486698052003e-03,3.803310003875641954e-05,3.803310003864392001e-05,3.803310003908219519e-05,3.803310003904228977e-05
1.984875945253421637e-03,0.000000000000000000e+00,8.208684606783649097e-05,-1.360136145438605227e-05,0.000000000000000000e+00,6.227565560309673669e-03,4.284317625738279006e-05,4.284317625723802197e-05,4.284317625656443426e-05,4.284317625654732420e-05
1.989875632772951548e-03,0.000000000000000000e+00,8.345582642954620903e-05,-1.380618401332732612e-05,0.000000000000000000e+00,6.227563843409521238e-03,4.689653113646555824e-05,4.689653113628500469e-05,4.689653113630361909e-05,4.689653113631301099e-05
1.994875320292481893e-03,0.000000000000000000e+00,8.470444855330366580e-05,-1.401076135292197605e-05,0.000000000000000000e+00,6.227561400012175674e-03,4.956393024400374805e-05,4.956393024378505092e-05,4.956393024363994401e-05,4.956393024367802662e-05
1.999875007812011805e-03,0.000000000000000000e+00,8.577063635755475884e-05,-1.421509347317000544e-05,0.000000000000000000e+00,6.227558731387309449e-03,5.047966230185299102e-05,5.047966230159514742e-05,5.047966230142345045e-05,5.047966230149074552e-05
2.004874695331541716e-03,0.000000000000000000e+00,8.659958580176114605e-05,-1.441918037407140753e-05,0.000000000000000000e+00,6.227556517508375973e-03,4.962312575882064339e-05,4.962312575852394469e-05,4.962312575899445455e-05,4.962312575908977625e-05
2.009874382851071627e-03,0.000000000000000000e+00,8.715315930314340058e-05,-1.462302205562619078e-05,0.000000000000000000e+00,6.227555495884973778e-03,4.726662207403133613e-05,4.726662207369716469e-05,4.726662207350248264e-05,4.726662207362301204e-05
2.014874070370601972e-03,0.000000000000000000e+00,8.741672297806576573e-05,-1.482661851783434841e-05,0.000000000000000000e+00,6.227556345397525228e-03,4.395046537624520776e-05,4.395046537587615212e-05,4.395046537660741260e-05,4.395046537674891454e-05
2.019873757890131884e-03,0.000000000000000000e+00,8.739685924396424336e-05,-1.502996976069588043e-05,0.000000000000000000e+00,6.227559356334955165e-03,4.037373594585270855e-05,4.037373594545229914e-05,4.037373594585308125e-05,4.037373594601032444e-05
2.024873445409661795e-03,0.000000000000000000e+00,8.711674416060262991e-05,-1.523307578421079361e-05,0.000000000000000000e+00,6.227563896091262152e-03,3.728367158000471711e-05,3.728367157957702645e-05,3.728367158055266611e-05,3.728367158071992462e-05
2.029873132929191706e-03,0.000000000000000000e+00,8.661217434843337200e-05,-1.543593658837908456e-05,0.000000000000000000e+00,6.227568435297651389e-03,3.528226619178127609e-05,3.528226619133076298e-05,3.528226619280323150e-05,3.528226619297479295e-05
2.034872820448722051e-03,0.000000000000000000e+00,8.592295413488524464e-05,-1.563855217320074651e-05,0.000000000000000000e+00,6.227571320671894742e-03,3.480279019883295878e-05,3.480279019836393292e-05,3.480279019929518805e-05,3.480279019946600410e-05
2.039872507968251963e-03,0.000000000000000000e+00,8.508612515230711535e-05,-1.584092253867578622e-05,0.000000000000000000e+00,6.227571519081284354e-03,3.605868049892484162e-05,3.605868049844119936e-05,3.605868049978088022e-05,3.605868049994713585e-05
2.044872195487781874e-03,0.000000000000000000e+00,8.413514190226170349e-05,-1.604304768480420711e-05,0.000000000000000000e+00,6.227569161273852419e-03,3.902365900308614585e-05,3.902365900259100427e-05,3.902365900320715637e-05,3.902365900336633080e-05
2.049871883007312219e-03,0.000000000000000000e+00,8.310137382384604008e-05,-1.624492761158599559e-05,0.000000000000000000e+00,6.227565641201224939e-03,4.334293927895229803e-05,4.334293927844794074e-05,4.334293927920437504e-05,4.334293927935550604e-05
2.054871570526842130e-03,0.000000000000000000e+00,8.201490956973913878e-05,-1.644656231902116524e-05,0.000000000000000000e+00,6.227562716454000148e-03,4.839349554246590306e-05,4.839349554195371240e-05,4.839349554075007858e-05,4.839349554089379636e-05
2.059871258046372042e-03,0.000000000000000000e+00,8.091172567965534892e-05,-1.664795180710971267e-05,0.000000000000000000e+00,6.227561312538251737e-03,5.330407801377021795e-05,5.330407801325040399e-05,5.330407801166649304e-05,5.330407801180491855e-05
2.064870945565901953e-03,0.000000000000000000e+00,7.983843245038839604e-05,-1.684909607585163447e-05,0.000000000000000000e+00,6.227561058594963464e-03,5.710467805415020859e-05,5.710467805362198529e-05,5.710467805263555105e-05,5.710467805277202500e-05
2.069870633085432298e-03,0.000000000000000000e+00,7.885094012219797755e-05,-1.704999512524693405e-05,0.000000000000000000e+00,6.227561025148123548e-03,5.894307240427352991e-05,5.894307240373523708e-05,5.894307240195467896e-05,5.894307240209366690e-05
2.074870320604962209e-03,0.000000000000000000e+00,7.800920541529350366e-05,-1.725064895529560802e-05,0.000000000000000000e+00,6.227561094453786320e-03,5.827522110597701318e-05,5.827522110542597420e-05,5.827522110487807941e-05,5.827522110502478551e-05
2.079870008124492121e-03,0.000000000000000000e+00,7.737347936972465323e-05,-1.745105756599765975e-05,0.000000000000000000e+00,6.227562039833220778e-03,5.487572875312090383e-05,5.487572875255402195e-05,5.487572875276326619e-05,5.487572875292350450e-05
2.084869695644022032e-03,0.000000000000000000e+00,7.699496070848923092e-05,-1.765122095735308926e-05,0.000000000000000000e+00,6.227564276409306571e-03,4.890539328237906861e-05,4.890539328179283372e-05,4.890539328311255848e-05,4.890539328329219723e-05
2.089869383163552377e-03,0.000000000000000000e+00,7.690839664377539027e-05,-1.785113912936188977e-05,0.000000000000000000e+00,6.227567150334843357e-03,4.088382507443496318e-05,4.088382507382558735e-05,4.088382507521436224e-05,4.088382507541937132e-05
2.094869070683082288e-03,0.000000000000000000e+00,7.712976033744416897e-05,-1.805081208202407482e-05,0.000000000000000000e+00,6.227569327409002327e-03,3.157111937118524533e-05,3.157111937054925233e-05,3.157111937266057343e-05,3.157111937289652293e-05
2.099868758202612200e-03,0.000000000000000000e+00,7.765684511507394024e-05,-1.825023981533963426e-05,0.000000000000000000e+00,6.227569734680402959e-03,2.185101243995956255e-05,2.185101243929402505e-05,2.185101244134939454e-05,2.185101244162100751e-05
2.104868445722142545e-03,0.000000000000000000e+00,7.846759952669905716e-05,-1.844942232930856809e-05,0.000000000000000000e+00,6.227567943442292864e-03,1.261504925242983096e-05,1.261504925173266356e-05,1.261504925196304296e-05,1.261504925227413106e-05
2.109868133241672456e-03,0.000000000000000000e+00,7.952416599981604513e-05,-1.864835962393087969e-05,0.000000000000000000e+00,6.227563987672039836e-03,4.592847130630076430e-06,4.592847129900227103e-06,4.592847130508100298e-06,4.592847130861219863e-06
2.114867820761202367e-03,0.000000000000000000e+00,8.077805149537737087e-05,-1.884705169920656567e-05,0.000000000000000000e+00,6.227558790122262981e-03,-1.685999260186203145e-06,-1.685999260948644606e-06,-1.685999260846036729e-06,-1.685999260449816739e-06
2.119867508280732279e-03,0.000000000000000000e+00,8.217258687726213180e-05,-1.904549855513563281e-05,0.000000000000000000e+00,6.227554464542056460e-03,-5.823834373406802084e-06,-5.823834374200632892e-06,-5.823834374455926928e-06,-5.823834374016687829e-06
2.124867195800262624e-03,0.000000000000000000e+00,8.364585747000979421e-05,-1.924370019171807095e-05,0.000000000000000000e+00,6.227553190958974583e-03,-7.596477437358787300e-06,-7.596477438182130430e-06,-7.596477439613909184e-06,-7.596477439133050274e-06
2.129866883319792535e-03,0.000000000000000000e+00,8.513755338851678183e-05,-1.944165660895388686e-05,0.000000000000000000e+00,6.227555415853490602e-03,-7.020914675441950411e-06,-7.020914676292269846e-06,-7.020914676708183352e-06,-7.020914676187947574e-06
2.134866570839322446e-03,0.000000000000000000e+00,8.659224888270729032e-05,-1.963936780684308393e-05,0.000000000000000000e+00,6.227559264007078051e-03,-4.386728364055009544e-06,-4.386728364929542263e-06,-4.386728364605779165e-06,-4.386728364049127747e-06
2.139866258358852358e-03,0.000000000000000000e+00,8.796119240008653823e-05,-1.983683378538565200e-05,0.000000000000000000e+00,6.227562119158343637e-03,-1.761636200230527028e-07,-1.761636209191119170e-07,-1.761636224946541853e-07,-1.761636219047042079e-07
2.144865945878382703e-03,0.000000000000000000e+00,8.920737254544500205e-05,-2.003405454458159784e-05,0.000000000000000000e+00,6.227562926936334835e-03,5.028447189839219041e-06,5.028447188924025353e-06,5.028447189459190933e-06,5.028447190079315612e-06
2.149865633397912614e-03,0.000000000000000000e+00,9.030871049221672630e-05,-2.023103008443092145e-05,0.000000000000000000e+00,6.227562648541274358e-03,1.073304306009433947e-05,1.073304305916201878e-05,1.073304305933799326e-05,1.073304305998545169e-05
2.154865320917442525e-03,0.000000000000000000e+00,9.125728733577299706e-05,-2.042776040493361945e-05,0.000000000000000000e+00,6.227562846689700844e-03,1.657942132013098970e-05,1.657942131918293621e-05,1.657942131831269795e-05,1.657942131898541491e-05
2.159865008436972437e-03,0.000000000000000000e+00,9.205936909758534795e-05,-2.062424550608969861e-05,0.000000000000000000e+00,6.227564381253019275e-03,2.230421879738339098e-05,2.230421879642045682e-05,2.230421879690514263e-05,2.230421879760175608e-05
2.164864695956502782e-03,0.000000000000000000e+00,9.273631399208693020e-05,-2.082048538789914877e-05,0.000000000000000000e+00,6.227566931002805582e-03,2.767436622393490211e-05,2.767436622295749046e-05,2.767436622395208671e-05,2.767436622467210876e-05
2.169864383476032693e-03,0.000000000000000000e+00,9.331946671709372945e-05,-2.101648005036197670e-05,0.000000000000000000e+00,6.227569357007707758e-03,3.254019862841265779e-05,3.254019862742068734e-05,3.254019862763572529e-05,3.254019862837982679e-05
2.174864070995562604e-03,0.000000000000000000e+00,9.384494368736893510e-05,-2.121222949347818578e-05,0.000000000000000000e+00,6.227570431154468011e-03,3.672587085134270318e-05,3.672587085033569620e-05,3.672587085061569141e-05,3.672587085138541397e-05
2.179863758515092950e-03,0.000000000000000000e+00,9.434914369392882684e-05,-2.140773371724776248e-05,0.000000000000000000e+00,6.227569341344475762e-03,3.996189908277836657e-05,3.996189908175568610e-05,3.996189908388368358e-05,3.996189908468143954e-05
2.184863446034622861e-03,0.000000000000000000e+00,9.486233463335988177e-05,-2.160299272167072373e-05,0.000000000000000000e+00,6.227566259596232015e-03,4.184581859209216540e-05,4.184581859105301861e-05,4.184581859232248382e-05,4.184581859315127507e-05
2.189863133554152772e-03,0.000000000000000000e+00,9.539893155110998346e-05,-2.179800650674705936e-05,0.000000000000000000e+00,6.227562430887098426e-03,4.190436297827189417e-05,4.190436297721566441e-05,4.190436297791218299e-05,4.190436297877508595e-05
2.194862821073682684e-03,0.000000000000000000e+00,9.595392165114467948e-05,-2.199277507247677276e-05,0.000000000000000000e+00,6.227559417370449532e-03,3.970068474317346756e-05,3.970068474209982959e-05,3.970068474300831647e-05,3.970068474390809585e-05
2.199862508593213029e-03,0.000000000000000000e+00,9.650108085692555551e-05,-2.218729841885986055e-05,0.000000000000000000e+00,6.227558280450862412e-03,3.509100561067926598e-05,3.509100560958847051e-05,3.509100560998463798e-05,3.509100561092317081e-05
2.204862196112742940e-03,0.000000000000000000e+00,9.699453092279817059e-05,-2.238157654589632272e-05,0.000000000000000000e+00,6.227558962239790677e-03,2.825234439255098625e-05,2.825234439144381593e-05,2.825234439096320266e-05,2.825234439194136986e-05
2.209861883632272851e-03,0.000000000000000000e+00,9.737604911352173217e-05,-2.257560945358616606e-05,0.000000000000000000e+00,6.227560464222289989e-03,1.959695046630607646e-05,1.959695046518398820e-05,1.959695046376006483e-05,1.959695046477721926e-05
2.214861571151802763e-03,0.000000000000000000e+00,9.758838589378300761e-05,-2.276939714192938378e-05,0.000000000000000000e+00,6.227561907980675403e-03,9.638592472566433100e-06,9.638592471431520759e-06,9.638592471276191857e-06,9.638592472330263374e-06
2.219861258671333108e-03,0.000000000000000000e+00,9.758351065421564015e-05,-2.296293961092597588e-05,0.000000000000000000e+00,6.227563098842482138e-03,-1.091903821200502725e-06,-1.091903822345735315e-06,-1.091903824226090860e-06,-1.091903823138422628e-06
2.224860946190863019e-03,0.000000000000000000e+00,9.732956261630616658e-05,-2.315623686057594914e-05,0.000000000000000000e+00,6.227564343359652879e-03,-1.213206929662082503e-05,-1.213206929777347424e-05,-1.213206929946639495e-05,-1.213206929834952441e-05
2.229860633710392930e-03,0.000000000000000000e+00,9.681553941567862872e-05,-2.334928889087929679e-05,0.000000000000000000e+00,6.227565915590102877e-03,-2.305860508717089832e-05,-2.305860508832800293e-05,-2.305860508783941738e-05,-2.305860508669834542e-05
2.234860321229923275e-03,0.000000000000000000e+00,9.605176891530090250e-05,-2.354209570183601882e-05,0.000000000000000000e+00,6.227567546383999501e-03,-3.347455816579301621e-05,-3.347455816695174373e-05,-3.347455816764447438e-05,-3.347455816648433740e-05
2.239860008749453187e-03,0.000000000000000000e+00,9.506484634162510206e-05,-2.373465729344611863e-05,0.000000000000000000e+00,6.227568668225202768e-03,-4.302712061933878991e-05,-4.302712062049677882e-05,-4.302712062120811031e-05,-4.302712062003366186e-05
2.244859696268983098e-03,0.000000000000000000e+00,9.389395591136826696e-05,-2.392697366570959282e-05,0.000000000000000000e+00,6.227568815649836900e-03,-5.139913584367135433e-05,-5.139913584482647010e-05,-5.139913584423571545e-05,-5.139913584305137365e-05
2.249859383788513009e-03,0.000000000000000000e+00,9.258559691177786798e-05,-2.411904481862645156e-05,0.000000000000000000e+00,6.227567699671106467e-03,-5.824709929865542546e-05,-5.824709929980607568e-05,-5.824709929897512280e-05,-5.824709929778447908e-05
2.254859071308043354e-03,0.000000000000000000e+00,9.118765460577356449e-05,-2.431087075219667790e-05,0.000000000000000000e+00,6.227565452866503856e-03,-6.320120970153709355e-05,-6.320120970268226855e-05,-6.320120970254823405e-05,-6.320120970135401247e-05
2.259858758827573266e-03,0.000000000000000000e+00,8.974641850722722301e-05,-2.450245146642028202e-05,0.000000000000000000e+00,6.227562592125401517e-03,-6.598648123879104655e-05,-6.598648123993031264e-05,-6.598648123929490240e-05,-6.598648123809887833e-05
2.264858446347103177e-03,0.000000000000000000e+00,8.830690882782220785e-05,-2.469378696129726731e-05,0.000000000000000000e+00,6.227559657278799662e-03,-6.652133619266528209e-05,-6.652133619379905940e-05,-6.652133619292837730e-05,-6.652133619173139099e-05
2.269858133866633088e-03,0.000000000000000000e+00,8.691107413322699091e-05,-2.488487723682762358e-05,0.000000000000000000e+00,6.227557200570527085e-03,-6.498952265024221487e-05,-6.498952265137170959e-05,-6.498952265130410958e-05,-6.498952265010597132e-05
2.274857821386163433e-03,0.000000000000000000e+00,8.559418335749175431e-05,-2.507572229301136102e-05,0.000000000000000000e+00,6.227555883769185507e-03,-6.180380394368747803e-05,-6.180380394481447908e-05,-6.180380394427579323e-05,-6.180380394307564919e-05
2.279857508905693345e-03,0.000000000000000000e+00,8.438178704096583726e-05,-2.526632212984847284e-05,0.000000000000000000e+00,6.227556481548539302e-03,-5.747817289099239673e-05,-5.747817289211937068e-05,-5.747817289173283906e-05,-5.747817289052914425e-05
2.284857196425223256e-03,0.000000000000000000e+00,8.328510592836229991e-05,-2.545667674733895905e-05,0.000000000000000000e+00,6.227559408970390238e-03,-5.247495953036019592e-05,-5.247495953149008366e-05,-5.247495953137658125e-05,-5.247495953016732991e-05
2.289856883944753601e-03,0.000000000000000000e+00,8.229722145334835012e-05,-2.564678614548282642e-05,0.000000000000000000e+00,6.227563820474087304e-03,-4.727407148311198648e-05,-4.727407148424785089e-05,-4.727407148464684406e-05,-4.727407148342973225e-05
2.294856571464283512e-03,0.000000000000000000e+00,8.139334452663200728e-05,-2.583665032428006478e-05,0.000000000000000000e+00,6.227567851804565943e-03,-4.236975144224962514e-05,-4.236975144339435290e-05,-4.236975144358266527e-05,-4.236975144235583630e-05
2.299856258983813424e-03,0.000000000000000000e+00,8.053537592414722628e-05,-2.602626928373068431e-05,0.000000000000000000e+00,6.227569908489423954e-03,-3.823043535492599680e-05,-3.823043535608174954e-05,-3.823043535583030950e-05,-3.823043535459231325e-05
2.304855946503343335e-03,0.000000000000000000e+00,7.967645655232699132e-05,-2.621564302383468160e-05,0.000000000000000000e+00,6.227569515126505327e-03,-3.518422326592634338e-05,-3.518422326709430017e-05,-3.518422326778743739e-05,-3.518422326653781307e-05
2.309855634022873680e-03,0.000000000000000000e+00,7.876853121926507097e-05,-2.640477154459204990e-05,0.000000000000000000e+00,6.227567253593789022e-03,-3.340049359311080690e-05,-3.340049359429111682e-05,-3.340049359503703436e-05,-3.340049359377634440e-05
2.314855321542403591e-03,0.000000000000000000e+00,7.777027016896532021e-05,-2.659365484600279935e-05,0.000000000000000000e+00,6.227563962734338626e-03,-3.284231015395927973e-05,-3.284231015515077726e-05,-3.284231015519428087e-05,-3.284231015392432776e-05
2.319855009061933503e-03,0.000000000000000000e+00,7.665415164066954597e-05,-2.678229292806692319e-05,0.000000000000000000e+00,6.227560410265431043e-03,-3.337666459258106842e-05,-3.337666459378146319e-05,-3.337666459355119897e-05,-3.337666459227493716e-05
2.324854696581463414e-03,0.000000000000000000e+00,7.540933185863705600e-05,-2.697068579078442481e-05,0.000000000000000000e+00,6.227557696246836978e-03,-3.478570923905054569e-05,-3.478570924025625982e-05,-3.478570924019811948e-05,-3.478570923891998064e-05
2.329854384100993759e-03,0.000000000000000000e+00,7.404258261623460134e-05,-2.715883343415530080e-05,0.000000000000000000e+00,6.227556941652283469e-03,-3.675024951154221101e-05,-3.675024951274851468e-05,-3.675024951234512371e-05,-3.675024951107084734e-05
2.334854071620523670e-03,0.000000000000000000e+00,7.257392308631540451e-05,-2.734673585817955118e-05,0.000000000000000000e+00,6.227558391845863274e-03,-3.875907054387416767e-05,-3.875907054507563308e-05,-3.875907054418410041e-05,-3.875907054292040857e-05
2.339853759140053582e-03,0.000000000000000000e+00,7.103071516114744068e-05,-2.753439306285718611e-05,0.000000000000000000e+00,6.227561125099263795e-03,-4.022355981048524428e-05,-4.022355981167590155e-05,-4.022355981136473553e-05,-4.022355981011921762e-05
2.344853446659583927e-03,0.000000000000000000e+00,6.944194309205321066e-05,-2.772180504818819204e-05,0.000000000000000000e+00,6.227563702794731461e-03,-4.059239142744988107e-05,-4.059239142862348926e-05,-4.059239142844408091e-05,-4.059239142722499043e-05
2.349853134179113838e-03,0.000000000000000000e+00,6.783702813401809952e-05,-2.790897181417257235e-05,0.000000000000000000e+00,6.227565290522474144e-03,-3.948248749643464451e-05,-3.948248749758533538e-05,-3.948248749740692313e-05,-3.948248749622248647e-05
2.354852821698643749e-03,0.000000000000000000e+00,6.624561879197707695e-05,-2.809589336081033382e-05,0.000000000000000000e+00,6.227565909864933406e-03,-3.671440817981854604e-05,-3.671440818094068173e-05,-3.671440818155371675e-05,-3.671440818041174693e-05
2.359852509218173661e-03,0.000000000000000000e+00,6.469889267945839822e-05,-2.828256968810146968e-05,0.000000000000000000e+00,6.227565726935348732e-03,-3.238951663919780377e-05,-3.238951664028645795e-05,-3.238951664120167366e-05,-3.238951664010934674e-05
2.364852196737704006e-03,0.000000000000000000e+00,6.323079088413010749e-05,-2.846900079604598331e-05,0.000000000000000000e+00,6.227564838313224931e-03,-2.681296255628619961e-05,-2.681296255733755385e-05,-2.681296255798779732e-05,-2.681296255695084265e-05
2.369851884257233917e-03,0.000000000000000000e+00,6.187902954099590573e-05,-2.865518668464387133e-05,0.000000000000000000e+00,6.227563666709954801e-03,-2.050643483706061530e-05,-2.050643483807203701e-05,-2.050643483794689637e-05,-2.050643483696923061e-05
2.374851571776763828e-03,0.000000000000000000e+00,6.068325562599561268e-05,-2.884112735389513372e-05,0.000000000000000000e+00,6.227563120305627635e-03,-1.422121211156234167e-05,-1.422121211253242987e-05,-1.422121211292012363e-05,-1.422121211200366278e-05
2.379851259296293740e-03,0.000000000000000000e+00,5.968222027100396712e-05,-2.902682280379978067e-05,0.000000000000000000e+00,6.227564071319770071e-03,-8.833899213849057179e-06,-8.833899214777557755e-06,-8.833899215577944598e-06,-8.833899214722463344e-06
2.384850946815824085e-03,0.000000000000000000e+00,5.890936735176740115e-05,-2.921227303435779523e-05,0.000000000000000000e+00,6.227566431761576496e-03,-5.105749753575670319e-06,-5.105749754463481973e-06,-5.105749753212140719e-06,-5.105749752415372400e-06
2.389850634335353996e-03,0.000000000000000000e+00,5.838679867379259448e-05,-2.939747804556919094e-05,0.000000000000000000e+00,6.227569020229887717e-03,-3.541703318916806733e-06,-3.541703319765728140e-06,-3.541703319096653850e-06,-3.541703318354445889e-06
2.394850321854883907e-03,0.000000000000000000e+00,5.812018181566691165e-05,-2.958243783743396443e-05,0.000000000000000000e+00,6.227570466855745883e-03,-4.256399454161023030e-06,-4.256399454973706250e-06,-4.256399455397384507e-06,-4.256399454704005030e-06
2.399850009374414252e-03,0.000000000000000000e+00,5.809757661365888895e-05,-2.976715240995211231e-05,0.000000000000000000e+00,6.227570005467580362e-03,-6.920790323937743005e-06,-6.920790324717286061e-06,-6.920790323453632335e-06,-6.920790322802324138e-06
2.404849696893944164e-03,0.000000000000000000e+00,5.829206270934928651e-05,-2.995162176312363795e-05,0.000000000000000000e+00,6.227567620512983702e-03,-1.087769630309558331e-05,-1.087769630384530911e-05,-1.087769630290111810e-05,-1.087769630228452894e-05
2.409849384413474075e-03,0.000000000000000000e+00,5.866553277653759025e-05,-3.013584589694853798e-05,0.000000000000000000e+00,6.227563692542183518e-03,-1.528389378021041505e-05,-1.528389378093340171e-05,-1.528389378145174522e-05,-1.528389378086280999e-05
2.414849071933003986e-03,0.000000000000000000e+00,5.917397875501119919e-05,-3.031982481142681579e-05,0.000000000000000000e+00,6.227558752653075506e-03,-1.919133071223647210e-05,-1.919133071293534204e-05,-1.919133071246643816e-05,-1.919133071189881766e-05
2.419848759452534331e-03,0.000000000000000000e+00,5.977182493094307511e-05,-3.050355850655847136e-05,0.000000000000000000e+00,6.227553885935621127e-03,-2.169612578416021801e-05,-2.169612578483675339e-05,-2.169612578400101648e-05,-2.169612578344934730e-05
2.424848446972064243e-03,0.000000000000000000e+00,6.041573011881753346e-05,-3.068704698234349794e-05,0.000000000000000000e+00,6.227550816649504196e-03,-2.219469120910372517e-05,-2.219469120975889161e-05,-2.219469121105303259e-05,-2.219469121051354036e-05
2.429848134491594154e-03,0.000000000000000000e+00,6.106784375305765987e-05,-3.087029023878190228e-05,0.000000000000000000e+00,6.227551106054665490e-03,-2.050129930516505965e-05,-2.050129930579835231e-05,-2.050129930631853218e-05,-2.050129930578927889e-05
2.434847822011124065e-03,0.000000000000000000e+00,6.170153377625173913e-05,-3.105328827587368779e-05,0.000000000000000000e+00,6.227555195747812126e-03,-1.683069250453478820e-05,-1.683069250514460449e-05,-1.683069250433195431e-05,-1.683069250381273666e-05
2.439847509530654410e-03,0.000000000000000000e+00,6.230432159128149617e-05,-3.123604109361884768e-05,0.000000000000000000e+00,6.227562000134708071e-03,-1.168602035937933636e-05,-1.168602035996267439e-05,-1.168602036022212059e-05,-1.168602035971448696e-05
2.444847197050184322e-03,0.000000000000000000e+00,6.287808924906404810e-05,-3.141854869201738873e-05,0.000000000000000000e+00,6.227569409837605333e-03,-5.698619473262168315e-06,-5.698619473814772610e-06,-5.698619474415522258e-06,-5.698619473922796416e-06
2.449846884569714233e-03,0.000000000000000000e+00,6.343609840229487819e-05,-3.160081107106929739e-05,0.000000000000000000e+00,6.227575077499044459e-03,5.894490583591831549e-07,5.894490578423643081e-07,5.894490579869155627e-07,5.894490584604510260e-07
2.454846572089244578e-03,0.000000000000000000e+00,6.399952765657980144e-05,-3.178282823077458721e-05,0.000000000000000000e+00,6.227577016751738651e-03,6.694189236578566409e-06,6.694189236102999761e-06,6.694189237055962649e-06,6.694189237505325486e-06
2.459846259608774489e-03,0.000000000000000000e+00,6.459167958611080685e-05,-3.196460017113325819e-05,0.000000000000000000e+00,6.227574310003993439e-03,1.216402004259974548e-05,1.216402004217110276e-05,1.216402004068142253e-05,1.216402004110114768e-05
2.464845947128304401e-03,0.000000000000000000e+00,6.523383408344269805e-05,-3.214612689214529678e-05,0.000000000000000000e+00,6.227567752835698120e-03,1.663773756905644901e-05,1.663773756868004112e-05,1.663773756768315449e-05,1.663773756806808692e-05
2.469845634647834312e-03,0.000000000000000000e+00,6.594045919023430746e-05,-3.232740839381071654e-05,0.000000000000000000e+00,6.227559849139123298e-03,1.989232966679441096e-05,1.989232966647450017e-05,1.989232966717796781e-05,1.989232966752356064e-05
2.474845322167364657e-03,0.000000000000000000e+00,6.671477850973431083e-05,-3.250844467612951067e-05,0.000000000000000000e+00,6.227553711266324739e-03,2.174170193166442540e-05,2.174170193140420333e-05,2.174170192955957563e-05,2.174170192986215613e-05
2.479845009686894568e-03,0.000000000000000000e+00,6.754569033561045796e-05,-3.268923573910167919e-05,0.000000000000000000e+00,6.227551447027798032e-03,2.208834881023601784e-05,2.208834881003717855e-05,2.208834880908713962e-05,2.208834880934413281e-05
2.484844697206424480e-03,0.000000000000000000e+00,6.841037907472173043e-05,-3.286978158272722887e-05,0.000000000000000000e+00,6.227553261871212470e-03,2.092836487177121118e-05,2.092836487163395119e-05,2.092836487294429760e-05,2.092836487315453118e-05
2.489844384725954391e-03,0.000000000000000000e+00,6.927945264773441097e-05,-3.305008220700615294e-05,0.000000000000000000e+00,6.227557783957098775e-03,1.837770308585070261e-05,1.837770308577381913e-05,1.837770308570618524e-05,1.837770308586959145e-05
2.494844072245484736e-03,0.000000000000000000e+00,7.012272684948552416e-05,-3.323013761193845816e-05,0.000000000000000000e+00,6.227563151074768343e-03,1.476904444317653261e-05,1.476904444315794870e-05,1.476904444201565701e-05,1.476904444213305578e-05
2.499843759765014647e-03,0.000000000000000000e+00,7.091312601979789915e-05,-3.340994779752413777e-05,0.000000000000000000e+00,6.227567782753559711e-03,1.075366141590493735e-05,1.075366141594180700e-05,1.075366141727516052e-05,1.075366141734822050e-05
2.504843447284544559e-03,0.000000000000000000e+00,7.162893786379691762e-05,-3.358951276376319177e-05,0.000000000000000000e+00,6.227570508235008746e-03,7.131756972005646572e-06,7.131756972094688369e-06,7.131756973025067664e-06,7.131756973056277440e-06
2.509843134804074904e-03,0.000000000000000000e+00,7.225421685291401959e-05,-3.376883251065562015e-05,0.000000000000000000e+00,6.227570658379525358e-03,4.641808835920029547e-06,4.641808836057870606e-06,4.641808834547500747e-06,4.641808834539799523e-06
2.514842822323604815e-03,0.000000000000000000e+00,7.277953114328029340e-05,-3.394790703820142969e-05,0.000000000000000000e+00,6.227568397501245627e-03,3.775505308082676223e-06,3.775505308266318048e-06,3.775505308972133662e-06,3.775505308928508077e-06
2.519842509843134726e-03,0.000000000000000000e+00,7.320374465657454534e-05,-3.412673634640061361e-05,0.000000000000000000e+00,6.227564997626963347e-03,4.678348167960938214e-06,4.678348168187482258e-06,4.678348169652856033e-06,4.678348169576413004e-06
2.524842197362664638e-03,0.000000000000000000e+00,7.353393183563178444e-05,-3.430532043525317192e-05,0.000000000000000000e+00,6.227562308264653242e-03,7.136307683931759742e-06,7.136307684198951203e-06,7.136307684750871095e-06,7.136307684644405830e-06
2.529841884882194983e-03,0.000000000000000000e+00,7.378312468327526867e-05,-3.448365930475911139e-05,0.000000000000000000e+00,6.227561576612866343e-03,1.075241039820703389e-05,1.075241039851311772e-05,1.075241039932398236e-05,1.075241039918958534e-05
2.534841572401724894e-03,0.000000000000000000e+00,7.396717923463875979e-05,-3.466175295491842525e-05,0.000000000000000000e+00,6.227562780484848480e-03,1.510134023034658489e-05,1.510134023069007031e-05,1.510134023333187798e-05,1.510134023317122293e-05
2.539841259921254805e-03,0.000000000000000000e+00,7.410247241834306826e-05,-3.483960138573111349e-05,0.000000000000000000e+00,6.227564838043182262e-03,1.979267270801533631e-05,1.979267270839511200e-05,1.979267270990373189e-05,1.979267270971748967e-05
2.544840947440784717e-03,0.000000000000000000e+00,7.420287235314222934e-05,-3.501720459719718289e-05,0.000000000000000000e+00,6.227566433038555019e-03,2.457378991941313402e-05,2.457378991982859013e-05,2.457378991878487952e-05,2.457378991857257241e-05
2.549840634960315062e-03,0.000000000000000000e+00,7.427775458577740139e-05,-3.519456258931662668e-05,0.000000000000000000e+00,6.227566854756507245e-03,2.945024955228317992e-05,2.945024955273393020e-05,2.945024955364113298e-05,2.945024955340150397e-05
2.554840322479844973e-03,0.000000000000000000e+00,7.432939196740849476e-05,-3.537167536208944484e-05,0.000000000000000000e+00,6.227566206189249186e-03,3.464870599355542323e-05,3.464870599404120679e-05,3.464870599356648887e-05,3.464870599329726792e-05
2.559840009999374884e-03,0.000000000000000000e+00,7.435142388168266355e-05,-3.554854291551564418e-05,0.000000000000000000e+00,6.227564972269399209e-03,4.046228939137702521e-05,4.046228939189776752e-05,4.046228938863548450e-05,4.046228938833385267e-05
2.564839697518905230e-03,0.000000000000000000e+00,7.432944056826303676e-05,-3.572516524959521111e-05,0.000000000000000000e+00,6.227563445218856769e-03,4.710358751005700844e-05,4.710358751061245199e-05,4.710358750882236644e-05,4.710358750848532864e-05
2.569839385038435141e-03,0.000000000000000000e+00,7.424720310939385563e-05,-3.590154236432815921e-05,0.000000000000000000e+00,6.227561593193981296e-03,5.450982757532891310e-05,5.450982757591864454e-05,5.450982757593794334e-05,5.450982757556256544e-05
2.574839072557965052e-03,0.000000000000000000e+00,7.409444568953987929e-05,-3.607767425971448847e-05,0.000000000000000000e+00,6.227559475896961294e-03,6.229929340857001739e-05,6.229929340919346074e-05,6.229929340777861757e-05,6.229929340736246011e-05
2.579838760077494964e-03,0.000000000000000000e+00,7.387359103616585282e-05,-3.625356093575418534e-05,0.000000000000000000e+00,6.227557596561000136e-03,6.987775246642286562e-05,6.987775246707905188e-05,6.987775246589826084e-05,6.987775246543962977e-05
2.584838447597025309e-03,0.000000000000000000e+00,7.360171988414163926e-05,-3.642920239244727015e-05,0.000000000000000000e+00,6.227556600740995554e-03,7.656188066903154318e-05,7.656188066971915775e-05,7.656188067206884070e-05,7.656188067156716680e-05
2.589838135116555220e-03,0.000000000000000000e+00,7.330943456271117272e-05,-3.660459862979372256e-05,0.000000000000000000e+00,6.227556967662365578e-03,8.162046550840040306e-05,8.162046550911737240e-05,8.162046550964472834e-05,8.162046550910052661e-05
2.594837822636085131e-03,0.000000000000000000e+00,7.303603394151245262e-05,-3.677974964779355614e-05,0.000000000000000000e+00,6.227559140431597473e-03,8.439692428160933460e-05,8.439692428235320571e-05,8.439692428149309458e-05,8.439692428090847921e-05
2.599837510155615043e-03,0.000000000000000000e+00,7.282427499657698905e-05,-3.695465544644676410e-05,0.000000000000000000e+00,6.227563334484573915e-03,8.442502147353476158e-05,8.442502147430255290e-05,8.442502147554930409e-05,8.442502147492721599e-05
2.604837197675145388e-03,0.000000000000000000e+00,7.271481019163872198e-05,-3.712931602575334644e-05,0.000000000000000000e+00,6.227568749428334660e-03,8.155079509272793398e-05,8.155079509351601343e-05,8.155079509354105850e-05,8.155079509288544145e-05
2.609836885194675299e-03,0.000000000000000000e+00,7.274000591405384492e-05,-3.730373138571330995e-05,0.000000000000000000e+00,6.227572976765414874e-03,7.591123921954074088e-05,7.591123922034520534e-05,7.591123921812507099e-05,7.591123921744070903e-05
2.614836572714205210e-03,0.000000000000000000e+00,7.291801706036308672e-05,-3.747790152632664783e-05,0.000000000000000000e+00,6.227573160691008379e-03,6.786534943717627201e-05,6.786534943799289309e-05,6.786534943723134948e-05,6.786534943652314863e-05
2.619836260233735555e-03,0.000000000000000000e+00,7.325075700751916140e-05,-3.765182644759336011e-05,0.000000000000000000e+00,6.227568571462200643e-03,5.784319204457371991e-05,5.784319204539813369e-05,5.784319204633317675e-05,5.784319204560630051e-05
2.624835947753265467e-03,0.000000000000000000e+00,7.372609094534219123e-05,-3.782550614951345354e-05,0.000000000000000000e+00,6.227561626057163090e-03,4.627217216655407113e-05,4.627217216738215087e-05,4.627217216620561533e-05,4.627217216546468512e-05
2.629835635272795378e-03,0.000000000000000000e+00,7.432182119511933295e-05,-3.799894063208692136e-05,0.000000000000000000e+00,6.227556145580264400e-03,3.356963541441699552e-05,3.356963541524538019e-05,3.356963541502447400e-05,3.356963541427313545e-05
2.634835322792325289e-03,0.000000000000000000e+00,7.501023594432854340e-05,-3.817212989531376357e-05,0.000000000000000000e+00,6.227554607421322171e-03,2.025624874522002976e-05,2.025624874604605290e-05,2.025624874849988024e-05,2.025624874774086418e-05
2.639835010311855634e-03,0.000000000000000000e+00,7.576056885890544907e-05,-3.834507393919398693e-05,0.000000000000000000e+00,6.227556907650113466e-03,6.965513152094240793e-06,6.965513152916523438e-06,6.965513154198870333e-06,6.965513153433562513e-06
2.644834697831385546e-03,0.000000000000000000e+00,7.654087251344838182e-05,-3.851777276372757790e-05,0.000000000000000000e+00,6.227561378096652459e-03,-5.556757448359295822e-06,-5.556757447540821437e-06,-5.556757447477053409e-06,-5.556757448248681789e-06
2.649834385350915457e-03,0.000000000000000000e+00,7.732042542665440638e-05,-3.869022636891455681e-05,0.000000000000000000e+00,6.227566061661958877e-03,-1.648251789862040470e-05,-1.648251789780459678e-05,-1.648251789630680874e-05,-1.648251789708609938e-05
2.654834072870445368e-03,0.000000000000000000e+00,7.807487787535335555e-05,-3.886243475475490333e-05,0.000000000000000000e+00,6.227569050864414750e-03,-2.496451783015843592e-05,-2.496451782934274997e-05,-2.496451782780843788e-05,-2.496451782859785903e-05
2.659833760389975713e-03,0.000000000000000000e+00,7.879002085972213528e-05,-3.903439792124862424e-05,0.000000000000000000e+00,6.227568881292266760e-03,-3.028184692866619935e-05,-3.028184692784730144e-05,-3.028184692939600293e-05,-3.028184693019898000e-05
2.664833447909505625e-03,0.000000000000000000e+00,7.946363490741797583e-05,-3.920611586839573308e-05,0.000000000000000000e+00,6.227565358373019638e-03,-3.196707934850519771e-05,-3.196707934767917795e-05,-3.196707934811486459e-05,-3.196707934893549044e-05
2.669833135429035536e-03,0.000000000000000000e+00,8.010236709134671345e-05,-3.937758859619620952e-05,0.000000000000000000e+00,6.227560027800231775e-03,-2.996387115413920026e-05,-2.996387115330217247e-05,-2.996387115230140981e-05,-2.996387115314381457e-05
2.674832822948565881e-03,0.000000000000000000e+00,8.071753640149775669e-05,-3.954881610465006713e-05,0.000000000000000000e+00,6.227555467637567628e-03,-2.471817761919365138e-05,-2.471817761834236633e-05,-2.471817762040041244e-05,-2.471817762126837049e-05
2.679832510468095792e-03,0.000000000000000000e+00,8.131993830901543166e-05,-3.971979839375729913e-05,0.000000000000000000e+00,6.227553756996366888e-03,-1.713522518833874474e-05,-1.713522518747082735e-05,-1.713522518866662103e-05,-1.713522518956337481e-05
2.684832197987625704e-03,0.000000000000000000e+00,8.191776939074605518e-05,-3.989053546351790550e-05,0.000000000000000000e+00,6.227555560523249413e-03,-8.346571583136620266e-06,-8.346571582250940594e-06,-8.346571580764595977e-06,-8.346571581692346082e-06
2.689831885507155615e-03,0.000000000000000000e+00,8.251424837584154419e-05,-4.006102731393189304e-05,0.000000000000000000e+00,6.227560218903819590e-03,5.533559929962099475e-07,5.533559938992489250e-07,5.533559934199502496e-07,5.533559924603508588e-07
2.694831573026685960e-03,0.000000000000000000e+00,8.310649115772507335e-05,-4.023127394499925497e-05,0.000000000000000000e+00,6.227566120053604562e-03,8.693240954325796990e-06,8.693240955244100983e-06,8.693240954268317334e-06,8.693240953277563224e-06
2.699831260546215871e-03,0.000000000000000000e+00,8.368361573327455277e-05,-4.040127535671999128e-05,0.000000000000000000e+00,6.227571196159545526e-03,1.553964084627008110e-05,1.553964084720025203e-05,1.553964084839922039e-05,1.553964084737959262e-05
2.704830948065745783e-03,0.000000000000000000e+00,8.422762780389020528e-05,-4.057103154909410874e-05,0.000000000000000000e+00,6.227573619328929423e-03,2.091782284771956407e-05,2.091782284865681280e-05,2.091782284917598301e-05,2.091782284813154734e-05
2.709830635585275694e-03,0.000000000000000000e+00,8.471526987458068169e-05,-4.074054252212160060e-05,0.000000000000000000e+00,6.227572523854318226e-03,2.490847812040139692e-05,2.490847812134001107e-05,2.490847812034950091e-05,2.490847811928589519e-05
2.714830323104806039e-03,0.000000000000000000e+00,8.512181618300242289e-05,-4.090980827580246684e-05,0.000000000000000000e+00,6.227568559199021456e-03,2.772346871428602396e-05,2.772346871522013529e-05,2.772346871527369487e-05,2.772346871419768859e-05
2.719830010624335950e-03,0.000000000000000000e+00,8.542199373295269039e-05,-4.107882881013671424e-05,0.000000000000000000e+00,6.227563636299061380e-03,2.959314533398947812e-05,2.959314533491282535e-05,2.959314533552890629e-05,2.959314533444831248e-05
2.724829698143865862e-03,0.000000000000000000e+00,8.558914254782311066e-05,-4.124760412512433602e-05,0.000000000000000000e+00,6.227559864833516999e-03,3.058506303494605024e-05,3.058506303585281595e-05,3.058506303508017282e-05,3.058506303400330257e-05
2.729829385663395773e-03,0.000000000000000000e+00,8.559472251656985550e-05,-4.141613422076533219e-05,0.000000000000000000e+00,6.227558433764576566e-03,3.054996569335961684e-05,3.054996569424467818e-05,3.054996569375932830e-05,3.054996569269440460e-05
2.734829073182926118e-03,0.000000000000000000e+00,8.541103753104431170e-05,-4.158441909705970274e-05,0.000000000000000000e+00,6.227558999417574098e-03,2.922337726540016168e-05,2.922337726625925299e-05,2.922337726749489110e-05,2.922337726644973037e-05
2.739828760702456029e-03,0.000000000000000000e+00,8.501554397575271946e-05,-4.175245875400745445e-05,0.000000000000000000e+00,6.227560242698088229e-03,2.633679815229748227e-05,2.633679815312764232e-05,2.633679815340632293e-05,2.633679815238758624e-05
2.744828448221985941e-03,0.000000000000000000e+00,8.439584907200853748e-05,-4.192025319160858055e-05,0.000000000000000000e+00,6.227561107412057061e-03,2.169465896690123756e-05,2.169465896770090443e-05,2.169465896703729138e-05,2.169465896604997961e-05
2.749828135741516286e-03,0.000000000000000000e+00,8.355235531849876070e-05,-4.208780240986308103e-05,0.000000000000000000e+00,6.227561422211816237e-03,1.527245523469873518e-05,1.527245523546764120e-05,1.527245523658055101e-05,1.527245523562803536e-05
2.754827823261046197e-03,0.000000000000000000e+00,8.249703956268183177e-05,-4.225510640877096268e-05,0.000000000000000000e+00,6.227561726992437117e-03,7.249943804987728411e-06,7.249943805726839197e-06,7.249943806822423798e-06,7.249943805906132355e-06
2.759827510780576108e-03,0.000000000000000000e+00,8.125266198930355770e-05,-4.242216518833221870e-05,0.000000000000000000e+00,6.227562706199863199e-03,-1.999046722884230946e-06,-1.999046722172818138e-06,-1.999046723182305228e-06,-1.999046724062924726e-06
2.764827198300106020e-03,0.000000000000000000e+00,7.985339684405773309e-05,-4.258897874854685589e-05,0.000000000000000000e+00,6.227564569324951435e-03,-1.194889991465139837e-05,-1.194889991396462745e-05,-1.194889991347002966e-05,-1.194889991431708463e-05
2.769826885819636365e-03,0.000000000000000000e+00,7.834570622052244686e-05,-4.275554708941486069e-05,0.000000000000000000e+00,6.227566694907970060e-03,-2.200531033935401102e-05,-2.200531033868791787e-05,-2.200531033795934078e-05,-2.200531033877668014e-05
2.774826573339166276e-03,0.000000000000000000e+00,7.678619496219492714e-05,-4.292187021093624665e-05,0.000000000000000000e+00,6.227567719842109356e-03,-3.162839043508588956e-05,-3.162839043443615430e-05,-3.162839043494839917e-05,-3.162839043574067313e-05
2.779826260858696187e-03,0.000000000000000000e+00,7.523918121462352319e-05,-4.308794811311101377e-05,0.000000000000000000e+00,6.227566353781641487e-03,-4.037888895171632054e-05,-4.037888895107828111e-05,-4.037888895068470895e-05,-4.037888895145714879e-05
2.784825948378226099e-03,0.000000000000000000e+00,7.377169930522688027e-05,-4.325378079593914849e-05,0.000000000000000000e+00,6.227562604652644648e-03,-4.785826752191541552e-05,-4.785826752128480288e-05,-4.785826752055003907e-05,-4.785826752130789639e-05
2.789825635897756444e-03,0.000000000000000000e+00,7.245017312385354969e-05,-4.341936825942066438e-05,0.000000000000000000e+00,6.227558076035795073e-03,-5.365703338183363841e-05,-5.365703338120640035e-05,-5.365703338070319502e-05,-5.365703338145118610e-05
2.794825323417286355e-03,0.000000000000000000e+00,7.133773672394794511e-05,-4.358471050355555465e-05,0.000000000000000000e+00,6.227554987558752385e-03,-5.739436190940444928e-05,-5.739436190877719767e-05,-5.739436190874923880e-05,-5.739436190949115835e-05
2.799825010936816266e-03,0.000000000000000000e+00,7.049294183198643975e-05,-4.374980752834382609e-05,0.000000000000000000e+00,6.227554927044521606e-03,-5.877815632181847798e-05,-5.877815632118866493e-05,-5.877815632055179103e-05,-5.877815632129035632e-05
2.804824698456346611e-03,0.000000000000000000e+00,6.996336794741806571e-05,-4.391465933378547190e-05,0.000000000000000000e+00,6.227558211366045551e-03,-5.766496024348914293e-05,-5.766496024285558940e-05,-5.766496024247706054e-05,-5.766496024321357940e-05
2.809824385975876523e-03,0.000000000000000000e+00,6.978006167837338622e-05,-4.407926591988049211e-05,0.000000000000000000e+00,6.227564093829527150e-03,-5.415415890921264228e-05,-5.415415890857524660e-05,-5.415415890943919310e-05,-5.415415891017340126e-05
2.814824073495406434e-03,0.000000000000000000e+00,6.995341637364335381e-05,-4.424362728662889347e-05,0.000000000000000000e+00,6.227571091750805192e-03,-4.859368969358045904e-05,-4.859368969294054937e-05,-4.859368969354739087e-05,-4.859368969427769590e-05
2.819823761014936345e-03,0.000000000000000000e+00,7.047354426329320782e-05,-4.440774343403066922e-05,0.000000000000000000e+00,6.227577122821955496e-03,-4.155752173719883609e-05,-4.155752173655893997e-05,-4.155752173718041821e-05,-4.155752173790406895e-05
2.824823448534466690e-03,0.000000000000000000e+00,7.131103230058314269e-05,-4.457161436208581257e-05,0.000000000000000000e+00,6.227580140596654032e-03,-3.380073277147278095e-05,-3.380073277083647625e-05,-3.380073277128463121e-05,-3.380073277199804980e-05
2.829823136053996602e-03,0.000000000000000000e+00,7.242053919749789057e-05,-4.473524007079434387e-05,0.000000000000000000e+00,6.227579139544008741e-03,-2.616203561722808767e-05,-2.616203561659950452e-05,-2.616203561764223596e-05,-2.616203561834146504e-05
2.834822823573526513e-03,0.000000000000000000e+00,7.374129650998725567e-05,-4.489862056015624954e-05,0.000000000000000000e+00,6.227574666124824181e-03,-1.938351386225117205e-05,-1.938351386163493186e-05,-1.938351386182151628e-05,-1.938351386250221906e-05
2.839822511093056424e-03,0.000000000000000000e+00,7.519886413085497326e-05,-4.506175583017152283e-05,0.000000000000000000e+00,6.227568359954632239e-03,-1.399872817696188304e-05,-1.399872817636283423e-05,-1.399872817599008383e-05,-1.399872817664796754e-05
2.844822198612586769e-03,0.000000000000000000e+00,7.671040542785487843e-05,-4.522464588084018405e-05,0.000000000000000000e+00,6.227561816387291484e-03,-1.027823723296927724e-05,-1.027823723239176340e-05,-1.027823723252819839e-05,-1.027823723315940395e-05
2.849821886132116681e-03,0.000000000000000000e+00,7.819514465513562713e-05,-4.538729071216221288e-05,0.000000000000000000e+00,6.227555948347405015e-03,-8.277304964760828860e-06,-8.277304964208626059e-06,-8.277304963651376635e-06,-8.277304964252654831e-06
2.854821573651646592e-03,0.000000000000000000e+00,7.958241958781333094e-05,-4.554969032413762965e-05,0.000000000000000000e+00,6.227551347488064805e-03,-7.883917607766425102e-06,-7.883917607242335324e-06,-7.883917606706444684e-06,-7.883917607275396714e-06
2.859821261171176937e-03,0.000000000000000000e+00,8.081715614658156787e-05,-4.571184471676641403e-05,0.000000000000000000e+00,6.227548719064314453e-03,-8.874829234434267110e-06,-8.874829233940357117e-06,-8.874829233308214734e-06,-8.874829233843248177e-06
2.864820948690706848e-03,0.000000000000000000e+00,8.186174401252759318e-05,-4.587375389004857279e-05,0.000000000000000000e+00,6.227548803123261756e-03,-1.090544602214821223e-05,-1.090544602168537649e-05,-1.090544602188941656e-05,-1.090544602238993002e-05
2.869820636210236760e-03,0.000000000000000000e+00,8.269579189987849663e-05,-4.603541784398411949e-05,0.000000000000000000e+00,6.227551940909650113e-03,-1.349475895078036162e-05,-1.349475895034856794e-05,-1.349475894987379242e-05,-1.349475895034027210e-05
2.874820323729766671e-03,0.000000000000000000e+00,8.331492051131658065e-05,-4.619683657857303379e-05,0.000000000000000000e+00,6.227557640012634788e-03,-1.604366365175586317e-05,-1.604366365135400364e-05,-1.604366365089531497e-05,-1.604366365132946001e-05
2.879820011249297016e-03,0.000000000000000000e+00,8.372949723233988079e-05,-4.635801009381532249e-05,0.000000000000000000e+00,6.227564493313499094e-03,-1.798108595288417996e-05,-1.798108595251028267e-05,-1.798108595350669496e-05,-1.798108595391121418e-05
2.884819698768826927e-03,0.000000000000000000e+00,8.396118913003931187e-05,-4.651893838971099234e-05,0.000000000000000000e+00,6.227570362976021616e-03,-1.883697506491824596e-05,-1.883697506456963430e-05,-1.883697506472529863e-05,-1.883697506510396302e-05
2.889819386288356839e-03,0.000000000000000000e+00,8.403554397375420204e-05,-4.667962146626003657e-05,0.000000000000000000e+00,6.227573001452079912e-03,-1.828898462822198899e-05,-1.828898462789585759e-05,-1.828898462801727468e-05,-1.828898462837422453e-05
2.894819073807886750e-03,0.000000000000000000e+00,8.397641314745710628e-05,-4.684005932346246197e-05,0.000000000000000000e+00,6.227571339827319384e-03,-1.620401987180811345e-05,-1.620401987150154851e-05,-1.620401987169533609e-05,-1.620401987203494887e-05
2.899818761327417095e-03,0.000000000000000000e+00,8.380404306712549445e-05,-4.700025196131826175e-05,0.000000000000000000e+00,6.227566430349115202e-03,-1.267111104334443413e-05,-1.267111104305486745e-05,-1.267111104393459417e-05,-1.267111104426103051e-05
2.904818448846947006e-03,0.000000000000000000e+00,8.353654808343208141e-05,-4.716019937982743592e-05,0.000000000000000000e+00,6.227561117862347867e-03,-8.006069471235336454e-06,-8.006069470960614870e-06,-8.006069471043198888e-06,-8.006069471359995987e-06
2.909818136366476918e-03,0.000000000000000000e+00,8.318986372561952916e-05,-4.731990157898999125e-05,0.000000000000000000e+00,6.227558489245164572e-03,-2.754318786852640517e-06,-2.754318786591306289e-06,-2.754318786223849844e-06,-2.754318786533525089e-06
2.914817823886007263e-03,0.000000000000000000e+00,8.277863325623567006e-05,-4.747935855880591418e-05,0.000000000000000000e+00,6.227559896957189645e-03,2.440689779483030351e-06,2.440689779731742941e-06,2.440689778436239929e-06,2.440689778132429540e-06
2.919817511405537174e-03,0.000000000000000000e+00,8.231358130335553148e-05,-4.763857031927521828e-05,0.000000000000000000e+00,6.227564171987902755e-03,7.037048171471107087e-06,7.037048171707329329e-06,7.037048172009084817e-06,7.037048171711201964e-06
2.924817198925067085e-03,0.000000000000000000e+00,8.179990514290452395e-05,-4.779753686039790354e-05,0.000000000000000000e+00,6.227568432926226284e-03,1.068074018341859166e-05,1.068074018364203556e-05,1.068074018409797137e-05,1.068074018380740858e-05
2.929816886444596997e-03,0.000000000000000000e+00,8.123640628545957313e-05,-4.795625818217395640e-05,0.000000000000000000e+00,6.227569788095726339e-03,1.316098722132937298e-05,1.316098722153970482e-05,1.316098722100820858e-05,1.316098722072716983e-05
2.934816573964127342e-03,0.000000000000000000e+00,8.061831878780581116e-05,-4.811473428460339043e-05,0.000000000000000000e+00,6.227567181724518071e-03,1.434371265590587913e-05,1.434371265610289899e-05,1.434371265630209065e-05,1.434371265603348634e-05
2.939816261483657253e-03,0.000000000000000000e+00,7.993568796245092262e-05,-4.827296516768619884e-05,0.000000000000000000e+00,6.227562096035246450e-03,1.416449300054974693e-05,1.416449300073361576e-05,1.416449300197523392e-05,1.416449300172215403e-05
2.944815949003187164e-03,0.000000000000000000e+00,7.917290721310191702e-05,-4.843095083142238841e-05,0.000000000000000000e+00,6.227557614801725906e-03,1.267313572996584981e-05,1.267313573013718764e-05,1.267313573030414800e-05,1.267313573006954359e-05
2.949815636522717076e-03,0.000000000000000000e+00,7.830889801697714185e-05,-4.858869127581195237e-05,0.000000000000000000e+00,6.227556409134336196e-03,1.011696155849268642e-05,1.011696155865296200e-05,1.011696155774206615e-05,1.011696155752819711e-05
2.954815324042247421e-03,0.000000000000000000e+00,7.732228060321309911e-05,-4.874618650085489071e-05,0.000000000000000000e+00,6.227558927504538676e-03,6.952547092048301282e-06,6.952547092199627106e-06,6.952547092788891834e-06,6.952547092597014307e-06
2.959815011561777332e-03,0.000000000000000000e+00,7.619555113160369065e-05,-4.890343650655121021e-05,0.000000000000000000e+00,6.227563315907536437e-03,3.759908839570157121e-06,3.759908839715470705e-06,3.759908839092887936e-06,3.759908838922975668e-06
2.964814699081307244e-03,0.000000000000000000e+00,7.492194715468012236e-05,-4.906044129290090410e-05,0.000000000000000000e+00,6.227566946839785747e-03,1.129094298839367916e-06,1.129094298982508437e-06,1.129094297750853498e-06,1.129094297601322114e-06
2.969814386600837589e-03,0.000000000000000000e+00,7.350770125862912717e-05,-4.921720085990397237e-05,0.000000000000000000e+00,6.227568043206806354e-03,-3.540713392676776911e-07,-3.540713391223539424e-07,-3.540713394835254030e-07,-3.540713396155541226e-07
2.974814074120367500e-03,0.000000000000000000e+00,7.197103286872650468e-05,-4.937371520756041502e-05,0.000000000000000000e+00,6.227566364227190426e-03,-2.052673312438325594e-07,-2.052673310915207889e-07,-2.052673311365626129e-07,-2.052673312552082119e-07
2.979813761639897411e-03,0.000000000000000000e+00,7.033889372869818826e-05,-4.952998433587023884e-05,0.000000000000000000e+00,6.227562979705165806e-03,1.854875723441141476e-06,1.854875723605723366e-06,1.854875723486076574e-06,1.854875723375555715e-06
2.984813449159427323e-03,0.000000000000000000e+00,6.864775726063180000e-05,-4.968600824483343704e-05,0.000000000000000000e+00,6.227559662099953555e-03,5.812443990724876550e-06,5.812443990907069949e-06,5.812443990475501580e-06,5.812443990367177925e-06
2.989813136678957668e-03,0.000000000000000000e+00,6.694119297341191656e-05,-4.984178693445000962e-05,0.000000000000000000e+00,6.227558173768904873e-03,1.130211513514914908e-05,1.130211513535422422e-05,1.130211513668035256e-05,1.130211513656795637e-05
2.994812824198487579e-03,0.000000000000000000e+00,6.526580869920079147e-05,-4.999732040471995659e-05,0.000000000000000000e+00,6.227559278679486304e-03,1.759898061581836772e-05,1.759898061605118659e-05,1.759898061587876456e-05,1.759898061575627343e-05
2.999812511718017490e-03,0.000000000000000000e+00,6.366704579681757667e-05,-5.015260865564328472e-05,0.000000000000000000e+00,6.227562112996064617e-03,2.382161231721783190e-05,2.382161231748254664e-05,2.382161231638477500e-05,2.382161231624666119e-05
3.004812199237547402e-03,0.000000000000000000e+00,6.218608221870980390e-05,-5.030765168721998724e-05,0.000000000000000000e+00,6.227564825037100807e-03,2.910583974729436549e-05,2.910583974759388989e-05,2.910583974826733191e-05,2.910583974810919086e-05
3.009811886757077747e-03,0.000000000000000000e+00,6.085621254067618847e-05,-5.046244949945006414e-05,0.000000000000000000e+00,6.227565894166707701e-03,3.273775725094282043e-05,3.273775725127890278e-05,3.273775725084970779e-05,3.273775725066825301e-05
3.014811574276607658e-03,0.000000000000000000e+00,5.970243083839407337e-05,-5.061700209233352220e-05,0.000000000000000000e+00,6.227565096176212837e-03,3.427469362121048036e-05,3.427469362158333072e-05,3.427469362069192679e-05,3.427469362048537273e-05
3.019811261796137569e-03,0.000000000000000000e+00,5.874113803922797588e-05,-5.077130946587035464e-05,0.000000000000000000e+00,6.227563441701416957e-03,3.363513193409078082e-05,3.363513193449901682e-05,3.363513193438720847e-05,3.363513193415534506e-05
3.024810949315667914e-03,0.000000000000000000e+00,5.797517205608279368e-05,-5.092537162006056147e-05,0.000000000000000000e+00,6.227562255610354786e-03,3.109512377571974187e-05,3.109512377616031420e-05,3.109512377691392958e-05,3.109512377665811885e-05
3.029810636835197826e-03,0.000000000000000000e+00,5.738877801858253573e-05,-5.107918855490414269e-05,0.000000000000000000e+00,6.227562472947797967e-03,2.731337248640789255e-05,2.731337248687657621e-05,2.731337248681427524e-05,2.731337248653711928e-05
3.034810324354727737e-03,0.000000000000000000e+00,5.694671877458540343e-05,-5.123276027040110506e-05,0.000000000000000000e+00,6.227564331792052703e-03,2.322464258605276132e-05,2.322464258654418951e-05,2.322464258680986308e-05,2.322464258651500075e-05
3.039810011874257648e-03,0.000000000000000000e+00,5.659720485163575657e-05,-5.138608676655144182e-05,0.000000000000000000e+00,6.227567210411972393e-03,1.977956985217924638e-05,1.977956985268769654e-05,1.977956985393966544e-05,1.977956985363138950e-05
3.044809699393787993e-03,0.000000000000000000e+00,5.627558274700807789e-05,-5.153916804335515297e-05,0.000000000000000000e+00,6.227569731489837959e-03,1.767041010949493954e-05,1.767041011001485514e-05,1.767041010999845319e-05,1.767041010968118853e-05
3.049809386913317905e-03,0.000000000000000000e+00,5.591354484671343247e-05,-5.169200410081223850e-05,0.000000000000000000e+00,6.227570238158337650e-03,1.721122220697537616e-05,1.721122220750175632e-05,1.721122220732793838e-05,1.721122220700594389e-05
3.054809074432847816e-03,0.000000000000000000e+00,5.544795623696404134e-05,-5.184459493892270519e-05,0.000000000000000000e+00,6.227567930598455759e-03,1.830939213693045451e-05,1.830939213745900646e-05,1.830939213743757653e-05,1.830939213711480276e-05
3.059808761952377727e-03,0.000000000000000000e+00,5.482863096192360945e-05,-5.199694055768654626e-05,0.000000000000000000e+00,6.227563876314354610e-03,2.051930920011885536e-05,2.051930920064677711e-05,2.051930920045592026e-05,2.051930920013545721e-05
3.064808449471908072e-03,0.000000000000000000e+00,5.402494253785416464e-05,-5.214904095710376172e-05,0.000000000000000000e+00,6.227560496952238081e-03,2.318249480295201163e-05,2.318249480347775481e-05,2.318249480192981904e-05,2.318249480161378088e-05
3.069808136991437984e-03,0.000000000000000000e+00,5.303410802746009279e-05,-5.230089613717435834e-05,0.000000000000000000e+00,6.227559765134739987e-03,2.553119434925913212e-05,2.553119434978272723e-05,2.553119434849712434e-05,2.553119434818650041e-05
3.074807824510967895e-03,0.000000000000000000e+00,5.188047025892329831e-05,-5.245250609789832934e-05,0.000000000000000000e+00,6.227561645037377192e-03,2.678963247522355855e-05,2.678963247574658784e-05,2.678963247586632781e-05,2.678963247556063700e-05
3.079807512030498240e-03,0.000000000000000000e+00,5.061054056606614413e-05,-5.260387083927567473e-05,0.000000000000000000e+00,6.227564229876855935e-03,2.637990631493994598e-05,2.637990631546548588e-05,2.637990631404642786e-05,2.637990631374355599e-05
3.084807199550028151e-03,0.000000000000000000e+00,4.928538868643431593e-05,-5.275499036130639450e-05,0.000000000000000000e+00,6.227565397662834963e-03,2.411611394504156760e-05,2.411611394557371774e-05,2.411611394514883924e-05,2.411611394484534395e-05
3.089806887069558063e-03,0.000000000000000000e+00,4.797346221579876024e-05,-5.290586466399049544e-05,0.000000000000000000e+00,6.227564278674406137e-03,2.015767522575204451e-05,2.015767522629589387e-05,2.015767522670831082e-05,2.015767522639908959e-05
3.094806574589087974e-03,0.000000000000000000e+00,4.674095820051894681e-05,-5.305649374732797076e-05,0.000000000000000000e+00,6.227561575815544065e-03,1.493234091937293426e-05,1.493234091993431720e-05,1.493234091994256561e-05,1.493234091962118775e-05
3.099806262108618319e-03,0.000000000000000000e+00,4.564910351952764932e-05,-5.320687761131882046e-05,0.000000000000000000e+00,6.227559006818985179e-03,9.026059911955289496e-06,9.026059912540174217e-06,9.026059912619068559e-06,9.026059912278268241e-06
3.104805949628148230e-03,0.000000000000000000e+00,4.475233378336803194e-05,-5.335701625596304455e-05,0.000000000000000000e+00,6.227558143767819923e-03,3.040094657855217310e-06,3.040094658469389888e-06,3.040094658691496327e-06,3.040094658323605354e-06
3.109805637147678142e-03,0.000000000000000000e+00,4.409595719799013131e-05,-5.350690968126064979e-05,0.000000000000000000e+00,6.227559253777133555e-03,-2.470725280856233552e-06,-2.470725280207560474e-06,-2.470725279463619907e-06,-2.470725279866006297e-06
3.114805324667208053e-03,0.000000000000000000e+00,4.371347355569475917e-05,-5.365655788721162943e-05,0.000000000000000000e+00,6.227561186071151056e-03,-6.925747692597699720e-06,-6.925747691910276579e-06,-6.925747692465961533e-06,-6.925747692909340929e-06
3.119805012186738398e-03,0.000000000000000000e+00,4.362891803737461142e-05,-5.380596087381598345e-05,0.000000000000000000e+00,6.227562466403642125e-03,-9.829750074481694345e-06,-9.829750073752515868e-06,-9.829750073592823052e-06,-9.829750074082189561e-06
3.124804699706268309e-03,0.000000000000000000e+00,4.385560032539139369e-05,-5.395511864107371862e-05,0.000000000000000000e+00,6.227562700098387971e-03,-1.090771526292777665e-05,-1.090771526215499122e-05,-1.090771526134197850e-05,-1.090771526188064403e-05
3.129804387225798221e-03,0.000000000000000000e+00,4.439283303652362346e-05,-5.410403118898482819e-05,0.000000000000000000e+00,6.227562780869165190e-03,-1.020294012807854542e-05,-1.020294012726166176e-05,-1.020294012768897125e-05,-1.020294012827820803e-05
3.134804074745328566e-03,0.000000000000000000e+00,4.522394210253842116e-05,-5.425269851754930536e-05,0.000000000000000000e+00,6.227563766233032948e-03,-8.100867704106925595e-06,-8.100867703246880528e-06,-8.100867703626415663e-06,-8.100867704265303816e-06
3.139803762264858477e-03,0.000000000000000000e+00,4.631577580259284147e-05,-5.440112062676716369e-05,0.000000000000000000e+00,6.227565990530967155e-03,-5.343640255588082253e-06,-5.343640254687184786e-06,-5.343640254726324485e-06,-5.343640255411824861e-06
3.144803449784388388e-03,0.000000000000000000e+00,4.761721765677687414e-05,-5.454929751663840318e-05,0.000000000000000000e+00,6.227568933786354829e-03,-2.847240464709118473e-06,-2.847240463770773680e-06,-2.847240463883737382e-06,-2.847240464611151490e-06
3.149803137303918300e-03,0.000000000000000000e+00,4.906369466677702393e-05,-5.469722918716301028e-05,0.000000000000000000e+00,6.227571383135806389e-03,-1.535920123449977175e-06,-1.535920122478766657e-06,-1.535920123648598778e-06,-1.535920124411770381e-06
3.154802824823448645e-03,0.000000000000000000e+00,5.058630152015841641e-05,-5.484491563834099855e-05,0.000000000000000000e+00,6.227571639522134356e-03,-2.196310910334271835e-06,-2.196310909335574250e-06,-2.196310909479580439e-06,-2.196310910271402932e-06
3.159802512342978556e-03,0.000000000000000000e+00,5.211728302820134201e-05,-5.499235687017236119e-05,0.000000000000000000e+00,6.227568277208397028e-03,-5.315341240123118198e-06,-5.315341239102947481e-06,-5.315341239008500766e-06,-5.315341239821442332e-06
3.164802199862508467e-03,0.000000000000000000e+00,5.359447921838534718e-05,-5.513955288265709822e-05,0.000000000000000000e+00,6.227561676466391097e-03,-1.080066979175584984e-05,-1.080066979072052316e-05,-1.080066979143058919e-05,-1.080066979225701552e-05
3.169801887382038379e-03,0.000000000000000000e+00,5.496792867396395262e-05,-5.528650367579521642e-05,0.000000000000000000e+00,6.227554648155860309e-03,-1.791706586036458435e-05,-1.791706585932042312e-05,-1.791706585891219390e-05,-1.791706585974485439e-05
3.174801574901568724e-03,0.000000000000000000e+00,5.620375795334482617e-05,-5.543320924958670899e-05,0.000000000000000000e+00,6.227550777812141183e-03,-2.544194588947496717e-05,-2.544194588842753978e-05,-2.544194588813250126e-05,-2.544194588896523290e-05
3.179801262421098635e-03,0.000000000000000000e+00,5.728269996754166318e-05,-5.557966960403157595e-05,0.000000000000000000e+00,6.227551788456171453e-03,-3.196583270513883395e-05,-3.196583270409274148e-05,-3.196583270397074163e-05,-3.196583270479867229e-05
3.184800949940628546e-03,0.000000000000000000e+00,5.820141999331428375e-05,-5.572588473912982407e-05,0.000000000000000000e+00,6.227556632265238840e-03,-3.625023263095425441e-05,-3.625023262991268849e-05,-3.625023263017494344e-05,-3.625023263099472903e-05
3.189800637460158891e-03,0.000000000000000000e+00,5.897149608388066835e-05,-5.587185465488143981e-05,0.000000000000000000e+00,6.227562938207033619e-03,-3.757108736448490566e-05,-3.757108736344952647e-05,-3.757108736306407227e-05,-3.757108736387395096e-05
3.194800324979688803e-03,0.000000000000000000e+00,5.961516298391288278e-05,-5.601757935128643670e-05,0.000000000000000000e+00,6.227568739307752337e-03,-3.575042032906241055e-05,-3.575042032803331295e-05,-3.575042032775707179e-05,-3.575042032855688096e-05
3.199800012499218714e-03,0.000000000000000000e+00,6.016220261648402672e-05,-5.616305882834481475e-05,0.000000000000000000e+00,6.227572815050545080e-03,-3.107872340498297331e-05,-3.107872340395895791e-05,-3.107872340494606300e-05,-3.107872340573688007e-05
3.204799700018748625e-03,0.000000000000000000e+00,6.065256231828731277e-05,-5.630829308605656041e-05,0.000000000000000000e+00,6.227574153480377323e-03,-2.427450333495231562e-05,-2.427450333393101750e-05,-2.427450333372710957e-05,-2.427450333451105550e-05
3.209799387538278970e-03,0.000000000000000000e+00,6.113326621861652703e-05,-5.645328212442168723e-05,0.000000000000000000e+00,6.227572171994943256e-03,-1.637812419982078525e-05,-1.637812419879914154e-05,-1.637812419909500677e-05,-1.637812419987496487e-05
3.214799075057808882e-03,0.000000000000000000e+00,6.165407906854113260e-05,-5.659802594344018843e-05,0.000000000000000000e+00,6.227567583625243444e-03,-8.515711856359204089e-06,-8.515711855334126510e-06,-8.515711855877803078e-06,-8.515711856656732882e-06
3.219798762577338793e-03,0.000000000000000000e+00,6.226332689362597500e-05,-5.674252454311206402e-05,0.000000000000000000e+00,6.227562314682749331e-03,-1.724896007229195484e-06,-1.724896006198036208e-06,-1.724896006272009290e-06,-1.724896007052627230e-06
3.224798450096868704e-03,0.000000000000000000e+00,6.300163161058677797e-05,-5.688677792343732078e-05,0.000000000000000000e+00,6.227558379026006119e-03,3.155210127718762386e-06,3.155210128757981180e-06,3.155210128679065661e-06,3.155210127894547981e-06
3.229798137616399049e-03,0.000000000000000000e+00,6.388982989305309304e-05,-5.703078608441595191e-05,0.000000000000000000e+00,6.227556718541515761e-03,5.562663838728652068e-06,5.562663839777050157e-06,5.562663840012382168e-06,5.562663839222357079e-06
3.234797825135928961e-03,0.000000000000000000e+00,6.492397842587522010e-05,-5.717454902604795743e-05,0.000000000000000000e+00,6.227557011411972814e-03,5.197477508160732910e-06,5.197477509218374670e-06,5.197477508963355073e-06,5.197477508167097515e-06
3.239797512655458872e-03,0.000000000000000000e+00,6.607337046702026326e-05,-5.731806674833334411e-05,0.000000000000000000e+00,6.227558472924967642e-03,1.979236261790554242e-06,1.979236262856418152e-06,1.979236263263051564e-06,1.979236262460772450e-06
3.244797200174989217e-03,0.000000000000000000e+00,6.727986832010611593e-05,-5.746133925127209840e-05,0.000000000000000000e+00,6.227560503291105012e-03,-3.882442407666175821e-06,-3.882442406593900720e-06,-3.882442406814609554e-06,-3.882442407621770119e-06
3.249796887694519128e-03,0.000000000000000000e+00,6.846339708713828839e-05,-5.760436653486423385e-05,0.000000000000000000e+00,6.227562774702875489e-03,-1.174387288080247160e-05,-1.174387287972647887e-05,-1.174387288063296337e-05,-1.174387288144285223e-05
3.254796575214049040e-03,0.000000000000000000e+00,6.953784504248552599e-05,-5.774714859910975046e-05,0.000000000000000000e+00,6.227564882848262914e-03,-2.059278350408289731e-05,-2.059278350300647090e-05,-2.059278350350498706e-05,-2.059278350431440158e-05
3.259796262733578951e-03,0.000000000000000000e+00,7.042437682111368877e-05,-5.788968544400863468e-05,0.000000000000000000e+00,6.227566024397712501e-03,-2.926235908260131884e-05,-2.926235908152785027e-05,-2.926235908243196308e-05,-2.926235908323698658e-05
3.264795950253109296e-03,0.000000000000000000e+00,7.106310920905088094e-05,-5.803197706956090006e-05,0.000000000000000000e+00,6.227565482501902158e-03,-3.665066629855511741e-05,-3.665066629748807273e-05,-3.665066629814316124e-05,-3.665066629893916892e-05
3.269795637772639207e-03,0.000000000000000000e+00,7.142402834900772439e-05,-5.817402347576653982e-05,0.000000000000000000e+00,6.227563490534513378e-03,-4.194576662260477920e-05,-4.194576662154755333e-05,-4.194576662215753903e-05,-4.194576662293924879e-05
3.274795325292169119e-03,0.000000000000000000e+00,7.151087212942278213e-05,-5.831582466262555397e-05,0.000000000000000000e+00,6.227561409786743982e-03,-4.479302347740343493e-05,-4.479302347635885358e-05,-4.479302347580189892e-05,-4.479302347656410660e-05
3.279795012811699030e-03,0.000000000000000000e+00,7.135524143853729136e-05,-5.845738063013794928e-05,0.000000000000000000e+00,6.227560922747707277e-03,-4.519164232355490121e-05,-4.519164232252524118e-05,-4.519164232181000656e-05,-4.519164232254783324e-05
3.284794700331229375e-03,0.000000000000000000e+00,7.101097114308692673e-05,-5.859869137830371898e-05,0.000000000000000000e+00,6.227562813480144212e-03,-4.339736848749364264e-05,-4.339736848648048959e-05,-4.339736848526327614e-05,-4.339736848597254765e-05
3.289794387850759286e-03,0.000000000000000000e+00,7.054790947017335284e-05,-5.873975690712286306e-05,0.000000000000000000e+00,6.227566355636223946e-03,-3.992739347984890203e-05,-3.992739347885312332e-05,-3.992739347705403889e-05,-3.992739347773167880e-05
3.294794075370289198e-03,0.000000000000000000e+00,7.004101137283427671e-05,-5.888057721659538830e-05,0.000000000000000000e+00,6.227569865588090427e-03,-3.549484533601019186e-05,-3.549484533503212630e-05,-3.549484533404544812e-05,-3.549484533468973526e-05
3.299793762889819543e-03,0.000000000000000000e+00,6.956238298313814573e-05,-5.902115230672128114e-05,0.000000000000000000e+00,6.227571610359163706e-03,-3.080708954218407017e-05,-3.080708954122377197e-05,-3.080708953975079523e-05,-3.080708954036118073e-05
3.304793450409349454e-03,0.000000000000000000e+00,6.917903410673869680e-05,-5.916148217750054838e-05,0.000000000000000000e+00,6.227570392555518454e-03,-2.646808806687532683e-05,-2.646808806593275873e-05,-2.646808806597224063e-05,-2.646808806654922253e-05
3.309793137928879365e-03,0.000000000000000000e+00,6.894904716552428705e-05,-5.930156682893320355e-05,0.000000000000000000e+00,6.227566008073629790e-03,-2.289184703760851545e-05,-2.289184703668380280e-05,-2.289184703714300986e-05,-2.289184703768813655e-05
3.314792825448409277e-03,0.000000000000000000e+00,6.891526442952750954e-05,-5.944140626101922632e-05,0.000000000000000000e+00,6.227559400585857587e-03,-2.026411062299024110e-05,-2.026411062208380743e-05,-2.026411062295126403e-05,-2.026411062346650401e-05
3.319792512967939622e-03,0.000000000000000000e+00,6.910355242385240917e-05,-5.958100047375862349e-05,0.000000000000000000e+00,6.227552623243439410e-03,-1.860925029361763680e-05,-1.860925029273048837e-05,-1.860925029518689408e-05,-1.860925029567411082e-05
3.324792200487469533e-03,0.000000000000000000e+00,6.951960666426218439e-05,-5.972034946715140181e-05,0.000000000000000000e+00,6.227548280949805372e-03,-1.789208940099165944e-05,-1.789208940012550387e-05,-1.789208940148491722e-05,-1.789208940194561505e-05
3.329791888006999444e-03,0.000000000000000000e+00,7.014474366362918282e-05,-5.985945324119755452e-05,0.000000000000000000e+00,6.227548176222377253e-03,-1.793962039515540653e-05,-1.793962039431236142e-05,-1.793962039619008099e-05,-1.793962039662512050e-05
3.334791575526529356e-03,0.000000000000000000e+00,7.093727874906933389e-05,-5.999831179589708161e-05,0.000000000000000000e+00,6.227552428865574044e-03,-1.837786856820331941e-05,-1.837786856738656959e-05,-1.837786856865478797e-05,-1.837786856906385068e-05
3.339791263046059701e-03,0.000000000000000000e+00,7.184015688312703034e-05,-6.013692513124998986e-05,0.000000000000000000e+00,6.227559662805352836e-03,-1.876240279183034025e-05,-1.876240279104360927e-05,-1.876240279146810830e-05,-1.876240279184970342e-05
3.344790950565589612e-03,0.000000000000000000e+00,7.278582561168959845e-05,-6.027529324725626572e-05,0.000000000000000000e+00,6.227567888836892801e-03,-1.875020350059198291e-05,-1.875020349983966180e-05,-1.875020349956883488e-05,-1.875020349992048907e-05
3.349790638085119523e-03,0.000000000000000000e+00,7.370428740085861621e-05,-6.041341614391592952e-05,0.000000000000000000e+00,6.227575326980757525e-03,-1.816671244752697393e-05,-1.816671244681426685e-05,-1.816671244580695156e-05,-1.816671244612494805e-05
3.354790325604649435e-03,0.000000000000000000e+00,7.453371167244304916e-05,-6.055129382122896093e-05,0.000000000000000000e+00,6.227580359737192213e-03,-1.709570683625597705e-05,-1.709570683558877258e-05,-1.709570683491129191e-05,-1.709570683519108384e-05
3.359790013124179780e-03,0.000000000000000000e+00,7.522799158031281681e-05,-6.068892627919536672e-05,0.000000000000000000e+00,6.227581433261965629e-03,-1.585106389580940409e-05,-1.585106389519373650e-05,-1.585106389380986085e-05,-1.585106389404665060e-05
3.364789700643709691e-03,0.000000000000000000e+00,7.575833419598113929e-05,-6.082631351781516045e-05,0.000000000000000000e+00,6.227577753478189329e-03,-1.478464683429132696e-05,-1.478464683373344395e-05,-1.478464683321196473e-05,-1.478464683340086494e-05
3.369789388163239603e-03,0.000000000000000000e+00,7.611546226112043977e-05,-6.096345553708832179e-05,0.000000000000000000e+00,6.227570068144960141e-03,-1.418808114737853908e-05,-1.418808114688455625e-05,-1.418808114624458558e-05,-1.418808114638104767e-05
3.374789075682769948e-03,0.000000000000000000e+00,7.630658783091705103e-05,-6.110035233701486428e-05,0.000000000000000000e+00,6.227560874257847580e-03,-1.429693583609644851e-05,-1.429693583567169707e-05,-1.429693583570516503e-05,-1.429693583578561453e-05
3.379788763202299859e-03,0.000000000000000000e+00,7.634707214828351522e-05,-6.123700391759477439e-05,0.000000000000000000e+00,6.227553604006438870e-03,-1.520521623254070362e-05,-1.520521623218955256e-05,-1.520521623241887657e-05,-1.520521623244083335e-05
3.384788450721829770e-03,0.000000000000000000e+00,7.625240384287973819e-05,-6.137341027882806566e-05,0.000000000000000000e+00,6.227550817796325550e-03,-1.680933793234520076e-05,-1.680933793207064350e-05,-1.680933793218588403e-05,-1.680933793214835030e-05
3.389788138241359682e-03,0.000000000000000000e+00,7.603388201386459579e-05,-6.150957142071473809e-05,0.000000000000000000e+00,6.227552839307133256e-03,-1.887138668093952919e-05,-1.887138668074280748e-05,-1.887138668200962318e-05,-1.887138668191303432e-05
3.394787825760890027e-03,0.000000000000000000e+00,7.569250366299651550e-05,-6.164548734325477812e-05,0.000000000000000000e+00,6.227557751573430979e-03,-2.105142860062191799e-05,-2.105142860050272351e-05,-2.105142860024913540e-05,-2.105142860009557172e-05
3.399787513280419938e-03,0.000000000000000000e+00,7.521577976181570847e-05,-6.178115804644819932e-05,0.000000000000000000e+00,6.227562703404522851e-03,-2.296837728376439138e-05,-2.296837728372051507e-05,-2.296837728483608118e-05,-2.296837728462906972e-05
3.404787200799949849e-03,0.000000000000000000e+00,7.458103637989628410e-05,-6.191658353029500168e-05,0.000000000000000000e+00,6.227565906581291819e-03,-2.431418215350227786e-05,-2.431418215353009781e-05,-2.431418215434680698e-05,-2.431418215409094204e-05
3.409786888319479761e-03,0.000000000000000000e+00,7.376077626586327401e-05,-6.205176379479517164e-05,0.000000000000000000e+00,6.227567404361570094e-03,-2.490226107076599818e-05,-2.490226107086068629e-05,-2.490226107064460480e-05,-2.490226107034554457e-05
3.414786575839010106e-03,0.000000000000000000e+00,7.272758216498066155e-05,-6.218669883994870922e-05,0.000000000000000000e+00,6.227568174481967235e-03,-2.454620421998481036e-05,-2.454620422014069491e-05,-2.454620422081127396e-05,-2.454620422047523905e-05
3.419786263358540017e-03,0.000000000000000000e+00,7.146170888428441520e-05,-6.232138866575564150e-05,0.000000000000000000e+00,6.227568943443890018e-03,-2.295552963718847637e-05,-2.295552963739961458e-05,-2.295552963697505795e-05,-2.295552963660859084e-05
3.424785950878069928e-03,0.000000000000000000e+00,6.995672207637604681e-05,-6.245583327221594140e-05,0.000000000000000000e+00,6.227569483207718269e-03,-1.976354382565670106e-05,-1.976354382591739747e-05,-1.976354382592928642e-05,-1.976354382553873308e-05
3.429785638397600273e-03,0.000000000000000000e+00,6.821861058931176698e-05,-6.259003265932962246e-05,0.000000000000000000e+00,6.227569011617940624e-03,-1.464652819986705912e-05,-1.464652820017214345e-05,-1.464652819948245195e-05,-1.464652819907398387e-05
3.434785325917130185e-03,0.000000000000000000e+00,6.626446547886817920e-05,-6.272398682709667112e-05,0.000000000000000000e+00,6.227566986210880673e-03,-7.442611995063947708e-06,-7.442611995409421954e-06,-7.442611995420446934e-06,-7.442611994999253025e-06
3.439785013436660096e-03,0.000000000000000000e+00,6.412278971213342159e-05,-6.285769577551710095e-05,0.000000000000000000e+00,6.227563324339203260e-03,1.708665066586234423e-06,1.708665066203018083e-06,1.708665066471007449e-06,1.708665066900947821e-06
3.444784700956190007e-03,0.000000000000000000e+00,6.183220929634381966e-05,-6.299115950459091193e-05,0.000000000000000000e+00,6.227558625508349335e-03,1.234482684094811522e-05,1.234482684052835788e-05,1.234482684051041095e-05,1.234482684094633645e-05
3.449784388475720352e-03,0.000000000000000000e+00,5.943909362898681118e-05,-6.312437801431809053e-05,0.000000000000000000e+00,6.227554189057026707e-03,2.374333178159780721e-05,2.374333178114088375e-05,2.374333177975584258e-05,2.374333178019716030e-05
3.454784075995250264e-03,0.000000000000000000e+00,5.699858366805826709e-05,-6.325735130469865028e-05,0.000000000000000000e+00,6.227551588109137351e-03,3.495643648305625051e-05,3.495643648255990275e-05,3.495643648223870108e-05,3.495643648268678829e-05
3.459783763514780175e-03,0.000000000000000000e+00,5.457417114871001434e-05,-6.339007937573259120e-05,0.000000000000000000e+00,6.227551962577546757e-03,4.483887661843580686e-05,4.483887661789644338e-05,4.483887661647849667e-05,4.483887661693668729e-05
3.464783451034310086e-03,0.000000000000000000e+00,5.223510997961445607e-05,-6.352256222741989972e-05,0.000000000000000000e+00,6.227555107608196729e-03,5.225601754002703013e-05,5.225601753943980590e-05,5.225601753865670700e-05,5.225601753913043559e-05
3.469783138553840431e-03,0.000000000000000000e+00,5.005311624720032540e-05,-6.365479985976057586e-05,0.000000000000000000e+00,6.227559488660949945e-03,5.635334526232143264e-05,5.635334526168077758e-05,5.635334526097462993e-05,5.635334526147109288e-05
3.474782826073370343e-03,0.000000000000000000e+00,4.809799291572964088e-05,-6.378679227275464670e-05,0.000000000000000000e+00,6.227563460765472847e-03,5.675521736195156589e-05,5.675521736125157786e-05,5.675521736121108291e-05,5.675521736173860148e-05
3.479782513592900254e-03,0.000000000000000000e+00,4.642733140665201373e-05,-6.391853946640208516e-05,0.000000000000000000e+00,6.227566314464311713e-03,5.358147628598935444e-05,5.358147628522401612e-05,5.358147628616236600e-05,5.358147628673020333e-05
3.484782201112430599e-03,0.000000000000000000e+00,4.507686927670396344e-05,-6.405004144070290477e-05,0.000000000000000000e+00,6.227568172066631075e-03,4.732962973805106006e-05,4.732962973721485558e-05,4.732962973774432571e-05,4.732962973836176530e-05
3.489781888631960510e-03,0.000000000000000000e+00,4.405527558617716033e-05,-6.418129819565709200e-05,0.000000000000000000e+00,6.227569047013747569e-03,3.866743907757406421e-05,3.866743907666233149e-05,3.866743907867484790e-05,3.866743907935063789e-05
3.494781576151490422e-03,0.000000000000000000e+00,4.334269857008025360e-05,-6.431230973126466038e-05,0.000000000000000000e+00,6.227568284412704491e-03,2.826650503450964507e-05,2.826650503351876221e-05,2.826650503413165492e-05,2.826650503487330003e-05
3.499781263671020333e-03,0.000000000000000000e+00,4.289228511229559789e-05,-6.444307604752560993e-05,0.000000000000000000e+00,6.227565470371738097e-03,1.680036930630251395e-05,1.680036930523054294e-05,1.680036930618651787e-05,1.680036930699960174e-05
3.504780951190550678e-03,0.000000000000000000e+00,4.263843031221037816e-05,-6.457359714443992708e-05,0.000000000000000000e+00,6.227561743490697341e-03,5.040732949443269134e-06,5.040732948290001589e-06,5.040732948942789552e-06,5.040732949830488551e-06
3.509780638710080589e-03,0.000000000000000000e+00,4.250665102542614362e-05,-6.470387302200762540e-05,0.000000000000000000e+00,6.227559427876255826e-03,-6.197662438006001527e-06,-6.197662439239223900e-06,-6.197662439538058818e-06,-6.197662438574768904e-06
3.514780326229610501e-03,0.000000000000000000e+00,4.242255675678207022e-05,-6.483390368022870487e-05,0.000000000000000000e+00,6.227560218681855650e-03,-1.614999182824081820e-05,-1.614999182955039551e-05,-1.614999182999282115e-05,-1.614999182895594102e-05
3.519780013749140412e-03,0.000000000000000000e+00,4.232079597214960293e-05,-6.496368911910315196e-05,0.000000000000000000e+00,6.227563641192441352e-03,-2.410986605680512417e-05,-2.410986605818562863e-05,-2.410986605947392509e-05,-2.410986605836796772e-05
3.524779701268670757e-03,0.000000000000000000e+00,4.215322605008310592e-05,-6.509322933863096665e-05,0.000000000000000000e+00,6.227567483940129982e-03,-2.945659120811762200e-05,-2.945659120956233495e-05,-2.945659120930986492e-05,-2.945659120814119323e-05
3.529779388788200668e-03,0.000000000000000000e+00,4.189163393752471011e-05,-6.522252433881217605e-05,0.000000000000000000e+00,6.227569776547572412e-03,-3.171671513510799107e-05,-3.171671513660868273e-05,-3.171671513764953037e-05,-3.171671513642620473e-05
3.534779076307730580e-03,0.000000000000000000e+00,4.152693759674854678e-05,-6.535157411964675307e-05,0.000000000000000000e+00,6.227569772625840550e-03,-3.057639752679081594e-05,-3.057639752833864329e-05,-3.057639752823938459e-05,-3.057639752697028528e-05
3.539778763827260925e-03,0.000000000000000000e+00,4.106706159527822653e-05,-6.548037868113471124e-05,0.000000000000000000e+00,6.227567619853473929e-03,-2.603735629776343007e-05,-2.603735629934937390e-05,-2.603735629831017628e-05,-2.603735629700429542e-05
3.544778451346790836e-03,0.000000000000000000e+00,4.053293341737911320e-05,-6.560893802327602347e-05,0.000000000000000000e+00,6.227563991999193922e-03,-1.862554824881249382e-05,-1.862554825042749766e-05,-1.862554825041481927e-05,-1.862554824908093211e-05
3.549778138866320747e-03,0.000000000000000000e+00,3.995312189787998219e-05,-6.573725214607073041e-05,0.000000000000000000e+00,6.227560183736196436e-03,-9.325250572631863872e-06,-9.325250574267670840e-06,-9.325250572887827064e-06,-9.325250571533904190e-06
3.554777826385850659e-03,0.000000000000000000e+00,3.935979252956339292e-05,-6.586532104951880497e-05,0.000000000000000000e+00,6.227558121379169094e-03,7.150436529040004544e-07,7.150436512545223743e-07,7.150436520836524331e-07,7.150436534509685920e-07
3.559777513905381004e-03,0.000000000000000000e+00,3.878561081255714520e-05,-6.599314473362026068e-05,0.000000000000000000e+00,6.227559201220951059e-03,1.039966115977659195e-05,1.039966115811907722e-05,1.039966115822377050e-05,1.039966115959928255e-05
3.564777201424910915e-03,0.000000000000000000e+00,3.825926139228924344e-05,-6.612072319837509755e-05,0.000000000000000000e+00,6.227562854146436594e-03,1.880732410497572149e-05,1.880732410331415117e-05,1.880732410250673565e-05,1.880732410388678271e-05
3.569776888944440826e-03,0.000000000000000000e+00,3.780160629382832682e-05,-6.624805644378330203e-05,0.000000000000000000e+00,6.227566726396221303e-03,2.529861652749886073e-05,2.529861652583546421e-05,2.529861652518644046e-05,2.529861652656894731e-05
3.574776576463970738e-03,0.000000000000000000e+00,3.742377671367706944e-05,-6.637514446984488768e-05,0.000000000000000000e+00,6.227568415495612908e-03,2.955053947550543935e-05,2.955053947384075872e-05,2.955053947236483430e-05,2.955053947374917413e-05
3.579776263983501083e-03,0.000000000000000000e+00,3.712582426960547291e-05,-6.650198727655984093e-05,0.000000000000000000e+00,6.227567173426710317e-03,3.157136535300473980e-05,3.157136535133793482e-05,3.157136534903983956e-05,3.157136535042659513e-05
3.584775951503030994e-03,0.000000000000000000e+00,3.689524230832514983e-05,-6.662858486392817534e-05,0.000000000000000000e+00,6.227564169250149155e-03,3.180157009366352960e-05,3.180157009199282149e-05,3.180157009085657084e-05,3.180157009224725663e-05
3.589775639022560905e-03,0.000000000000000000e+00,3.670784044060813878e-05,-6.675493723194989091e-05,0.000000000000000000e+00,6.227561258707526269e-03,3.103479911896982321e-05,3.103479911729278606e-05,3.103479911585087849e-05,3.103479911724785266e-05
3.594775326542091250e-03,0.000000000000000000e+00,3.653023200722724988e-05,-6.688104438062498765e-05,0.000000000000000000e+00,6.227559559530620320e-03,3.005701651052929938e-05,3.005701650884327691e-05,3.005701650922926982e-05,3.005701651063546310e-05
3.599775014061621162e-03,0.000000000000000000e+00,3.632318531631823736e-05,-6.700690630995343843e-05,0.000000000000000000e+00,6.227559177937635679e-03,2.941093022980366251e-05,2.941093022810656085e-05,2.941093022886164668e-05,2.941093023027995253e-05
3.604774701581151073e-03,0.000000000000000000e+00,3.604622517805885714e-05,-6.713252301993528394e-05,0.000000000000000000e+00,6.227559829581880320e-03,2.941902769005618132e-05,2.941902768834643177e-05,2.941902769023541349e-05,2.941902769166863390e-05
3.609774389100680984e-03,0.000000000000000000e+00,3.566365548101173413e-05,-6.725789451057049705e-05,0.000000000000000000e+00,6.227561272876213326e-03,3.019740971478434595e-05,3.019740971306115568e-05,3.019740971589593100e-05,3.019740971734653252e-05
3.614774076620211329e-03,0.000000000000000000e+00,3.514899956205069320e-05,-6.738302078185909132e-05,0.000000000000000000e+00,6.227563124591508313e-03,3.169342792418043469e-05,3.169342792244410524e-05,3.169342792423973377e-05,3.169342792570936304e-05
3.619773764139741241e-03,0.000000000000000000e+00,3.448692320178932955e-05,-6.750790183380106675e-05,0.000000000000000000e+00,6.227564530346456524e-03,3.378040447696813229e-05,3.378040447521988340e-05,3.378040447809026799e-05,3.378040447957962296e-05
3.624773451659271152e-03,0.000000000000000000e+00,3.367368916209280459e-05,-6.763253766639640979e-05,0.000000000000000000e+00,6.227564827646520432e-03,3.619681720192005614e-05,3.619681720016165640e-05,3.619681720127778833e-05,3.619681720278672670e-05
3.629773139178801063e-03,0.000000000000000000e+00,3.271608349713870398e-05,-6.775692827964513399e-05,0.000000000000000000e+00,6.227564493277783740e-03,3.850933690257393358e-05,3.850933690080807318e-05,3.850933690021685773e-05,3.850933690174378708e-05
3.634772826698331408e-03,0.000000000000000000e+00,3.162734698032983817e-05,-6.788107367354722580e-05,0.000000000000000000e+00,6.227564758109765605e-03,4.030929631184322246e-05,4.030929631007301847e-05,4.030929630925246716e-05,4.030929631079441949e-05
3.639772514217861320e-03,0.000000000000000000e+00,3.042245753664578196e-05,-6.800497384810269877e-05,0.000000000000000000e+00,6.227566192649079332e-03,4.138479737638210118e-05,4.138479737461069101e-05,4.138479737250001366e-05,4.138479737405335011e-05
3.644772201737391231e-03,0.000000000000000000e+00,2.911540440691461775e-05,-6.812862880331155291e-05,0.000000000000000000e+00,6.227567698128697038e-03,4.165658681545516455e-05,4.165658681368577371e-05,4.165658681115509676e-05,4.165658681271510106e-05
3.649771889256921576e-03,0.000000000000000000e+00,2.771661752894813983e-05,-6.825203853917378820e-05,0.000000000000000000e+00,6.227567481494727594e-03,4.109024912397343191e-05,4.109024912220923169e-05,4.109024911936565399e-05,4.109024912092716262e-05
3.654771576776451487e-03,0.000000000000000000e+00,2.623144825021349764e-05,-6.837520305568937755e-05,0.000000000000000000e+00,6.227565123384819733e-03,3.969500487201529926e-05,3.969500487025902726e-05,3.969500486811211045e-05,3.969500486966987180e-05
3.659771264295981399e-03,0.000000000000000000e+00,2.466233660505359927e-05,-6.849812235285836161e-05,0.000000000000000000e+00,6.227562157388700018e-03,3.753104904319570317e-05,3.753104904144983274e-05,3.753104903986966229e-05,3.753104904141863483e-05
3.664770951815511310e-03,0.000000000000000000e+00,2.301318284228284333e-05,-6.862079643068071328e-05,0.000000000000000000e+00,6.227560653341421802e-03,3.476742234747525839e-05,3.476742234574195116e-05,3.476742234539348180e-05,3.476742234692912543e-05
3.669770639335041655e-03,0.000000000000000000e+00,2.129226553749539915e-05,-6.874322528915644611e-05,0.000000000000000000e+00,6.227561273893175882e-03,3.180124201183022925e-05,3.180124201011121316e-05,3.180124201057573958e-05,3.180124201209438156e-05
3.674770326854571566e-03,0.000000000000000000e+00,1.951496925848013089e-05,-6.886540892828556010e-05,0.000000000000000000e+00,6.227562911604576402e-03,2.915260876993143568e-05,2.915260876822811003e-05,2.915260876935082848e-05,2.915260877084981930e-05
3.679770014374101478e-03,0.000000000000000000e+00,1.770477266841827317e-05,-6.898734734806804170e-05,0.000000000000000000e+00,6.227564121895204537e-03,2.717909635004150297e-05,2.717909634835500955e-05,2.717909635071620537e-05,2.717909635219384080e-05
3.684769701893631389e-03,0.000000000000000000e+00,1.589036059555685792e-05,-6.910904054850390446e-05,0.000000000000000000e+00,6.227564440101248516e-03,2.599471653193258862e-05,2.599471653026413700e-05,2.599471653198512160e-05,2.599471653344032421e-05
3.689769389413161734e-03,0.000000000000000000e+00,1.410109781863497645e-05,-6.923048852959313483e-05,0.000000000000000000e+00,6.227564247470582758e-03,2.559197374969113939e-05,2.559197374804186121e-05,2.559197375061856593e-05,2.559197375205079700e-05
3.694769076932691645e-03,0.000000000000000000e+00,1.236477661927045822e-05,-6.935169129133574636e-05,0.000000000000000000e+00,6.227563753273639841e-03,2.585612732625653737e-05,2.585612732462758460e-05,2.585612732637095458e-05,2.585612732778005149e-05
3.699768764452221557e-03,0.000000000000000000e+00,1.070530103833311643e-05,-6.947264883373173905e-05,0.000000000000000000e+00,6.227562746232392574e-03,2.657620208744737678e-05,2.657620208584019953e-05,2.657620208553627733e-05,2.657620208692174202e-05
3.704768451971751902e-03,0.000000000000000000e+00,9.139714958916155256e-06,-6.959336115678111290e-05,0.000000000000000000e+00,6.227561333241908408e-03,2.748074641513779498e-05,2.748074641355421945e-05,2.748074641367994285e-05,2.748074641504074872e-05
3.709768139491281813e-03,0.000000000000000000e+00,7.677470962337963698e-06,-6.971382826048384081e-05,0.000000000000000000e+00,6.227560363447626202e-03,2.818416242001916912e-05,2.818416241846113333e-05,2.818416241743441420e-05,2.818416241876895188e-05
3.714767827010811724e-03,0.000000000000000000e+00,6.321860075950510408e-06,-6.983405014483996343e-05,0.000000000000000000e+00,6.227560707851808458e-03,2.822615666132057092e-05,2.822615665979073794e-05,2.822615665805690554e-05,2.822615665936240693e-05
3.719767514530341636e-03,0.000000000000000000e+00,5.070903940117351667e-06,-6.995402680984945365e-05,0.000000000000000000e+00,6.227562236798745397e-03,2.731281360800602226e-05,2.731281360650765825e-05,2.731281360462229504e-05,2.731281360589492816e-05
3.724767202049871981e-03,0.000000000000000000e+00,3.919660473471383162e-06,-7.007375825551232504e-05,0.000000000000000000e+00,6.227564014682368705e-03,2.543405072427858205e-05,2.543405072281525132e-05,2.543405072192700175e-05,2.543405072316218247e-05
3.729766889569401892e-03,0.000000000000000000e+00,2.864330080855375056e-06,-7.019324448182857759e-05,0.000000000000000000e+00,6.227565429990414812e-03,2.273912746660767669e-05,2.273912746518333997e-05,2.273912746496909484e-05,2.273912746616173417e-05
3.734766577088931803e-03,0.000000000000000000e+00,1.903615205312771011e-06,-7.031248548879819775e-05,0.000000000000000000e+00,6.227566646457612619e-03,1.945813487461959632e-05,1.945813487323878692e-05,1.945813487264963824e-05,1.945813487379401024e-05
3.739766264608461715e-03,0.000000000000000000e+00,1.038199822648385995e-06,-7.043148127642119907e-05,0.000000000000000000e+00,6.227567707620102096e-03,1.592751493542372658e-05,1.592751493409109981e-05,1.592751493521323550e-05,1.592751493630378365e-05
3.744765952127992060e-03,0.000000000000000000e+00,2.708684593434839945e-07,-7.055023184469756800e-05,0.000000000000000000e+00,6.227567619670928978e-03,1.252832701682897985e-05,1.252832701554906733e-05,1.252832701573184349e-05,1.252832701676341781e-05
3.749765639647521971e-03,0.000000000000000000e+00,-3.943167091546785126e-07,-7.066873719362731809e-05,0.000000000000000000e+00,6.227565103259953549e-03,9.587846948028382773e-06,9.587846946805490814e-06,9.587846946695506974e-06,9.587846947663445404e-06
3.754765327167051883e-03,0.000000000000000000e+00,-9.563125367729330287e-07,-7.078699732321044934e-05,0.000000000000000000e+00,6.227560282436173447e-03,7.347174632073271764e-06,7.347174630911103597e-06,7.347174631113537695e-06,7.347174632014257285e-06
3.759765014686582228e-03,0.000000000000000000e+00,-1.420812185333590864e-06,-7.090501223344696175e-05,0.000000000000000000e+00,6.227555181185121663e-03,5.813706387461645139e-06,5.813706386362604644e-06,5.813706386521206481e-06,5.813706387352545602e-06
3.764764702206112139e-03,0.000000000000000000e+00,-1.803920134384009354e-06,-7.102278192433682821e-05,0.000000000000000000e+00,6.227552318979348925e-03,4.625943289135374343e-06,4.625943288100689717e-06,4.625943287929775409e-06,4.625943288690895498e-06
3.769764389725642050e-03,0.000000000000000000e+00,-2.135082418902418382e-06,-7.114030639588008939e-05,0.000000000000000000e+00,6.227552919493823010e-03,3.226466553959315266e-06,3.226466552988598568e-06,3.226466551929078935e-06,3.226466552620650844e-06
3.774764077245171962e-03,0.000000000000000000e+00,-2.456879706503196023e-06,-7.125758564807671818e-05,0.000000000000000000e+00,6.227556524545238385e-03,1.143026604317167518e-06,1.143026603408116512e-06,1.143026604758193857e-06,1.143026605382574029e-06
3.779763764764702307e-03,0.000000000000000000e+00,-2.818192920356837315e-06,-7.137461968092672813e-05,0.000000000000000000e+00,6.227561796664244503e-03,-1.936564983108413383e-06,-1.936564983959725541e-06,-1.936564983670480730e-06,-1.936564983109196041e-06
3.784763452284232218e-03,0.000000000000000000e+00,-3.266346845691469377e-06,-7.149140849443011924e-05,0.000000000000000000e+00,6.227567352740721873e-03,-6.035993489622382753e-06,-6.035993490421383850e-06,-6.035993490960808313e-06,-6.035993490457309906e-06
3.789763139803762129e-03,0.000000000000000000e+00,-3.840292088265675685e-06,-7.160795208858687796e-05,0.000000000000000000e+00,6.227571967505503986e-03,-1.078191789116700848e-05,-1.078191789192018340e-05,-1.078191789098547577e-05,-1.078191789053309580e-05
3.794762827323292041e-03,0.000000000000000000e+00,-4.565717451648408018e-06,-7.172425046339701783e-05,0.000000000000000000e+00,6.227574478864132852e-03,-1.549353732123552190e-05,-1.549353732194989932e-05,-1.549353732156923932e-05,-1.549353732116050866e-05
3.799762514842822386e-03,0.000000000000000000e+00,-5.451957259923845839e-06,-7.184030361886052532e-05,0.000000000000000000e+00,6.227574039514374021e-03,-1.932069061166248001e-05,-1.932069061234468373e-05,-1.932069061245788460e-05,-1.932069061208518672e-05
3.804762202362352297e-03,0.000000000000000000e+00,-6.494140610940729970e-06,-7.195611155497741397e-05,0.000000000000000000e+00,6.227570510660579775e-03,-2.129755026071777869e-05,-2.129755026137336864e-05,-2.129755026131176902e-05,-2.129755026096772117e-05
3.809761889881882208e-03,0.000000000000000000e+00,-7.676298055038340020e-06,-7.207167427174768378e-05,0.000000000000000000e+00,6.227564830191192370e-03,-2.062975210230558697e-05,-2.062975210293884913e-05,-2.062975210132196149e-05,-2.062975210099961802e-05
3.814761577401412553e-03,0.000000000000000000e+00,-8.974598997550774785e-06,-7.218699176917133475e-05,0.000000000000000000e+00,6.227559007504936475e-03,-1.705586661779857839e-05,-1.705586661841196577e-05,-1.705586661918456824e-05,-1.705586661887808800e-05
3.819761264920942465e-03,0.000000000000000000e+00,-1.036115695291245663e-05,-7.230206404724833977e-05,0.000000000000000000e+00,6.227555260454600665e-03,-1.096071816896102387e-05,-1.096071816955459746e-05,-1.096071816939047297e-05,-1.096071816909569195e-05
3.824760952440472376e-03,0.000000000000000000e+00,-1.180765189135444741e-05,-7.241689110597873951e-05,0.000000000000000000e+00,6.227554801808000799e-03,-3.233124897401524545e-06,-3.233124897973336159e-06,-3.233124896199161277e-06,-3.233124895913572260e-06
3.829760639960002287e-03,0.000000000000000000e+00,-1.328457787091925460e-05,-7.253147294536250685e-05,0.000000000000000000e+00,6.227557156529379620e-03,4.907040020176594192e-06,4.907040019630535768e-06,4.907040019006468997e-06,4.907040019283320022e-06
3.834760327479532632e-03,0.000000000000000000e+00,-1.476020250847894370e-05,-7.264580956539965536e-05,0.000000000000000000e+00,6.227560593153363272e-03,1.223011965750603406e-05,1.223011965699153270e-05,1.223011965712839289e-05,1.223011965739478137e-05
3.839760014999062544e-03,0.000000000000000000e+00,-1.620298197914708693e-05,-7.275990096609018503e-05,0.000000000000000000e+00,6.227563428084835137e-03,1.781086559228078182e-05,1.781086559180486450e-05,1.781086559186130738e-05,1.781086559211342166e-05
3.844759702518592455e-03,0.000000000000000000e+00,-1.758621671583787910e-05,-7.287374714743408231e-05,0.000000000000000000e+00,6.227564963345425669e-03,2.112374202855353886e-05,2.112374202812391020e-05,2.112374202913430531e-05,2.112374202936671082e-05
3.849759390038122366e-03,0.000000000000000000e+00,-1.889355018958431158e-05,-7.298734810943134719e-05,0.000000000000000000e+00,6.227565382710222898e-03,2.201495830643505674e-05,2.201495830605997361e-05,2.201495830560454094e-05,2.201495830580996676e-05
3.854759077557652711e-03,0.000000000000000000e+00,-2.012495317853174928e-05,-7.310070385208199324e-05,0.000000000000000000e+00,6.227565250204267905e-03,2.078107199677571153e-05,2.078107199646331223e-05,2.078107199608579981e-05,2.078107199625598567e-05
3.859758765077182623e-03,0.000000000000000000e+00,-2.129962716761851207e-05,-7.321381437538602044e-05,0.000000000000000000e+00,6.227565135556438480e-03,1.804997343492663198e-05,1.804997343468405869e-05,1.804997343612136518e-05,1.804997343624783058e-05
3.864758452596712534e-03,0.000000000000000000e+00,-2.245137640553379905e-05,-7.332667967934341526e-05,0.000000000000000000e+00,6.227565494106057295e-03,1.449291275430438560e-05,1.449291275413772679e-05,1.449291275314700656e-05,1.449291275322163016e-05
3.869758140116242879e-03,0.000000000000000000e+00,-2.362110262720676772e-05,-7.343929976395420479e-05,0.000000000000000000e+00,6.227566466341685238e-03,1.068053349614366782e-05,1.068053349605744156e-05,1.068053349591309190e-05,1.068053349592892464e-05
3.874757827635772790e-03,0.000000000000000000e+00,-2.484870155174874156e-05,-7.355167462921834837e-05,0.000000000000000000e+00,6.227567392469787397e-03,7.064041560548616071e-06,7.064041560545112743e-06,7.064041561294799582e-06,7.064041561246982878e-06
3.879757515155302702e-03,0.000000000000000000e+00,-2.616446231520122003e-05,-7.366380427513587311e-05,0.000000000000000000e+00,6.227567245063974147e-03,3.954409911209724351e-06,3.954409911289346295e-06,3.954409911326165123e-06,3.954409911212049456e-06
3.884757202674832613e-03,0.000000000000000000e+00,-2.758054959747522006e-05,-7.377568870170677902e-05,0.000000000000000000e+00,6.227565899018447371e-03,1.623441720771858908e-06,1.623441720932715547e-06,1.623441719548806013e-06,1.623441719368440511e-06
3.889756890194362958e-03,0.000000000000000000e+00,-2.908950448396167057e-05,-7.388732790893106609e-05,0.000000000000000000e+00,6.227564502737927346e-03,4.091767049001974170e-07,4.091767051381137252e-07,4.091767058557911889e-07,4.091767056121133625e-07
3.894756577713892869e-03,0.000000000000000000e+00,-3.066598914620405721e-05,-7.399872189680872076e-05,0.000000000000000000e+00,6.227564381075021901e-03,5.925041298469989478e-07,5.925041301557238224e-07,5.925041312196175329e-07,5.925041309180771918e-07
3.899756265233422781e-03,0.000000000000000000e+00,-3.227242620361038701e-05,-7.410987066533975660e-05,0.000000000000000000e+00,6.227565348035729587e-03,2.205850153586794192e-06,2.205850153958233386e-06,2.205850151781440027e-06,2.205850151429714678e-06
3.904755952752952692e-03,0.000000000000000000e+00,-3.386797891434934046e-05,-7.422077421452416004e-05,0.000000000000000000e+00,6.227565609038140243e-03,4.938687370459236240e-06,4.938687370883911455e-06,4.938687371322917620e-06,4.938687370930200111e-06
3.909755640272482603e-03,0.000000000000000000e+00,-3.541925493364774023e-05,-7.433143254436194464e-05,0.000000000000000000e+00,6.227563712219073844e-03,8.131175535619924831e-06,8.131175536087473465e-06,8.131175535999224491e-06,8.131175535575523364e-06
3.914755327792012948e-03,0.000000000000000000e+00,-3.690263930002823283e-05,-7.444184565485311041e-05,0.000000000000000000e+00,6.227559939583487102e-03,1.080815329481549315e-05,1.080815329531484618e-05,1.080815329416998797e-05,1.080815329372575477e-05
3.919755015311543293e-03,0.000000000000000000e+00,-3.830319878304992563e-05,-7.455201354599764378e-05,0.000000000000000000e+00,6.227555969291838703e-03,1.190129354658593416e-05,1.190129354710616486e-05,1.190129354623780701e-05,1.190129354578312481e-05
3.924754702831072771e-03,0.000000000000000000e+00,-3.961139195043061857e-05,-7.466193621779557187e-05,0.000000000000000000e+00,6.227553705311293999e-03,1.055081331695763796e-05,1.055081331748829732e-05,1.055081331732550775e-05,1.055081331686971932e-05
3.929754390350603116e-03,0.000000000000000000e+00,-4.081960287797870994e-05,-7.477161367024685401e-05,0.000000000000000000e+00,6.227554312995038470e-03,6.343511161452294054e-06,6.343511161983780123e-06,6.343511162449199316e-06,6.343511162000659795e-06
3.934754077870133461e-03,0.000000000000000000e+00,-4.191739545885231566e-05,-7.488104590335151732e-05,0.000000000000000000e+00,6.227558023663187954e-03,-5.826621623760158306e-07,-5.826621618515635229e-07,-5.826621630106213850e-07,-5.826621634451950268e-07
3.939753765389662939e-03,0.000000000000000000e+00,-4.289200921482880572e-05,-7.499023291710956178e-05,0.000000000000000000e+00,6.227563960600803958e-03,-9.440030362065690009e-06,-9.440030361554166812e-06,-9.440030359580695241e-06,-9.440030359996275016e-06
3.944753452909193284e-03,0.000000000000000000e+00,-4.372904911387376261e-05,-7.509917471152098740e-05,0.000000000000000000e+00,6.227570045695728432e-03,-1.897201318597173787e-05,-1.897201318547717905e-05,-1.897201318372052759e-05,-1.897201318411355765e-05
3.949753140428722761e-03,0.000000000000000000e+00,-4.441352971369040190e-05,-7.520787128658578064e-05,0.000000000000000000e+00,6.227573908839480372e-03,-2.780044915616420142e-05,-2.780044915568820278e-05,-2.780044915594060843e-05,-2.780044915630935576e-05
3.954752827948253106e-03,0.000000000000000000e+00,-4.493311308536661710e-05,-7.531632264230395503e-05,0.000000000000000000e+00,6.227574102445041643e-03,-3.475662839818980412e-05,-3.475662839773174226e-05,-3.475662839670231940e-05,-3.475662839704681786e-05
3.959752515467783451e-03,0.000000000000000000e+00,-4.528506225362029968e-05,-7.542452877867549703e-05,0.000000000000000000e+00,6.227570699173350273e-03,-3.904904627730488957e-05,-3.904904627686239278e-05,-3.904904627539161833e-05,-3.904904627571319947e-05
3.964752202987312929e-03,0.000000000000000000e+00,-4.547848372406073974e-05,-7.553248969570042020e-05,0.000000000000000000e+00,6.227565084721483311e-03,-4.042034532882411225e-05,-4.042034532839311478e-05,-4.042034532869879880e-05,-4.042034532900029510e-05
3.969751890506843274e-03,0.000000000000000000e+00,-4.553337530467721419e-05,-7.564020539337872452e-05,0.000000000000000000e+00,6.227559113516978502e-03,-3.909677630426116251e-05,-3.909677630383665670e-05,-3.909677630555534754e-05,-3.909677630584067567e-05
3.974751578026373619e-03,0.000000000000000000e+00,-4.547922843232125216e-05,-7.574767587171039645e-05,0.000000000000000000e+00,6.227554500091388168e-03,-3.564945202277094950e-05,-3.564945202234788704e-05,-3.564945202116441938e-05,-3.564945202143786194e-05
3.979751265545903097e-03,0.000000000000000000e+00,-4.535257340123444143e-05,-7.585490113069546310e-05,0.000000000000000000e+00,6.227552582980360948e-03,-3.083516782193810088e-05,-3.083516782151174516e-05,-3.083516782209665190e-05,-3.083516782236269478e-05
3.984750953065433442e-03,0.000000000000000000e+00,-4.519396675151052945e-05,-7.596188117033388380e-05,0.000000000000000000e+00,6.227553909121762502e-03,-2.549329480310182292e-05,-2.549329480266823692e-05,-2.549329480409219756e-05,-2.549329480435507932e-05
3.989750640584963787e-03,0.000000000000000000e+00,-4.504879236011506092e-05,-7.606861599062568566e-05,0.000000000000000000e+00,6.227558084223207627e-03,-2.033116663940573392e-05,-2.033116663896226135e-05,-2.033116663770296391e-05,-2.033116663796617432e-05
3.994750328104493264e-03,0.000000000000000000e+00,-4.496855726459518722e-05,-7.617510559157086869e-05,0.000000000000000000e+00,6.227563941449007490e-03,-1.582117625389710739e-05,-1.582117625344243365e-05,-1.582117625352917999e-05,-1.582117625379542616e-05
3.999750015624023609e-03,0.000000000000000000e+00,-4.500675711417086606e-05,-7.628134997316943287e-05,0.000000000000000000e+00,6.227569685598477803e-03,-1.226664367551080802e-05,-1.226664367504492635e-05,-1.226664367603335281e-05,-1.226664367630404252e-05
