time_s,sensor_id,x_m,y_m,exx,eyy,exy,exx_plus_eyy,eps_axis,eps_impact_dir
0.000000000000000000e+00,9.000000000000000000e+00,7.749999999999999944e-02,1.549999999999999989e-01,0.000000000000000000e+00,0.000000000000000000e+00,0.000000000000000000e+00,0.000000000000000000e+00,0.000000000000000000e+00,0.000000000000000000e+00
0.000000000000000000e+00,1.000000000000000000e+01,1.925000000000000044e-01,1.549999999999999989e-01,0.000000000000000000e+00,0.000000000000000000e+00,0.000000000000000000e+00,0.000000000000000000e+00,0.000000000000000000e+00,0.000000000000000000e+00
0.000000000000000000e+00,1.300000000000000000e+01,7.749999999999999944e-02,6.500000000000000222e-02,0.000000000000000000e+00,0.000000000000000000e+00,0.000000000000000000e+00,0.000000000000000000e+00,0.000000000000000000e+00,0.000000000000000000e+00
0.000000000000000000e+00,1.400000000000000000e+01,1.925000000000000044e-01,6.500000000000000222e-02,0.000000000000000000e+00,0.000000000000000000e+00,0.000000000000000000e+00,0.000000000000000000e+00,0.000000000000000000e+00,0.000000000000000000e+00
4.981684981684981708e-06,9.000000000000000000e+00,7.749999999999999944e-02,1.549999999999999989e-01,0.000000000000000000e+00,0.000000000000000000e+00,0.000000000000000000e+00,0.000000000000000000e+00,0.000000000000000000e+00,0.000000000000000000e+00
4.981684981684981708e-06,1.000000000000000000e+01,1.925000000000000044e-01,1.549999999999999989e-01,-1.749373432432523623e-36,-1.053538593119991544e-36,-2.816178714091064401e-36,-2.802912025552515168e-36,-1.749373432432523623e-36,-4.218711635633157368e-36
4.981684981684981708e-06,1.300000000000000000e+01,7.749999999999999944e-02,6.500000000000000222e-02,0.000000000000000000e+00,0.000000000000000000e+00,0.000000000000000000e+00,0.000000000000000000e+00,0.000000000000000000e+00,0.000000000000000000e+00
4.981684981684981708e-06,1.400000000000000000e+01,1.925000000000000044e-01,6.500000000000000222e-02,0.000000000000000000e+00,0.000000000000000000e+00,0.000000000000000000e+00,0.000000000000000000e+00,0.000000000000000000e+00,0.000000000000000000e+00
9.963369963369963416e-06,9.000000000000000000e+00,7.749999999999999944e-02,1.549999999999999989e-01,-2.606095297668981961e-120,-3.196391719412511961e-122,-9.323519524479956553e-121,-2.638059214863106989e-120,-2.606095297668981961e-120,-2.897529650197392028e-120
9.963369963369963416e-06,1.000000000000000000e+01,1.925000000000000044e-01,1.549999999999999989e-01,-1.488287908155928528e-15,-1.200905721808476844e-15,-2.735515667928079233e-15,-2.689193629964405371e-15,-1.488287908155928528e-15,-4.034472134026825562e-15
9.963369963369963416e-06,1.300000000000000000e+01,7.749999999999999944e-02,6.500000000000000222e-02,-1.052079331194906007e-165,-2.636722047851846725e-166,-1.201154063261597993e-165,-1.315751535980090619e-165,-1.052079331194906007e-165,-1.918564273075156079e-165
9.963369963369963416e-06,1.400000000000000000e+01,1.925000000000000044e-01,6.500000000000000222e-02,-1.310692490532714955e-70,-2.404992190905868146e-69,-1.623725102730356348e-69,-2.536061439959139577e-69,-1.310692490532714955e-70,-3.226596811788939327e-69
1.494505494505494512e-05,9.000000000000000000e+00,7.749999999999999944e-02,1.549999999999999989e-01,-3.657433805169819527e-59,-7.384426363175941235e-61,-1.647067270356675833e-59,-3.731278068801578939e-59,-3.657433805169819527e-59,-4.233683969989416797e-59
1.494505494505494512e-05,1.000000000000000000e+01,1.925000000000000044e-01,1.549999999999999989e-01,-9.495084332847542693e-10,-9.107584216695113060e-10,-1.958507863543032600e-09,-1.860266854954265575e-09,-9.495084332847542693e-10,-2.835897070154967816e-09
1.494505494505494512e-05,1.300000000000000000e+01,7.749999999999999944e-02,6.500000000000000222e-02,-2.897348663388402148e-105,-1.701815678339874666e-105,-4.560515632971478842e-105,-4.599164341728276815e-105,-2.897348663388402148e-105,-6.870096913030444363e-105
1.494505494505494512e-05,1.400000000000000000e+01,1.925000000000000044e-01,6.500000000000000222e-02,-3.226387568123518110e-37,-1.327663918387900173e-36,-1.551020647676949647e-36,-1.650302675200251817e-36,-3.226387568123518110e-37,-2.291692068854105190e-36
1.992673992673992683e-05,9.000000000000000000e+00,7.749999999999999944e-02,1.549999999999999989e-01,-2.671412695919047639e-31,-1.528645353710750302e-32,-1.903506296311841607e-31,-2.824277231290122806e-31,-2.671412695919047639e-31,-3.440793233976288867e-31
1.992673992673992683e-05,1.000000000000000000e+01,1.925000000000000044e-01,1.549999999999999989e-01,-1.234532029727159254e-09,-1.172542487480761984e-09,-2.535206593257949571e-09,-2.407074517207921238e-09,-1.234532029727159254e-09,-3.671890115928506949e-09
1.992673992673992683e-05,1.300000000000000000e+01,7.749999999999999944e-02,6.500000000000000222e-02,-2.882311773643724112e-72,-2.012015590382137579e-72,-4.888148349409692777e-72,-4.894327364025861691e-72,-2.882311773643724112e-72,-7.296626978725168054e-72
1.992673992673992683e-05,1.400000000000000000e+01,1.925000000000000044e-01,6.500000000000000222e-02,-1.139634781624015503e-20,-2.594156230583204951e-20,-3.684857929248842011e-20,-3.733791012207220454e-20,-1.139634781624015503e-20,-5.027754271150608942e-20
2.490842490842490854e-05,9.000000000000000000e+00,7.749999999999999944e-02,1.549999999999999989e-01,-3.024749270466220890e-17,-7.732478457646812936e-18,-3.648953312652634730e-17,-3.797997116230902183e-17,-3.024749270466220890e-17,-4.663788320028825970e-17
2.490842490842490854e-05,1.000000000000000000e+01,1.925000000000000044e-01,1.549999999999999989e-01,-2.182247098413575686e-12,1.807145281466761495e-10,-2.151179173736568215e-09,1.785322810482625714e-10,-2.182247098413575686e-12,-2.020843209202129139e-09
2.490842490842490854e-05,1.300000000000000000e+01,7.749999999999999944e-02,6.500000000000000222e-02,-2.595473387023887784e-49,-1.964422009243035725e-49,-4.566807237192134784e-49,-4.559895396266923889e-49,-2.595473387023887784e-49,-6.788739208822353445e-49
2.490842490842490854e-05,1.400000000000000000e+01,1.925000000000000044e-01,6.500000000000000222e-02,-7.184094717865944293e-12,-1.293812583855043248e-11,-2.028075752203179515e-11,-2.012222055641637678e-11,-7.184094717865944293e-12,-2.667789919758812631e-11
2.989010989010989025e-05,9.000000000000000000e+00,7.749999999999999944e-02,1.549999999999999989e-01,-1.810833739906950251e-10,-7.586095552024760681e-11,-2.589007804003731655e-10,-2.569443295109426448e-10,-1.810833739906950251e-10,-3.008508223545302533e-10
2.989010989010989025e-05,1.000000000000000000e+01,1.925000000000000044e-01,1.549999999999999989e-01,2.079452705649043487e-10,2.459430605312897984e-10,-1.069452134539947912e-08,4.538883310961941472e-10,2.079452705649043487e-10,-1.015870465914396005e-08
2.989010989010989025e-05,1.300000000000000000e+01,7.749999999999999944e-02,6.500000000000000222e-02,-1.200757794847006895e-32,-9.545582004001649339e-33,-2.162640308681819705e-32,-2.155315995247171966e-32,-1.200757794847006895e-32,-3.206499303625166465e-32
2.989010989010989025e-05,1.400000000000000000e+01,1.925000000000000044e-01,6.500000000000000222e-02,-5.363806575572697932e-10,-2.912350980932237411e-10,-9.180404913840064205e-10,-8.276157556504934825e-10,-5.363806575572697932e-10,-9.908271391830208593e-10
3.487179487179486857e-05,9.000000000000000000e+00,7.749999999999999944e-02,1.549999999999999989e-01,-4.798353303908680164e-10,-1.964984159925314994e-10,-2.037764814131647968e-09,-6.763337463833995158e-10,-4.798353303908680164e-10,-1.457221099916522792e-09
3.487179487179486857e-05,1.000000000000000000e+01,1.925000000000000044e-01,1.549999999999999989e-01,1.820259635013668959e-09,4.781750770532630564e-10,-2.150114602016070960e-08,2.298434712066932016e-09,1.820259635013668959e-09,-1.956049570082717596e-08
3.487179487179486857e-05,1.300000000000000000e+01,7.749999999999999944e-02,6.500000000000000222e-02,-9.755641115054521883e-21,-8.022869150851127430e-21,-1.787525979533046237e-20,-1.777851026590565082e-20,-9.755641115054521883e-21,-2.644883806010929463e-20
3.487179487179486857e-05,1.400000000000000000e+01,1.925000000000000044e-01,6.500000000000000222e-02,-6.800854610374347414e-10,-4.582139832742540509e-10,-1.538805752357378381e-09,-1.138299444311688741e-09,-6.800854610374347414e-10,-1.601831835405588828e-09
3.985347985347985366e-05,9.000000000000000000e+00,7.749999999999999944e-02,1.549999999999999989e-01,-2.719827865471401967e-09,1.387329171741225198e-10,-1.315189823439074357e-08,-2.581094948297279473e-09,-2.719827865471401967e-09,-8.962333572580441607e-09
3.985347985347985366e-05,1.000000000000000000e+01,1.925000000000000044e-01,1.549999999999999989e-01,1.906499712243853446e-08,1.255741789916587810e-08,-2.197622590577822328e-09,3.162241502160440926e-08,1.906499712243853446e-08,1.445997112790303793e-08
3.985347985347985366e-05,1.300000000000000000e+01,7.749999999999999944e-02,6.500000000000000222e-02,-5.081689386708414789e-13,-4.290059975485447062e-13,-9.459301237001384372e-13,-9.371749362193862356e-13,-5.081689386708414789e-13,-1.396306511355590110e-12
3.985347985347985366e-05,1.400000000000000000e+01,1.925000000000000044e-01,6.500000000000000222e-02,7.903222171429016268e-11,-1.482306941385192558e-09,-7.726300617458913108e-09,-1.403274719670902460e-09,7.903222171429016268e-11,-6.813564507854946780e-09
4.483516483516483198e-05,9.000000000000000000e+00,7.749999999999999944e-02,1.549999999999999989e-01,-4.434819528205120196e-09,5.442313868401862727e-10,-2.291513439511930372e-08,-3.890588141364934337e-09,-4.434819528205120196e-09,-1.531151202397733057e-08
4.483516483516483198e-05,1.000000000000000000e+01,1.925000000000000044e-01,1.549999999999999989e-01,1.932660116008053516e-08,9.111201879114279640e-09,-1.510203730357936154e-08,2.843780303919481480e-08,1.932660116008053516e-08,7.870041443750472933e-10
4.483516483516483198e-05,1.300000000000000000e+01,7.749999999999999944e-02,6.500000000000000222e-02,-7.678566822305558734e-10,-6.769167976345522258e-10,-1.491370299169321533e-09,-1.444773479865108099e-09,-7.678566822305558734e-10,-2.180975187626913459e-09
4.483516483516483198e-05,1.400000000000000000e+01,1.925000000000000044e-01,6.500000000000000222e-02,3.110470250688050607e-11,-2.460672506034062449e-09,-1.898799027827818706e-08,-2.429567803527182131e-09,3.110470250688050607e-11,-1.576924078119366607e-08
4.981684981684981708e-05,9.000000000000000000e+00,7.749999999999999944e-02,1.549999999999999989e-01,-3.988152524576852556e-09,-3.295159994685625460e-10,-1.453950372472389956e-08,-4.317668524045415361e-09,-3.988152524576852556e-09,-1.085751909647047748e-08
4.981684981684981708e-05,1.000000000000000000e+01,1.925000000000000044e-01,1.549999999999999989e-01,-1.490808571556653798e-07,-1.501769897847675770e-07,-3.700640199721873992e-07,-2.992578469404329568e-07,-1.490808571556653798e-07,-5.087152715856774538e-07
4.981684981684981708e-05,1.300000000000000000e+01,7.749999999999999944e-02,6.500000000000000222e-02,-9.624776585257772967e-10,-8.852427197718106000e-10,-1.908822992414801507e-09,-1.847720378297587793e-09,-9.624776585257772967e-10,-2.786019648635004083e-09
4.981684981684981708e-05,1.400000000000000000e+01,1.925000000000000044e-01,6.500000000000000222e-02,4.866031802744312874e-10,-2.818965973173170578e-09,-8.839833195231520338e-09,-2.332362792898739291e-09,4.866031802744312874e-10,-8.685293861353520320e-09
5.479853479853479540e-05,9.000000000000000000e+00,7.749999999999999944e-02,1.549999999999999989e-01,-7.080495866201900242e-09,-1.769388941148035505e-10,-2.270154563760907876e-09,-7.257434760316703818e-09,-7.080495866201900242e-09,-7.749583669038847606e-09
5.479853479853479540e-05,1.000000000000000000e+01,1.925000000000000044e-01,1.549999999999999989e-01,-4.498691828453814331e-07,-4.620683505538182033e-07,-1.043641396218849678e-06,-9.119375333991996365e-07,-4.498691828453814331e-07,-1.467556880860318029e-06
5.479853479853479540e-05,1.300000000000000000e+01,7.749999999999999944e-02,6.500000000000000222e-02,1.722582038817144959e-10,9.456379405686358809e-11,4.079716663187226742e-10,2.668219979385780581e-10,1.722582038817144959e-10,5.387617805858771153e-10
5.479853479853479540e-05,1.400000000000000000e+01,1.925000000000000044e-01,6.500000000000000222e-02,8.861598498905621667e-10,-3.565845145347521560e-09,6.589540134665653448e-09,-2.679685295456959496e-09,8.861598498905621667e-10,1.869141309511815646e-09
5.978021978021978049e-05,9.000000000000000000e+00,7.749999999999999944e-02,1.549999999999999989e-01,-6.335455435516448552e-09,9.556181960283312692e-10,4.159396095158441488e-09,-5.379837239488117076e-09,-6.335455435516448552e-09,-3.839044863836194588e-09
5.978021978021978049e-05,1.000000000000000000e+01,1.925000000000000044e-01,1.549999999999999989e-01,-2.082931755327913709e-07,-3.914929996350743277e-07,-8.099330218549947399e-07,-5.997861751678657251e-07,-2.082931755327913709e-07,-1.064074283510605540e-06
5.978021978021978049e-05,1.300000000000000000e+01,7.749999999999999944e-02,6.500000000000000222e-02,-4.061049340029153886e-10,-3.076480209679298782e-10,1.728957721817333767e-09,-7.137529549708452668e-10,-4.061049340029153886e-10,1.309577403028840450e-09
5.978021978021978049e-05,1.400000000000000000e+01,1.925000000000000044e-01,6.500000000000000222e-02,3.609541092724595856e-10,-8.657184418379269378e-10,4.261894406621283649e-09,-5.047643325654673522e-10,3.609541092724595856e-10,2.395661960363715473e-09
6.476190476190475881e-05,9.000000000000000000e+00,7.749999999999999944e-02,1.549999999999999989e-01,-2.106997800929996665e-09,3.568199394444945096e-10,9.956196308921617778e-10,-1.750177861485502052e-09,-2.106997800929996665e-09,-1.463655399549963776e-09
6.476190476190475881e-05,1.000000000000000000e+01,1.925000000000000044e-01,1.549999999999999989e-01,1.265764476519585161e-06,6.162029239279207167e-07,1.637514582715908384e-06,1.881967400447505984e-06,1.265764476519585161e-06,2.608559472356716329e-06
6.476190476190475881e-05,1.300000000000000000e+01,7.749999999999999944e-02,6.500000000000000222e-02,-2.572411144237170053e-10,-5.296134421363523523e-10,1.811201152802939003e-09,-7.868545565600694093e-10,-2.572411144237170053e-10,1.397419987970116019e-09
6.476190476190475881e-05,1.400000000000000000e+01,1.925000000000000044e-01,6.500000000000000222e-02,-1.619161179195888580e-10,8.306987440205437382e-10,3.364535969791036892e-09,6.687826261009549060e-10,-1.619161179195888580e-10,3.104258711217815864e-09
6.974358974358973713e-05,9.000000000000000000e+00,7.749999999999999944e-02,1.549999999999999989e-01,-5.821420356902537715e-10,5.263015713111297088e-11,-6.623396413150957428e-10,-5.295118785591407748e-10,-5.821420356902537715e-10,-8.652463579228152750e-10
6.974358974358973713e-05,1.000000000000000000e+01,1.925000000000000044e-01,1.549999999999999989e-01,3.485342598828653657e-06,2.164575117758733832e-06,5.510871284463681564e-06,5.649917716587387912e-06,3.485342598828653657e-06,8.333024614853593446e-06
6.974358974358973713e-05,1.300000000000000000e+01,7.749999999999999944e-02,6.500000000000000222e-02,7.879316097935762756e-10,2.011449918099493888e-10,-7.590508655751613308e-10,9.890766016035256127e-10,7.879316097935762756e-10,-1.717553549460823228e-10
6.974358974358973713e-05,1.400000000000000000e+01,1.925000000000000044e-01,6.500000000000000222e-02,-1.216851687662790500e-10,2.103945722746552638e-09,2.055783386514582789e-09,1.982260553980273484e-09,-1.216851687662790500e-10,3.244499333919827592e-09
7.472527472527471545e-05,9.000000000000000000e+00,7.749999999999999944e-02,1.549999999999999989e-01,4.092297655633595554e-10,-1.170890058111417813e-10,-4.477611455365358829e-09,2.921407597522178000e-10,4.092297655633595554e-10,-1.811598973286767207e-09
7.472527472527471545e-05,1.000000000000000000e+01,1.925000000000000044e-01,1.549999999999999989e-01,5.173491941533930592e-06,3.195152443721207779e-06,8.505744400745901299e-06,8.368644385255138372e-06,5.173491941533930592e-06,1.267850292222124929e-05
7.472527472527471545e-05,1.300000000000000000e+01,7.749999999999999944e-02,6.500000000000000222e-02,-7.782138977133447284e-11,9.294686924765108506e-11,-2.674428362111675855e-09,1.512547947631661222e-11,-7.782138977133447284e-11,-2.609002829286359417e-09
7.472527472527471545e-05,1.400000000000000000e+01,1.925000000000000044e-01,6.500000000000000222e-02,-4.226816589337700677e-10,2.523533282398164929e-09,-1.812661245857324199e-09,2.100851623464394965e-09,-4.226816589337700677e-10,7.641143451923058239e-10
7.970695970695970732e-05,9.000000000000000000e+00,7.749999999999999944e-02,1.549999999999999989e-01,1.979045759154873950e-09,-1.022953621131012675e-10,-4.064459578011488035e-09,1.876750397041772877e-09,1.979045759154873950e-09,-1.390411857952468635e-10
7.970695970695970732e-05,1.000000000000000000e+01,1.925000000000000044e-01,1.549999999999999989e-01,5.282789759835266248e-06,2.838333554576905624e-06,8.677056153852609791e-06,8.121123314412171025e-06,5.282789759835266248e-06,1.277704378666557227e-05
7.970695970695970732e-05,1.300000000000000000e+01,7.749999999999999944e-02,6.500000000000000222e-02,-2.228572286488988881e-10,-3.151307494010328913e-10,-3.148940510803623008e-09,-5.379879780499317535e-10,-2.228572286488988881e-10,-3.314556365423918501e-09
7.970695970695970732e-05,1.400000000000000000e+01,1.925000000000000044e-01,6.500000000000000222e-02,-1.422545565436692227e-09,2.061606263691169163e-09,-2.460596427962181812e-09,6.390606982544769361e-10,-1.422545565436692227e-09,-2.476064633528637904e-10
8.468864468864468564e-05,9.000000000000000000e+00,7.749999999999999944e-02,1.549999999999999989e-01,9.183112803114245264e-10,-9.178465370782706730e-10,-6.257711765360645161e-09,4.647432331538534625e-13,9.183112803114245264e-10,-2.255547354494890469e-09
8.468864468864468564e-05,1.000000000000000000e+01,1.925000000000000044e-01,1.549999999999999989e-01,3.418839487496818254e-06,7.656424497806888356e-07,5.256494030866802837e-06,4.184481937277506984e-06,3.418839487496818254e-06,7.513495076403836158e-06
8.468864468864468564e-05,1.300000000000000000e+01,7.749999999999999944e-02,6.500000000000000222e-02,6.364029929923089877e-10,6.202885212272529876e-10,-2.567721447570445169e-09,1.256691514219562079e-09,6.364029929923089877e-10,-1.862183698027863090e-09
8.468864468864468564e-05,1.400000000000000000e+01,1.925000000000000044e-01,6.500000000000000222e-02,1.147202360698683787e-09,3.524850501765435490e-09,4.838743975143059860e-10,4.672052862464119484e-09,1.147202360698683787e-09,3.508643865132990113e-09
8.967032967032966396e-05,9.000000000000000000e+00,7.749999999999999944e-02,1.549999999999999989e-01,-6.147502886279100450e-10,-8.877193846251399047e-10,-8.762546285080368036e-09,-1.502469673253049950e-09,-6.147502886279100450e-10,-4.912608097721861741e-09
8.967032967032966396e-05,1.000000000000000000e+01,1.925000000000000044e-01,1.549999999999999989e-01,-2.730309754223589768e-08,-2.722305789362675262e-06,-1.146974669500439455e-06,-2.749608886904911289e-06,-2.730309754223589768e-08,-2.164320563540110477e-06
8.967032967032966396e-05,1.300000000000000000e+01,7.749999999999999944e-02,6.500000000000000222e-02,-5.846320842674237852e-10,6.723261460341964007e-10,-3.738597965456637020e-09,8.769406176677261551e-11,-5.846320842674237852e-10,-3.736220183658244851e-09
8.967032967032966396e-05,1.400000000000000000e+01,1.925000000000000044e-01,6.500000000000000222e-02,2.147761721949725342e-09,-6.628481061567357555e-10,-1.187170035118055379e-08,1.484913615792989586e-09,2.147761721949725342e-09,-8.791292539615130117e-09
9.465201465201464228e-05,9.000000000000000000e+00,7.749999999999999944e-02,1.549999999999999989e-01,1.239545685985774540e-09,-9.586460912399384111e-11,-4.562807840987220393e-09,1.143681076861780751e-09,1.239545685985774540e-09,-1.074453844521172246e-09
9.465201465201464228e-05,1.000000000000000000e+01,1.925000000000000044e-01,1.549999999999999989e-01,-4.223593597973013913e-06,-6.945725575501144046e-06,-9.050741456220292140e-06,-1.116931917347415711e-05,-4.223593597973013913e-06,-1.404303637226318697e-05
9.465201465201464228e-05,1.300000000000000000e+01,7.749999999999999944e-02,6.500000000000000222e-02,-1.056144499586842539e-09,1.404589431330658465e-10,2.971820248010884838e-09,-9.156855564537766665e-10,-1.056144499586842539e-09,2.283089592786267995e-09
9.465201465201464228e-05,1.400000000000000000e+01,1.925000000000000044e-01,6.500000000000000222e-02,-2.725663419224202161e-08,-5.666602081816271507e-08,-8.692236749926644176e-08,-8.392265501040473668e-08,-2.725663419224202161e-08,-1.148249744736244505e-07
9.963369963369963416e-05,9.000000000000000000e+00,7.749999999999999944e-02,1.549999999999999989e-01,4.334312987411571206e-10,4.800472302023562722e-10,-2.072450777828736892e-09,9.134785289435134445e-10,4.334312987411571206e-10,-5.759815174502206825e-10
9.963369963369963416e-05,1.000000000000000000e+01,1.925000000000000044e-01,1.549999999999999989e-01,-8.422194985753954545e-06,-1.127825403206249344e-05,-1.707541606702657055e-05,-1.970044901781644968e-05,-8.422194985753954545e-06,-2.608199291600245262e-05
9.963369963369963416e-05,1.300000000000000000e+01,7.749999999999999944e-02,6.500000000000000222e-02,-1.864296824191629769e-10,6.337968578540363363e-11,6.648368294993417526e-09,-1.230499966337593433e-10,-1.864296824191629769e-10,6.361972642965162782e-09
9.963369963369963416e-05,1.400000000000000000e+01,1.925000000000000044e-01,6.500000000000000222e-02,-1.442754778513735938e-08,-2.910380993397834720e-08,-3.592170557859950193e-08,-4.353135771911570492e-08,-1.442754778513735938e-08,-5.275134955096070916e-08
1.046153846153846125e-04,9.000000000000000000e+00,7.749999999999999944e-02,1.549999999999999989e-01,-9.651338592188432470e-09,-7.341781894576705540e-10,-1.411549734990926314e-08,-1.038551678164610230e-08,-9.651338592188432470e-09,-1.597852353745684148e-08
1.046153846153846125e-04,1.000000000000000000e+01,1.925000000000000044e-01,1.549999999999999989e-01,-1.199624455331839689e-05,-1.518826170442031714e-05,-2.403333867651176719e-05,-2.718450625773871572e-05,-1.199624455331839689e-05,-3.653764898603676487e-05
1.046153846153846125e-04,1.300000000000000000e+01,7.749999999999999944e-02,6.500000000000000222e-02,-5.372619881052885358e-11,-4.283721536859466430e-10,2.603124833993713002e-09,-4.820983524964754578e-10,-5.372619881052885358e-11,2.330801436789891603e-09
1.046153846153846125e-04,1.400000000000000000e+01,1.925000000000000044e-01,6.500000000000000222e-02,1.157510082309089548e-07,2.264389346042887157e-07,3.416988929167316357e-07,3.421899428351976970e-07,1.157510082309089548e-07,4.558224286401793300e-07
1.095970695970695908e-04,9.000000000000000000e+00,7.749999999999999944e-02,1.549999999999999989e-01,-1.245635899030408776e-08,-3.105175061049634026e-09,-2.481678065067238554e-08,-1.556153405135372261e-08,-1.245635899030408776e-08,-2.398341888080394703e-08
1.095970695970695908e-04,1.000000000000000000e+01,1.925000000000000044e-01,1.549999999999999989e-01,-1.447111475820727975e-05,-1.827121799160964541e-05,-2.899772757146305212e-05,-3.274233274981692347e-05,-1.447111475820727975e-05,-4.406238307801241239e-05
1.095970695970695908e-04,1.300000000000000000e+01,7.749999999999999944e-02,6.500000000000000222e-02,3.950027922129262050e-10,-8.557471126275378882e-10,4.104339446245329329e-09,-4.607443204146116831e-10,3.950027922129262050e-10,3.903971247456563234e-09
1.095970695970695908e-04,1.400000000000000000e+01,1.925000000000000044e-01,6.500000000000000222e-02,1.849356153737466330e-07,3.505436661917651076e-07,5.434249249326595604e-07,5.354792815655117141e-07,1.849356153737466330e-07,7.169473975850870075e-07
1.145787545787545691e-04,9.000000000000000000e+00,7.749999999999999944e-02,1.549999999999999989e-01,6.785570817091292686e-08,2.330889423314079586e-08,7.529636077841574489e-08,9.116460240405371610e-08,6.785570817091292686e-08,1.017992661763694742e-07
1.145787545787545691e-04,1.000000000000000000e+01,1.925000000000000044e-01,1.549999999999999989e-01,-1.572976295393341370e-05,-2.040429473110341434e-05,-3.167157260903528335e-05,-3.613405768503683143e-05,-1.572976295393341370e-05,-4.824864972542731187e-05
1.145787545787545691e-04,1.300000000000000000e+01,7.749999999999999944e-02,6.500000000000000222e-02,6.283912329879566333e-10,-1.226301455939615926e-09,6.581390672370419680e-09,-5.979102229516592929e-10,6.283912329879566333e-10,6.312413560666941520e-09
1.145787545787545691e-04,1.400000000000000000e+01,1.925000000000000044e-01,6.500000000000000222e-02,-3.531523392082363237e-08,-1.181166052733265815e-07,-1.107466708535085271e-07,-1.534318391941502139e-07,-3.531523392082363237e-08,-1.852553004706098940e-07
1.195604395604395610e-04,9.000000000000000000e+00,7.749999999999999944e-02,1.549999999999999989e-01,4.575761230099167608e-08,1.902290016020015085e-08,7.379981520930908374e-08,6.478051246119183024e-08,4.575761230099167608e-08,8.010504479780728583e-08
1.195604395604395610e-04,1.000000000000000000e+01,1.925000000000000044e-01,1.549999999999999989e-01,-1.575397210449047770e-05,-2.154856045734961862e-05,-3.197275913506522534e-05,-3.730253256184009632e-05,-1.575397210449047770e-05,-4.899065579752725483e-05
1.195604395604395610e-04,1.300000000000000000e+01,7.749999999999999944e-02,6.500000000000000222e-02,2.878592696419281762e-11,-2.608456410711783168e-10,1.501522248627323857e-09,-2.320597141069854992e-10,2.878592696419281762e-11,1.376288616084900875e-09
1.195604395604395610e-04,1.400000000000000000e+01,1.925000000000000044e-01,6.500000000000000222e-02,-4.814459909461902492e-07,-1.013672372926665134e-06,-1.434988851004989581e-06,-1.495118363872855277e-06,-4.814459909461902492e-07,-1.966637409161416962e-06
1.245421245421245258e-04,9.000000000000000000e+00,7.749999999999999944e-02,1.549999999999999989e-01,-2.435675846137879470e-07,-7.916398017335999687e-08,-2.595952819989863200e-07,-3.227315647871479703e-07,-2.435675846137879470e-07,-3.599034573073540380e-07
1.245421245421245258e-04,1.000000000000000000e+01,1.925000000000000044e-01,1.549999999999999989e-01,-1.455406076795818887e-05,-2.170456784982592854e-05,-2.987528134635325928e-05,-3.625862861778411910e-05,-1.455406076795818887e-05,-4.626976680465882545e-05
1.245421245421245258e-04,1.300000000000000000e+01,7.749999999999999944e-02,6.500000000000000222e-02,1.386948985309787597e-09,1.294017136292492869e-09,-3.307863823191463238e-09,2.680966121602280467e-09,1.386948985309787597e-09,-1.859265744683337167e-09
1.245421245421245258e-04,1.400000000000000000e+01,1.925000000000000044e-01,6.500000000000000222e-02,-7.138228554015995513e-07,-1.441523108316538811e-06,-2.137823881311148459e-06,-2.155345963718138574e-06,-7.138228554015995513e-07,-2.871247661984140606e-06
1.295238095238095176e-04,9.000000000000000000e+00,7.749999999999999944e-02,1.549999999999999989e-01,-3.855508383800393086e-07,-1.270281964618956032e-07,-4.452173410159555085e-07,-5.125790348419349118e-07,-3.855508383800393086e-07,-5.865653003470314513e-07
1.295238095238095176e-04,1.000000000000000000e+01,1.925000000000000044e-01,1.549999999999999989e-01,-1.234969051424556142e-05,-2.102881037919660800e-05,-2.571432098012096975e-05,-3.337850089344216603e-05,-1.234969051424556142e-05,-4.060700892899855819e-05
1.295238095238095176e-04,1.300000000000000000e+01,7.749999999999999944e-02,6.500000000000000222e-02,-1.039642135726217054e-09,-1.263513930708271636e-10,-1.427571194874721668e-08,-1.165993528797044295e-09,-1.039642135726217054e-09,-1.455005631268090643e-08
1.295238095238095176e-04,1.400000000000000000e+01,1.925000000000000044e-01,6.500000000000000222e-02,-4.120159060180764555e-07,-7.637064912286422808e-07,-1.306872040403429660e-06,-1.175722397246718736e-06,-4.120159060180764555e-07,-1.652015875491553241e-06
1.345054945054945095e-04,9.000000000000000000e+00,7.749999999999999944e-02,1.549999999999999989e-01,3.762832089294705698e-08,1.047088234838393027e-08,8.900646106348111033e-09,4.809920324133098394e-08,3.762832089294705698e-08,4.024586166772193593e-08
1.345054945054945095e-04,1.000000000000000000e+01,1.925000000000000044e-01,1.549999999999999989e-01,-9.283196009204553096e-06,-1.962306754214834892e-05,-1.972957023409979083e-05,-2.890626355135290202e-05,-9.283196009204553096e-06,-3.236197974954266906e-05
1.345054945054945095e-04,1.300000000000000000e+01,7.749999999999999944e-02,6.500000000000000222e-02,-1.549055725510785172e-09,-9.834780770978452245e-10,-2.096688936149644273e-08,-2.532533802608630397e-09,-1.549055725510785172e-09,-2.168661402941847693e-08
1.345054945054945095e-04,1.400000000000000000e+01,1.925000000000000044e-01,6.500000000000000222e-02,4.012289994048244371e-07,9.401647306448648985e-07,1.017149690376587897e-06,1.341393730049689389e-06,4.012289994048244371e-07,1.590818672319599772e-06
1.394871794871794743e-04,9.000000000000000000e+00,7.749999999999999944e-02,1.549999999999999989e-01,9.141129860395129784e-07,3.052981254581313108e-07,1.016454268745955497e-06,1.219411111497644236e-06,9.141129860395129784e-07,1.371854655407573081e-06
1.394871794871794743e-04,1.000000000000000000e+01,1.925000000000000044e-01,1.549999999999999989e-01,-5.502280545016197678e-06,-1.760513113234578433e-05,-1.217905411026361589e-05,-2.310741167736198032e-05,-5.502280545016197678e-06,-2.192148382003737391e-05
1.394871794871794743e-04,1.300000000000000000e+01,7.749999999999999944e-02,6.500000000000000222e-02,5.580321771459799913e-09,3.254391593188224381e-09,5.855641351207410179e-09,8.834713364648025121e-09,5.580321771459799913e-09,1.038087237056852781e-08
1.394871794871794743e-04,1.400000000000000000e+01,1.925000000000000044e-01,6.500000000000000222e-02,1.337952585495100492e-06,2.862634416875657826e-06,3.759524170248435157e-06,4.200587002370758318e-06,1.337952585495100492e-06,5.339296637513334408e-06
1.444688644688644661e-04,9.000000000000000000e+00,7.749999999999999944e-02,1.549999999999999989e-01,1.325907430383773622e-06,4.592376500961009437e-07,1.532499598730651430e-06,1.785145080479874566e-06,1.325907430383773622e-06,2.019305266063957050e-06
1.444688644688644661e-04,1.000000000000000000e+01,1.925000000000000044e-01,1.549999999999999989e-01,-1.291637659185632322e-06,-1.519515555045818439e-05,-3.563568484261795954e-06,-1.648679320964381586e-05,-1.291637659185632322e-06,-1.003181878666637817e-05
1.444688644688644661e-04,1.300000000000000000e+01,7.749999999999999944e-02,6.500000000000000222e-02,-1.004317695095181224e-08,-7.825624612926911773e-09,-2.155172655316629489e-09,-1.786880156387872567e-08,-1.004317695095181224e-08,-1.129287917965298662e-08
1.444688644688644661e-04,1.400000000000000000e+01,1.925000000000000044e-01,6.500000000000000222e-02,1.934289727218168113e-06,4.072182831038037529e-06,5.529865857002567685e-06,6.006472558256206065e-06,1.934289727218168113e-06,7.731178864963628061e-06
1.494505494505494309e-04,9.000000000000000000e+00,7.749999999999999944e-02,1.549999999999999989e-01,6.439554489605254711e-07,2.453236090643065210e-07,7.827114137431484220e-07,8.892790580248319922e-07,6.439554489605254711e-07,1.000906960388569871e-06
1.494505494505494309e-04,1.000000000000000000e+01,1.925000000000000044e-01,1.549999999999999989e-01,3.243780198398723108e-06,-1.248065894216269653e-05,5.886354177124600442e-06,-9.236878743763973846e-06,3.243780198398723108e-06,2.984909128196222883e-06
1.494505494505494309e-04,1.300000000000000000e+01,7.749999999999999944e-02,6.500000000000000222e-02,-2.894790651362314904e-08,-2.207811165421697430e-08,-3.411036087518490251e-08,-5.102601816784012334e-08,-2.894790651362314904e-08,-5.944915536497777346e-08
1.494505494505494309e-04,1.400000000000000000e+01,1.925000000000000044e-01,6.500000000000000222e-02,1.873605081846725743e-06,3.920357701887905211e-06,5.585630732454823265e-06,5.793962783734630953e-06,1.873605081846725743e-06,7.633557877044942343e-06
1.544322344322344228e-04,9.000000000000000000e+00,7.749999999999999944e-02,1.549999999999999989e-01,-9.859762769440032736e-07,-3.112015548261962608e-07,-1.129375119229976851e-06,-1.297177831770199640e-06,-9.859762769440032736e-07,-1.494676529884238178e-06
1.544322344322344228e-04,1.000000000000000000e+01,1.925000000000000044e-01,1.549999999999999989e-01,7.998899076269051772e-06,-9.536240467186673150e-06,1.599633849398340973e-05,-1.537341390917621378e-06,7.998899076269051772e-06,1.686593666236354820e-05
1.544322344322344228e-04,1.300000000000000000e+01,7.749999999999999944e-02,6.500000000000000222e-02,4.309997386654900009e-08,3.646125869947998741e-08,8.764886026124329251e-08,7.956123256602898750e-08,4.309997386654900009e-08,1.256583707975913080e-07
1.544322344322344228e-04,1.400000000000000000e+01,1.925000000000000044e-01,6.500000000000000222e-02,1.109476939957637259e-06,2.364349228456663650e-06,3.686288896195393271e-06,3.473826168414300908e-06,1.109476939957637259e-06,4.829636362718889434e-06
1.594139194139194146e-04,9.000000000000000000e+00,7.749999999999999944e-02,1.549999999999999989e-01,-2.622091889280852375e-06,-9.043476723607028336e-07,-3.130974175559021616e-06,-3.526439561641555102e-06,-2.622091889280852375e-06,-4.042109731130701901e-06
1.594139194139194146e-04,1.000000000000000000e+01,1.925000000000000044e-01,1.549999999999999989e-01,1.279626564293548381e-05,-6.503894007186811069e-06,2.643189363539639959e-05,6.292371635748672740e-06,1.279626564293548381e-05,3.112259179002645204e-05
1.594139194139194146e-04,1.300000000000000000e+01,7.749999999999999944e-02,6.500000000000000222e-02,1.065430372619604950e-07,9.085760172761808410e-08,2.038988139729713956e-07,1.974006389895785791e-07,1.065430372619604950e-07,2.985080277150593715e-07
1.594139194139194146e-04,1.400000000000000000e+01,1.925000000000000044e-01,6.500000000000000222e-02,-1.359415815907452911e-07,-6.596324967206170513e-08,5.607843000672632739e-08,-2.019048312628069830e-07,-1.359415815907452911e-07,-3.627376271945659815e-08
1.643956043956043794e-04,9.000000000000000000e+00,7.749999999999999944e-02,1.549999999999999989e-01,-3.314702481502430512e-06,-1.208944210386975945e-06,-4.061640309592260473e-06,-4.523646691889406034e-06,-3.314702481502430512e-06,-5.164623592453417259e-06
1.643956043956043794e-04,1.000000000000000000e+01,1.925000000000000044e-01,1.549999999999999989e-01,1.760302074966387949e-05,-3.420361711621618868e-06,3.708761630241861013e-05,1.418265903804226062e-05,1.760302074966387949e-05,4.561822635452449575e-05
1.643956043956043794e-04,1.300000000000000000e+01,7.749999999999999944e-02,6.500000000000000222e-02,-5.317270870475352296e-08,-4.135399772767356084e-08,-9.467606781481776805e-08,-9.452670643242707718e-08,-5.317270870475352296e-08,-1.405848092839976070e-07
1.643956043956043794e-04,1.400000000000000000e+01,1.925000000000000044e-01,6.500000000000000222e-02,-1.606640917411844237e-06,-2.918523968441749075e-06,-4.247015249763613648e-06,-4.525164885853593100e-06,-1.606640917411844237e-06,-5.779365694542762995e-06
1.693772893772893713e-04,9.000000000000000000e+00,7.749999999999999944e-02,1.549999999999999989e-01,-2.603995986485550647e-06,-1.045928671371797852e-06,-3.309466473264396323e-06,-3.649924657857348499e-06,-2.603995986485550647e-06,-4.121380629453476851e-06
1.693772893772893713e-04,1.000000000000000000e+01,1.925000000000000044e-01,1.549999999999999989e-01,2.231112196170794852e-05,-3.603917457285805150e-07,4.777801735887650489e-05,2.195073021597936637e-05,2.231112196170794852e-05,6.007739151849611150e-05
1.693772893772893713e-04,1.300000000000000000e+01,7.749999999999999944e-02,6.500000000000000222e-02,-2.822757822172779362e-07,-2.337002391942990100e-07,-5.275409988854560474e-07,-5.159760214115769727e-07,-2.822757822172779362e-07,-7.759047050047485465e-07
1.693772893772893713e-04,1.400000000000000000e+01,1.925000000000000044e-01,6.500000000000000222e-02,-3.075019188367235722e-06,-5.831882502017921805e-06,-8.036072161529690509e-06,-8.906901690385157951e-06,-3.075019188367235722e-06,-1.120291952852547683e-05
1.743589743589743632e-04,9.000000000000000000e+00,7.749999999999999944e-02,1.549999999999999989e-01,-5.949855013307938362e-07,-4.144935605412574921e-07,-9.159611329295419315e-07,-1.009479061872051328e-06,-5.949855013307938362e-07,-1.030928090392971394e-06
1.743589743589743632e-04,1.000000000000000000e+01,1.925000000000000044e-01,1.549999999999999989e-01,2.677810956672329210e-05,2.563176971022975217e-06,5.820984726605479175e-05,2.934128653774626774e-05,2.677810956672329210e-05,7.408422372297940968e-05
1.743589743589743632e-04,1.300000000000000000e+01,7.749999999999999944e-02,6.500000000000000222e-02,-1.989050001501027284e-07,-1.673303743405238251e-07,-3.864453856896167552e-07,-3.662353744906265535e-07,-1.989050001501027284e-07,-5.620311438648730240e-07
1.743589743589743632e-04,1.400000000000000000e+01,1.925000000000000044e-01,6.500000000000000222e-02,-4.308080290837207114e-06,-8.362915673640041394e-06,-1.045379291397394367e-05,-1.267099596447724766e-05,-4.308080290837207114e-06,-1.527792690174122238e-05
1.793406593406593279e-04,9.000000000000000000e+00,7.749999999999999944e-02,1.549999999999999989e-01,2.074278631660937982e-06,4.980824409106516670e-07,2.390625724892234609e-06,2.572361072571589649e-06,2.074278631660937982e-06,3.141658520516242243e-06
1.793406593406593279e-04,1.000000000000000000e+01,1.925000000000000044e-01,1.549999999999999989e-01,3.101247694911148572e-05,5.344003982456340100e-06,6.835773698998342781e-05,3.635648093156782667e-05,3.101247694911148572e-05,8.761695641747022827e-05
1.793406593406593279e-04,1.300000000000000000e+01,7.749999999999999944e-02,6.500000000000000222e-02,2.397395464001966993e-07,1.909149273419772829e-07,4.129371138948486983e-07,4.306544737421739557e-07,2.397395464001966993e-07,6.220288239266581578e-07
1.793406593406593279e-04,1.400000000000000000e+01,1.925000000000000044e-01,6.500000000000000222e-02,-4.947047100082427734e-06,-9.589050337374352106e-06,-1.171297758789892434e-05,-1.453609743745677899e-05,-4.947047100082427734e-06,-1.732182729406912214e-05
1.843223443223443198e-04,9.000000000000000000e+00,7.749999999999999944e-02,1.549999999999999989e-01,4.617779877095489226e-06,1.435824462315733743e-06,5.660639194381225116e-06,6.053604339411223180e-06,4.617779877095489226e-06,7.180233014647962412e-06
1.843223443223443198e-04,1.000000000000000000e+01,1.925000000000000044e-01,1.549999999999999989e-01,3.500072411282233300e-05,7.977585577865363751e-06,7.820117014996687559e-05,4.297830969068769337e-05,3.500072411282233300e-05,1.006455916378475555e-04
1.843223443223443198e-04,1.300000000000000000e+01,7.749999999999999944e-02,6.500000000000000222e-02,6.624557511443798459e-07,5.370342402277402797e-07,1.195154012978247721e-06,1.199489991372120126e-06,6.624557511443798459e-07,1.774942214460907229e-06
1.843223443223443198e-04,1.400000000000000000e+01,1.925000000000000044e-01,6.500000000000000222e-02,-4.779007514550842729e-06,-8.976672412988370817e-06,-1.212041590574991260e-05,-1.375567992753921439e-05,-4.779007514550842729e-06,-1.707146149241052258e-05
1.893040293040292846e-04,9.000000000000000000e+00,7.749999999999999944e-02,1.549999999999999989e-01,6.287813701134865227e-06,2.162552803182701462e-06,8.185181976910259561e-06,8.450366504317567112e-06,6.287813701134865227e-06,1.002339039724274888e-05
1.893040293040292846e-04,1.000000000000000000e+01,1.925000000000000044e-01,1.549999999999999989e-01,3.867288755412003461e-05,1.040963848505459126e-05,8.759062157184129937e-05,4.908252603917462418e-05,3.867288755412003461e-05,1.129609789528391374e-04
1.893040293040292846e-04,1.300000000000000000e+01,7.749999999999999944e-02,6.500000000000000222e-02,6.161645939665700664e-07,5.046488984269382041e-07,1.166397562925971136e-06,1.120813492393508376e-06,6.161645939665700664e-07,1.706019338102400467e-06
1.893040293040292846e-04,1.400000000000000000e+01,1.925000000000000044e-01,6.500000000000000222e-02,-3.891783476834613262e-06,-6.828238712544030564e-06,-1.147524873033918100e-05,-1.072002218937864298e-05,-3.891783476834613262e-06,-1.465149938786253008e-05
1.942857142857142764e-04,9.000000000000000000e+00,7.749999999999999944e-02,1.549999999999999989e-01,6.722780567985193923e-06,2.512059540765732854e-06,9.198860000721539813e-06,9.234840108750927201e-06,6.722780567985193923e-06,1.094808924624934490e-05
1.942857142857142764e-04,1.000000000000000000e+01,1.925000000000000044e-01,1.549999999999999989e-01,4.204854812322640092e-05,1.264634474015169728e-05,9.652174741200212770e-05,5.469489286337809650e-05,4.204854812322640092e-05,1.245733933295822848e-04
1.942857142857142764e-04,1.300000000000000000e+01,7.749999999999999944e-02,6.500000000000000222e-02,-6.725671529058194479e-09,5.633981404512130913e-10,4.327928642527000898e-08,-6.162273388606981181e-09,-6.725671529058194479e-09,3.805382171015003111e-08
1.942857142857142764e-04,1.400000000000000000e+01,1.925000000000000044e-01,6.500000000000000222e-02,-2.606667751838871337e-06,-4.102813337007708335e-06,-9.079196701385721898e-06,-6.709481088846579672e-06,-2.606667751838871337e-06,-1.041958070759923488e-05
1.992673992673992683e-04,9.000000000000000000e+00,7.749999999999999944e-02,1.549999999999999989e-01,6.024980459005124834e-06,2.479042532430282171e-06,8.362194706277866851e-06,8.504022991435407428e-06,6.024980459005124834e-06,9.883939704272376534e-06
1.992673992673992683e-04,1.000000000000000000e+01,1.925000000000000044e-01,1.549999999999999989e-01,4.512332062384155135e-05,1.468966992220819656e-05,1.049603127278655199e-04,5.981299054604974791e-05,4.512332062384155135e-05,1.354476302502699884e-04
1.992673992673992683e-04,1.300000000000000000e+01,7.749999999999999944e-02,6.500000000000000222e-02,-8.318953947757761405e-07,-6.613441774211041000e-07,-1.590084497004902642e-06,-1.493239572196880241e-06,-8.318953947757761405e-07,-2.310595710247224624e-06
1.992673992673992683e-04,1.400000000000000000e+01,1.925000000000000044e-01,6.500000000000000222e-02,-1.228002590438190694e-06,-1.630045611699693924e-06,-4.517355788298902118e-06,-2.858048202137884829e-06,-1.228002590438190694e-06,-4.825526314134275218e-06
2.042490842490842331e-04,9.000000000000000000e+00,7.749999999999999944e-02,1.549999999999999989e-01,4.060673991747011197e-06,2.027312120326303324e-06,6.057556834420781553e-06,6.087986112073314520e-06,4.060673991747011197e-06,6.890204361532835976e-06
2.042490842490842331e-04,1.000000000000000000e+01,1.925000000000000044e-01,1.549999999999999989e-01,4.781278824912699047e-05,1.642697843926587924e-05,1.128310375201777921e-04,6.423976668839287310e-05,4.781278824912699047e-05,1.454154807324941527e-04
2.042490842490842331e-04,1.300000000000000000e+01,7.749999999999999944e-02,6.500000000000000222e-02,-1.403506109162738342e-06,-1.131859721644236126e-06,-2.608913722167909599e-06,-2.535365830806974468e-06,-1.403506109162738342e-06,-3.832775900955275496e-06
2.042490842490842331e-04,1.400000000000000000e+01,1.925000000000000044e-01,6.500000000000000222e-02,9.501099491060363780e-08,3.265766718889032129e-07,1.745185078771611769e-06,4.215876667995068375e-07,9.501099491060363780e-08,1.549375363484595843e-06
2.092307692307692249e-04,9.000000000000000000e+00,7.749999999999999944e-02,1.549999999999999989e-01,8.619023996308116697e-07,1.155235913678053379e-06,2.787973427024060487e-06,2.017138313308865155e-06,8.619023996308116697e-07,2.242505359567699462e-06
2.092307692307692249e-04,1.000000000000000000e+01,1.925000000000000044e-01,1.549999999999999989e-01,5.018779045945547863e-05,1.799190429605660973e-05,1.201001955926822877e-04,6.817969475551208496e-05,5.018779045945547863e-05,1.545388981192440852e-04
2.092307692307692249e-04,1.300000000000000000e+01,7.749999999999999944e-02,6.500000000000000222e-02,-1.409875171092683273e-06,-1.186201993104735516e-06,-2.321719445103866845e-06,-2.596077164197419001e-06,-1.409875171092683273e-06,-3.578589814560334772e-06
2.092307692307692249e-04,1.400000000000000000e+01,1.925000000000000044e-01,6.500000000000000222e-02,1.413383505233410176e-06,2.093426055024207257e-06,8.689822514628249778e-06,3.506809560257617433e-06,1.413383505233410176e-06,8.254754536155477530e-06
2.142124542124541897e-04,9.000000000000000000e+00,7.749999999999999944e-02,1.549999999999999989e-01,-2.911681749222577153e-06,3.648409467026279054e-08,-1.050839976325133515e-06,-2.875197654552314375e-06,-2.911681749222577153e-06,-3.237164692736903772e-06
2.142124542124541897e-04,1.000000000000000000e+01,1.925000000000000044e-01,1.549999999999999989e-01,5.228100397435266294e-05,1.943226229435879562e-05,1.267359274175016261e-04,7.171326626871146195e-05,5.228100397435266294e-05,1.628253833382135624e-04
2.142124542124541897e-04,1.300000000000000000e+01,7.749999999999999944e-02,6.500000000000000222e-02,-6.478612063708396664e-07,-5.789911437959809370e-07,-9.305867201013828924e-07,-1.226852350166820603e-06,-6.478612063708396664e-07,-1.525014669406819302e-06
2.142124542124541897e-04,1.400000000000000000e+01,1.925000000000000044e-01,6.500000000000000222e-02,2.872565284403384716e-06,4.246924418687479263e-06,1.504462654928858707e-05,7.119489703090863556e-06,2.872565284403384716e-06,1.488373613607399268e-05
2.191941391941391816e-04,9.000000000000000000e+00,7.749999999999999944e-02,1.549999999999999989e-01,-6.259569327795591341e-06,-1.083886547336482059e-06,-5.593829546197849053e-06,-7.343455875132072976e-06,-6.259569327795591341e-06,-8.662352291785110716e-06
2.191941391941391816e-04,1.000000000000000000e+01,1.925000000000000044e-01,1.549999999999999989e-01,5.399470835721347395e-05,2.047245827918291934e-05,1.329205495612745746e-04,7.446716663639638991e-05,5.399470835721347395e-05,1.702866263073347323e-04
2.191941391941391816e-04,1.300000000000000000e+01,7.749999999999999944e-02,6.500000000000000222e-02,6.716450523331519349e-07,5.782215650717139499e-07,9.473787269128181197e-07,1.249866617404865885e-06,6.716450523331519349e-07,1.555772105101155983e-06
2.191941391941391816e-04,1.400000000000000000e+01,1.925000000000000044e-01,6.500000000000000222e-02,4.538434359116572326e-06,7.113587531867978105e-06,1.979378892478905457e-05,1.165202189098455043e-05,4.538434359116572326e-06,2.099037001685796083e-05
2.241758241758241735e-04,9.000000000000000000e+00,7.749999999999999944e-02,1.549999999999999989e-01,-8.613851060023241469e-06,-2.038757750844524159e-06,-1.051773268485924513e-05,-1.065260881086776647e-05,-8.613851060023241469e-06,-1.333277293947583838e-05
2.241758241758241735e-04,1.000000000000000000e+01,1.925000000000000044e-01,1.549999999999999989e-01,5.541692905632686491e-05,2.122486433876244049e-05,1.387177895369358642e-04,7.664179339508930540e-05,5.541692905632686491e-05,1.770817599685097746e-04
2.241758241758241735e-04,1.300000000000000000e+01,7.749999999999999944e-02,6.500000000000000222e-02,1.979516099974111518e-06,1.714363760153825935e-06,2.782028141607784379e-06,3.693879860127937241e-06,1.979516099974111518e-06,4.579293290067280193e-06
2.241758241758241735e-04,1.400000000000000000e+01,1.925000000000000044e-01,6.500000000000000222e-02,6.395262520053058974e-06,1.066083739127541389e-05,2.267448131112098086e-05,1.705609991132847202e-05,6.395262520053058974e-06,2.635515450882196356e-05
2.291575091575091382e-04,9.000000000000000000e+00,7.749999999999999944e-02,1.549999999999999989e-01,-1.014365307620082770e-05,-2.797786093777409780e-06,-1.493266988403800955e-05,-1.294143916997823791e-05,-1.014365307620082770e-05,-1.697014099943489437e-05
2.291575091575091382e-04,1.000000000000000000e+01,1.925000000000000044e-01,1.549999999999999989e-01,5.657003923228833898e-05,2.186118296623215082e-05,1.439189696857659420e-04,7.843122219852049657e-05,5.657003923228833898e-05,1.830873164534044055e-04
2.291575091575091382e-04,1.300000000000000000e+01,7.749999999999999944e-02,6.500000000000000222e-02,2.753220309231997708e-06,2.284917858232265024e-06,4.274392895515581604e-06,5.038138167464262308e-06,2.753220309231997708e-06,6.724459844241363070e-06
2.291575091575091382e-04,1.400000000000000000e+01,1.925000000000000044e-01,6.500000000000000222e-02,8.297242653410938435e-06,1.447603177799840319e-05,2.377039459756076723e-05,2.277327443140933993e-05,8.297242653410938435e-06,3.066676638857435491e-05
2.341391941391941301e-04,9.000000000000000000e+00,7.749999999999999944e-02,1.549999999999999989e-01,-1.149521862302162387e-05,-3.482078180343397875e-06,-1.780143282015179718e-05,-1.497729680336502133e-05,-1.149521862302162387e-05,-1.968056800784548518e-05
2.341391941391941301e-04,1.000000000000000000e+01,1.925000000000000044e-01,1.549999999999999989e-01,5.750029305695592165e-05,2.266430311812075437e-05,1.481177206927262460e-04,8.016459617507667263e-05,5.750029305695592165e-05,1.880449730023190194e-04
2.341391941391941301e-04,1.300000000000000000e+01,7.749999999999999944e-02,6.500000000000000222e-02,2.623788139808432005e-06,2.036403123240500285e-06,5.065239884819936001e-06,4.660191263048932290e-06,2.623788139808432005e-06,7.317464434372203406e-06
2.341391941391941301e-04,1.400000000000000000e+01,1.925000000000000044e-01,6.500000000000000222e-02,9.982257316546805378e-06,1.783524493709279563e-05,2.359566627492798424e-05,2.781750225363959931e-05,9.982257316546805378e-06,3.364290954540985511e-05
2.391208791208791220e-04,9.000000000000000000e+00,7.749999999999999944e-02,1.549999999999999989e-01,-1.277923872178622756e-05,-4.094339693564306702e-06,-1.864155331481111389e-05,-1.687357841535053426e-05,-1.277923872178622756e-05,-2.133218093394884530e-05
2.391208791208791220e-04,1.000000000000000000e+01,1.925000000000000044e-01,1.549999999999999989e-01,5.827959857754329412e-05,2.342283393127389654e-05,1.518596199149862712e-04,8.170243250881718388e-05,5.827959857754329412e-05,1.924486179728743002e-04
2.391208791208791220e-04,1.300000000000000000e+01,7.749999999999999944e-02,6.500000000000000222e-02,1.553675980146187672e-06,1.112058500561624698e-06,4.755812077663256375e-06,2.665734480707812369e-06,1.553675980146187672e-06,6.002361017566794485e-06
2.391208791208791220e-04,1.400000000000000000e+01,1.925000000000000044e-01,6.500000000000000222e-02,1.124390070342818844e-05,2.011711887211291533e-05,2.284576342993820596e-05,3.136101957554110546e-05,1.124390070342818844e-05,3.522740739133853902e-05
2.441025641025640867e-04,9.000000000000000000e+00,7.749999999999999944e-02,1.549999999999999989e-01,-1.352850892432101693e-05,-4.534896643922856989e-06,-1.787150534511789950e-05,-1.806340556824387477e-05,-1.352850892432101693e-05,-2.168561588566297806e-05
2.441025641025640867e-04,1.000000000000000000e+01,1.925000000000000044e-01,1.549999999999999989e-01,5.877522777949047210e-05,2.362269103257371794e-05,1.556545440065822377e-04,8.239791881206419682e-05,5.877522777949047210e-05,1.965156035490673301e-04
2.441025641025640867e-04,1.300000000000000000e+01,7.749999999999999944e-02,6.500000000000000222e-02,1.955909247428393812e-07,1.084413443048698839e-07,2.791925139350205066e-06,3.040322690477092651e-07,1.955909247428393812e-07,2.872586881741746736e-06
2.441025641025640867e-04,1.400000000000000000e+01,1.925000000000000044e-01,6.500000000000000222e-02,1.192151331950300951e-05,2.089333225072916855e-05,2.198726855192261742e-05,3.281484557023217467e-05,1.192151331950300951e-05,3.536946661019422182e-05
2.490842490842490515e-04,9.000000000000000000e+00,7.749999999999999944e-02,1.549999999999999989e-01,-1.306760409923040036e-05,-4.721760722980350720e-06,-1.610456575371395444e-05,-1.778936482221075277e-05,-1.306760409923040036e-05,-2.040284265937208165e-05
2.490842490842490515e-04,1.000000000000000000e+01,1.925000000000000044e-01,1.549999999999999989e-01,5.879725824773483512e-05,2.298724580697157754e-05,1.593823805499714581e-04,8.178450405470640927e-05,5.879725824773483512e-05,1.999064810666903555e-04
2.490842490842490515e-04,1.300000000000000000e+01,7.749999999999999944e-02,6.500000000000000222e-02,-8.601498447828616247e-07,-5.856397020066772395e-07,-9.395776764563359170e-07,-1.445789546789538864e-06,-8.601498447828616247e-07,-1.667921274848937115e-06
2.490842490842490515e-04,1.400000000000000000e+01,1.925000000000000044e-01,6.500000000000000222e-02,1.193212081674356765e-05,1.994947975356451685e-05,2.140681352577982385e-05,3.188160057030808619e-05,1.193212081674356765e-05,3.415364286545385318e-05
2.540659340659340705e-04,9.000000000000000000e+00,7.749999999999999944e-02,1.549999999999999989e-01,-1.078532774974296528e-05,-4.474889723648841020e-06,-1.410837598871790873e-05,-1.526021747339180630e-05,-1.078532774974296528e-05,-1.727512598681686843e-05
2.540659340659340705e-04,1.000000000000000000e+01,1.925000000000000044e-01,1.549999999999999989e-01,5.850706222743117576e-05,2.212012262674617832e-05,1.626651535622711232e-04,8.062718485417734731e-05,5.850706222743117576e-05,2.025837078533848971e-04
2.540659340659340705e-04,1.300000000000000000e+01,7.749999999999999944e-02,6.500000000000000222e-02,-1.580734169662539142e-06,-1.080413234461093188e-06,-5.442317660776079194e-06,-2.661147404123632330e-06,-1.580734169662539142e-06,-6.673506784102544959e-06
2.540659340659340705e-04,1.400000000000000000e+01,1.925000000000000044e-01,6.500000000000000222e-02,1.131869893300225140e-05,1.743672927172021543e-05,2.112835711729913328e-05,2.875542820472246514e-05,1.131869893300225140e-05,3.173176585522942514e-05
2.590476190476190353e-04,9.000000000000000000e+00,7.749999999999999944e-02,1.549999999999999989e-01,-6.670100582632448676e-06,-3.672400326255053797e-06,-1.242917461450876438e-05,-1.034250090888750247e-05,-6.670100582632448676e-06,-1.255069347533127047e-05
2.590476190476190353e-04,1.000000000000000000e+01,1.925000000000000044e-01,1.549999999999999989e-01,5.829731023064666737e-05,2.178582621721710850e-05,1.649874600344865359e-04,8.008313644786377587e-05,5.829731023064666737e-05,2.045808929835231957e-04
2.590476190476190353e-04,1.300000000000000000e+01,7.749999999999999944e-02,6.500000000000000222e-02,-2.228329360244286529e-06,-1.623002627201749763e-06,-8.898376070409097453e-06,-3.851331987446036504e-06,-2.228329360244286529e-06,-1.063598413725829831e-05
2.590476190476190353e-04,1.400000000000000000e+01,1.925000000000000044e-01,6.500000000000000222e-02,1.014181714155721328e-05,1.361346442388360739e-05,2.100730816673279086e-05,2.375528156544082236e-05,1.014181714155721328e-05,2.822758694168144787e-05
2.640293040293040000e-04,9.000000000000000000e+00,7.749999999999999944e-02,1.549999999999999989e-01,-1.399546448232142549e-06,-2.482380184711578248e-06,-1.066728858822197856e-05,-3.881926632943721009e-06,-1.399546448232142549e-06,-6.679464439139269607e-06
2.640293040293040000e-04,1.000000000000000000e+01,1.925000000000000044e-01,1.549999999999999989e-01,5.811840191455136496e-05,2.218404364486586508e-05,1.662691273933904906e-04,8.030244555941723342e-05,5.811840191455136496e-05,2.058653015656055577e-04
2.640293040293040000e-04,1.300000000000000000e+01,7.749999999999999944e-02,6.500000000000000222e-02,-3.183417378961226990e-06,-2.488734886869485369e-06,-9.928658232348588377e-06,-5.672152265830712783e-06,-3.183417378961226990e-06,-1.255721795216979255e-05
2.640293040293040000e-04,1.400000000000000000e+01,1.925000000000000044e-01,6.500000000000000222e-02,8.542609097963625790e-06,8.868510496343780863e-06,2.083108367582058994e-05,1.741111959430740496e-05,8.542609097963625790e-06,2.383861499880973587e-05
2.690109890109890190e-04,9.000000000000000000e+00,7.749999999999999944e-02,1.549999999999999989e-01,4.010388087341323205e-06,-1.313278822878252073e-06,-8.163013720472194853e-06,2.697109264463070920e-06,4.010388087341323205e-06,-3.164150907440425821e-07
2.690109890109890190e-04,1.000000000000000000e+01,1.925000000000000044e-01,1.549999999999999989e-01,5.773895866426552003e-05,2.288383090303103883e-05,1.668415082206869536e-04,8.062278956729655548e-05,5.773895866426552003e-05,2.064513940828925046e-04
2.690109890109890190e-04,1.300000000000000000e+01,7.749999999999999944e-02,6.500000000000000222e-02,-4.527567954263388362e-06,-3.701511164730598419e-06,-8.468523974741761404e-06,-8.229079118993986780e-06,-4.527567954263388362e-06,-1.243412768612452988e-05
2.690109890109890190e-04,1.400000000000000000e+01,1.925000000000000044e-01,6.500000000000000222e-02,6.683123306150886280e-06,3.701779731167807525e-06,2.014562134025335495e-05,1.038490303731869381e-05,6.683123306150886280e-06,1.868548195478329419e-05
2.739926739926739838e-04,9.000000000000000000e+00,7.749999999999999944e-02,1.549999999999999989e-01,8.722230145003605483e-06,-2.940220780156040433e-07,-4.484801770210669898e-06,8.428208066988000698e-06,8.722230145003605483e-06,5.956937457203893870e-06
2.739926739926739838e-04,1.000000000000000000e+01,1.925000000000000044e-01,1.549999999999999989e-01,5.730035941353187181e-05,2.306642660319874609e-05,1.671230918224039612e-04,8.036678601673062129e-05,5.730035941353187181e-05,2.065220778172863051e-04
2.739926739926739838e-04,1.300000000000000000e+01,7.749999999999999944e-02,6.500000000000000222e-02,-5.563732694634730065e-06,-4.665921015066035724e-06,-5.441214768234041015e-06,-1.022965370970076579e-05,-5.563732694634730065e-06,-1.050445349641377967e-05
2.739926739926739838e-04,1.400000000000000000e+01,1.925000000000000044e-01,6.500000000000000222e-02,4.686828093165964153e-06,-1.465291059583872136e-06,1.869652760156147116e-05,3.221537033582092017e-06,4.686828093165964153e-06,1.296044060778429328e-05
2.789743589743589485e-04,9.000000000000000000e+00,7.749999999999999944e-02,1.549999999999999989e-01,1.234219372032251653e-05,7.117105782080467939e-07,2.858260046143943119e-07,1.305390429853056343e-05,1.234219372032251653e-05,1.174076112591092528e-05
2.789743589743589485e-04,1.000000000000000000e+01,1.925000000000000044e-01,1.549999999999999989e-01,5.662416454240725198e-05,2.230513639789603371e-05,1.678584257998535242e-04,7.892930094030329246e-05,5.662416454240725198e-05,2.065273432568938525e-04
2.789743589743589485e-04,1.300000000000000000e+01,7.749999999999999944e-02,6.500000000000000222e-02,-5.395532390774838021e-06,-4.658513447916059912e-06,-1.966052573629413582e-06,-1.005404583869089793e-05,-5.395532390774838021e-06,-7.024017025568401706e-06
2.789743589743589485e-04,1.400000000000000000e+01,1.925000000000000044e-01,6.500000000000000222e-02,2.737448957457481085e-06,-6.222241354466615407e-06,1.617055800318927125e-05,-3.484792397009134322e-06,2.737448957457481085e-06,6.813271636804783448e-06
2.839560439560439675e-04,9.000000000000000000e+00,7.749999999999999944e-02,1.549999999999999989e-01,1.480647967909836266e-05,1.745198635623174694e-06,5.690969695831611961e-06,1.655167831472153842e-05,1.480647967909836266e-05,1.675426997730087000e-05
2.839560439560439675e-04,1.000000000000000000e+01,1.925000000000000044e-01,1.549999999999999989e-01,5.557560263446350608e-05,2.067258599916903453e-05,1.692097835820766919e-04,7.624818863363253723e-05,5.557560263446350608e-05,2.065687133215960911e-04
2.839560439560439675e-04,1.300000000000000000e+01,7.749999999999999944e-02,6.500000000000000222e-02,-3.716375397967221114e-06,-3.406221520323545647e-06,8.177475246703408605e-07,-7.122596918290767184e-06,-3.716375397967221114e-06,-2.804787113344016470e-06
2.839560439560439675e-04,1.400000000000000000e+01,1.925000000000000044e-01,6.500000000000000222e-02,9.721340659729140993e-07,-1.024809669828786316e-05,1.241495948461506591e-05,-9.275962632314948633e-06,9.721340659729140993e-07,4.265800605155478257e-07
2.889377289377289323e-04,9.000000000000000000e+00,7.749999999999999944e-02,1.549999999999999989e-01,1.626036831707421062e-05,2.652831287842206053e-06,1.182484915382741541e-05,1.891319960491641709e-05,1.626036831707421062e-05,2.116972589832025349e-05
2.889377289377289323e-04,1.000000000000000000e+01,1.925000000000000044e-01,1.549999999999999989e-01,5.398656079268908842e-05,1.852083903003204167e-05,1.714276150336558778e-04,7.250739982272113009e-05,5.398656079268908842e-05,2.069187664160961147e-04
2.889377289377289323e-04,1.300000000000000000e+01,7.749999999999999944e-02,6.500000000000000222e-02,-8.522079188723820995e-07,-1.118250349225589166e-06,2.115673832273738042e-06,-1.970458268097971054e-06,-8.522079188723820995e-07,1.100406601277929930e-06
2.889377289377289323e-04,1.400000000000000000e+01,1.925000000000000044e-01,6.500000000000000222e-02,-6.536921096140613522e-07,-1.349424782211892211e-05,7.536468695330786924e-06,-1.414793993173298314e-05,-6.536921096140613522e-07,-6.088371998862976097e-06
2.939194139194138970e-04,9.000000000000000000e+00,7.749999999999999944e-02,1.549999999999999989e-01,1.688590863331604732e-05,3.138006240752191560e-06,1.860577509177902740e-05,2.002391487406823803e-05,1.688590863331604732e-05,2.509877489738456994e-05
2.939194139194138970e-04,1.000000000000000000e+01,1.925000000000000044e-01,1.549999999999999989e-01,5.213205763527653752e-05,1.610294480890887687e-05,1.733176638979428135e-04,6.823500244418541100e-05,5.213205763527653752e-05,2.066849218225608588e-04
2.939194139194138970e-04,1.300000000000000000e+01,7.749999999999999944e-02,6.500000000000000222e-02,2.423610023223465091e-06,1.619616978424736297e-06,2.105659969124739965e-06,4.043227001648201811e-06,2.423610023223465091e-06,4.162171228288525641e-06
2.939194139194138970e-04,1.400000000000000000e+01,1.925000000000000044e-01,6.500000000000000222e-02,-2.096907022130795491e-06,-1.597787568545443968e-05,1.425997503162694626e-06,-1.807478270758523475e-05,-2.096907022130795491e-06,-1.281816299437916134e-05
2.989010989010988618e-04,9.000000000000000000e+00,7.749999999999999944e-02,1.549999999999999989e-01,1.706954521621921670e-05,3.125954456051821661e-06,2.549583406873402714e-05,2.019549967227104005e-05,1.706954521621921670e-05,2.863570616419190297e-05
2.989010989010988618e-04,1.000000000000000000e+01,1.925000000000000044e-01,1.549999999999999989e-01,5.059346187778810642e-05,1.401486934983840925e-05,1.736791663469831599e-04,6.460833122762651905e-05,5.059346187778810642e-05,2.052885213810077343e-04
2.989010989010988618e-04,1.300000000000000000e+01,7.749999999999999944e-02,6.500000000000000222e-02,5.357154140392106176e-06,4.219408314004386870e-06,1.847554142079569839e-06,9.576562454396493046e-06,5.357154140392106176e-06,6.718402888214219094e-06
2.989010989010988618e-04,1.400000000000000000e+01,1.925000000000000044e-01,6.500000000000000222e-02,-3.179025613272956817e-06,-1.752449996705732134e-05,-5.598607172170397865e-06,-2.070352558033027943e-05,-3.179025613272956817e-06,-1.935851572395698523e-05
3.038827838827838808e-04,9.000000000000000000e+00,7.749999999999999944e-02,1.549999999999999989e-01,1.734051183676551999e-05,2.983779977836531668e-06,3.160609719381702931e-05,2.032429181460205123e-05,1.734051183676551999e-05,3.186518525016739990e-05
3.038827838827838808e-04,1.000000000000000000e+01,1.925000000000000044e-01,1.549999999999999989e-01,4.980982492110262190e-05,1.296499473511610241e-05,1.725749691906066675e-04,6.277481965621871753e-05,4.980982492110262190e-05,2.033319228221139535e-04
3.038827838827838808e-04,1.300000000000000000e+01,7.749999999999999944e-02,6.500000000000000222e-02,7.604559549713965462e-06,6.388524223483334999e-06,2.559412597946756536e-06,1.399308377319730046e-05,7.604559549713965462e-06,9.627066214897071587e-06
3.038827838827838808e-04,1.400000000000000000e+01,1.925000000000000044e-01,6.500000000000000222e-02,-3.904451167806189069e-06,-1.823516392773417389e-05,-1.342029153038004552e-05,-2.213961509554036465e-05,-3.904451167806189069e-06,-2.571123275544451433e-05
3.088644688644688456e-04,9.000000000000000000e+00,7.749999999999999944e-02,1.549999999999999989e-01,1.820442996830987176e-05,3.161319042541706746e-06,3.593367705550572509e-05,2.136574901085157809e-05,1.820442996830987176e-05,3.479937310811859598e-05
3.088644688644688456e-04,1.000000000000000000e+01,1.925000000000000044e-01,1.549999999999999989e-01,4.937279576534336423e-05,1.341112852456052060e-05,1.707720192663016862e-04,6.278392428990388992e-05,4.937279576534336423e-05,2.014802421504361253e-04
3.088644688644688456e-04,1.300000000000000000e+01,7.749999999999999944e-02,6.500000000000000222e-02,8.950168475398322722e-06,7.864024329280960046e-06,4.919883275796712098e-06,1.681419280467928446e-05,8.950168475398322722e-06,1.331330170988560368e-05
3.088644688644688456e-04,1.400000000000000000e+01,1.925000000000000044e-01,6.500000000000000222e-02,-4.554804486600121536e-06,-1.840371793243199603e-05,-2.152572900541353554e-05,-2.295852241903211926e-05,-4.554804486600121536e-06,-3.179815498224393985e-05
3.138461538461538103e-04,9.000000000000000000e+00,7.749999999999999944e-02,1.549999999999999989e-01,1.999880546567053805e-05,3.916860205749500589e-06,3.815362568064385013e-05,2.391566567142003864e-05,1.999880546567053805e-05,3.761199247186619490e-05
3.138461538461538103e-04,1.000000000000000000e+01,1.925000000000000044e-01,1.549999999999999989e-01,4.849679405734983259e-05,1.479208526007008320e-05,1.689752922904496572e-04,6.328887931741991070e-05,4.849679405734983259e-05,1.997174463037433372e-04
3.138461538461538103e-04,1.300000000000000000e+01,7.749999999999999944e-02,6.500000000000000222e-02,9.175727834299097544e-06,8.369652514912229074e-06,8.525772061844750984e-06,1.754538034921132662e-05,9.175727834299097544e-06,1.714544748696745634e-05
3.138461538461538103e-04,1.400000000000000000e+01,1.925000000000000044e-01,6.500000000000000222e-02,-5.267179517255684804e-06,-1.833431301633450575e-05,-2.969553130862681388e-05,-2.360149253359018970e-05,-5.267179517255684804e-06,-3.773959201477174478e-05
3.188278388278388293e-04,9.000000000000000000e+00,7.749999999999999944e-02,1.549999999999999989e-01,2.227327719328115439e-05,4.985093486040745050e-06,3.791755734473337678e-05,2.725837067932189859e-05,2.227327719328115439e-05,3.969428819095506452e-05
3.188278388278388293e-04,1.000000000000000000e+01,1.925000000000000044e-01,1.549999999999999989e-01,4.694201431022046754e-05,1.598390133368697341e-05,1.672673908676468389e-04,6.292591564390744095e-05,4.694201431022046754e-05,1.975480764837429771e-04
3.188278388278388293e-04,1.300000000000000000e+01,7.749999999999999944e-02,6.500000000000000222e-02,8.325978900756187499e-06,7.828933503521102929e-06,1.223488482763709040e-05,1.615491240427728873e-05,8.325978900756187499e-06,2.001348409252564091e-05
3.188278388278388293e-04,1.400000000000000000e+01,1.925000000000000044e-01,6.500000000000000222e-02,-5.788477117547695355e-06,-1.790842201166159694e-05,-3.783304041117333796e-05,-2.369689912920929314e-05,-5.788477117547695355e-06,-4.332665757983815446e-05
3.238095238095237941e-04,9.000000000000000000e+00,7.749999999999999944e-02,1.549999999999999989e-01,2.461079280928396820e-05,6.092029551344254111e-06,3.609761693303231950e-05,3.070282236062822146e-05,2.461079280928396820e-05,4.106436236013546011e-05
3.238095238095237941e-04,1.000000000000000000e+01,1.925000000000000044e-01,1.549999999999999989e-01,4.492649651841650000e-05,1.614917102836152451e-05,1.652845125615634765e-04,6.107566754677802112e-05,4.492649651841650000e-05,1.944361365444384688e-04
3.238095238095237941e-04,1.300000000000000000e+01,7.749999999999999944e-02,6.500000000000000222e-02,6.554541240275418883e-06,6.296784752322761230e-06,1.497452464269212478e-05,1.285132599259818011e-05,6.554541240275418883e-06,2.099228250880111384e-05
3.238095238095237941e-04,1.400000000000000000e+01,1.925000000000000044e-01,6.500000000000000222e-02,-5.926542124157583543e-06,-1.729917085226374493e-05,-4.590075952283793128e-05,-2.322571297642132932e-05,-5.926542124157583543e-06,-4.864934967884173753e-05
3.287912087912087588e-04,9.000000000000000000e+00,7.749999999999999944e-02,1.549999999999999989e-01,2.653327487366994921e-05,6.915889131896169959e-06,3.380857128585690351e-05,3.344916400556611748e-05,2.653327487366994921e-05,4.179865502976313894e-05
3.287912087912087588e-04,1.000000000000000000e+01,1.925000000000000044e-01,1.549999999999999989e-01,4.300308228788536267e-05,1.496385028372701533e-05,1.628284975344690617e-04,5.796693257161237461e-05,4.300308228788536267e-05,1.904090433537623654e-04
3.287912087912087588e-04,1.300000000000000000e+01,7.749999999999999944e-02,6.500000000000000222e-02,4.221112029737105467e-06,4.056556138342015991e-06,1.608738895942157316e-05,8.277668168079122305e-06,4.221112029737105467e-06,1.977450235750856210e-05
3.287912087912087588e-04,1.400000000000000000e+01,1.925000000000000044e-01,6.500000000000000222e-02,-5.854824306454131754e-06,-1.673500136771309020e-05,-5.356435902989734873e-05,-2.258982567416722111e-05,-5.854824306454131754e-06,-5.368659909336154950e-05
3.337728937728937778e-04,9.000000000000000000e+00,7.749999999999999944e-02,1.549999999999999989e-01,2.777840428355194218e-05,7.231798300697408944e-06,3.177075718806167680e-05,3.501020258424934859e-05,2.777840428355194218e-05,4.198911431633469901e-05
3.337728937728937778e-04,1.000000000000000000e+01,1.925000000000000044e-01,1.549999999999999989e-01,4.187804364523639269e-05,1.293668452833736385e-05,1.603792853467332115e-04,5.481472817357375992e-05,4.187804364523639269e-05,1.865639145868774461e-04
3.337728937728937778e-04,1.300000000000000000e+01,7.749999999999999944e-02,6.500000000000000222e-02,1.991658142680254190e-06,1.695316871653803127e-06,1.550138993119824419e-05,3.686975014334057317e-06,1.991658142680254190e-06,1.692616727658362362e-05
3.337728937728937778e-04,1.400000000000000000e+01,1.925000000000000044e-01,6.500000000000000222e-02,-6.072439170608345077e-06,-1.635121914398103432e-05,-6.016226238342431816e-05,-2.242365831458938025e-05,-6.072439170608345077e-06,-5.815255010320070477e-05
3.387545787545787426e-04,9.000000000000000000e+00,7.749999999999999944e-02,1.549999999999999989e-01,2.789925339027258576e-05,6.879641887121046265e-06,3.002360470492713019e-05,3.477889527739363372e-05,2.789925339027258576e-05,4.122634876097424391e-05
3.387545787545787426e-04,1.000000000000000000e+01,1.925000000000000044e-01,1.549999999999999989e-01,4.142985868372492690e-05,1.076280273362520535e-05,1.589359456531519443e-04,5.219266141735013395e-05,4.142985868372492690e-05,1.840592102346950303e-04
3.387545787545787426e-04,1.300000000000000000e+01,7.749999999999999944e-02,6.500000000000000222e-02,3.205998890742524102e-07,-3.062094637542160807e-07,1.357562693796032008e-05,1.439042532003632951e-08,3.205998890742524102e-07,1.326026328217474662e-05
3.387545787545787426e-04,1.400000000000000000e+01,1.925000000000000044e-01,6.500000000000000222e-02,-6.774140306316439188e-06,-1.635562347162792401e-05,-6.535576554795773584e-05,-2.312976377794436151e-05,-6.774140306316439188e-06,-6.200877790607703095e-05
3.437362637362637073e-04,9.000000000000000000e+00,7.749999999999999944e-02,1.549999999999999989e-01,2.683421789983586429e-05,6.007514851595489844e-06,2.832130308800684612e-05,3.284173275143135583e-05,2.683421789983586429e-05,3.934203797515133409e-05
3.437362637362637073e-04,1.000000000000000000e+01,1.925000000000000044e-01,1.549999999999999989e-01,4.093307571511041286e-05,8.667998728835345904e-06,1.587189179339678984e-04,4.960107444394576046e-05,4.093307571511041286e-05,1.827447745495445217e-04
3.437362637362637073e-04,1.300000000000000000e+01,7.749999999999999944e-02,6.500000000000000222e-02,-6.415283846260980240e-07,-1.730387411003604500e-06,1.062896852156585513e-05,-2.371915795629702418e-06,-6.415283846260980240e-07,9.262335169078728556e-06
3.437362637362637073e-04,1.400000000000000000e+01,1.925000000000000044e-01,6.500000000000000222e-02,-7.569047620667197079e-06,-1.659176955456225327e-05,-6.908803872105099653e-05,-2.416081717522945035e-05,-7.569047620667197079e-06,-6.502186194354920906e-05
3.487179487179487263e-04,9.000000000000000000e+00,7.749999999999999944e-02,1.549999999999999989e-01,2.453287118337512925e-05,5.049489532069612804e-06,2.624776742044423707e-05,2.958236071544474290e-05,2.453287118337512925e-05,3.611337041982754024e-05
3.487179487179487263e-04,1.000000000000000000e+01,1.925000000000000044e-01,1.549999999999999989e-01,3.983828034942375025e-05,6.734109068625148327e-06,1.598895470478112115e-04,4.657238941804890111e-05,3.983828034942375025e-05,1.824675810066440679e-04
3.487179487179487263e-04,1.300000000000000000e+01,7.749999999999999944e-02,6.500000000000000222e-02,-8.289616595846511136e-07,-2.419678345985561802e-06,7.055341306115795060e-06,-3.248640005570213127e-06,-8.289616595846511136e-07,5.415388158785786843e-06
3.487179487179487263e-04,1.400000000000000000e+01,1.925000000000000044e-01,6.500000000000000222e-02,-8.185148895815778924e-06,-1.729988318998729150e-05,-7.189074900197284820e-05,-2.548503208580307042e-05,-8.185148895815778924e-06,-6.773672675436574297e-05
3.536996336996336911e-04,9.000000000000000000e+00,7.749999999999999944e-02,1.549999999999999989e-01,2.130247724609135717e-05,4.502558404185980675e-06,2.386676758014679721e-05,2.580503565027733785e-05,2.130247724609135717e-05,3.189085029708590979e-05
3.536996336996336911e-04,1.000000000000000000e+01,1.925000000000000044e-01,1.549999999999999989e-01,3.758917256437446059e-05,4.642609151919343386e-06,1.620019377428240078e-04,4.223178171629380398e-05,3.758917256437446059e-05,1.823288184089498693e-04
3.536996336996336911e-04,1.300000000000000000e+01,7.749999999999999944e-02,6.500000000000000222e-02,-5.891871143911159384e-07,-2.525885422972403232e-06,3.202419144611573905e-06,-3.115072537363519276e-06,-5.891871143911159384e-07,1.783747000213861623e-06
3.536996336996336911e-04,1.400000000000000000e+01,1.925000000000000044e-01,6.500000000000000222e-02,-8.472656197083334095e-06,-1.823271472794443210e-05,-7.443594898406011794e-05,-2.670537092502776619e-05,-8.472656197083334095e-06,-7.040566866512286567e-05
3.586813186813186559e-04,9.000000000000000000e+00,7.749999999999999944e-02,1.549999999999999989e-01,1.740998900184489290e-05,4.445376288525443542e-06,2.131281690472546997e-05,2.185536529037033644e-05,1.740998900184489290e-05,2.699514193640194061e-05
3.586813186813186559e-04,1.000000000000000000e+01,1.925000000000000044e-01,1.549999999999999989e-01,3.450021642617542107e-05,2.054032613129211679e-06,1.639303694168474108e-04,3.655424903930462978e-05,3.450021642617542107e-05,1.813018369674681282e-04
3.586813186813186559e-04,1.300000000000000000e+01,7.749999999999999944e-02,6.500000000000000222e-02,-5.192076514431393194e-07,-2.513070528472286036e-06,-1.183240593062171510e-06,-3.032278179915425250e-06,-5.192076514431393194e-07,-2.425110093662273841e-06
3.586813186813186559e-04,1.400000000000000000e+01,1.925000000000000044e-01,6.500000000000000222e-02,-8.584243197577796545e-06,-1.915343894636241989e-05,-7.655760027459847987e-05,-2.773768214394021643e-05,-8.584243197577796545e-06,-7.273195114694164958e-05
3.636630036630036206e-04,9.000000000000000000e+00,7.749999999999999944e-02,1.549999999999999989e-01,1.283671389191930429e-05,4.612325218809296438e-06,1.891727679622726426e-05,1.744903911072860072e-05,1.283671389191930429e-05,2.155368805745340167e-05
3.636630036630036206e-04,1.000000000000000000e+01,1.925000000000000044e-01,1.549999999999999989e-01,3.083865791339014098e-05,-9.916061947669222464e-07,1.648906166188579721e-04,2.984705171862322021e-05,3.083865791339014098e-05,1.788063308200390285e-04
3.636630036630036206e-04,1.300000000000000000e+01,7.749999999999999944e-02,6.500000000000000222e-02,-9.660945387073758899e-07,-2.659488130870175627e-06,-6.192373800693392217e-06,-3.625582669577551305e-06,-9.660945387073758899e-07,-7.620191878490348942e-06
3.636630036630036206e-04,1.400000000000000000e+01,1.925000000000000044e-01,6.500000000000000222e-02,-8.804847753828365050e-06,-2.002277137515148675e-05,-7.756229424901496538e-05,-2.882761912897985180e-05,-8.804847753828365050e-06,-7.422609715711756017e-05
3.686446886446886396e-04,9.000000000000000000e+00,7.749999999999999944e-02,1.549999999999999989e-01,7.691199885876904890e-06,4.714682033874317875e-06,1.649769951022658613e-05,1.240588191975122277e-05,7.691199885876904890e-06,1.556059886313433132e-05
3.686446886446886396e-04,1.000000000000000000e+01,1.925000000000000044e-01,1.549999999999999989e-01,2.710492861225910602e-05,-4.173743630549648609e-06,1.642087247368055321e-04,2.293118498170945572e-05,2.710492861225910602e-05,1.746202091226986552e-04
3.686446886446886396e-04,1.300000000000000000e+01,7.749999999999999944e-02,6.500000000000000222e-02,-2.073375717838081744e-06,-3.105786767823061006e-06,-1.147142519877509032e-05,-5.179162485661142750e-06,-2.073375717838081744e-06,-1.360073942801499624e-05
3.686446886446886396e-04,1.400000000000000000e+01,1.925000000000000044e-01,6.500000000000000222e-02,-9.309949430179022484e-06,-2.129078311178539412e-05,-7.680884506222382499e-05,-3.060073254196441660e-05,-9.309949430179022484e-06,-7.483368880612331110e-05
3.736263736263736044e-04,9.000000000000000000e+00,7.749999999999999944e-02,1.549999999999999989e-01,2.035461682849484211e-06,4.552930261423877773e-06,1.393619341807017173e-05,6.588391944273361984e-06,2.035461682849484211e-06,9.003635580577000930e-06
3.736263736263736044e-04,1.000000000000000000e+01,1.925000000000000044e-01,1.549999999999999989e-01,2.419073051642131467e-05,-6.837774984804655767e-06,1.616522631143106701e-04,1.735295553161665975e-05,2.419073051642131467e-05,1.693194973115585208e-04
3.736263736263736044e-04,1.300000000000000000e+01,7.749999999999999944e-02,6.500000000000000222e-02,-3.779806608760905836e-06,-3.764400569865928305e-06,-1.657468694098057399e-05,-7.544207178626834142e-06,-3.779806608760905836e-06,-1.986286549566587960e-05
3.736263736263736044e-04,1.400000000000000000e+01,1.925000000000000044e-01,6.500000000000000222e-02,-1.011586386283164954e-05,-2.319041068901130540e-05,-7.420668056605757084e-05,-3.330627455184295325e-05,-1.011586386283164954e-05,-7.468909262080749710e-05
3.786080586080585691e-04,9.000000000000000000e+00,7.749999999999999944e-02,1.549999999999999989e-01,-4.169366626216122264e-06,3.897458900983147695e-06,1.170334311146268967e-05,-2.719077252329745695e-07,-4.169366626216122264e-06,2.061657122001360112e-06
3.786080586080585691e-04,1.000000000000000000e+01,1.925000000000000044e-01,1.549999999999999989e-01,2.281402399702571945e-05,-8.461624232391843617e-06,1.579327554477693684e-04,1.435239976463387583e-05,2.281402399702571945e-05,1.642384219857968191e-04
3.786080586080585691e-04,1.300000000000000000e+01,7.749999999999999944e-02,6.500000000000000222e-02,-5.854072288361222968e-06,-4.572257127749103500e-06,-2.119927093145156444e-05,-1.042632941611032732e-05,-5.854072288361222968e-06,-2.594514874698205381e-05
3.786080586080585691e-04,1.400000000000000000e+01,1.925000000000000044e-01,6.500000000000000222e-02,-1.120556347547587717e-05,-2.548311177530663107e-05,-7.039642941118761949e-05,-3.668867525078250654e-05,-1.120556347547587717e-05,-7.404970324316714520e-05
3.835897435897435881e-04,9.000000000000000000e+00,7.749999999999999944e-02,1.549999999999999989e-01,-1.087874477796688031e-05,2.624365168617347346e-06,1.026457066794709671e-05,-8.254379609349533385e-06,-1.087874477796688031e-05,-5.004172278090008163e-06
3.835897435897435881e-04,1.000000000000000000e+01,1.925000000000000044e-01,1.549999999999999989e-01,2.311381778311444042e-05,-8.676831520511566048e-06,1.534311494047098921e-04,1.443698626260287437e-05,2.311381778311444042e-05,1.599729283724754720e-04
3.835897435897435881e-04,1.300000000000000000e+01,7.749999999999999944e-02,6.500000000000000222e-02,-8.097417798290603607e-06,-5.588585287874480885e-06,-2.499575735760143133e-05,-1.368600308616508449e-05,-8.097417798290603607e-06,-3.140764682375269372e-05
3.835897435897435881e-04,1.400000000000000000e+01,1.925000000000000044e-01,6.500000000000000222e-02,-1.269574688531672762e-05,-2.775931288111619424e-05,-6.627998719217883996e-05,-4.045505976643292356e-05,-1.269574688531672762e-05,-7.323706666154992744e-05
3.885714285714285529e-04,9.000000000000000000e+00,7.749999999999999944e-02,1.549999999999999989e-01,-1.789066492097180121e-05,8.898244907769614503e-07,1.002417749294153194e-05,-1.700084043019483817e-05,-1.789066492097180121e-05,-1.179726561676857599e-05
3.885714285714285529e-04,1.000000000000000000e+01,1.925000000000000044e-01,1.549999999999999989e-01,2.445768867726094285e-05,-7.336093980029982134e-06,1.487109737783031413e-04,1.712159469723096157e-05,2.445768867726094285e-05,1.567337739146264133e-04
3.885714285714285529e-04,1.300000000000000000e+01,7.749999999999999944e-02,6.500000000000000222e-02,-1.025688197040309581e-05,-6.675063459492635585e-06,-2.761553666925849079e-05,-1.693194542989573224e-05,-1.025688197040309581e-05,-3.570255039315930329e-05
3.885714285714285529e-04,1.400000000000000000e+01,1.925000000000000044e-01,6.500000000000000222e-02,-1.431546789145903773e-05,-2.973421203160995518e-05,-6.229000052063378998e-05,-4.404967992306898952e-05,-1.431546789145903773e-05,-7.228046620958221652e-05
3.935531135531135176e-04,9.000000000000000000e+00,7.749999999999999944e-02,1.549999999999999989e-01,-2.462981895177234740e-05,-9.749935465322440277e-07,1.027137324096884131e-05,-2.560481249830459248e-05,-2.462981895177234740e-05,-1.810508845779703984e-05
3.935531135531135176e-04,1.000000000000000000e+01,1.925000000000000044e-01,1.549999999999999989e-01,2.594017511895124680e-05,-4.690284287390325569e-06,1.443118178852263636e-04,2.124989083156092207e-05,2.594017511895124680e-05,1.543879082506191883e-04
3.935531135531135176e-04,1.300000000000000000e+01,7.749999999999999944e-02,6.500000000000000222e-02,-1.184536229078980689e-05,-7.332553748609765719e-06,-2.872507017524048660e-05,-1.917791603939957346e-05,-1.184536229078980689e-05,-3.801442224088685958e-05
3.935531135531135176e-04,1.400000000000000000e+01,1.925000000000000044e-01,6.500000000000000222e-02,-1.531771613711845024e-05,-3.081419937802554372e-05,-5.845831606777643846e-05,-4.613191551514399735e-05,-1.531771613711845024e-05,-7.058569937161531048e-05
3.985347985347985366e-04,9.000000000000000000e+00,7.749999999999999944e-02,1.549999999999999989e-01,-3.059329111386740416e-05,-2.658439754780694844e-06,1.068823740138263193e-05,-3.325173086864809731e-05,-3.059329111386740416e-05,-2.359221470376345590e-05
3.985347985347985366e-04,1.000000000000000000e+01,1.925000000000000044e-01,1.549999999999999989e-01,2.664675396899091788e-05,-1.364458308281279082e-06,1.400909415206004114e-04,2.528229566070963922e-05,2.664675396899091788e-05,1.519922015671397605e-04
3.985347985347985366e-04,1.300000000000000000e+01,7.749999999999999944e-02,6.500000000000000222e-02,-1.259871026005576327e-05,-7.321692225897871642e-06,-2.798347967513141536e-05,-1.992040248595363576e-05,-1.259871026005576327e-05,-3.775764030453601395e-05
3.985347985347985366e-04,1.400000000000000000e+01,1.925000000000000044e-01,6.500000000000000222e-02,-1.529016047103781920e-05,-3.131981864589146252e-05,-5.451844936015371698e-05,-4.660997911692928511e-05,-1.529016047103781920e-05,-6.816862533271996090e-05
4.035164835164835014e-04,9.000000000000000000e+00,7.749999999999999944e-02,1.549999999999999989e-01,-3.561540856798451552e-05,-4.172371543897174615e-06,1.084556232136474169e-05,-3.978778011188169268e-05,-3.561540856798451552e-05,-2.831394921654413301e-05
4.035164835164835014e-04,1.000000000000000000e+01,1.925000000000000044e-01,1.549999999999999989e-01,2.616497909403157058e-05,1.734552877638071333e-06,1.360539233973304888e-04,2.789953197166964170e-05,2.616497909403157058e-05,1.489518378031501561e-04
4.035164835164835014e-04,1.300000000000000000e+01,7.749999999999999944e-02,6.500000000000000222e-02,-1.266027176818984869e-05,-6.990027239941578144e-06,-2.564930532217336799e-05,-1.965029900813142598e-05,-1.266027176818984869e-05,-3.540407666808095014e-05
4.035164835164835014e-04,1.400000000000000000e+01,1.925000000000000044e-01,6.500000000000000222e-02,-1.442739945729339714e-05,-3.158702016121945597e-05,-5.024715171590254503e-05,-4.601441961851285311e-05,-1.442739945729339714e-05,-6.518251668079129153e-05
4.084981684981684662e-04,9.000000000000000000e+00,7.749999999999999944e-02,1.549999999999999989e-01,-3.981257738530456363e-05,-5.722208313662020636e-06,1.062896784198106567e-05,-4.553478569896658257e-05,-3.981257738530456363e-05,-3.244824391456843903e-05
4.084981684981684662e-04,1.000000000000000000e+01,1.925000000000000044e-01,1.549999999999999989e-01,2.484649700268381559e-05,4.098519561393459441e-06,1.323074159415596430e-04,2.894501656407727334e-05,2.484649700268381559e-05,1.453953782554778156e-04
4.084981684981684662e-04,1.300000000000000000e+01,7.749999999999999944e-02,6.500000000000000222e-02,-1.210804717032443115e-05,-6.594985251230782948e-06,-2.260961160384496806e-05,-1.870303242155521410e-05,-1.210804717032443115e-05,-3.196095027254869131e-05
4.084981684981684662e-04,1.400000000000000000e+01,1.925000000000000044e-01,6.500000000000000222e-02,-1.344269051689337916e-05,-3.214596487235913926e-05,-4.575805994736666229e-05,-4.558865538925251673e-05,-1.344269051689337916e-05,-6.226758715834385572e-05
4.134798534798534851e-04,9.000000000000000000e+00,7.749999999999999944e-02,1.549999999999999989e-01,-4.317298968600628319e-05,-7.326157139407713276e-06,9.565218346009184987e-06,-5.049914682541399477e-05,-4.317298968600628319e-05,-3.621637688038489199e-05
4.134798534798534851e-04,1.000000000000000000e+01,1.925000000000000044e-01,1.549999999999999989e-01,2.279938100573910084e-05,5.182036987001223243e-06,1.294913915666531497e-04,2.798141799274032323e-05,2.279938100573910084e-05,1.418038977174832199e-04
4.134798534798534851e-04,1.300000000000000000e+01,7.749999999999999944e-02,6.500000000000000222e-02,-1.104777678608061783e-05,-6.138438990451389518e-06,-1.947032699253618227e-05,-1.718621577653200566e-05,-1.104777678608061783e-05,-2.808271852586501359e-05
4.134798534798534851e-04,1.400000000000000000e+01,1.925000000000000044e-01,6.500000000000000222e-02,-1.291276083972541954e-05,-3.309700209527861344e-05,-4.147259500444488973e-05,-4.600976293500403129e-05,-1.291276083972541954e-05,-5.990120016983693812e-05
4.184615384615384499e-04,9.000000000000000000e+00,7.749999999999999944e-02,1.549999999999999989e-01,-4.563742792866368588e-05,-8.800585285159856242e-06,7.302522586142616151e-06,-5.443801321382354551e-05,-4.563742792866368588e-05,-3.972305170044863583e-05
4.184615384615384499e-04,1.000000000000000000e+01,1.925000000000000044e-01,1.549999999999999989e-01,2.029798476173478200e-05,4.864764168368976901e-06,1.275502362711362382e-04,2.516274893010375890e-05,2.029798476173478200e-05,1.382478466143142505e-04
4.184615384615384499e-04,1.300000000000000000e+01,7.749999999999999944e-02,6.500000000000000222e-02,-9.625314458680237463e-06,-5.642298847834254515e-06,-1.624966900440266362e-05,-1.526761330651449282e-05,-9.625314458680237463e-06,-2.388584069283182604e-05
4.184615384615384499e-04,1.400000000000000000e+01,1.925000000000000044e-01,6.500000000000000222e-02,-1.301692510743177458e-05,-3.372587612103523084e-05,-3.729404966724249933e-05,-4.674280122846700373e-05,-1.301692510743177458e-05,-5.743658273561697339e-05
4.234432234432234147e-04,9.000000000000000000e+00,7.749999999999999944e-02,1.549999999999999989e-01,-4.718532974139386750e-05,-9.782327527550706872e-06,3.104146155727056965e-06,-5.696765726894457776e-05,-4.718532974139386750e-05,-4.328576793842213856e-05
4.234432234432234147e-04,1.000000000000000000e+01,1.925000000000000044e-01,1.549999999999999989e-01,1.743277946165800073e-05,3.255532044609919400e-06,1.261589609690344299e-04,2.068831150626791970e-05,1.743277946165800073e-05,1.345092056272346906e-04
4.234432234432234147e-04,1.300000000000000000e+01,7.749999999999999944e-02,6.500000000000000222e-02,-7.952121850006104481e-06,-5.031330930480126836e-06,-1.268319848604555404e-05,-1.298345278048623132e-05,-7.952121850006104481e-06,-1.915417588109555590e-05
4.234432234432234147e-04,1.400000000000000000e+01,1.925000000000000044e-01,6.500000000000000222e-02,-1.379930808360311621e-05,-3.365188641998844300e-05,-3.278588250157901451e-05,-4.745119450359156090e-05,-1.379930808360311621e-05,-5.424350273173718275e-05
4.284249084249083794e-04,9.000000000000000000e+00,7.749999999999999944e-02,1.549999999999999989e-01,-4.789529827048769636e-05,-9.950675379198560639e-06,-3.048960772298537557e-06,-5.784597364968625870e-05,-4.789529827048769636e-05,-4.696699163166997011e-05
4.284249084249083794e-04,1.000000000000000000e+01,1.925000000000000044e-01,1.549999999999999989e-01,1.374268434460828115e-05,4.637811297416360623e-07,1.247360309171590439e-04,1.420646547434991711e-05,1.374268434460828115e-05,1.297791075073174256e-04
4.284249084249083794e-04,1.300000000000000000e+01,7.749999999999999944e-02,6.500000000000000222e-02,-6.120914039800372360e-06,-4.226716414255038392e-06,-9.054624122991993036e-06,-1.034763045405541075e-05,-6.120914039800372360e-06,-1.419067809977772596e-05
4.284249084249083794e-04,1.400000000000000000e+01,1.925000000000000044e-01,6.500000000000000222e-02,-1.497365088843557402e-05,-3.288992526787019871e-05,-2.732252437294885100e-05,-4.786357615630576934e-05,-1.497365088843557402e-05,-4.983954541175525095e-05
4.334065934065933984e-04,9.000000000000000000e+00,7.749999999999999944e-02,1.549999999999999989e-01,-4.757526955103081950e-05,-9.246780282444701162e-06,-1.056023754213591675e-05,-5.682204983347552066e-05,-4.757526955103081950e-05,-5.029172963591650150e-05
4.334065934065933984e-04,1.000000000000000000e+01,1.925000000000000044e-01,1.549999999999999989e-01,9.475886132262932866e-06,-3.481766424323492074e-06,1.226979433648149565e-04,5.994119707939440369e-06,9.475886132262932866e-06,1.236559771964279911e-04
4.334065934065933984e-04,1.300000000000000000e+01,7.749999999999999944e-02,6.500000000000000222e-02,-4.336063816036030144e-06,-3.408607517485989726e-06,-5.874760130872920881e-06,-7.744671333522019447e-06,-4.336063816036030144e-06,-9.686363402944077653e-06
4.334065934065933984e-04,1.400000000000000000e+01,1.925000000000000044e-01,6.500000000000000222e-02,-1.621123567598958248e-05,-3.177889369460180859e-05,-2.097010850688994652e-05,-4.799012937059139445e-05,-1.621123567598958248e-05,-4.450878003401218289e-05
4.383882783882783632e-04,9.000000000000000000e+00,7.749999999999999944e-02,1.549999999999999989e-01,-4.610440287217981459e-05,-7.784707029610746503e-06,-1.845298881045557925e-05,-5.388910990179056110e-05,-4.610440287217981459e-05,-5.267699731705283042e-05
4.383882783882783632e-04,1.000000000000000000e+01,1.925000000000000044e-01,1.549999999999999989e-01,5.212863876627355301e-06,-8.042863371134097077e-06,1.202936901536109861e-04,-2.829999494506741776e-06,5.212863876627355301e-06,1.169459468999745804e-04
4.383882783882783632e-04,1.300000000000000000e+01,7.749999999999999944e-02,6.500000000000000222e-02,-2.793129550792650289e-06,-2.932888803984044813e-06,-3.609795358481136777e-06,-5.726018354776695525e-06,-2.793129550792650289e-06,-6.350213436907999653e-06
4.383882783882783632e-04,1.400000000000000000e+01,1.925000000000000044e-01,6.500000000000000222e-02,-1.712915126772981945e-05,-3.035725810031248900e-05,-1.480322777053428778e-05,-4.748640936804231184e-05,-1.712915126772981945e-05,-3.899979780062335207e-05
4.433699633699633279e-04,9.000000000000000000e+00,7.749999999999999944e-02,1.549999999999999989e-01,-4.384199562644367133e-05,-5.972149227523229954e-06,-2.570942367288051803e-05,-4.981414485396690298e-05,-4.384199562644367133e-05,-5.398798936689302790e-05
4.433699633699633279e-04,1.000000000000000000e+01,1.925000000000000044e-01,1.549999999999999989e-01,1.690520249060389455e-06,-1.294700451579536251e-05,1.181133722625529492e-04,-1.125648426673497390e-05,1.690520249060389455e-06,1.107823305768219089e-04
4.433699633699633279e-04,1.300000000000000000e+01,7.749999999999999944e-02,6.500000000000000222e-02,-1.631455606056271225e-06,-3.066309898831577018e-06,-2.284302245448217521e-06,-4.697765504887848455e-06,-1.631455606056271225e-06,-4.393817915658057409e-06
4.433699633699633279e-04,1.400000000000000000e+01,1.925000000000000044e-01,6.500000000000000222e-02,-1.750943843092683900e-05,-2.855879020201657631e-05,-9.827709591454525192e-06,-4.606822863294341531e-05,-1.750943843092683900e-05,-3.394831807959758081e-05
4.483516483516483469e-04,9.000000000000000000e+00,7.749999999999999944e-02,1.549999999999999989e-01,-4.144950075419338284e-05,-4.246097474422802253e-06,-3.206046704286772640e-05,-4.569559822861618255e-05,-4.144950075419338284e-05,-5.474041471129029336e-05
4.483516483516483469e-04,1.000000000000000000e+01,1.925000000000000044e-01,1.549999999999999989e-01,-1.073635655933348383e-08,-1.732825479236711010e-05,1.164379890232299417e-04,-1.733899114892644398e-05,-1.073635655933348383e-08,1.064368356692702825e-04
4.483516483516483469e-04,1.300000000000000000e+01,7.749999999999999944e-02,6.500000000000000222e-02,-7.953604731813843946e-07,-3.685389070549362550e-06,-1.439845751292263859e-06,-4.480749543730747157e-06,-7.953604731813843946e-07,-3.290743295710363896e-06
4.483516483516483469e-04,1.400000000000000000e+01,1.925000000000000044e-01,6.500000000000000222e-02,-1.735165675714891260e-05,-2.632039502930132190e-05,-6.340092622908565019e-06,-4.367205178645023451e-05,-1.735165675714891260e-05,-2.951468458788949193e-05
4.533333333333333117e-04,9.000000000000000000e+00,7.749999999999999944e-02,1.549999999999999989e-01,-3.912530026368547266e-05,-2.821883187898877009e-06,-3.744528013716626988e-05,-4.194718345158435094e-05,-3.912530026368547266e-05,-5.510401584444578403e-05
4.533333333333333117e-04,1.000000000000000000e+01,1.925000000000000044e-01,1.549999999999999989e-01,3.439791496067999745e-07,-2.075996792629871822e-05,1.158798050784591729e-04,-2.041598877669191899e-05,3.439791496067999745e-07,1.048115052367941434e-04
4.533333333333333117e-04,1.300000000000000000e+01,7.749999999999999944e-02,6.500000000000000222e-02,4.574931022511328730e-08,-4.271888720667531712e-06,-4.793844108571111617e-07,-4.226139410442418537e-06,4.574931022511328730e-08,-2.059578959644646871e-06
4.533333333333333117e-04,1.400000000000000000e+01,1.925000000000000044e-01,6.500000000000000222e-02,-1.662243083625503985e-05,-2.373345183800097902e-05,-3.959174399244075215e-06,-4.035588267425602226e-05,-1.662243083625503985e-05,-2.549625563997446806e-05
4.583150183150182765e-04,9.000000000000000000e+00,7.749999999999999944e-02,1.549999999999999989e-01,-3.659713929065803686e-05,-1.734562109647821773e-06,-4.217907850522026602e-05,-3.833170140030586032e-05,-3.659713929065803686e-05,-5.498010015601099954e-05
4.583150183150182765e-04,1.000000000000000000e+01,1.925000000000000044e-01,1.549999999999999989e-01,2.443197230710364258e-06,-2.330548515446116882e-05,1.163390200152723022e-04,-2.086228792375080456e-05,2.443197230710364258e-06,1.055922423419060113e-04
4.583150183150182765e-04,1.300000000000000000e+01,7.749999999999999944e-02,6.500000000000000222e-02,1.039019436650728947e-06,-4.375381205406232738e-06,8.498449844227925970e-07,-3.336361768755503579e-06,1.039019436650728947e-06,-1.926267074575760564e-07
4.583150183150182765e-04,1.400000000000000000e+01,1.925000000000000044e-01,6.500000000000000222e-02,-1.517476955965441360e-05,-2.108926541386655159e-05,-1.952269627742602647e-06,-3.626403497352096350e-05,-1.517476955965441360e-05,-2.158873404911601708e-05
4.632967032967032954e-04,9.000000000000000000e+00,7.749999999999999944e-02,1.549999999999999989e-01,-3.363714128417387769e-05,-9.554785878728085169e-07,-4.627356383346667348e-05,-3.459261987204668748e-05,-3.363714128417387769e-05,-5.415920103810301567e-05
4.632967032967032954e-04,1.000000000000000000e+01,1.925000000000000044e-01,1.549999999999999989e-01,5.138024889745262521e-06,-2.515633254912672231e-05,1.180452035922099571e-04,-2.001830765938146148e-05,5.138024889745262521e-06,1.082166377433857381e-04
4.632967032967032954e-04,1.300000000000000000e+01,7.749999999999999944e-02,6.500000000000000222e-02,2.072426698297928509e-06,-3.917382644853992281e-06,2.770292287519377360e-06,-1.844955946556063772e-06,2.072426698297928509e-06,2.486381899804166423e-06
4.632967032967032954e-04,1.400000000000000000e+01,1.925000000000000044e-01,6.500000000000000222e-02,-1.289114930744417936e-05,-1.839089395156465434e-05,-1.597427255294537575e-07,-3.128204325900883201e-05,-1.289114930744417936e-05,-1.766155752586811602e-05
4.682783882783882602e-04,9.000000000000000000e+00,7.749999999999999944e-02,1.549999999999999989e-01,-3.059986262012562199e-05,-5.513853150471496803e-07,-5.043015443794422763e-05,-3.115124793517277263e-05,-3.059986262012562199e-05,-5.332017667656772166e-05
4.682783882783882602e-04,1.000000000000000000e+01,1.925000000000000044e-01,1.549999999999999989e-01,7.531472978778968593e-06,-2.655223666810212433e-05,1.200059833732500312e-04,-1.902076368932315573e-05,7.531472978778968593e-06,1.110740665396951955e-04
4.682783882783882602e-04,1.300000000000000000e+01,7.749999999999999944e-02,6.500000000000000222e-02,3.265376654062889993e-06,-2.912974818336802559e-06,5.448832788600023916e-06,3.524018357260874338e-07,3.265376654062889993e-06,6.207753760631845145e-06
4.682783882783882602e-04,1.400000000000000000e+01,1.925000000000000044e-01,6.500000000000000222e-02,-9.960624315310724912e-06,-1.543124518731995597e-05,1.442983327955565998e-06,-2.539186950263068088e-05,-9.960624315310724912e-06,-1.355074329241879219e-05
4.732600732600732250e-04,9.000000000000000000e+00,7.749999999999999944e-02,1.549999999999999989e-01,-2.819774246929598299e-05,-5.307099428920325456e-07,-5.492539513101490309e-05,-2.872845241218801427e-05,-2.819774246929598299e-05,-5.326569978825098630e-05
4.732600732600732250e-04,1.000000000000000000e+01,1.925000000000000044e-01,1.549999999999999989e-01,8.895251142101998220e-06,-2.734294455595787009e-05,1.210689712706633031e-04,-1.844769341385587018e-05,8.895251142101998220e-06,1.126513271162377864e-04
4.732600732600732250e-04,1.300000000000000000e+01,7.749999999999999944e-02,6.500000000000000222e-02,4.769033784594154799e-06,-1.506891967164677291e-06,8.996072874533334087e-06,3.262141817429477508e-06,4.769033784594154799e-06,1.111762510527849087e-05
4.732600732600732250e-04,1.400000000000000000e+01,1.925000000000000044e-01,6.500000000000000222e-02,-6.989130071235423546e-06,-1.212793165117795326e-05,2.623761659303671602e-06,-1.911706172241337765e-05,-6.989130071235423546e-06,-9.446988255677254292e-06
4.782417582417582439e-04,9.000000000000000000e+00,7.749999999999999944e-02,1.549999999999999989e-01,-2.690208413143736253e-05,-9.917173251672481642e-07,-5.973446535725593186e-05,-2.789380145660460942e-05,-2.690208413143736253e-05,-5.443118012006907530e-05
4.782417582417582439e-04,1.000000000000000000e+01,1.925000000000000044e-01,1.549999999999999989e-01,9.123035192430093169e-06,-2.754352612123973150e-05,1.205266958365695210e-04,-1.842049092880963833e-05,9.123035192430093169e-06,1.121900202886206318e-04
4.782417582417582439e-04,1.300000000000000000e+01,7.749999999999999944e-02,6.500000000000000222e-02,6.348567466047759969e-06,-2.995880936569746777e-08,1.329677491668007382e-05,6.318608656682062276e-06,6.348567466047759969e-06,1.683284310236328129e-05
4.782417582417582439e-04,1.400000000000000000e+01,1.925000000000000044e-01,6.500000000000000222e-02,-4.492806716883104487e-06,-8.010093525079973347e-06,2.789861540016296487e-06,-1.250290024196307783e-05,-4.492806716883104487e-06,-5.458377766898080381e-06
4.832234432234432087e-04,9.000000000000000000e+00,7.749999999999999944e-02,1.549999999999999989e-01,-2.651776599761516089e-05,-1.914804056636167234e-06,-6.443097586425959014e-05,-2.843257005425132940e-05,-2.651776599761516089e-05,-5.642439026073093136e-05
4.832234432234432087e-04,1.000000000000000000e+01,1.925000000000000044e-01,1.549999999999999989e-01,8.207630700698037278e-06,-2.737993390160494442e-05,1.191250481020874940e-04,-1.917230320090690545e-05,8.207630700698037278e-06,1.103238896659762184e-04
4.832234432234432087e-04,1.300000000000000000e+01,7.749999999999999944e-02,6.500000000000000222e-02,7.869269674794319636e-06,1.394763036889902481e-06,1.762817685438727633e-05,9.264032711684221693e-06,7.869269674794319636e-06,2.252154433452659737e-05
4.832234432234432087e-04,1.400000000000000000e+01,1.925000000000000044e-01,6.500000000000000222e-02,-3.016994941965609350e-06,-2.955250673524451040e-06,2.107244807323120976e-06,-5.972245615490060389e-06,-3.016994941965609350e-06,-1.445313552077351244e-06
4.882051282051281735e-04,9.000000000000000000e+00,7.749999999999999944e-02,1.549999999999999989e-01,-2.623841808726717057e-05,-3.249696187013414700e-06,-6.807798964853379589e-05,-2.948811427428058612e-05,-2.623841808726717057e-05,-5.802944667945512524e-05
4.882051282051281735e-04,1.000000000000000000e+01,1.925000000000000044e-01,1.549999999999999989e-01,6.053379758818494694e-06,-2.753901554329626274e-05,1.176502393494432871e-04,-2.148563578447776720e-05,6.053379758818494694e-06,1.074958910172638094e-04
4.882051282051281735e-04,1.300000000000000000e+01,7.749999999999999944e-02,6.500000000000000222e-02,9.288776778727318549e-06,2.784101784283836785e-06,2.154215364858876389e-05,1.207287856301115576e-05,9.288776778727318549e-06,2.772885711030036659e-05
4.882051282051281735e-04,1.400000000000000000e+01,1.925000000000000044e-01,6.500000000000000222e-02,-2.881855817121683501e-06,2.375610143592815296e-06,1.172390073693871687e-06,-5.062456735288682055e-07,-2.881855817121683501e-06,2.413641333676301145e-06
4.931868131868131925e-04,9.000000000000000000e+00,7.749999999999999944e-02,1.549999999999999989e-01,-2.598383146829682697e-05,-5.026560698810362162e-06,-6.979144423693945331e-05,-3.101039216710718829e-05,-2.598383146829682697e-05,-5.874131263943627038e-05
4.931868131868131925e-04,1.000000000000000000e+01,1.925000000000000044e-01,1.549999999999999989e-01,2.771307191348865746e-06,-2.784872196810384278e-05,1.165085187304714222e-04,-2.507741477675497576e-05,2.771307191348865746e-06,1.042345710379698041e-04
4.931868131868131925e-04,1.300000000000000000e+01,7.749999999999999944e-02,6.500000000000000222e-02,1.045852632984893031e-05,3.946404684894309745e-06,2.505025020125963231e-05,1.440493101474324006e-05,1.045852632984893031e-05,3.230105828023307812e-05
4.931868131868131925e-04,1.400000000000000000e+01,1.925000000000000044e-01,6.500000000000000222e-02,-3.805281577721981868e-06,7.646292584125763379e-06,9.029331782550319192e-07,3.841011006403781934e-06,-3.805281577721981868e-06,6.538891505219535882e-06
4.981684981684981030e-04,9.000000000000000000e+00,7.749999999999999944e-02,1.549999999999999989e-01,-2.555655296923797242e-05,-6.852336011715971430e-06,-6.976123084343704257e-05,-3.240888898095394639e-05,-2.555655296923797242e-05,-5.844283244236689009e-05
4.981684981684981030e-04,1.000000000000000000e+01,1.925000000000000044e-01,1.549999999999999989e-01,-9.184749831809647397e-07,-2.821368121341914166e-05,1.157741363894915720e-04,-2.913215619660010618e-05,-9.184749831809647397e-07,1.010948170589079495e-04
4.981684981684981030e-04,1.300000000000000000e+01,7.749999999999999944e-02,6.500000000000000222e-02,1.146411598723036812e-05,4.879533869696007368e-06,2.832027929348967556e-05,1.634364985692637464e-05,1.146411598723036812e-05,3.645331487225770742e-05
4.981684981684981030e-04,1.400000000000000000e+01,1.925000000000000044e-01,6.500000000000000222e-02,-5.183908005109454191e-06,1.222823321634283603e-05,1.658325668922172191e-06,7.044325211233381843e-06,-5.183908005109454191e-06,1.075022400167067914e-05
