time_s,contact_force_N,impact_w_m,ball_travel_m,indentation_m,energy_J,S1_mean_exx_plus_eyy,S2_mean_exx_plus_eyy,S3_mean_exx_plus_eyy,S4_mean_exx_plus_eyy
0.000000000000000000e+00,0.000000000000000000e+00,0.000000000000000000e+00,0.000000000000000000e+00,0.000000000000000000e+00,6.227579619865871753e-03,0.000000000000000000e+00,0.000000000000000000e+00,0.000000000000000000e+00,0.000000000000000000e+00
4.999921876220684617e-06,1.944399601755755924e+01,6.870111135839759298e-08,8.844738291697505674e-06,8.776037180339108055e-06,6.227576594895979992e-03,-4.052696774755337015e-10,-4.052696774777009147e-10,-4.052696679047496118e-10,-4.052696679038446762e-10
9.999843752441369234e-06,5.165082476773201137e+01,7.280371343622554305e-07,1.756096307660071532e-05,1.683292594223845893e-05,6.227576799627106141e-03,-3.472639265370162960e-09,-3.472639265378448001e-09,-3.472639190805376157e-09,-3.472639190822660923e-09
1.499976562866205216e-05,8.373755131021837883e+01,2.721814834327873488e-06,2.595212152469065524e-05,2.323030669036278218e-05,6.227578154654016263e-03,1.966435348480202708e-09,1.966435348449603643e-09,1.966435355332699252e-09,1.966435355164986728e-09
1.999968750488273847e-05,1.067831420816747396e+02,6.503155969694366795e-06,3.382079965400087122e-05,2.731764368430650527e-05,6.227579130151645985e-03,1.567829130930597881e-08,1.567829130918421782e-08,1.567829121083098715e-08,1.567829121013874948e-08
2.499960938110342139e-05,1.169564231086096839e+02,1.199757059540338364e-05,4.102381341347829366e-05,2.902624281807490833e-05,6.227579271259154475e-03,9.271880857962762660e-09,9.271880857549410582e-09,9.271880777741966291e-09,9.271880775941174246e-09
2.999953125732410432e-05,1.158095982140691405e+02,1.865998747786994970e-05,4.749617285531439290e-05,2.883618537744444320e-05,6.227579094608444790e-03,-9.614166643102792969e-09,-9.614166644095515583e-09,-9.614166596355891643e-09,-9.614166599918512219e-09
3.499945313354478724e-05,1.078152365117315128e+02,2.574929004180794394e-05,5.324267409944477818e-05,2.749338405763683424e-05,6.227578990479667141e-03,-2.489555936925051552e-09,-2.489555938780053706e-09,-2.489555932313804187e-09,-2.489555937929632627e-09
3.999937500976547694e-05,9.744176818158400977e+01,3.261099496696197758e-05,5.831129595471957794e-05,2.570030098775760035e-05,6.227578955458144133e-03,2.457485583528427946e-08,2.457485583252634018e-08,2.457485568880263672e-08,2.457485568148935426e-08
4.499929688598615986e-05,8.746479620512408815e+01,3.885131419161423833e-05,6.276594227787883802e-05,2.391462808626459969e-05,6.227578907642591401e-03,1.365421762374216237e-08,1.365421762039638223e-08,1.365421751088688061e-08,1.365421750298745135e-08
4.999921876220684278e-05,7.884314090821334275e+01,4.435294474623170381e-05,6.666899771707781176e-05,2.231605297084610795e-05,6.227578817650978281e-03,-2.258234017850742825e-08,-2.258234018176511696e-08,-2.258234008984001933e-08,-2.258234009621648336e-08
5.499914063842752571e-05,7.150018257679869293e+01,4.916682433707536266e-05,7.007484269305877317e-05,2.090801835598341050e-05,6.227578713410698678e-03,-1.830886586363624424e-08,-1.830886586570639276e-08,-1.830886615821482154e-08,-1.830886615966663601e-08
5.999906251464820863e-05,6.500317691091306926e+01,5.340852885492698119e-05,7.302998167836325456e-05,1.962145282343627338e-05,6.227578625660120173e-03,2.211202407870859187e-08,2.211202407955266020e-08,2.211202419447004367e-08,2.211202420274555557e-08
6.499898439086889833e-05,5.894246831051297875e+01,5.719353306684148147e-05,7.557557071758405273e-05,1.838203765074257126e-05,6.227578563834652685e-03,4.716556573564437973e-08,4.716556574177096904e-08,4.716556583652261562e-08,4.716556586083161417e-08
6.999890626708957448e-05,5.311096489351707106e+01,6.060121587045520341e-05,7.774990390734577304e-05,1.714868803689056963e-05,6.227578552275210913e-03,5.430849953088644536e-09,5.430849966746203778e-09,5.430849984093438537e-09,5.430850031024146013e-09
7.499882814331026418e-05,4.746438712169576490e+01,6.367914025698546716e-05,7.958974512933213706e-05,1.591060487234666990e-05,6.227578554031744200e-03,-6.831633917457425800e-08,-6.831633915143840008e-08,-6.831633914878210476e-08,-6.831633907434146122e-08
7.999875001953095388e-05,4.203249403664523243e+01,6.645835548533071289e-05,8.113065595524864590e-05,1.467230046991793301e-05,6.227578503705683173e-03,-6.254281930975765733e-08,-6.254281927567474560e-08,-6.254281895182440371e-08,-6.254281884903441447e-08
8.499867189575163002e-05,3.687778093786134548e+01,6.896005819456982658e-05,8.240682765029417570e-05,1.344676945572434912e-05,6.227578479452996509e-03,6.175340213006628938e-08,6.175340217579251600e-08,6.175340215670293447e-08,6.175340228459220401e-08
8.999859377197231972e-05,3.206689843405122531e+01,7.120042295434679416e-05,8.345070467600173647e-05,1.225028172165494231e-05,6.227578504495650223e-03,1.582332635763251209e-07,1.582332636348813556e-07,1.582332633671105240e-07,1.582332635140639641e-07
9.499851564819299587e-05,2.768508356499088663e+01,7.318533573740243633e-05,8.429255464655016313e-05,1.110721890914772680e-05,6.227578474120126946e-03,5.282137171232322560e-08,5.282137178734408670e-08,5.282137238575041756e-08,5.282137254489604989e-08
9.999843752441368557e-05,2.380341837306464470e+01,7.491684876138869924e-05,8.495994579622131364e-05,1.004309703483261440e-05,6.227578432687928996e-03,-1.861377415075881025e-07,-1.861377414088842002e-07,-1.861377416100358905e-07,-1.861377414439555994e-07
1.049983594006343617e-04,2.041035274482325690e+01,7.641288747930185274e-05,8.547734418946809998e-05,9.064456710166247239e-06,6.227578473681575841e-03,-2.712835723769004042e-07,-2.712835722435096556e-07,-2.712835728973276114e-07,-2.712835727265522167e-07
1.099982812768550514e-04,1.745969629265688638e+01,7.769783816492148627e-05,8.586615475985423138e-05,8.168316594932745114e-06,6.227578497145134194e-03,-4.121096591846957818e-08,-4.121096573670986023e-08,-4.121096514792201200e-08,-4.121096497167478446e-08
1.149982031530757411e-04,1.491787774595235305e+01,7.879003987971491005e-05,8.614498553292732812e-05,7.354945653212418069e-06,6.227578426528126293e-03,3.252065033740974534e-07,3.252065036195540490e-07,3.252065038481597711e-07,3.252065040322894872e-07
1.199981250292964173e-04,1.275343937277611950e+01,7.970476055135058459e-05,8.632986892449201716e-05,6.625108373141432570e-06,6.227578415449574155e-03,4.832909908434260954e-07,4.832909911674568553e-07,4.832909900759159894e-07,4.832909902708961976e-07
1.249980469055170934e-04,1.092812396585771673e+01,8.045761843165017476e-05,8.643446142526702025e-05,5.976842993616845491e-06,6.227578524552708668e-03,2.039848356539977585e-07,2.039848360691387703e-07,2.039848360468177581e-07,2.039848362550150684e-07
1.299979687817377967e-04,9.368639498244354158e+00,8.107653236278286580e-05,8.647030278455075886e-05,5.393770421767893060e-06,6.227578529929015706e-03,-3.805382946410220378e-07,-3.805382941271271487e-07,-3.805382930712260410e-07,-3.805382928496456102e-07
1.349978906579584728e-04,7.975703616548059038e+00,8.160234325758150694e-05,8.644727255182559870e-05,4.844929294244091755e-06,6.227578366672185776e-03,-8.071843602664305003e-07,-8.071843596544491959e-07,-8.071843599566841040e-07,-8.071843597240617517e-07
1.399978125341791490e-04,6.674263374477868993e+00,8.207179229888792241e-05,8.637418781717358060e-05,4.302395518285658188e-06,6.227578311422447832e-03,-6.778003818794938969e-07,-6.778003811801326737e-07,-6.778003817750784515e-07,-6.778003815376889977e-07
1.449977344103998522e-04,5.448533336490065437e+00,8.250121917441512317e-05,8.625925728916736322e-05,3.758038114752240049e-06,6.227578484495580914e-03,-3.715779873519564299e-08,-3.715779796706212071e-08,-3.715779766915724503e-08,-3.715779743875411898e-08
1.499976562866205284e-04,4.349221452727796589e+00,8.287635645038838163e-05,8.611017603257416512e-05,3.233819582185783496e-06,6.227578663064907774e-03,7.288653074125731892e-07,7.288653082277949671e-07,7.288653082647899781e-07,7.288653084709069755e-07
1.549975781628412045e-04,3.445828202818109531e+00,8.316495358294596929e-05,8.593383178924226629e-05,2.768878206296297001e-06,6.227578621520062953e-03,1.276732951688745130e-06,1.276732952530848346e-06,1.276732954041677297e-06,1.276732954205395213e-06
1.599975000390619078e-04,2.744542101783049137e+00,8.335676527562385575e-05,8.573591278977032808e-05,2.379147514146472326e-06,6.227578375482709268e-03,1.379901775774297694e-06,1.379901776627347963e-06,1.379901777253844024e-06,1.379901777362304899e-06
1.649974219152825839e-04,2.174137925108380109e+00,8.348399383536099906e-05,8.552087722560896036e-05,2.036883390247961299e-06,6.227578188157303213e-03,8.273017647938110577e-07,8.273017656490974940e-07,8.273017638869199861e-07,8.273017639360445089e-07
1.699973437915032600e-04,1.650769778160683154e+00,8.359712006788653398e-05,8.529236496229184253e-05,1.695244894405308544e-06,6.227578265941070487e-03,-4.294999630572812906e-07,-4.294999621994266504e-07,-4.294999644437827457e-07,-4.294999644502879587e-07
1.749972656677239362e-04,1.143716434368649448e+00,8.372633555569880504e-05,8.505369032093451685e-05,1.327354765235711810e-06,6.227578482509664275e-03,-2.011981657575229626e-06,-2.011981656706804015e-06,-2.011981654243296779e-06,-2.011981654296097425e-06
1.799971875439446394e-04,6.926241442693265027e-01,8.385791715837438720e-05,8.480802562876753250e-05,9.501084703931452977e-07,6.227578619767601062e-03,-3.236727004426941012e-06,-3.236727003533768486e-06,-3.236727000715822008e-06,-3.236727000803159575e-06
1.849971094201653156e-04,3.536601955191327473e-01,8.395121414430673499e-05,8.455818181648581630e-05,6.069676721790813077e-07,6.227578666008028348e-03,-3.478081310513028335e-06,-3.478081309574878360e-06,-3.478081312316314046e-06,-3.478081312427728525e-06
1.899970312963859917e-04,1.411127511262917633e-01,8.397732045769611771e-05,8.430628741514709079e-05,3.289669574509730861e-07,6.227578671507695042e-03,-2.291267634110077963e-06,-2.291267633103229380e-06,-2.291267634194979886e-06,-2.291267634321680769e-06
1.949969531726066950e-04,2.890407921921296988e-02,8.393938725597138728e-05,8.405369637159751492e-05,1.143091156261276430e-07,6.227578582367525838e-03,4.059480992300582694e-07,4.059481003296645831e-07,4.059481011599567712e-07,4.059481010250218816e-07
1.999968750488273711e-04,0.000000000000000000e+00,8.387566605546252572e-05,8.380112672466939283e-05,0.000000000000000000e+00,6.227578426213903687e-03,4.015174262161206598e-06,4.015174263375515573e-06,4.015174264368233105e-06,4.015174264228772518e-06
2.049967969250480473e-04,0.000000000000000000e+00,8.384010352158565555e-05,8.354879473028375915e-05,0.000000000000000000e+00,6.227578305691152186e-03,7.246823946618661063e-06,7.246823947965077531e-06,7.246823948193073389e-06,7.246823948048457760e-06
2.099967188012687234e-04,0.000000000000000000e+00,8.386423083491300137e-05,8.329670797823424849e-05,0.000000000000000000e+00,6.227578175818785852e-03,8.624195441788891155e-06,8.624195443280866847e-06,8.624195445365518268e-06,8.624195445211038093e-06
2.149966406774894267e-04,0.000000000000000000e+00,8.393472046809047381e-05,8.304486646852086084e-05,0.000000000000000000e+00,6.227578034040010500e-03,7.155674876341485433e-06,7.155674877993274219e-06,7.155674880755370733e-06,7.155674880583104560e-06
2.199965625537101028e-04,0.000000000000000000e+00,8.400120244142177789e-05,8.279327020114359622e-05,0.000000000000000000e+00,6.227578109912056993e-03,2.764120976096251105e-06,2.764120977929404891e-06,2.764120976537494284e-06,2.764120976338856587e-06
2.249964844299307790e-04,0.000000000000000000e+00,8.400834310904310254e-05,8.254191917610240040e-05,0.000000000000000000e+00,6.227578465720948024e-03,-3.437456453494975583e-06,-3.437456451448950558e-06,-3.437456453168378313e-06,-3.437456453398664549e-06
2.299964063061514822e-04,0.000000000000000000e+00,8.393675684218521377e-05,8.229081339339732761e-05,0.000000000000000000e+00,6.227578819727895044e-03,-9.345116645671155693e-06,-9.345116643372987594e-06,-9.345116644627240101e-06,-9.345116644888476921e-06
2.349963281823721584e-04,0.000000000000000000e+00,8.382096157989282585e-05,8.203995285302839138e-05,0.000000000000000000e+00,6.227578938268440480e-03,-1.274408305878188324e-05,-1.274408305619043676e-05,-1.274408305463356310e-05,-1.274408305491989412e-05
2.399962500585928345e-04,0.000000000000000000e+00,8.373277182668417977e-05,8.178933755499556463e-05,0.000000000000000000e+00,6.227578887276835444e-03,-1.240207414040853502e-05,-1.240207413748831101e-05,-1.240207413342857696e-05,-1.240207413373231281e-05
2.449961719348135378e-04,0.000000000000000000e+00,8.374424634263510957e-05,8.153896749929887445e-05,0.000000000000000000e+00,6.227578819463252570e-03,-8.757071390616523264e-06,-8.757071387343584568e-06,-8.757071384320320691e-06,-8.757071384635220436e-06
2.499960938110341868e-04,0.000000000000000000e+00,8.387773597930442036e-05,8.128884268593829373e-05,0.000000000000000000e+00,6.227578686082520763e-03,-3.672104693512917350e-06,-3.672104689875154787e-06,-3.672104687846331308e-06,-3.672104688172818463e-06
2.549960156872548901e-04,0.000000000000000000e+00,8.407990412797907407e-05,8.103896311491384959e-05,0.000000000000000000e+00,6.227578394250250608e-03,6.047295955333531443e-07,6.047295995370254701e-07,6.047295976061054467e-07,6.047295972592234319e-07
2.599959375634755933e-04,0.000000000000000000e+00,8.424791326537073907e-05,8.078932878622552846e-05,0.000000000000000000e+00,6.227578086690326031e-03,2.692713601398721452e-06,2.692713605758615178e-06,2.692713601462801189e-06,2.692713601078886894e-06
2.649958594396962424e-04,0.000000000000000000e+00,8.428489115711077331e-05,8.053993969987328970e-05,0.000000000000000000e+00,6.227577982096446467e-03,2.787934894064274312e-06,2.787934898758127718e-06,2.787934894388366058e-06,2.787934893944995132e-06
2.699957813159169456e-04,0.000000000000000000e+00,8.415298737472279842e-05,8.029079585585716041e-05,0.000000000000000000e+00,6.227578107566199110e-03,2.229959360488369339e-06,2.229959365481383770e-06,2.229959365828897671e-06,2.229959365301047068e-06
2.749957031921376489e-04,0.000000000000000000e+00,8.389039417329877623e-05,8.004189725417715413e-05,0.000000000000000000e+00,6.227578274737822876e-03,2.505117823743300970e-06,2.505117828991686518e-06,2.505117833781683246e-06,2.505117833145176950e-06
2.799956250683582979e-04,0.000000000000000000e+00,8.358828545410330727e-05,7.979324389483327088e-05,0.000000000000000000e+00,6.227578345854619356e-03,4.364655862928763249e-06,4.364655868387550087e-06,4.364655873418210897e-06,4.364655872655101975e-06
2.849955469445790012e-04,0.000000000000000000e+00,8.335328193998872985e-05,7.954483577782551064e-05,0.000000000000000000e+00,6.227578419651853305e-03,7.455126188624017341e-06,7.455126194257550464e-06,7.455126199063661147e-06,7.455126198167501983e-06
2.899954688207997044e-04,0.000000000000000000e+00,8.327118164757404007e-05,7.929667290315387342e-05,0.000000000000000000e+00,6.227578583084006532e-03,1.081833829260513117e-05,1.081833829839465388e-05,1.081833830068825647e-05,1.081833829966619433e-05
2.949953906970203535e-04,0.000000000000000000e+00,8.338197649420548958e-05,7.904875527081837278e-05,0.000000000000000000e+00,6.227578670314034420e-03,1.365656782611774923e-05,1.365656783206339197e-05,1.365656782832734987e-05,1.365656782719964917e-05
2.999953125732410567e-04,0.000000000000000000e+00,8.367453829000790334e-05,7.880108288081898160e-05,0.000000000000000000e+00,6.227578572943592849e-03,1.566774143678667581e-05,1.566774144290199958e-05,1.566774143497602092e-05,1.566774143377264460e-05
3.049952344494617600e-04,0.000000000000000000e+00,8.408951123164065330e-05,7.855365573315569990e-05,0.000000000000000000e+00,6.227578447928269235e-03,1.664843867870562550e-05,1.664843868501014932e-05,1.664843868041787888e-05,1.664843867917300811e-05
3.099951563256824090e-04,0.000000000000000000e+00,8.452373223540465168e-05,7.830647382782850055e-05,0.000000000000000000e+00,6.227578439349149182e-03,1.603461446190997895e-05,1.603461446842473635e-05,1.603461446516682741e-05,1.603461446391319154e-05
3.149950782019031123e-04,0.000000000000000000e+00,8.485430404122817265e-05,7.805953716483743777e-05,0.000000000000000000e+00,6.227578474625173471e-03,1.329531513795137106e-05,1.329531514470010776e-05,1.329531514327708732e-05,1.329531514203876412e-05
3.199950000781238155e-04,0.000000000000000000e+00,8.497977830764633284e-05,7.781284574418248447e-05,0.000000000000000000e+00,6.227578492873487789e-03,8.713626402457240824e-06,8.713626409468657689e-06,8.713626408709189314e-06,8.713626407498906287e-06
3.249949219543444645e-04,0.000000000000000000e+00,8.486051744292472750e-05,7.756639956586366773e-05,0.000000000000000000e+00,6.227578562254162606e-03,3.389853365323290097e-06,3.389853372629298244e-06,3.389853376397874881e-06,3.389853375219343732e-06
3.299948438305651678e-04,0.000000000000000000e+00,8.453247891182603187e-05,7.732019862988097402e-05,0.000000000000000000e+00,6.227578615546220872e-03,-1.769114799150677561e-06,-1.769114791518783651e-06,-1.769114784220910408e-06,-1.769114785368279216e-06
3.349947657067858168e-04,0.000000000000000000e+00,8.407985402739934265e-05,7.707424293623440332e-05,0.000000000000000000e+00,6.227578502529130394e-03,-6.821910538630611548e-06,-6.821910530643734600e-06,-6.821910530070566039e-06,-6.821910531187358652e-06
3.399946875830065201e-04,0.000000000000000000e+00,8.359640454398554045e-05,7.682853248492395564e-05,0.000000000000000000e+00,6.227578291240378275e-03,-1.248871502953719481e-05,-1.248871502116516859e-05,-1.248871502390011431e-05,-1.248871502498355077e-05
3.449946094592272233e-04,0.000000000000000000e+00,8.315700305432109543e-05,7.658306727594963099e-05,0.000000000000000000e+00,6.227578181695833832e-03,-1.919488911764516639e-05,-1.919488910885027084e-05,-1.919488911635232984e-05,-1.919488911739241854e-05
3.499945313354478724e-04,0.000000000000000000e+00,8.280431728021815944e-05,7.633784730931137514e-05,0.000000000000000000e+00,6.227578317136445683e-03,-2.642187990923657471e-05,-2.642187989996831987e-05,-2.642187990762603304e-05,-2.642187990860282465e-05
3.549944532116685756e-04,0.000000000000000000e+00,8.255611967244219011e-05,7.609287258500924231e-05,0.000000000000000000e+00,6.227578649193369308e-03,-3.284630205633995914e-05,-3.284630204653492936e-05,-3.284630205435932506e-05,-3.284630205524362745e-05
3.599943750878892789e-04,0.000000000000000000e+00,8.242508570996328080e-05,7.584814310304324606e-05,0.000000000000000000e+00,6.227578919812198736e-03,-3.691416764720021888e-05,-3.691416763679072606e-05,-3.691416764557739862e-05,-3.691416764633454443e-05
3.649942969641099279e-04,0.000000000000000000e+00,8.243506016574587243e-05,7.560365886341335927e-05,0.000000000000000000e+00,6.227578937911132546e-03,-3.759982971396301217e-05,-3.759982970289038742e-05,-3.759982970305204196e-05,-3.759982970364914598e-05
3.699942188403306312e-04,0.000000000000000000e+00,8.261786626493632817e-05,7.535941986611960906e-05,0.000000000000000000e+00,6.227578779380110036e-03,-3.494485004424316139e-05,-3.494485003246798719e-05,-3.494485003273560894e-05,-3.494485003315153600e-05
3.749941407165513344e-04,0.000000000000000000e+00,8.299009092382350020e-05,7.511542611116196831e-05,0.000000000000000000e+00,6.227578585538106823e-03,-2.981853316972232553e-05,-2.981853315722876574e-05,-2.981853316010026503e-05,-2.981853316033498464e-05
3.799940625927719835e-04,0.000000000000000000e+00,8.353049317495316799e-05,7.487167759854046413e-05,0.000000000000000000e+00,6.227578427278245010e-03,-2.319613701797042834e-05,-2.319613700476507627e-05,-2.319613700950071890e-05,-2.319613700957818853e-05
3.849939844689926867e-04,0.000000000000000000e+00,8.418060431797852244e-05,7.462817432825508298e-05,0.000000000000000000e+00,6.227578329258196335e-03,-1.559231733523416954e-05,-1.559231732134256493e-05,-1.559231732792800893e-05,-1.559231732789506612e-05
3.899939063452133900e-04,0.000000000000000000e+00,8.486616730463233027e-05,7.438491630030578418e-05,0.000000000000000000e+00,6.227578254918855229e-03,-7.061899403772250682e-06,-7.061899389235401785e-06,-7.061899393831075602e-06,-7.061899393751954254e-06
3.949938282214340390e-04,0.000000000000000000e+00,8.552407799543868330e-05,7.414190351469259485e-05,0.000000000000000000e+00,6.227578142053219121e-03,2.154012904864216124e-06,2.154012919992116142e-06,2.154012914068730039e-06,2.154012914120663323e-06
3.999937500976547423e-04,0.000000000000000000e+00,8.611764724209431407e-05,7.389913597141552855e-05,0.000000000000000000e+00,6.227578076565328837e-03,1.130647868065759470e-05,1.130647869631087876e-05,1.130647869174196441e-05,1.130647869169542842e-05
4.049936719738754455e-04,0.000000000000000000e+00,8.662379367186680799e-05,7.365661367047458526e-05,0.000000000000000000e+00,6.227578255963242028e-03,1.944946151926380814e-05,1.944946153537266040e-05,1.944946153174124720e-05,1.944946153153649901e-05
4.099935938500960946e-04,0.000000000000000000e+00,8.700314463762753847e-05,7.341433661186976499e-05,0.000000000000000000e+00,6.227578584942472170e-03,2.577737684955287289e-05,2.577737686605615112e-05,2.577737686016454908e-05,2.577737685975781741e-05
4.149935157263167978e-04,0.000000000000000000e+00,8.717874337753706915e-05,7.317230479560106774e-05,0.000000000000000000e+00,6.227578687991643797e-03,2.989065073987125649e-05,2.989065075672724941e-05,2.989065074988418881e-05,2.989065074924840927e-05
4.199934376025374469e-04,0.000000000000000000e+00,8.704719611693109390e-05,7.293051822166850707e-05,0.000000000000000000e+00,6.227578488208103391e-03,3.174596337654043575e-05,3.174596339372749997e-05,3.174596338443792700e-05,3.174596338356123435e-05
4.249933594787581501e-04,0.000000000000000000e+00,8.652628371213025044e-05,7.268897689007205586e-05,0.000000000000000000e+00,6.227578315663466826e-03,3.151676058844058516e-05,3.151676060594915598e-05,3.151676059301098521e-05,3.151676059189231896e-05
4.299932813549788534e-04,0.000000000000000000e+00,8.560700525600683391e-05,7.244768080081172767e-05,0.000000000000000000e+00,6.227578363663461430e-03,2.957603352244730251e-05,2.957603354027060706e-05,2.957603352955709717e-05,2.957603352819709430e-05
4.349932032311995024e-04,0.000000000000000000e+00,8.437294661738285284e-05,7.220662995388746829e-05,0.000000000000000000e+00,6.227578474736346695e-03,2.633460664229300181e-05,2.633460666042249522e-05,2.633460664870238493e-05,2.633460664709504165e-05
4.399931251074202057e-04,0.000000000000000000e+00,8.297708126658679144e-05,7.196582434929934549e-05,0.000000000000000000e+00,6.227578489857216529e-03,2.213253042358963763e-05,2.213253044201603302e-05,2.213253042901286433e-05,2.213253042714294084e-05
4.449930469836409089e-04,0.000000000000000000e+00,8.159414475459343533e-05,7.172526398704733215e-05,0.000000000000000000e+00,6.227578357183264843e-03,1.724004153499807777e-05,1.724004155371874257e-05,1.724004154402032713e-05,1.724004154186532963e-05
4.499929688598615580e-04,0.000000000000000000e+00,8.037393433217269068e-05,7.148494886713145538e-05,0.000000000000000000e+00,6.227578081048218590e-03,1.174356062912316018e-05,1.174356064814896522e-05,1.174356064086956407e-05,1.174356063840624488e-05
4.549928907360822612e-04,0.000000000000000000e+00,7.941582481379980455e-05,7.124487898955170163e-05,0.000000000000000000e+00,6.227577833357606646e-03,5.708072006630417741e-06,5.708072025989591225e-06,5.708072022170295949e-06,5.708072019382630052e-06
4.599928126123029645e-04,0.000000000000000000e+00,7.876507123657571581e-05,7.100505435430807090e-05,0.000000000000000000e+00,6.227577861550471355e-03,-4.401395395947071174e-07,-4.401395198554771491e-07,-4.401395282484809839e-07,-4.401395313632955697e-07
4.649927344885236135e-04,0.000000000000000000e+00,7.842608418920282080e-05,7.076547496140056319e-05,0.000000000000000000e+00,6.227578212511237880e-03,-5.781658284610408292e-06,-5.781658264425902844e-06,-5.781658278559400581e-06,-5.781658281985894492e-06
4.699926563647443167e-04,0.000000000000000000e+00,7.838658287093525144e-05,7.052614081082917851e-05,0.000000000000000000e+00,6.227578701646349635e-03,-9.004824586887678447e-06,-9.004824566174187371e-06,-9.004824582143136896e-06,-9.004824585842978503e-06
4.749925782409650200e-04,0.000000000000000000e+00,7.863805459108194141e-05,7.028705190259386263e-05,0.000000000000000000e+00,6.227579022960318123e-03,-9.119500411778209406e-06,-9.119500390433426368e-06,-9.119500408157417995e-06,-9.119500412066942609e-06
4.799925001171856690e-04,0.000000000000000000e+00,7.918753962734832556e-05,7.004820823669466977e-05,0.000000000000000000e+00,6.227578971212101300e-03,-6.160152867260053652e-06,-6.160152845164377601e-06,-6.160152860618642801e-06,-6.160152864653781554e-06
4.849924219934063723e-04,0.000000000000000000e+00,8.004874912226810026e-05,6.980960981313161348e-05,0.000000000000000000e+00,6.227578708323711423e-03,-1.080462526169785934e-06,-1.080462503194567811e-06,-1.080462518132004000e-06,-1.080462522199815355e-06
4.899923438696270755e-04,0.000000000000000000e+00,8.121344852128822161e-05,6.957125663190466666e-05,0.000000000000000000e+00,6.227578550645603006e-03,4.508754571480595895e-06,4.508754595454865662e-06,4.508754580177333886e-06,4.508754576166221223e-06
4.949922657458477246e-04,0.000000000000000000e+00,8.262345242448579916e-05,6.933314869301385641e-05,0.000000000000000000e+00,6.227578563865521222e-03,8.810302532456096357e-06,8.810302557519025384e-06,8.810302547901106875e-06,8.810302544020511825e-06
4.999921876220683736e-04,0.000000000000000000e+00,8.416336548493859229e-05,6.909528599645915563e-05,0.000000000000000000e+00,6.227578653228338715e-03,1.052310753937716727e-05,1.052310756557432085e-05,1.052310755898002367e-05,1.052310755528067165e-05
5.049921094982891311e-04,0.000000000000000000e+00,8.568756796506924399e-05,6.885766854224059143e-05,0.000000000000000000e+00,6.227578719843371649e-03,9.207653215370681274e-06,9.207653242701019245e-06,9.207653228934765347e-06,9.207653225441489664e-06
5.099920313745097801e-04,0.000000000000000000e+00,8.705922150691539757e-05,6.862029633035815024e-05,0.000000000000000000e+00,6.227578689058653125e-03,5.600750632984245804e-06,5.600750661409588159e-06,5.600750641402889326e-06,5.600750638116393867e-06
5.149919532507304292e-04,0.000000000000000000e+00,8.817614446988274342e-05,6.838316936081179141e-05,0.000000000000000000e+00,6.227578548683258657e-03,1.318390986796836576e-06,1.318391016254426643e-06,1.318390996194693807e-06,1.318390993096676308e-06
5.199918751269511866e-04,0.000000000000000000e+00,8.898427049963801583e-05,6.814628763360154205e-05,0.000000000000000000e+00,6.227578395012732700e-03,-1.827060727143483351e-06,-1.827060696728786711e-06,-1.827060721245692043e-06,-1.827060724186921625e-06
5.249917970031718357e-04,0.000000000000000000e+00,8.948197027925977576e-05,6.790965114872741571e-05,0.000000000000000000e+00,6.227578412763948128e-03,-2.206807249587646179e-06,-2.206807218294846576e-06,-2.206807248366555012e-06,-2.206807251190185082e-06
5.299917188793924847e-04,0.000000000000000000e+00,8.971282871959652451e-05,6.767325990618941239e-05,0.000000000000000000e+00,6.227578576155439437e-03,9.120461918299909267e-07,9.120462239226793171e-07,9.120461976677428462e-07,9.120461949220863947e-07
5.349916407556132422e-04,0.000000000000000000e+00,8.974307068548342456e-05,6.743711390598753209e-05,0.000000000000000000e+00,6.227578559682417705e-03,7.142344249422157937e-06,7.142344282242201989e-06,7.142344267922978726e-06,7.142344265220518414e-06
5.399915626318338912e-04,0.000000000000000000e+00,8.963122411207431295e-05,6.720121314812177481e-05,0.000000000000000000e+00,6.227578276986232668e-03,1.527073707127080625e-05,1.527073710475500799e-05,1.527073709298678962e-05,1.527073709029900839e-05
5.449914845080545403e-04,0.000000000000000000e+00,8.940709982959515838e-05,6.696555763259215411e-05,0.000000000000000000e+00,6.227578114177944116e-03,2.344333277144565204e-05,2.344333280554103887e-05,2.344333278613352860e-05,2.344333278343296734e-05
5.499914063842752977e-04,0.000000000000000000e+00,8.906963579046118292e-05,6.673014735939864286e-05,0.000000000000000000e+00,6.227578339389179193e-03,2.975935382225775174e-05,2.975935385691645614e-05,2.975935384037295400e-05,2.975935383762292263e-05
5.549913282604959468e-04,0.000000000000000000e+00,8.860281968242222797e-05,6.649498232854125464e-05,0.000000000000000000e+00,6.227578649300818947e-03,3.273615897744407632e-05,3.273615901261201015e-05,3.273615899437736269e-05,3.273615899152157417e-05
5.599912501367165958e-04,0.000000000000000000e+00,8.800550277841179454e-05,6.626006254001993523e-05,0.000000000000000000e+00,6.227578637057976790e-03,3.170596335210394896e-05,3.170596338770976494e-05,3.170596335949927842e-05,3.170596335645765765e-05
5.649911720129373533e-04,0.000000000000000000e+00,8.731849755642906127e-05,6.602538799383475239e-05,0.000000000000000000e+00,6.227578346032104119e-03,2.714314974821380281e-05,2.714314978416484231e-05,2.714314975592860261e-05,2.714314975260205689e-05
5.699910938891580023e-04,0.000000000000000000e+00,8.662414932982124346e-05,6.579095868998567902e-05,0.000000000000000000e+00,6.227578095306452073e-03,2.019844788585276014e-05,2.019844792204245965e-05,2.019844789527608299e-05,2.019844789155805898e-05
5.749910157653786514e-04,0.000000000000000000e+00,8.601267308571077278e-05,6.555677462847274222e-05,0.000000000000000000e+00,6.227578106755304356e-03,1.229773314911356666e-05,1.229773318544066508e-05,1.229773316584280788e-05,1.229773316163042664e-05
5.799909376415994088e-04,0.000000000000000000e+00,8.553712449272011945e-05,6.532283580929592844e-05,0.000000000000000000e+00,6.227578355017749680e-03,5.121127640125696593e-06,5.121127676513295189e-06,5.121127661069761896e-06,5.121127656274386509e-06
5.849908595178200579e-04,0.000000000000000000e+00,8.519048960000938158e-05,6.508914223245523768e-05,0.000000000000000000e+00,6.227578662397808586e-03,2.682693314749731573e-07,2.682693678816933099e-07,2.682693437544114877e-07,2.682693383110135445e-07
5.899907813940407069e-04,0.000000000000000000e+00,8.491703310008903553e-05,6.485569389795066994e-05,0.000000000000000000e+00,6.227578912169980281e-03,-1.233112659029747763e-06,-1.233112622606829164e-06,-1.233112651358664604e-06,-1.233112657484818113e-06
5.949907032702614644e-04,0.000000000000000000e+00,8.464435082785686209e-05,6.462249080578222522e-05,0.000000000000000000e+00,6.227579055413797263e-03,6.709533012373194870e-07,6.709533377100711518e-07,6.709533073336777651e-07,6.709533005236031729e-07
5.999906251464821134e-04,0.000000000000000000e+00,8.431508996492427196e-05,6.438953295594986286e-05,0.000000000000000000e+00,6.227579023159833006e-03,4.978847778124026771e-06,4.978847814713269183e-06,4.978847789773721516e-06,4.978847782311712769e-06
6.049905470227027625e-04,0.000000000000000000e+00,8.390698451863268085e-05,6.415682034845360997e-05,0.000000000000000000e+00,6.227578771043060235e-03,1.001933434971221995e-05,1.001933438651016027e-05,1.001933436894713370e-05,1.001933436089439486e-05
6.099904688989235199e-04,0.000000000000000000e+00,8.343484873463643289e-05,6.392435298329349365e-05,0.000000000000000000e+00,6.227578398154950089e-03,1.377580081665174176e-05,1.377580085376530519e-05,1.377580083426703026e-05,1.377580082570361187e-05
6.149903907751441690e-04,0.000000000000000000e+00,8.293031938092470916e-05,6.369213086046948680e-05,0.000000000000000000e+00,6.227578144474928655e-03,1.451065335437312461e-05,1.451065339190893904e-05,1.451065337508648355e-05,1.451065336609536264e-05
6.199903126513648180e-04,0.000000000000000000e+00,8.241726827097714970e-05,6.346015397998161652e-05,0.000000000000000000e+00,6.227578174118683120e-03,1.173776369169088262e-05,1.173776372973700391e-05,1.173776371597571702e-05,1.173776370663021277e-05
6.249902345275855755e-04,0.000000000000000000e+00,8.189782392217999937e-05,6.322842234182985571e-05,0.000000000000000000e+00,6.227578287914556886e-03,6.320818639513779762e-06,6.320818678124235062e-06,6.320818657708437104e-06,6.320818648067541979e-06
6.299901564038062245e-04,0.000000000000000000e+00,8.135905194738975404e-05,6.299693594601423147e-05,0.000000000000000000e+00,6.227578187885232652e-03,1.593556006944352958e-08,1.593559926020449049e-08,1.593557334645797296e-08,1.593556345885603241e-08
6.349900782800268735e-04,0.000000000000000000e+00,8.080019250282910578e-05,6.276569479253473025e-05,0.000000000000000000e+00,6.227577983293683221e-03,-5.263633592972399519e-06,-5.263633553217236788e-06,-5.263633589333102132e-06,-5.263633599419121541e-06
6.399900001562476310e-04,0.000000000000000000e+00,8.025267386991266009e-05,6.253469888139132494e-05,0.000000000000000000e+00,6.227577972743305809e-03,-8.392997401211447524e-06,-8.392997360925510232e-06,-8.392997400677162858e-06,-8.392997410904198005e-06
6.449899220324682800e-04,0.000000000000000000e+00,7.977645458952521934e-05,6.230394821258401555e-05,0.000000000000000000e+00,6.227578174511725490e-03,-9.272851704607016753e-06,-9.272851663825849790e-06,-9.272851690218285119e-06,-9.272851700518287073e-06
6.499898439086889291e-04,0.000000000000000000e+00,7.942929307861367957e-05,6.207344278611282918e-05,0.000000000000000000e+00,6.227578444523503183e-03,-8.598159492695714028e-06,-8.598159451446320804e-06,-8.598159473818487044e-06,-8.598159484117492887e-06
6.549897657849095781e-04,0.000000000000000000e+00,7.922386045226507284e-05,6.184318260197776583e-05,0.000000000000000000e+00,6.227578677731816954e-03,-7.428482087700442074e-06,-7.428482045995870285e-06,-7.428482064201562772e-06,-7.428482074428289600e-06
6.599896876611303356e-04,0.000000000000000000e+00,7.911207843847331111e-05,6.161316766017882549e-05,0.000000000000000000e+00,6.227578752739089916e-03,-6.582103873691073871e-06,-6.582103831530544246e-06,-6.582103841141813546e-06,-6.582103851233502993e-06
6.649896095373509846e-04,0.000000000000000000e+00,7.900493865572898102e-05,6.138339796071600818e-05,0.000000000000000000e+00,6.227578615515382693e-03,-6.387123808464855259e-06,-6.387123765837339430e-06,-6.387123779639189040e-06,-6.387123789544416042e-06
6.699895314135716337e-04,0.000000000000000000e+00,7.880383287695313943e-05,6.115387350358932744e-05,0.000000000000000000e+00,6.227578501134064907e-03,-6.577352430889757645e-06,-6.577352387777827061e-06,-6.577352411495356060e-06,-6.577352421179792066e-06
6.749894532897923911e-04,0.000000000000000000e+00,7.842573149172353921e-05,6.092459428879874939e-05,0.000000000000000000e+00,6.227578682571292996e-03,-6.577003923909999499e-06,-6.577003880297858690e-06,-6.577003910963937768e-06,-6.577003920419363170e-06
6.799893751660130402e-04,0.000000000000000000e+00,7.781431650175321571e-05,6.069556031634428081e-05,0.000000000000000000e+00,6.227578955468064149e-03,-6.308544207222472981e-06,-6.308544163107767197e-06,-6.308544192460331955e-06,-6.308544201715569590e-06
6.849892970422336892e-04,0.000000000000000000e+00,7.694966828958751221e-05,6.046677158622593525e-05,0.000000000000000000e+00,6.227578870255981100e-03,-6.401885659333979403e-06,-6.401885614738480777e-06,-6.401885641182002357e-06,-6.401885650309795415e-06
6.899892189184544467e-04,0.000000000000000000e+00,7.586606376332940963e-05,6.023822809844371271e-05,0.000000000000000000e+00,6.227578392314097981e-03,-7.756906056395216422e-06,-7.756906011369574136e-06,-7.756906036458078476e-06,-7.756906045569969337e-06
6.949891407946750957e-04,0.000000000000000000e+00,7.465738265299830419e-05,6.000992985299758608e-05,0.000000000000000000e+00,6.227577939772178245e-03,-1.097168062848023290e-05,-1.097168058309710205e-05,-1.097168059964181884e-05,-1.097168060887231633e-05
6.999890626708957448e-04,0.000000000000000000e+00,7.346367088697669404e-05,5.978187684988758925e-05,0.000000000000000000e+00,6.227577844320036395e-03,-1.609060887374748545e-05,-1.609060882808526741e-05,-1.609060883814191341e-05,-1.609060884762414232e-05
7.049889845471165022e-04,0.000000000000000000e+00,7.244300531488759266e-05,5.955406908911371544e-05,0.000000000000000000e+00,6.227578052355580915e-03,-2.298964516169710293e-05,-2.298964511582332317e-05,-2.298964513992536785e-05,-2.298964514976699624e-05
7.099889064233371513e-04,0.000000000000000000e+00,7.172932444930299933e-05,5.932650657067596464e-05,0.000000000000000000e+00,6.227578314005078990e-03,-3.152356555488066716e-05,-3.152356550883689127e-05,-3.152356554191100031e-05,-3.152356555218263005e-05
7.149888282995578003e-04,0.000000000000000000e+00,7.140073719442323677e-05,5.909918929457430977e-05,0.000000000000000000e+00,6.227578420003034194e-03,-4.101737219481605464e-05,-4.101737214861244025e-05,-4.101737217117615791e-05,-4.101737218191112822e-05
7.199887501757785578e-04,0.000000000000000000e+00,7.147301030369103121e-05,5.887211726080877791e-05,0.000000000000000000e+00,6.227578400152773870e-03,-5.003288049267810828e-05,-5.003288044629606809e-05,-5.003288046405431034e-05,-5.003288047525673442e-05
7.249886720519992068e-04,0.000000000000000000e+00,7.191661899239765621e-05,5.864529046937936907e-05,0.000000000000000000e+00,6.227578501366155296e-03,-5.670952391002876552e-05,-5.670952386342769617e-05,-5.670952387716891516e-05,-5.670952388882436634e-05
7.299885939282198559e-04,0.000000000000000000e+00,7.268614150758860755e-05,5.841870892028609003e-05,0.000000000000000000e+00,6.227578735717454080e-03,-5.954193631617226443e-05,-5.954193626930183859e-05,-5.954193628516389933e-05,-5.954193629724681755e-05
7.349885158044406133e-04,0.000000000000000000e+00,7.373475760756744270e-05,5.819237261352891368e-05,0.000000000000000000e+00,6.227578770127638851e-03,-5.823301593863296449e-05,-5.823301589144629043e-05,-5.823301591232061782e-05,-5.823301592480088936e-05
7.399884376806612624e-04,0.000000000000000000e+00,7.501217355406759435e-05,5.796628154910785357e-05,0.000000000000000000e+00,6.227578536135856303e-03,-5.386383510512671592e-05,-5.386383505759407295e-05,-5.386383507674395645e-05,-5.386383508959515388e-05
7.449883595568819114e-04,0.000000000000000000e+00,7.646335463195009727e-05,5.774043572702291648e-05,0.000000000000000000e+00,6.227578412849413617e-03,-4.862999893955078647e-05,-4.862999889167118526e-05,-4.862999891527864402e-05,-4.862999892848682856e-05
7.499882814331026689e-04,0.000000000000000000e+00,7.803314675757033281e-05,5.751483514727410241e-05,0.000000000000000000e+00,6.227578594416327898e-03,-4.500802992625259070e-05,-4.500802987805792033e-05,-4.500802990329434543e-05,-4.500802991686445021e-05
7.549882033093233179e-04,0.000000000000000000e+00,7.967360437174448489e-05,5.728947980986139781e-05,0.000000000000000000e+00,6.227578791292192467e-03,-4.455368864016165739e-05,-4.455368859171403588e-05,-4.455368860763864831e-05,-4.455368862158848135e-05
7.599881251855439670e-04,0.000000000000000000e+00,8.134960814266198467e-05,5.706436971478480268e-05,0.000000000000000000e+00,6.227578716451714035e-03,-4.732567756597640086e-05,-4.732567751735923046e-05,-4.732567752701379330e-05,-4.732567754135769318e-05
7.649880470617647244e-04,0.000000000000000000e+00,8.303703553455171239e-05,5.683950486204433734e-05,0.000000000000000000e+00,6.227578439455120837e-03,-5.199293009471017273e-05,-5.199293004601437734e-05,-5.199293005687670753e-05,-5.199293007160650884e-05
7.699879689379853735e-04,0.000000000000000000e+00,8.471382284638373592e-05,5.661488525163999502e-05,0.000000000000000000e+00,6.227578242828838741e-03,-5.663413968824093468e-05,-5.663413963955085846e-05,-5.663413965429965364e-05,-5.663413966937490209e-05
7.749878908142060225e-04,0.000000000000000000e+00,8.634848718432266295e-05,5.639051088357176895e-05,0.000000000000000000e+00,6.227578275890205753e-03,-5.963464067450303832e-05,-5.963464062588670817e-05,-5.963464064492585398e-05,-5.963464066027999988e-05
7.799878126904267800e-04,0.000000000000000000e+00,8.788861741427147893e-05,5.616638175783964556e-05,0.000000000000000000e+00,6.227578385114289523e-03,-6.013573504907111566e-05,-6.013573500057820838e-05,-6.013573501672983920e-05,-6.013573503228540954e-05
7.849877345666474290e-04,0.000000000000000000e+00,8.926231659038099992e-05,5.594249787444364520e-05,0.000000000000000000e+00,6.227578442298996146e-03,-5.818536719566784650e-05,-5.818536714733624140e-05,-5.818536716380571963e-05,-5.818536717949079114e-05
7.899876564428680780e-04,0.000000000000000000e+00,9.040144386250240733e-05,5.571885923338377463e-05,0.000000000000000000e+00,6.227578552071931679e-03,-5.433065851956126493e-05,-5.433065847142619180e-05,-5.433065848605519619e-05,-5.433065850181273307e-05
7.949875783190888355e-04,0.000000000000000000e+00,9.127867731667871159e-05,5.549546583466002031e-05,0.000000000000000000e+00,6.227578658833059395e-03,-4.904300900554950490e-05,-4.904300895765355256e-05,-4.904300896557057979e-05,-4.904300898136103575e-05
7.999875001953094845e-04,0.000000000000000000e+00,9.194123475779038897e-05,5.527231767827236867e-05,0.000000000000000000e+00,6.227578553083568634e-03,-4.272673345208755460e-05,-4.272673340448695248e-05,-4.272673342104019211e-05,-4.272673343684335357e-05
8.049874220715301336e-04,0.000000000000000000e+00,9.251421515740430575e-05,5.504941476422084006e-05,0.000000000000000000e+00,6.227578326618280272e-03,-3.605009836252666942e-05,-3.605009831529430980e-05,-3.605009833224856193e-05,-3.605009834806819648e-05
8.099873439477508911e-04,0.000000000000000000e+00,9.315803764117781794e-05,5.482675709250543446e-05,0.000000000000000000e+00,6.227578244177507313e-03,-3.015453733625069613e-05,-3.015453728947584610e-05,-3.015453729214212286e-05,-3.015453730801071253e-05
8.149872658239715401e-04,0.000000000000000000e+00,9.400355863622756908e-05,5.460434466312615189e-05,0.000000000000000000e+00,6.227578361290797733e-03,-2.644937491707467097e-05,-2.644937487085535259e-05,-2.644937487268696647e-05,-2.644937488866627690e-05
8.199871877001921891e-04,0.000000000000000000e+00,9.510054712825801739e-05,5.438217747608296523e-05,0.000000000000000000e+00,6.227578534148448669e-03,-2.577275606381084213e-05,-2.577275601824116074e-05,-2.577275602836667730e-05,-2.577275604453798638e-05
8.249871095764128382e-04,0.000000000000000000e+00,9.640177860776886283e-05,5.416025553137590836e-05,0.000000000000000000e+00,6.227578573008728247e-03,-2.759039917333015100e-05,-2.759039912848441851e-05,-2.759039914041495889e-05,-2.759039915685771832e-05
8.299870314526335956e-04,0.000000000000000000e+00,9.779479801898370453e-05,5.393857882900497452e-05,0.000000000000000000e+00,6.227578440845040267e-03,-3.009201172882613096e-05,-3.009201168474384620e-05,-3.009201169632877681e-05,-3.009201171309880944e-05
8.349869533288542447e-04,0.000000000000000000e+00,9.915765841348670850e-05,5.371714736897016370e-05,0.000000000000000000e+00,6.227578319515092442e-03,-3.130664006552144640e-05,-3.130664002219828612e-05,-3.130664003028530947e-05,-3.130664004740114838e-05
8.399868752050748937e-04,0.000000000000000000e+00,1.004075751729515737e-04,5.349596115127145556e-05,0.000000000000000000e+00,6.227578397521114223e-03,-3.021327023425494281e-05,-3.021327019164180282e-05,-3.021327018955303651e-05,-3.021327020699791723e-05
8.449867970812956512e-04,0.000000000000000000e+00,1.015286353149815255e-04,5.327502017590886367e-05,0.000000000000000000e+00,6.227578599898273524e-03,-2.675699387877196532e-05,-2.675699383678305134e-05,-2.675699383114809690e-05,-2.675699384888071471e-05
8.499867189575163002e-04,0.000000000000000000e+00,1.025617426085147704e-04,5.305432444288239480e-05,0.000000000000000000e+00,6.227578664120480938e-03,-2.138490105188222348e-05,-2.138490101041126337e-05,-2.138490100976319508e-05,-2.138490102772862159e-05
8.549866408337369493e-04,0.000000000000000000e+00,1.035674422670686772e-04,5.283387395219205573e-05,0.000000000000000000e+00,6.227578485872454356e-03,-1.496911248158832561e-05,-1.496911244052726338e-05,-1.496911245458924698e-05,-1.496911247272418680e-05
8.599865627099577067e-04,0.000000000000000000e+00,1.045916230732248662e-04,5.261366870383781934e-05,0.000000000000000000e+00,6.227578275954394858e-03,-8.737699717974079349e-06,-8.737699677229119656e-06,-8.737699693694501638e-06,-8.737699711930883823e-06
8.649864845861783558e-04,0.000000000000000000e+00,1.056517486373855451e-04,5.239370869781969920e-05,0.000000000000000000e+00,6.227578254291566209e-03,-3.991283041824772931e-06,-3.991283001329808236e-06,-3.991283009248099232e-06,-3.991283027516539920e-06
8.699864064623990048e-04,0.000000000000000000e+00,1.067454240251622269e-04,5.217399393413770208e-05,0.000000000000000000e+00,6.227578381511764127e-03,-1.707854141215281652e-06,-1.707854100940508254e-06,-1.707854107589655904e-06,-1.707854125824903065e-06
8.749863283386197623e-04,0.000000000000000000e+00,1.078585834309596006e-04,5.195452441279182798e-05,0.000000000000000000e+00,6.227578487110109300e-03,-1.990775381323661470e-06,-1.990775341275601522e-06,-1.990775335370101366e-06,-1.990775353517182562e-06
8.799862502148404113e-04,0.000000000000000000e+00,1.089542005835766181e-04,5.173530013378207013e-05,0.000000000000000000e+00,6.227578470802764936e-03,-3.866932844535747821e-06,-3.866932804743356298e-06,-3.866932795384526533e-06,-3.866932813402519908e-06
8.849861720910610604e-04,0.000000000000000000e+00,1.099566144670965375e-04,5.151632109710841496e-05,0.000000000000000000e+00,6.227578393129500414e-03,-5.669205714575883352e-06,-5.669205675069060517e-06,-5.669205675577639427e-06,-5.669205693433453097e-06
8.899860939672818178e-04,0.000000000000000000e+00,1.107478463614444588e-04,5.129758730277088959e-05,0.000000000000000000e+00,6.227578365116067695e-03,-5.902792291663041017e-06,-5.902792252453418326e-06,-5.902792254784517372e-06,-5.902792272437808852e-06
8.949860158435024669e-04,0.000000000000000000e+00,1.111784200508996199e-04,5.107909875076948724e-05,0.000000000000000000e+00,6.227578409371678156e-03,-4.188098200598997146e-06,-4.188098161671368664e-06,-4.188098165086727480e-06,-4.188098182476635760e-06
8.999859377197231159e-04,0.000000000000000000e+00,1.111019330433647711e-04,5.086085544110420113e-05,0.000000000000000000e+00,6.227578509042556477e-03,-1.514665326679245761e-06,-1.514665287996262418e-06,-1.514665292470959601e-06,-1.514665309516088202e-06
9.049858595959438734e-04,0.000000000000000000e+00,1.104190399717640861e-04,5.064285737377501772e-05,0.000000000000000000e+00,6.227578604043518436e-03,4.570876597809597753e-07,4.570876982623103141e-07,4.570876927769520527e-07,4.570876761633511633e-07
9.099857814721645224e-04,0.000000000000000000e+00,1.091024774252529503e-04,5.042510454878195732e-05,0.000000000000000000e+00,6.227578609929392689e-03,6.026388298712666549e-07,6.026388681800172900e-07,6.026388581437924075e-07,6.026388420292963649e-07
9.149857033483851715e-04,0.000000000000000000e+00,1.072005185125843128e-04,5.020759696612502672e-05,0.000000000000000000e+00,6.227578538519663864e-03,-8.061291143597507166e-07,-8.061290762233217348e-07,-8.061290873267056400e-07,-8.061291029156905836e-07
9.199856252246059289e-04,0.000000000000000000e+00,1.048230717402108948e-04,4.999033462580421236e-05,0.000000000000000000e+00,6.227578491763702782e-03,-2.213739879687257129e-06,-2.213739841761026573e-06,-2.213739850354625174e-06,-2.213739865440690234e-06
9.249855471008265780e-04,0.000000000000000000e+00,1.021255902141266793e-04,4.977331752781950070e-05,0.000000000000000000e+00,6.227578490894124068e-03,-1.815284077563167595e-06,-1.815284039926311446e-06,-1.815284045403049453e-06,-1.815284060052521969e-06
9.299854689770472270e-04,0.000000000000000000e+00,9.929460343679288620e-05,4.955654567217091205e-05,0.000000000000000000e+00,6.227578469352653204e-03,1.383508293765706648e-06,1.383508330993794014e-06,1.383508327857715513e-06,1.383508313545985950e-06
9.349853908532679845e-04,0.000000000000000000e+00,9.651757776720988646e-05,4.934001905885844643e-05,0.000000000000000000e+00,6.227578455865440989e-03,7.046040520200919168e-06,7.046040556867438937e-06,7.046040560181388428e-06,7.046040546084745941e-06
9.399853127294886335e-04,0.000000000000000000e+00,9.394628270375542296e-05,4.912373768788210382e-05,0.000000000000000000e+00,6.227578529202235091e-03,1.362499158300078145e-05,1.362499161893500905e-05,1.362499163210759788e-05,1.362499161808237890e-05
9.449852346057092825e-04,0.000000000000000000e+00,9.166564808149447303e-05,4.890770155924186390e-05,0.000000000000000000e+00,6.227578653129751778e-03,1.929094817050892478e-05,1.929094820554189916e-05,1.929094820975628448e-05,1.929094819564377707e-05
9.499851564819300400e-04,0.000000000000000000e+00,8.967159037494412460e-05,4.869191067293774701e-05,0.000000000000000000e+00,6.227578740335647060e-03,2.301683032481143798e-05,2.301683035879659194e-05,2.301683034616284481e-05,2.301683033180211948e-05
9.549850783581506890e-04,0.000000000000000000e+00,8.788111906380770332e-05,4.847636502896975313e-05,0.000000000000000000e+00,6.227578726099074202e-03,2.506395150087698055e-05,2.506395153370677818e-05,2.506395152519429696e-05,2.506395151043896269e-05
9.599850002343713381e-04,0.000000000000000000e+00,8.617996797831424625e-05,4.826106462733788227e-05,0.000000000000000000e+00,6.227578589887435880e-03,2.663826754568161831e-05,2.663826757729149537e-05,2.663826757686108405e-05,2.663826756159491776e-05
9.649849221105920955e-04,0.000000000000000000e+00,8.447613788343396831e-05,4.804600946804211411e-05,0.000000000000000000e+00,6.227578446105061852e-03,2.888005440349235964e-05,2.888005443385343232e-05,2.888005443098032028e-05,2.888005441512032630e-05
9.699848439868127446e-04,0.000000000000000000e+00,8.273036682884185448e-05,4.783119955108246219e-05,0.000000000000000000e+00,6.227578387333556828e-03,3.221830397225766566e-05,3.221830400135929860e-05,3.221830399946234459e-05,3.221830398295268312e-05
9.749847658630333936e-04,0.000000000000000000e+00,8.094838161962497754e-05,4.761663487645893328e-05,0.000000000000000000e+00,6.227578358832057057e-03,3.642864431982267907e-05,3.642864434765349154e-05,3.642864435706310601e-05,3.642864433986330242e-05
9.799846877392541511e-04,0.000000000000000000e+00,7.915396343765691638e-05,4.740231544417153418e-05,0.000000000000000000e+00,6.227578359850867093e-03,4.084196420535390995e-05,4.084196423189146574e-05,4.084196424603817635e-05,4.084196422811386821e-05
9.849846096154748001e-04,0.000000000000000000e+00,7.737819564701561392e-05,4.718824125422024454e-05,0.000000000000000000e+00,6.227578395592595246e-03,4.477056942569743756e-05,4.477056945090206842e-05,4.477056945560909827e-05,4.477056943693515242e-05
9.899845314916954492e-04,0.000000000000000000e+00,7.566086595777520387e-05,4.697441230660506437e-05,0.000000000000000000e+00,6.227578365590102569e-03,4.792221671166917824e-05,4.792221673548139536e-05,4.792221673266967966e-05,4.792221671324134593e-05
9.949844533679160982e-04,0.000000000000000000e+00,7.405018773987308354e-05,4.676082860132600721e-05,0.000000000000000000e+00,6.227578284320934958e-03,5.042575634110685659e-05,5.042575636344937668e-05,5.042575635970400705e-05,5.042575633954739440e-05
9.999843752441367473e-04,0.000000000000000000e+00,7.259558826723686248e-05,4.654749013838307308e-05,0.000000000000000000e+00,6.227578231319381291e-03,5.282963289054820854e-05,5.282963291133533897e-05,5.282963291268854525e-05,5.282963289186289177e-05
1.004984297120357613e-03,0.000000000000000000e+00,7.133114285146405480e-05,4.633439691777625519e-05,0.000000000000000000e+00,6.227578208823762208e-03,5.586157815073469724e-05,5.586157816988731835e-05,5.586157817524158302e-05,5.586157815383607111e-05
1.009984218996578262e-03,0.000000000000000000e+00,7.026532365563575877e-05,4.612154893950553999e-05,0.000000000000000000e+00,6.227578270055005374e-03,5.980264845006260846e-05,5.980264846753042683e-05,5.980264847297825137e-05,5.980264845110990710e-05
1.014984140872798911e-03,0.000000000000000000e+00,6.938292850136092854e-05,4.590894620357095459e-05,0.000000000000000000e+00,6.227578498480842648e-03,6.407300162824884052e-05,6.407300164403153088e-05,6.407300164949263012e-05,6.407300162730711606e-05
1.019984062749019560e-03,0.000000000000000000e+00,6.864532395853492901e-05,4.569658870997249221e-05,0.000000000000000000e+00,6.227578734221923817e-03,6.736411127893180296e-05,6.736411129309365173e-05,6.736411130681563969e-05,6.736411128448714647e-05
1.024983984625240209e-03,0.000000000000000000e+00,6.799153994449333861e-05,4.548447645871014607e-05,0.000000000000000000e+00,6.227578687859514246e-03,6.839193420398399011e-05,6.839193421665088672e-05,6.839193423594613463e-05,6.839193421367126876e-05
1.029983906501460858e-03,0.000000000000000000e+00,6.735193387389212989e-05,4.527260944978390262e-05,0.000000000000000000e+00,6.227578342683559587e-03,6.661952596599568532e-05,6.661952597733340428e-05,6.661952598941453356e-05,6.661952596739883267e-05
1.034983828377681724e-03,0.000000000000000000e+00,6.667327729740845461e-05,4.506098768319378219e-05,0.000000000000000000e+00,6.227577992584080666e-03,6.228089093408912462e-05,6.228089094427151774e-05,6.228089095159492395e-05,6.228089093003094233e-05
1.039983750253902373e-03,0.000000000000000000e+00,6.595141105003165128e-05,4.484961115893979156e-05,0.000000000000000000e+00,6.227577904850557962e-03,5.601367161288635171e-05,5.601367162206622374e-05,5.601367161977835387e-05,5.601367159882460190e-05
1.044983672130123022e-03,0.000000000000000000e+00,6.524756019001768520e-05,4.463847987702192395e-05,0.000000000000000000e+00,6.227578093368588141e-03,4.872979775504407890e-05,4.872979776333608422e-05,4.872979775396385439e-05,4.872979773373155765e-05
1.049983594006343671e-03,0.000000000000000000e+00,6.466359919946324116e-05,4.442759383744015225e-05,0.000000000000000000e+00,6.227578364745925410e-03,4.158225125796007168e-05,4.158225126543720420e-05,4.158225126645833292e-05,4.158225124700975172e-05
1.054983515882564320e-03,0.000000000000000000e+00,6.428992867948882652e-05,4.421695304019450357e-05,0.000000000000000000e+00,6.227578593027366036e-03,3.565908285462882998e-05,3.565908286132484905e-05,3.565908286921079355e-05,3.565908285057135243e-05
1.059983437758784969e-03,0.000000000000000000e+00,6.414654925712085648e-05,4.400655748528497791e-05,0.000000000000000000e+00,6.227578720390005568e-03,3.133898917684722760e-05,3.133898918276546713e-05,3.133898919589574498e-05,3.133898917806682630e-05
1.064983359635005835e-03,0.000000000000000000e+00,6.415394773089612879e-05,4.379640717271157527e-05,0.000000000000000000e+00,6.227578647400597647e-03,2.793102735571223965e-05,2.793102736083749032e-05,2.793102737591676387e-05,2.793102735888595013e-05
1.069983281511226484e-03,0.000000000000000000e+00,6.416176097966804425e-05,4.358650210247427533e-05,0.000000000000000000e+00,6.227578468151805623e-03,2.464339859783294353e-05,2.464339860214501208e-05,2.464339860795729118e-05,2.464339859170684211e-05
1.074983203387447133e-03,0.000000000000000000e+00,6.401076890736416276e-05,4.337684227457309840e-05,0.000000000000000000e+00,6.227578470509431002e-03,2.159195234384282460e-05,2.159195234733344060e-05,2.159195234763098295e-05,2.159195233214345985e-05
1.079983125263667782e-03,0.000000000000000000e+00,6.360026912265536836e-05,4.316742768900804449e-05,0.000000000000000000e+00,6.227578738465017541e-03,1.934926978369108121e-05,1.934926978637584700e-05,1.934926978266719456e-05,1.934926976792912621e-05
1.084983047139888431e-03,0.000000000000000000e+00,6.293320983794832959e-05,4.295825834577911360e-05,0.000000000000000000e+00,6.227579051749335300e-03,1.823675968645274177e-05,1.823675968837003134e-05,1.823675969675204577e-05,1.823675968275412159e-05
1.089982969016109081e-03,0.000000000000000000e+00,6.211576417345148415e-05,4.274933424488629218e-05,0.000000000000000000e+00,6.227579129922045792e-03,1.812015349924030552e-05,1.812015350043292791e-05,1.812015352014035221e-05,1.812015350687187586e-05
1.094982890892329946e-03,0.000000000000000000e+00,6.131528943542489170e-05,4.254065538632958022e-05,0.000000000000000000e+00,6.227578900573348640e-03,1.850711794854458173e-05,1.850711794902700765e-05,1.850711795762319945e-05,1.850711794506275794e-05
1.099982812768550595e-03,0.000000000000000000e+00,6.068987075031832660e-05,4.233222177010899129e-05,0.000000000000000000e+00,6.227578525703034162e-03,1.897211746267412645e-05,1.897211746240508168e-05,1.897211746550980980e-05,1.897211745361207671e-05
1.104982734644771245e-03,0.000000000000000000e+00,6.032120122969000949e-05,4.212403339622453215e-05,0.000000000000000000e+00,6.227578293390300009e-03,1.943423793566699553e-05,1.943423793454077036e-05,1.943423793605635286e-05,1.943423792474273368e-05
1.109982656520991894e-03,0.000000000000000000e+00,6.019234052711975588e-05,4.191609026467618248e-05,0.000000000000000000e+00,6.227578368611634378e-03,2.062361606877991622e-05,2.062361606663741076e-05,2.062361606410304413e-05,2.062361605326604701e-05
1.114982578397212543e-03,0.000000000000000000e+00,6.020917896991393386e-05,4.170839237546394228e-05,0.000000000000000000e+00,6.227578544494705506e-03,2.405518385092025573e-05,2.405518384757332023e-05,2.405518385078780349e-05,2.405518384030655682e-05
1.119982500273433192e-03,0.000000000000000000e+00,6.023882208263378672e-05,4.150093972858782509e-05,0.000000000000000000e+00,6.227578484860960516e-03,3.065634737928293771e-05,3.065634737454156575e-05,3.065634738047742357e-05,3.065634737023684945e-05
1.124982422149653841e-03,0.000000000000000000e+00,6.014740252977532532e-05,4.129373232404783093e-05,0.000000000000000000e+00,6.227578183460942725e-03,3.988088719025540833e-05,3.988088718394901765e-05,3.988088718807840491e-05,3.988088717798247691e-05
1.129982344025874707e-03,0.000000000000000000e+00,5.982434530351684731e-05,4.108677016184395300e-05,0.000000000000000000e+00,6.227577910556358377e-03,5.000152976463299761e-05,5.000152975662426722e-05,5.000152976318115604e-05,5.000152975315992957e-05
1.134982265902095356e-03,0.000000000000000000e+00,5.920039408529689556e-05,4.088005324197617777e-05,0.000000000000000000e+00,6.227577877087484004e-03,5.904855000958990948e-05,5.904854999978002790e-05,5.904855000541802150e-05,5.904854999543388829e-05
1.139982187778316005e-03,0.000000000000000000e+00,5.826157957402016140e-05,4.067358156444453234e-05,0.000000000000000000e+00,6.227578115262099451e-03,6.584433590877826589e-05,6.584433589711082750e-05,6.584433590896644273e-05,6.584433589902079871e-05
1.144982109654536654e-03,0.000000000000000000e+00,5.705024715923080313e-05,4.046735512924900992e-05,0.000000000000000000e+00,6.227578471259747478e-03,7.005498926125683227e-05,7.005498924772353615e-05,7.005498926697284099e-05,7.005498925710702135e-05
1.149982031530757303e-03,0.000000000000000000e+00,5.565491259841843754e-05,4.026137393638961053e-05,0.000000000000000000e+00,6.227578668199086447e-03,7.163476524927467272e-05,7.163476523391375055e-05,7.163476524626720431e-05,7.163476523655706255e-05
1.154981953406977952e-03,0.000000000000000000e+00,5.418731807138388253e-05,4.005563798586630705e-05,0.000000000000000000e+00,6.227578617781357427e-03,7.054918048552042786e-05,7.054918046840189200e-05,7.054918047356222000e-05,7.054918046410407393e-05
1.159981875283198818e-03,0.000000000000000000e+00,5.275945324541240084e-05,3.985014727767912659e-05,0.000000000000000000e+00,6.227578528375445933e-03,6.675846780328863303e-05,6.675846778448935341e-05,6.675846778488173973e-05,6.675846777577261189e-05
1.164981797159419467e-03,0.000000000000000000e+00,5.147598411998939577e-05,3.964490181182807592e-05,0.000000000000000000e+00,6.227578562456994281e-03,6.066190122811906320e-05,6.066190120769928079e-05,6.066190120964908288e-05,6.066190120096618879e-05
1.169981719035640116e-03,0.000000000000000000e+00,5.043727315304553672e-05,3.943990158831314828e-05,0.000000000000000000e+00,6.227578626019283393e-03,5.337181276597771060e-05,5.337181274397603657e-05,5.337181275524734814e-05,5.337181274703227374e-05
1.174981640911860765e-03,0.000000000000000000e+00,4.974140560132703752e-05,3.923514660713431655e-05,0.000000000000000000e+00,6.227578605499567259e-03,4.603568387586513279e-05,4.603568385231160631e-05,4.603568386615896192e-05,4.603568385841401791e-05
1.179981562788081414e-03,0.000000000000000000e+00,4.947597454100171287e-05,3.903063686829160784e-05,0.000000000000000000e+00,6.227578540628899394e-03,3.934949694719414839e-05,3.934949692213440082e-05,3.934949693645838526e-05,3.934949692915713744e-05
1.184981484664302063e-03,0.000000000000000000e+00,4.970560286543075298e-05,3.882637237178502215e-05,0.000000000000000000e+00,6.227578488585230540e-03,3.366605332239626163e-05,3.366605329591221800e-05,3.366605331134495501e-05,3.366605330444900906e-05
1.189981406540522929e-03,0.000000000000000000e+00,5.046009840663822011e-05,3.862235311761455948e-05,0.000000000000000000e+00,6.227578484844886568e-03,2.899125342962949634e-05,2.899125340184819803e-05,2.899125341447754059e-05,2.899125340795453309e-05
1.194981328416743578e-03,0.000000000000000000e+00,5.172107190354952239e-05,3.841857910578019950e-05,0.000000000000000000e+00,6.227578560564657299e-03,2.499995646954033830e-05,2.499995644063043973e-05,2.499995645313452306e-05,2.499995644697094213e-05
1.199981250292964227e-03,0.000000000000000000e+00,5.341704106563641282e-05,3.821505033628196254e-05,0.000000000000000000e+00,6.227578638649415577e-03,2.113563081196466527e-05,2.113563078212641182e-05,2.113563079993764784e-05,2.113563079414660894e-05
1.204981172169184876e-03,0.000000000000000000e+00,5.543264702366394270e-05,3.801176680911984860e-05,0.000000000000000000e+00,6.227578609922080830e-03,1.675310354817069610e-05,1.675310351762275101e-05,1.675310352962750164e-05,1.675310352425252871e-05
1.209981094045405525e-03,0.000000000000000000e+00,5.762692228661657836e-05,3.780872852429385768e-05,0.000000000000000000e+00,6.227578458887860109e-03,1.145048726378258640e-05,1.145048723274666225e-05,1.145048724076465241e-05,1.145048723587764669e-05
1.214981015921626174e-03,0.000000000000000000e+00,5.985781749388044371e-05,3.760593548180397622e-05,0.000000000000000000e+00,6.227578290348226471e-03,5.274225227939149021e-06,5.274225196617031067e-06,5.274225205200144671e-06,5.274225200891938589e-06
1.219980937797847040e-03,0.000000000000000000e+00,6.201026027957764629e-05,3.740338768165020423e-05,0.000000000000000000e+00,6.227578283512964080e-03,-1.240000474433573943e-06,-1.240000505890776711e-06,-1.240000496626206467e-06,-1.240000500261644772e-06
1.224980859674067689e-03,0.000000000000000000e+00,6.402729518633537879e-05,3.720108512383255527e-05,0.000000000000000000e+00,6.227578442056250219e-03,-6.988653344302246610e-06,-6.988653375819375266e-06,-6.988653354675083233e-06,-6.988653357562621938e-06
1.229980781550288338e-03,0.000000000000000000e+00,6.592790185880820838e-05,3.699902780835103610e-05,0.000000000000000000e+00,6.227578486564436418e-03,-1.065736070581528350e-05,-1.065736073740421175e-05,-1.065736071565231927e-05,-1.065736071775123472e-05
1.234980703426508987e-03,0.000000000000000000e+00,6.778438372933888597e-05,3.679721573520562639e-05,0.000000000000000000e+00,6.227578243420147860e-03,-1.126773644886553109e-05,-1.126773648061286636e-05,-1.126773645978112440e-05,-1.126773646108660885e-05
1.239980625302729636e-03,0.000000000000000000e+00,6.966987429713710205e-05,3.659564890439632616e-05,0.000000000000000000e+00,6.227577949947475482e-03,-8.617600661775224084e-06,-8.617600693807314890e-06,-8.617600674793439469e-06,-8.617600675324041235e-06
1.244980547178950285e-03,0.000000000000000000e+00,7.160391940966465173e-05,3.639432731592314894e-05,0.000000000000000000e+00,6.227577918080500277e-03,-3.746175818458786895e-06,-3.746175850896941908e-06,-3.746175845371128082e-06,-3.746175845149012327e-06
1.249980469055171151e-03,0.000000000000000000e+00,7.352375605658962947e-05,3.619325096978609474e-05,0.000000000000000000e+00,6.227578163623650326e-03,1.400469567188123911e-06,1.400469534264387779e-06,1.400469537292979069e-06,1.400469538260637767e-06
1.254980390931391800e-03,0.000000000000000000e+00,7.530472175026308031e-05,3.599241986598516357e-05,0.000000000000000000e+00,6.227578430414963326e-03,5.041968845704576963e-06,5.041968812272314437e-06,5.041968821770437923e-06,5.041968823504099220e-06
1.259980312807612449e-03,0.000000000000000000e+00,7.681292620802188185e-05,3.579183400452032830e-05,0.000000000000000000e+00,6.227578515933684770e-03,6.385543047702686759e-06,6.385543013787453670e-06,6.385543031900562068e-06,6.385543034454250360e-06
1.264980234683833098e-03,0.000000000000000000e+00,7.795998854828404677e-05,3.559149338539162284e-05,0.000000000000000000e+00,6.227578569784542571e-03,5.864122371153333552e-06,5.864122336809805876e-06,5.864122363426310219e-06,5.864122366885708819e-06
1.269980156560053747e-03,0.000000000000000000e+00,7.872885321427009180e-05,3.539139800859904039e-05,0.000000000000000000e+00,6.227578766836668923e-03,4.571496305890953958e-06,4.571496271179369291e-06,4.571496295225130333e-06,4.571496299701753669e-06
1.274980078436274396e-03,0.000000000000000000e+00,7.915667235124936810e-05,3.519154787414258096e-05,0.000000000000000000e+00,6.227578905616459534e-03,3.390792677166138962e-06,3.390792642132419194e-06,3.390792654654383386e-06,3.390792660273564383e-06
1.279980000312495262e-03,0.000000000000000000e+00,7.930575479126480932e-05,3.499194298202221745e-05,0.000000000000000000e+00,6.227578756536916553e-03,2.857392385161463711e-06,2.857392349823670974e-06,2.857392354304947910e-06,2.857392361184281845e-06
1.284979922188715911e-03,0.000000000000000000e+00,7.924595492947339079e-05,3.479258333223797696e-05,0.000000000000000000e+00,6.227578486803273146e-03,3.180341587049139817e-06,3.180341551387175713e-06,3.180341557670947230e-06,3.180341565896648506e-06
1.289979844064936560e-03,0.000000000000000000e+00,7.905112834376969318e-05,3.459346892478986626e-05,0.000000000000000000e+00,6.227578349885098431e-03,3.898924225492225406e-06,3.898924189444678351e-06,3.898924200684490465e-06,3.898924210292890018e-06
1.294979765941157209e-03,0.000000000000000000e+00,7.880428770527263716e-05,3.439459975967787858e-05,0.000000000000000000e+00,6.227578364215597025e-03,3.890183754216312498e-06,3.890183717689575188e-06,3.890183728652844597e-06,3.890183739626610439e-06
1.299979687817377858e-03,0.000000000000000000e+00,7.859594454254084997e-05,3.419597583690198682e-05,0.000000000000000000e+00,6.227578469569719152e-03,1.748197515256121623e-06,1.748197478146950906e-06,1.748197485907886897e-06,1.748197498188004548e-06
1.304979609693598507e-03,0.000000000000000000e+00,7.850884491508037914e-05,3.399759715646221808e-05,0.000000000000000000e+00,6.227578563190153474e-03,-3.338881359288341190e-06,-3.338881397059535917e-06,-3.338881384387682469e-06,-3.338881370880776507e-06
1.309979531569819156e-03,0.000000000000000000e+00,7.859518033366527981e-05,3.379946371835857236e-05,0.000000000000000000e+00,6.227578544751805403e-03,-1.068266434812432079e-05,-1.068266438658371624e-05,-1.068266437178729748e-05,-1.068266435713558245e-05
1.314979453446040022e-03,0.000000000000000000e+00,7.885523769375998209e-05,3.360157552259104965e-05,0.000000000000000000e+00,6.227578472009904359e-03,-1.857593347240478918e-05,-1.857593351151235118e-05,-1.857593349838990669e-05,-1.857593348266799264e-05
1.319979375322260671e-03,0.000000000000000000e+00,7.923130601875590941e-05,3.340393256915963642e-05,0.000000000000000000e+00,6.227578457553004272e-03,-2.550593222013929247e-05,-2.550593225979813739e-05,-2.550593224402909442e-05,-2.550593222730309734e-05
1.324979297198481320e-03,0.000000000000000000e+00,7.963123152925392304e-05,3.320653485806433942e-05,0.000000000000000000e+00,6.227578485118865324e-03,-3.087905556635627864e-05,-3.087905560643918552e-05,-3.087905558691819317e-05,-3.087905556924592815e-05
1.329979219074701969e-03,0.000000000000000000e+00,7.997743329705215198e-05,3.300938238930516545e-05,0.000000000000000000e+00,6.227578501788763425e-03,-3.491384995846466316e-05,-3.491384999884524453e-05,-3.491384997856759425e-05,-3.491384995999627491e-05
1.334979140950922618e-03,0.000000000000000000e+00,8.026288590611971514e-05,3.281247516288211450e-05,0.000000000000000000e+00,6.227578539969149361e-03,-3.772818992947202021e-05,-3.772818997004890316e-05,-3.772818995992451485e-05,-3.772818994048912026e-05
1.339979062827143267e-03,0.000000000000000000e+00,8.057987377646703584e-05,3.261581317879517301e-05,0.000000000000000000e+00,6.227578641414578675e-03,-3.903390504574795076e-05,-3.903390508646127378e-05,-3.903390507985008675e-05,-3.903390505957819631e-05
1.344978984703364133e-03,0.000000000000000000e+00,8.109349424566325364e-05,3.241939643704434099e-05,0.000000000000000000e+00,6.227578719756708334e-03,-3.864450182911639977e-05,-3.864450186996002355e-05,-3.864450185554022953e-05,-3.864450183446588039e-05
1.349978906579584782e-03,0.000000000000000000e+00,8.197520908058662521e-05,3.222322493762963199e-05,0.000000000000000000e+00,6.227578644130448739e-03,-3.689770594350762602e-05,-3.689770598453782745e-05,-3.689770595704784748e-05,-3.689770593523134163e-05
1.354978828455805431e-03,0.000000000000000000e+00,8.333068503920129861e-05,3.202729868055105279e-05,0.000000000000000000e+00,6.227578494879157725e-03,-3.489512219691407000e-05,-3.489512223825047045e-05,-3.489512220394673384e-05,-3.489512218148779077e-05
1.359978750332026080e-03,0.000000000000000000e+00,8.515368914740594625e-05,3.183161766580858983e-05,0.000000000000000000e+00,6.227578464161902597e-03,-3.388187108795529033e-05,-3.388187112976655778e-05,-3.388187110113210078e-05,-3.388187107816666589e-05
1.364978672208246729e-03,0.000000000000000000e+00,8.732352693450972888e-05,3.163618189340222956e-05,0.000000000000000000e+00,6.227578563845943133e-03,-3.411731023547383810e-05,-3.411731027794637401e-05,-3.411731025766817486e-05,-3.411731023434407234e-05
1.369978594084467378e-03,0.000000000000000000e+00,8.963944668716643585e-05,3.144099136333199232e-05,0.000000000000000000e+00,6.227578582859282647e-03,-3.477202436218318124e-05,-3.477202440548282110e-05,-3.477202440193108998e-05,-3.477202437837216960e-05
1.374978515960688244e-03,0.000000000000000000e+00,9.187618674902993561e-05,3.124604607559787809e-05,0.000000000000000000e+00,6.227578393504302166e-03,-3.488502459994374772e-05,-3.488502464417984010e-05,-3.488502464718358834e-05,-3.488502462346205118e-05
1.379978437836908893e-03,0.000000000000000000e+00,9.383933972572818785e-05,3.105134603019988688e-05,0.000000000000000000e+00,6.227578187229384013e-03,-3.429273352674801922e-05,-3.429273357195606497e-05,-3.429273355797096825e-05,-3.429273353409895738e-05
1.384978359713129542e-03,0.000000000000000000e+00,9.540222773889971153e-05,3.085689122713799158e-05,0.000000000000000000e+00,6.227578167499118848e-03,-3.371544505369510129e-05,-3.371544509984241849e-05,-3.371544507247522442e-05,-3.371544504841377633e-05
1.389978281589350191e-03,0.000000000000000000e+00,9.651802132533932141e-05,3.066268166641222608e-05,0.000000000000000000e+00,6.227578261837195261e-03,-3.390947254733126524e-05,-3.390947259433910014e-05,-3.390947256439317864e-05,-3.390947254007232163e-05
1.394978203465570840e-03,0.000000000000000000e+00,9.720853822873396974e-05,3.046871734802258699e-05,0.000000000000000000e+00,6.227578333791247353e-03,-3.493634125108935627e-05,-3.493634129886080832e-05,-3.493634126693987704e-05,-3.493634124227397946e-05
1.399978125341791490e-03,0.000000000000000000e+00,9.753871821413296922e-05,3.027499827196905398e-05,0.000000000000000000e+00,6.227578400826822361e-03,-3.633005324649882332e-05,-3.633005329493846917e-05,-3.633005326084586060e-05,-3.633005323574741379e-05
1.404978047218012355e-03,0.000000000000000000e+00,9.759302224518243379e-05,3.008152443825164399e-05,0.000000000000000000e+00,6.227578472865921005e-03,-3.723819342681124834e-05,-3.723819347583241280e-05,-3.723819344521056579e-05,-3.723819341960595919e-05
1.409977969094233004e-03,0.000000000000000000e+00,9.745844055084970799e-05,2.988829584687034685e-05,0.000000000000000000e+00,6.227578415077805567e-03,-3.663764608874879407e-05,-3.663764613827252012e-05,-3.663764611472869725e-05,-3.663764608857493548e-05
1.414977890970453654e-03,0.000000000000000000e+00,9.720560783823506911e-05,2.969531249782517273e-05,0.000000000000000000e+00,6.227578270087761290e-03,-3.400837350349206141e-05,-3.400837355344237358e-05,-3.400837353279795804e-05,-3.400837350609706719e-05
1.419977812846674303e-03,0.000000000000000000e+00,9.686828459177841504e-05,2.950257439111611147e-05,0.000000000000000000e+00,6.227578325262835869e-03,-2.963557371218316155e-05,-2.963557376248012365e-05,-2.963557374358308287e-05,-2.963557371638085355e-05
1.424977734722894952e-03,0.000000000000000000e+00,9.643307864011318271e-05,2.931008152674317323e-05,0.000000000000000000e+00,6.227578584491594987e-03,-2.451456122639438410e-05,-2.451456127694412454e-05,-2.451456126046306229e-05,-2.451456123282582056e-05
1.429977656599115601e-03,0.000000000000000000e+00,9.585650791375432067e-05,2.911783390470634784e-05,0.000000000000000000e+00,6.227578725217562325e-03,-1.970020516404382587e-05,-1.970020521472311831e-05,-1.970020520035976717e-05,-1.970020517233712885e-05
1.434977578475336467e-03,0.000000000000000000e+00,9.510702186857723035e-05,2.892583152500564209e-05,0.000000000000000000e+00,6.227578586752781017e-03,-1.583104816862450633e-05,-1.583104821926806076e-05,-1.583104820339991493e-05,-1.583104817498639122e-05
1.439977500351557116e-03,0.000000000000000000e+00,9.420730916374995406e-05,2.873407438764105258e-05,0.000000000000000000e+00,6.227578348848255077e-03,-1.320671221253545352e-05,-1.320671226293333112e-05,-1.320671223765212001e-05,-1.320671220876859975e-05
1.444977422227777765e-03,0.000000000000000000e+00,9.324956714135657044e-05,2.854256249261258270e-05,0.000000000000000000e+00,6.227578261154800149e-03,-1.150242158170158174e-05,-1.150242163161150399e-05,-1.150242159655583590e-05,-1.150242156706015138e-05
1.449977344103998414e-03,0.000000000000000000e+00,9.236746176277454761e-05,2.835129583992022906e-05,0.000000000000000000e+00,6.227578324583871172e-03,-9.797644686513233895e-06,-9.797644735692024410e-06,-9.797644701550487834e-06,-9.797644671264401289e-06
1.454977265980219063e-03,0.000000000000000000e+00,9.167576811126689829e-05,2.816027442956399506e-05,0.000000000000000000e+00,6.227578410200970520e-03,-7.197918238523997057e-06,-7.197918286762716527e-06,-7.197918261540277643e-06,-7.197918230283788649e-06
1.459977187856439712e-03,0.000000000000000000e+00,9.121068245871321483e-05,2.796949826154387729e-05,0.000000000000000000e+00,6.227578502838015256e-03,-3.243742704312851059e-06,-3.243742751463028583e-06,-3.243742737152798268e-06,-3.243742704773994430e-06
1.464977109732660361e-03,0.000000000000000000e+00,9.090882815643704052e-05,2.777896733585987578e-05,0.000000000000000000e+00,6.227578578470029796e-03,1.913230310667984370e-06,1.913230264679689139e-06,1.913230273955939121e-06,1.913230307563313850e-06
1.469977031608881227e-03,0.000000000000000000e+00,9.064126762425596927e-05,2.758868165251199389e-05,0.000000000000000000e+00,6.227578572144031044e-03,7.619471411670029543e-06,7.619471366842273635e-06,7.619471377153436942e-06,7.619471412036259484e-06
1.474976953485101876e-03,0.000000000000000000e+00,9.028193787631958735e-05,2.739864121150022486e-05,0.000000000000000000e+00,6.227578567470295687e-03,1.305222585817960628e-05,1.305222581444326165e-05,1.305222583402145244e-05,1.305222587015785325e-05
1.479976875361322525e-03,0.000000000000000000e+00,8.977076844208012590e-05,2.720884601282458224e-05,0.000000000000000000e+00,6.227578668440487963e-03,1.735572243619263412e-05,1.735572239342233564e-05,1.735572241904147732e-05,1.735572245633702239e-05
1.484976797237543174e-03,0.000000000000000000e+00,8.914112112922366847e-05,2.701929605648505247e-05,0.000000000000000000e+00,6.227578764489408517e-03,1.980309103809801957e-05,1.980309099612761835e-05,1.980309101023689688e-05,1.980309104853441416e-05
1.489976719113763823e-03,0.000000000000000000e+00,8.850394161323122376e-05,2.682999134248164233e-05,0.000000000000000000e+00,6.227578686986953542e-03,1.997528776625571065e-05,1.997528772489492581e-05,1.997528773621219401e-05,1.997528777532337453e-05
1.494976640989984472e-03,0.000000000000000000e+00,8.799932047791365214e-05,2.664093187081434505e-05,0.000000000000000000e+00,6.227578455309871509e-03,1.816546044886017855e-05,1.816546040791248490e-05,1.816546042675835134e-05,1.816546046650627363e-05
1.499976562866205338e-03,0.000000000000000000e+00,8.773826616444929205e-05,2.645211764148317079e-05,0.000000000000000000e+00,6.227578241773558745e-03,1.583797149307366101e-05,1.583797145234951630e-05,1.583797146942963075e-05,1.583797150968725681e-05
1.504976484742425987e-03,0.000000000000000000e+00,8.776378457221776055e-05,2.626354865448810599e-05,0.000000000000000000e+00,6.227578146923954880e-03,1.492449279327204285e-05,1.492449275259146105e-05,1.492449277143653128e-05,1.492449281214382342e-05
1.509976406618646636e-03,0.000000000000000000e+00,8.804730501488981613e-05,2.607522490982917100e-05,0.000000000000000000e+00,6.227578162607402476e-03,1.636842455331489411e-05,1.636842451250423346e-05,1.636842453728572054e-05,1.636842457843520454e-05
1.514976328494867285e-03,0.000000000000000000e+00,8.850859765689128946e-05,2.588714640750634547e-05,0.000000000000000000e+00,6.227578301353051994e-03,1.956466996239501736e-05,1.956466992128121378e-05,1.956466993952833973e-05,1.956466998112964126e-05
1.519976250371087934e-03,0.000000000000000000e+00,8.903906595225781430e-05,2.569931314751964295e-05,0.000000000000000000e+00,6.227578494095638642e-03,2.320765716622326052e-05,2.320765712463100869e-05,2.320765713312698293e-05,2.320765717516918883e-05
1.524976172247308583e-03,0.000000000000000000e+00,8.952500683839696249e-05,2.551172512986904991e-05,0.000000000000000000e+00,6.227578558958474231e-03,2.647914500154203879e-05,2.647914495929913690e-05,2.647914496752132977e-05,2.647914500994599137e-05
1.529976094123529449e-03,0.000000000000000000e+00,8.987787372344993391e-05,2.532438235455457989e-05,0.000000000000000000e+00,6.227578458390956376e-03,2.916871963729641824e-05,2.916871959424228579e-05,2.916871960498106437e-05,2.916871964767252102e-05
1.534976015999750098e-03,0.000000000000000000e+00,9.006314017331259493e-05,2.513728482157622272e-05,0.000000000000000000e+00,6.227578356870322462e-03,3.113378387361602950e-05,3.113378382960975410e-05,3.113378384497144199e-05,3.113378388775966369e-05
1.539975937875970747e-03,0.000000000000000000e+00,9.010443282168164247e-05,2.495043253093398857e-05,0.000000000000000000e+00,6.227578337047120355e-03,3.215128681297873300e-05,3.215128676790838093e-05,3.215128679186202544e-05,3.215128683453084260e-05
1.544975859752191396e-03,0.000000000000000000e+00,9.005733217160330169e-05,2.476382548262787066e-05,0.000000000000000000e+00,6.227578303831627499e-03,3.188360160326135452e-05,3.188360155705340332e-05,3.188360158942649434e-05,3.188360163173158877e-05
1.549975781628412045e-03,0.000000000000000000e+00,8.997160647160767119e-05,2.457746367665787239e-05,0.000000000000000000e+00,6.227578225397707549e-03,2.990050224105903929e-05,2.990050219369126282e-05,2.990050222094426329e-05,2.990050226264623638e-05
1.554975703504632694e-03,0.000000000000000000e+00,8.986558659761891617e-05,2.439134711302398697e-05,0.000000000000000000e+00,6.227578234092524985e-03,2.604136997397390541e-05,2.604136992549080338e-05,2.604136993318938758e-05,2.604136997409936115e-05
1.559975625380853560e-03,0.000000000000000000e+00,8.972990014997838065e-05,2.420547579172622118e-05,0.000000000000000000e+00,6.227578422550502507e-03,2.091910700546996274e-05,2.091910695599245420e-05,2.091910696630902073e-05,2.091910700633764974e-05
1.564975547257074209e-03,0.000000000000000000e+00,8.955987360245356167e-05,2.401984971276457164e-05,0.000000000000000000e+00,6.227578717828517220e-03,1.598489462268111637e-05,1.598489457240330738e-05,1.598489459773233350e-05,1.598489463691913373e-05
1.569975469133294858e-03,0.000000000000000000e+00,8.939382512451717673e-05,2.383446887613904173e-05,0.000000000000000000e+00,6.227578941550245863e-03,1.304841665230755611e-05,1.304841660147398847e-05,1.304841662683229652e-05,1.304841666534255291e-05
1.574975391009515507e-03,0.000000000000000000e+00,8.931893885966991334e-05,2.364933328184963145e-05,0.000000000000000000e+00,6.227578985467189729e-03,1.360226411072819912e-05,1.360226405959870358e-05,1.360226408212000691e-05,1.360226412020598958e-05
1.579975312885736156e-03,0.000000000000000000e+00,8.942718787826224667e-05,2.346444292989633741e-05,0.000000000000000000e+00,6.227578933719316381e-03,1.806846111633987522e-05,1.806846106515874625e-05,1.806846107901339651e-05,1.806846111695416723e-05
1.584975234761956805e-03,0.000000000000000000e+00,8.975494921244724479e-05,2.327979782027916300e-05,0.000000000000000000e+00,6.227578869630188280e-03,2.545431732131125328e-05,2.545431727028553453e-05,2.545431728037524869e-05,2.545431731842453111e-05
1.589975156638177671e-03,0.000000000000000000e+00,9.025625040176842332e-05,2.309539795299810145e-05,0.000000000000000000e+00,6.227578716821266513e-03,3.360489667889381366e-05,3.360489662818661995e-05,3.360489664484933012e-05,3.360489668320800318e-05
1.594975078514398320e-03,0.000000000000000000e+00,9.082475718758724424e-05,2.291124332805315953e-05,0.000000000000000000e+00,6.227578422381550849e-03,4.009262887758844067e-05,4.009262882732638649e-05,4.009262883976752510e-05,4.009262887857740923e-05
1.599975000390618969e-03,0.000000000000000000e+00,9.134177599264455005e-05,2.272733394544433047e-05,0.000000000000000000e+00,6.227578114588470763e-03,4.329214936749758286e-05,4.329214931778000146e-05,4.329214932646439988e-05,4.329214936581677811e-05
1.604974922266839618e-03,0.000000000000000000e+00,9.172090618023123114e-05,2.254366980517162782e-05,0.000000000000000000e+00,6.227577992122864531e-03,4.286440044250713097e-05,4.286440039341263378e-05,4.286440040473293774e-05,4.286440044468239289e-05
1.609974844143060267e-03,0.000000000000000000e+00,9.192906884943852718e-05,2.236025090723503802e-05,0.000000000000000000e+00,6.227578124633851089e-03,3.971380003618933950e-05,3.971379998778043079e-05,3.971380000163296346e-05,3.971380004221223843e-05
1.614974766019280916e-03,0.000000000000000000e+00,9.198235817987832281e-05,2.217707725163457124e-05,0.000000000000000000e+00,6.227578367333929006e-03,3.524304430790740802e-05,3.524304426023737631e-05,3.524304427897151571e-05,3.524304432021087329e-05
1.619974687895501782e-03,0.000000000000000000e+00,9.192872348160637517e-05,2.199414883837021392e-05,0.000000000000000000e+00,6.227578448327965137e-03,3.044900398482335523e-05,3.044900393794576011e-05,3.044900395709141522e-05,3.044900399904035601e-05
1.624974609771722431e-03,0.000000000000000000e+00,9.183213018886484031e-05,2.181146566744197963e-05,0.000000000000000000e+00,6.227578307681701404e-03,2.573412169115916494e-05,2.573412164513107610e-05,2.573412166221368422e-05,2.573412170496330832e-05
1.629974531647943080e-03,0.000000000000000000e+00,9.176403731540571360e-05,2.162902773884985480e-05,0.000000000000000000e+00,6.227578202384508564e-03,2.112225351297622168e-05,2.112225346785157480e-05,2.112225347937973048e-05,2.112225352306763669e-05
1.634974453524163729e-03,0.000000000000000000e+00,9.178617577909062915e-05,2.144683505259385977e-05,0.000000000000000000e+00,6.227578289085885545e-03,1.668399503493066754e-05,1.668399499074728093e-05,1.668399499600742330e-05,1.668399504079206777e-05
1.639974375400384378e-03,0.000000000000000000e+00,9.192410044488927279e-05,2.126488760867397421e-05,0.000000000000000000e+00,6.227578413772891057e-03,1.280687355970435073e-05,1.280687351646415564e-05,1.280687351918231994e-05,1.280687356519756098e-05
1.644974297276605027e-03,0.000000000000000000e+00,9.215431466367804728e-05,2.108318540709021167e-05,0.000000000000000000e+00,6.227578416258212034e-03,9.690901229245647125e-06,9.690901186903237504e-06,9.690901183952852342e-06,9.690901231258517587e-06
1.649974219152825676e-03,0.000000000000000000e+00,9.241388042904601812e-05,2.090172844784256198e-05,0.000000000000000000e+00,6.227578332970469879e-03,6.945779762349696407e-06,6.945779720817610172e-06,6.945779712601681116e-06,6.945779761148089539e-06
1.654974141029046542e-03,0.000000000000000000e+00,9.262425509089507549e-05,2.072051673093103192e-05,0.000000000000000000e+00,6.227578280823340383e-03,3.977421797482969296e-06,3.977421756648159736e-06,3.977421752237176371e-06,3.977421801861113194e-06
1.659974062905267191e-03,0.000000000000000000e+00,9.271915719122602326e-05,2.053955025635561472e-05,0.000000000000000000e+00,6.227578346309288644e-03,4.586064826698147540e-07,4.586064424133495496e-07,4.586064484937302452e-07,4.586064989400585563e-07
1.664973984781487840e-03,0.000000000000000000e+00,9.267130144357754533e-05,2.035882902411632054e-05,0.000000000000000000e+00,6.227578557832342925e-03,-3.222140915583154136e-06,-3.222140955372849553e-06,-3.222140949351452420e-06,-3.222140898393597100e-06
1.669973906657708489e-03,0.000000000000000000e+00,9.250905294278008830e-05,2.017835303421314260e-05,0.000000000000000000e+00,6.227578814754430696e-03,-6.170838053645861072e-06,-6.170838093064549281e-06,-6.170838095405651786e-06,-6.170838044267664745e-06
1.674973828533929138e-03,0.000000000000000000e+00,9.231101219852381166e-05,1.999812228664608429e-05,0.000000000000000000e+00,6.227578891558901465e-03,-7.764378786354354179e-06,-7.764378825469818993e-06,-7.764378826563416455e-06,-7.764378775571084354e-06
1.679973750410149787e-03,0.000000000000000000e+00,9.217639077757732293e-05,1.981813678141514223e-05,0.000000000000000000e+00,6.227578690983534386e-03,-7.922722265906879377e-06,-7.922722304745632080e-06,-7.922722308740264870e-06,-7.922722258187383626e-06
1.684973672286370653e-03,0.000000000000000000e+00,9.218966494757300438e-05,1.963839651852031641e-05,0.000000000000000000e+00,6.227578455583038415e-03,-7.276180183255242055e-06,-7.276180221789959904e-06,-7.276180228433578123e-06,-7.276180178556008295e-06
1.689973594162591302e-03,0.000000000000000000e+00,9.239238267917607302e-05,1.945890149796161022e-05,0.000000000000000000e+00,6.227578403507798462e-03,-6.785918964520340260e-06,-6.785919002666508850e-06,-6.785919006861890990e-06,-6.785918957818939148e-06
1.694973516038811951e-03,0.000000000000000000e+00,9.276277636028121536e-05,1.927965171973902028e-05,0.000000000000000000e+00,6.227578456032116690e-03,-6.938706422715876622e-06,-6.938706460348794068e-06,-6.938706469116881880e-06,-6.938706420987479635e-06
1.699973437915032600e-03,0.000000000000000000e+00,9.322032978808214283e-05,1.910064718385254997e-05,0.000000000000000000e+00,6.227578508110782722e-03,-7.518570386155113162e-06,-7.518570423142612678e-06,-7.518570434141568432e-06,-7.518570386944077766e-06
1.704973359791253249e-03,0.000000000000000000e+00,9.365515121868222637e-05,1.892188789030219590e-05,0.000000000000000000e+00,6.227578576972960835e-03,-7.591362966675014515e-06,-7.591363002913166852e-06,-7.591363016790920779e-06,-7.591362970520522919e-06
1.709973281667473899e-03,0.000000000000000000e+00,9.396709019732769181e-05,1.874337383908796146e-05,0.000000000000000000e+00,6.227578615439869313e-03,-6.094960155855364017e-06,-6.094960191292305348e-06,-6.094960207233980412e-06,-6.094960161900860084e-06
1.714973203543694764e-03,0.000000000000000000e+00,9.410081079893948652e-05,1.856510503020983988e-05,0.000000000000000000e+00,6.227578527004509583e-03,-2.777364438114432286e-06,-2.777364472752397932e-06,-2.777364489014302271e-06,-2.777364444664216195e-06
1.719973125419915413e-03,0.000000000000000000e+00,9.405279285349137011e-05,1.838708146366784132e-05,0.000000000000000000e+00,6.227578391031295992e-03,1.836421498396558549e-06,1.836421464512201504e-06,1.836421450742010598e-06,1.836421494036490334e-06
1.724973047296136063e-03,0.000000000000000000e+00,9.385662829320880489e-05,1.820930313946195222e-05,0.000000000000000000e+00,6.227578355468497626e-03,6.957360573219880116e-06,6.957360540016740849e-06,6.957360533299386719e-06,6.957360575468678052e-06
1.729972969172356712e-03,0.000000000000000000e+00,9.356407263456112682e-05,1.803177005759218953e-05,0.000000000000000000e+00,6.227578419124525123e-03,1.184555295787639287e-05,1.184555292526958851e-05,1.184555291712787733e-05,1.184555295813870542e-05
1.734972891048577361e-03,0.000000000000000000e+00,9.322534141325791073e-05,1.785448221805853970e-05,0.000000000000000000e+00,6.227578499609275932e-03,1.603605682922575680e-05,1.603605679712762961e-05,1.603605678695023737e-05,1.603605682683155719e-05
1.739972812924798010e-03,0.000000000000000000e+00,9.287863011204224278e-05,1.767743962086101289e-05,0.000000000000000000e+00,6.227578511199116998e-03,1.915816885067914773e-05,1.915816881901223485e-05,1.915816880799256998e-05,1.915816884684582220e-05
1.744972734801018876e-03,0.000000000000000000e+00,9.254299162360554427e-05,1.750064226599959554e-05,0.000000000000000000e+00,6.227578466279697252e-03,2.069743015760897037e-05,2.069743012632487911e-05,2.069743011538480485e-05,2.069743015337972131e-05
1.749972656677239525e-03,0.000000000000000000e+00,9.220877202842461026e-05,1.732409015347430122e-05,0.000000000000000000e+00,6.227578514134639483e-03,2.009022599056373176e-05,2.009022595966035470e-05,2.009022594868741895e-05,2.009022598604545134e-05
1.754972578553460174e-03,0.000000000000000000e+00,9.184116000021590675e-05,1.714778328328511975e-05,0.000000000000000000e+00,6.227578664283535403e-03,1.676439903670038810e-05,1.676439900622593159e-05,1.676439899108893105e-05,1.676439902805523441e-05
1.759972500429680823e-03,0.000000000000000000e+00,9.139747645988218795e-05,1.697172165543206468e-05,0.000000000000000000e+00,6.227578759095212142e-03,1.071821845704640604e-05,1.071821842708091639e-05,1.071821841359023619e-05,1.071821845039515436e-05
1.764972422305901472e-03,0.000000000000000000e+00,9.084580230067271743e-05,1.679590526991511909e-05,0.000000000000000000e+00,6.227578701645561203e-03,2.987557596414134644e-06,2.987557567035553269e-06,2.987557548150131241e-06,2.987557584965796571e-06
1.769972344182122121e-03,0.000000000000000000e+00,9.017622233909679860e-05,1.662033412673429651e-05,0.000000000000000000e+00,6.227578510833101620e-03,-5.235317104267144749e-06,-5.235317133013829381e-06,-5.235317147649362699e-06,-5.235317110747155166e-06
1.774972266058342987e-03,0.000000000000000000e+00,8.939418581262215688e-05,1.644500822588958679e-05,0.000000000000000000e+00,6.227578301922060376e-03,-1.343935514805154276e-05,-1.343935517616569114e-05,-1.343935518196954056e-05,-1.343935514501671349e-05
1.779972187934563636e-03,0.000000000000000000e+00,8.850960192808479796e-05,1.626992756738099671e-05,0.000000000000000000e+00,6.227578204164550824e-03,-2.186144705157880654e-05,-2.186144707909515634e-05,-2.186144708851897725e-05,-2.186144705164487850e-05
1.784972109810784285e-03,0.000000000000000000e+00,8.754042454475047513e-05,1.609509215120852286e-05,0.000000000000000000e+00,6.227578198906613509e-03,-3.116711661167641208e-05,-3.116711663864297311e-05,-3.116711663997543725e-05,-3.116711660335808097e-05
1.789972031687004934e-03,0.000000000000000000e+00,8.651910258214295121e-05,1.592050197737216865e-05,0.000000000000000000e+00,6.227578182367097225e-03,-4.188990107137782959e-05,-4.188990109783815631e-05,-4.188990110410296784e-05,-4.188990106791624311e-05
1.794971953563225583e-03,0.000000000000000000e+00,8.549209719503774482e-05,1.574615704587193068e-05,0.000000000000000000e+00,6.227578192964045890e-03,-5.407140241133472785e-05,-5.407140243732125822e-05,-5.407140246150730147e-05,-5.407140242587992341e-05
1.799971875439446232e-03,0.000000000000000000e+00,8.450971645206617185e-05,1.557205735670781234e-05,0.000000000000000000e+00,6.227578335887528835e-03,-6.670446666301011829e-05,-6.670446668854581706e-05,-6.670446671183878943e-05,-6.670446667683648781e-05
1.804971797315667098e-03,0.000000000000000000e+00,8.360696488405148119e-05,1.539820290987981024e-05,0.000000000000000000e+00,6.227578585648355439e-03,-7.758908435746839018e-05,-7.758908438256677600e-05,-7.758908439320027855e-05,-7.758908435882761378e-05
1.809971719191887747e-03,0.000000000000000000e+00,8.279284001971138566e-05,1.522459370538792270e-05,0.000000000000000000e+00,6.227578765908503393e-03,-8.457929292737029865e-05,-8.457929295202414803e-05,-8.457929295236201253e-05,-8.457929291857835415e-05
1.814971641068108396e-03,0.000000000000000000e+00,8.205216652852497146e-05,1.505122974323215648e-05,0.000000000000000000e+00,6.227578670500080044e-03,-8.670527720612534084e-05,-8.670527723028892755e-05,-8.670527723674123152e-05,-8.670527720348406172e-05
1.819971562944329045e-03,0.000000000000000000e+00,8.135258041551534920e-05,1.487811102341250820e-05,0.000000000000000000e+00,6.227578353296430412e-03,-8.424867930694717041e-05,-8.424867933053179316e-05,-8.424867934828924937e-05,-8.424867931549797479e-05
1.824971484820549694e-03,0.000000000000000000e+00,8.066272341559620630e-05,1.470523754592897616e-05,0.000000000000000000e+00,6.227578156393760028e-03,-7.857494793521126652e-05,-7.857494795810181015e-05,-7.857494797464731806e-05,-7.857494794228903317e-05
1.829971406696770343e-03,0.000000000000000000e+00,7.996865664449885711e-05,1.453260931078156036e-05,0.000000000000000000e+00,6.227578224995959470e-03,-7.161903718820583631e-05,-7.161903721029683504e-05,-7.161903722382022427e-05,-7.161903719191226275e-05
1.834971328572990992e-03,0.000000000000000000e+00,7.927441912930206606e-05,1.436022631797026420e-05,0.000000000000000000e+00,6.227578355400977851e-03,-6.515302761803590096e-05,-6.515302763926799474e-05,-6.515302764600812728e-05,-6.515302761462814511e-05
1.839971250449211858e-03,0.000000000000000000e+00,7.859521876052472545e-05,1.418808856749508766e-05,0.000000000000000000e+00,6.227578374295656208e-03,-6.050321556616294910e-05,-6.050321558653821822e-05,-6.050321559405608964e-05,-6.050321556333438083e-05
1.844971172325432507e-03,0.000000000000000000e+00,7.794076615493536822e-05,1.401619605935602738e-05,0.000000000000000000e+00,6.227578333817454688e-03,-5.819220066598322074e-05,-5.819220068555405929e-05,-5.819220071111611773e-05,-5.819220068120573095e-05
1.849971094201653156e-03,0.000000000000000000e+00,7.730067838760880546e-05,1.384454879355308502e-05,0.000000000000000000e+00,6.227578385569672650e-03,-5.787531220846694883e-05,-5.787531222730854622e-05,-5.787531225379881724e-05,-5.787531222483483732e-05
1.854971016077873805e-03,0.000000000000000000e+00,7.665141041410508042e-05,1.367314677008625892e-05,0.000000000000000000e+00,6.227578557106939680e-03,-5.849284119203994905e-05,-5.849284121022611913e-05,-5.849284122432684601e-05,-5.849284119638780983e-05
1.859970937954094454e-03,0.000000000000000000e+00,7.597360176143693052e-05,1.350198998895554905e-05,0.000000000000000000e+00,6.227578708640762496e-03,-5.832334666166192494e-05,-5.832334667925582924e-05,-5.832334669302939134e-05,-5.832334666611662706e-05
1.864970859830315103e-03,0.000000000000000000e+00,7.527158386629442864e-05,1.333107845016095713e-05,0.000000000000000000e+00,6.227578741512097490e-03,-5.581006607129824939e-05,-5.581006608835295963e-05,-5.581006610481076236e-05,-5.581006607885070686e-05
1.869970781706535969e-03,0.000000000000000000e+00,7.458285224059693966e-05,1.316041215370248652e-05,0.000000000000000000e+00,6.227578664209230258e-03,-5.027778831085602518e-05,-5.027778832741620370e-05,-5.027778834143043835e-05,-5.027778831629562333e-05
1.874970703582756618e-03,0.000000000000000000e+00,7.396463556646718396e-05,1.298999109958013217e-05,0.000000000000000000e+00,6.227578530949257757e-03,-4.225711810424406182e-05,-4.225711812033578369e-05,-4.225711812827355306e-05,-4.225711810381679130e-05
1.879970625458977267e-03,0.000000000000000000e+00,7.347784659955431015e-05,1.281981528779389575e-05,0.000000000000000000e+00,6.227578427276286507e-03,-3.343085175906198035e-05,-3.343085177467822536e-05,-3.343085178891622578e-05,-3.343085176500998801e-05
1.884970547335197916e-03,0.000000000000000000e+00,7.317687885763600453e-05,1.264988471834377557e-05,0.000000000000000000e+00,6.227578431777164476e-03,-2.568279124895795148e-05,-2.568279126405603594e-05,-2.568279128576004226e-05,-2.568279126233499374e-05
1.889970469211418565e-03,0.000000000000000000e+00,7.310338614597410446e-05,1.248019939122977164e-05,0.000000000000000000e+00,6.227578503283488776e-03,-2.016311351219141675e-05,-2.016311352670966650e-05,-2.016311354871588401e-05,-2.016311352579205538e-05
1.894970391087639214e-03,0.000000000000000000e+00,7.329041547414743424e-05,1.231075930645188564e-05,0.000000000000000000e+00,6.227578503796191503e-03,-1.702564410980009706e-05,-1.702564412369136286e-05,-1.702564414108729185e-05,-1.702564411879027437e-05
1.899970312963860080e-03,0.000000000000000000e+00,7.375795770248999008e-05,1.214156446401011928e-05,0.000000000000000000e+00,6.227578366869100310e-03,-1.583161684607730751e-05,-1.583161685933738807e-05,-1.583161686755085311e-05,-1.583161684610576104e-05
1.904970234840080729e-03,0.000000000000000000e+00,7.449622206355523363e-05,1.197261486390447085e-05,0.000000000000000000e+00,6.227578180750874444e-03,-1.624398106440600042e-05,-1.624398107708002227e-05,-1.624398109159171260e-05,-1.624398107129161934e-05
1.909970156716301378e-03,0.000000000000000000e+00,7.546090473623339964e-05,1.180391050613494036e-05,0.000000000000000000e+00,6.227578081657541946e-03,-1.817870939061998458e-05,-1.817870940278189370e-05,-1.817870942383033040e-05,-1.817870940498771657e-05
1.914970078592522027e-03,0.000000000000000000e+00,7.658434771637726794e-05,1.163545139070152611e-05,0.000000000000000000e+00,6.227578100465517089e-03,-2.129690999464152731e-05,-2.129691000635921508e-05,-2.129691001573700483e-05,-2.129690999863366474e-05
1.919970000468742676e-03,0.000000000000000000e+00,7.780350685423296901e-05,1.146723751760422811e-05,0.000000000000000000e+00,6.227578207014101280e-03,-2.454998247652667319e-05,-2.454998248783625710e-05,-2.454998247873046657e-05,-2.454998246358098754e-05
1.924969922344963325e-03,0.000000000000000000e+00,7.908700567528090719e-05,1.129926888684304635e-05,0.000000000000000000e+00,6.227578385909418243e-03,-2.625897165574607155e-05,-2.625897166664616924e-05,-2.625897166548902059e-05,-2.625897165242727788e-05
1.929969844221184191e-03,0.000000000000000000e+00,8.043128138120742682e-05,1.113154549841798592e-05,0.000000000000000000e+00,6.227578529514343070e-03,-2.473179382008808055e-05,-2.473179383055033336e-05,-2.473179385033847652e-05,-2.473179383942749276e-05
1.934969766097404840e-03,0.000000000000000000e+00,8.183894025773453076e-05,1.096406735232904342e-05,0.000000000000000000e+00,6.227578506580873710e-03,-1.910810780159068339e-05,-1.910810781157407798e-05,-1.910810783676772113e-05,-1.910810782802242443e-05
1.939969687973625489e-03,0.000000000000000000e+00,8.329886695489631485e-05,1.079683444857621887e-05,0.000000000000000000e+00,6.227578461706308709e-03,-9.925690667177035630e-06,-9.925690676635263017e-06,-9.925690702520264624e-06,-9.925690695934122674e-06
1.944969609849846138e-03,0.000000000000000000e+00,8.478396535376017738e-05,1.062984678715951055e-05,0.000000000000000000e+00,6.227578679196038927e-03,1.121196497457956681e-06,1.121196488572482808e-06,1.121196474320997616e-06,1.121196478753070408e-06
1.949969531726066787e-03,0.000000000000000000e+00,8.627524391707765367e-05,1.046310436807891848e-05,0.000000000000000000e+00,6.227579059225107905e-03,1.198309865651913875e-05,1.198309864824537513e-05,1.198309865414047202e-05,1.198309865640653419e-05
1.954969453602287653e-03,0.000000000000000000e+00,8.778303462624383079e-05,1.029660719133444435e-05,0.000000000000000000e+00,6.227579179214407651e-03,2.104383839144061049e-05,2.104383838379156755e-05,2.104383840282977823e-05,2.104383840289296350e-05
1.959969375478508302e-03,0.000000000000000000e+00,8.933950940738889042e-05,1.013035525692608815e-05,0.000000000000000000e+00,6.227578924475847544e-03,2.763406497187924257e-05,2.763406496482484048e-05,2.763406497807221893e-05,2.763406497587429718e-05
1.964969297354728951e-03,0.000000000000000000e+00,9.096798720103733223e-05,9.964348564853851587e-06,0.000000000000000000e+00,6.227578626179905777e-03,3.191286271520017020e-05,3.191286270866355596e-05,3.191286270356081942e-05,3.191286269904326746e-05
1.969969219230949600e-03,0.000000000000000000e+00,9.265370089439224350e-05,9.798587115117732960e-06,0.000000000000000000e+00,6.227578475677441987e-03,3.445421344673170374e-05,3.445421344060875329e-05,3.445421342751991907e-05,3.445421342065868115e-05
1.974969141107170249e-03,0.000000000000000000e+00,9.434632431217732725e-05,9.633070907717730577e-06,0.000000000000000000e+00,6.227578320680133596e-03,3.587616179664336429e-05,3.587616179084040255e-05,3.587616177048641089e-05,3.587616176132823646e-05
1.979969062983390898e-03,0.000000000000000000e+00,9.599110745007133837e-05,9.467799942653844437e-06,0.000000000000000000e+00,6.227578112004713770e-03,3.635072162145514587e-05,3.635072161592776800e-05,3.635072159822235350e-05,3.635072158690603398e-05
1.984968984859611547e-03,0.000000000000000000e+00,9.755085462819957525e-05,9.302774219926076234e-06,0.000000000000000000e+00,6.227578110503909949e-03,3.549372770856747784e-05,3.549372770333912293e-05,3.549372770295950309e-05,3.549372768971259897e-05
1.989968906735832196e-03,0.000000000000000000e+00,9.900493940338049950e-05,9.137993739534424275e-06,0.000000000000000000e+00,6.227578381450259506e-03,3.264099950026027968e-05,3.264099949541314380e-05,3.264099950057716487e-05,3.264099948569123167e-05
1.994968828612052845e-03,0.000000000000000000e+00,1.003363694103784088e-04,8.973458501478893642e-06,0.000000000000000000e+00,6.227578567433745063e-03,2.721692083004212867e-05,2.721692082569266192e-05,2.721692082693548287e-05,2.721692081073016033e-05
1.999968750488273495e-03,0.000000000000000000e+00,1.015205042883067141e-04,8.809168505759480946e-06,0.000000000000000000e+00,6.227578466961767104e-03,1.916415459238404121e-05,1.916415458866102648e-05,1.916415458333890840e-05,1.916415456612646708e-05
2.004968672364494577e-03,0.000000000000000000e+00,1.025288585385912039e-04,8.645123752376184493e-06,0.000000000000000000e+00,6.227578328527934998e-03,8.984363162426516557e-06,8.984363159460263080e-06,8.984363148738277782e-06,8.984363130794984243e-06
2.009968594240715226e-03,0.000000000000000000e+00,1.033475674225143280e-04,8.481324241329004285e-06,0.000000000000000000e+00,6.227578358423286817e-03,-2.352795190513277687e-06,-2.352795192594361405e-06,-2.352795200474190329e-06,-2.352795218929814287e-06
2.014968516116935875e-03,0.000000000000000000e+00,1.040048638262852849e-04,8.317769972617942013e-06,0.000000000000000000e+00,6.227578428586873563e-03,-1.364767115753145567e-05,-1.364767115861018939e-05,-1.364767115955792439e-05,-1.364767117838137665e-05
2.019968437993156524e-03,0.000000000000000000e+00,1.045876669402507681e-04,8.154460946242995985e-06,0.000000000000000000e+00,6.227578426746895740e-03,-2.402869894920596147e-05,-2.402869894919409623e-05,-2.402869894965074864e-05,-2.402869896878266826e-05
2.024968359869377173e-03,0.000000000000000000e+00,1.052241997415474199e-04,7.991397162204169589e-06,0.000000000000000000e+00,6.227578404983644816e-03,-3.309182878667742871e-05,-3.309182878553421883e-05,-3.309182878949644245e-05,-3.309182880896003307e-05
2.029968281745597822e-03,0.000000000000000000e+00,1.060395393032633485e-04,7.828578620501462824e-06,0.000000000000000000e+00,6.227578388194870453e-03,-4.062380826545965553e-05,-4.062380826319448614e-05,-4.062380826849268400e-05,-4.062380828837312325e-05
2.034968203621818471e-03,0.000000000000000000e+00,1.071088891253087433e-04,7.666005321134872303e-06,0.000000000000000000e+00,6.227578404503665913e-03,-4.645831188740092354e-05,-4.645831188405019673e-05,-4.645831189307300852e-05,-4.645831191348186759e-05
2.039968125498039121e-03,0.000000000000000000e+00,1.084291289232364544e-04,7.503677264104398025e-06,0.000000000000000000e+00,6.227578452498995845e-03,-5.057522236969999482e-05,-5.057522236528565890e-05,-5.057522238381014748e-05,-5.057522240485035102e-05
2.044968047374259770e-03,0.000000000000000000e+00,1.099119157963360618e-04,7.341594449410040838e-06,0.000000000000000000e+00,6.227578424747751834e-03,-5.311722304684383223e-05,-5.311722304133597677e-05,-5.311722305803752848e-05,-5.311722307978436079e-05
2.049967969250480419e-03,0.000000000000000000e+00,1.114038878021736455e-04,7.179756877051803282e-06,0.000000000000000000e+00,6.227578314404645654e-03,-5.425526215810008007e-05,-5.425526215140693415e-05,-5.425526216105481560e-05,-5.425526218355941036e-05
2.054967891126701068e-03,0.000000000000000000e+00,1.127304110255647121e-04,7.018164547029682817e-06,0.000000000000000000e+00,6.227578265850582107e-03,-5.399130872719268737e-05,-5.399130871918230356e-05,-5.399130873496863278e-05,-5.399130875828103270e-05
2.059967813002921717e-03,0.000000000000000000e+00,1.137354672690584151e-04,6.856817459343678595e-06,0.000000000000000000e+00,6.227578347441502758e-03,-5.198176815811484411e-05,-5.198176814865742310e-05,-5.198176816729555640e-05,-5.198176819148719006e-05
2.064967734879142366e-03,0.000000000000000000e+00,1.143052304819744863e-04,6.695715613993794005e-06,0.000000000000000000e+00,6.227578497748732095e-03,-4.778261059601957115e-05,-4.778261058502870202e-05,-4.778261059345962752e-05,-4.778261061863352802e-05
2.069967656755363448e-03,0.000000000000000000e+00,1.143802175057644701e-04,6.534859010980025658e-06,0.000000000000000000e+00,6.227578675599916395e-03,-4.120927246459339270e-05,-4.120927245205094217e-05,-4.120927245333202190e-05,-4.120927247961890337e-05
2.074967578631584098e-03,0.000000000000000000e+00,1.139628998612493078e-04,6.374247650302374402e-06,0.000000000000000000e+00,6.227578806896869740e-03,-3.264688944696085213e-05,-3.264688943292651908e-05,-3.264688943756954712e-05,-3.264688946511262589e-05
2.079967500507804747e-03,0.000000000000000000e+00,1.131127962108212842e-04,6.213881531960842777e-06,0.000000000000000000e+00,6.227578745181311728e-03,-2.299511526457098551e-05,-2.299511524918242974e-05,-2.299511525324159119e-05,-2.299511528218361941e-05
2.084967422384025396e-03,0.000000000000000000e+00,1.119185940056670905e-04,6.053760655955427396e-06,0.000000000000000000e+00,6.227578523214018225e-03,-1.316131085637472408e-05,-1.316131083984056302e-05,-1.316131084465689061e-05,-1.316131087512984448e-05
2.089967344260246045e-03,0.000000000000000000e+00,1.104668559334533011e-04,5.893885022286129105e-06,0.000000000000000000e+00,6.227578387651977465e-03,-3.961559218918539026e-06,-3.961559201503426434e-06,-3.961559218946575817e-06,-3.961559251058396140e-06
2.094967266136466694e-03,0.000000000000000000e+00,1.088324200042537653e-04,5.734254630952949599e-06,0.000000000000000000e+00,6.227578452609728449e-03,3.958050077691158044e-06,3.958050095696913486e-06,3.958050076068286963e-06,3.958050042256264838e-06
2.099967188012687343e-03,0.000000000000000000e+00,1.070868353756357019e-04,5.574869481955887184e-06,0.000000000000000000e+00,6.227578621040143897e-03,1.036209701957493352e-05,1.036209703789963752e-05,1.036209703407922416e-05,1.036209699858059173e-05
2.104967109888907992e-03,0.000000000000000000e+00,1.053046380317475457e-04,5.415729575294941858e-06,0.000000000000000000e+00,6.227578739198805571e-03,1.549070738588251831e-05,1.549070740432281182e-05,1.549070740496190157e-05,1.549070736788156385e-05
2.109967031765128641e-03,0.000000000000000000e+00,1.035566419165350323e-04,5.256834910970115318e-06,0.000000000000000000e+00,6.227578655508308331e-03,1.990022990771170993e-05,1.990022992617080419e-05,1.990022991790830949e-05,1.990022987942891729e-05
2.114966953641349290e-03,0.000000000000000000e+00,1.018850041161242347e-04,5.098185488981406715e-06,0.000000000000000000e+00,6.227578360730593073e-03,2.401098170551103380e-05,2.401098172400596771e-05,2.401098170751257943e-05,2.401098166785313820e-05
2.119966875517569939e-03,0.000000000000000000e+00,1.002747704502394505e-04,4.939781309328814355e-06,0.000000000000000000e+00,6.227578141422150139e-03,2.791379454315549713e-05,2.791379456179336277e-05,2.791379453542529489e-05,2.791379449478783214e-05
2.124966797393790588e-03,0.000000000000000000e+00,9.865072895350945144e-05,4.781622372012340780e-06,0.000000000000000000e+00,6.227578221041960016e-03,3.159678059201553239e-05,3.159678061095127919e-05,3.159678058369812964e-05,3.159678054222696286e-05
2.129966719270011671e-03,0.000000000000000000e+00,9.690961688317276167e-05,4.623708677031985143e-06,0.000000000000000000e+00,6.227578416262993799e-03,3.505874637332677244e-05,3.505874639271967986e-05,3.505874638457070114e-05,3.505874634234387255e-05
2.134966641146232320e-03,0.000000000000000000e+00,9.497698272768820011e-05,4.466040224387745749e-06,0.000000000000000000e+00,6.227578442311944122e-03,3.825216265544286527e-05,3.825216267542872964e-05,3.825216268587011833e-05,3.825216264291621021e-05
2.139966563022452969e-03,0.000000000000000000e+00,9.284827561685144739e-05,4.308617014079624292e-06,0.000000000000000000e+00,6.227578300270074536e-03,4.124722996581014779e-05,4.124722998649181922e-05,4.124723000065905513e-05,4.124722995698297350e-05
2.144966484898673618e-03,0.000000000000000000e+00,9.059115434933230670e-05,4.151439046107621620e-06,0.000000000000000000e+00,6.227578227456433135e-03,4.415471143408658696e-05,4.415471145553407105e-05,4.415471145684849000e-05,4.415471141245119031e-05
2.149966406774894267e-03,0.000000000000000000e+00,8.832953779613350056e-05,3.994506320471735192e-06,0.000000000000000000e+00,6.227578344607728744e-03,4.682042189860038825e-05,4.682042192086058351e-05,4.682042189832299513e-05,4.682042185320844826e-05
2.154966328651114916e-03,0.000000000000000000e+00,8.621945199008360788e-05,3.837818837171966701e-06,0.000000000000000000e+00,6.227578499868264943e-03,4.881147025776370961e-05,4.881147028087578962e-05,4.881147024529953170e-05,4.881147019947781396e-05
2.159966250527335565e-03,0.000000000000000000e+00,8.441854614428160415e-05,3.681376596208316571e-06,0.000000000000000000e+00,6.227578512549084878e-03,4.949371239038438989e-05,4.949371241440414363e-05,4.949371238755092238e-05,4.949371234104631991e-05
2.164966172403556214e-03,0.000000000000000000e+00,8.305400849842068463e-05,3.525179597580783108e-06,0.000000000000000000e+00,6.227578447326172738e-03,4.836758719458991436e-05,4.836758721961755599e-05,4.836758721112260835e-05,4.836758716398512320e-05
2.169966094279776863e-03,0.000000000000000000e+00,8.219430184947325204e-05,3.369227841289368006e-06,0.000000000000000000e+00,6.227578476904655630e-03,4.525346971694227789e-05,4.525346974314269424e-05,4.525346973981355660e-05,4.525346969212394827e-05
2.174966016155997512e-03,0.000000000000000000e+00,8.183980252188919366e-05,3.213521327334069994e-06,0.000000000000000000e+00,6.227578569508282653e-03,4.043773097062642094e-05,4.043773099823082490e-05,4.043773099410321301e-05,4.043773094595604425e-05
2.179965938032218161e-03,0.000000000000000000e+00,8.193215388815285906e-05,3.058060055714889497e-06,0.000000000000000000e+00,6.227578637841013620e-03,3.506935219757233439e-05,3.506935222685163419e-05,3.506935222239215480e-05,3.506935217386266247e-05
2.184965859908438810e-03,0.000000000000000000e+00,8.236730051868775384e-05,2.902844026431826937e-06,0.000000000000000000e+00,6.227578711080943366e-03,3.081627438803381683e-05,3.081627441924778053e-05,3.081627440169431019e-05,3.081627435280845416e-05
2.189965781784659893e-03,0.000000000000000000e+00,8.301314889746744827e-05,2.747873239484881891e-06,0.000000000000000000e+00,6.227578729723651403e-03,2.898294671194470652e-05,2.898294674528911394e-05,2.898294671973547162e-05,2.898294667045798483e-05
2.194965703660880542e-03,0.000000000000000000e+00,8.373678028932771123e-05,2.593147694874054359e-06,0.000000000000000000e+00,6.227578566063997866e-03,2.975191692031667182e-05,2.975191695588576724e-05,2.975191694269512644e-05,2.975191689294490378e-05
2.199965625537101191e-03,0.000000000000000000e+00,8.443781351281323016e-05,2.438667392599344765e-06,0.000000000000000000e+00,6.227578353252294710e-03,3.210181285698485696e-05,3.210181289475746454e-05,3.210181289542170100e-05,3.210181284510310568e-05
2.204965547413321840e-03,0.000000000000000000e+00,8.508139640518346599e-05,2.284432332660751838e-06,0.000000000000000000e+00,6.227578304818054585e-03,3.484667150762355909e-05,3.484667154746988628e-05,3.484667154330484910e-05,3.484667149233684378e-05
2.209965469289542489e-03,0.000000000000000000e+00,8.570976850526452768e-05,2.130442515058277695e-06,0.000000000000000000e+00,6.227578376186568114e-03,3.753833470563346060e-05,3.753833474733368541e-05,3.753833472772936535e-05,3.753833467606042333e-05
2.214965391165763138e-03,0.000000000000000000e+00,8.642030782941621618e-05,1.976697939791921066e-06,0.000000000000000000e+00,6.227578412772490773e-03,4.038913175828025303e-05,4.038913180155308599e-05,4.038913177296143465e-05,4.038913172057094931e-05
2.219965313041983787e-03,0.000000000000000000e+00,8.731920708911444741e-05,1.823198606861681740e-06,0.000000000000000000e+00,6.227578424767061908e-03,4.379500457121432108e-05,4.379500461575382066e-05,4.379500458006273895e-05,4.379500452696126093e-05
2.224965234918204436e-03,0.000000000000000000e+00,8.846603372517632764e-05,1.669944516267560351e-06,0.000000000000000000e+00,6.227578528494636181e-03,4.782701372736675172e-05,4.782701377288239240e-05,4.782701375353634284e-05,4.782701369977678798e-05
2.229965156794425085e-03,0.000000000000000000e+00,8.984016616117189219e-05,1.516935668009556052e-06,0.000000000000000000e+00,6.227578675775319490e-03,5.199505829531161796e-05,5.199505834156587815e-05,5.199505834381024441e-05,5.199505828950209003e-05
2.234965078670645734e-03,0.000000000000000000e+00,9.134683023140077469e-05,1.364172062087669691e-06,0.000000000000000000e+00,6.227578662398454770e-03,5.522916947276475632e-05,5.522916951959491082e-05,5.522916951361298119e-05,5.522916945892393303e-05
2.239965000546866383e-03,0.000000000000000000e+00,9.284821988073292741e-05,1.211653698501901056e-06,0.000000000000000000e+00,6.227578465733312266e-03,5.613401450261454464e-05,5.613401454992905968e-05,5.613401453796618975e-05,5.613401448309642542e-05
2.244964922423087032e-03,0.000000000000000000e+00,9.419835138843734462e-05,1.059380577252249511e-06,0.000000000000000000e+00,6.227578263815054978e-03,5.375486644581293843e-05,5.375486649356509168e-05,5.375486648674826539e-05,5.375486643188183498e-05
2.249964844299307681e-03,0.000000000000000000e+00,9.527137481654236273e-05,9.073526983387160100e-07,0.000000000000000000e+00,6.227578153491031623e-03,4.826584234827299480e-05,4.826584239642017711e-05,4.826584238763732636e-05,4.826584233289514552e-05
2.254964766175528764e-03,0.000000000000000000e+00,9.597942762150549038e-05,7.555700617613001286e-07,0.000000000000000000e+00,6.227578158927906532e-03,4.095175784582174319e-05,4.095175789429355596e-05,4.095175787353344928e-05,4.095175781895160839e-05
2.259964688051749413e-03,0.000000000000000000e+00,9.627993340051431458e-05,6.040326675200015495e-07,0.000000000000000000e+00,6.227578299050092088e-03,3.373607583367666955e-05,3.373607588236223956e-05,3.373607585223798713e-05,3.373607579778213053e-05
2.264964609927970062e-03,0.000000000000000000e+00,9.617931529437529978e-05,4.527405156148210666e-07,0.000000000000000000e+00,6.227578440472165792e-03,2.875351753168809847e-05,2.875351758044460241e-05,2.875351755112151778e-05,2.875351749672470277e-05
2.269964531804190711e-03,0.000000000000000000e+00,9.573458162096412053e-05,3.016936060457580978e-07,0.000000000000000000e+00,6.227578420206615270e-03,2.793639778663356297e-05,2.793639783530911766e-05,2.793639781157426853e-05,2.793639775717434660e-05
2.274964453680411360e-03,0.000000000000000000e+00,9.505259290364201927e-05,1.508919388128125636e-07,0.000000000000000000e+00,6.227578320803834125e-03,3.241930881820317631e-05,3.241930886666414028e-05,3.241930884949777077e-05,3.241930879505718787e-05
2.279964375556632009e-03,0.000000000000000000e+00,9.427279470090884727e-05,3.355139159846646130e-10,0.000000000000000000e+00,6.227578345884553744e-03,4.177773236254179627e-05,4.177773241069702878e-05,4.177773240420327441e-05,4.177773234971184242e-05
2.284964297432852658e-03,0.000000000000000000e+00,9.352533691120180079e-05,-1.499756686447255657e-07,0.000000000000000000e+00,6.227578570668077136e-03,5.378731802258373651e-05,5.378731807040721671e-05,5.378731807229795688e-05,5.378731801777109181e-05
2.289964219309073307e-03,0.000000000000000000e+00,9.289220721328809072e-05,-3.000416088693181608e-07,0.000000000000000000e+00,6.227578819682711569e-03,6.526013488203357023e-05,6.526013492957972507e-05,6.526013493213256040e-05,6.526013487761620532e-05
2.294964141185293956e-03,0.000000000000000000e+00,9.239027755826132880e-05,-4.498623067577931361e-07,0.000000000000000000e+00,6.227578834311919137e-03,7.349476802122066111e-05,7.349476806862321337e-05,7.349476806796305622e-05,7.349476801354544485e-05
2.299964063061514605e-03,0.000000000000000000e+00,9.198065716837321008e-05,-5.994377623101507561e-07,0.000000000000000000e+00,6.227578668327533179e-03,7.730962717044265620e-05,7.730962721788967431e-05,7.730962720575558175e-05,7.730962715156989478e-05
2.304963984937735254e-03,0.000000000000000000e+00,9.160256444224226227e-05,-7.487679755263903328e-07,0.000000000000000000e+00,6.227578578067979875e-03,7.720619492727459057e-05,7.720619497496106827e-05,7.720619495531344111e-05,7.720619490151850060e-05
2.309963906813955904e-03,0.000000000000000000e+00,9.121017127353673757e-05,-8.978529464065126072e-07,0.000000000000000000e+00,6.227578560355260563e-03,7.454755070355857725e-05,7.454755075163448682e-05,7.454755074088635701e-05,7.454755068762535897e-05
2.314963828690176986e-03,0.000000000000000000e+00,9.079707918055117237e-05,-1.046692674950517050e-06,0.000000000000000000e+00,6.227578489870883548e-03,7.033169207853628600e-05,7.033169212706658470e-05,7.033169212223443114e-05,7.033169206959393556e-05
2.319963750566397635e-03,0.000000000000000000e+00,9.039778880140317827e-05,-1.195287161158403767e-06,0.000000000000000000e+00,6.227578397477699299e-03,6.475534070693304313e-05,6.475534075588378188e-05,6.475534075481389118e-05,6.475534070281029661e-05
2.324963672442618284e-03,0.000000000000000000e+00,9.006206102163471854e-05,-1.343636405030173182e-06,0.000000000000000000e+00,6.227578361960578804e-03,5.753906693370399410e-05,5.753906698296024747e-05,5.753906698670715531e-05,5.753906693530262310e-05
2.329963594318838933e-03,0.000000000000000000e+00,8.982795286621180256e-05,-1.491740406565824659e-06,0.000000000000000000e+00,6.227578402785258378e-03,4.884667753272579167e-05,4.884667758212740267e-05,4.884667757067845812e-05,4.884667751981925927e-05
2.334963516195059582e-03,0.000000000000000000e+00,8.970910966188758032e-05,-1.639599165765358834e-06,0.000000000000000000e+00,6.227578478490873766e-03,3.978638887904059059e-05,3.978638892841863375e-05,3.978638890833354456e-05,3.978638885798454415e-05
2.339963438071280231e-03,0.000000000000000000e+00,8.969303706676576391e-05,-1.787212682628775071e-06,0.000000000000000000e+00,6.227578539123263500e-03,3.170705512573751138e-05,3.170705517494398632e-05,3.170705517359540145e-05,3.170705512375362469e-05
2.344963359947500880e-03,0.000000000000000000e+00,8.975521614775161744e-05,-1.934580957156073371e-06,0.000000000000000000e+00,6.227578586314630633e-03,2.542276246872511838e-05,2.542276251765257050e-05,2.542276252677970965e-05,2.542276247746944946e-05
2.349963281823721530e-03,0.000000000000000000e+00,8.987612937469479995e-05,-2.081703989347254580e-06,0.000000000000000000e+00,6.227578668371309793e-03,2.081886578247896285e-05,2.081886583107127114e-05,2.081886584305579801e-05,2.081886579432038519e-05
2.354963203699942179e-03,0.000000000000000000e+00,9.004517827913946677e-05,-2.228581779202318276e-06,0.000000000000000000e+00,6.227578716921268118e-03,1.700856669718254480e-05,1.700856674543758490e-05,1.700856676301652721e-05,1.700856671491866932e-05
2.359963125576162828e-03,0.000000000000000000e+00,9.025655283468728737e-05,-2.375214326721264034e-06,0.000000000000000000e+00,6.227578539187628680e-03,1.302418949950818322e-05,1.302418954746854056e-05,1.302418956346953842e-05,1.302418951609596147e-05
2.364963047452383477e-03,0.000000000000000000e+00,9.050008752725912644e-05,-2.521601631904092278e-06,0.000000000000000000e+00,6.227578218712147458e-03,8.367736910472248614e-06,8.367736958203060024e-06,8.367736962365020784e-06,8.367736915820587438e-06
2.369962969328604126e-03,0.000000000000000000e+00,9.076515938079339637e-05,-2.667743694750803007e-06,0.000000000000000000e+00,6.227578086667258546e-03,3.315001257293812256e-06,3.315001304848262935e-06,3.315001298618557531e-06,3.315001253002084353e-06
2.374962891204825208e-03,0.000000000000000000e+00,9.106219385505089797e-05,-2.813640515261396223e-06,0.000000000000000000e+00,6.227578218918995885e-03,-1.352197876342083437e-06,-1.352197828958298885e-06,-1.352197821558984976e-06,-1.352197866188673240e-06
2.379962813081045857e-03,0.000000000000000000e+00,9.142997885358498792e-05,-2.959292093435871925e-06,0.000000000000000000e+00,6.227578375782231827e-03,-5.059609397995212796e-06,-5.059609350841076664e-06,-5.059609335405558843e-06,-5.059609379057124800e-06
2.384962734957266507e-03,0.000000000000000000e+00,9.192405475094354817e-05,-3.104698429274229266e-06,0.000000000000000000e+00,6.227578364610296055e-03,-7.611302086549741772e-06,-7.611302039737042927e-06,-7.611302029828786935e-06,-7.611302072582390395e-06
2.389962656833487156e-03,0.000000000000000000e+00,9.259542027434812289e-05,-3.249859522776469516e-06,0.000000000000000000e+00,6.227578224246836484e-03,-8.909581055849029186e-06,-8.909581009505615392e-06,-8.909580999841379428e-06,-8.909581041825870195e-06
2.394962578709707805e-03,0.000000000000000000e+00,9.346965563745351718e-05,-3.394775373942591829e-06,0.000000000000000000e+00,6.227578104953962294e-03,-8.663281625752183331e-06,-8.663281579974424916e-06,-8.663281570661067268e-06,-8.663281612019192417e-06
2.399962500585928454e-03,0.000000000000000000e+00,9.454406501619192849e-05,-3.539445982772597051e-06,0.000000000000000000e+00,6.227578109872356112e-03,-6.227971812566330620e-06,-6.227971767380023972e-06,-6.227971758211809655e-06,-6.227971799071459303e-06
2.404962422462149103e-03,0.000000000000000000e+00,9.578977627087243915e-05,-3.683871349266484336e-06,0.000000000000000000e+00,6.227578258979685026e-03,-9.962227262631531769e-07,-9.962226816012835899e-07,-9.962226684969317306e-07,-9.962227089596143058e-07
2.409962344338369752e-03,0.000000000000000000e+00,9.715274248330856726e-05,-3.828051473424253683e-06,0.000000000000000000e+00,6.227578451221099654e-03,6.957749316097988222e-06,6.957749360401545932e-06,6.957749383726836843e-06,6.957749343584032872e-06
2.414962266214590401e-03,0.000000000000000000e+00,9.856244801794368971e-05,-3.971986355245906363e-06,0.000000000000000000e+00,6.227578583628338472e-03,1.668196925409424361e-05,1.668196929829535353e-05,1.668196932140482468e-05,1.668196928152849219e-05
2.419962188090811050e-03,0.000000000000000000e+00,9.994108905124548744e-05,-4.115675994731441106e-06,0.000000000000000000e+00,6.227578678859159965e-03,2.673091375290078065e-05,2.673091379731862597e-05,2.673091381891425273e-05,2.673091377928289573e-05
2.424962109967031699e-03,0.000000000000000000e+00,1.012248373597137590e-04,-4.259120391880857064e-06,0.000000000000000000e+00,6.227578727861554121e-03,3.568485601199254399e-05,3.568485605696192296e-05,3.568485607904502735e-05,3.568485603968185452e-05
2.429962031843252348e-03,0.000000000000000000e+00,1.023955146033301883e-04,-4.402319546694156779e-06,0.000000000000000000e+00,6.227578659778088173e-03,4.236206784282918567e-05,4.236206788863771679e-05,4.236206790298962621e-05,4.236206786396382322e-05
2.434961953719472997e-03,0.000000000000000000e+00,1.034928215719928556e-04,-4.545273459171339403e-06,0.000000000000000000e+00,6.227578538539378997e-03,4.607288104300413919e-05,4.607288108982932669e-05,4.607288111063250331e-05,4.607288107204164835e-05
2.439961875595694080e-03,0.000000000000000000e+00,1.046000278277860093e-04,-4.687982129312402395e-06,0.000000000000000000e+00,6.227578505943607429e-03,4.693173236147679645e-05,4.693173240934552176e-05,4.693173243712309991e-05,4.693173239906524551e-05
2.444961797471914729e-03,0.000000000000000000e+00,1.058044421310395082e-04,-4.830445557117349145e-06,0.000000000000000000e+00,6.227578581479294509e-03,4.578995844383293033e-05,4.578995849262331558e-05,4.578995851031471677e-05,4.578995847286721399e-05
2.449961719348135378e-03,0.000000000000000000e+00,1.071457791258387883e-04,-4.972663742586178803e-06,0.000000000000000000e+00,6.227578645536432575e-03,4.375504799392844918e-05,4.375504804341552242e-05,4.375504805081124491e-05,4.375504801403143449e-05
2.454961641224356027e-03,0.000000000000000000e+00,1.085844710382920193e-04,-5.114636685718888830e-06,0.000000000000000000e+00,6.227578575824041333e-03,4.161435597682635646e-05,4.161435602675001759e-05,4.161435603519532232e-05,4.161435599914203577e-05
2.459961563100576676e-03,0.000000000000000000e+00,1.100010692928050341e-04,-5.256364386515482614e-06,0.000000000000000000e+00,6.227578384315056448e-03,3.946203773230382245e-05,3.946203778243037846e-05,3.946203780136424823e-05,3.946203776612540080e-05
2.464961484976797325e-03,0.000000000000000000e+00,1.112287478368644282e-04,-5.397846844975959307e-06,0.000000000000000000e+00,6.227578293667765559e-03,3.648848794139096660e-05,3.648848799154901868e-05,3.648848802186334530e-05,3.648848798756833652e-05
2.469961406853017974e-03,0.000000000000000000e+00,1.121112471883429124e-04,-5.539084061100317215e-06,0.000000000000000000e+00,6.227578472275295367e-03,3.124730943419722648e-05,3.124730948428472411e-05,3.124730952064147884e-05,3.124730948745314233e-05
2.474961328729238623e-03,0.000000000000000000e+00,1.125469054466638429e-04,-5.680076034888558034e-06,0.000000000000000000e+00,6.227578692241913204e-03,2.251270615472007004e-05,2.251270620469330631e-05,2.251270622972312312e-05,2.251270619781663883e-05
2.479961250605459272e-03,0.000000000000000000e+00,1.125026016276496778e-04,-5.820822766340681761e-06,0.000000000000000000e+00,6.227578603233390429e-03,1.001955682913443742e-05,1.001955687899448976e-05,1.001955689095212164e-05,1.001955686049249160e-05
2.484961172481679921e-03,0.000000000000000000e+00,1.120098578992670656e-04,-5.961324255456686704e-06,0.000000000000000000e+00,6.227578283746347705e-03,-5.333992746153096794e-06,-5.333992696375582733e-06,-5.333992678506358837e-06,-5.333992707377276945e-06
2.489961094357900570e-03,0.000000000000000000e+00,1.111481138268289714e-04,-6.101580502236573709e-06,0.000000000000000000e+00,6.227578094673697807e-03,-2.170617187003241895e-05,-2.170617182030036346e-05,-2.170617179738561502e-05,-2.170617182455681244e-05
2.494961016234121219e-03,0.000000000000000000e+00,1.100243091823970671e-04,-6.241591506680344471e-06,0.000000000000000000e+00,6.227578198113251605e-03,-3.686239185661368612e-05,-3.686239180691941507e-05,-3.686239178921945546e-05,-3.686239181461692523e-05
2.499960938110342302e-03,0.000000000000000000e+00,1.087421570598034868e-04,-6.381357268787996449e-06,0.000000000000000000e+00,6.227578470798575579e-03,-4.889363443522665186e-05,-4.889363438563055532e-05,-4.889363436741569455e-05,-4.889363439101244681e-05
2.504960859986562951e-03,0.000000000000000000e+00,1.073627720353905661e-04,-6.520877788559530489e-06,0.000000000000000000e+00,6.227578725121507217e-03,-5.685376922242388212e-05,-5.685376917306944069e-05,-5.685376914233165858e-05,-5.685376916415926395e-05
2.509960781862783600e-03,0.000000000000000000e+00,1.058916940636345748e-04,-6.660153065994948285e-06,0.000000000000000000e+00,6.227578819328948544e-03,-6.094572122069915650e-05,-6.094572117178923118e-05,-6.094572113679062940e-05,-6.094572115693945612e-05
2.514960703739004249e-03,0.000000000000000000e+00,1.043022816681926407e-04,-6.799183101094248144e-06,0.000000000000000000e+00,6.227578718070028024e-03,-6.218042949302941607e-05,-6.218042944476759293e-05,-6.218042942818798686e-05,-6.218042944678925051e-05
2.519960625615224898e-03,0.000000000000000000e+00,1.025820783396959378e-04,-6.937967893857429219e-06,0.000000000000000000e+00,6.227578553404077011e-03,-6.195127025482611714e-05,-6.195127020734737258e-05,-6.195127019260872824e-05,-6.195127020980252129e-05
2.524960547491445547e-03,0.000000000000000000e+00,1.007776786221951416e-04,-7.076507444284494049e-06,0.000000000000000000e+00,6.227578477634287263e-03,-6.168607717189810899e-05,-6.168607712522244653e-05,-6.168607710043778815e-05,-6.168607711634216666e-05
2.529960469367666196e-03,0.000000000000000000e+00,9.899840064116972502e-05,-7.214801752375440943e-06,0.000000000000000000e+00,6.227578495409752390e-03,-6.231830683525511579e-05,-6.231830678928127094e-05,-6.231830676800402015e-05,-6.231830678269998757e-05
2.534960391243886845e-03,0.000000000000000000e+00,9.737602096708978324e-05,-7.352850818130269899e-06,0.000000000000000000e+00,6.227578484376088824e-03,-6.384508699988603758e-05,-6.384508695442300103e-05,-6.384508692721891840e-05,-6.384508694075146913e-05
2.539960313120107494e-03,0.000000000000000000e+00,9.600986112998334207e-05,-7.490654641548981764e-06,0.000000000000000000e+00,6.227578378393571791e-03,-6.552846446831165792e-05,-6.552846442312292453e-05,-6.552846440469285640e-05,-6.552846441708256317e-05
2.544960234996328143e-03,0.000000000000000000e+00,9.492225404934371972e-05,-7.628213222631575692e-06,0.000000000000000000e+00,6.227578266070096617e-03,-6.644361094202133882e-05,-6.644361089686395242e-05,-6.644361088713710039e-05,-6.644361089839143065e-05
2.549960156872548792e-03,0.000000000000000000e+00,9.405071056509921453e-05,-7.765526561378053376e-06,0.000000000000000000e+00,6.227578222342904611e-03,-6.599391426419755542e-05,-6.599391421885196507e-05,-6.599391419691915143e-05,-6.599391420703426981e-05
2.554960078748769441e-03,0.000000000000000000e+00,9.328011001390929295e-05,-7.902594657788410582e-06,0.000000000000000000e+00,6.227578249699610921e-03,-6.406251053251487489e-05,-6.406251048681119967e-05,-6.406251046535752208e-05,-6.406251047431858856e-05
2.559960000624990524e-03,0.000000000000000000e+00,9.249218753155084329e-05,-8.039417511862649850e-06,0.000000000000000000e+00,6.227578337421225615e-03,-6.072869422314058126e-05,-6.072869417698574242e-05,-6.072869415461234967e-05,-6.072869416239988250e-05
2.564959922501211173e-03,0.000000000000000000e+00,9.161003008460842786e-05,-8.175995123600772875e-06,0.000000000000000000e+00,6.227578436538474746e-03,-5.615630750579337353e-05,-5.615630745919481139e-05,-5.615630743814010664e-05,-5.615630744474077690e-05
2.569959844377431822e-03,0.000000000000000000e+00,9.060695738963967286e-05,-8.312327493002777962e-06,0.000000000000000000e+00,6.227578450818872791e-03,-5.064678126329140185e-05,-5.064678121636033523e-05,-5.064678120025569780e-05,-5.064678120567203304e-05
2.574959766253652471e-03,0.000000000000000000e+00,8.948060593701892096e-05,-8.448414620068666806e-06,0.000000000000000000e+00,6.227578441626132472e-03,-4.471206416083942369e-05,-4.471206411376104788e-05,-4.471206409883806885e-05,-4.471206410308372324e-05
2.579959688129873120e-03,0.000000000000000000e+00,8.823476385756541204e-05,-8.584256504798439406e-06,0.000000000000000000e+00,6.227578568627842835e-03,-3.917209892951265015e-05,-3.917209888248935858e-05,-3.917209887528718651e-05,-3.917209887836716094e-05
2.584959610006093769e-03,0.000000000000000000e+00,8.688367937873165857e-05,-8.719853147192092375e-06,0.000000000000000000e+00,6.227578712902993689e-03,-3.484923493525258543e-05,-3.484923488844082171e-05,-3.484923487908448900e-05,-3.484923488097091946e-05
2.589959531882314418e-03,0.000000000000000000e+00,8.546391091605705305e-05,-8.855204547249625712e-06,0.000000000000000000e+00,6.227578645718157002e-03,-3.205604779619941819e-05,-3.205604774967270478e-05,-3.205604774263585998e-05,-3.205604774325037222e-05
2.594959453758535067e-03,0.000000000000000000e+00,8.403166172153482170e-05,-8.990310704971042806e-06,0.000000000000000000e+00,6.227578419286908251e-03,-3.060194015941552950e-05,-3.060194011316910267e-05,-3.060194011008851160e-05,-3.060194010930188227e-05
2.599959375634755716e-03,0.000000000000000000e+00,8.264054582330814978e-05,-9.125171620356341962e-06,0.000000000000000000e+00,6.227578226567801953e-03,-3.020132659744597452e-05,-3.020132655143024897e-05,-3.020132653731544780e-05,-3.020132653496543281e-05
2.604959297510976365e-03,0.000000000000000000e+00,8.131997030769059847e-05,-9.259787293405524874e-06,0.000000000000000000e+00,6.227578157868809278e-03,-3.089527267694276719e-05,-3.089527263110304492e-05,-3.089527261354777209e-05,-3.089527260946894931e-05
2.609959219387197014e-03,0.000000000000000000e+00,8.006513744563388091e-05,-9.394157724118591544e-06,0.000000000000000000e+00,6.227578216016428810e-03,-3.293151747321802363e-05,-3.293151742751501926e-05,-3.293151741818314886e-05,-3.293151741224098234e-05
2.614959141263417663e-03,0.000000000000000000e+00,7.884208521851689654e-05,-9.528282912495540275e-06,0.000000000000000000e+00,6.227578416231898881e-03,-3.604349218902318762e-05,-3.604349214344044160e-05,-3.604349213540988486e-05,-3.604349212752585126e-05
2.619959063139638313e-03,0.000000000000000000e+00,7.760982514602471783e-05,-9.662162858536367681e-06,0.000000000000000000e+00,6.227578667920443019e-03,-3.939261632942959545e-05,-3.939261628397689271e-05,-3.939261626999782687e-05,-3.939261626016491276e-05
2.624958985015859395e-03,0.000000000000000000e+00,7.634716788936914762e-05,-9.795797562241078844e-06,0.000000000000000000e+00,6.227578741425896479e-03,-4.210507403323702396e-05,-4.210507398795271814e-05,-4.210507398436347362e-05,-4.210507397265676678e-05
2.629958906892080044e-03,0.000000000000000000e+00,7.505920185166079373e-05,-9.929187023609673763e-06,0.000000000000000000e+00,6.227578564516263702e-03,-4.382561858959399851e-05,-4.382561854454951144e-05,-4.382561855586852791e-05,-4.382561854244076532e-05
2.634958828768300693e-03,0.000000000000000000e+00,7.376381179567470048e-05,-1.006233124264215074e-05,0.000000000000000000e+00,6.227578348421801933e-03,-4.512374453380147457e-05,-4.512374448908906507e-05,-4.512374450360756215e-05,-4.512374448867070533e-05
2.639958750644521342e-03,0.000000000000000000e+00,7.247797217234409602e-05,-1.019523021933851148e-05,0.000000000000000000e+00,6.227578276742661879e-03,-4.703387879853668935e-05,-4.703387875423211605e-05,-4.703387876763012406e-05,-4.703387875142291433e-05
2.644958672520741991e-03,0.000000000000000000e+00,7.120953741403818617e-05,-1.032788395369875598e-05,0.000000000000000000e+00,6.227578326090358815e-03,-5.004680865227236982e-05,-5.004680860838457739e-05,-5.004680860840573966e-05,-5.004680859115699112e-05
2.649958594396962640e-03,0.000000000000000000e+00,6.995862486298509535e-05,-1.046029244572287745e-05,0.000000000000000000e+00,6.227578423281030992e-03,-5.356391350953640260e-05,-5.356391346597074696e-05,-5.356391345545153965e-05,-5.356391343735095379e-05
2.654958516273183289e-03,0.000000000000000000e+00,6.872488950403725502e-05,-1.059245569541088268e-05,0.000000000000000000e+00,6.227578527338848043e-03,-5.620219302717270469e-05,-5.620219298373717364e-05,-5.620219297850788360e-05,-5.620219295969059267e-05
2.659958438149403939e-03,0.000000000000000000e+00,6.751771486589034418e-05,-1.072437370276276998e-05,0.000000000000000000e+00,6.227578610939643600e-03,-5.655963264113510159e-05,-5.655963259758919876e-05,-5.655963260499068107e-05,-5.655963258553968075e-05
2.664958360025624588e-03,0.000000000000000000e+00,6.636792908128873343e-05,-1.085604646777854103e-05,0.000000000000000000e+00,6.227578667632086874e-03,-5.363811835204484985e-05,-5.363811830816528380e-05,-5.363811832723937480e-05,-5.363811830720011348e-05
2.669958281901845237e-03,0.000000000000000000e+00,6.532874301681855858e-05,-1.098747399045819584e-05,0.000000000000000000e+00,6.227578682073533177e-03,-4.687130538597623767e-05,-4.687130534161054924e-05,-4.687130536113559380e-05,-4.687130534052995204e-05
2.674958203778065886e-03,0.000000000000000000e+00,6.446524186696775199e-05,-1.111865627080173270e-05,0.000000000000000000e+00,6.227578607862478341e-03,-3.640023324740591774e-05,-3.640023320248888541e-05,-3.640023321894151107e-05,-3.640023319778176069e-05
2.679958125654286535e-03,0.000000000000000000e+00,6.383670903182183808e-05,-1.124959330880914994e-05,0.000000000000000000e+00,6.227578507692526147e-03,-2.327487322409667016e-05,-2.327487317863397243e-05,-2.327487318618464435e-05,-2.327487316448945056e-05
2.684958047530507617e-03,0.000000000000000000e+00,6.347127216919247310e-05,-1.138028510448044924e-05,0.000000000000000000e+00,6.227578566855122844e-03,-9.244079719396768816e-06,-9.244079673440860738e-06,-9.244079675379993593e-06,-9.244079653189204212e-06
2.689957969406728266e-03,0.000000000000000000e+00,6.334727223758858025e-05,-1.151073165781563061e-05,0.000000000000000000e+00,6.227578813565297702e-03,3.660758949241167874e-06,3.660758995605196755e-06,3.660758976391164060e-06,3.660758999004594082e-06
2.694957891282948916e-03,0.000000000000000000e+00,6.340170703701657879e-05,-1.164093296881469572e-05,0.000000000000000000e+00,6.227578959662903937e-03,1.371055727260389942e-05,1.371055731926197240e-05,1.371055728669184966e-05,1.371055730962303562e-05
2.699957813159169565e-03,0.000000000000000000e+00,6.356265856843578668e-05,-1.177088903747764460e-05,0.000000000000000000e+00,6.227578724440524169e-03,1.998597457199047706e-05,1.998597461880723488e-05,1.998597459433866210e-05,1.998597461746973598e-05
2.704957735035390214e-03,0.000000000000000000e+00,6.378420015143638393e-05,-1.190059986380447554e-05,0.000000000000000000e+00,6.227578224253809205e-03,2.251935311561185021e-05,2.251935316245508629e-05,2.251935314740565879e-05,2.251935317063909491e-05
2.709957656911610863e-03,0.000000000000000000e+00,6.406313082094711956e-05,-1.203006544779518854e-05,0.000000000000000000e+00,6.227577819901784252e-03,2.205130080705619403e-05,2.205130085382799474e-05,2.205130083841342828e-05,2.205130086170832850e-05
2.714957578787831512e-03,0.000000000000000000e+00,6.443337921538044920e-05,-1.215928578944978191e-05,0.000000000000000000e+00,6.227577726573993444e-03,1.974826874005407965e-05,1.974826878670977586e-05,1.974826875917435427e-05,1.974826878256777797e-05
2.719957500664052161e-03,0.000000000000000000e+00,6.495389339207387452e-05,-1.228826088876825734e-05,0.000000000000000000e+00,6.227577949280988651e-03,1.684307457455622793e-05,1.684307462109506409e-05,1.684307457946727753e-05,1.684307460306691309e-05
2.724957422540272810e-03,0.000000000000000000e+00,6.568830965403810011e-05,-1.241699074575061653e-05,0.000000000000000000e+00,6.227578331105296933e-03,1.407379474322214533e-05,1.407379478964725036e-05,1.407379474418643813e-05,1.407379476814333863e-05
2.729957344416493459e-03,0.000000000000000000e+00,6.666990828101501025e-05,-1.254547536039685947e-05,0.000000000000000000e+00,6.227578591271705315e-03,1.150494312028333029e-05,1.150494316655216791e-05,1.150494312856415477e-05,1.150494315303922769e-05
2.734957266292714108e-03,0.000000000000000000e+00,6.787293646480559313e-05,-1.267371473270698618e-05,0.000000000000000000e+00,6.227578595718907470e-03,8.985680810425329817e-06,8.985680856418868181e-06,8.985680826679344891e-06,8.985680851817136385e-06
2.739957188168934757e-03,0.000000000000000000e+00,6.921002858621275254e-05,-1.280170886268099325e-05,0.000000000000000000e+00,6.227578522183779830e-03,6.735431874285418899e-06,6.735431919812182817e-06,6.735431888318054494e-06,6.735431914229859612e-06
2.744957110045155406e-03,0.000000000000000000e+00,7.056185007297528604e-05,-1.292945775031888068e-05,0.000000000000000000e+00,6.227578587789210640e-03,5.369921505404227428e-06,5.369921550235770419e-06,5.369921519858837896e-06,5.369921546603970968e-06
2.749957031921376489e-03,0.000000000000000000e+00,7.182384250190425334e-05,-1.305696139562065188e-05,0.000000000000000000e+00,6.227578742976330739e-03,5.194945317307494956e-06,5.194945361222300966e-06,5.194945331034688777e-06,5.194945358598333503e-06
2.754956953797597138e-03,0.000000000000000000e+00,7.294023098536762256e-05,-1.318421979858630514e-05,0.000000000000000000e+00,6.227578735802753035e-03,5.870031653206333059e-06,5.870031696018916270e-06,5.870031652100341811e-06,5.870031680377066306e-06
2.759956875673817787e-03,0.000000000000000000e+00,7.390900905977735593e-05,-1.331123295921584215e-05,0.000000000000000000e+00,6.227578478844348828e-03,6.639299943183925170e-06,6.639299984759186368e-06,6.639299934543242972e-06,6.639299963338843757e-06
2.764956797550038436e-03,0.000000000000000000e+00,7.476180482852031438e-05,-1.343800087750926292e-05,0.000000000000000000e+00,6.227578212969606467e-03,6.536956324654191297e-06,6.536956364916166027e-06,6.536956331547406408e-06,6.536956360610484104e-06
2.769956719426259085e-03,0.000000000000000000e+00,7.553410489143414668e-05,-1.356452355346656575e-05,0.000000000000000000e+00,6.227578212876169056e-03,4.932097346613112173e-06,4.932097385558904430e-06,4.932097368779136005e-06,4.932097397852483128e-06
2.774956641302479734e-03,0.000000000000000000e+00,7.624557292960271236e-05,-1.369080098708774726e-05,0.000000000000000000e+00,6.227578438630890396e-03,1.895375666761419222e-06,1.895375704476347245e-06,1.895375674430580887e-06,1.895375703301587086e-06
2.779956563178700383e-03,0.000000000000000000e+00,7.689960465608314786e-05,-1.381683317837281083e-05,0.000000000000000000e+00,6.227578611011178392e-03,-1.803032096980817459e-06,-1.803032060331412838e-06,-1.803032117046082691e-06,-1.803032088514618119e-06
2.784956485054921032e-03,0.000000000000000000e+00,7.749347312088089058e-05,-1.394262012732175815e-05,0.000000000000000000e+00,6.227578529609187341e-03,-4.821247217544500908e-06,-4.821247181754624665e-06,-4.821247250090061393e-06,-4.821247221960266622e-06
2.789956406931141681e-03,0.000000000000000000e+00,7.803482099244342710e-05,-1.406816183393458924e-05,0.000000000000000000e+00,6.227578274432075262e-03,-5.869528047044953812e-06,-5.869528011933418821e-06,-5.869528066890505473e-06,-5.869528039173652816e-06
2.794956328807362330e-03,0.000000000000000000e+00,7.855395316621639756e-05,-1.419345829821130238e-05,0.000000000000000000e+00,6.227578153837248602e-03,-4.239365539669999726e-06,-4.239365505144394695e-06,-4.239365528478356682e-06,-4.239365501162309851e-06
2.799956250683582979e-03,0.000000000000000000e+00,7.909581915200889304e-05,-1.431850952015189928e-05,0.000000000000000000e+00,6.227578338401471014e-03,-1.281478514483638998e-07,-1.281478175344199946e-07,-1.281478366756637604e-07,-1.281478097445781572e-07
2.804956172559803628e-03,0.000000000000000000e+00,7.969219944864257407e-05,-1.444331549975637655e-05,0.000000000000000000e+00,6.227578605527452071e-03,5.383803459819423877e-06,5.383803492993987640e-06,5.383803450839375388e-06,5.383803477396905909e-06
2.809956094436024711e-03,0.000000000000000000e+00,8.032729418551018614e-05,-1.456787623702473419e-05,0.000000000000000000e+00,6.227578702693799088e-03,1.111795293143651731e-05,1.111795296368929916e-05,1.111795290487877164e-05,1.111795293106585230e-05
2.814956016312245360e-03,0.000000000000000000e+00,8.092553917739166017e-05,-1.469219173195697559e-05,0.000000000000000000e+00,6.227578680488901446e-03,1.628999537261445002e-05,1.628999540376378850e-05,1.628999534536690783e-05,1.628999537117123802e-05
2.819955938188466009e-03,0.000000000000000000e+00,8.138154496819203219e-05,-1.481626198455310074e-05,0.000000000000000000e+00,6.227578637715064022e-03,2.049680956480455209e-05,2.049680959470484901e-05,2.049680954477954803e-05,2.049680957017148159e-05
2.824955860064686658e-03,0.000000000000000000e+00,8.161914566530875962e-05,-1.494008699481310795e-05,0.000000000000000000e+00,6.227578547331276762e-03,2.376214089433610204e-05,2.376214092289161557e-05,2.376214087728570150e-05,2.376214090222951398e-05
2.829955781940907307e-03,0.000000000000000000e+00,8.164282901781613495e-05,-1.506366676273699892e-05,0.000000000000000000e+00,6.227578444833119231e-03,2.648780850079640137e-05,2.648780852796426825e-05,2.648780849843842427e-05,2.648780852291880469e-05
2.834955703817127956e-03,0.000000000000000000e+00,8.154425044831268665e-05,-1.518700128832477196e-05,0.000000000000000000e+00,6.227578455358618974e-03,2.911644885655200100e-05,2.911644888234427622e-05,2.911644886012490794e-05,2.911644888417857011e-05
2.839955625693348605e-03,0.000000000000000000e+00,8.145959273329397290e-05,-1.531009057157642366e-05,0.000000000000000000e+00,6.227578589743473780e-03,3.181444503675934742e-05,3.181444506124505060e-05,3.181444501940746414e-05,3.181444504313732933e-05
2.844955547569569254e-03,0.000000000000000000e+00,8.151026808518465033e-05,-1.543293461249196252e-05,0.000000000000000000e+00,6.227578693402336524e-03,3.461696308424834609e-05,3.461696310754314805e-05,3.461696304646459156e-05,3.461696307002519246e-05
2.849955469445789903e-03,0.000000000000000000e+00,8.176315448125382151e-05,-1.555553341107138174e-05,0.000000000000000000e+00,6.227578619104317398e-03,3.787858882630843019e-05,3.787858884854494919e-05,3.787858878841493407e-05,3.787858881197016139e-05
2.854955391322010552e-03,0.000000000000000000e+00,8.221727516248507122e-05,-1.567788696731468133e-05,0.000000000000000000e+00,6.227578421237859804e-03,4.224198725745348664e-05,4.224198727874492693e-05,4.224198723307088431e-05,4.224198725674157916e-05
2.859955313198231201e-03,0.000000000000000000e+00,8.281123782915107083e-05,-1.579999528122186467e-05,0.000000000000000000e+00,6.227578290931897603e-03,4.779915702283869545e-05,4.779915704324786622e-05,4.779915701249134774e-05,4.779915703632346674e-05
2.864955235074451850e-03,0.000000000000000000e+00,8.344665818139381354e-05,-1.592185835279293177e-05,0.000000000000000000e+00,6.227578306619370625e-03,5.370617799181671038e-05,5.370617801134875481e-05,5.370617797951954703e-05,5.370617800348210233e-05
2.869955156950672933e-03,0.000000000000000000e+00,8.401841076065592472e-05,-1.604347618202787924e-05,0.000000000000000000e+00,6.227578434773414426e-03,5.888295046292666194e-05,5.888295048155157475e-05,5.888295041993857435e-05,5.888295044393981534e-05
2.874955078826893582e-03,0.000000000000000000e+00,8.444560620353155445e-05,-1.616484876892671386e-05,0.000000000000000000e+00,6.227578623670803476e-03,6.276819715013190579e-05,6.276819716782165357e-05,6.276819709217075580e-05,6.276819711607524530e-05
2.879955000703114231e-03,0.000000000000000000e+00,8.469278742827214459e-05,-1.628597611348942545e-05,0.000000000000000000e+00,6.227578692310851982e-03,6.542731051477491250e-05,6.542731053153812821e-05,6.542731047672505410e-05,6.542731050035823556e-05
2.884954922579334880e-03,0.000000000000000000e+00,8.477183160898385658e-05,-1.640685821571602081e-05,0.000000000000000000e+00,6.227578511583547333e-03,6.696769694940154941e-05,6.696769696530111677e-05,6.696769693464722480e-05,6.696769695779664880e-05
2.889954844455555529e-03,0.000000000000000000e+00,8.471867790289645361e-05,-1.652749507560649653e-05,0.000000000000000000e+00,6.227578267483029756e-03,6.730822048912619743e-05,6.730822050427952199e-05,6.730822048991612003e-05,6.730822051234572865e-05
2.894954766331776178e-03,0.000000000000000000e+00,8.456192092922760377e-05,-1.664788669316085939e-05,0.000000000000000000e+00,6.227578191694482443e-03,6.692844596045672114e-05,6.692844597502622993e-05,6.692844595228603804e-05,6.692844597377361050e-05
2.899954688207996827e-03,0.000000000000000000e+00,8.431372853402403290e-05,-1.676803306837909924e-05,0.000000000000000000e+00,6.227578229033873571e-03,6.715211811661415606e-05,6.715211813079074998e-05,6.715211808676376632e-05,6.715211810714880004e-05
2.904954610084217476e-03,0.000000000000000000e+00,8.398502059194715012e-05,-1.688793420126122961e-05,0.000000000000000000e+00,6.227578235048053176e-03,6.956070305872413134e-05,6.956070307270772373e-05,6.956070301362361134e-05,6.956070303283571450e-05
2.909954531960438125e-03,0.000000000000000000e+00,8.360538347894266170e-05,-1.700759009180723697e-05,0.000000000000000000e+00,6.227578264961099175e-03,7.490840120871568634e-05,7.490840122268994103e-05,7.490840116680506531e-05,7.490840118484906260e-05
2.914954453836658774e-03,0.000000000000000000e+00,8.322216429522606186e-05,-1.712700074001712809e-05,0.000000000000000000e+00,6.227578393799667461e-03,8.213928251981457082e-05,8.213928253391296667e-05,8.213928249806334749e-05,8.213928251497021999e-05
2.919954375712879423e-03,0.000000000000000000e+00,8.288209351024591659e-05,-1.724616614589089618e-05,0.000000000000000000e+00,6.227578517176488374e-03,8.867347928299666878e-05,8.867347929726701909e-05,8.867347926819844754e-05,8.867347928397278955e-05
2.924954297589100072e-03,0.000000000000000000e+00,8.261338445449230631e-05,-1.736508630942855142e-05,0.000000000000000000e+00,6.227578567300946777e-03,9.149553887319890192e-05,9.149553888758640027e-05,9.149553886222928315e-05,9.149553887682143822e-05
2.929954219465320722e-03,0.000000000000000000e+00,8.241247410405718409e-05,-1.748376123063008703e-05,0.000000000000000000e+00,6.227578641941375164e-03,8.850127286287266251e-05,8.850127287722867834e-05,8.850127285157991083e-05,8.850127286489937518e-05
2.934954141341541804e-03,0.000000000000000000e+00,8.225256966373360908e-05,-1.760219090949550978e-05,0.000000000000000000e+00,6.227578737430775405e-03,7.949714427760439135e-05,7.949714429171709867e-05,7.949714424057080986e-05,7.949714425252538564e-05
2.939954063217762453e-03,0.000000000000000000e+00,8.211525901305027474e-05,-1.772037534602481290e-05,0.000000000000000000e+00,6.227578678005467848e-03,6.597824305892026461e-05,6.597824307255162682e-05,6.597824301050815750e-05,6.597824302104279435e-05
2.944953985093983102e-03,0.000000000000000000e+00,8.201933709316959616e-05,-1.783831454021799639e-05,0.000000000000000000e+00,6.227578396526586846e-03,5.016653559737673922e-05,5.016653561028877395e-05,5.016653557670357200e-05,5.016653558582198332e-05
2.949953906970203751e-03,0.000000000000000000e+00,8.202620101845985677e-05,-1.795600849207506025e-05,0.000000000000000000e+00,6.227578095763458901e-03,3.393416797286508634e-05,3.393416798483450214e-05,3.393416797103329966e-05,3.393416797879767800e-05
2.954953828846424400e-03,0.000000000000000000e+00,8.221560190226923504e-05,-1.807345720159600787e-05,0.000000000000000000e+00,6.227578097031310177e-03,1.822126862612748338e-05,1.822126863695115837e-05,1.822126861534123369e-05,1.822126862186851024e-05
2.959953750722645049e-03,0.000000000000000000e+00,8.265280374236698066e-05,-1.819066066878083924e-05,0.000000000000000000e+00,6.227578451662601523e-03,3.449291443917744672e-06,3.449291453414862730e-06,3.449291420055279866e-06,3.449291425522365086e-06
2.964953672598865698e-03,0.000000000000000000e+00,8.336899744054892993e-05,-1.830761889362955436e-05,0.000000000000000000e+00,6.227578829911494668e-03,-9.917402514809596341e-06,-9.917402506794738507e-06,-9.917402541142705482e-06,-9.917402536495977601e-06
2.969953594475086348e-03,0.000000000000000000e+00,8.434953579913848413e-05,-1.842433187614215325e-05,0.000000000000000000e+00,6.227578869870000790e-03,-2.123978213977185795e-05,-2.123978213336899699e-05,-2.123978216412505130e-05,-2.123978216001406159e-05
2.974953516351306997e-03,0.000000000000000000e+00,8.553315823912523575e-05,-1.854079961631863250e-05,0.000000000000000000e+00,6.227578584254398440e-03,-2.969404961004011630e-05,-2.969404960535982897e-05,-2.969404962831026122e-05,-2.969404962445748781e-05
2.979953438227527646e-03,0.000000000000000000e+00,8.682965820979777387e-05,-1.865702211415899212e-05,0.000000000000000000e+00,6.227578277111988844e-03,-3.457607590079164912e-05,-3.457607589793834071e-05,-3.457607591014145629e-05,-3.457607590634607106e-05
2.984953360103748295e-03,0.000000000000000000e+00,8.814137386494815039e-05,-1.877299936966323211e-05,0.000000000000000000e+00,6.227578127836970283e-03,-3.559487272131416617e-05,-3.559487272039768330e-05,-3.559487273422880298e-05,-3.559487273041873358e-05
2.989953281979968944e-03,0.000000000000000000e+00,8.938328725786818933e-05,-1.888873138283135925e-05,0.000000000000000000e+00,6.227578104923434631e-03,-3.313847688498040508e-05,-3.313847688611144479e-05,-3.313847690664727748e-05,-3.313847690288775224e-05
2.994953203856190026e-03,0.000000000000000000e+00,9.049658395693477796e-05,-1.900421815366336675e-05,0.000000000000000000e+00,6.227578159373681893e-03,-2.848269879045706756e-05,-2.848269879372456153e-05,-2.848269882279657543e-05,-2.848269881924905236e-05
2.999953125732410675e-03,0.000000000000000000e+00,9.144491407409651188e-05,-1.911945968215926140e-05,0.000000000000000000e+00,6.227578245545210139e-03,-2.303186867082026982e-05,-2.303186867626507892e-05,-2.303186871270360961e-05,-2.303186870955566926e-05
3.004953047608631325e-03,0.000000000000000000e+00,9.220522582269028876e-05,-1.923445596831903302e-05,0.000000000000000000e+00,6.227578299823749268e-03,-1.737431648501442096e-05,-1.737431649261100207e-05,-1.737431652269928609e-05,-1.737431652010408217e-05
3.009952969484851974e-03,0.000000000000000000e+00,9.276226372988479070e-05,-1.934920701214268841e-05,0.000000000000000000e+00,6.227578393382245288e-03,-1.111535992422177886e-05,-1.111535993387736832e-05,-1.111535995001608357e-05,-1.111535994806374547e-05
3.014952891361072623e-03,0.000000000000000000e+00,9.311505535736312169e-05,-1.946371281363022077e-05,0.000000000000000000e+00,6.227578592143498404e-03,-3.445373891143596992e-06,-3.445373902715232569e-06,-3.445373915687977531e-06,-3.445373914404238961e-06
3.019952813237293272e-03,0.000000000000000000e+00,9.329648008212070031e-05,-1.957797337278164367e-05,0.000000000000000000e+00,6.227578743524268302e-03,5.858840234759358016e-06,5.858840221440804230e-06,5.858840201330363343e-06,5.858840201976427559e-06
3.024952735113513921e-03,0.000000000000000000e+00,9.337742281416402175e-05,-1.969198868959694355e-05,0.000000000000000000e+00,6.227578736090372789e-03,1.601618892014224278e-05,1.601618890524789007e-05,1.601618889382215423e-05,1.601618889391758435e-05
3.029952656989734570e-03,0.000000000000000000e+00,9.344552017940341434e-05,-1.980575876407613057e-05,0.000000000000000000e+00,6.227578667182029348e-03,2.550133133214420466e-05,2.550133131583166469e-05,2.550133131706767888e-05,2.550133131675479169e-05
3.034952578865955219e-03,0.000000000000000000e+00,9.357351709428727703e-05,-1.991928359621919796e-05,0.000000000000000000e+00,6.227578596925055499e-03,3.253347519613266199e-05,3.253347517853727368e-05,3.253347517989920779e-05,3.253347517935634777e-05
3.039952500742175868e-03,0.000000000000000000e+00,9.379090221803709109e-05,-2.003256318602614910e-05,0.000000000000000000e+00,6.227578530527826638e-03,3.596836892817790928e-05,3.596836890940273960e-05,3.596836891188047360e-05,3.596836891128051678e-05
3.044952422618396517e-03,0.000000000000000000e+00,9.407588054260204551e-05,-2.014559753349697723e-05,0.000000000000000000e+00,6.227578525954229061e-03,3.575970022343996212e-05,3.575970020354954821e-05,3.575970020338468849e-05,3.575970020283923993e-05
3.049952344494617166e-03,0.000000000000000000e+00,9.437178663346606979e-05,-2.025838663863169250e-05,0.000000000000000000e+00,6.227578588261557628e-03,3.262120245604105222e-05,3.262120243506047980e-05,3.262120242284196177e-05,3.262120242236554978e-05
3.054952266370838249e-03,0.000000000000000000e+00,9.461235238494120851e-05,-2.037093050143028814e-05,0.000000000000000000e+00,6.227578600902650661e-03,2.763870376606259623e-05,2.763870374398543124e-05,2.763870371973006342e-05,2.763870371924646521e-05
3.059952188247058898e-03,0.000000000000000000e+00,9.474804310729650859e-05,-2.048322912189276754e-05,0.000000000000000000e+00,6.227578446993947171e-03,2.183393035587878861e-05,2.183393033268120231e-05,2.183393031414108428e-05,2.183393031353315179e-05
3.064952110123279547e-03,0.000000000000000000e+00,9.476140528395942428e-05,-2.059528250001913069e-05,0.000000000000000000e+00,6.227578209756556848e-03,1.601130423014045565e-05,1.601130420578906818e-05,1.601130419749050344e-05,1.601130419666882388e-05
3.069952031999500196e-03,0.000000000000000000e+00,9.465589563141256122e-05,-2.070709063580937422e-05,0.000000000000000000e+00,6.227578125847177404e-03,1.068389370666726221e-05,1.068389368111788724e-05,1.068389368404445722e-05,1.068389368299841558e-05
3.074951953875720845e-03,0.000000000000000000e+00,9.443443078363563509e-05,-2.081865352926349811e-05,0.000000000000000000e+00,6.227578222564056701e-03,5.666879563374695601e-06,5.666879536563819219e-06,5.666879553104875125e-06,5.666879551915217350e-06
3.079951875751941494e-03,0.000000000000000000e+00,9.408079643148614354e-05,-2.092997118038150575e-05,0.000000000000000000e+00,6.227578316996632175e-03,7.709912434055411702e-08,7.709909617854837638e-08,7.709910299843415120e-08,7.709910181794804953e-08
3.084951797628162143e-03,0.000000000000000000e+00,9.355183105138105838e-05,-2.104104358916339716e-05,0.000000000000000000e+00,6.227578405570812284e-03,-7.089305959699097111e-06,-7.089305989324460688e-06,-7.089305997629134233e-06,-7.089305998609534212e-06
3.089951719504382792e-03,0.000000000000000000e+00,9.279062973231594629e-05,-2.115187075560916893e-05,0.000000000000000000e+00,6.227578605432046617e-03,-1.608912973632422062e-05,-1.608912976753955652e-05,-1.608912977336051940e-05,-1.608912977394145186e-05
3.094951641380603441e-03,0.000000000000000000e+00,9.174659389488215111e-05,-2.126245267971882784e-05,0.000000000000000000e+00,6.227578820509447818e-03,-2.591039863084237981e-05,-2.591039866378233239e-05,-2.591039865987543697e-05,-2.591039865987408510e-05
3.099951563256824090e-03,0.000000000000000000e+00,9.039778598023756812e-05,-2.137278936149236713e-05,0.000000000000000000e+00,6.227578796889212710e-03,-3.486491745306423412e-05,-3.486491748787627859e-05,-3.486491747981367690e-05,-3.486491747909565046e-05
3.104951485133044739e-03,0.000000000000000000e+00,8.876953993320283321e-05,-2.148288080092978678e-05,0.000000000000000000e+00,6.227578491096261853e-03,-4.156830497970806547e-05,-4.156830501656060554e-05,-4.156830501197596856e-05,-4.156830501049881764e-05
3.109951407009265388e-03,0.000000000000000000e+00,8.693093805651824161e-05,-2.159272699803108680e-05,0.000000000000000000e+00,6.227578170380681025e-03,-4.553118922509633449e-05,-4.553118926417770284e-05,-4.553118925713641959e-05,-4.553118925499316874e-05
3.114951328885486037e-03,0.000000000000000000e+00,8.498075602033944732e-05,-2.170232795279627397e-05,0.000000000000000000e+00,6.227578061362571381e-03,-4.719482265181420546e-05,-4.719482269331002429e-05,-4.719482268187816948e-05,-4.719482267931270319e-05
3.119951250761707120e-03,0.000000000000000000e+00,8.303708830320959101e-05,-2.181168366522533812e-05,0.000000000000000000e+00,6.227578172919361228e-03,-4.726474828458362200e-05,-4.726474832863843578e-05,-4.726474831641586555e-05,-4.726474831379158130e-05
3.124951172637927769e-03,0.000000000000000000e+00,8.122389508262519732e-05,-2.192079413531829280e-05,0.000000000000000000e+00,6.227578365597132536e-03,-4.612893213146311734e-05,-4.612893217814252031e-05,-4.612893216083089481e-05,-4.612893215855861712e-05
3.129951094514148418e-03,0.000000000000000000e+00,7.965047818314406689e-05,-2.202965936307512446e-05,0.000000000000000000e+00,6.227578425368697837e-03,-4.383975907077165032e-05,-4.383975912004652487e-05,-4.383975910976311798e-05,-4.383975910821903113e-05
3.134951016390369067e-03,0.000000000000000000e+00,7.838862038694158923e-05,-2.213827934849583987e-05,0.000000000000000000e+00,6.227578314710552863e-03,-4.050700190964107552e-05,-4.050700196140346899e-05,-4.050700195877313353e-05,-4.050700195824213874e-05
3.139950938266589716e-03,0.000000000000000000e+00,7.746480256448916605e-05,-2.224665409158043227e-05,0.000000000000000000e+00,6.227578274729823199e-03,-3.653923599886791935e-05,-3.653923605296575884e-05,-3.653923604626034110e-05,-3.653923604692442848e-05
3.144950860142810365e-03,0.000000000000000000e+00,7.687868592402195920e-05,-2.235478359232891520e-05,0.000000000000000000e+00,6.227578511294411430e-03,-3.233277889602618300e-05,-3.233277895230050414e-05,-3.233277894413961952e-05,-3.233277894610140204e-05
3.149950782019031014e-03,0.000000000000000000e+00,7.662820997135032350e-05,-2.246266785074127511e-05,0.000000000000000000e+00,6.227578899249713862e-03,-2.819492169621301266e-05,-2.819492175452077530e-05,-2.819492174152900428e-05,-2.819492174484418959e-05
3.154950703895251663e-03,0.000000000000000000e+00,7.672207538478416431e-05,-2.257030686681752216e-05,0.000000000000000000e+00,6.227579149577246002e-03,-2.479581232472614363e-05,-2.479581238494518868e-05,-2.479581236380735273e-05,-2.479581236850980522e-05
3.159950625771472312e-03,0.000000000000000000e+00,7.717925302347427088e-05,-2.267770064055764958e-05,0.000000000000000000e+00,6.227579140524142250e-03,-2.325817526678500917e-05,-2.325817532881569168e-05,-2.325817529872609645e-05,-2.325817530484105091e-05
3.164950547647692961e-03,0.000000000000000000e+00,7.801146274021456364e-05,-2.278484917196165737e-05,0.000000000000000000e+00,6.227578926968883703e-03,-2.442505821320388430e-05,-2.442505827697821801e-05,-2.442505824448935452e-05,-2.442505825204254382e-05
3.169950469523913610e-03,0.000000000000000000e+00,7.919755408448983188e-05,-2.289175246102954553e-05,0.000000000000000000e+00,6.227578679451560226e-03,-2.815028427990812595e-05,-2.815028434540403380e-05,-2.815028431843709329e-05,-2.815028432746754193e-05
3.174950391400134259e-03,0.000000000000000000e+00,8.067089753238399765e-05,-2.299841050776132084e-05,0.000000000000000000e+00,6.227578591130365250e-03,-3.340481945559478470e-05,-3.340481952284069650e-05,-3.340481949858323143e-05,-3.340481950915219684e-05
3.179950313276355342e-03,0.000000000000000000e+00,8.232381789140445576e-05,-2.310482331215697651e-05,0.000000000000000000e+00,6.227578620262764868e-03,-3.886643001209974350e-05,-3.886643008115734358e-05,-3.886643006018564129e-05,-3.886643007236773690e-05
3.184950235152575991e-03,0.000000000000000000e+00,8.402638718714601756e-05,-2.321099087421651594e-05,0.000000000000000000e+00,6.227578623933845668e-03,-4.329239333204739813e-05,-4.329239340297985481e-05,-4.329239337138149400e-05,-4.329239338522663377e-05
3.189950157028796640e-03,0.000000000000000000e+00,8.565034153646772187e-05,-2.331691319393993912e-05,0.000000000000000000e+00,6.227578574905485304e-03,-4.566287258622666071e-05,-4.566287265907033544e-05,-4.566287261273536317e-05,-4.566287262821390095e-05
3.194950078905017289e-03,0.000000000000000000e+00,8.708949274265816447e-05,-2.342259027132723929e-05,0.000000000000000000e+00,6.227578411101102919e-03,-4.543800197192279561e-05,-4.543800204667803396e-05,-4.543800201202433721e-05,-4.543800202898596870e-05
3.199950000781237938e-03,0.000000000000000000e+00,8.827939251482461137e-05,-2.352802210637842321e-05,0.000000000000000000e+00,6.227578076390410597e-03,-4.247399828895925377e-05,-4.247399836560269797e-05,-4.247399834839880829e-05,-4.247399836657301826e-05
3.204949922657458587e-03,0.000000000000000000e+00,8.920902463055569831e-05,-2.363320869909349089e-05,0.000000000000000000e+00,6.227577757868385869e-03,-3.676939685131192366e-05,-3.676939692981798653e-05,-3.676939690652556304e-05,-3.676939692556662652e-05
3.209949844533679236e-03,0.000000000000000000e+00,8.991731708244577609e-05,-2.373815004947244233e-05,0.000000000000000000e+00,6.227577727459567176e-03,-2.867045639317329604e-05,-2.867045647352669033e-05,-2.867045642835791303e-05,-2.867045644791114346e-05
3.214949766409899885e-03,0.000000000000000000e+00,9.048199413144268350e-05,-2.384284615751527413e-05,0.000000000000000000e+00,6.227577971727906239e-03,-1.909557925791256048e-05,-1.909557934010556803e-05,-1.909557928464824066e-05,-1.909557930440592113e-05
3.219949688286120534e-03,0.000000000000000000e+00,9.100096215177943507e-05,-2.394729702322199308e-05,0.000000000000000000e+00,6.227578256819605619e-03,-9.609619252139742045e-06,-9.609619336155752543e-06,-9.609619282254179058e-06,-9.609619301986795816e-06
3.224949610162341183e-03,0.000000000000000000e+00,9.156019475295367025e-05,-2.405150264659258901e-05,0.000000000000000000e+00,6.227578472951104602e-03,-2.015737326139691943e-06,-2.015737411943175741e-06,-2.015737366835291638e-06,-2.015737386399298018e-06
3.229949532038561832e-03,0.000000000000000000e+00,9.219603384437925384e-05,-2.415546302762706869e-05,0.000000000000000000e+00,6.227578631032374031e-03,2.511697171988925398e-06,2.511697084441038232e-06,2.511697116801693119e-06,2.511697097470835945e-06
3.234949453914782481e-03,0.000000000000000000e+00,9.287385178281893695e-05,-2.425917816632542875e-05,0.000000000000000000e+00,6.227578660775604479e-03,3.805189586818115801e-06,3.805189497553768883e-06,3.805189528483902012e-06,3.805189509379026453e-06
3.239949375791003564e-03,0.000000000000000000e+00,9.350224137580596679e-05,-2.436264806268767595e-05,0.000000000000000000e+00,6.227578491301941944e-03,2.391766193136915454e-06,2.391766102156767776e-06,2.391766141479320288e-06,2.391766122529485639e-06
3.244949297667224213e-03,0.000000000000000000e+00,9.397866790259207953e-05,-2.446587271671380012e-05,0.000000000000000000e+00,6.227578288446588770e-03,-1.095443803855047042e-06,-1.095443896562779402e-06,-1.095443845163847769e-06,-1.095443864074685021e-06
3.249949219543444862e-03,0.000000000000000000e+00,9.423555009366511273e-05,-2.456885212840381484e-05,0.000000000000000000e+00,6.227578281204315148e-03,-6.067298142333778154e-06,-6.067298236756193190e-06,-6.067298177144572402e-06,-6.067298196143158879e-06
3.254949141419665511e-03,0.000000000000000000e+00,9.426292177277759978e-05,-2.467158629775770314e-05,0.000000000000000000e+00,6.227578425996604418e-03,-1.135638189168619989e-05,-1.135638198775387309e-05,-1.135638192575597923e-05,-1.135638194493441790e-05
3.259949063295886160e-03,0.000000000000000000e+00,9.410315591565711118e-05,-2.477407522477547859e-05,0.000000000000000000e+00,6.227578540366008990e-03,-1.502635718827244556e-05,-1.502635728585484406e-05,-1.502635723536397749e-05,-1.502635725474863819e-05
3.264948985172106809e-03,0.000000000000000000e+00,9.381896040376851847e-05,-2.487631890945713102e-05,0.000000000000000000e+00,6.227578632026054863e-03,-1.526558776046472936e-05,-1.526558785939489450e-05,-1.526558783175189973e-05,-1.526558785130542492e-05
3.269948907048327458e-03,0.000000000000000000e+00,9.345797259517945254e-05,-2.497831735180267059e-05,0.000000000000000000e+00,6.227578758099495612e-03,-1.142904299498351121e-05,-1.142904309509713723e-05,-1.142904305940648581e-05,-1.142904307906222417e-05
3.274948828924548107e-03,0.000000000000000000e+00,9.303581781166779812e-05,-2.508007055181209053e-05,0.000000000000000000e+00,6.227578816868395081e-03,-4.601781661378512767e-06,-4.601781762539273104e-06,-4.601781707202499699e-06,-4.601781726915498327e-06
3.279948750800768757e-03,0.000000000000000000e+00,9.253580365289842773e-05,-2.518157850948539762e-05,0.000000000000000000e+00,6.227578715782263429e-03,3.023624009499869191e-06,3.023623907395806377e-06,3.023623963204992927e-06,3.023623943419529783e-06
3.284948672676989406e-03,0.000000000000000000e+00,9.192026539931900464e-05,-2.528284122482258507e-05,0.000000000000000000e+00,6.227578520415079193e-03,9.600535110509657516e-06,9.600535007537728979e-06,9.600535063969467805e-06,9.600535044029643070e-06
3.289948594553210055e-03,0.000000000000000000e+00,9.114477947405866980e-05,-2.538385869782365290e-05,0.000000000000000000e+00,6.227578369246393117e-03,1.447491836725488865e-05,1.447491826346087398e-05,1.447491831878674184e-05,1.447491829856210905e-05
3.294948516429430704e-03,0.000000000000000000e+00,9.016899243795403664e-05,-2.548463092848860109e-05,0.000000000000000000e+00,6.227578328064051726e-03,1.810763754486415222e-05,1.810763744024650304e-05,1.810763750011962323e-05,1.810763747946407090e-05
3.299948438305651353e-03,0.000000000000000000e+00,8.896439994491066934e-05,-2.558515791681743303e-05,0.000000000000000000e+00,6.227578345119686408e-03,2.134341030609213387e-05,2.134341020057781222e-05,2.134341026169034829e-05,2.134341024047847827e-05
3.304948360181872435e-03,0.000000000000000000e+00,8.751684582714280283e-05,-2.568543966281014874e-05,0.000000000000000000e+00,6.227578377961603094e-03,2.461481539695250183e-05,2.461481529039420192e-05,2.461481534998588694e-05,2.461481532814389217e-05
3.309948282058093084e-03,0.000000000000000000e+00,8.583142353496217309e-05,-2.578547616646674820e-05,0.000000000000000000e+00,6.227578414864856117e-03,2.768730798164953965e-05,2.768730787385430058e-05,2.768730793359519893e-05,2.768730791112782280e-05
3.314948203934313734e-03,0.000000000000000000e+00,8.394563848622547573e-05,-2.588526742778723142e-05,0.000000000000000000e+00,6.227578436436220603e-03,2.986048295058850579e-05,2.986048284137396815e-05,2.986048289275941841e-05,2.986048286976652609e-05
3.319948125810534383e-03,0.000000000000000000e+00,8.193538846269894595e-05,-2.598481344677159162e-05,0.000000000000000000e+00,6.227578448660995615e-03,3.044578596651781842e-05,3.044578585576399491e-05,3.044578590792457179e-05,3.044578588459719633e-05
3.324948047686755032e-03,0.000000000000000000e+00,7.990595629054103209e-05,-2.608411422341983557e-05,0.000000000000000000e+00,6.227578442068712472e-03,2.922778503663499207e-05,2.922778492430458614e-05,2.922778497115739369e-05,2.922778494774920790e-05
3.329947969562975681e-03,0.000000000000000000e+00,7.797541074917929617e-05,-2.618316975773195989e-05,0.000000000000000000e+00,6.227578413104992161e-03,2.646343895274603234e-05,2.646343883887355210e-05,2.646343888910098296e-05,2.646343886587166681e-05
3.334947891439196330e-03,0.000000000000000000e+00,7.625118631766379727e-05,-2.628198004970797136e-05,0.000000000000000000e+00,6.227578441522181769e-03,2.254842469423913855e-05,2.254842457890175210e-05,2.254842465984333963e-05,2.254842463699672313e-05
3.339947813315416979e-03,0.000000000000000000e+00,7.479865243782698818e-05,-2.638054509934786320e-05,0.000000000000000000e+00,6.227578518621919822e-03,1.778561310553508428e-05,1.778561298883086787e-05,1.778561308220161019e-05,1.778561305984177675e-05
3.344947735191637628e-03,0.000000000000000000e+00,7.361172535325282774e-05,-2.647886490665164218e-05,0.000000000000000000e+00,6.227578457891448822e-03,1.258085159067386643e-05,1.258085147272559918e-05,1.258085155169946479e-05,1.258085152981445939e-05
3.349947657067858277e-03,0.000000000000000000e+00,7.260879777591690829e-05,-2.657693947161929814e-05,0.000000000000000000e+00,6.227578195993337118e-03,7.658767045621692581e-06,7.658766926591083237e-06,7.658766989435842338e-06,7.658766967911459516e-06
3.354947578944078926e-03,0.000000000000000000e+00,7.167029593490926488e-05,-2.667476879425083786e-05,0.000000000000000000e+00,6.227578013577184622e-03,4.053411914870691251e-06,4.053411794961462255e-06,4.053411856424647938e-06,4.053411835077004470e-06
3.359947500820299575e-03,0.000000000000000000e+00,7.069472795944566426e-05,-2.677235287454625455e-05,0.000000000000000000e+00,6.227578228860817557e-03,2.919066433705084867e-06,2.919066313143256795e-06,2.919066384136661736e-06,2.919066362748916341e-06
3.364947422696520658e-03,0.000000000000000000e+00,6.963361733848578039e-05,-2.686969171250556178e-05,0.000000000000000000e+00,6.227578701503336429e-03,4.988630810047021906e-06,4.988630689047245613e-06,4.988630768347381543e-06,4.988630746705347539e-06
3.369947344572741307e-03,0.000000000000000000e+00,6.849259743689683686e-05,-2.696678530812874600e-05,0.000000000000000000e+00,6.227578935619636560e-03,1.019474710806626358e-05,1.019474698681485243e-05,1.019474707309467707e-05,1.019474705101629404e-05
3.374947266448961956e-03,0.000000000000000000e+00,6.730447008516906497e-05,-2.706363366141582074e-05,0.000000000000000000e+00,6.227578718110432336e-03,1.749962836497573039e-05,1.749962824364393921e-05,1.749962832598058322e-05,1.749962830334143558e-05
3.379947188325182605e-03,0.000000000000000000e+00,6.609790800984697288e-05,-2.716023677236676907e-05,0.000000000000000000e+00,6.227578338467500661e-03,2.519210044554278844e-05,2.519210032431857383e-05,2.519210039547398652e-05,2.519210037222642529e-05
3.384947110201403254e-03,0.000000000000000000e+00,6.488739273646709012e-05,-2.725659464098160455e-05,0.000000000000000000e+00,6.227578186931172037e-03,3.181450210642556702e-05,3.181450198554274395e-05,3.181450205687081246e-05,3.181450203304098383e-05
3.389947032077623903e-03,0.000000000000000000e+00,6.368000231818892170e-05,-2.735270726726031702e-05,0.000000000000000000e+00,6.227578368901144114e-03,3.662539301116058495e-05,3.662539289089786454e-05,3.662539295764386427e-05,3.662539293330450128e-05
3.394946953953844552e-03,0.000000000000000000e+00,6.249088695448294249e-05,-2.744857465120291662e-05,0.000000000000000000e+00,6.227578666071521829e-03,3.949529874976198988e-05,3.949529863040823069e-05,3.949529869917434979e-05,3.949529867440279671e-05
3.399946875830065201e-03,0.000000000000000000e+00,6.135577690577313781e-05,-2.754419679280939659e-05,0.000000000000000000e+00,6.227578787711592241e-03,4.051283227148060918e-05,4.051283215329384456e-05,4.051283225248251399e-05,4.051283222731798505e-05
3.404946797706285850e-03,0.000000000000000000e+00,6.032379228298417835e-05,-2.763957369207976033e-05,0.000000000000000000e+00,6.227578649407834038e-03,3.954911233456256091e-05,3.954911221774503520e-05,3.954911233315570017e-05,3.954911230757782593e-05
3.409946719582506499e-03,0.000000000000000000e+00,5.943788957169459340e-05,-2.773470534901400781e-05,0.000000000000000000e+00,6.227578476446399801e-03,3.660232174559057149e-05,3.660232163029161323e-05,3.660232172494231381e-05,3.660232169887749049e-05
3.414946641458727148e-03,0.000000000000000000e+00,5.871002309720824023e-05,-2.782959176361213567e-05,0.000000000000000000e+00,6.227578525717540787e-03,3.231427052904179776e-05,3.231427041537299845e-05,3.231427048010374417e-05,3.231427045345420385e-05
3.419946563334947797e-03,0.000000000000000000e+00,5.810606532360835489e-05,-2.792423293587414389e-05,0.000000000000000000e+00,6.227578679866295312e-03,2.773140096503117605e-05,2.773140085306729821e-05,2.773140091185967551e-05,2.773140088454488568e-05
3.424946485211168880e-03,0.000000000000000000e+00,5.756012930014470593e-05,-2.801862886580003587e-05,0.000000000000000000e+00,6.227578661361712897e-03,2.384969688433300744e-05,2.384969677409300089e-05,2.384969684561367791e-05,2.384969681760924063e-05
3.429946407087389529e-03,0.000000000000000000e+00,5.700323913301147768e-05,-2.811277955338981161e-05,0.000000000000000000e+00,6.227578476786729128e-03,2.112142143736961771e-05,2.112142132879202852e-05,2.112142141997243512e-05,2.112142139134170845e-05
3.434946328963610178e-03,0.000000000000000000e+00,5.639098490296515405e-05,-2.820668499864346771e-05,0.000000000000000000e+00,6.227578378359494883e-03,1.925820170610863764e-05,1.925820159905118460e-05,1.925820169543165182e-05,1.925820166634694260e-05
3.439946250839830827e-03,0.000000000000000000e+00,5.571550814142623906e-05,-2.830034520156101096e-05,0.000000000000000000e+00,6.227578482344157777e-03,1.786568843500442700e-05,1.786568832928549946e-05,1.786568840408890688e-05,1.786568837483324947e-05
3.444946172716051476e-03,0.000000000000000000e+00,5.499351840029807791e-05,-2.839376016214243119e-05,0.000000000000000000e+00,6.227578643405359479e-03,1.688118440248648851e-05,1.688118429794918887e-05,1.688118436900443484e-05,1.688118433995104212e-05
3.449946094592272125e-03,0.000000000000000000e+00,5.425205995707496463e-05,-2.848692988038773518e-05,0.000000000000000000e+00,6.227578668560079800e-03,1.629583206930352587e-05,1.629583196586565467e-05,1.629583204848142653e-05,1.629583202004917662e-05
3.454946016468492774e-03,0.000000000000000000e+00,5.352018224615070222e-05,-2.857985435629691953e-05,0.000000000000000000e+00,6.227578505583211688e-03,1.584405720260837551e-05,1.584405710026912299e-05,1.584405718823723506e-05,1.584405716082990179e-05
3.459945938344713423e-03,0.000000000000000000e+00,5.282641500539102654e-05,-2.867253358986999103e-05,0.000000000000000000e+00,6.227578227801944082e-03,1.497380014095551222e-05,1.497380003975662016e-05,1.497380012400531230e-05,1.497380009795455143e-05
3.464945860220934072e-03,0.000000000000000000e+00,5.220008056190511005e-05,-2.876496758110693951e-05,0.000000000000000000e+00,6.227577992487721113e-03,1.324180727860274138e-05,1.324180717857781665e-05,1.324180726498239568e-05,1.324180724051270143e-05
3.469945782097154721e-03,0.000000000000000000e+00,5.165757035074809283e-05,-2.885715633000777853e-05,0.000000000000000000e+00,6.227577987797503281e-03,1.055543578455514622e-05,1.055543568570231688e-05,1.055543577971801550e-05,1.055543575694248370e-05
3.474945703973375370e-03,0.000000000000000000e+00,5.118508455248269658e-05,-2.894909983657249452e-05,0.000000000000000000e+00,6.227578229578077142e-03,6.831089467114148414e-06,6.831089369404508624e-06,6.831089440296671952e-06,6.831089419240366314e-06
3.479945625849596019e-03,0.000000000000000000e+00,5.074689211534424239e-05,-2.904079810080109427e-05,0.000000000000000000e+00,6.227578498255962637e-03,2.304375228668702700e-06,2.304375132078348339e-06,2.304375190791890587e-06,2.304375171422226599e-06
3.484945547725816668e-03,0.000000000000000000e+00,5.031543298198547237e-05,-2.913225112269357100e-05,0.000000000000000000e+00,6.227578580435333584e-03,-1.892159868099390815e-06,-1.892159963561555734e-06,-1.892159889108194845e-06,-1.892159906857516145e-06
3.489945469602037751e-03,0.000000000000000000e+00,4.990487365068367972e-05,-2.922345890224993826e-05,0.000000000000000000e+00,6.227578491133370191e-03,-4.114116154439166328e-06,-4.114116248727766253e-06,-4.114116160588281630e-06,-4.114116176803822774e-06
3.494945391478258400e-03,0.000000000000000000e+00,4.957773217593732076e-05,-2.931442143947018251e-05,0.000000000000000000e+00,6.227578355515127860e-03,-3.079555747482124172e-06,-3.079555840528862411e-06,-3.079555740049343991e-06,-3.079555754828491745e-06
3.499945313354479049e-03,0.000000000000000000e+00,4.941741073340186419e-05,-2.940513873435431389e-05,0.000000000000000000e+00,6.227578281052504293e-03,8.993616738053004894e-07,8.993615820786220176e-07,8.993616773806420181e-07,8.993616639437723405e-07
3.504945235230699698e-03,0.000000000000000000e+00,4.949999993034332103e-05,-2.949561078690232226e-05,0.000000000000000000e+00,6.227578396258472322e-03,5.435266559277327695e-06,5.435266468962720909e-06,5.435266541774924970e-06,5.435266529601738453e-06
3.509945157106920347e-03,0.000000000000000000e+00,4.987523111128739457e-05,-2.958583759711421439e-05,0.000000000000000000e+00,6.227578642792024576e-03,7.459152556529023679e-06,7.459152467750229928e-06,7.459152528465963245e-06,7.459152517489935826e-06
3.514945078983140996e-03,0.000000000000000000e+00,5.056016952511283697e-05,-2.967581916498998688e-05,0.000000000000000000e+00,6.227578748179453394e-03,5.064263644173647462e-06,5.064263557092378888e-06,5.064263629170055458e-06,5.064263619314159655e-06
3.519945000859361645e-03,0.000000000000000000e+00,5.154556680984018820e-05,-2.976555549052964652e-05,0.000000000000000000e+00,6.227578639687069914e-03,-1.478858530795806575e-06,-1.478858616002748785e-06,-1.478858535006575916e-06,-1.478858543863686890e-06
3.524944922735582294e-03,0.000000000000000000e+00,5.279646968707563066e-05,-2.985504657373318652e-05,0.000000000000000000e+00,6.227578488851916519e-03,-9.986453845446522084e-06,-9.986453928638030711e-06,-9.986453856245707658e-06,-9.986453864289713590e-06
3.529944844611802943e-03,0.000000000000000000e+00,5.425167991732063251e-05,-2.994429241460061028e-05,0.000000000000000000e+00,6.227578433319985035e-03,-1.794156654518967478e-05,-1.794156662631529207e-05,-1.794156656068792132e-05,-1.794156656815490300e-05
3.534944766488023592e-03,0.000000000000000000e+00,5.582920573920788692e-05,-3.003329301313191780e-05,0.000000000000000000e+00,6.227578493054207812e-03,-2.377136739409665498e-05,-2.377136747322160077e-05,-2.377136740595047788e-05,-2.377136741308476535e-05
3.539944688364244241e-03,0.000000000000000000e+00,5.744029838818994214e-05,-3.012204836932710230e-05,0.000000000000000000e+00,6.227578558511747374e-03,-2.705899619898280683e-05,-2.705899627627434304e-05,-2.705899620224464262e-05,-2.705899620924622374e-05
3.544944610240464890e-03,0.000000000000000000e+00,5.901340283787865422e-05,-3.021055848318617056e-05,0.000000000000000000e+00,6.227578535754069687e-03,-2.835249803922459947e-05,-2.835249811491115054e-05,-2.835249802957760909e-05,-2.835249803656680659e-05
3.549944532116685973e-03,0.000000000000000000e+00,6.050887606905104099e-05,-3.029882335470912257e-05,0.000000000000000000e+00,6.227578510869560303e-03,-2.847327552901607949e-05,-2.847327560334243118e-05,-2.847327551495277453e-05,-2.847327552196704081e-05
3.554944453992906622e-03,0.000000000000000000e+00,6.191490463892566302e-05,-3.038684298389595834e-05,0.000000000000000000e+00,6.227578531380544707e-03,-2.802842256988927707e-05,-2.802842264308658466e-05,-2.802842256995807647e-05,-2.802842257696869035e-05
3.559944375869127271e-03,0.000000000000000000e+00,6.323309350780393983e-05,-3.047461737074667448e-05,0.000000000000000000e+00,6.227578427836149427e-03,-2.755065369074844494e-05,-2.755065376301581200e-05,-2.755065370503557667e-05,-2.755065371196756895e-05
3.564944297745347920e-03,0.000000000000000000e+00,6.445846623528816825e-05,-3.056214651526127776e-05,0.000000000000000000e+00,6.227578160560691585e-03,-2.733117043010000139e-05,-2.733117050158600765e-05,-2.733117045005399359e-05,-2.733117045679332315e-05
3.569944219621568569e-03,0.000000000000000000e+00,6.556475265983854547e-05,-3.064943041743975125e-05,0.000000000000000000e+00,6.227578024557866264e-03,-2.736117099417214113e-05,-2.736117106495018710e-05,-2.736117101963056339e-05,-2.736117102602493031e-05
3.574944141497789218e-03,0.000000000000000000e+00,6.651202531046948921e-05,-3.073646907728210849e-05,0.000000000000000000e+00,6.227578199608465280e-03,-2.750959533845549518e-05,-2.750959540850263303e-05,-2.750959535040400282e-05,-2.750959535627396825e-05
3.579944063374009867e-03,0.000000000000000000e+00,6.727050044568266764e-05,-3.082326249478836304e-05,0.000000000000000000e+00,6.227578478985446898e-03,-2.747884806121691072e-05,-2.747884813042016319e-05,-2.747884804206095568e-05,-2.747884804722661661e-05
3.584943985250230516e-03,0.000000000000000000e+00,6.784390197790777632e-05,-3.090981066995849457e-05,0.000000000000000000e+00,6.227578653552710321e-03,-2.710109627146730315e-05,-2.710109633966235602e-05,-2.710109624509004326e-05,-2.710109624940807492e-05
3.589943907126451166e-03,0.000000000000000000e+00,6.827801780125795764e-05,-3.099611360279250308e-05,0.000000000000000000e+00,6.227578714338445273e-03,-2.642738120607305175e-05,-2.642738127309926692e-05,-2.642738120006682244e-05,-2.642738120345632981e-05
3.594943829002671815e-03,0.000000000000000000e+00,6.864953090544550075e-05,-3.108217129329038858e-05,0.000000000000000000e+00,6.227578698577339311e-03,-2.549654048731220509e-05,-2.549654055305464019e-05,-2.549654049730313828e-05,-2.549654049974125824e-05
3.599943750878892464e-03,0.000000000000000000e+00,6.905442278410482411e-05,-3.116798374145217815e-05,0.000000000000000000e+00,6.227578613240321477e-03,-2.450754692314792885e-05,-2.450754698753938705e-05,-2.450754693852240693e-05,-2.450754694001255473e-05
3.604943672755113113e-03,0.000000000000000000e+00,6.959699058544948529e-05,-3.125355094727783794e-05,0.000000000000000000e+00,6.227578488981719805e-03,-2.362859383199644573e-05,-2.362859389498031136e-05,-2.362859384981625711e-05,-2.362859385035134477e-05
3.609943594631334195e-03,0.000000000000000000e+00,7.036857490334923854e-05,-3.133887291076737470e-05,0.000000000000000000e+00,6.227578445303502512e-03,-2.275347454703446410e-05,-2.275347460851424316e-05,-2.275347455471195718e-05,-2.275347455425615181e-05
3.614943516507554844e-03,0.000000000000000000e+00,7.141874161492313107e-05,-3.142394963192078844e-05,0.000000000000000000e+00,6.227578512372054613e-03,-2.178281396071218856e-05,-2.178281402051582155e-05,-2.178281394808522447e-05,-2.178281394658566106e-05
3.619943438383775493e-03,0.000000000000000000e+00,7.272770710230182462e-05,-3.150878111073809949e-05,0.000000000000000000e+00,6.227578511921979740e-03,-2.057658999823521172e-05,-2.057659005610741986e-05,-2.057658998699804574e-05,-2.057658998441271145e-05
3.624943360259996143e-03,0.000000000000000000e+00,7.419876525404593259e-05,-3.159336734721929430e-05,0.000000000000000000e+00,6.227578384890590860e-03,-1.889731451601610806e-05,-1.889731457163296900e-05,-1.889731452117322750e-05,-1.889731451749214767e-05
3.629943282136216792e-03,0.000000000000000000e+00,7.568263304460067875e-05,-3.167770834136436609e-05,0.000000000000000000e+00,6.227578324365500712e-03,-1.656338938283078211e-05,-1.656338943582192562e-05,-1.656338938835229512e-05,-1.656338938359711992e-05
3.634943204012437441e-03,0.000000000000000000e+00,7.702886583152710246e-05,-3.176180409317330808e-05,0.000000000000000000e+00,6.227578368349142961e-03,-1.370775443707574514e-05,-1.370775448704960822e-05,-1.370775443396284485e-05,-1.370775442816965449e-05
3.639943125888658090e-03,0.000000000000000000e+00,7.814040381182247512e-05,-3.184565460264614738e-05,0.000000000000000000e+00,6.227578341387816560e-03,-1.117615976219716574e-05,-1.117615980877072855e-05,-1.117615974546638970e-05,-1.117615973867460848e-05
3.644943047764878739e-03,0.000000000000000000e+00,7.900018832495890825e-05,-3.192925986978287044e-05,0.000000000000000000e+00,6.227578244908877139e-03,-1.029537481777230617e-05,-1.029537486061221212e-05,-1.029537479372651633e-05,-1.029537478598928032e-05
3.649942969641099388e-03,0.000000000000000000e+00,7.965367023083199305e-05,-3.201261989458347048e-05,0.000000000000000000e+00,6.227578278907987090e-03,-1.182655989509911162e-05,-1.182655993397314833e-05,-1.182655988853285123e-05,-1.182655987993842974e-05
3.654942891517320037e-03,0.000000000000000000e+00,8.016426500348150714e-05,-3.209573467704794750e-05,0.000000000000000000e+00,6.227578451100806121e-03,-1.523917883502278192e-05,-1.523917886984835351e-05,-1.523917885019013674e-05,-1.523917884086816307e-05
3.659942813393540686e-03,0.000000000000000000e+00,8.057908751672246818e-05,-3.217860421717630827e-05,0.000000000000000000e+00,6.227578548684371482e-03,-1.931685809483441502e-05,-1.931685812570039726e-05,-1.931685810755615193e-05,-1.931685809764909872e-05
3.664942735269761335e-03,0.000000000000000000e+00,8.091509746796634933e-05,-3.226122851496855958e-05,0.000000000000000000e+00,6.227578503424679654e-03,-2.325912592885190575e-05,-2.325912595599992835e-05,-2.325912592362780294e-05,-2.325912591323612492e-05
3.669942657145981984e-03,0.000000000000000000e+00,8.116061817525501928e-05,-3.234360757042468787e-05,0.000000000000000000e+00,6.227578425662997144e-03,-2.710157662735983048e-05,-2.710157665112882859e-05,-2.710157660394690469e-05,-2.710157659308222992e-05
3.674942579022203067e-03,0.000000000000000000e+00,8.128683957244637606e-05,-3.242574138354469313e-05,0.000000000000000000e+00,6.227578417350026173e-03,-3.110435126201752543e-05,-3.110435128277608713e-05,-3.110435122818637900e-05,-3.110435121676299452e-05
3.679942500898423716e-03,0.000000000000000000e+00,8.126053309780344115e-05,-3.250762995432858216e-05,0.000000000000000000e+00,6.227578542357337099e-03,-3.509104154275437102e-05,-3.509104156084424361e-05,-3.509104151809055376e-05,-3.509104150596567014e-05
3.684942422774644365e-03,0.000000000000000000e+00,8.106056757806583157e-05,-3.258927328277636849e-05,0.000000000000000000e+00,6.227578704292142942e-03,-3.870251122474970386e-05,-3.870251124045435878e-05,-3.870251121763939082e-05,-3.870251120467750990e-05
3.689942344650865014e-03,0.000000000000000000e+00,8.069456035502439555e-05,-3.267067136888803181e-05,0.000000000000000000e+00,6.227578701167210337e-03,-4.159076131898748672e-05,-4.159076133252806055e-05,-4.159076131691031122e-05,-4.159076130302884390e-05
3.694942266527085663e-03,0.000000000000000000e+00,8.020725806887453804e-05,-3.275182421266356533e-05,0.000000000000000000e+00,6.227578575797428073e-03,-4.338886068032720485e-05,-4.338886069187578758e-05,-4.338886067480656936e-05,-4.338886065998092458e-05
3.699942188403306312e-03,0.000000000000000000e+00,7.967444708080177892e-05,-3.283273181410298260e-05,0.000000000000000000e+00,6.227578529455371145e-03,-4.396462808259708201e-05,-4.396462809229470124e-05,-4.396462807709842872e-05,-4.396462806133925877e-05
3.704942110279526961e-03,0.000000000000000000e+00,7.917955329081021723e-05,-3.291339417320629718e-05,0.000000000000000000e+00,6.227578553822707419e-03,-4.335925450600943001e-05,-4.335925451398430619e-05,-4.335925449802916669e-05,-4.335925448136106262e-05
3.709942032155747610e-03,0.000000000000000000e+00,7.878756720890327573e-05,-3.299381128997348875e-05,0.000000000000000000e+00,6.227578485437966840e-03,-4.163986056699870981e-05,-4.163986057338470127e-05,-4.163986054013926117e-05,-4.163986052260349721e-05
3.714941954031968259e-03,0.000000000000000000e+00,7.853667416038987489e-05,-3.307398316440455729e-05,0.000000000000000000e+00,6.227578295822088286e-03,-3.895021682774057483e-05,-3.895021683269430811e-05,-3.895021679790432038e-05,-3.895021677957668225e-05
3.719941875908188908e-03,0.000000000000000000e+00,7.844443303675560652e-05,-3.315390979649950282e-05,0.000000000000000000e+00,6.227578092343459375e-03,-3.546386708865561903e-05,-3.546386709236150337e-05,-3.546386708822324598e-05,-3.546386706922174232e-05
3.724941797784409557e-03,0.000000000000000000e+00,7.851181145701824566e-05,-3.323359118625834565e-05,0.000000000000000000e+00,6.227578002353101327e-03,-3.149073331403499541e-05,-3.149073331668633728e-05,-3.149073331179346840e-05,-3.149073329225870668e-05
3.729941719660630206e-03,0.000000000000000000e+00,7.872512381685449056e-05,-3.331302733368106546e-05,0.000000000000000000e+00,6.227578106874112965e-03,-2.745330212622431687e-05,-2.745330212798723638e-05,-2.745330210552721588e-05,-2.745330208557392502e-05
3.734941641536851289e-03,0.000000000000000000e+00,7.905525123264023606e-05,-3.339221823876766226e-05,0.000000000000000000e+00,6.227578342570419187e-03,-2.374946553415933697e-05,-2.374946553513232033e-05,-2.374946552313572155e-05,-2.374946550280641243e-05
3.739941563413071938e-03,0.000000000000000000e+00,7.945954285969254109e-05,-3.347116390151813603e-05,0.000000000000000000e+00,6.227578524473109146e-03,-2.082262716765927231e-05,-2.082262716784243471e-05,-2.082262717267939603e-05,-2.082262715193326877e-05
3.744941485289292587e-03,0.000000000000000000e+00,7.989085338451333302e-05,-3.354986432193250712e-05,0.000000000000000000e+00,6.227578508791433570e-03,-1.891135457574536440e-05,-1.891135457503422942e-05,-1.891135459454310920e-05,-1.891135457328554684e-05
3.749941407165513236e-03,0.000000000000000000e+00,8.030622865522748317e-05,-3.362831950001076196e-05,0.000000000000000000e+00,6.227578380583911714e-03,-1.749303038859411036e-05,-1.749303038679537491e-05,-1.749303040187079954e-05,-1.749303038000183524e-05
3.754941329041733885e-03,0.000000000000000000e+00,8.068082484722399121e-05,-3.370652943575289378e-05,0.000000000000000000e+00,6.227578413422557579e-03,-1.546595431203538914e-05,-1.546595430890040500e-05,-1.546595429853925066e-05,-1.546595427598204160e-05
3.759941250917954534e-03,0.000000000000000000e+00,8.101903612048731609e-05,-3.378449412915889580e-05,0.000000000000000000e+00,6.227578695924215063e-03,-1.218855596369658136e-05,-1.218855595896004766e-05,-1.218855593348477791e-05,-1.218855591017901535e-05
3.764941172794175183e-03,0.000000000000000000e+00,8.135102509442825882e-05,-3.386221358022879513e-05,0.000000000000000000e+00,6.227579048555921884e-03,-8.300732069185319973e-06,-8.300732062601044883e-06,-8.300732044367806884e-06,-8.300732020242938047e-06
3.769941094670395832e-03,0.000000000000000000e+00,8.172001105516227563e-05,-3.393968778896257822e-05,0.000000000000000000e+00,6.227579247796286542e-03,-5.474647036094515336e-06,-5.474647027470360445e-06,-5.474647026367351600e-06,-5.474647001321362385e-06
3.774941016546616481e-03,0.000000000000000000e+00,8.216186555072568527e-05,-3.401691675536023829e-05,0.000000000000000000e+00,6.227579122710062177e-03,-5.124643793151197039e-06,-5.124643782376516974e-06,-5.124643791614823268e-06,-5.124643765520551159e-06
3.779940938422837130e-03,0.000000000000000000e+00,8.268611022722806205e-05,-3.409390047942177535e-05,0.000000000000000000e+00,6.227578613455972759e-03,-7.409203048210442984e-06,-7.409203035267796491e-06,-7.409203055100054817e-06,-7.409203027830172976e-06
3.784940860299057779e-03,0.000000000000000000e+00,8.326948098577145339e-05,-3.417063896114720970e-05,0.000000000000000000e+00,6.227578026083159177e-03,-1.130391399215931613e-05,-1.130391397711539943e-05,-1.130391401094610880e-05,-1.130391398238791864e-05
3.789940782175278428e-03,0.000000000000000000e+00,8.385639049232508494e-05,-3.424713220053652104e-05,0.000000000000000000e+00,6.227577884724269305e-03,-1.539269008253769423e-05,-1.539269006550917425e-05,-1.539269009648638209e-05,-1.539269006653103480e-05
3.794940704051499511e-03,0.000000000000000000e+00,8.436594441174835872e-05,-3.432338019758970936e-05,0.000000000000000000e+00,6.227578255343931002e-03,-1.894204957506637183e-05,-1.894204955617651728e-05,-1.894204957079891142e-05,-1.894204953930874044e-05
3.799940625927720160e-03,0.000000000000000000e+00,8.470966502294815950e-05,-3.439938295230678144e-05,0.000000000000000000e+00,6.227578622444785925e-03,-2.234163646534447658e-05,-2.234163644468777906e-05,-2.234163646062851900e-05,-2.234163642741349078e-05
3.804940547803940809e-03,0.000000000000000000e+00,8.481033788920325299e-05,-3.447514046468775083e-05,0.000000000000000000e+00,6.227578602806184416e-03,-2.633034817895322567e-05,-2.633034815658060203e-05,-2.633034817998428838e-05,-2.633034814481538554e-05
3.809940469680161458e-03,0.000000000000000000e+00,8.461607398722482552e-05,-3.455065273473259719e-05,0.000000000000000000e+00,6.227578396206614499e-03,-3.084386374508451916e-05,-3.084386372101593566e-05,-3.084386374371436544e-05,-3.084386370636853372e-05
3.814940391556382107e-03,0.000000000000000000e+00,8.410143909547941816e-05,-3.462591976244132054e-05,0.000000000000000000e+00,6.227578358916052367e-03,-3.465259400712040067e-05,-3.465259398136925060e-05,-3.465259401559848897e-05,-3.465259397591116002e-05
3.819940313432602756e-03,0.000000000000000000e+00,8.325719533929383217e-05,-3.470094154781392764e-05,0.000000000000000000e+00,6.227578523111807450e-03,-3.598768877618386728e-05,-3.598768874878008139e-05,-3.598768878457406066e-05,-3.598768874246600642e-05
3.824940235308823405e-03,0.000000000000000000e+00,8.208585001210879284e-05,-3.477571809085042528e-05,0.000000000000000000e+00,6.227578684375683835e-03,-3.370412012415129565e-05,-3.370412009515694451e-05,-3.370412012742096479e-05,-3.370412008288437223e-05
3.829940157185044054e-03,0.000000000000000000e+00,8.060085929633670318e-05,-3.485024939155079989e-05,0.000000000000000000e+00,6.227578659733192662e-03,-2.773438448539651254e-05,-2.773438445491127838e-05,-2.773438450615892993e-05,-2.773438445922504439e-05
3.834940079061264703e-03,0.000000000000000000e+00,7.883199435059874487e-05,-3.492453544991505149e-05,0.000000000000000000e+00,6.227578491202442543e-03,-1.862909622928866782e-05,-1.862909619744801154e-05,-1.862909626083954397e-05,-1.862909621156014965e-05
3.839940000937485352e-03,0.000000000000000000e+00,7.683461798133461981e-05,-3.499857626594319362e-05,0.000000000000000000e+00,6.227578370005251371e-03,-7.326252433798388042e-06,-7.326252400761332455e-06,-7.326252448178008990e-06,-7.326252396639493103e-06
3.844939922813706001e-03,0.000000000000000000e+00,7.468371119518304340e-05,-3.507237183963522628e-05,0.000000000000000000e+00,6.227578377440014246e-03,5.043141408443428854e-06,5.043141442524483042e-06,5.043141416432409831e-06,5.043141470073598612e-06
3.849939844689926650e-03,0.000000000000000000e+00,7.245020146627305260e-05,-3.514592217099113592e-05,0.000000000000000000e+00,6.227578434237149817e-03,1.744985934167367855e-05,1.744985937669732540e-05,1.744985935066778948e-05,1.744985940616370767e-05
3.854939766566147299e-03,0.000000000000000000e+00,7.016778518110906274e-05,-3.521922726001091577e-05,0.000000000000000000e+00,6.227578429424271422e-03,2.899536236574140963e-05,2.899536240170423645e-05,2.899536235863782202e-05,2.899536241566661574e-05
3.859939688442368382e-03,0.000000000000000000e+00,6.781529056838237087e-05,-3.529228710669459292e-05,0.000000000000000000e+00,6.227578301244782698e-03,3.867028569898441591e-05,3.867028573600817860e-05,3.867028567842351104e-05,3.867028573664278246e-05
3.864939610318589031e-03,0.000000000000000000e+00,6.533229825936808085e-05,-3.536510171104215384e-05,0.000000000000000000e+00,6.227578133701771115e-03,4.522781197952079014e-05,4.522781201784363710e-05,4.522781194483171453e-05,4.522781200393493598e-05
3.869939532194809680e-03,0.000000000000000000e+00,6.266001573320659386e-05,-3.543767107305359173e-05,0.000000000000000000e+00,6.227578062837179143e-03,4.772716609536710041e-05,4.772716613530210178e-05,4.772716605930823021e-05,4.772716611904932846e-05
3.874939454071030329e-03,0.000000000000000000e+00,5.979427928810849272e-05,-3.550999519272890660e-05,0.000000000000000000e+00,6.227578096720754776e-03,4.628095584356105725e-05,4.628095588543749880e-05,4.628095582633234611e-05,4.628095588651356945e-05
3.879939375947250978e-03,0.000000000000000000e+00,5.682215493694044666e-05,-3.558207407006811878e-05,0.000000000000000000e+00,6.227578166211101413e-03,4.209475480022607232e-05,4.209475484433622785e-05,4.209475479262943362e-05,4.209475485307661175e-05
3.884939297823471627e-03,0.000000000000000000e+00,5.391544591761684508e-05,-3.565390770507121472e-05,0.000000000000000000e+00,6.227578281762881363e-03,3.686017709080694670e-05,3.686017713737598466e-05,3.686017709175346875e-05,3.686017715230581449e-05
3.889939219699692276e-03,0.000000000000000000e+00,5.128052236179859519e-05,-3.572549609773818086e-05,0.000000000000000000e+00,6.227578457971454269e-03,3.225126482559736454e-05,3.225126487477318366e-05,3.225126482248761521e-05,3.225126488301467871e-05
3.894939141575912925e-03,0.000000000000000000e+00,4.909043386615213130e-05,-3.579683924806903076e-05,0.000000000000000000e+00,6.227578563157067093e-03,2.946796663418848225e-05,2.946796668603733068e-05,2.946796660401648766e-05,2.946796666445016070e-05
3.899939063452133575e-03,0.000000000000000000e+00,4.743249653064550707e-05,-3.586793715606377797e-05,0.000000000000000000e+00,6.227578508867629564e-03,2.875121851607685547e-05,2.875121857057638509e-05,2.875121847626684567e-05,2.875121853661886473e-05
3.904938985328354224e-03,0.000000000000000000e+00,4.628896627404721403e-05,-3.593878982172240216e-05,0.000000000000000000e+00,6.227578464735195746e-03,2.922119724467476637e-05,2.922119730171185423e-05,2.922119722598914501e-05,2.922119728633728128e-05
3.909938907204575306e-03,0.000000000000000000e+00,4.555837554229036660e-05,-3.600939724504490332e-05,0.000000000000000000e+00,6.227578546827142701e-03,2.918776222256887226e-05,2.918776228195875676e-05,2.918776223065817921e-05,2.918776229110755962e-05
3.914938829080795955e-03,0.000000000000000000e+00,4.511163290896857682e-05,-3.607975942603128825e-05,0.000000000000000000e+00,6.227578607940728248e-03,2.716529893823180913e-05,2.716529899976383657e-05,2.716529894143046304e-05,2.716529900207888265e-05
3.919938750957016604e-03,0.000000000000000000e+00,4.485086530242206044e-05,-3.614987636468156370e-05,0.000000000000000000e+00,6.227578539086167306e-03,2.275846155804686673e-05,2.275846162153782049e-05,2.275846154357672845e-05,2.275846160450894476e-05
3.924938672833237253e-03,0.000000000000000000e+00,4.473209571777964755e-05,-3.621974806099571614e-05,0.000000000000000000e+00,6.227578441194791745e-03,1.662888144785746022e-05,1.662888151318595370e-05,1.662888143455204306e-05,1.662888149586039282e-05
3.929938594709457902e-03,0.000000000000000000e+00,4.474668505002820057e-05,-3.628937451497374556e-05,0.000000000000000000e+00,6.227578460925520948e-03,1.000850341061185114e-05,1.000850347771131772e-05,1.000850339964596609e-05,1.000850346145306409e-05
3.934938516585678552e-03,0.000000000000000000e+00,4.488478753034590071e-05,-3.635875572661566551e-05,0.000000000000000000e+00,6.227578612190884030e-03,4.073550851593488842e-06,4.073550920405557787e-06,4.073550845627673165e-06,4.073550908087525247e-06
3.939938438461899201e-03,0.000000000000000000e+00,4.510281006123505963e-05,-3.642789169592147599e-05,0.000000000000000000e+00,6.227578736655250795e-03,-3.981575020499343435e-07,-3.981574316304526692e-07,-3.981575056031308311e-07,-3.981574423334542645e-07
3.944938360338119850e-03,0.000000000000000000e+00,4.531012775638526910e-05,-3.649678242289116346e-05,0.000000000000000000e+00,6.227578664105466039e-03,-2.988679403605580068e-06,-2.988679331765312433e-06,-2.988679420894699897e-06,-2.988679356691501543e-06
3.949938282214340499e-03,0.000000000000000000e+00,4.538537384870568181e-05,-3.656542790752472113e-05,0.000000000000000000e+00,6.227578465803051619e-03,-3.679441269260338510e-06,-3.679441196263421127e-06,-3.679441297642586369e-06,-3.679441232436478983e-06
3.954938204090561148e-03,0.000000000000000000e+00,4.522452677855414669e-05,-3.663382814982217610e-05,0.000000000000000000e+00,6.227578383951853924e-03,-2.987100706701690114e-06,-2.987100632853430928e-06,-2.987100724897234300e-06,-2.987100658672150513e-06
3.959938125966781797e-03,0.000000000000000000e+00,4.479684099102285676e-05,-3.670198314978351484e-05,0.000000000000000000e+00,6.227578457730364135e-03,-1.822109946531442412e-06,-1.822109872137475897e-06,-1.822109957234264437e-06,-1.822109890013311943e-06
3.964938047843002446e-03,0.000000000000000000e+00,4.416785938878701377e-05,-3.676989290740873055e-05,0.000000000000000000e+00,6.227578555463866850e-03,-9.951232966157072153e-07,-9.951232219524701965e-07,-9.951232971909188194e-07,-9.951232290317792932e-07
3.969937969719223095e-03,0.000000000000000000e+00,4.347378599518278007e-05,-3.683755742269782324e-05,0.000000000000000000e+00,6.227578634404265338e-03,-9.034592278204923543e-07,-9.034591531158320363e-07,-9.034592043029258116e-07,-9.034591353120143307e-07
3.974937891595443744e-03,0.000000000000000000e+00,4.286145330117590782e-05,-3.690497669565082002e-05,0.000000000000000000e+00,6.227578654552265794e-03,-1.628628455612489895e-06,-1.628628381024862425e-06,-1.628628446837270913e-06,-1.628628377189768290e-06
3.979937813471664393e-03,0.000000000000000000e+00,4.242198759556366374e-05,-3.697215072626769378e-05,0.000000000000000000e+00,6.227578552347928786e-03,-3.067369599190584105e-06,-3.067369524781306199e-06,-3.067369625241168796e-06,-3.067369555182660376e-06
3.984937735347885042e-03,0.000000000000000000e+00,4.215544027811472577e-05,-3.703907951454843775e-05,0.000000000000000000e+00,6.227578447640559275e-03,-4.736445035252197363e-06,-4.736444960961856435e-06,-4.736445074628262028e-06,-4.736445004446918585e-06
3.989937657224105691e-03,0.000000000000000000e+00,4.198534110320855040e-05,-3.710576306049306547e-05,0.000000000000000000e+00,6.227578482833002853e-03,-5.592156073059166744e-06,-5.592155998708921952e-06,-5.592156104415093172e-06,-5.592156034395612642e-06
3.994937579100326340e-03,0.000000000000000000e+00,4.180834203740157909e-05,-3.717220136410159050e-05,0.000000000000000000e+00,6.227578504526446769e-03,-4.509854244651309305e-06,-4.509854169981519640e-06,-4.509854254985797359e-06,-4.509854185369048808e-06
3.999937500976546989e-03,0.000000000000000000e+00,4.154905819279815996e-05,-3.723839442537399251e-05,0.000000000000000000e+00,6.227578366883679793e-03,-1.101111987739868562e-06,-1.101111912477752356e-06,-1.101111993079934203e-06,-1.101111924047796993e-06
