time_s,sensor_id,x_m,y_m,exx,eyy,exy,exx_plus_eyy,eps_axis,eps_impact_dir
0.000000000000000000e+00,9.000000000000000000e+00,7.749999999999999944e-02,1.549999999999999989e-01,0.000000000000000000e+00,0.000000000000000000e+00,0.000000000000000000e+00,0.000000000000000000e+00,0.000000000000000000e+00,0.000000000000000000e+00
0.000000000000000000e+00,1.000000000000000000e+01,1.925000000000000044e-01,1.549999999999999989e-01,0.000000000000000000e+00,0.000000000000000000e+00,0.000000000000000000e+00,0.000000000000000000e+00,0.000000000000000000e+00,0.000000000000000000e+00
0.000000000000000000e+00,1.300000000000000000e+01,7.749999999999999944e-02,6.500000000000000222e-02,0.000000000000000000e+00,0.000000000000000000e+00,0.000000000000000000e+00,0.000000000000000000e+00,0.000000000000000000e+00,0.000000000000000000e+00
0.000000000000000000e+00,1.400000000000000000e+01,1.925000000000000044e-01,6.500000000000000222e-02,0.000000000000000000e+00,0.000000000000000000e+00,0.000000000000000000e+00,0.000000000000000000e+00,0.000000000000000000e+00,0.000000000000000000e+00
5.025773195876289128e-06,9.000000000000000000e+00,7.749999999999999944e-02,1.549999999999999989e-01,0.000000000000000000e+00,0.000000000000000000e+00,0.000000000000000000e+00,0.000000000000000000e+00,0.000000000000000000e+00,0.000000000000000000e+00
5.025773195876289128e-06,1.000000000000000000e+01,1.925000000000000044e-01,1.549999999999999989e-01,0.000000000000000000e+00,0.000000000000000000e+00,0.000000000000000000e+00,0.000000000000000000e+00,0.000000000000000000e+00,0.000000000000000000e+00
5.025773195876289128e-06,1.300000000000000000e+01,7.749999999999999944e-02,6.500000000000000222e-02,0.000000000000000000e+00,0.000000000000000000e+00,0.000000000000000000e+00,0.000000000000000000e+00,0.000000000000000000e+00,0.000000000000000000e+00
5.025773195876289128e-06,1.400000000000000000e+01,1.925000000000000044e-01,6.500000000000000222e-02,0.000000000000000000e+00,0.000000000000000000e+00,0.000000000000000000e+00,0.000000000000000000e+00,0.000000000000000000e+00,0.000000000000000000e+00
1.005154639175257826e-05,9.000000000000000000e+00,7.749999999999999944e-02,1.549999999999999989e-01,0.000000000000000000e+00,0.000000000000000000e+00,0.000000000000000000e+00,0.000000000000000000e+00,0.000000000000000000e+00,0.000000000000000000e+00
1.005154639175257826e-05,1.000000000000000000e+01,1.925000000000000044e-01,1.549999999999999989e-01,-1.140038186890793304e-15,-9.112705287870786498e-16,-2.084772437352797478e-15,-2.051308715677872151e-15,-1.140038186890793304e-15,-3.076815275873809227e-15
1.005154639175257826e-05,1.300000000000000000e+01,7.749999999999999944e-02,6.500000000000000222e-02,0.000000000000000000e+00,0.000000000000000000e+00,0.000000000000000000e+00,0.000000000000000000e+00,0.000000000000000000e+00,0.000000000000000000e+00
1.005154639175257826e-05,1.400000000000000000e+01,1.925000000000000044e-01,6.500000000000000222e-02,0.000000000000000000e+00,0.000000000000000000e+00,0.000000000000000000e+00,0.000000000000000000e+00,0.000000000000000000e+00,0.000000000000000000e+00
1.507731958762886569e-05,9.000000000000000000e+00,7.749999999999999944e-02,1.549999999999999989e-01,0.000000000000000000e+00,0.000000000000000000e+00,0.000000000000000000e+00,0.000000000000000000e+00,0.000000000000000000e+00,0.000000000000000000e+00
1.507731958762886569e-05,1.000000000000000000e+01,1.925000000000000044e-01,1.549999999999999989e-01,-9.529463577384855378e-10,-9.244154753597621520e-10,-1.980115285189304387e-09,-1.877361833098247897e-09,-9.529463577384855378e-10,-2.864190730828799360e-09
1.507731958762886569e-05,1.300000000000000000e+01,7.749999999999999944e-02,6.500000000000000222e-02,0.000000000000000000e+00,0.000000000000000000e+00,0.000000000000000000e+00,0.000000000000000000e+00,0.000000000000000000e+00,0.000000000000000000e+00
1.507731958762886569e-05,1.400000000000000000e+01,1.925000000000000044e-01,6.500000000000000222e-02,-8.610433512343849337e-41,-9.779842052882562536e-40,-8.041205128967592344e-40,-1.064088540411694829e-39,-8.610433512343849337e-41,-1.420837878065719729e-39
2.010309278350515651e-05,9.000000000000000000e+00,7.749999999999999944e-02,1.549999999999999989e-01,-6.913850763964899116e-35,-1.736446766583598793e-36,-3.447424352899704152e-35,-7.087495440623258528e-35,-6.913850763964899116e-35,-8.168437847606107243e-35
2.010309278350515651e-05,1.000000000000000000e+01,1.925000000000000044e-01,1.549999999999999989e-01,-1.210922186867256531e-09,-1.157607378301918773e-09,-2.508904601844917281e-09,-2.368529565169175304e-09,-1.210922186867256531e-09,-3.626044123974433449e-09
2.010309278350515651e-05,1.300000000000000000e+01,7.749999999999999944e-02,6.500000000000000222e-02,-2.034001884066059398e-80,-1.227825097212750399e-80,-3.238782789416548062e-80,-3.261826981278809609e-80,-2.034001884066059398e-80,-4.871646515597629929e-80
2.010309278350515651e-05,1.400000000000000000e+01,1.925000000000000044e-01,6.500000000000000222e-02,-5.458732118061969884e-21,-1.306312383953414459e-20,-1.821069094377288045e-20,-1.852185595759611523e-20,-5.458732118061969884e-21,-2.502615231084707316e-20
2.512886597938144225e-05,9.000000000000000000e+00,7.749999999999999944e-02,1.549999999999999989e-01,-2.747490240910954924e-17,-6.425944674319776970e-18,-3.237497202829643807e-17,-3.390084708342932929e-17,-2.747490240910954924e-17,-4.194876046460935303e-17
2.512886597938144225e-05,1.000000000000000000e+01,1.925000000000000044e-01,1.549999999999999989e-01,1.173979170488166157e-10,3.528048839408294065e-10,-2.217140897652901828e-09,4.702028009896460740e-10,1.173979170488166157e-10,-1.945346286917877810e-09
2.512886597938144225e-05,1.300000000000000000e+01,7.749999999999999944e-02,6.500000000000000222e-02,-1.888222223259770835e-52,-1.373234556431187291e-52,-3.261975325324511952e-52,-3.261456779690957941e-52,-1.888222223259770835e-52,-4.858983730078334568e-52
2.512886597938144225e-05,1.400000000000000000e+01,1.925000000000000044e-01,6.500000000000000222e-02,-1.093034446035985051e-11,-1.967331379578701251e-11,-3.084457782227705287e-11,-3.060365825614686302e-11,-1.093034446035985051e-11,-4.057110785445034797e-11
3.015463917525773138e-05,9.000000000000000000e+00,7.749999999999999944e-02,1.549999999999999989e-01,-2.715035148218179413e-10,-1.155729629020968342e-10,-3.908586469278996637e-10,-3.870764777239147884e-10,-2.715035148218179413e-10,-4.525008363846328125e-10
3.015463917525773138e-05,1.000000000000000000e+01,1.925000000000000044e-01,1.549999999999999989e-01,1.029954354584562995e-10,2.339513907398973334e-10,-1.167059453031774824e-08,3.369468261983536459e-10,1.029954354584562995e-10,-1.117581176453205690e-08
3.015463917525773138e-05,1.300000000000000000e+01,7.749999999999999944e-02,6.500000000000000222e-02,-1.122353115875201773e-33,-8.796648272795831919e-34,-2.007603883032403348e-33,-2.002017943154785136e-33,-1.122353115875201773e-33,-2.978935776655798887e-33
3.015463917525773138e-05,1.400000000000000000e+01,1.925000000000000044e-01,6.500000000000000222e-02,-4.264973594988871107e-10,-1.270168409522453866e-10,-6.301348230251389219e-10,-5.535142004511324973e-10,-4.264973594988871107e-10,-6.273593938421198022e-10
3.518041237113402389e-05,9.000000000000000000e+00,7.749999999999999944e-02,1.549999999999999989e-01,-8.514111335040912694e-10,-1.788871932194803206e-10,-2.801515963228779015e-09,-1.030298326723571564e-09,-8.514111335040912694e-10,-2.177088202532228385e-09
3.518041237113402389e-05,1.000000000000000000e+01,1.925000000000000044e-01,1.549999999999999989e-01,1.760830070835587569e-09,3.544014200688369409e-10,-2.201188417671243548e-08,2.115231490904424562e-09,1.760830070835587569e-09,-2.014013473709679585e-08
3.518041237113402389e-05,1.300000000000000000e+01,7.749999999999999944e-02,6.500000000000000222e-02,-8.729844939513315125e-21,-7.147452981612127951e-21,-1.595772516860979310e-20,-1.587729792112544308e-20,-8.729844939513315125e-21,-2.361882670416621794e-20
3.518041237113402389e-05,1.400000000000000000e+01,1.925000000000000044e-01,6.500000000000000222e-02,-4.875432425338001233e-10,-1.790381449793395793e-10,-1.165379078328459473e-09,-6.665813875131396767e-10,-4.875432425338001233e-10,-1.066701665204071579e-09
4.020618556701031302e-05,9.000000000000000000e+00,7.749999999999999944e-02,1.549999999999999989e-01,-3.086124103345055276e-09,2.488836200403280212e-10,-1.420566181627784211e-08,-2.837240483304727255e-09,-3.086124103345055276e-09,-9.813030976355341510e-09
4.020618556701031302e-05,1.000000000000000000e+01,1.925000000000000044e-01,1.549999999999999989e-01,2.184739342213086989e-08,1.473450418711283877e-08,3.136693886442485621e-09,3.658189760924370701e-08,2.184739342213086989e-08,2.219042557433313701e-08
4.020618556701031302e-05,1.300000000000000000e+01,7.749999999999999944e-02,6.500000000000000222e-02,-9.666081345700105470e-13,-8.159953463516766895e-13,-1.799131557459022530e-12,-1.782603480921687136e-12,-9.666081345700105470e-13,-2.655802022252695705e-12
4.020618556701031302e-05,1.400000000000000000e+01,1.925000000000000044e-01,6.500000000000000222e-02,4.673991371868070791e-11,-1.674694352138361429e-09,-7.908545546046974763e-09,-1.627954438419680825e-09,4.673991371868070791e-11,-7.112775167738449028e-09
4.523195876288660215e-05,9.000000000000000000e+00,7.749999999999999944e-02,1.549999999999999989e-01,-4.342259282081833642e-09,4.622665674394197310e-10,-2.303697011056234053e-08,-3.879992714642413705e-09,-4.342259282081833642e-09,-1.528958816691801422e-08
4.523195876288660215e-05,1.000000000000000000e+01,1.925000000000000044e-01,1.549999999999999989e-01,1.418243366359319893e-08,4.350967869142502125e-09,-2.580474089302935253e-08,1.853340153273570106e-08,1.418243366359319893e-08,-1.460035693058069651e-08
4.523195876288660215e-05,1.300000000000000000e+01,7.749999999999999944e-02,6.500000000000000222e-02,-7.925679620525995711e-10,-7.075731787295315066e-10,-1.559537862437520892e-09,-1.500141140782130974e-09,-7.925679620525995711e-10,-2.274114316450715984e-09
4.523195876288660215e-05,1.400000000000000000e+01,1.925000000000000044e-01,6.500000000000000222e-02,-1.730976711174793653e-11,-2.817456978738987659e-09,-1.831461028204860781e-08,-2.834766745850735408e-09,-1.730976711174793653e-11,-1.559313595280514372e-08
5.025773195876288450e-05,9.000000000000000000e+00,7.749999999999999944e-02,1.549999999999999989e-01,-3.680236320694168570e-09,-3.553058188097323119e-10,-1.399573016717154580e-08,-4.035542139503901244e-09,-3.680236320694168570e-09,-1.030523460046674887e-08
5.025773195876288450e-05,1.000000000000000000e+01,1.925000000000000044e-01,1.549999999999999989e-01,-1.797358529543404888e-07,-1.789918298368302574e-07,-4.336463209507435159e-07,-3.587276827911707463e-07,-1.797358529543404888e-07,-6.003901205477077595e-07
5.025773195876288450e-05,1.300000000000000000e+01,7.749999999999999944e-02,6.500000000000000222e-02,-9.850023850511424945e-10,-8.967656185343012250e-10,-1.957017882866038544e-09,-1.881768003585443719e-09,-9.850023850511424945e-10,-2.851147865310958621e-09
5.025773195876288450e-05,1.400000000000000000e+01,1.925000000000000044e-01,6.500000000000000222e-02,4.409493542520058874e-10,-3.087961014973517635e-09,-8.283658003418105605e-09,-2.647011660721511902e-09,4.409493542520058874e-10,-8.518966209507700844e-09
5.528350515463917363e-05,9.000000000000000000e+00,7.749999999999999944e-02,1.549999999999999989e-01,-6.535589801102794409e-09,-1.937072761965279033e-10,-1.863754154894657206e-09,-6.729297077299322442e-09,-6.535589801102794409e-09,-7.041940908809518668e-09
5.528350515463917363e-05,1.000000000000000000e+01,1.925000000000000044e-01,1.549999999999999989e-01,-4.636754499628962965e-07,-4.830030575336272054e-07,-1.086646030004889714e-06,-9.466785074965235549e-07,-4.636754499628962965e-07,-1.525815025223113818e-06
5.528350515463917363e-05,1.300000000000000000e+01,7.749999999999999944e-02,6.500000000000000222e-02,1.577724724400525577e-10,1.070022659116442068e-10,5.484630692803056276e-10,2.647747383516967645e-10,1.577724724400525577e-10,6.708766628842362869e-10
5.528350515463917363e-05,1.400000000000000000e+01,1.925000000000000044e-01,6.500000000000000222e-02,6.255703462463789223e-10,-3.720475915713824670e-09,4.965950891523501908e-09,-3.094905569467445747e-09,6.255703462463789223e-10,5.275590587771244474e-10
6.030927835051546276e-05,9.000000000000000000e+00,7.749999999999999944e-02,1.549999999999999989e-01,-5.764696815477932277e-09,8.879663503685672379e-10,4.856991587285740871e-09,-4.876730465109365142e-09,-5.764696815477932277e-09,-2.968191413599455899e-09
6.030927835051546276e-05,1.000000000000000000e+01,1.925000000000000044e-01,1.549999999999999989e-01,-1.094357451483302420e-07,-3.280276776697904003e-07,-6.547719560622152922e-07,-4.374634228181206687e-07,-1.094357451483302420e-07,-8.280464904665805082e-07
6.030927835051546276e-05,1.300000000000000000e+01,7.749999999999999944e-02,6.500000000000000222e-02,-4.791111281244689611e-10,-3.365755158023750347e-10,1.805693624363675095e-09,-8.156866439268439441e-10,-4.791111281244689611e-10,1.327800782034360208e-09
6.030927835051546276e-05,1.400000000000000000e+01,1.925000000000000044e-01,6.500000000000000222e-02,1.730937865964827523e-10,-5.406784382965162585e-10,3.072261220587148467e-09,-3.675846517000335063e-10,1.730937865964827523e-10,1.784164051952212232e-09
6.533505154639175866e-05,9.000000000000000000e+00,7.749999999999999944e-02,1.549999999999999989e-01,-1.913046392736395329e-09,5.065904313813201315e-10,2.320534407947511006e-09,-1.406455961355075198e-09,-1.913046392736395329e-09,-6.253040524501099569e-10
6.533505154639175866e-05,1.000000000000000000e+01,1.925000000000000044e-01,1.549999999999999989e-01,1.505627368360089797e-06,7.848434503145290090e-07,2.051096694958753008e-06,2.290470818674618701e-06,1.505627368360089797e-06,3.222830268687271502e-06
6.533505154639175866e-05,1.300000000000000000e+01,7.749999999999999944e-02,6.500000000000000222e-02,-2.600276951624760566e-10,-4.878176081097969470e-10,1.656649981621464848e-09,-7.478453032722729520e-10,-2.600276951624760566e-10,1.261545872232179203e-09
6.533505154639175866e-05,1.400000000000000000e+01,1.925000000000000044e-01,6.500000000000000222e-02,-7.466757613214994381e-11,1.411384239774958491e-09,3.700363896973488240e-09,1.336716663642808625e-09,-7.466757613214994381e-11,3.851321107544851506e-09
7.036082474226804779e-05,9.000000000000000000e+00,7.749999999999999944e-02,1.549999999999999989e-01,-6.638968891261158952e-10,-3.576580111734694595e-11,1.595519934507031227e-10,-6.996626902434628606e-10,-6.638968891261158952e-10,-5.459339345053906086e-10
7.036082474226804779e-05,1.000000000000000000e+01,1.925000000000000044e-01,1.549999999999999989e-01,3.749457841149529389e-06,2.343401496090587004e-06,5.979783899482585213e-06,6.092859337240116816e-06,3.749457841149529389e-06,9.019913659405663056e-06
7.036082474226804779e-05,1.300000000000000000e+01,7.749999999999999944e-02,6.500000000000000222e-02,8.111318820191881689e-10,1.561916422426466701e-10,-9.449357285818230862e-10,9.673235242618347872e-10,8.111318820191881689e-10,-3.548791624747732253e-10
7.036082474226804779e-05,1.400000000000000000e+01,1.925000000000000044e-01,6.500000000000000222e-02,-1.546434939046387764e-10,2.484117115707383322e-09,1.745793684703561839e-09,2.329473621802744417e-09,-1.546434939046387764e-10,3.337715707962502825e-09
7.538659793814433692e-05,9.000000000000000000e+00,7.749999999999999944e-02,1.549999999999999989e-01,-1.077695496454446226e-10,-5.335746210131737794e-10,-4.077520019678872650e-09,-6.413441706586184149e-10,-1.077695496454446226e-10,-2.126750979735015735e-09
7.538659793814433692e-05,1.000000000000000000e+01,1.925000000000000044e-01,1.549999999999999989e-01,5.293967926727724503e-06,3.242360280396436394e-06,8.724491690320386185e-06,8.536328207124161744e-06,5.293967926727724503e-06,1.298348520946388130e-05
7.538659793814433692e-05,1.300000000000000000e+01,7.749999999999999944e-02,6.500000000000000222e-02,-1.058975116256344456e-10,2.746799317260693315e-11,-2.686463784692660271e-09,-7.842951845302751248e-11,-1.058975116256344456e-10,-2.662968543478966630e-09
7.538659793814433692e-05,1.400000000000000000e+01,1.925000000000000044e-01,6.500000000000000222e-02,-4.040107172415214906e-10,2.649577082226338508e-09,-1.916595163078992605e-09,2.245566364984817070e-09,-4.040107172415214906e-10,7.987293809181493044e-10
8.041237113402062604e-05,9.000000000000000000e+00,7.749999999999999944e-02,1.549999999999999989e-01,1.532144148078365681e-09,-2.118578524252782455e-10,-4.966175621650040693e-09,1.320286295653087358e-09,1.532144148078365681e-09,-1.004932920228789827e-09
8.041237113402062604e-05,1.000000000000000000e+01,1.925000000000000044e-01,1.549999999999999989e-01,5.135332080462816362e-06,2.646506244234560979e-06,8.407997373054228223e-06,7.781838324697377764e-06,5.135332080462816362e-06,1.235155981076873252e-05
8.041237113402062604e-05,1.300000000000000000e+01,7.749999999999999944e-02,6.500000000000000222e-02,-1.878433302607441222e-10,-2.621406855170723459e-10,-3.076037985593516645e-09,-4.499840157778164681e-10,-1.878433302607441222e-10,-3.201948600101871490e-09
8.041237113402062604e-05,1.400000000000000000e+01,1.925000000000000044e-01,6.500000000000000222e-02,-1.061655820827293754e-09,1.804253587818573057e-09,-3.070952193279487058e-09,7.425977669912793031e-10,-1.061655820827293754e-09,-8.501183498533872493e-10
8.543814432989691517e-05,9.000000000000000000e+00,7.749999999999999944e-02,1.549999999999999989e-01,8.225809976369832956e-10,-8.631200215194154965e-10,-6.825759523434449089e-09,-4.053902388243220092e-11,8.225809976369832956e-10,-2.619179825650696658e-09
8.543814432989691517e-05,1.000000000000000000e+01,1.925000000000000044e-01,1.549999999999999989e-01,2.985032351003423648e-06,3.165419502615541197e-07,4.452340803294813647e-06,3.301574301264977874e-06,2.985032351003423648e-06,6.293294127425157954e-06
8.543814432989691517e-05,1.300000000000000000e+01,7.749999999999999944e-02,6.500000000000000222e-02,6.710384308295089470e-10,7.257354308513965621e-10,-2.602052622722204053e-09,1.396773861680905612e-09,6.710384308295089470e-10,-1.833976508920659450e-09
8.543814432989691517e-05,1.400000000000000000e+01,1.925000000000000044e-01,6.500000000000000222e-02,2.257324512746744883e-09,3.615490005065121669e-09,-2.542524323263250612e-10,5.872814517811866552e-09,2.257324512746744883e-09,3.223608267086888407e-09
9.046391752577320430e-05,9.000000000000000000e+00,7.749999999999999944e-02,1.549999999999999989e-01,4.788144874445592998e-11,-6.925833995865589473e-10,-8.264266189263750758e-09,-6.447019508421030108e-10,4.788144874445592998e-11,-4.036356078293973300e-09
9.046391752577320430e-05,1.000000000000000000e+01,1.925000000000000044e-01,1.549999999999999989e-01,-6.662853865297854498e-07,-3.363326287946091557e-06,-2.345088980646899863e-06,-4.029611674475876795e-06,-6.662853865297854498e-07,-3.967076626898503977e-06
9.046391752577320430e-05,1.300000000000000000e+01,7.749999999999999944e-02,6.500000000000000222e-02,-6.535495835743983592e-10,6.651493850323914353e-10,-3.162620664384123863e-09,1.159980145799307609e-11,-6.535495835743983592e-10,-3.222589963740230276e-09
9.046391752577320430e-05,1.400000000000000000e+01,1.925000000000000044e-01,6.500000000000000222e-02,-1.206075211171587186e-09,-8.604662387536727312e-09,-2.301132739951403985e-08,-9.810737598708314498e-09,-1.206075211171587186e-09,-2.406076823487945200e-08
9.548969072164949343e-05,9.000000000000000000e+00,7.749999999999999944e-02,1.549999999999999989e-01,2.123772398804680937e-09,4.628169989503453209e-10,-3.322745817220898051e-09,2.586589397755026103e-09,2.123772398804680937e-09,3.947949829680002355e-10
9.548969072164949343e-05,1.000000000000000000e+01,1.925000000000000044e-01,1.549999999999999989e-01,-4.950256680039273786e-06,-7.685147828884914564e-06,-1.043170435329796376e-05,-1.263540450892418835e-05,-4.950256680039273786e-06,-1.611503503497092730e-05
9.548969072164949343e-05,1.300000000000000000e+01,7.749999999999999944e-02,6.500000000000000222e-02,-1.222084031467996342e-09,-7.232243645789696863e-11,3.610671300148842366e-09,-1.294406467925893285e-09,-1.222084031467996342e-09,2.719485245561914439e-09
9.548969072164949343e-05,1.400000000000000000e+01,1.925000000000000044e-01,6.500000000000000222e-02,-3.181713971923268989e-08,-6.400102671301962306e-08,-9.534690120248272140e-08,-9.581816643225230633e-08,-3.181713971923268989e-08,-1.278084073711484195e-07
1.005154639175257690e-04,9.000000000000000000e+00,7.749999999999999944e-02,1.549999999999999989e-01,-3.047914566759879735e-10,5.450774653998880822e-10,-1.747346434533885700e-09,2.402860087239001087e-10,-3.047914566759879735e-10,-1.104211518156733061e-09
1.005154639175257690e-04,1.000000000000000000e+01,1.925000000000000044e-01,1.549999999999999989e-01,-9.115599382631911249e-06,-1.201483555889439158e-05,-1.841595995763533047e-05,-2.113043494152630283e-05,-9.115599382631911249e-06,-2.809305233225805441e-05
1.005154639175257690e-04,1.300000000000000000e+01,7.749999999999999944e-02,6.500000000000000222e-02,2.234899412399261037e-12,1.074047854826892733e-11,5.319144564968379227e-09,1.297537796066818796e-11,2.234899412399261037e-12,5.168714978467310721e-09
1.005154639175257690e-04,1.400000000000000000e+01,1.925000000000000044e-01,6.500000000000000222e-02,9.951568640429482034e-10,2.650131927005840216e-09,1.416836144278166972e-08,3.645288791048788213e-09,9.951568640429482034e-10,1.261202685169735824e-08
1.055412371134020581e-04,9.000000000000000000e+00,7.749999999999999944e-02,1.549999999999999989e-01,-1.515648829845519918e-08,-2.494796388277067524e-09,-1.966658125031488090e-08,-1.765128468673226795e-08,-1.515648829845519918e-08,-2.395676354857996973e-08
1.055412371134020581e-04,1.000000000000000000e+01,1.925000000000000044e-01,1.549999999999999989e-01,-1.254683484064556621e-05,-1.583000244805332881e-05,-2.512390781533159836e-05,-2.837683728869889503e-05,-1.254683484064556621e-05,-3.818146787217507724e-05
1.055412371134020581e-04,1.300000000000000000e+01,7.749999999999999944e-02,6.500000000000000222e-02,4.049483156307094728e-10,-2.278450255330935911e-10,2.083430687415951959e-09,1.771032900976158817e-10,4.049483156307094728e-10,2.186959530921841755e-09
1.055412371134020581e-04,1.400000000000000000e+01,1.925000000000000044e-01,6.500000000000000222e-02,1.429126708337983466e-07,2.769553277991412304e-07,4.217816242165628960e-07,4.198679986329396035e-07,1.429126708337983466e-07,5.604958180804983518e-07
1.105670103092783473e-04,9.000000000000000000e+00,7.749999999999999944e-02,1.549999999999999989e-01,3.445377424894675148e-10,9.396843004363374954e-10,-1.106708935790191772e-08,1.284222042925804958e-09,3.445377424894675148e-10,-5.023765596793439894e-09
1.105670103092783473e-04,1.000000000000000000e+01,1.925000000000000044e-01,1.549999999999999989e-01,-1.481538202469328172e-05,-1.876508069682889922e-05,-2.970661275632995618e-05,-3.358046272152217756e-05,-1.481538202469328172e-05,-4.515158100712369398e-05
1.105670103092783473e-04,1.300000000000000000e+01,7.749999999999999944e-02,6.500000000000000222e-02,3.971932054506207613e-10,-1.148803768721113059e-09,4.438466204980006453e-09,-7.516105632704922979e-10,3.971932054506207613e-10,4.118350295827882187e-09
1.105670103092783473e-04,1.400000000000000000e+01,1.925000000000000044e-01,6.500000000000000222e-02,1.717726035732194371e-07,3.182460580200741796e-07,5.026270275596083674e-07,4.900186615932936431e-07,1.717726035732194371e-07,6.581708995456708028e-07
1.155927835051546364e-04,9.000000000000000000e+00,7.749999999999999944e-02,1.549999999999999989e-01,7.939960868625977128e-08,2.726897585365088797e-08,8.993725103017887454e-08,1.066685845399106592e-07,7.939960868625977128e-08,1.200119600178623268e-07
1.155927835051546364e-04,1.000000000000000000e+01,1.925000000000000044e-01,1.549999999999999989e-01,-1.583341901238314586e-05,-2.071668596197709359e-05,-3.192538042082821765e-05,-3.655010497436023945e-05,-1.583341901238314586e-05,-4.867796002072336008e-05
1.155927835051546364e-04,1.300000000000000000e+01,7.749999999999999944e-02,6.500000000000000222e-02,1.040865658607243377e-09,-1.039578883114609027e-09,6.531397227012278503e-09,1.286775492634350165e-12,1.040865658607243377e-09,6.590611112825632464e-09
1.155927835051546364e-04,1.400000000000000000e+01,1.925000000000000044e-01,6.500000000000000222e-02,-1.185322726790424641e-07,-2.895401741035514519e-07,-3.601562434552430924e-07,-4.080724467825939160e-07,-1.185322726790424641e-07,-5.229697615895480706e-07
1.206185567010309255e-04,9.000000000000000000e+00,7.749999999999999944e-02,1.549999999999999989e-01,1.783837627021919325e-09,4.964490035543986166e-09,2.447609348929350218e-08,6.748327662565905492e-09,1.783837627021919325e-09,1.394296203366228110e-08
1.206185567010309255e-04,1.000000000000000000e+01,1.925000000000000044e-01,1.549999999999999989e-01,-1.559767697090875695e-05,-2.165988801998893021e-05,-3.172229632968615010e-05,-3.725756499089768716e-05,-1.559767697090875695e-05,-4.869289120406481070e-05
1.206185567010309255e-04,1.300000000000000000e+01,7.749999999999999944e-02,6.500000000000000222e-02,6.579777092127223429e-10,2.052575522110810145e-10,1.500371148816143465e-09,8.632352614238033316e-10,6.579777092127223429e-10,1.942416138698343386e-09
1.206185567010309255e-04,1.400000000000000000e+01,1.925000000000000044e-01,6.500000000000000222e-02,-5.628891117537029770e-07,-1.172539602496523383e-06,-1.678053465861305814e-06,-1.735428714250226360e-06,-5.628891117537029770e-07,-2.288876235180566771e-06
1.256443298969072146e-04,9.000000000000000000e+00,7.749999999999999944e-02,1.549999999999999989e-01,-3.020642405664592338e-07,-9.887578811826753445e-08,-3.318238989155011296e-07,-4.009400286847267550e-07,-3.020642405664592338e-07,-4.512122260753856708e-07
1.256443298969072146e-04,1.000000000000000000e+01,1.925000000000000044e-01,1.549999999999999989e-01,-1.414842351076055499e-05,-2.162386806284532549e-05,-2.912287280687882730e-05,-3.577229157360587878e-05,-1.414842351076055499e-05,-4.525719574871030866e-05
1.256443298969072146e-04,1.300000000000000000e+01,7.749999999999999944e-02,6.500000000000000222e-02,5.175455614480421223e-10,8.324300588946046820e-10,-4.058455787419347579e-09,1.349975620342646804e-09,5.175455614480421223e-10,-3.302359262479899234e-09
1.256443298969072146e-04,1.400000000000000000e+01,1.925000000000000044e-01,6.500000000000000222e-02,-6.988251621968618831e-07,-1.396231361001260613e-06,-2.104191038758040282e-06,-2.095056523198122285e-06,-6.988251621968618831e-07,-2.806356952033900004e-06
1.306701030927835173e-04,9.000000000000000000e+00,7.749999999999999944e-02,1.549999999999999989e-01,-3.593033543600686618e-07,-1.188733423448174695e-07,-4.226835507024900409e-07,-4.781766967048860916e-07,-3.593033543600686618e-07,-5.504629642031451548e-07
1.306701030927835173e-04,1.000000000000000000e+01,1.925000000000000044e-01,1.549999999999999989e-01,-1.171248795729823895e-05,-2.076364549552332247e-05,-2.448454332960505332e-05,-3.247613345282155973e-05,-1.171248795729823895e-05,-3.891738469738957856e-05
1.306701030927835173e-04,1.300000000000000000e+01,7.749999999999999944e-02,6.500000000000000222e-02,-2.291675068961824070e-09,-6.916959091200871186e-10,-1.650668408641968659e-08,-2.983370978081911292e-09,-2.291675068961824070e-09,-1.770684643562861948e-08
1.306701030927835173e-04,1.400000000000000000e+01,1.925000000000000044e-01,6.500000000000000222e-02,-2.627839242969379559e-07,-4.441233983542539281e-07,-8.833141400630497669e-07,-7.069073226511918840e-07,-2.627839242969379559e-07,-1.053186893895703595e-06
1.356958762886597929e-04,9.000000000000000000e+00,7.749999999999999944e-02,1.549999999999999989e-01,2.356070292339567462e-07,7.640954289683574515e-08,2.351320301751441991e-07,3.120165721307924914e-07,2.356070292339567462e-07,3.403244289157327602e-07
1.356958762886597929e-04,1.000000000000000000e+01,1.925000000000000044e-01,1.549999999999999989e-01,-8.437841675947741358e-06,-1.919108206794516871e-05,-1.805329538431529594e-05,-2.762892374389290837e-05,-8.437841675947741358e-06,-3.004649169379092089e-05
1.356958762886597929e-04,1.300000000000000000e+01,7.749999999999999944e-02,6.500000000000000222e-02,-8.381780638358486067e-11,3.856181529420882278e-10,-1.474481403992551930e-08,3.018003465585033672e-10,-8.381780638358486067e-11,-1.421817744792732674e-08
1.356958762886597929e-04,1.400000000000000000e+01,1.925000000000000044e-01,6.500000000000000222e-02,6.303727085101296446e-07,1.413783900501324030e-06,1.683408884064745808e-06,2.044156609011453887e-06,6.303727085101296446e-07,2.507300053608286327e-06
1.407216494845360956e-04,9.000000000000000000e+00,7.749999999999999944e-02,1.549999999999999989e-01,1.096942868698290258e-06,3.699529125301359278e-07,1.235533376721659806e-06,1.466895781228426292e-06,1.096942868698290258e-06,1.654173972332139198e-06
1.407216494845360956e-04,1.000000000000000000e+01,1.925000000000000044e-01,1.549999999999999989e-01,-4.492654644025911158e-06,-1.704108753820042122e-05,-1.013043235609999952e-05,-2.153374218222633323e-05,-4.492654644025911158e-06,-1.909252597880122345e-05
1.407216494845360956e-04,1.300000000000000000e+01,7.749999999999999944e-02,6.500000000000000222e-02,3.479220439965067544e-09,1.352828039096263746e-09,7.169503225482484422e-09,4.832048479061331083e-09,3.479220439965067544e-09,9.630917430373043566e-09
1.407216494845360956e-04,1.400000000000000000e+01,1.925000000000000044e-01,6.500000000000000222e-02,1.532053815269859806e-06,3.258567261460538754e-06,4.333296360608949782e-06,4.790621076730398348e-06,1.532053815269859806e-06,6.117952616095591666e-06
1.457474226804123712e-04,9.000000000000000000e+00,7.749999999999999944e-02,1.549999999999999989e-01,1.266931572179707425e-06,4.442950984373763485e-07,1.479331820297141683e-06,1.711226670617083826e-06,1.266931572179707425e-06,1.937162845360746740e-06
1.457474226804123712e-04,1.000000000000000000e+01,1.925000000000000044e-01,1.549999999999999989e-01,-1.531955205253536269e-07,-1.452355970634830196e-05,-1.209847911260239534e-06,-1.467675522687365501e-05,-1.531955205253536269e-07,-6.785964649165582978e-06
1.457474226804123712e-04,1.300000000000000000e+01,7.749999999999999944e-02,6.500000000000000222e-02,-1.742975426744545400e-08,-1.411907012494590421e-08,-1.492074626941243451e-08,-3.154882439239135822e-08,-1.742975426744545400e-08,-3.065568187460095229e-08
1.457474226804123712e-04,1.400000000000000000e+01,1.925000000000000044e-01,6.500000000000000222e-02,1.988598425804579243e-06,4.178269738428216237e-06,5.719386321706153229e-06,6.166868164232795479e-06,1.988598425804579243e-06,7.965967706132185425e-06
1.507731958762886738e-04,9.000000000000000000e+00,7.749999999999999944e-02,1.549999999999999989e-01,2.754936255396708508e-07,1.231194455500237081e-07,3.610784151959355247e-07,3.986130710896945589e-07,2.754936255396708508e-07,4.421700363617078638e-07
1.507731958762886738e-04,1.000000000000000000e+01,1.925000000000000044e-01,1.549999999999999989e-01,4.490240319418340306e-06,-1.171781573333480255e-05,8.515294016983640643e-06,-7.227575413916462241e-06,4.490240319418340306e-06,6.599564217390712999e-06
1.507731958762886738e-04,1.300000000000000000e+01,7.749999999999999944e-02,6.500000000000000222e-02,-1.452618661816869833e-08,-1.136943498463296991e-08,-1.351279429310164844e-08,-2.589562160280166824e-08,-1.452618661816869833e-08,-2.644389605008263455e-08
1.507731958762886738e-04,1.400000000000000000e+01,1.925000000000000044e-01,6.500000000000000222e-02,1.734418398774521952e-06,3.629978510764577412e-06,5.270333139068000020e-06,5.364396909539099575e-06,1.734418398774521952e-06,7.139051433319632411e-06
1.557989690721649494e-04,9.000000000000000000e+00,7.749999999999999944e-02,1.549999999999999989e-01,-1.475328212931322826e-06,-4.835838724336347684e-07,-1.720998486680455374e-06,-1.958912085364957383e-06,-1.475328212931322826e-06,-2.252837568800152811e-06
1.557989690721649494e-04,1.000000000000000000e+01,1.925000000000000044e-01,1.549999999999999989e-01,9.317285188748361850e-06,-8.710269562571868975e-06,1.883595471636799961e-05,6.070156261764928743e-07,9.317285188748361850e-06,2.075367764563575427e-05
1.557989690721649494e-04,1.300000000000000000e+01,7.749999999999999944e-02,6.500000000000000222e-02,6.755146925515311225e-08,5.658237990783650765e-08,1.301207910669227899e-07,1.241338491629896265e-07,6.755146925515311225e-08,1.896921844425874548e-07
1.557989690721649494e-04,1.400000000000000000e+01,1.925000000000000044e-01,6.500000000000000222e-02,8.010253864214230433e-07,1.752515292330723532e-06,2.846091939017620227e-06,2.553540678752146363e-06,8.010253864214230433e-07,3.658568765855758330e-06
1.608247422680412521e-04,9.000000000000000000e+00,7.749999999999999944e-02,1.549999999999999989e-01,-2.949911368228101382e-06,-1.033600471877902698e-06,-3.550225230603599651e-06,-3.983511840106004292e-06,-2.949911368228101382e-06,-4.562079459162590557e-06
1.608247422680412521e-04,1.000000000000000000e+01,1.925000000000000044e-01,1.549999999999999989e-01,1.416006633586985172e-05,-5.632040782756757397e-06,2.943176342565788858e-05,8.528025553113094325e-06,1.416006633586985172e-05,3.521148182239940084e-05
1.608247422680412521e-04,1.300000000000000000e+01,7.749999999999999944e-02,6.500000000000000222e-02,8.147468623090206070e-08,7.015035955024419112e-08,1.548835817434867044e-07,1.516250457811462386e-07,8.147468623090206070e-08,2.275175043306369157e-07
1.608247422680412521e-04,1.400000000000000000e+01,1.925000000000000044e-01,6.500000000000000222e-02,-5.379998376188853816e-07,-8.426160169584612544e-07,-1.159700072228852141e-06,-1.380615854577346636e-06,-5.379998376188853816e-07,-1.632036342225756422e-06
1.658505154639175277e-04,9.000000000000000000e+00,7.749999999999999944e-02,1.549999999999999989e-01,-3.258780154662007326e-06,-1.213580819334168366e-06,-4.027761400245462901e-06,-4.472360973996175480e-06,-3.258780154662007326e-06,-5.096010190761025973e-06
1.658505154639175277e-04,1.000000000000000000e+01,1.925000000000000044e-01,1.549999999999999989e-01,1.899305976193177133e-05,-2.519653448233051269e-06,4.021472216252043510e-05,1.647340631369872006e-05,1.899305976193177133e-05,4.985785562415160190e-05
1.658505154639175277e-04,1.300000000000000000e+01,7.749999999999999944e-02,6.500000000000000222e-02,-1.292152545753576421e-07,-1.039933382858693370e-07,-2.357214187208391510e-07,-2.332085928612269791e-07,-1.292152545753576421e-07,-3.484478850830488053e-07
1.658505154639175277e-04,1.400000000000000000e+01,1.925000000000000044e-01,6.500000000000000222e-02,-2.044740784570963962e-06,-3.776936487484244189e-06,-5.454905219340592420e-06,-5.821677272055208151e-06,-2.044740784570963962e-06,-7.444179749603517686e-06
1.708762886597938303e-04,9.000000000000000000e+00,7.749999999999999944e-02,1.549999999999999989e-01,-2.109961626822407209e-06,-8.985901918450423731e-07,-2.738326747829433127e-06,-3.008551818667449476e-06,-2.109961626822407209e-06,-3.370437398046722637e-06
1.708762886597938303e-04,1.000000000000000000e+01,1.925000000000000044e-01,1.549999999999999989e-01,2.368298359382166025e-05,5.352383459049613707e-07,5.095038265408121021e-05,2.421822193972662099e-05,2.368298359382166025e-05,6.434775191416658999e-05
1.708762886597938303e-04,1.300000000000000000e+01,7.749999999999999944e-02,6.500000000000000222e-02,-3.001065914658483486e-07,-2.485699074120745823e-07,-5.632266735044128282e-07,-5.486764988779229839e-07,-3.001065914658483486e-07,-8.272505539842903949e-07
1.708762886597938303e-04,1.400000000000000000e+01,1.925000000000000044e-01,6.500000000000000222e-02,-3.487516114416646476e-06,-6.671599421097729936e-06,-8.907941035722844120e-06,-1.015911553551437684e-05,-3.487516114416646476e-06,-1.260569099250592580e-05
1.759020618556701059e-04,9.000000000000000000e+00,7.749999999999999944e-02,1.549999999999999989e-01,1.884023999578401166e-07,-1.535533601252581015e-07,5.078267161135779205e-08,3.484903983258201503e-08,1.884023999578401166e-07,1.914211787219873670e-07
1.759020618556701059e-04,1.000000000000000000e+01,1.925000000000000044e-01,1.549999999999999989e-01,2.811675793160827285e-05,3.441727009398224121e-06,6.138600092093578393e-05,3.155848494100649824e-05,2.811675793160827285e-05,7.833117615404528182e-05
1.759020618556701059e-04,1.300000000000000000e+01,7.749999999999999944e-02,6.500000000000000222e-02,-8.816331377356467495e-08,-7.634406819225118094e-08,-1.834024921930897644e-07,-1.645073819658158559e-07,-8.816331377356467495e-08,-2.617012129148691922e-07
1.759020618556701059e-04,1.400000000000000000e+01,1.925000000000000044e-01,6.500000000000000222e-02,-4.585771924993628522e-06,-8.925870057410495534e-06,-1.095079644854986760e-05,-1.351164198240412321e-05,-4.585771924993628522e-06,-1.615543942349158225e-05
1.809278350515464086e-04,9.000000000000000000e+00,7.749999999999999944e-02,1.549999999999999989e-01,2.947243471885502812e-06,8.096446852144890085e-07,3.475409756841177863e-06,3.756888157099991926e-06,2.947243471885502812e-06,4.508764775545695628e-06
1.809278350515464086e-04,1.000000000000000000e+01,1.925000000000000044e-01,1.549999999999999989e-01,3.231192005682389590e-05,6.202476654012562904e-06,7.153241742051657387e-05,3.851439671083646050e-05,3.231192005682389590e-05,9.183053900369006288e-05
1.809278350515464086e-04,1.300000000000000000e+01,7.749999999999999944e-02,6.500000000000000222e-02,4.031761230303968421e-07,3.244197125411729004e-07,7.130697469857926642e-07,7.275958355715697425e-07,4.031761230303968421e-07,1.065432481184825533e-06
1.809278350515464086e-04,1.400000000000000000e+01,1.925000000000000044e-01,6.500000000000000222e-02,-4.981333284067015651e-06,-9.590523420663074072e-06,-1.193588360477901934e-05,-1.457185670473008888e-05,-4.981333284067015651e-06,-1.748906428917156603e-05
1.859536082474226842e-04,9.000000000000000000e+00,7.749999999999999944e-02,1.549999999999999989e-01,5.287182613213294221e-06,1.707700465179950738e-06,6.617183500506002880e-06,6.994883078393244747e-06,5.287182613213294221e-06,8.291574274824722957e-06
1.859536082474226842e-04,1.000000000000000000e+01,1.925000000000000044e-01,1.549999999999999989e-01,3.623582215779998472e-05,8.795497154705273041e-06,8.132758637853428627e-05,4.503131931250525945e-05,3.623582215779998472e-05,1.047570135064795720e-04
1.859536082474226842e-04,1.300000000000000000e+01,7.749999999999999944e-02,6.500000000000000222e-02,7.138575116256871298e-07,5.793731104255471140e-07,1.302134955909231478e-06,1.293230622051234138e-06,7.138575116256871298e-07,1.926747074936353410e-06
1.859536082474226842e-04,1.400000000000000000e+01,1.925000000000000044e-01,6.500000000000000222e-02,-4.554871702342110945e-06,-8.401610668545259994e-06,-1.205592933535074222e-05,-1.295648237088737009e-05,-4.554871702342110945e-06,-1.650378876894867625e-05
1.909793814432989869e-04,9.000000000000000000e+00,7.749999999999999944e-02,1.549999999999999989e-01,6.558359349770260838e-06,2.320573468924377392e-06,8.718670446938116730e-06,8.878932818694638230e-06,6.558359349770260838e-06,1.054737306949498535e-05
1.909793814432989869e-04,1.000000000000000000e+01,1.925000000000000044e-01,1.549999999999999989e-01,3.984359939065605042e-05,1.118401877148844959e-05,9.064946483520464873e-05,5.102761816214450340e-05,3.984359939065605042e-05,1.169503435441603199e-04
1.909793814432989869e-04,1.300000000000000000e+01,7.749999999999999944e-02,6.500000000000000222e-02,4.565615014419950255e-07,3.754991145247528551e-07,9.003448865041961135e-07,8.320606159667479335e-07,4.565615014419950255e-07,1.299728386159800257e-06
1.909793814432989869e-04,1.400000000000000000e+01,1.925000000000000044e-01,6.500000000000000222e-02,-3.484990437037031034e-06,-5.925024910954321492e-06,-1.091175257892180478e-05,-9.410015347991352525e-06,-3.484990437037031034e-06,-1.341820783383951686e-05
1.960051546391752624e-04,9.000000000000000000e+00,7.749999999999999944e-02,1.549999999999999989e-01,6.636011335184382775e-06,2.551080697488108862e-06,9.103293858460603073e-06,9.187092032672492060e-06,6.636011335184382775e-06,1.082265133868537674e-05
1.960051546391752624e-04,1.000000000000000000e+01,1.925000000000000044e-01,1.549999999999999989e-01,4.314694485570202341e-05,1.337669859791862085e-05,9.949454270133794990e-05,5.652364345362064087e-05,4.314694485570202341e-05,1.284176618184054448e-04
1.960051546391752624e-04,1.300000000000000000e+01,7.749999999999999944e-02,6.500000000000000222e-02,-2.895708513965659845e-07,-2.245076935535306700e-07,-5.218613947203569102e-07,-5.140785449500967074e-07,-2.895708513965659845e-07,-7.714240421202612148e-07
1.960051546391752624e-04,1.400000000000000000e+01,1.925000000000000044e-01,6.500000000000000222e-02,-2.127573417447458912e-06,-3.188110592729541757e-06,-7.743213528067586224e-06,-5.315684010177001092e-06,-2.127573417447458912e-06,-8.608464217691996209e-06
2.010309278350515380e-04,9.000000000000000000e+00,7.749999999999999944e-02,1.549999999999999989e-01,5.464137461705640450e-06,2.365050697969805508e-06,7.700206352448838256e-06,7.829188159675446381e-06,5.464137461705640450e-06,9.028190257778897549e-06
2.010309278350515380e-04,1.000000000000000000e+01,1.925000000000000044e-01,1.549999999999999989e-01,4.611610764820670428e-05,1.533425354929856369e-05,1.078093222085549190e-04,6.145036119750527136e-05,4.611610764820670428e-05,1.390736669221073307e-04
2.010309278350515380e-04,1.300000000000000000e+01,7.749999999999999944e-02,6.500000000000000222e-02,-1.080808090615232648e-06,-8.620342668146471326e-07,-2.082066549986362280e-06,-1.942842357429879887e-06,-1.080808090615232648e-06,-3.018754614035300638e-06
2.010309278350515380e-04,1.400000000000000000e+01,1.925000000000000044e-01,6.500000000000000222e-02,-7.565001126667607916e-07,-8.927201434977756985e-07,-2.442076646344278736e-06,-1.649220256164536596e-06,-7.565001126667607916e-07,-2.632649894792283218e-06
2.060567010309278407e-04,9.000000000000000000e+00,7.749999999999999944e-02,1.549999999999999989e-01,3.031760307741146245e-06,1.754971006974841531e-06,4.929583010624687838e-06,4.786731314715987776e-06,3.031760307741146245e-06,5.358486849519600999e-06
2.060567010309278407e-04,1.000000000000000000e+01,1.925000000000000044e-01,1.549999999999999989e-01,4.871049458435049081e-05,1.701343478224892836e-05,1.155389533598651775e-04,6.572392936659941917e-05,4.871049458435049081e-05,1.488235145211470639e-04
2.060567010309278407e-04,1.300000000000000000e+01,7.749999999999999944e-02,6.500000000000000222e-02,-1.492560323880058206e-06,-1.220834839557379745e-06,-2.649894423049294377e-06,-2.713395163437437951e-06,-1.492560323880058206e-06,-3.961579697108977401e-06
2.060567010309278407e-04,1.400000000000000000e+01,1.925000000000000044e-01,6.500000000000000222e-02,5.676255473043107753e-07,9.590896927609118667e-07,4.248779338841010642e-06,1.526715240065222748e-06,5.676255473043107753e-07,3.962539139708523961e-06
2.110824742268041163e-04,9.000000000000000000e+00,7.749999999999999944e-02,1.549999999999999989e-01,-5.167681540156799182e-07,7.585813215904878779e-07,1.437896560568500608e-06,2.418131675748079596e-07,-5.167681540156799182e-07,2.668991589732200022e-07
2.110824742268041163e-04,1.000000000000000000e+01,1.925000000000000044e-01,1.549999999999999989e-01,5.099796783422898548e-05,1.854258047637737694e-05,1.226390592933609275e-04,6.954054831060636581e-05,5.099796783422898548e-05,1.577149614930319359e-04
2.110824742268041163e-04,1.300000000000000000e+01,7.749999999999999944e-02,6.500000000000000222e-02,-1.215834907765813037e-06,-1.045258743469395084e-06,-1.891320891466964262e-06,-2.261093651235208121e-06,-1.215834907765813037e-06,-2.986933408237802171e-06
2.110824742268041163e-04,1.400000000000000000e+01,1.925000000000000044e-01,6.500000000000000222e-02,1.934237899924777009e-06,2.823760155804233174e-06,1.119097292930412764e-05,4.757998055729010183e-06,1.934237899924777009e-06,1.075636377932562916e-05
2.161082474226804189e-04,9.000000000000000000e+00,7.749999999999999944e-02,1.549999999999999989e-01,-4.286494318220661709e-06,-4.027040240775953765e-07,-2.709614188150979467e-06,-4.689198342298257297e-06,-4.286494318220661709e-06,-5.362666115283528535e-06
2.161082474226804189e-04,1.000000000000000000e+01,1.925000000000000044e-01,1.549999999999999989e-01,5.298147979054754897e-05,1.987989689548836308e-05,1.291366934090071794e-04,7.286137668603591205e-05,5.298147979054754897e-05,1.657602245556808926e-04
2.161082474226804189e-04,1.300000000000000000e+01,7.749999999999999944e-02,6.500000000000000222e-02,-1.846335674604306477e-07,-1.790602983618615929e-07,-2.540501106440539989e-07,-3.636938658222922671e-07,-1.846335674604306477e-07,-4.291209677246045332e-07
2.161082474226804189e-04,1.400000000000000000e+01,1.925000000000000044e-01,6.500000000000000222e-02,3.476525891564211280e-06,5.239084622945358084e-06,1.707831527592721315e-05,8.715610514509569787e-06,3.476525891564211280e-06,1.728266708346859796e-05
2.211340206185566945e-04,9.000000000000000000e+00,7.749999999999999944e-02,1.549999999999999989e-01,-7.306645044382064354e-06,-1.482191129141909020e-06,-7.500594627127809557e-06,-8.788836173523974010e-06,-7.306645044382064354e-06,-1.059953668356548098e-05
2.211340206185566945e-04,1.000000000000000000e+01,1.925000000000000044e-01,1.549999999999999989e-01,5.458330262551277953e-05,2.080214377318628343e-05,1.352238640229699949e-04,7.538544639869906297e-05,5.458330262551277953e-05,1.730126859114041750e-04
2.211340206185566945e-04,1.300000000000000000e+01,7.749999999999999944e-02,6.500000000000000222e-02,1.216617434187185024e-06,1.061313462057605894e-06,1.682351138047565531e-06,2.277930896244790918e-06,1.216617434187185024e-06,2.790671660838299535e-06
2.211340206185566945e-04,1.400000000000000000e+01,1.925000000000000044e-01,6.500000000000000222e-02,5.247084266573264714e-06,8.437587140312974280e-06,2.112736393128047301e-05,1.368467140688623899e-05,5.247084266573264714e-06,2.318144664251685282e-05
2.261597938144329972e-04,9.000000000000000000e+00,7.749999999999999944e-02,1.549999999999999989e-01,-9.273625180032762279e-06,-2.355540195007425462e-06,-1.239437772814698390e-05,-1.162916537504018816e-05,-9.273625180032762279e-06,-1.488742552252418720e-05
2.261597938144329972e-04,1.000000000000000000e+01,1.925000000000000044e-01,1.549999999999999989e-01,5.589585022629194440e-05,2.145712836216389675e-05,1.408943467059170648e-04,7.735297858845583438e-05,5.589585022629194440e-05,1.795797578329998275e-04
2.261597938144329972e-04,1.300000000000000000e+01,7.749999999999999944e-02,6.500000000000000222e-02,2.380595497090971967e-06,2.037130238069997262e-06,3.435129110922500913e-06,4.417725735160969228e-06,2.380595497090971967e-06,5.584586305908128214e-06
2.261597938144329972e-04,1.400000000000000000e+01,1.925000000000000044e-01,6.500000000000000222e-02,7.160191750155717270e-06,1.218420191524468370e-05,2.330882764920902926e-05,1.934439366540040097e-05,7.160191750155717270e-06,2.821944908601482386e-05
2.311855670103092728e-04,9.000000000000000000e+00,7.749999999999999944e-02,1.549999999999999989e-01,-1.070523601174939111e-05,-3.085165850694860214e-06,-1.633257688784515066e-05,-1.379040186244425132e-05,-1.070523601174939111e-05,-1.819810095908974576e-05
2.311855670103092728e-04,1.000000000000000000e+01,1.925000000000000044e-01,1.549999999999999989e-01,5.697155616811752199e-05,2.217116661899950337e-05,1.457389959049708425e-04,7.914272278711703213e-05,5.697155616811752199e-05,1.852207500665953874e-04
2.311855670103092728e-04,1.300000000000000000e+01,7.749999999999999944e-02,6.500000000000000222e-02,2.826098266148049280e-06,2.285785697829450969e-06,4.687794944049810314e-06,5.111883963977500249e-06,2.826098266148049280e-06,7.171271702886639684e-06
2.311855670103092728e-04,1.400000000000000000e+01,1.925000000000000044e-01,6.500000000000000222e-02,9.021253129900033539e-06,1.593550668439289394e-05,2.381895783370913510e-05,2.495675981429292748e-05,9.021253129900033539e-06,3.204832268689122073e-05
2.362113402061855754e-04,9.000000000000000000e+00,7.749999999999999944e-02,1.549999999999999989e-01,-1.205695688481866307e-05,-3.750630894834218797e-06,-1.838144085545101070e-05,-1.580758777965288103e-05,-1.205695688481866307e-05,-2.050695677944704826e-05
2.362113402061855754e-04,1.000000000000000000e+01,1.925000000000000044e-01,1.549999999999999989e-01,5.784611464646185401e-05,2.302165831431816033e-05,1.496839628437305638e-04,8.086777296078001434e-05,5.784611464646185401e-05,1.899155136886592095e-04
2.362113402061855754e-04,1.300000000000000000e+01,7.749999999999999944e-02,6.500000000000000222e-02,2.265781383521006887e-06,1.703013188377172361e-06,5.109712879364235385e-06,3.968794571898179248e-06,2.265781383521006887e-06,7.011977595580776707e-06
2.362113402061855754e-04,1.400000000000000000e+01,1.925000000000000044e-01,6.500000000000000222e-02,1.057419878358835062e-05,1.895411215173625720e-05,2.331111248439505644e-05,2.952831093532460612e-05,1.057419878358835062e-05,3.447568812836530183e-05
2.412371134020618510e-04,9.000000000000000000e+00,7.749999999999999944e-02,1.549999999999999989e-01,-1.319231314278172281e-05,-4.305191806061606413e-06,-1.847911235545675305e-05,-1.749750494884333007e-05,-1.319231314278172281e-05,-2.165301870381560021e-05
2.412371134020618510e-04,1.000000000000000000e+01,1.925000000000000044e-01,1.549999999999999989e-01,5.854039335023504580e-05,2.360912671172990507e-05,1.534638937340293877e-04,8.214952006196495765e-05,5.854039335023504580e-05,1.942383694591455479e-04
2.412371134020618510e-04,1.300000000000000000e+01,7.749999999999999944e-02,6.500000000000000222e-02,9.677962863319053584e-07,6.620844378476460518e-07,4.150485144900869314e-06,1.629880724179551304e-06,9.677962863319053584e-07,4.880517342684800432e-06
2.412371134020618510e-04,1.400000000000000000e+01,1.925000000000000044e-01,6.500000000000000222e-02,1.160726264812808393e-05,2.064344944492168768e-05,2.248038137632021841e-05,3.225071209304977330e-05,1.160726264812808393e-05,3.546525627315842905e-05
2.462628865979381537e-04,9.000000000000000000e+00,7.749999999999999944e-02,1.549999999999999989e-01,-1.353365326379044955e-05,-4.660521144117507332e-06,-1.716988248811723077e-05,-1.819417440790795857e-05,-1.353365326379044955e-05,-2.135569717602430674e-05
2.462628865979381537e-04,1.000000000000000000e+01,1.925000000000000044e-01,1.549999999999999989e-01,5.884114689491340969e-05,2.342706749362336231e-05,1.572877007013414187e-04,8.226821438853676861e-05,5.884114689491340969e-05,1.980674709918568027e-04
2.462628865979381537e-04,1.300000000000000000e+01,7.749999999999999944e-02,6.500000000000000222e-02,-3.103811317164164207e-07,-2.314220894143666363e-07,1.352577432882371434e-06,-5.418032211307830306e-07,-3.103811317164164207e-07,1.032546000912502519e-06
2.462628865979381537e-04,1.400000000000000000e+01,1.925000000000000044e-01,6.500000000000000222e-02,1.200813592764930819e-05,2.069543815832490725e-05,2.169027028625046053e-05,3.270357408597421544e-05,1.200813592764930819e-05,3.500111261725632626e-05
2.512886597938144293e-04,9.000000000000000000e+00,7.749999999999999944e-02,1.549999999999999989e-01,-1.229834883237299070e-05,-4.677885863411577329e-06,-1.520585014896372314e-05,-1.697623469578456718e-05,-1.229834883237299070e-05,-1.924078772481790562e-05
2.512886597938144293e-04,1.000000000000000000e+01,1.925000000000000044e-01,1.549999999999999989e-01,5.868555305695935813e-05,2.258777488921246364e-05,1.609234317247037202e-04,8.127332794617182516e-05,5.868555305695935813e-05,2.011813576779496063e-04
2.512886597938144293e-04,1.300000000000000000e+01,7.749999999999999944e-02,6.500000000000000222e-02,-1.212064233203324295e-06,-8.157424118724986571e-07,-2.938789164523991738e-06,-2.027806645075822740e-06,-1.212064233203324295e-06,-3.914185168859453124e-06
2.512886597938144293e-04,1.400000000000000000e+01,1.925000000000000044e-01,6.500000000000000222e-02,1.173595570224122608e-05,1.902106742564653409e-05,2.124353678371986292e-05,3.075702312788775847e-05,1.173595570224122608e-05,3.321994152407286649e-05
2.563144329896907049e-04,9.000000000000000000e+00,7.749999999999999944e-02,1.549999999999999989e-01,-9.116243525447073604e-06,-4.175316976926668686e-06,-1.332259466931798821e-05,-1.329156050237374229e-05,-9.116243525447073604e-06,-1.530945197320819040e-05
2.563144329896907049e-04,1.000000000000000000e+01,1.925000000000000044e-01,1.549999999999999989e-01,5.839651965316411506e-05,2.186761089561633240e-05,1.638561419813807382e-04,8.026413054878044745e-05,5.839651965316411506e-05,2.035753228455882368e-04
2.563144329896907049e-04,1.300000000000000000e+01,7.749999999999999944e-02,6.500000000000000222e-02,-1.858443050750291577e-06,-1.299302661875181770e-06,-7.244473722563520029e-06,-3.157745712625473347e-06,-1.858443050750291577e-06,-8.678211815447899546e-06
2.563144329896907049e-04,1.400000000000000000e+01,1.925000000000000044e-01,6.500000000000000222e-02,1.084820265905931535e-05,1.585003667960954401e-05,2.107501211410299532e-05,2.669823933866885936e-05,1.084820265905931535e-05,3.027800762142688349e-05
2.613402061855670346e-04,9.000000000000000000e+00,7.749999999999999944e-02,1.549999999999999989e-01,-4.347343902014491975e-06,-3.150856615179107699e-06,-1.165563716593528434e-05,-7.498200517193600098e-06,-4.347343902014491975e-06,-9.964834725858856199e-06
2.613402061855670346e-04,1.000000000000000000e+01,1.925000000000000044e-01,1.549999999999999989e-01,5.822120150898668579e-05,2.189062626624497748e-05,1.657020512362934945e-04,8.011182777523166666e-05,5.822120150898668579e-05,2.052671476344295007e-04
2.613402061855670346e-04,1.300000000000000000e+01,7.749999999999999944e-02,6.500000000000000222e-02,-2.602923330612065399e-06,-1.962848453496963101e-06,-9.703323162589119752e-06,-4.565771784109028076e-06,-2.602923330612065399e-06,-1.177873495832425475e-05
2.613402061855670346e-04,1.400000000000000000e+01,1.925000000000000044e-01,6.500000000000000222e-02,9.449977152756592981e-06,1.151494256386694668e-05,2.095353159990282464e-05,2.096491971662353966e-05,9.449977152756592981e-06,2.630629402734480134e-05
2.663659793814433102e-04,9.000000000000000000e+00,7.749999999999999944e-02,1.549999999999999989e-01,1.184050799612425313e-06,-1.912882789461509361e-06,-9.633947011522417479e-06,-7.288319898490840484e-07,1.184050799612425313e-06,-3.719416429390848642e-06
2.663659793814433102e-04,1.000000000000000000e+01,1.925000000000000044e-01,1.549999999999999989e-01,5.795906949224563563e-05,2.252220835195753223e-05,1.665865436361554138e-04,8.048127784420316109e-05,5.795906949224563563e-05,2.062030497047700485e-04
2.663659793814433102e-04,1.300000000000000000e+01,7.749999999999999944e-02,6.500000000000000222e-02,-3.795907070367169692e-06,-3.040779104881152044e-06,-9.498210010282887470e-06,-6.836686175248321735e-06,-3.795907070367169692e-06,-1.272891577810076946e-05
2.663659793814433102e-04,1.400000000000000000e+01,1.925000000000000044e-01,6.500000000000000222e-02,7.693266982941469046e-06,6.463962143083080239e-06,2.058819067188683865e-05,1.415722912602455013e-05,7.693266982941469046e-06,2.149774092080498900e-05
2.713917525773195858e-04,9.000000000000000000e+00,7.749999999999999944e-02,1.549999999999999989e-01,6.390028347623929801e-06,-8.116532795783036202e-07,-6.550537500249581099e-06,5.578375068045625863e-06,6.390028347623929801e-06,2.731251553556380286e-06
2.713917525773195858e-04,1.000000000000000000e+01,1.925000000000000044e-01,1.549999999999999989e-01,5.755995635768747595e-05,2.307429930048493556e-05,1.669711083750157463e-04,8.063425565817240813e-05,5.755995635768747595e-05,2.065385317949435104e-04
2.713917525773195858e-04,1.300000000000000000e+01,7.749999999999999944e-02,6.500000000000000222e-02,-5.128459191454214631e-06,-4.248342419638740217e-06,-7.156209762724459476e-06,-9.376801611092954001e-06,-5.128459191454214631e-06,-1.174063252025566768e-05
2.713917525773195858e-04,1.400000000000000000e+01,1.925000000000000044e-01,6.500000000000000222e-02,5.736612008234461042e-06,1.207222852782433929e-06,1.957265968226370157e-05,6.943834861016894548e-06,5.736612008234461042e-06,1.601550544029393955e-05
2.764175257731958614e-04,9.000000000000000000e+00,7.749999999999999944e-02,1.549999999999999989e-01,1.061393624318892604e-05,1.855689710138286463e-07,-2.262448735065994034e-06,1.079950521420275445e-05,1.061393624318892604e-05,8.844277707478275343e-06
2.764175257731958614e-04,1.000000000000000000e+01,1.925000000000000044e-01,1.549999999999999989e-01,5.699387823001076319e-05,2.282836405617587019e-05,1.674143699267351658e-04,7.982224228618663338e-05,5.699387823001076319e-05,2.065243257177179373e-04
2.764175257731958614e-04,1.300000000000000000e+01,7.749999999999999944e-02,6.500000000000000222e-02,-5.674574819526050746e-06,-4.820208963943921273e-06,-3.737120267614913850e-06,-1.049478378346997202e-05,-5.674574819526050746e-06,-8.977647556192567388e-06
2.764175257731958614e-04,1.400000000000000000e+01,1.925000000000000044e-01,6.500000000000000222e-02,3.719697156815732958e-06,-3.856803117422823015e-06,1.761194624747149627e-05,-1.371059606070900572e-07,3.719697156815732958e-06,1.000561868919295739e-05
2.814432989690721911e-04,9.000000000000000000e+00,7.749999999999999944e-02,1.549999999999999989e-01,1.371590459469533674e-05,1.228927325355190473e-06,2.865713809700782918e-06,1.494483192005052742e-05,1.371590459469533674e-05,1.432016270050271694e-05
2.814432989690721911e-04,1.000000000000000000e+01,1.925000000000000044e-01,1.549999999999999989e-01,5.618666779029298669e-05,2.157797316330059513e-05,1.683967208387732661e-04,7.776464095359358181e-05,5.618666779029298669e-05,2.065023392971613669e-04
2.814432989690721911e-04,1.300000000000000000e+01,7.749999999999999944e-02,6.500000000000000222e-02,-4.750168696928378404e-06,-4.193374340941754142e-06,-4.259376544904426389e-07,-8.943543037870132546e-06,-4.750168696928378404e-06,-4.952132362319257583e-06
2.814432989690721911e-04,1.400000000000000000e+01,1.925000000000000044e-01,6.500000000000000222e-02,1.837755060309520067e-06,-8.317845986799743055e-06,1.446031122526278246e-05,-6.480090926490223200e-06,1.837755060309520067e-06,3.668141251944388698e-06
2.864690721649484667e-04,9.000000000000000000e+00,7.749999999999999944e-02,1.549999999999999989e-01,1.566061798473104496e-05,2.242563853490258420e-06,8.711758290017525391e-06,1.790318183822130381e-05,1.566061798473104496e-05,1.906131770034196179e-05
2.864690721649484667e-04,1.000000000000000000e+01,1.925000000000000044e-01,1.549999999999999989e-01,5.484559262540668204e-05,1.963995989388972520e-05,1.702779587009327778e-04,7.448555251929640385e-05,5.484559262540668204e-05,2.067606275601790674e-04
2.864690721649484667e-04,1.300000000000000000e+01,7.749999999999999944e-02,6.500000000000000222e-02,-2.372082905575372804e-06,-2.345744624509935359e-06,1.666910115000324661e-06,-4.717827530085308586e-06,-2.372082905575372804e-06,-7.440229075853719477e-07
2.864690721649484667e-04,1.400000000000000000e+01,1.925000000000000044e-01,6.500000000000000222e-02,1.406918659182357942e-07,-1.197446585084770367e-05,1.009984720730290755e-05,-1.183377398492946848e-05,1.406918659182357942e-07,-2.831667913225181483e-06
2.914948453608247423e-04,9.000000000000000000e+00,7.749999999999999944e-02,1.549999999999999989e-01,1.665128546158462788e-05,2.962607273589214155e-06,1.523403221735094909e-05,1.961389273517384076e-05,1.665128546158462788e-05,2.322084382834750611e-05
2.914948453608247423e-04,1.000000000000000000e+01,1.925000000000000044e-01,1.549999999999999989e-01,5.303434407827660007e-05,1.729819665060343067e-05,1.725261135053987051e-04,7.033254072888003752e-05,5.303434407827660007e-05,2.069301356561242182e-04
2.914948453608247423e-04,1.300000000000000000e+01,7.749999999999999944e-02,6.500000000000000222e-02,8.347393006225199534e-07,2.762168497391611037e-07,2.222533022444176495e-06,1.110956150361680951e-06,8.347393006225199534e-07,2.779986743175356511e-06
2.914948453608247423e-04,1.400000000000000000e+01,1.925000000000000044e-01,6.500000000000000222e-02,-1.432997963683193485e-06,-1.487928734495777894e-05,4.544605915304560053e-06,-1.631228530864097285e-05,-1.432997963683193485e-06,-9.537665232821126711e-06
2.965206185567010179e-04,9.000000000000000000e+00,7.749999999999999944e-02,1.549999999999999989e-01,1.701606840151298058e-05,3.180049880581166390e-06,2.222561726305503926e-05,2.019611828209414570e-05,1.701606840151298058e-05,2.699159707027341695e-05
2.965206185567010179e-04,1.000000000000000000e+01,1.925000000000000044e-01,1.549999999999999989e-01,5.124481026458688388e-05,1.492854131029869729e-05,1.737308887061579589e-04,6.617335157488558287e-05,5.124481026458688388e-05,2.060897161350551312e-04
2.965206185567010179e-04,1.300000000000000000e+01,7.749999999999999944e-02,6.500000000000000222e-02,4.027812704325238763e-06,3.018788058072221302e-06,1.931230877271749260e-06,7.046600762397460489e-06,4.027812704325238763e-06,5.519178684389752679e-06
2.965206185567010179e-04,1.400000000000000000e+01,1.925000000000000044e-01,6.500000000000000222e-02,-2.713285910233293049e-06,-1.689858600142591169e-05,-2.140256675807123016e-06,-1.961187191165920474e-05,-2.713285910233293049e-06,-1.626357114931096514e-05
3.015463917525773477e-04,9.000000000000000000e+00,7.749999999999999944e-02,1.549999999999999989e-01,1.717044157462073052e-05,3.040284548142191200e-06,2.893937719663818356e-05,2.021072612276292172e-05,1.717044157462073052e-05,3.040687069553915965e-05
3.015463917525773477e-04,1.000000000000000000e+01,1.925000000000000044e-01,1.549999999999999989e-01,5.008930876496411834e-05,1.327617431828186488e-05,1.732333417705285037e-04,6.336548308324598661e-05,5.008930876496411834e-05,2.042625226281206616e-04
3.015463917525773477e-04,1.300000000000000000e+01,7.749999999999999944e-02,6.500000000000000222e-02,6.652220207209745424e-06,5.442349695526244555e-06,2.038523576076626856e-06,1.209456990273598998e-05,6.652220207209745424e-06,8.171445852234353807e-06
3.015463917525773477e-04,1.400000000000000000e+01,1.925000000000000044e-01,6.500000000000000222e-02,-3.592501811135207019e-06,-1.799142322220546476e-05,-9.679488380234575631e-06,-2.158392503334067051e-05,-3.592501811135207019e-06,-2.275973083034668994e-05
3.065721649484536232e-04,9.000000000000000000e+00,7.749999999999999944e-02,1.549999999999999989e-01,1.769584343642469518e-05,3.009672557773710428e-06,3.418372689605182182e-05,2.070551599419840434e-05,1.769584343642469518e-05,3.345868674913065699e-05
3.065721649484536232e-04,1.000000000000000000e+01,1.925000000000000044e-01,1.549999999999999989e-01,4.957687913942044965e-05,1.304304995882730942e-05,1.716335633437624279e-04,6.261992909824776416e-05,4.957687913942044965e-05,2.023032915592599750e-04
3.065721649484536232e-04,1.300000000000000000e+01,7.749999999999999944e-02,6.500000000000000222e-02,8.459201114252953534e-06,7.290422844002458907e-06,3.632710104129444616e-06,1.574962395825541244e-05,8.459201114252953534e-06,1.154149866015918900e-05
3.065721649484536232e-04,1.400000000000000000e+01,1.925000000000000044e-01,6.500000000000000222e-02,-4.244824902820303462e-06,-1.836634186813354032e-05,-1.778252982588770544e-05,-2.261116677095384209e-05,-4.244824902820303462e-06,-2.901990401990548504e-05
3.115979381443298988e-04,9.000000000000000000e+00,7.749999999999999944e-02,1.549999999999999989e-01,1.909308212753763834e-05,3.510519438859852041e-06,3.744226004580717202e-05,2.260360156639749208e-05,1.909308212753763834e-05,3.639058923523743455e-05
3.115979381443298988e-04,1.000000000000000000e+01,1.925000000000000044e-01,1.549999999999999989e-01,4.897316472009485724e-05,1.411135592204077796e-05,1.697643552745950989e-04,6.308452064213564028e-05,4.897316472009485724e-05,2.005202457479907888e-04
3.115979381443298988e-04,1.300000000000000000e+01,7.749999999999999944e-02,6.500000000000000222e-02,9.214538170433999998e-06,8.270992388474411304e-06,6.818501309125191053e-06,1.748553055890841130e-05,9.214538170433999998e-06,1.547480810079830462e-05
3.115979381443298988e-04,1.400000000000000000e+01,1.925000000000000044e-01,6.500000000000000222e-02,-4.943202708450090050e-06,-1.838866225344669636e-05,-2.601596175779226263e-05,-2.333186496189678557e-05,-4.943202708450090050e-06,-3.508271186362165941e-05
3.166237113402061744e-04,9.000000000000000000e+00,7.749999999999999944e-02,1.549999999999999989e-01,2.123370766700039266e-05,4.487804165131892571e-06,3.829293099342565422e-05,2.572151183213228692e-05,2.123370766700039266e-05,3.887263939818307799e-05
3.166237113402061744e-04,1.000000000000000000e+01,1.925000000000000044e-01,1.549999999999999989e-01,4.771797168802668253e-05,1.554513446195203793e-05,1.680350577063461303e-04,6.326310614997872046e-05,4.771797168802668253e-05,1.986078058259005321e-04
3.166237113402061744e-04,1.300000000000000000e+01,7.749999999999999944e-02,6.500000000000000222e-02,8.827947111983941539e-06,8.197539572497677436e-06,1.065187420490217188e-05,1.702548668448161898e-05,8.827947111983941539e-06,1.892818134277579300e-05
3.166237113402061744e-04,1.400000000000000000e+01,1.925000000000000044e-01,6.500000000000000222e-02,-5.605110957818952706e-06,-1.814644141436753364e-05,-3.422798219698966411e-05,-2.375155237218648719e-05,-5.605110957818952706e-06,-4.090056157860790746e-05
3.216494845360825042e-04,9.000000000000000000e+00,7.749999999999999944e-02,1.549999999999999989e-01,2.362556872461616994e-05,5.626726583343835481e-06,3.700710070145920200e-05,2.925229530796000457e-05,2.362556872461616994e-05,4.055654478924791652e-05
3.216494845360825042e-04,1.000000000000000000e+01,1.925000000000000044e-01,1.549999999999999989e-01,4.580493828534014795e-05,1.624320078968991509e-05,1.662028589582585300e-04,6.204813907503006981e-05,4.580493828534014795e-05,1.959080616954777827e-04
3.216494845360825042e-04,1.300000000000000000e+01,7.749999999999999944e-02,6.500000000000000222e-02,7.417957456693382655e-06,7.070254601691974936e-06,1.396107804275426993e-05,1.448821205838535844e-05,7.417957456693382655e-06,2.083778968926088272e-05
3.216494845360825042e-04,1.400000000000000000e+01,1.925000000000000044e-01,6.500000000000000222e-02,-5.912986450853940233e-06,-1.757418498680032054e-05,-4.244322282654100509e-05,-2.348717143765426162e-05,-5.912986450853940233e-06,-4.638701270105638795e-05
3.266752577319587797e-04,9.000000000000000000e+00,7.749999999999999944e-02,1.549999999999999989e-01,2.577750014920318850e-05,6.615162288370927790e-06,3.476569783958286897e-05,3.239266243757411883e-05,2.577750014920318850e-05,4.153942659298179486e-05
3.266752577319587797e-04,1.000000000000000000e+01,1.925000000000000044e-01,1.549999999999999989e-01,4.376310505397033884e-05,1.560344079250337827e-05,1.639178040869441598e-04,5.936654584647372049e-05,4.376310505397033884e-05,1.921807024317833052e-04
3.266752577319587797e-04,1.300000000000000000e+01,7.749999999999999944e-02,6.500000000000000222e-02,5.237021070664788293e-06,5.058708294349070078e-06,1.583746481269355760e-05,1.029572936501385922e-05,5.237021070664788293e-06,2.054258675106804169e-05
3.266752577319587797e-04,1.400000000000000000e+01,1.925000000000000044e-01,6.500000000000000222e-02,-5.879354061737934358e-06,-1.694977763475193051e-05,-5.039658818900969497e-05,-2.282913169648986571e-05,-5.879354061737934358e-06,-5.158805658725573631e-05
3.317010309278350553e-04,9.000000000000000000e+00,7.749999999999999944e-02,1.549999999999999989e-01,2.738158903785051983e-05,7.181463950936336128e-06,3.258557372199191883e-05,3.456305298878685511e-05,2.738158903785051983e-05,4.201241000093168727e-05
3.317010309278350553e-04,1.000000000000000000e+01,1.925000000000000044e-01,1.549999999999999989e-01,4.224328867692190735e-05,1.383085702440912026e-05,1.613319267086088754e-04,5.607414570133102422e-05,4.224328867692190735e-05,1.880547862845584849e-04
3.317010309278350553e-04,1.300000000000000000e+01,7.749999999999999944e-02,6.500000000000000222e-02,2.869041323224408729e-06,2.655958299973545039e-06,1.592665319249420301e-05,5.524999623197953767e-06,2.869041323224408729e-06,1.824797443442244057e-05
3.317010309278350553e-04,1.400000000000000000e+01,1.925000000000000044e-01,6.500000000000000222e-02,-5.913528385567864604e-06,-1.646923249765992278e-05,-5.756043988343106298e-05,-2.238276088322778569e-05,-5.913528385567864604e-06,-5.635200904196935410e-05
3.367268041237113309e-04,9.000000000000000000e+00,7.749999999999999944e-02,1.549999999999999989e-01,2.798842906518507443e-05,7.101096822897426523e-06,3.071796410480796851e-05,3.508952588808250011e-05,2.798842906518507443e-05,4.166314434342338743e-05
3.367268041237113309e-04,1.000000000000000000e+01,1.925000000000000044e-01,1.549999999999999989e-01,4.154111118553147216e-05,1.163854484051713358e-05,1.593708333832511760e-04,5.317965602604860236e-05,4.154111118553147216e-05,1.848829852131367768e-04
3.367268041237113309e-04,1.300000000000000000e+01,7.749999999999999944e-02,6.500000000000000222e-02,9.192413396944634185e-07,4.464720207855182075e-07,1.449556230014711756e-05,1.365713360479981679e-06,9.192413396944634185e-07,1.481038826254946486e-05
3.367268041237113309e-04,1.400000000000000000e+01,1.925000000000000044e-01,6.500000000000000222e-02,-6.445714049645753781e-06,-1.631872384273311296e-05,-6.344310087028389572e-05,-2.276443789237886589e-05,-6.445714049645753781e-06,-6.054799536123584524e-05
3.417525773195876607e-04,9.000000000000000000e+00,7.749999999999999944e-02,1.549999999999999989e-01,2.740697902962861574e-05,6.389404968812593006e-06,2.901110676910139687e-05,3.379638399844121213e-05,2.740697902962861574e-05,4.023960345809341052e-05
3.417525773195876607e-04,1.000000000000000000e+01,1.925000000000000044e-01,1.549999999999999989e-01,4.120089532188913554e-05,9.478220287564625971e-06,1.586380567736814945e-04,5.067911560945375981e-05,4.120089532188913554e-05,1.831401266202328109e-04
3.417525773195876607e-04,1.300000000000000000e+01,7.749999999999999944e-02,6.500000000000000222e-02,-3.544114264853205434e-07,-1.248108706887987826e-06,1.190288218042610008e-05,-1.602520133373308369e-06,-3.544114264853205434e-07,1.086015894460770035e-05
3.417525773195876607e-04,1.400000000000000000e+01,1.925000000000000044e-01,6.500000000000000222e-02,-7.268382159205484180e-06,-1.645732880345311810e-05,-6.773681862110296926e-05,-2.372571096265860228e-05,-7.268382159205484180e-06,-6.388760592392124667e-05
3.467783505154639363e-04,9.000000000000000000e+00,7.749999999999999944e-02,1.549999999999999989e-01,2.556407227875702657e-05,5.397425465242202009e-06,2.710890093010675110e-05,3.096149774399922604e-05,2.556407227875702657e-05,3.752169594499229734e-05
3.467783505154639363e-04,1.000000000000000000e+01,1.925000000000000044e-01,1.549999999999999989e-01,4.038448160001283798e-05,7.485758226817885962e-06,1.592963957093729169e-04,4.787023982683072479e-05,4.038448160001283798e-05,1.825160516755645695e-04
3.467783505154639363e-04,1.300000000000000000e+01,7.749999999999999944e-02,6.500000000000000222e-02,-8.285992643100143484e-07,-2.231850815146130292e-06,8.493860171318621340e-06,-3.060450079456144640e-06,-8.285992643100143484e-07,6.883314826406184501e-06
3.467783505154639363e-04,1.400000000000000000e+01,1.925000000000000044e-01,6.500000000000000222e-02,-7.978121698366537036e-06,-1.696709958742894937e-05,-7.087050428050116360e-05,-2.494522128579548640e-05,-7.978121698366537036e-06,-6.668761143922888573e-05
3.518041237113402118e-04,9.000000000000000000e+00,7.749999999999999944e-02,1.549999999999999989e-01,2.261590523551425678e-05,4.648487945300484349e-06,2.480803120191795873e-05,2.726439318081474113e-05,2.261590523551425678e-05,3.358969211919861603e-05
3.518041237113402118e-04,1.000000000000000000e+01,1.925000000000000044e-01,1.549999999999999989e-01,3.855823230677494416e-05,5.483564902934287773e-06,1.611561023345004114e-04,4.404179720970923109e-05,3.855823230677494416e-05,1.824281742694032927e-04
3.518041237113402118e-04,1.300000000000000000e+01,7.749999999999999944e-02,6.500000000000000222e-02,-6.967776927749012247e-07,-2.532528449186558231e-06,4.702538555954927653e-06,-3.229306141961459350e-06,-6.967776927749012247e-07,3.170653349726040278e-06
3.518041237113402118e-04,1.400000000000000000e+01,1.925000000000000044e-01,6.500000000000000222e-02,-8.406846122211722599e-06,-1.788954906702319239e-05,-7.347704881853741655e-05,-2.629639518923491330e-05,-8.406846122211722599e-06,-6.941368242186835751e-05
3.568298969072164874e-04,9.000000000000000000e+00,7.749999999999999944e-02,1.549999999999999989e-01,1.893906376283384900e-05,4.421883502872619740e-06,2.223381143801532689e-05,2.336094726570646704e-05,1.893906376283384900e-05,2.887519379386681873e-05
3.568298969072164874e-04,1.000000000000000000e+01,1.925000000000000044e-01,1.549999999999999989e-01,3.574349210886563360e-05,3.076749959717198654e-06,1.632807611950384743e-04,3.882024206858283437e-05,3.574349210886563360e-05,1.818307673880775201e-04
3.568298969072164874e-04,1.300000000000000000e+01,7.749999999999999944e-02,6.500000000000000222e-02,-4.971466032167248548e-07,-2.507606082465281307e-06,5.309788399788144171e-07,-3.004752685682006162e-06,-4.971466032167248548e-07,-7.453744950972337809e-07
3.568298969072164874e-04,1.400000000000000000e+01,1.925000000000000044e-01,6.500000000000000222e-02,-8.542782327577247580e-06,-1.882052475473079743e-05,-7.586593038752347234e-05,-2.736330708230804332e-05,-8.542782327577247580e-06,-7.194506621732702140e-05
3.618556701030928172e-04,9.000000000000000000e+00,7.749999999999999944e-02,1.549999999999999989e-01,1.456387181746139934e-05,4.546595223454390769e-06,1.980001603489051421e-05,1.911046704091579011e-05,1.456387181746139934e-05,2.359782308869242946e-05
3.618556701030928172e-04,1.000000000000000000e+01,1.925000000000000044e-01,1.549999999999999989e-01,3.221282151851162024e-05,1.561883404236699566e-07,1.647258774265046685e-04,3.236900985893529080e-05,3.221282151851162024e-05,1.799346003689751040e-04
3.618556701030928172e-04,1.300000000000000000e+01,7.749999999999999944e-02,6.500000000000000222e-02,-7.258560154229474921e-07,-2.569831771402887087e-06,-4.317168290349201081e-06,-3.295687786825834685e-06,-7.258560154229474921e-07,-5.616903482417835518e-06
3.618556701030928172e-04,1.400000000000000000e+01,1.925000000000000044e-01,6.500000000000000222e-02,-8.703929996549140537e-06,-1.969324894804521533e-05,-7.738160743162798339e-05,-2.839717894459435756e-05,-8.703929996549140537e-06,-7.380139499588915346e-05
3.668814432989690928e-04,9.000000000000000000e+00,7.749999999999999944e-02,1.549999999999999989e-01,9.571781264370558489e-06,4.699083500427768055e-06,1.737210048822306459e-05,1.427086476479832739e-05,9.571781264370558489e-06,1.774750270728671185e-05
3.668814432989690928e-04,1.000000000000000000e+01,1.925000000000000044e-01,1.549999999999999989e-01,2.836977182419392153e-05,-3.072354017756342790e-06,1.646490976444732923e-04,2.529741780643757790e-05,2.836977182419392153e-05,1.762504331100462013e-04
3.668814432989690928e-04,1.300000000000000000e+01,7.749999999999999944e-02,6.500000000000000222e-02,-1.609699163000887534e-06,-2.920220858611939874e-06,-9.605097789365830223e-06,-4.529920021612827620e-06,-1.609699163000887534e-06,-1.143107079133955957e-05
3.668814432989690928e-04,1.400000000000000000e+01,1.925000000000000044e-01,6.500000000000000222e-02,-9.091575316470993672e-06,-2.077330319157397838e-05,-7.729402605613212808e-05,-2.986487850804497374e-05,-9.091575316470993672e-06,-7.471197566690131187e-05
3.719072164948453683e-04,9.000000000000000000e+00,7.749999999999999944e-02,1.549999999999999989e-01,4.053278897561532669e-06,4.655931114755110993e-06,1.479502506467737234e-05,8.709210012316643661e-06,4.053278897561532669e-06,1.131898225626936280e-05
3.719072164948453683e-04,1.000000000000000000e+01,1.925000000000000044e-01,1.549999999999999989e-01,2.506377697285837341e-05,-6.014337889892448174e-06,1.627150168363360530e-04,1.904943908296592608e-05,2.506377697285837341e-05,1.712053065449040828e-04
3.719072164948453683e-04,1.300000000000000000e+01,7.749999999999999944e-02,6.500000000000000222e-02,-3.138323940357703396e-06,-3.521458418582296413e-06,-1.485711132007887232e-05,-6.659782358939999809e-06,-3.138323940357703396e-06,-1.770552645380445034e-05
3.719072164948453683e-04,1.400000000000000000e+01,1.925000000000000044e-01,6.500000000000000222e-02,-9.808291871540979212e-06,-2.247206865813190164e-05,-7.528224975223237912e-05,-3.228036052967288424e-05,-9.808291871540979212e-06,-7.480936052008793961e-05
3.769329896907216439e-04,9.000000000000000000e+00,7.749999999999999944e-02,1.549999999999999989e-01,-2.030177457894735221e-06,4.186987039668287812e-06,1.240640421688039034e-05,2.156809581773552591e-06,-2.030177457894735221e-06,4.426434021346429851e-06
3.769329896907216439e-04,1.000000000000000000e+01,1.925000000000000044e-01,1.549999999999999989e-01,2.307738342832376557e-05,-8.056710193100207707e-06,1.592955291021736939e-04,1.502067323522355786e-05,2.307738342832376557e-05,1.658783819784509039e-04
3.769329896907216439e-04,1.300000000000000000e+01,7.749999999999999944e-02,6.500000000000000222e-02,-5.123022504070462357e-06,-4.272836407231594498e-06,-1.971399475834124024e-05,-9.395858911302057702e-06,-5.123022504070462357e-06,-2.393630194666220180e-05
3.769329896907216439e-04,1.400000000000000000e+01,1.925000000000000044e-01,6.500000000000000222e-02,-1.079355922783663550e-05,-2.467646730957991674e-05,-7.176191544512826434e-05,-3.547002653741654886e-05,-1.079355922783663550e-05,-7.428823497008973562e-05
3.819587628865979737e-04,9.000000000000000000e+00,7.749999999999999944e-02,1.549999999999999989e-01,-8.620510317365695393e-06,3.106291697691601203e-06,1.058949710178246825e-05,-5.514218619674094614e-06,-8.620510317365695393e-06,-2.700393374650604643e-06
3.819587628865979737e-04,1.000000000000000000e+01,1.925000000000000044e-01,1.549999999999999989e-01,2.284809646479205175e-05,-8.776343167406689037e-06,1.549348801900206590e-04,1.407175329738536271e-05,2.284809646479205175e-05,1.612299984067671027e-04
3.819587628865979737e-04,1.300000000000000000e+01,7.749999999999999944e-02,6.500000000000000222e-02,-7.359968368128495186e-06,-5.238059862590028080e-06,-2.386509177725590277e-05,-1.259802823071852411e-05,-7.359968368128495186e-06,-2.971963734324387991e-05
3.819587628865979737e-04,1.400000000000000000e+01,1.925000000000000044e-01,6.500000000000000222e-02,-1.217489323208092226e-05,-2.704809892248006647e-05,-6.760972645069317536e-05,-3.922299215456098704e-05,-1.217489323208092226e-05,-7.351388548076762022e-05
3.869845360824742493e-04,9.000000000000000000e+00,7.749999999999999944e-02,1.549999999999999989e-01,-1.567099876564862653e-05,1.469595206971217776e-06,1.000885655831016924e-05,-1.420140355867740833e-05,-1.567099876564862653e-05,-9.689572583156727051e-06
3.869845360824742493e-04,1.000000000000000000e+01,1.925000000000000044e-01,1.549999999999999989e-01,2.397599175101478063e-05,-7.934089191194733986e-06,1.502089760868784878e-04,1.604190255982004495e-05,2.397599175101478063e-05,1.576620010999708454e-04
3.869845360824742493e-04,1.300000000000000000e+01,7.749999999999999944e-02,6.500000000000000222e-02,-9.607476766345696720e-06,-6.350473359330004079e-06,-2.692988944323911846e-05,-1.595795012567569995e-05,-9.607476766345696720e-06,-3.451096956251089123e-05
3.869845360824742493e-04,1.400000000000000000e+01,1.925000000000000044e-01,6.500000000000000222e-02,-1.382336655582996310e-05,-2.917233769436914620e-05,-6.353339298995682328e-05,-4.299570425019910930e-05,-1.382336655582996310e-05,-7.262584784089031213e-05
3.920103092783505249e-04,9.000000000000000000e+00,7.749999999999999944e-02,1.549999999999999989e-01,-2.259520113094875881e-05,-4.046235617381202131e-07,1.017115761333910583e-05,-2.299982469268687998e-05,-2.259520113094875881e-05,-1.621272273489003543e-05
3.920103092783505249e-04,1.000000000000000000e+01,1.925000000000000044e-01,1.549999999999999989e-01,2.552899883491186535e-05,-5.616371170695499124e-06,1.456446066218338505e-04,1.991262766421636623e-05,2.552899883491186535e-05,1.550748773824636110e-04
3.920103092783505249e-04,1.300000000000000000e+01,7.749999999999999944e-02,6.500000000000000222e-02,-1.143503863463603276e-05,-7.194085563929161803e-06,-2.856751229573340167e-05,-1.862912419856519372e-05,-1.143503863463603276e-05,-3.755441892298096726e-05
3.920103092783505249e-04,1.400000000000000000e+01,1.925000000000000044e-01,6.500000000000000222e-02,-1.511213925514652601e-05,-3.055499421585840307e-05,-5.965430340833657657e-05,-4.566713347100492739e-05,-1.511213925514652601e-05,-7.119708983039871059e-05
3.970360824742268004e-04,9.000000000000000000e+00,7.749999999999999944e-02,1.549999999999999989e-01,-2.891473046524089467e-05,-2.180569127273111646e-06,1.057739686773802268e-05,-3.109529959251400462e-05,-2.891473046524089467e-05,-2.204430330831604550e-05
3.970360824742268004e-04,1.000000000000000000e+01,1.925000000000000044e-01,1.549999999999999989e-01,2.654498183443370027e-05,-2.377911458684274704e-06,1.413317761581574044e-04,2.416707037574942514e-05,2.654498183443370027e-05,1.527486081321876416e-04
3.970360824742268004e-04,1.300000000000000000e+01,7.749999999999999944e-02,6.500000000000000222e-02,-1.245687664733985820e-05,-7.384348263569417075e-06,-2.840458363165583933e-05,-1.984122491090927528e-05,-1.245687664733985820e-05,-3.810224130228641586e-05
3.970360824742268004e-04,1.400000000000000000e+01,1.925000000000000044e-01,6.500000000000000222e-02,-1.541254285719479149e-05,-3.122721830017629349e-05,-5.572276070477193258e-05,-4.663976115737108498e-05,-1.541254285719479149e-05,-6.897739951391103548e-05
4.020618556701030760e-04,9.000000000000000000e+00,7.749999999999999944e-02,1.549999999999999989e-01,-3.423327820457327934e-05,-3.735245370183599770e-06,1.082609550165199268e-05,-3.796852357475687996e-05,-3.423327820457327934e-05,-2.700154096476092326e-05
4.020618556701030760e-04,1.000000000000000000e+01,1.925000000000000044e-01,1.549999999999999989e-01,2.642434877444677907e-05,8.891771139598264832e-07,1.372274308683055178e-04,2.731352588840660396e-05,2.642434877444677907e-05,1.499306994672477359e-04
4.020618556701030760e-04,1.300000000000000000e+01,7.749999999999999944e-02,6.500000000000000222e-02,-1.270929320107558903e-05,-7.098709331576025151e-06,-2.644586854373451082e-05,-1.980800253265161334e-05,-1.270929320107558903e-05,-3.624897664831394146e-05
4.020618556701030760e-04,1.400000000000000000e+01,1.925000000000000044e-01,6.500000000000000222e-02,-1.472052876820874459e-05,-3.148519901287591584e-05,-5.153079144925207900e-05,-4.620572778108466042e-05,-1.472052876820874459e-05,-6.606690449923678090e-05
4.070876288659794058e-04,9.000000000000000000e+00,7.749999999999999944e-02,1.549999999999999989e-01,-3.869656564089086657e-05,-5.273024848008267559e-06,1.076363374978917730e-05,-4.396959048889913582e-05,-3.869656564089086657e-05,-3.130893664357123503e-05
4.070876288659794058e-04,1.000000000000000000e+01,1.925000000000000044e-01,1.549999999999999989e-01,2.528611645822321713e-05,3.532960838609684490e-06,1.332999696122657207e-04,2.881907729683290162e-05,2.528611645822321713e-05,1.464166585663137488e-04
4.070876288659794058e-04,1.300000000000000000e+01,7.749999999999999944e-02,6.500000000000000222e-02,-1.231796163051298559e-05,-6.709048567581661068e-06,-2.348210872736586574e-05,-1.902701019809464666e-05,-1.231796163051298559e-05,-3.298138272531860190e-05
4.070876288659794058e-04,1.400000000000000000e+01,1.925000000000000044e-01,6.500000000000000222e-02,-1.369858802543216774e-05,-3.193979902455751732e-05,-4.703722636838352802e-05,-4.563838704998968675e-05,-1.369858802543216774e-05,-6.305471039771493383e-05
4.121134020618556814e-04,9.000000000000000000e+00,7.749999999999999944e-02,1.549999999999999989e-01,-4.235382008231650732e-05,-6.888610159233090446e-06,9.940963474603711346e-06,-4.924243024154959522e-05,-4.235382008231650732e-05,-3.523797322174725220e-05
4.121134020618556814e-04,1.000000000000000000e+01,1.925000000000000044e-01,1.549999999999999989e-01,2.340797328152302773e-05,5.029438634248228760e-06,1.301475804817536200e-04,2.843741191577125649e-05,2.340797328152302773e-05,1.427603196041197218e-04
4.121134020618556814e-04,1.300000000000000000e+01,7.749999999999999944e-02,6.500000000000000222e-02,-1.138013030685143766e-05,-6.267739953817097660e-06,-2.034647162924165366e-05,-1.764787026066853701e-05,-1.138013030685143766e-05,-2.918841170735432419e-05
4.121134020618556814e-04,1.400000000000000000e+01,1.925000000000000044e-01,6.500000000000000222e-02,-1.299595404521977013e-05,-3.283522943928891792e-05,-4.262133265888445844e-05,-4.583118348450868974e-05,-1.299595404521977013e-05,-6.052069058332560118e-05
4.171391752577319569e-04,9.000000000000000000e+00,7.749999999999999944e-02,1.549999999999999989e-01,-4.506147969924729867e-05,-8.442462535273689261e-06,8.083451017002443969e-06,-5.350394223452098962e-05,-4.506147969924729867e-05,-3.877950253359114521e-05
4.171391752577319569e-04,1.000000000000000000e+01,1.925000000000000044e-01,1.549999999999999989e-01,2.101355287118012209e-05,5.085762725136314566e-06,1.279944722519777117e-04,2.609931559631643665e-05,2.101355287118012209e-05,1.392067756347432363e-04
4.171391752577319569e-04,1.300000000000000000e+01,7.749999999999999944e-02,6.500000000000000222e-02,-1.003278875757751520e-05,-5.784782474083210641e-06,-1.712256337540475807e-05,-1.581757123166072584e-05,-1.003278875757751520e-05,-2.503997332848371065e-05
4.171391752577319569e-04,1.400000000000000000e+01,1.925000000000000044e-01,6.500000000000000222e-02,-1.292189523158945368e-05,-3.362240309861226016e-05,-3.839767108893167032e-05,-4.654429833020171553e-05,-1.292189523158945368e-05,-5.813016690797398781e-05
4.221649484536082325e-04,9.000000000000000000e+00,7.749999999999999944e-02,1.549999999999999989e-01,-4.686540617295421076e-05,-9.596348868143367687e-06,4.368429539947854509e-06,-5.646175504109757676e-05,-4.686540617295421076e-05,-4.235678207384129473e-05
4.221649484536082325e-04,1.000000000000000000e+01,1.925000000000000044e-01,1.549999999999999989e-01,1.821843447036674475e-05,3.781062560200297695e-06,1.264962347294475522e-04,2.199949703056704414e-05,1.821843447036674475e-05,1.355234448538235336e-04
4.221649484536082325e-04,1.300000000000000000e+01,7.749999999999999944e-02,6.500000000000000222e-02,-8.396693847666476679e-06,-5.200996131997100391e-06,-1.361818458657304246e-05,-1.359768997966357707e-05,-8.396693847666476679e-06,-2.040191164110797769e-05
4.221649484536082325e-04,1.400000000000000000e+01,1.925000000000000044e-01,6.500000000000000222e-02,-1.354676072432861986e-05,-3.374091181977190764e-05,-3.403267465372892831e-05,-4.728767254410052581e-05,-1.354676072432861986e-05,-5.517907086487295823e-05
4.271907216494845623e-04,9.000000000000000000e+00,7.749999999999999944e-02,1.549999999999999989e-01,-4.780909541638790096e-05,-9.992538492250346429e-06,-1.357351792868920017e-06,-5.780163390863824569e-05,-4.780909541638790096e-05,-4.606260523154341070e-05
4.271907216494845623e-04,1.000000000000000000e+01,1.925000000000000044e-01,1.549999999999999989e-01,1.472459556847565181e-05,1.267672331837619930e-06,1.251356484913374663e-04,1.599226790031327026e-05,1.472459556847565181e-05,1.310813057937472719e-04
4.271907216494845623e-04,1.300000000000000000e+01,7.749999999999999944e-02,6.500000000000000222e-02,-6.588880483420597771e-06,-4.446566785166611404e-06,-9.949249123552517015e-06,-1.103544726858721002e-05,-6.588880483420597771e-06,-1.543280619979479643e-05
4.271907216494845623e-04,1.400000000000000000e+01,1.925000000000000044e-01,6.500000000000000222e-02,-1.466539143571460419e-05,-3.313429014199681150e-05,-2.875430801359941756e-05,-4.779968157771141907e-05,-1.466539143571460419e-05,-5.103143199690468568e-05
4.322164948453608379e-04,9.000000000000000000e+00,7.749999999999999944e-02,1.549999999999999989e-01,-4.775702834069107152e-05,-9.492107651023434063e-06,-8.696597003976020945e-06,-5.724913599171450559e-05,-4.775702834069107152e-05,-4.956715865621203723e-05
4.322164948453608379e-04,1.000000000000000000e+01,1.925000000000000044e-01,1.549999999999999989e-01,1.053279867133745636e-05,-2.457044894883152075e-06,1.232371179490752294e-04,8.075753776454304289e-06,1.053279867133745636e-05,1.252240347163301854e-04
4.322164948453608379e-04,1.300000000000000000e+01,7.749999999999999944e-02,6.500000000000000222e-02,-4.740024449285200654e-06,-3.582803247228924048e-06,-6.551452396864903206e-06,-8.322827696514125125e-06,-4.740024449285200654e-06,-1.065991063350314448e-05
4.322164948453608379e-04,1.400000000000000000e+01,1.925000000000000044e-01,6.500000000000000222e-02,-1.592725591392029580e-05,-3.205874016249925392e-05,-2.252665509024921167e-05,-4.798599607641954972e-05,-1.592725591392029580e-05,-4.582438778998277679e-05
4.372422680412371135e-04,9.000000000000000000e+00,7.749999999999999944e-02,1.549999999999999989e-01,-4.652472562848039523e-05,-8.167201703610158761e-06,-1.666389021153678255e-05,-5.469192733209055399e-05,-4.652472562848039523e-05,-5.222094303925707451e-05
4.372422680412371135e-04,1.000000000000000000e+01,1.925000000000000044e-01,1.549999999999999989e-01,6.141028252564143151e-06,-6.960802100141464576e-06,1.208647391407032467e-04,-8.197738475773214242e-07,6.141028252564143151e-06,1.184868793360643484e-04
4.372422680412371135e-04,1.300000000000000000e+01,7.749999999999999944e-02,6.500000000000000222e-02,-3.120545027830011807e-06,-2.993985741419637374e-06,-4.042746282268232702e-06,-6.114530769249649181e-06,-3.120545027830011807e-06,-6.996733436881752850e-06
4.372422680412371135e-04,1.400000000000000000e+01,1.925000000000000044e-01,6.500000000000000222e-02,-1.696387713684934575e-05,-3.071838383534990382e-05,-1.614746936632727493e-05,-4.768226097219924956e-05,-1.696387713684934575e-05,-4.024935041370988307e-05
4.422680412371133890e-04,9.000000000000000000e+00,7.749999999999999944e-02,1.549999999999999989e-01,-4.438840651557870233e-05,-6.380497785744249792e-06,-2.418539493596585100e-05,-5.076890430132295043e-05,-4.438840651557870233e-05,-5.378112206965397833e-05
4.422680412371133890e-04,1.000000000000000000e+01,1.925000000000000044e-01,1.549999999999999989e-01,2.347975574458617860e-06,-1.187233337925191256e-05,1.185442215304528178e-04,-9.524357804793295122e-06,2.347975574458617860e-06,1.120164812323867776e-04
4.422680412371133890e-04,1.300000000000000000e+01,7.749999999999999944e-02,6.500000000000000222e-02,-1.852204216242472574e-06,-2.985115493296247015e-06,-2.522126080743662860e-06,-4.837319709538719377e-06,-1.852204216242472574e-06,-4.730731354133651951e-06
4.422680412371133890e-04,1.400000000000000000e+01,1.925000000000000044e-01,6.500000000000000222e-02,-1.747228067310381921e-05,-2.899626213712768331e-05,-1.078438428799728293e-05,-4.646854281023149913e-05,-1.747228067310381921e-05,-3.500271333507154811e-05
4.472938144329897188e-04,9.000000000000000000e+00,7.749999999999999944e-02,1.549999999999999989e-01,-4.194725387195713783e-05,-4.591143188680241505e-06,-3.080169207765280761e-05,-4.653839706063738103e-05,-4.194725387195713783e-05,-5.461353179909732628e-05
4.472938144329897188e-04,1.000000000000000000e+01,1.925000000000000044e-01,1.549999999999999989e-01,1.861173067154790391e-07,-1.646198469448438581e-05,1.167147479867852971e-04,-1.627586738776890587e-05,1.861173067154790391e-07,1.071566053309469773e-04
4.472938144329897188e-04,1.300000000000000000e+01,7.749999999999999944e-02,6.500000000000000222e-02,-9.641879753687014972e-07,-3.536304597805316549e-06,-1.607334203904566952e-06,-4.500492573174018258e-06,-9.641879753687014972e-07,-3.501396072089036072e-06
4.472938144329897188e-04,1.400000000000000000e+01,1.925000000000000044e-01,6.500000000000000222e-02,-1.742843959113016950e-05,-2.682759717039014604e-05,-6.976667984769910977e-06,-4.425603676152031892e-05,-1.742843959113016950e-05,-3.041479279150478458e-05
4.523195876288659944e-04,9.000000000000000000e+00,7.749999999999999944e-02,1.549999999999999989e-01,-3.960167035469592276e-05,-3.081539317752120214e-06,-3.640841626715644029e-05,-4.268320967244804170e-05,-3.960167035469592276e-05,-5.506007419966087884e-05
4.523195876288659944e-04,1.000000000000000000e+01,1.925000000000000044e-01,1.549999999999999989e-01,9.888270072588485205e-08,-2.015079275862238418e-05,1.159141592832091963e-04,-2.005191005789649860e-05,9.888270072588485205e-08,1.049242391341002987e-04
4.523195876288659944e-04,1.300000000000000000e+01,7.749999999999999944e-02,6.500000000000000222e-02,-1.357672749847343411e-07,-4.183050221355835550e-06,-7.005508022045972687e-07,-4.318817496340569918e-06,-1.357672749847343411e-07,-2.353089360388771940e-06
4.523195876288659944e-04,1.400000000000000000e+01,1.925000000000000044e-01,6.500000000000000222e-02,-1.682370278849758179e-05,-2.426867754394919084e-05,-4.401997016987675707e-06,-4.109238033244677602e-05,-1.682370278849758179e-05,-2.629949581523031684e-05
4.573453608247422700e-04,9.000000000000000000e+00,7.749999999999999944e-02,1.549999999999999989e-01,-3.713329018147686148e-05,-1.923778813553969521e-06,-4.132109037379603855e-05,-3.905706899503082804e-05,-3.713329018147686148e-05,-5.507502209992373536e-05
4.573453608247422700e-04,1.000000000000000000e+01,1.925000000000000044e-01,1.549999999999999989e-01,1.954685662356251022e-06,-2.286570611947698559e-05,1.161451702769444069e-04,-2.091102045712073541e-05,1.954685662356251022e-06,1.052681605181546043e-04
4.573453608247422700e-04,1.300000000000000000e+01,7.749999999999999944e-02,6.500000000000000222e-02,8.376976406120800424e-07,-4.400020184053810906e-06,5.486868106298968394e-07,-3.562322543441730970e-06,8.376976406120800424e-07,-6.191697638312902498e-07
4.573453608247422700e-04,1.400000000000000000e+01,1.925000000000000044e-01,6.500000000000000222e-02,-1.552660551731655498e-05,-2.161789413872105105e-05,-2.310347814327193313e-06,-3.714449965603760942e-05,-1.552660551731655498e-05,-2.234840568881271336e-05
4.623711340206185455e-04,9.000000000000000000e+00,7.749999999999999944e-02,1.549999999999999989e-01,-3.420759907938196763e-05,-1.075893100713166064e-06,-4.552085017537767339e-05,-3.528349218009513559e-05,-3.420759907938196763e-05,-5.433328621773978568e-05
4.623711340206185455e-04,1.000000000000000000e+01,1.925000000000000044e-01,1.549999999999999989e-01,4.641490779821016390e-06,-2.485118812939931314e-05,1.176721624840237478e-04,-2.020969734957829591e-05,4.641490779821016390e-06,1.076625019992632983e-04
4.623711340206185455e-04,1.300000000000000000e+01,7.749999999999999944e-02,6.500000000000000222e-02,1.875351358593268888e-06,-4.047063244088862060e-06,2.360529210466168363e-06,-2.171711885495593172e-06,1.875351358593268888e-06,1.917151892001212547e-06
4.623711340206185455e-04,1.400000000000000000e+01,1.925000000000000044e-01,6.500000000000000222e-02,-1.337533202536700846e-05,-1.890198690741225906e-05,-4.858183966532216414e-07,-3.227731893277926414e-05,-1.337533202536700846e-05,-1.840363348642087203e-05
4.673969072164948753e-04,9.000000000000000000e+00,7.749999999999999944e-02,1.549999999999999989e-01,-3.110101717965502307e-05,-5.918410191392723616e-07,-4.967559203408310214e-05,-3.169285819879429713e-05,-3.110101717965502307e-05,-5.342337657722736146e-05
4.673969072164948753e-04,1.000000000000000000e+01,1.925000000000000044e-01,1.549999999999999989e-01,7.169143390128796184e-06,-2.634952623025312347e-05,1.197019372065052581e-04,-1.918038284012432728e-05,7.169143390128796184e-06,1.106312243396980957e-04
4.673969072164948753e-04,1.300000000000000000e+01,7.749999999999999944e-02,6.500000000000000222e-02,3.032120110478504209e-06,-3.126619486141064883e-06,4.913543540657216696e-06,-9.449937566256067423e-08,3.032120110478504209e-06,5.462345693549353210e-06
4.673969072164948753e-04,1.400000000000000000e+01,1.925000000000000044e-01,6.500000000000000222e-02,-1.049906347090554919e-05,-1.597096126683405381e-05,1.172218994903864465e-06,-2.647002473773960301e-05,-1.049906347090554919e-05,-1.428549655931957682e-05
4.724226804123711509e-04,9.000000000000000000e+00,7.749999999999999944e-02,1.549999999999999989e-01,-2.854075200149263969e-05,-5.042218978695467625e-07,-5.414305758369411303e-05,-2.904497389936218539e-05,-2.854075200149263969e-05,-5.320299768179201550e-05
4.724226804123711509e-04,1.000000000000000000e+01,1.925000000000000044e-01,1.549999999999999989e-01,8.737971550724048372e-06,-2.725797435953227339e-05,1.210000086799416398e-04,-1.852000280880822502e-05,8.737971550724048372e-06,1.125191212717892530e-04
4.724226804123711509e-04,1.300000000000000000e+01,7.749999999999999944e-02,6.500000000000000222e-02,4.502992679984165187e-06,-1.755278937280693683e-06,8.330283368371903699e-06,2.747713742703471504e-06,4.502992679984165187e-06,1.021201334237352133e-05
4.724226804123711509e-04,1.400000000000000000e+01,1.925000000000000044e-01,6.500000000000000222e-02,-7.468228027733380656e-06,-1.273808550511018490e-05,2.490614740672931282e-06,-2.020631353284356387e-05,-7.468228027733380656e-06,-1.013302262517872440e-05
4.774484536082474265e-04,9.000000000000000000e+00,7.749999999999999944e-02,1.549999999999999989e-01,-2.702170264378603084e-05,-8.857790640626220201e-07,-5.895497469499464240e-05,-2.790748170784865403e-05,-2.702170264378603084e-05,-5.415564913396034199e-05
4.774484536082474265e-04,1.000000000000000000e+01,1.925000000000000044e-01,1.549999999999999989e-01,9.170069594089892337e-06,-2.754321367178129147e-05,1.206974866522383369e-04,-1.837314407769139913e-05,9.170069594089892337e-06,1.123850932399411066e-04
4.774484536082474265e-04,1.300000000000000000e+01,7.749999999999999944e-02,6.500000000000000222e-02,6.102159141074309893e-06,-2.608096525559317833e-07,1.259675607667764981e-05,5.841349488518378480e-06,6.102159141074309893e-06,1.591284160573186820e-05
4.774484536082474265e-04,1.400000000000000000e+01,1.925000000000000044e-01,6.500000000000000222e-02,-4.831826774744927340e-06,-8.722083771683172300e-06,2.826577169955223033e-06,-1.355391054642809964e-05,-4.831826774744927340e-06,-6.086622627547002347e-06
4.824742268041237020e-04,9.000000000000000000e+00,7.749999999999999944e-02,1.549999999999999989e-01,-2.655805090571283750e-05,-1.748356058968650270e-06,-6.376609034984784155e-05,-2.830640696468148714e-05,-2.655805090571283750e-05,-5.612670917487251723e-05
4.824742268041237020e-04,1.000000000000000000e+01,1.925000000000000044e-01,1.549999999999999989e-01,8.422570157883770990e-06,-2.740073493353622401e-05,1.193589129199351684e-04,-1.897816477565245302e-05,8.422570157883770990e-06,1.106762970606812248e-04
4.824742268041237020e-04,1.300000000000000000e+01,7.749999999999999944e-02,6.500000000000000222e-02,7.644111696060263298e-06,1.182306614899009804e-06,1.699918537627546116e-05,8.826418310959272890e-06,7.644111696060263298e-06,2.169065407033908270e-05
4.824742268041237020e-04,1.400000000000000000e+01,1.925000000000000044e-01,6.500000000000000222e-02,-3.155611212748413670e-06,-3.755611309210171673e-06,2.239850054375020681e-06,-6.911222521958585342e-06,-3.155611212748413670e-06,-2.048445101344912418e-06
4.875000000000000318e-04,9.000000000000000000e+00,7.749999999999999944e-02,1.549999999999999989e-01,-2.627636455044379788e-05,-3.031175084936657632e-06,-6.767516406395876699e-05,-2.930753963538045424e-05,-2.627636455044379788e-05,-5.785427333078780481e-05
4.875000000000000318e-04,1.000000000000000000e+01,1.925000000000000044e-01,1.549999999999999989e-01,6.431073138201153281e-06,-2.749254933407671177e-05,1.178385906818459706e-04,-2.106147619587555849e-05,6.431073138201153281e-06,1.079306035057866505e-04
4.875000000000000318e-04,1.300000000000000000e+01,7.749999999999999944e-02,6.500000000000000222e-02,9.099930306368245387e-06,2.596700878130976771e-06,2.100891096771296564e-05,1.169663118449922301e-05,9.099930306368245387e-06,2.702294548399715514e-05
4.875000000000000318e-04,1.400000000000000000e+01,1.925000000000000044e-01,6.500000000000000222e-02,-2.825639324034844843e-06,1.618972615343794534e-06,1.292056805625670622e-06,-1.206666708691050309e-06,-2.825639324034844843e-06,1.868107416285120145e-06
4.925257731958763074e-04,9.000000000000000000e+00,7.749999999999999944e-02,1.549999999999999989e-01,-2.602825304505323954e-05,-4.779531792964816967e-06,-6.967058282670459779e-05,-3.080778483801805312e-05,-2.602825304505323954e-05,-5.870812365584136578e-05
4.925257731958763074e-04,1.000000000000000000e+01,1.925000000000000044e-01,1.549999999999999989e-01,3.254424311401492256e-06,-2.780400286455853216e-05,1.166386002117778253e-04,-2.454957855315704075e-05,3.254424311401492256e-06,1.046774378756933874e-04
4.925257731958763074e-04,1.300000000000000000e+01,7.749999999999999944e-02,6.500000000000000222e-02,1.031907588371944934e-05,3.807668511422462977e-06,2.461147351881697306e-05,1.412674439514191189e-05,1.031907588371944934e-05,3.173596226702100930e-05
4.925257731958763074e-04,1.400000000000000000e+01,1.925000000000000044e-01,6.500000000000000222e-02,-3.640283569629186780e-06,6.977447705495623582e-06,8.821141145436376537e-07,3.337164135866436802e-06,-3.640283569629186780e-06,5.983076621601683233e-06
4.975515463917526372e-04,9.000000000000000000e+00,7.749999999999999944e-02,1.549999999999999989e-01,-2.560992743705143746e-05,-6.638184806015479922e-06,-6.983442973627043595e-05,-3.224811224306691908e-05,-2.560992743705143746e-05,-5.851491836181843146e-05
4.975515463917526372e-04,1.000000000000000000e+01,1.925000000000000044e-01,1.549999999999999989e-01,-4.648650476039963106e-07,-2.818096954485809573e-05,1.158389318665090990e-04,-2.864583459246209326e-05,-4.648650476039963106e-07,1.014514511638370448e-04
4.975515463917526372e-04,1.300000000000000000e+01,7.749999999999999944e-02,6.500000000000000222e-02,1.133140281416519756e-05,4.765324009004019266e-06,2.791422856773940247e-05,1.609672682316921598e-05,1.133140281416519756e-05,3.593347986131174078e-05
4.975515463917526372e-04,1.400000000000000000e+01,1.925000000000000044e-01,6.500000000000000222e-02,-5.020606893400906797e-06,1.170376298196495088e-05,1.498869374110230571e-06,6.683156088564044085e-06,-5.020606893400906797e-06,1.021638993732671623e-05
