time_s,contact_force_N,impact_w_m,ball_travel_m,indentation_m,energy_J,S1_mean_exx_plus_eyy,S2_mean_exx_plus_eyy,S3_mean_exx_plus_eyy,S4_mean_exx_plus_eyy
0.000000000000000000e+00,0.000000000000000000e+00,0.000000000000000000e+00,0.000000000000000000e+00,0.000000000000000000e+00,6.227579619865871753e-03,0.000000000000000000e+00,0.000000000000000000e+00,0.000000000000000000e+00,0.000000000000000000e+00
4.999687519530029071e-06,1.957482587216599867e+01,2.896297284838169537e-08,8.844322794454177861e-06,8.815359821605795593e-06,6.227530213511032857e-03,3.493568569078069160e-09,3.493568569082691445e-09,3.493568627412058604e-09,3.493568627407418120e-09
9.999375039060058143e-06,5.353495893564615216e+01,3.186919675766790278e-07,1.755852629965580034e-05,1.723983433207912147e-05,6.227524465433699301e-03,3.168424239902754550e-08,3.168424239903995982e-08,3.168424234774938848e-08,3.168424234773760943e-08
1.499906255859008806e-05,9.164119645688803928e+01,1.263566222835830657e-06,2.593353534771403900e-05,2.466996912487820750e-05,6.227542991986000261e-03,8.864391334516850508e-08,8.864391334515219970e-08,8.864391337114022931e-08,8.864391337116066398e-08
1.999875007812011629e-05,1.257596795347042473e+02,3.268464459006019501e-06,3.373354894599960203e-05,3.046508448699358380e-05,6.227573675966972637e-03,1.463907625095261453e-07,1.463907625095265688e-07,1.463907625301141281e-07,1.463907625301347745e-07
2.499843759765014620e-05,1.490120459356784863e+02,6.634066473865135282e-06,4.074725836879881653e-05,3.411319189493368294e-05,6.227597037629280415e-03,1.686014457860857652e-07,1.686014457861126585e-07,1.686014457040410952e-07,1.686014457040665061e-07
2.999812511718017612e-05,1.572477804425673469e+02,1.147155020091617135e-05,4.683037223660658680e-05,3.535882203569041545e-05,6.227599106439591845e-03,1.287535757036222055e-07,1.287535757036296170e-07,1.287535757854648582e-07,1.287535757855770900e-07
3.499781263671020604e-05,1.500464130002650052e+02,1.766034094102389765e-05,5.193121523415571524e-05,3.427087429313181759e-05,6.227581558688720549e-03,4.418584317687142033e-08,4.418584317694638274e-08,4.418584304604167591e-08,4.418584304620515327e-08
3.999750015624023257e-05,1.304691291356575107e+02,2.487253415055566366e-05,5.609352015133878266e-05,3.122098600078311901e-05,6.227558490471428454e-03,-1.742124232465736445e-08,-1.742124232450447500e-08,-1.742124228824765321e-08,-1.742124228795246223e-08
4.499718767577026588e-05,1.037819367837593063e+02,3.263445646533302689e-05,5.943781935908754336e-05,2.680336289375451648e-05,6.227544636435776264e-03,8.965919470224384641e-09,8.965919470442919141e-09,8.965919550016582338e-09,8.965919550611199467e-09
4.999687519530029241e-05,7.565059911445992213e+01,4.041974515052040260e-05,6.212923842900361945e-05,2.170949327848321686e-05,6.227545630200158680e-03,1.384260888222538452e-07,1.384260888226909142e-07,1.384260886621222666e-07,1.384260886630590850e-07
5.499656271483031894e-05,5.056711091809570746e+01,4.774599437322297438e-05,6.434263537147070220e-05,1.659664099824772782e-05,6.227556474262069264e-03,3.240373829403099767e-07,3.240373829410138611e-07,3.240373831427288283e-07,3.240373831441493025e-07
5.999625023436035224e-05,3.102648971987679261e+01,5.425088494177253428e-05,6.623473962866727540e-05,1.198385468689474112e-05,6.227567783886198832e-03,4.578037356127645776e-07,4.578037356137318892e-07,4.578037356562902126e-07,4.578037356584848750e-07
6.499593775389037877e-05,1.760961120054572504e+01,5.971336505047022183e-05,6.792837228879223274e-05,8.215007238322010916e-06,6.227572916334109081e-03,4.251182821876351613e-07,4.251182821890005784e-07,4.251182819618873283e-07,4.251182819650103388e-07
6.999562527342041208e-05,9.545536434574076523e+00,6.404703181916383196e-05,6.950848647141938050e-05,5.461454652255548535e-06,6.227571414639213911e-03,1.926790830684261912e-07,1.926790830702286773e-07,1.926790832776941511e-07,1.926790832819801378e-07
7.499531279295044539e-05,5.433643891719284191e+00,6.727544971065588957e-05,7.102663820017763544e-05,3.751188489521745865e-06,6.227567574608771847e-03,-1.642886365425365929e-07,-1.642886365403825881e-07,-1.642886366722546066e-07,-1.642886366665184995e-07
7.999500031248046514e-05,3.897950766098051467e+00,6.950339763152639429e-05,7.250946704772730873e-05,3.006069416200914438e-06,6.227565434989698785e-03,-5.142658176635498136e-07,-5.142658176608138972e-07,-5.142658178940901590e-07,-5.142658178869259544e-07
8.499468783201049845e-05,4.044573640624482991e+00,7.088612991626387552e-05,7.396711742068366865e-05,3.080987504419793136e-06,6.227565386059181161e-03,-7.283086123890767318e-07,-7.283086123856081319e-07,-7.283086119828786938e-07,-7.283086119741906769e-07
8.999437535154053175e-05,5.505109809395378306e+00,7.161483965860911713e-05,7.539884809787218895e-05,3.784008439263071826e-06,6.227565168162444049e-03,-7.319387461806923296e-07,-7.319387461764292127e-07,-7.319387463919990978e-07,-7.319387463816915539e-07
9.499406287107055151e-05,8.104816012847116724e+00,7.189846342342944095e-05,7.679553981842373884e-05,4.897076394994297893e-06,6.227563157378230435e-03,-5.298307266501857330e-07,-5.298307266450726186e-07,-5.298307267618564392e-07,-5.298307267499043808e-07
9.999375039060058481e-05,1.154729875980894782e+01,7.194044413077114693e-05,7.814096785819766059e-05,6.200523727426513658e-06,6.227560401516016655e-03,-1.708909758922385729e-07,-1.708909758862686847e-07,-1.708909755132404569e-07,-1.708909754994168792e-07
1.049934379101306181e-04,1.534449826908972092e+01,7.191919188982353001e-05,7.941370172520843807e-05,7.494509835384908060e-06,6.227559398995659995e-03,2.899403270969927197e-07,2.899403271037156202e-07,2.899403267916856230e-07,2.899403268075979840e-07
1.099931254296606379e-04,1.889849807598008624e+01,7.197901598408997035e-05,8.059013581230229436e-05,8.611119828212324004e-06,6.227561173187185460e-03,7.745073945709928388e-07,7.745073945784653634e-07,7.745073945309569795e-07,7.745073945490546855e-07
1.149928129491906712e-04,2.166026391964175346e+01,7.221732612632545192e-05,8.164817100512825868e-05,9.430844878802806751e-06,6.227564421115221356e-03,1.181120917130199944e-06,1.181120917138475456e-06,1.181120917374131881e-06,1.181120917394630078e-06
1.199925004687207045e-04,2.327970851809751807e+01,7.267534935289403028e-05,8.257059236699081746e-05,9.895243014096787178e-06,6.227566914003615332e-03,1.412174774174576857e-06,1.412174774183817987e-06,1.412174773975652864e-06,1.412174773998432968e-06
1.249921879882507378e-04,2.366552523298293664e+01,7.334297105754283732e-05,8.334724412420346415e-05,1.000427306666062683e-05,6.227567143603605394e-03,1.375430890814175296e-06,1.375430890824471829e-06,1.375430891025281318e-06,1.375430891050399233e-06
1.299918755077807575e-04,2.295751387671159804e+01,7.417188976517785539e-05,8.397561977606130489e-05,9.803730010883449498e-06,6.227565304898824948e-03,9.991988853098783009e-07,9.991988853214386066e-07,9.991988856777819794e-07,9.991988857052936095e-07
1.349915630273107773e-04,2.143539447349194305e+01,7.509457060544291024e-05,8.446003015256383717e-05,9.365459547120926929e-06,6.227562595455701094e-03,2.893342946600826343e-07,2.893342946730862841e-07,2.893342942673303973e-07,2.893342942973187518e-07
1.399912505468408242e-04,1.939526566077628189e+01,7.604853865829597432e-05,8.480990676017130991e-05,8.761368101875335597e-06,6.227560281699190056e-03,-6.685889660653247042e-07,-6.685889660509048153e-07,-6.685889660473032313e-07,-6.685889660146179239e-07
1.449909380663708439e-04,1.705202293921570700e+01,7.699732457139494266e-05,8.503799097744464089e-05,8.040666406049698229e-06,6.227559476883580067e-03,-1.733106370032724695e-06,-1.733106370016729324e-06,-1.733106370164190984e-06,-1.733106370128564778e-06
1.499906255859008908e-04,1.454372187770198721e+01,7.792752835323903647e-05,8.515897432980948758e-05,7.231445976570451107e-06,6.227560712221805878e-03,-2.705099956131107143e-06,-2.705099956113216113e-06,-2.705099956448060096e-06,-2.705099956409557366e-06
1.549903131054309105e-04,1.196908165577726813e+01,7.883800079228028325e-05,8.518860907416058478e-05,6.350608281880301535e-06,6.227563736711305004e-03,-3.350006864385672337e-06,-3.350006864365729793e-06,-3.350006863949196259e-06,-3.350006863907468028e-06
1.599900006249609303e-04,9.419452146446005258e+00,7.972981241067215042e-05,8.514306802431020524e-05,5.413255613638054821e-06,6.227567321980166312e-03,-3.447734498715979620e-06,-3.447734498693875448e-06,-3.447734498931247114e-06,-3.447734498886126516e-06
1.649896881444909771e-04,6.989524324766019703e+00,8.060153172480160927e-05,8.503836578257476973e-05,4.436834057773160456e-06,6.227569355333358730e-03,-2.806747363887962982e-06,-2.806747363863446460e-06,-2.806747363636092653e-06,-2.806747363587357765e-06
1.699893756640209969e-04,4.794377802985660963e+00,8.143887206268339313e-05,8.488975008157381783e-05,3.450878018890424703e-06,6.227568108924138104e-03,-1.315799873475631902e-06,-1.315799873448798322e-06,-1.315799873090141278e-06,-1.315799873037352915e-06
1.749890631835510166e-04,2.946753769585056748e+00,8.221637371770596522e-05,8.471099144400132640e-05,2.494617726295361173e-06,6.227563677374244565e-03,9.519744569705727405e-07,9.519744569997182972e-07,9.519744567655433334e-07,9.519744568228984753e-07
1.799887507030810635e-04,1.534271310096932739e+00,8.289916553421200940e-05,8.451368349822932350e-05,1.614517964017314101e-06,6.227558250578787112e-03,3.686007440018316069e-06,3.686007440049788426e-06,3.686007440109084120e-06,3.686007440171251256e-06
1.849884382226110833e-04,5.941980049149799825e-01,8.344888672526430554e-05,8.430670553517131732e-05,8.578188099070117823e-07,6.227555040032951850e-03,6.368670924020361496e-06,6.368670924054007339e-06,6.368670923811503500e-06,6.368670923879028966e-06
1.899881257421411030e-04,1.021739725485615452e-01,8.383073515978439608e-05,8.409599303814771108e-05,2.652578783633149960e-07,6.227556100946117328e-03,8.341257582959285723e-06,8.341257582995054230e-06,8.341257582812256049e-06,8.341257582885509153e-06
1.949878132616711499e-04,0.000000000000000000e+00,8.403233903966100837e-05,8.388467548035029558e-05,0.000000000000000000e+00,6.227560791590285548e-03,8.954519778918810464e-06,8.954519778956747375e-06,8.954519779042367160e-06,8.954519779121541023e-06
1.999875007812011696e-04,0.000000000000000000e+00,8.406758651262078515e-05,8.367357962251442390e-05,0.000000000000000000e+00,6.227566587231731475e-03,7.774293303933465247e-06,7.774293303973553622e-06,7.774293304231653031e-06,7.774293304316925532e-06
2.049871883007311894e-04,0.000000000000000000e+00,8.397038097346147480e-05,8.346272898402515750e-05,0.000000000000000000e+00,6.227570872435697451e-03,4.728076974198690429e-06,4.728076974240892998e-06,4.728076973910863551e-06,4.728076974002166927e-06
2.099868758202612362e-04,0.000000000000000000e+00,8.378388730630883879e-05,8.325212356488253705e-05,0.000000000000000000e+00,6.227572319494837499e-03,1.430036481561706887e-07,1.430036482005992609e-07,1.430036484090760920e-07,1.430036485062815931e-07
2.149865633397912560e-04,0.000000000000000000e+00,8.355731924226608579e-05,8.304176336508653543e-05,0.000000000000000000e+00,6.227571040623367839e-03,-5.281702031268493386e-06,-5.281702031221840505e-06,-5.281702030998555844e-06,-5.281702030895502428e-06
2.199862508593212757e-04,0.000000000000000000e+00,8.333599341310413871e-05,8.283164838463715266e-05,0.000000000000000000e+00,6.227567611549917302e-03,-1.060557739781973964e-05,-1.060557739777116569e-05,-1.060557739794375374e-05,-1.060557739783499132e-05
2.249859383788513226e-04,0.000000000000000000e+00,8.315888014064984758e-05,8.262177862353438872e-05,0.000000000000000000e+00,6.227562965981511649e-03,-1.484042557688221516e-05,-1.484042557683197933e-05,-1.484042557611578248e-05,-1.484042557600145505e-05
2.299856258983813424e-04,0.000000000000000000e+00,8.305633936762932073e-05,8.241215408177825718e-05,0.000000000000000000e+00,6.227558656557725079e-03,-1.711617230527159639e-05,-1.711617230521999514e-05,-1.711617230560202055e-05,-1.711617230548230430e-05
2.349853134179113892e-04,0.000000000000000000e+00,8.304651919624635691e-05,8.220277475936874447e-05,0.000000000000000000e+00,6.227556230991772995e-03,-1.683376075680988973e-05,-1.683376075675695695e-05,-1.683376075663937523e-05,-1.683376075651480717e-05
2.399850009374414090e-04,0.000000000000000000e+00,8.312778312003375118e-05,8.199364065630586416e-05,0.000000000000000000e+00,6.227556140496934810e-03,-1.384245540583535399e-05,-1.384245540578118793e-05,-1.384245540556329887e-05,-1.384245540543455325e-05
2.449846884569714558e-04,0.000000000000000000e+00,8.328396149811056310e-05,8.178475177258960269e-05,0.000000000000000000e+00,6.227557415286637428e-03,-8.507352134486783344e-06,-8.507352134431206124e-06,-8.507352134886918320e-06,-8.507352134755011573e-06
2.499843759765014756e-04,0.000000000000000000e+00,8.349220136298143044e-05,8.157610810821996005e-05,0.000000000000000000e+00,6.227558898348759323e-03,-1.614017672334346637e-06,-1.614017672277261699e-06,-1.614017672561381960e-06,-1.614017672427306809e-06
2.549840634960314953e-04,0.000000000000000000e+00,8.372608716359040959e-05,8.136770966319693626e-05,0.000000000000000000e+00,6.227560691318518096e-03,5.818531267181816774e-06,5.818531267240112969e-06,5.818531266669895472e-06,5.818531266805393638e-06
2.599837510155615151e-04,0.000000000000000000e+00,8.395593819366235799e-05,8.115955643752053130e-05,0.000000000000000000e+00,6.227563665856050180e-03,1.276624164646883055e-05,1.276624164652805340e-05,1.276624164664231137e-05,1.276624164677851257e-05
2.649834385350915348e-04,0.000000000000000000e+00,8.415149752651281438e-05,8.095164843119077229e-05,0.000000000000000000e+00,6.227567676967387354e-03,1.840795318321917473e-05,1.840795318327909384e-05,1.840795318299609675e-05,1.840795318313216412e-05
2.699831260546215546e-04,0.000000000000000000e+00,8.428289839486546246e-05,8.074398564420761856e-05,0.000000000000000000e+00,6.227571081563512342e-03,2.219047343149007574e-05,2.219047343155019814e-05,2.219047343223003695e-05,2.219047343236532505e-05
2.749828135741516286e-04,0.000000000000000000e+00,8.432266685102829179e-05,8.053656807657109723e-05,0.000000000000000000e+00,6.227571935581041780e-03,2.379570867827746365e-05,2.379570867833748779e-05,2.379570867870848145e-05,2.379570867884232621e-05
2.799825010936816483e-04,0.000000000000000000e+00,8.425506169525156749e-05,8.032939572828119473e-05,0.000000000000000000e+00,6.227569653817867541e-03,2.310118198430659954e-05,2.310118198436612901e-05,2.310118198456839031e-05,2.310118198470014121e-05
2.849821886132116681e-04,0.000000000000000000e+00,8.408052814477207852e-05,8.012246859933791108e-05,0.000000000000000000e+00,6.227565388136326908e-03,2.015037609114981557e-05,2.015037609120827439e-05,2.015037609244119183e-05,2.015037609257045245e-05
2.899818761327416878e-04,0.000000000000000000e+00,8.381375838860979748e-05,7.991578668974125982e-05,0.000000000000000000e+00,6.227560747857898045e-03,1.514991341965795833e-05,1.514991341971459603e-05,1.514991342003764593e-05,1.514991342016412658e-05
2.949815636522717076e-04,0.000000000000000000e+00,8.347983153526691749e-05,7.970934999949122739e-05,0.000000000000000000e+00,6.227557015916674980e-03,8.531671016607494449e-06,8.531671016661489411e-06,8.531671017154764130e-06,8.531671017278285251e-06
2.999812511718017815e-04,0.000000000000000000e+00,8.311792055725056923e-05,7.950315852858782736e-05,0.000000000000000000e+00,6.227555361813804681e-03,1.005503990509627767e-06,1.005503990560009287e-06,1.005503990232162644e-06,1.005503990352777594e-06
3.049809386913318013e-04,0.000000000000000000e+00,8.277824314753468493e-05,7.929721227703104617e-05,0.000000000000000000e+00,6.227556928952176010e-03,-6.494490752624492561e-06,-6.494490752578646056e-06,-6.494490752432177965e-06,-6.494490752314444621e-06
3.099806262108618211e-04,0.000000000000000000e+00,8.251728240464262221e-05,7.909151124482088381e-05,0.000000000000000000e+00,6.227562109778413645e-03,-1.298684204616812774e-05,-1.298684204612762940e-05,-1.298684204648112335e-05,-1.298684204636628093e-05
3.149803137303918408e-04,0.000000000000000000e+00,8.238756506259367618e-05,7.888605543195734030e-05,0.000000000000000000e+00,6.227569305764460265e-03,-1.768746524504989838e-05,-1.768746524501554611e-05,-1.768746524584481169e-05,-1.768746524573285765e-05
3.199800012499218606e-04,0.000000000000000000e+00,8.242879632803212493e-05,7.868084483844044272e-05,0.000000000000000000e+00,6.227574983573863458e-03,-2.022375706194736846e-05,-2.022375706191978907e-05,-2.022375706233113198e-05,-2.022375706222215611e-05
3.249796887694518803e-04,0.000000000000000000e+00,8.265345513126578776e-05,7.847587946427015044e-05,0.000000000000000000e+00,6.227575869956984006e-03,-2.070681032964113045e-05,-2.070681032962076777e-05,-2.070681033102686957e-05,-2.070681033092106838e-05
3.299793762889819543e-04,0.000000000000000000e+00,8.304547073092753326e-05,7.827115930944649055e-05,0.000000000000000000e+00,6.227571255132659245e-03,-1.961492852593414525e-05,-1.961492852592129746e-05,-1.961492852599064913e-05,-1.961492852588841225e-05
3.349790638085119740e-04,0.000000000000000000e+00,8.356322357937460445e-05,7.806668437396944949e-05,0.000000000000000000e+00,6.227563381852528959e-03,-1.755320294603395355e-05,-1.755320294602887135e-05,-1.755320294631521253e-05,-1.755320294621686862e-05
3.399787513280419938e-04,0.000000000000000000e+00,8.414640328295541446e-05,7.786245465783902728e-05,0.000000000000000000e+00,6.227556016941602178e-03,-1.501249745678449304e-05,-1.501249745678752542e-05,-1.501249745596053666e-05,-1.501249745586632288e-05
3.449784388475720135e-04,0.000000000000000000e+00,8.471808928390924301e-05,7.765847016105522391e-05,0.000000000000000000e+00,6.227552267267932526e-03,-1.222781609694571821e-05,-1.222781609695731240e-05,-1.222781609620184541e-05,-1.222781609611180750e-05
3.499781263671020333e-04,0.000000000000000000e+00,8.519764937350392112e-05,7.745473088361805292e-05,0.000000000000000000e+00,6.227553312659383014e-03,-9.181542057919592843e-06,-9.181542057940277388e-06,-9.181542057273808148e-06,-9.181542057187946112e-06
3.549778138866320530e-04,0.000000000000000000e+00,8.551248149135940097e-05,7.725123682552751433e-05,0.000000000000000000e+00,6.227558265412692917e-03,-5.742793483682768341e-06,-5.742793483713126002e-06,-5.742793481599616168e-06,-5.742793481517816502e-06
3.599775014061621270e-04,0.000000000000000000e+00,8.561114016681785387e-05,7.704798798678358103e-05,0.000000000000000000e+00,6.227564558725758904e-03,-1.869611742155113216e-06,-1.869611742195662377e-06,-1.869611742310709780e-06,-1.869611742232999590e-06
3.649771889256921468e-04,0.000000000000000000e+00,8.547065719239275679e-05,7.684498436738628011e-05,0.000000000000000000e+00,6.227569324695355311e-03,2.214542629222164126e-06,2.214542629171138862e-06,2.214542629317831416e-06,2.214542629391238679e-06
3.699768764452221665e-04,0.000000000000000000e+00,8.510181528556904696e-05,7.664222596733559804e-05,0.000000000000000000e+00,6.227570843594027947e-03,5.968976501835305919e-06,5.968976501773777445e-06,5.968976501432131788e-06,5.968976501500795667e-06
3.749765639647521863e-04,0.000000000000000000e+00,8.454077170877571262e-05,7.643971278663154836e-05,0.000000000000000000e+00,6.227569128667393220e-03,8.635069082818087286e-06,8.635069082746089485e-06,8.635069082119610365e-06,8.635069082182995535e-06
3.799762514842822060e-04,0.000000000000000000e+00,8.383905883056785337e-05,7.623744482527411751e-05,0.000000000000000000e+00,6.227565653139873793e-03,9.470413998029369334e-06,9.470413997947037732e-06,9.470413997837363906e-06,9.470413997894799516e-06
3.849759390038122800e-04,0.000000000000000000e+00,8.305658299603720085e-05,7.603542208326330551e-05,0.000000000000000000e+00,6.227562201078088930e-03,8.055479541733779139e-06,8.055479541641208602e-06,8.055479541827040854e-06,8.055479541877930594e-06
3.899756265233422997e-04,0.000000000000000000e+00,8.225853066302312420e-05,7.583364456059912590e-05,0.000000000000000000e+00,6.227559752682609515e-03,4.537869550954353793e-06,4.537869550851408797e-06,4.537869551158346432e-06,4.537869551202310830e-06
3.949753140428723195e-04,0.000000000000000000e+00,8.150758455235984949e-05,7.563211225728156512e-05,0.000000000000000000e+00,6.227558141221428874e-03,-3.747548391357230220e-07,-3.747548392490695829e-07,-3.747548399677668742e-07,-3.747548399309988680e-07
3.999750015624023393e-04,0.000000000000000000e+00,8.085866243494229917e-05,7.543082517331062319e-05,0.000000000000000000e+00,6.227556504803017506e-03,-5.652018521441805614e-06,-5.652018521565367392e-06,-5.652018520744036813e-06,-5.652018520714909044e-06
4.049746890819323590e-04,0.000000000000000000e+00,8.035754482420584099e-05,7.522978330868631365e-05,0.000000000000000000e+00,6.227554467622751014e-03,-1.027041668562929405e-05,-1.027041668576257976e-05,-1.027041668650928674e-05,-1.027041668648817868e-05
4.099743766014623788e-04,0.000000000000000000e+00,8.003935531692504964e-05,7.502898666340863650e-05,0.000000000000000000e+00,6.227553162508453130e-03,-1.352202834786836791e-05,-1.352202834801094388e-05,-1.352202834844378788e-05,-1.352202834843098075e-05
4.149740641209924527e-04,0.000000000000000000e+00,7.992860105556553259e-05,7.482843523747756463e-05,0.000000000000000000e+00,6.227554639541977265e-03,-1.516743876061213783e-05,-1.516743876076351278e-05,-1.516743876065143338e-05,-1.516743876064715078e-05
4.199737516405224725e-04,0.000000000000000000e+00,8.004130073186050407e-05,7.462812903089312516e-05,0.000000000000000000e+00,6.227559993725480074e-03,-1.533073836660271653e-05,-1.533073836676215863e-05,-1.533073836717933590e-05,-1.533073836718345248e-05
4.249734391600524922e-04,0.000000000000000000e+00,8.038403218964188370e-05,7.442806804365530453e-05,0.000000000000000000e+00,6.227567950292052339e-03,-1.429198437295156547e-05,-1.429198437311891208e-05,-1.429198437160815089e-05,-1.429198437162006695e-05
4.299731266795825120e-04,0.000000000000000000e+00,8.094511796130900660e-05,7.422825227576411629e-05,0.000000000000000000e+00,6.227575235867318683e-03,-1.230564007754889088e-05,-1.230564007772402002e-05,-1.230564007776502319e-05,-1.230564007778371891e-05
4.349728141991125317e-04,0.000000000000000000e+00,8.169303692429775836e-05,7.402868172721953333e-05,0.000000000000000000e+00,6.227578786099291670e-03,-9.466902912922706365e-06,-9.466902913105489298e-06,-9.466902912812480273e-06,-9.466902912836976466e-06
4.399725017186425515e-04,0.000000000000000000e+00,8.258050927365216535e-05,7.382935639802158277e-05,0.000000000000000000e+00,6.227577521087556550e-03,-5.720872722185621853e-06,-5.720872722375760420e-06,-5.720872722910045087e-06,-5.720872722939227066e-06
4.449721892381726255e-04,0.000000000000000000e+00,8.355276530954749428e-05,7.363027628817026460e-05,0.000000000000000000e+00,6.227572280871105682e-03,-1.084652013611032056e-06,-1.084652013808062084e-06,-1.084652015123853229e-06,-1.084652015156738436e-06
4.499718767577026452e-04,0.000000000000000000e+00,8.455293265560381529e-05,7.343144139766555171e-05,0.000000000000000000e+00,6.227564950976481259e-03,4.148881131376810704e-06,4.148881131173726085e-06,4.148881130595897149e-06,4.148881130559989728e-06
4.549715642772326650e-04,0.000000000000000000e+00,8.553208885432842955e-05,7.323285172650747122e-05,0.000000000000000000e+00,6.227557772270053346e-03,9.391492700181172708e-06,9.391492699972927964e-06,9.391492699139471261e-06,9.391492699101080339e-06
4.599712517967626847e-04,0.000000000000000000e+00,8.645090965385907468e-05,7.303450727469602312e-05,0.000000000000000000e+00,6.227553154823936912e-03,1.388846960750611707e-05,1.388846960729328819e-05,1.388846960745211703e-05,1.388846960741227260e-05
4.649709393162927045e-04,0.000000000000000000e+00,8.727897047811574338e-05,7.283640804223119386e-05,0.000000000000000000e+00,6.227553154020132840e-03,1.696547448274540254e-05,1.696547448252856550e-05,1.696547448289593046e-05,1.696547448285550328e-05
4.699706268358227784e-04,0.000000000000000000e+00,8.799118483577307570e-05,7.263855402911298343e-05,0.000000000000000000e+00,6.227558034312377817e-03,1.834037420254269486e-05,1.834037420232272379e-05,1.834037420438913520e-05,1.834037420434875206e-05
4.749703143553527982e-04,0.000000000000000000e+00,8.856845787036561482e-05,7.244094523534139185e-05,0.000000000000000000e+00,6.227565387184908277e-03,1.825915221964117771e-05,1.825915221941847242e-05,1.825915222042225050e-05,1.825915222038280587e-05
4.799700018748828179e-04,0.000000000000000000e+00,8.898961778746292161e-05,7.224358166091643266e-05,0.000000000000000000e+00,6.227571240827975071e-03,1.739231847088773520e-05,1.739231847066302752e-05,1.739231847138573975e-05,1.739231847134779606e-05
4.849696893944128377e-04,0.000000000000000000e+00,8.922809770980096413e-05,7.204646330583810586e-05,0.000000000000000000e+00,6.227572460383852364e-03,1.665920030162435119e-05,1.665920030139891167e-05,1.665920030194657607e-05,1.665920030191003846e-05
4.899693769139429117e-04,0.000000000000000000e+00,8.925343319257474160e-05,7.184959017010638434e-05,0.000000000000000000e+00,6.227568722310153695e-03,1.699691814300012294e-05,1.699691814277478507e-05,1.699691814175206055e-05,1.699691814171728138e-05
4.949690644334729314e-04,0.000000000000000000e+00,8.904080461760399104e-05,7.165296225372129522e-05,0.000000000000000000e+00,6.227562554348964156e-03,1.902744036993175608e-05,1.902744036970726863e-05,1.902744037013979415e-05,1.902744037010706480e-05
4.999687519530029512e-04,0.000000000000000000e+00,8.857783593589540409e-05,7.145657955668283849e-05,0.000000000000000000e+00,6.227557380974430706e-03,2.284164601259114558e-05,2.284164601236863680e-05,2.284164601157738606e-05,2.284164601154660488e-05
5.049684394725329709e-04,0.000000000000000000e+00,8.787575980384598751e-05,7.126044207899098705e-05,0.000000000000000000e+00,6.227555649831413576e-03,2.800489395313803475e-05,2.800489395291818904e-05,2.800489395281477309e-05,2.800489395278619081e-05
5.099681269920629907e-04,0.000000000000000000e+00,8.697257869584759627e-05,7.106454982064576800e-05,0.000000000000000000e+00,6.227558083210639993e-03,3.365466992653923071e-05,3.365466992632253258e-05,3.365466992627637267e-05,3.365466992625037215e-05
5.149678145115930104e-04,0.000000000000000000e+00,8.592812112513606578e-05,7.086890278164718134e-05,0.000000000000000000e+00,6.227563697657986265e-03,3.872243327783530826e-05,3.872243327762265556e-05,3.872243327678716936e-05,3.872243327676362185e-05
5.199675020311230302e-04,0.000000000000000000e+00,8.481318450787519460e-05,7.067350096199521352e-05,0.000000000000000000e+00,6.227570233467634095e-03,4.230382374596574442e-05,4.230382374575779444e-05,4.230382374543960821e-05,4.230382374541852048e-05
5.249671895506530499e-04,0.000000000000000000e+00,8.370304514671426965e-05,7.047834436168985098e-05,0.000000000000000000e+00,6.227574709673204360e-03,4.390049290618418091e-05,4.390049290598158419e-05,4.390049290424039615e-05,4.390049290422170722e-05
5.299668770701830697e-04,0.000000000000000000e+00,8.266863344321757250e-05,7.028343298073112084e-05,0.000000000000000000e+00,6.227574830632312541e-03,4.342746292910045153e-05,4.342746292890407541e-05,4.342746292734699846e-05,4.342746292733026787e-05
5.349665645897130895e-04,0.000000000000000000e+00,8.176724448850404559e-05,7.008876681911902309e-05,0.000000000000000000e+00,6.227570701676106955e-03,4.116222875265529652e-05,4.116222875246617100e-05,4.116222875092207060e-05,4.116222875090658683e-05
5.399662521092431092e-04,0.000000000000000000e+00,8.103647727741028961e-05,6.989434587685354418e-05,0.000000000000000000e+00,6.227564760748951350e-03,3.761509112604018352e-05,3.761509112585960965e-05,3.761509112596545489e-05,3.761509112595037770e-05
5.449659396287732374e-04,0.000000000000000000e+00,8.049281243570005563e-05,6.970017015393468410e-05,0.000000000000000000e+00,6.227559778345838001e-03,3.330835881924937845e-05,3.330835881907841332e-05,3.330835881955488629e-05,3.330835881953934832e-05
5.499656271483032571e-04,0.000000000000000000e+00,8.013236346302241302e-05,6.950623965036245642e-05,0.000000000000000000e+00,6.227556891056895347e-03,2.866977044532187228e-05,2.866977044516158654e-05,2.866977044599900736e-05,2.866977044598219545e-05
5.549653146678332769e-04,0.000000000000000000e+00,7.993489136791693422e-05,6.931255436613684758e-05,0.000000000000000000e+00,6.227555425729164665e-03,2.406549476219552535e-05,2.406549476204705403e-05,2.406549476407849654e-05,2.406549476405952639e-05
5.599650021873632966e-04,0.000000000000000000e+00,7.987158266795023310e-05,6.911911430125785758e-05,0.000000000000000000e+00,6.227554495171385394e-03,1.977492964808044457e-05,1.977492964794452289e-05,1.977492964826454888e-05,1.977492964824299358e-05
5.649646897068933164e-04,0.000000000000000000e+00,7.990683702189545603e-05,6.892591945572549997e-05,0.000000000000000000e+00,6.227554291713911436e-03,1.596552773393343410e-05,1.596552773381090232e-05,1.596552773422665997e-05,1.596552773420192661e-05
5.699643772264233361e-04,0.000000000000000000e+00,7.999638677808095562e-05,6.873296982953976120e-05,0.000000000000000000e+00,6.227555698217477828e-03,1.274808501066014319e-05,1.274808501055208550e-05,1.274808500986039162e-05,1.274808500983170092e-05
5.749640647459533559e-04,0.000000000000000000e+00,8.008612282744978169e-05,6.854026542270065482e-05,0.000000000000000000e+00,6.227559355952631652e-03,1.017025828693877884e-05,1.017025828684567975e-05,1.017025828545977122e-05,1.017025828542698765e-05
5.799637522654833757e-04,0.000000000000000000e+00,8.011776574287732895e-05,6.834780623520815372e-05,0.000000000000000000e+00,6.227564886938491071e-03,8.118284781195965743e-06,8.118284781118221671e-06,8.118284779608639552e-06,8.118284779571797007e-06
5.849634397850133954e-04,0.000000000000000000e+00,8.003304377009896593e-05,6.815559226706228502e-05,0.000000000000000000e+00,6.227570657872535075e-03,6.333898379618433771e-06,6.333898379556837535e-06,6.333898378679406270e-06,6.333898378638071062e-06
5.899631273045434152e-04,0.000000000000000000e+00,7.978289873530324959e-05,6.796362351826304871e-05,0.000000000000000000e+00,6.227574538832993459e-03,4.514346985171624753e-06,4.514346985126379641e-06,4.514346985644818015e-06,4.514346985599322181e-06
5.949628148240734349e-04,0.000000000000000000e+00,7.933607833825943693e-05,6.777189998881043124e-05,0.000000000000000000e+00,6.227574960686133553e-03,2.378083041292114496e-06,2.378083041263227284e-06,2.378083040688647566e-06,2.378083040639180842e-06
5.999625023436035631e-04,0.000000000000000000e+00,7.868806921742987274e-05,6.758042167870443261e-05,0.000000000000000000e+00,6.227571807516497568e-03,-2.596397970293465871e-07,-2.596397970412728110e-07,-2.596397963958946916e-07,-2.596397964495288178e-07
6.049621898631335828e-04,0.000000000000000000e+00,7.786304694548590647e-05,6.738918858794506637e-05,0.000000000000000000e+00,6.227566403977894890e-03,-3.402966453189611325e-06,-3.402966453184529127e-06,-3.402966452754785267e-06,-3.402966452812566467e-06
6.099618773826636026e-04,0.000000000000000000e+00,7.691849413531701238e-05,6.719820071653231897e-05,0.000000000000000000e+00,6.227560502116952224e-03,-6.948861328667686407e-06,-6.948861328645731313e-06,-6.948861328806457509e-06,-6.948861328868257033e-06
6.149615649021936224e-04,0.000000000000000000e+00,7.594198023955393904e-05,6.700745806446619041e-05,0.000000000000000000e+00,6.227555531285108859e-03,-1.079127411134027359e-05,-1.079127411130135412e-05,-1.079127411116931524e-05,-1.079127411123547868e-05
6.199612524217236421e-04,0.000000000000000000e+00,7.504085048843732572e-05,6.681696063174669424e-05,0.000000000000000000e+00,6.227552547056196264e-03,-1.480643140647590802e-05,-1.480643140642014615e-05,-1.480643140646583172e-05,-1.480643140653662673e-05
6.249609399412536619e-04,0.000000000000000000e+00,7.432257257828975131e-05,6.662670841837381691e-05,0.000000000000000000e+00,6.227552264997886396e-03,-1.883078829483509600e-05,-1.883078829476287798e-05,-1.883078829393941287e-05,-1.883078829401516134e-05
6.299606274607836816e-04,0.000000000000000000e+00,7.388014937123908244e-05,6.643670142434755842e-05,0.000000000000000000e+00,6.227554813047081646e-03,-2.274033938810785010e-05,-2.274033938801923690e-05,-2.274033938793566863e-05,-2.274033938801706510e-05
6.349603149803137014e-04,0.000000000000000000e+00,7.377799645219297034e-05,6.624693964966791877e-05,0.000000000000000000e+00,6.227559418065499452e-03,-2.649682788615379141e-05,-2.649682788604912185e-05,-2.649682788472766914e-05,-2.649682788481555389e-05
6.399600024998437211e-04,0.000000000000000000e+00,7.404523730646552090e-05,6.605742309433491151e-05,0.000000000000000000e+00,6.227564575647146806e-03,-3.016309496446135940e-05,-3.016309496434098925e-05,-3.016309496334774147e-05,-3.016309496344292765e-05
6.449596900193737409e-04,0.000000000000000000e+00,7.467474487926330185e-05,6.586815175834852308e-05,0.000000000000000000e+00,6.227569025539379279e-03,-3.393357724400932146e-05,-3.393357724387398593e-05,-3.393357724488642747e-05,-3.393357724498963674e-05
6.499593775389037606e-04,0.000000000000000000e+00,7.562890496522443613e-05,6.567912564170876705e-05,0.000000000000000000e+00,6.227572194330650325e-03,-3.810993983058346492e-05,-3.810993983043425159e-05,-3.810993983158729383e-05,-3.810993983169898698e-05
6.549590650584338888e-04,0.000000000000000000e+00,7.684246744376827041e-05,6.549034474441562986e-05,0.000000000000000000e+00,6.227573605482190564e-03,-4.297107150430974902e-05,-4.297107150414772856e-05,-4.297107150579164333e-05,-4.297107150591247766e-05
6.599587525779639086e-04,0.000000000000000000e+00,7.823063704605048841e-05,6.530180906646911151e-05,0.000000000000000000e+00,6.227572539870171800e-03,-4.867654362260874035e-05,-4.867654362243526122e-05,-4.867654362485046386e-05,-4.867654362498081207e-05
6.649584400974939283e-04,0.000000000000000000e+00,7.970175474026667769e-05,6.511351860786922555e-05,0.000000000000000000e+00,6.227568489113755740e-03,-5.522826448453327391e-05,-5.522826448434995565e-05,-5.522826448691968421e-05,-5.522826448705989865e-05
6.699581276170239481e-04,0.000000000000000000e+00,8.116944322259495958e-05,6.492547336861594488e-05,0.000000000000000000e+00,6.227562280215780989e-03,-6.241355165152385933e-05,-6.241355165133175226e-05,-6.241355165124914961e-05,-6.241355165140002989e-05
6.749578151365539678e-04,0.000000000000000000e+00,8.255895153899923749e-05,6.473767334870931015e-05,0.000000000000000000e+00,6.227556252062206588e-03,-6.975075982634039743e-05,-6.975075982614053832e-05,-6.975075982573018135e-05,-6.975075982589252707e-05
6.799575026560839876e-04,0.000000000000000000e+00,8.381298390704209299e-05,6.455011854814929426e-05,0.000000000000000000e+00,6.227552749647746570e-03,-7.655960138536934269e-05,-7.655960138516320875e-05,-7.655960138401899599e-05,-7.655960138419325438e-05
6.849571901756140073e-04,0.000000000000000000e+00,8.489632654364196124e-05,6.436280896693589721e-05,0.000000000000000000e+00,6.227552810947849585e-03,-8.208660751887584964e-05,-8.208660751866401009e-05,-8.208660751548910021e-05,-8.208660751567647745e-05
6.899568776951440271e-04,0.000000000000000000e+00,8.579677543388390941e-05,6.417574460506911900e-05,0.000000000000000000e+00,6.227556167826912500e-03,-8.561693486644696594e-05,-8.561693486623009840e-05,-8.561693486471691809e-05,-8.561693486491853903e-05
6.949565652146740468e-04,0.000000000000000000e+00,8.652636324762610204e-05,6.398892546254897318e-05,0.000000000000000000e+00,6.227561947250111196e-03,-8.664137656344007008e-05,-8.664137656321915034e-05,-8.664137656232731273e-05,-8.664137656254423448e-05
6.999562527342040666e-04,0.000000000000000000e+00,8.712070271928137107e-05,6.380235153937544620e-05,0.000000000000000000e+00,6.227568805623849915e-03,-8.503157121735812902e-05,-8.503157121713349588e-05,-8.503157121688853395e-05,-8.503157121712201689e-05
7.049559402537340863e-04,0.000000000000000000e+00,8.763264750261777068e-05,6.361602283554855161e-05,0.000000000000000000e+00,6.227574465776145561e-03,-8.103071622491627736e-05,-8.103071622468821544e-05,-8.103071622433229897e-05,-8.103071622458387453e-05
7.099556277732641061e-04,0.000000000000000000e+00,8.811911647438757679e-05,6.342993935106827586e-05,0.000000000000000000e+00,6.227576180006459683e-03,-7.509945918247425058e-05,-7.509945918224358657e-05,-7.509945918195742496e-05,-7.509945918222793340e-05
7.149553152927942343e-04,0.000000000000000000e+00,8.863369584102798963e-05,6.324410108593461895e-05,0.000000000000000000e+00,6.227572611738665595e-03,-6.777710160229530106e-05,-6.777710160206290232e-05,-6.777710160188726157e-05,-6.777710160217743473e-05
7.199550028123242540e-04,0.000000000000000000e+00,8.922155772470308232e-05,6.305850804014758088e-05,0.000000000000000000e+00,6.227565242457790834e-03,-5.953147078116837214e-05,-5.953147078093528222e-05,-5.953147077891207288e-05,-5.953147077922244608e-05
7.249546903318542738e-04,0.000000000000000000e+00,8.991669274102136373e-05,6.287316021370716165e-05,0.000000000000000000e+00,6.227557630103046880e-03,-5.062864293856304967e-05,-5.062864293833069159e-05,-5.062864293674872542e-05,-5.062864293707916314e-05
7.299543778513842935e-04,0.000000000000000000e+00,9.073877833415215904e-05,6.268805760661338836e-05,0.000000000000000000e+00,6.227553188619108435e-03,-4.119406121200879509e-05,-4.119406121177899167e-05,-4.119406121147048871e-05,-4.119406121182061825e-05
7.349540653709143133e-04,0.000000000000000000e+00,9.169565175427707589e-05,6.250320021886622036e-05,0.000000000000000000e+00,6.227553356142664226e-03,-3.142574826478061311e-05,-3.142574826455494998e-05,-3.142574826485902803e-05,-3.142574826522842249e-05
7.399537528904443330e-04,0.000000000000000000e+00,9.278181674930405817e-05,6.231858805046568475e-05,0.000000000000000000e+00,6.227557496497160977e-03,-2.173351966513817482e-05,-2.173351966491817664e-05,-2.173351966560446984e-05,-2.173351966599271586e-05
7.449534404099743528e-04,0.000000000000000000e+00,9.398066715752313326e-05,6.213422110141176798e-05,0.000000000000000000e+00,6.227563778902677795e-03,-1.279417609404164621e-05,-1.279417609382876481e-05,-1.279417609625494839e-05,-1.279417609666168344e-05
7.499531279295043725e-04,0.000000000000000000e+00,9.526946164965066188e-05,6.195009937170447005e-05,0.000000000000000000e+00,6.227569770068783553e-03,-5.516310728908772307e-06,-5.516310728704535723e-06,-5.516310730382917955e-06,-5.516310730807640604e-06
7.549528154490343923e-04,0.000000000000000000e+00,9.662715159524560172e-05,6.176622286134380452e-05,0.000000000000000000e+00,6.227572996762806637e-03,-7.766501278461746319e-07,-7.766501276517602417e-07,-7.766501269300475131e-07,-7.766501273724291045e-07
7.599525029685644121e-04,0.000000000000000000e+00,9.803347492700397532e-05,6.158259157032975782e-05,0.000000000000000000e+00,6.227571936741141574e-03,9.734129985169694089e-07,9.734129987004672385e-07,9.734129987383668807e-07,9.734129982785262461e-07
7.649521904880944318e-04,0.000000000000000000e+00,9.946874757407073934e-05,6.139920549866234351e-05,0.000000000000000000e+00,6.227566966428640591e-03,-1.418129807039946334e-07,-1.418129805327347358e-07,-1.418129792257290169e-07,-1.418129797024256071e-07
7.699518780076245600e-04,0.000000000000000000e+00,1.009121883541556490e-04,6.121606464634154804e-05,0.000000000000000000e+00,6.227560410918715761e-03,-3.493432812768350679e-06,-3.493432812610141865e-06,-3.493432810408344093e-06,-3.493432810901822100e-06
7.749515655271545797e-04,0.000000000000000000e+00,1.023405239075133460e-04,6.103316901336736463e-05,0.000000000000000000e+00,6.227555404874247046e-03,-8.081575992282979303e-06,-8.081575992138085847e-06,-8.081575990941853403e-06,-8.081575991452637987e-06
7.799512530466845995e-04,0.000000000000000000e+00,1.037226690205466246e-04,6.085051859973982039e-05,0.000000000000000000e+00,6.227554198585184483e-03,-1.278220072380297492e-05,-1.278220072367197280e-05,-1.278220072391699402e-05,-1.278220072444499540e-05
7.849509405662146192e-04,0.000000000000000000e+00,1.050182843159444481e-04,6.066811340545888822e-05,0.000000000000000000e+00,6.227557104749837161e-03,-1.666507583204780517e-05,-1.666507583193108742e-05,-1.666507583263096025e-05,-1.666507583317629700e-05
7.899506280857446390e-04,0.000000000000000000e+00,1.061740454136316533e-04,6.048595343052458166e-05,0.000000000000000000e+00,6.227562495387668241e-03,-1.908873262039940911e-05,-1.908873262029699266e-05,-1.908873261983330650e-05,-1.908873262039638690e-05
7.949503156052746588e-04,0.000000000000000000e+00,1.071203386225356828e-04,6.030403867493690749e-05,0.000000000000000000e+00,6.227567668556878086e-03,-1.969092673343376314e-05,-1.969092673334637306e-05,-1.969092673317589920e-05,-1.969092673375616421e-05
7.999500031248046785e-04,0.000000000000000000e+00,1.077737053878411008e-04,6.012236913869584539e-05,0.000000000000000000e+00,6.227570289608770106e-03,-1.843032337883297671e-05,-1.843032337876185643e-05,-1.843032337726605385e-05,-1.843032337786235488e-05
8.049496906443346983e-04,0.000000000000000000e+00,1.080492809041249205e-04,5.994094482180141567e-05,0.000000000000000000e+00,6.227569379783111717e-03,-1.553096014590829100e-05,-1.553096014585409444e-05,-1.553096014222648272e-05,-1.553096014283793886e-05
8.099493781638647180e-04,0.000000000000000000e+00,1.078733143566729374e-04,5.975976572425360480e-05,0.000000000000000000e+00,6.227565553577209256e-03,-1.129515295029027192e-05,-1.129515295025425269e-05,-1.129515294683292060e-05,-1.129515294745794960e-05
8.149490656833947378e-04,0.000000000000000000e+00,1.071940858035571209e-04,5.957883184605241954e-05,0.000000000000000000e+00,6.227560829099889478e-03,-6.076750166892487973e-06,-6.076750166876064004e-06,-6.076750164805970538e-06,-6.076750165442476835e-06
8.199487532029247575e-04,0.000000000000000000e+00,1.059929681606375002e-04,5.939814318719785990e-05,0.000000000000000000e+00,6.227557796506703360e-03,-3.174674293895481637e-07,-3.174674293933962344e-07,-3.174674272403706196e-07,-3.174674278868168476e-07
8.249484407224548857e-04,0.000000000000000000e+00,1.042904984010619367e-04,5.921769974768991232e-05,0.000000000000000000e+00,6.227558266462377562e-03,5.511818298851278692e-06,5.511818298826647821e-06,5.511818299966186656e-06,5.511818299311396306e-06
8.299481282419849055e-04,0.000000000000000000e+00,1.021450495455234375e-04,5.903750152752859713e-05,0.000000000000000000e+00,6.227561963790293614e-03,1.094607911635070992e-05,1.094607911630479057e-05,1.094607911452283146e-05,1.094607911386143086e-05
8.349478157615149252e-04,0.000000000000000000e+00,9.964769615110257383e-05,5.885754852671390755e-05,0.000000000000000000e+00,6.227566430476363241e-03,1.548084971195822602e-05,1.548084971189144594e-05,1.548084971099146327e-05,1.548084971032456374e-05
8.399475032810449450e-04,0.000000000000000000e+00,9.691498592408927791e-05,5.867784074524583682e-05,0.000000000000000000e+00,6.227568997871761082e-03,1.871227529872157672e-05,1.871227529863473213e-05,1.871227529904511959e-05,1.871227529837363930e-05
8.449471908005749647e-04,0.000000000000000000e+00,9.407344081882057930e-05,5.849837818312439170e-05,0.000000000000000000e+00,6.227568972426217840e-03,2.053722219412751435e-05,2.053722219402150987e-05,2.053722219371210907e-05,2.053722219303703736e-05
8.499468783201049845e-04,0.000000000000000000e+00,9.124441048938081785e-05,5.831916084034957220e-05,0.000000000000000000e+00,6.227567692111926623e-03,2.118098827738338477e-05,2.118098827725961293e-05,2.118098827719174865e-05,2.118098827651379703e-05
8.549465658396350042e-04,0.000000000000000000e+00,8.853394094236776476e-05,5.814018871692137153e-05,0.000000000000000000e+00,6.227566922004191229e-03,2.113066208503164555e-05,2.113066208489167505e-05,2.113066208624218777e-05,2.113066208556214567e-05
8.599462533591650240e-04,0.000000000000000000e+00,8.602879027480539074e-05,5.796146181283980326e-05,0.000000000000000000e+00,6.227567214387595175e-03,2.109609327646010246e-05,2.109609327630595263e-05,2.109609327709828080e-05,2.109609327641661917e-05
8.649459408786950437e-04,0.000000000000000000e+00,8.379154016078796321e-05,5.778298012810484705e-05,0.000000000000000000e+00,6.227567589539266188e-03,2.180972489244745345e-05,2.180972489228117411e-05,2.180972489138618893e-05,2.180972489070365656e-05
8.699456283982250635e-04,0.000000000000000000e+00,8.186170017339833987e-05,5.760474366271652323e-05,0.000000000000000000e+00,6.227566545540617372e-03,2.378412508183255089e-05,2.378412508165606649e-05,2.378412508211086898e-05,2.378412508142836371e-05
8.749453159177550832e-04,0.000000000000000000e+00,8.025588710060701212e-05,5.742675241667481826e-05,0.000000000000000000e+00,6.227563141174962541e-03,2.723827956082000172e-05,2.723827956063573817e-05,2.723827956132835701e-05,2.723827956064651243e-05
8.799450034372851030e-04,0.000000000000000000e+00,7.896661740055883514e-05,5.724900638997973212e-05,0.000000000000000000e+00,6.227557979304223536e-03,3.208466651567288744e-05,3.208466651548292844e-05,3.208466651512503331e-05,3.208466651444484552e-05
8.849446909568152312e-04,0.000000000000000000e+00,7.795991781873856240e-05,5.707150558263127837e-05,0.000000000000000000e+00,6.227553488578931040e-03,3.787026064515084983e-05,3.787026064495658113e-05,3.787026064613146326e-05,3.787026064545473815e-05
8.899443784763452509e-04,0.000000000000000000e+00,7.718101571166892318e-05,5.689424999462944346e-05,0.000000000000000000e+00,6.227552505286094997e-03,4.388406755229671196e-05,4.388406755210007157e-05,4.388406755486038932e-05,4.388406755418852278e-05
8.949440659958752707e-04,0.000000000000000000e+00,7.655842236631960713e-05,5.671723962597423417e-05,0.000000000000000000e+00,6.227556188017656542e-03,4.935525550025920548e-05,4.935525550006172483e-05,4.935525550165034529e-05,4.935525550098500430e-05
8.999437535154052904e-04,0.000000000000000000e+00,7.600913965394645784e-05,5.654047447666565049e-05,0.000000000000000000e+00,6.227562939136978108e-03,5.353128866463332039e-05,5.353128866443583296e-05,5.353128866518532837e-05,5.353128866452892527e-05
9.049434410349353102e-04,0.000000000000000000e+00,7.544638644442834649e-05,5.636395454670368565e-05,0.000000000000000000e+00,6.227569339870226220e-03,5.572122675150524454e-05,5.572122675130942407e-05,5.572122675307661263e-05,5.572122675243074662e-05
9.099431285544653299e-04,0.000000000000000000e+00,7.479235069811666307e-05,5.618767983608834643e-05,0.000000000000000000e+00,6.227572417867550253e-03,5.545285115484590156e-05,5.545285115465322528e-05,5.545285115544939560e-05,5.545285115481560489e-05
9.149428160739953497e-04,0.000000000000000000e+00,7.398811565748971309e-05,5.601165034481963282e-05,0.000000000000000000e+00,6.227571074053354049e-03,5.260702592765358521e-05,5.260702592746494758e-05,5.260702592653470212e-05,5.260702592591499926e-05
9.199425035935253694e-04,0.000000000000000000e+00,7.300461567636574577e-05,5.583586607289753805e-05,0.000000000000000000e+00,6.227566067295501988e-03,4.747438196434174059e-05,4.747438196415882213e-05,4.747438196357876719e-05,4.747438196297427027e-05
9.249421911130553892e-04,0.000000000000000000e+00,7.184929166462959141e-05,5.566032702032206890e-05,0.000000000000000000e+00,6.227559526075689654e-03,4.077135293308226137e-05,4.077135293290683069e-05,4.077135293338724745e-05,4.077135293279897968e-05
9.299418786325854090e-04,0.000000000000000000e+00,7.056389941764190817e-05,5.548503318709322536e-05,0.000000000000000000e+00,6.227554122826531660e-03,3.351586740597177700e-05,3.351586740580505381e-05,3.351586740544204259e-05,3.351586740487118982e-05
9.349415661521154287e-04,0.000000000000000000e+00,6.921311367910004469e-05,5.530998457321100066e-05,0.000000000000000000e+00,6.227551985295197434e-03,2.671674561432194877e-05,2.671674561416530189e-05,2.671674561420896474e-05,2.671674561365648920e-05
9.399412536716455569e-04,0.000000000000000000e+00,6.787254690704646850e-05,5.513518117867540158e-05,0.000000000000000000e+00,6.227553740138844565e-03,2.109961361809921935e-05,2.109961361795374652e-05,2.109961362016451946e-05,2.109961361963179333e-05
9.449409411911755766e-04,0.000000000000000000e+00,6.661679877596563286e-05,5.496062300348642811e-05,0.000000000000000000e+00,6.227558093562896371e-03,1.703788777407843935e-05,1.703788777394456410e-05,1.703788777482598998e-05,1.703788777431484964e-05
9.499406287107055964e-04,0.000000000000000000e+00,6.550669313630394725e-05,5.478631004764408026e-05,0.000000000000000000e+00,6.227562939240592274e-03,1.457569152431942058e-05,1.457569152419737330e-05,1.457569152405943907e-05,1.457569152357192417e-05
9.549403162302356161e-04,0.000000000000000000e+00,6.457940128200031062e-05,5.461224231114835125e-05,0.000000000000000000e+00,6.227566985438125549e-03,1.348488097865469345e-05,1.348488097854431150e-05,1.348488097957767815e-05,1.348488097911620274e-05
9.599400037497656359e-04,0.000000000000000000e+00,6.384305453429121836e-05,5.443841979399924785e-05,0.000000000000000000e+00,6.227570072118296558e-03,1.340211797103145377e-05,1.340211797093247458e-05,1.340211797083172679e-05,1.340211797039864901e-05
9.649396912692956556e-04,0.000000000000000000e+00,6.327596626967907714e-05,5.426484249619676329e-05,0.000000000000000000e+00,6.227572409368930910e-03,1.397607005368648421e-05,1.397607005359889423e-05,1.397607005143847401e-05,1.397607005103597412e-05
9.699393787888256754e-04,0.000000000000000000e+00,6.282990955163826141e-05,5.409151041774090435e-05,0.000000000000000000e+00,6.227573603166928866e-03,1.491292757330281168e-05,1.491292757322618061e-05,1.491292757164594239e-05,1.491292757127642596e-05
9.749390663083556952e-04,0.000000000000000000e+00,6.244134828264361807e-05,5.391842355863167102e-05,0.000000000000000000e+00,6.227572836684921662e-03,1.602145547880007715e-05,1.602145547873414750e-05,1.602145547834639275e-05,1.602145547801194349e-05
9.799387538278858233e-04,0.000000000000000000e+00,6.204247273904037771e-05,5.374558191886905653e-05,0.000000000000000000e+00,6.227570038236619580e-03,1.728323181850950131e-05,1.728323181845453226e-05,1.728323181780136482e-05,1.728323181750349722e-05
9.849384413474157347e-04,0.000000000000000000e+00,6.156988271008214525e-05,5.357298549845307444e-05,0.000000000000000000e+00,6.227566213241329460e-03,1.883785828544420088e-05,1.883785828539998915e-05,1.883785828508369349e-05,1.883785828482406773e-05
9.899381288669458628e-04,0.000000000000000000e+00,6.096886262463675695e-05,5.340063429738371118e-05,0.000000000000000000e+00,6.227562624399286470e-03,2.086986732156179567e-05,2.086986732152847340e-05,2.086986732224225112e-05,2.086986732202183959e-05
9.949378163864757742e-04,0.000000000000000000e+00,6.019948281512261672e-05,5.322852831566096676e-05,0.000000000000000000e+00,6.227559785906581699e-03,2.355743307932532608e-05,2.355743307930358444e-05,2.355743308018428864e-05,2.355743308000308458e-05
9.999375039060059023e-04,0.000000000000000000e+00,5.923991055590058360e-05,5.305666755328485474e-05,0.000000000000000000e+00,6.227557480049933716e-03,2.704357848725504854e-05,2.704357848724534832e-05,2.704357848662971122e-05,2.704357848648768751e-05
1.004937191425535814e-03,0.000000000000000000e+00,5.809095394420939987e-05,5.288505201025536155e-05,0.000000000000000000e+00,6.227555855423774420e-03,3.135739009071867705e-05,3.135739009072146209e-05,3.135739009016048234e-05,3.135739009005709011e-05
1.009936878945065942e-03,0.000000000000000000e+00,5.677764008829552697e-05,5.271368168657249398e-05,0.000000000000000000e+00,6.227555933263100550e-03,3.634724548576634081e-05,3.634724548578259029e-05,3.634724548585907398e-05,3.634724548579274113e-05
1.014936566464595853e-03,0.000000000000000000e+00,5.535040847441714292e-05,5.254255658223624525e-05,0.000000000000000000e+00,6.227558418291656746e-03,4.171526222368127546e-05,4.171526222371180252e-05,4.171526222168891166e-05,4.171526222165788315e-05
1.019936253984125981e-03,0.000000000000000000e+00,5.388008966321704930e-05,5.237167669724662213e-05,0.000000000000000000e+00,6.227562402055779149e-03,4.701637234287118101e-05,4.701637234291633125e-05,4.701637234140587499e-05,4.701637234140832800e-05
1.024935941503656110e-03,0.000000000000000000e+00,5.245312474428308699e-05,5.220104203160362463e-05,0.000000000000000000e+00,6.227565757188676353e-03,5.166539027930983367e-05,5.166539027937004755e-05,5.166539028017083928e-05,5.166539028020461895e-05
1.029935629023186021e-03,6.020618742479665331e-01,5.116500055026914918e-05,5.203037125636512272e-05,8.653707060959735372e-07,6.227566729234040692e-03,5.507342890778582655e-05,5.507342890786089400e-05,5.507342890761621668e-05,5.507342890767935790e-05
1.034935316542716149e-03,1.713067960945489299e+00,5.011830385673390626e-05,5.185593596906825866e-05,1.737632112334352400e-06,6.227566268398807003e-03,5.679619690564578321e-05,5.679619690573473522e-05,5.679619690459164732e-05,5.679619690468274741e-05
1.039935004062246060e-03,2.549079322199814701e+00,4.940630181649030561e-05,5.167110433284012442e-05,2.264802516349818809e-06,6.227565486425013126e-03,5.652264659011398238e-05,5.652264659021526719e-05,5.652264659030546603e-05,5.652264659042346789e-05
1.044934691581776189e-03,2.743723588331233643e+00,4.909212679484403703e-05,5.147080125836140475e-05,2.378674463517367718e-06,6.227565089198427301e-03,5.410356681281821873e-05,5.410356681292983734e-05,5.410356681285249307e-05,5.410356681299642091e-05
1.049934379101306100e-03,2.204786351519558707e+00,4.919786810002464131e-05,5.125384917812445023e-05,2.055981078099808920e-06,6.227565063509461589e-03,4.965515378917697501e-05,4.965515378929649475e-05,4.965515378762717577e-05,4.965515378779647394e-05
1.054934066620836228e-03,1.131294031949994672e+00,4.970581381924744419e-05,5.102353978228659951e-05,1.317725963039155317e-06,6.227565201268482793e-03,4.353667839738531670e-05,4.353667839750995929e-05,4.353667839618488805e-05,4.353667839637929905e-05
1.059933754140366139e-03,7.596430593635523920e-02,5.056866526625368045e-05,5.078635994911633484e-05,2.176946828626543816e-07,6.227565549124909616e-03,3.623358373614326135e-05,3.623358373627020787e-05,3.623358373588524833e-05,3.623358373610441303e-05
1.064933441659896268e-03,0.000000000000000000e+00,5.173031309707996119e-05,5.054818852472882552e-05,0.000000000000000000e+00,6.227565693345964853e-03,2.830995938706615175e-05,2.830995938719267475e-05,2.830995938628369659e-05,2.830995938652718129e-05
1.069933129179426179e-03,0.000000000000000000e+00,5.314282372132059142e-05,5.031026082223443379e-05,0.000000000000000000e+00,6.227564778106900630e-03,2.031683300783051666e-05,2.031683300795378028e-05,2.031683300724061920e-05,2.031683300750807832e-05
1.074932816698956307e-03,0.000000000000000000e+00,5.476293108584780081e-05,5.007257833908666090e-05,0.000000000000000000e+00,6.227562990961756952e-03,1.269951020188360462e-05,1.269951020200066288e-05,1.269951020264898698e-05,1.269951020294021385e-05
1.079932504218486218e-03,0.000000000000000000e+00,5.655162139339712710e-05,4.983514107528551362e-05,0.000000000000000000e+00,6.227561135409026387e-03,5.895968044645649679e-06,5.895968044754024156e-06,5.895968044710149544e-06,5.895968045024377591e-06
1.084932191738016347e-03,0.000000000000000000e+00,5.847495188455226927e-05,4.959794903083099196e-05,0.000000000000000000e+00,6.227560361793177922e-03,4.668684934725771352e-07,4.668684935698385404e-07,4.668684914933542108e-07,4.668684918299430812e-07
1.089931879257546475e-03,0.000000000000000000e+00,6.049961900665244555e-05,4.936100220572308913e-05,0.000000000000000000e+00,6.227561189632903511e-03,-3.004317935819895413e-06,-3.004317935736415234e-06,-3.004317936909066281e-06,-3.004317936550557892e-06
1.094931566777076386e-03,0.000000000000000000e+00,6.258546971552045118e-05,4.912430059996181192e-05,0.000000000000000000e+00,6.227562891629480173e-03,-4.087124162390538506e-06,-4.087124162322858879e-06,-4.087124162787502191e-06,-4.087124162408161873e-06
1.099931254296606514e-03,0.000000000000000000e+00,6.468221047304008060e-05,4.888784421354716033e-05,0.000000000000000000e+00,6.227563919718656464e-03,-2.593339981130518768e-06,-2.593339981080508249e-06,-2.593339983527865954e-06,-2.593339983128803322e-06
1.104930941816136426e-03,0.000000000000000000e+00,6.672825821243692150e-05,4.865163304647912758e-05,0.000000000000000000e+00,6.227563226012088581e-03,1.307843395259297508e-06,1.307843395289221488e-06,1.307843393526337555e-06,1.307843393944583789e-06
1.109930629335666554e-03,0.000000000000000000e+00,6.865441753889032757e-05,4.841566709875772722e-05,0.000000000000000000e+00,6.227561230147231515e-03,7.031199554741908098e-06,7.031199554749665225e-06,7.031199554773122956e-06,7.031199555209749805e-06
1.114930316855196465e-03,0.000000000000000000e+00,7.039155946365698545e-05,4.817994637038293892e-05,0.000000000000000000e+00,6.227559472238565659e-03,1.372493380182884692e-05,1.372493380181275838e-05,1.372493380144895942e-05,1.372493380190283356e-05
1.119930004374726593e-03,0.000000000000000000e+00,7.188099803561530236e-05,4.794447086135477623e-05,0.000000000000000000e+00,6.227559353868435121e-03,2.045927970530127046e-05,2.045927970525897980e-05,2.045927970454064165e-05,2.045927970501140562e-05
1.124929691894256505e-03,0.000000000000000000e+00,7.307697159494630544e-05,4.770924057167324594e-05,0.000000000000000000e+00,6.227561060061482211e-03,2.629312450281108660e-05,2.629312450274067105e-05,2.629312450285139181e-05,2.629312450333822569e-05
1.129929379413786633e-03,0.000000000000000000e+00,7.394997627449233896e-05,4.747425550133832771e-05,0.000000000000000000e+00,6.227563698059921694e-03,3.039608550380057473e-05,3.039608550370084168e-05,3.039608550380456595e-05,3.039608550430598913e-05
1.134929066933316544e-03,0.000000000000000000e+00,7.449105151192839201e-05,4.723951565035004187e-05,0.000000000000000000e+00,6.227566157273389108e-03,3.217539280114846954e-05,3.217539280101793160e-05,3.217539279978374361e-05,3.217539280029847536e-05
1.139928754452846672e-03,0.000000000000000000e+00,7.471759498020932996e-05,4.700502101870837488e-05,0.000000000000000000e+00,6.227567591672574475e-03,3.124960721242630755e-05,3.124960721226382630e-05,3.124960721234377266e-05,3.124960721287013926e-05
1.144928441972376800e-03,0.000000000000000000e+00,7.467248181496225553e-05,4.677077160641333349e-05,0.000000000000000000e+00,6.227567376530531405e-03,2.739140492903917147e-05,2.739140492884433356e-05,2.739140492956337305e-05,2.739140493009890794e-05
1.149928129491906712e-03,0.000000000000000000e+00,7.442393161323642651e-05,4.653676741346491773e-05,0.000000000000000000e+00,6.227565177424073707e-03,2.059787169828743492e-05,2.059787169805977618e-05,2.059787169730513759e-05,2.059787169784726239e-05
1.154927817011436840e-03,0.000000000000000000e+00,7.405859213049557042e-05,4.630300843986312080e-05,0.000000000000000000e+00,6.227561503053276500e-03,1.111529231630933112e-05,1.111529231604881428e-05,1.111529231581449278e-05,1.111529231636017173e-05
1.159927504530966751e-03,0.000000000000000000e+00,7.367187823050452096e-05,4.606949468560794949e-05,0.000000000000000000e+00,6.227558081239418196e-03,-5.564478463436992931e-07,-5.564478466365389118e-07,-5.564478458675820735e-07,-5.564478453220589741e-07
1.164927192050496879e-03,0.000000000000000000e+00,7.335686771856984206e-05,4.583622615069940379e-05,0.000000000000000000e+00,6.227557161913138163e-03,-1.359444341644259564e-05,-1.359444341676699741e-05,-1.359444341600016493e-05,-1.359444341545871775e-05
1.169926879570026791e-03,0.000000000000000000e+00,7.320001886853419394e-05,4.560320283513747693e-05,0.000000000000000000e+00,6.227559881026811968e-03,-2.681480947901583494e-05,-2.681480947937057912e-05,-2.681480947969162154e-05,-2.681480947915859388e-05
1.174926567089556919e-03,0.000000000000000000e+00,7.327346318395911134e-05,4.537042473892217569e-05,0.000000000000000000e+00,6.227565258901259816e-03,-3.883643465385922932e-05,-3.883643465424311820e-05,-3.883643465409707617e-05,-3.883643465357669979e-05
1.179926254609086830e-03,0.000000000000000000e+00,7.362786417587241386e-05,4.513789186205350006e-05,0.000000000000000000e+00,6.227570841786542362e-03,-4.829431947988506077e-05,-4.829431948029711181e-05,-4.829431947987029530e-05,-4.829431947936635813e-05
1.184925942128616959e-03,0.000000000000000000e+00,7.428864286376771664e-05,4.490560420453144327e-05,0.000000000000000000e+00,6.227574269811843484e-03,-5.406097767122817587e-05,-5.406097767166738617e-05,-5.406097767205929815e-05,-5.406097767157535774e-05
1.189925629648146870e-03,0.000000000000000000e+00,7.525924296860327740e-05,4.467356176635601888e-05,0.000000000000000000e+00,6.227574350394372849e-03,-5.549396393684744857e-05,-5.549396393731360807e-05,-5.549396393789736285e-05,-5.549396393743588575e-05
1.194925317167676998e-03,0.000000000000000000e+00,7.652302074677300517e-05,4.444176454752720655e-05,0.000000000000000000e+00,6.227571002493230770e-03,-5.266385764250972512e-05,-5.266385764300313875e-05,-5.266385764360321755e-05,-5.266385764316573520e-05
1.199925004687207126e-03,0.000000000000000000e+00,7.804773075030310291e-05,4.421021254804502660e-05,0.000000000000000000e+00,6.227565045303083344e-03,-4.635642236947572659e-05,-4.635642236999636047e-05,-4.635642237001774636e-05,-4.635642236960566822e-05
1.204924692206737038e-03,0.000000000000000000e+00,7.978997887420726843e-05,4.397890576790947228e-05,0.000000000000000000e+00,6.227558342740955634e-03,-3.789369482765588579e-05,-3.789369482820428880e-05,-3.789369482897426885e-05,-3.789369482858800150e-05
1.209924379726267166e-03,0.000000000000000000e+00,8.169550087822364539e-05,4.374784420712053001e-05,0.000000000000000000e+00,6.227553413419541911e-03,-2.883467816706130097e-05,-2.883467816763820156e-05,-2.883467816668261287e-05,-2.883467816632179716e-05
1.214924067245797077e-03,0.000000000000000000e+00,8.369718109365077165e-05,4.351702786567822014e-05,0.000000000000000000e+00,6.227552174906143302e-03,-2.061674502306856801e-05,-2.061674502367392552e-05,-2.061674502200363753e-05,-2.061674502166834801e-05
1.219923754765327205e-03,0.000000000000000000e+00,8.571949831001729708e-05,4.328645674358252911e-05,0.000000000000000000e+00,6.227554830872893653e-03,-1.423491231947453007e-05,-1.423491232010809546e-05,-1.423491232013353525e-05,-1.423491231982355507e-05
1.224923442284857117e-03,0.000000000000000000e+00,8.768609006254334741e-05,4.305613084083346369e-05,0.000000000000000000e+00,6.227560003092287751e-03,-1.019484947419058400e-05,-1.019484947485196426e-05,-1.019484947364333634e-05,-1.019484947335821319e-05
1.229923129804387245e-03,0.000000000000000000e+00,8.952339448248568872e-05,4.282605015743102389e-05,0.000000000000000000e+00,6.227565905972169691e-03,-8.651284798216084658e-06,-8.651284798903973667e-06,-8.651284797612294162e-06,-8.651284797352275376e-06
1.234922817323917156e-03,0.000000000000000000e+00,9.116547531273333071e-05,4.259621469337520293e-05,0.000000000000000000e+00,6.227571163869577951e-03,-9.545398193963600589e-06,-9.545398194676597348e-06,-9.545398193606222142e-06,-9.545398193371419526e-06
1.239922504843447284e-03,0.000000000000000000e+00,9.255950095351779625e-05,4.236662444866600758e-05,0.000000000000000000e+00,6.227574582354488894e-03,-1.265917499684009680e-05,-1.265917499757696973e-05,-1.265917499736909937e-05,-1.265917499715914701e-05
1.244922192362977196e-03,0.000000000000000000e+00,9.366939407233056754e-05,4.213727942330343785e-05,0.000000000000000000e+00,6.227575000600005239e-03,-1.765789395337258051e-05,-1.765789395413173209e-05,-1.765789395341620609e-05,-1.765789395323100064e-05
1.249921879882507324e-03,0.000000000000000000e+00,9.447590717408149339e-05,4.190817961728748696e-05,0.000000000000000000e+00,6.227571965498814900e-03,-2.405264418459993574e-05,-2.405264418537985996e-05,-2.405264418356913730e-05,-2.405264418340824508e-05
1.254921567402037452e-03,0.000000000000000000e+00,9.498051943262279784e-05,4.167932503061816168e-05,0.000000000000000000e+00,6.227566416060312422e-03,-3.114543133946226343e-05,-3.114543134026117135e-05,-3.114543133935691286e-05,-3.114543133921999845e-05
1.259921254921567363e-03,0.000000000000000000e+00,9.520336460850494442e-05,4.145071566329546202e-05,0.000000000000000000e+00,6.227560479678284980e-03,-3.808358371017165662e-05,-3.808358371098733580e-05,-3.808358370985004838e-05,-3.808358370973718971e-05
1.264920942441097491e-03,0.000000000000000000e+00,9.517663850560904686e-05,4.122235151531938120e-05,0.000000000000000000e+00,6.227556226783880280e-03,-4.404035310001236912e-05,-4.404035310084250207e-05,-4.404035309980608610e-05,-4.404035309971708666e-05
1.269920629960627403e-03,0.000000000000000000e+00,9.493820328335597354e-05,4.099423258668992599e-05,0.000000000000000000e+00,6.227554519229058783e-03,-4.835619587189785956e-05,-4.835619587273960024e-05,-4.835619587181272936e-05,-4.835619587174774499e-05
1.274920317480157531e-03,0.000000000000000000e+00,9.453399311633141084e-05,4.076635887740709640e-05,0.000000000000000000e+00,6.227554961831241985e-03,-5.064606334047467971e-05,-5.064606334132518888e-05,-5.064606334178081129e-05,-5.064606334173972680e-05
1.279920004999687442e-03,0.000000000000000000e+00,9.401719476729573411e-05,4.053873038747089243e-05,0.000000000000000000e+00,6.227556488947002221e-03,-5.088294433136583553e-05,-5.088294433222278893e-05,-5.088294433118816190e-05,-5.088294433117029967e-05
1.284919692519217570e-03,0.000000000000000000e+00,9.344924634993218601e-05,4.031134711688130729e-05,0.000000000000000000e+00,6.227558185052291424e-03,-4.933176094767900612e-05,-4.933176094853982199e-05,-4.933176094711419778e-05,-4.933176094711883274e-05
1.289919380038747482e-03,0.000000000000000000e+00,9.289931769928999107e-05,4.008420906563834777e-05,0.000000000000000000e+00,6.227559935856027788e-03,-4.634511791629886086e-05,-4.634511791716074060e-05,-4.634511791794635350e-05,-4.634511791797271316e-05
1.294919067558277610e-03,0.000000000000000000e+00,9.244125437431974929e-05,3.985731623374201386e-05,0.000000000000000000e+00,6.227562255072035396e-03,-4.224914860313720949e-05,-4.224914860399776108e-05,-4.224914860213173395e-05,-4.224914860217867990e-05
1.299918755077807521e-03,0.000000000000000000e+00,9.214229866990674507e-05,3.963066862119229880e-05,0.000000000000000000e+00,6.227565489567625165e-03,-3.730024999024284709e-05,-3.730024999109874339e-05,-3.730024998920404588e-05,-3.730024998927113767e-05
1.304918442597337649e-03,0.000000000000000000e+00,9.205782206788803556e-05,3.940426622798920935e-05,0.000000000000000000e+00,6.227568960105379914e-03,-3.161179252077539795e-05,-3.161179252162266129e-05,-3.161179252057253017e-05,-3.161179252066003884e-05
1.309918130116867778e-03,0.000000000000000000e+00,9.222568613516886923e-05,3.917810905413273873e-05,0.000000000000000000e+00,6.227570938862590950e-03,-2.519358753346795019e-05,-2.519358753430239961e-05,-2.519358753348780464e-05,-2.519358753359612999e-05
1.314917817636397689e-03,0.000000000000000000e+00,9.265910888590095525e-05,3.895219709962290051e-05,0.000000000000000000e+00,6.227569997547840845e-03,-1.811983551592270423e-05,-1.811983551673962346e-05,-1.811983551536653223e-05,-1.811983551549689061e-05
1.319917505155927817e-03,0.000000000000000000e+00,9.333961818962212764e-05,3.872653036445968113e-05,0.000000000000000000e+00,6.227566271676730943e-03,-1.060642629520320489e-05,-1.060642629599741686e-05,-1.060642629395250992e-05,-1.060642629410660215e-05
1.324917192675457728e-03,0.000000000000000000e+00,9.422062958877014502e-05,3.850110884864308059e-05,0.000000000000000000e+00,6.227561453597730938e-03,-2.993302081375565966e-06,-2.993302082142791469e-06,-2.993302081286566520e-06,-2.993302081465348070e-06
1.329916880194987857e-03,0.000000000000000000e+00,9.523349154831449058e-05,3.827593255217311244e-05,0.000000000000000000e+00,6.227557968822715513e-03,4.253563964550916541e-06,4.253563963814275704e-06,4.253563966273374980e-06,4.253563966069504314e-06
1.334916567714517768e-03,0.000000000000000000e+00,9.629693752057532014e-05,3.805100147504976313e-05,0.000000000000000000e+00,6.227557711752238628e-03,1.064650956899747069e-05,1.064650956829458242e-05,1.064650957030603495e-05,1.064650957007697691e-05
1.339916255234047896e-03,0.000000000000000000e+00,9.732864436386601693e-05,3.782631561727303944e-05,0.000000000000000000e+00,6.227560933461653500e-03,1.586359838256960964e-05,1.586359838190252376e-05,1.586359838334681658e-05,1.586359838309361810e-05
1.344915942753577807e-03,0.000000000000000000e+00,9.825487784433595761e-05,3.760187497884293458e-05,0.000000000000000000e+00,6.227565868277127291e-03,1.981149243382488467e-05,1.981149243319497676e-05,1.981149243427258224e-05,1.981149243399682220e-05
1.349915630273107936e-03,0.000000000000000000e+00,9.901154491108052293e-05,3.737767955975945534e-05,0.000000000000000000e+00,6.227569413158425514e-03,2.255979818422182751e-05,2.255979818363033424e-05,2.255979818492170712e-05,2.255979818462512700e-05
1.354915317792637847e-03,0.000000000000000000e+00,9.954493719332993475e-05,3.715372936002260171e-05,0.000000000000000000e+00,6.227569162456945105e-03,2.430670767753108832e-05,2.430670767697882284e-05,2.430670767790245806e-05,2.430670767758710431e-05
1.359915005312167975e-03,0.000000000000000000e+00,9.981600501645297274e-05,3.693002437963236693e-05,0.000000000000000000e+00,6.227565247958220807e-03,2.528393522811435090e-05,2.528393522760161475e-05,2.528393522648546250e-05,2.528393522615399479e-05
1.364914692831697886e-03,0.000000000000000000e+00,9.980289740770570037e-05,3.670656461858875776e-05,0.000000000000000000e+00,6.227560114020028702e-03,2.562101040295669177e-05,2.562101040248339009e-05,2.562101040394379687e-05,2.562101040359915610e-05
1.369914380351228015e-03,0.000000000000000000e+00,9.950223896158115120e-05,3.648335007689178098e-05,0.000000000000000000e+00,6.227556755033570798e-03,2.536721371091551043e-05,2.536721371048110451e-05,2.536721371130445102e-05,2.536721371095007616e-05
1.374914067870758143e-03,0.000000000000000000e+00,9.893274326400806039e-05,3.626038075454141626e-05,0.000000000000000000e+00,6.227556817415466454e-03,2.464397860866002351e-05,2.464397860826353755e-05,2.464397860796079442e-05,2.464397860760046661e-05
1.379913755390288054e-03,0.000000000000000000e+00,9.813874978481035771e-05,3.603765665153767716e-05,0.000000000000000000e+00,6.227559846104503867e-03,2.368967315857508518e-05,2.368967315821550275e-05,2.368967315802472044e-05,2.368967315766220050e-05
1.384913442909818182e-03,0.000000000000000000e+00,9.718789720970806144e-05,3.581517776788057045e-05,0.000000000000000000e+00,6.227564069396927977e-03,2.284347991480410245e-05,2.284347991448074593e-05,2.284347991420282426e-05,2.284347991384133770e-05
1.389913130429348094e-03,0.000000000000000000e+00,9.616854863090220154e-05,3.559294410357007580e-05,0.000000000000000000e+00,6.227567543548136013e-03,2.250106420514467331e-05,2.250106420485738007e-05,2.250106420510137638e-05,2.250106420474356594e-05
1.394912817948878222e-03,0.000000000000000000e+00,9.518253753208465065e-05,3.537095565860621355e-05,0.000000000000000000e+00,6.227569088852359137e-03,2.295639396339351239e-05,2.295639396314253314e-05,2.295639396223542861e-05,2.295639396188320182e-05
1.399912505468408133e-03,0.000000000000000000e+00,9.433172150787414595e-05,3.514921243298896336e-05,0.000000000000000000e+00,6.227568754265149636e-03,2.424001111936529418e-05,2.424001111915125912e-05,2.424001112083039690e-05,2.424001112048520387e-05
1.404912192987938261e-03,0.000000000000000000e+00,9.369963683919421129e-05,3.492771442671834556e-05,0.000000000000000000e+00,6.227567218243029376e-03,2.616064295699562821e-05,2.616064295681961137e-05,2.616064295859568700e-05,2.616064295825816808e-05
1.409911880507468173e-03,0.000000000000000000e+00,9.334043849215844710e-05,3.470646163979435337e-05,0.000000000000000000e+00,6.227565068305078617e-03,2.843492731865349826e-05,2.843492731851673293e-05,2.843492732020443930e-05,2.843492731987495026e-05
1.414911568026998301e-03,0.000000000000000000e+00,9.327174070837787492e-05,3.448545407221697325e-05,0.000000000000000000e+00,6.227562661371651744e-03,3.081599652760364313e-05,3.081599652750710848e-05,3.081599653011954783e-05,3.081599652979839359e-05
1.419911255546528212e-03,0.000000000000000000e+00,9.347452396469082842e-05,3.426469172398622552e-05,0.000000000000000000e+00,6.227560287389053567e-03,3.324789758328732035e-05,3.324789758323248683e-05,3.324789758495526375e-05,3.324789758464209873e-05
1.424910943066058340e-03,0.000000000000000000e+00,9.389775021669085253e-05,3.404417459510210341e-05,0.000000000000000000e+00,6.227558568007419970e-03,3.593210673925989452e-05,3.593210673924776501e-05,3.593210674014406817e-05,3.593210673983858743e-05
1.429910630585588469e-03,0.000000000000000000e+00,9.446989410755369425e-05,3.382390268556460013e-05,0.000000000000000000e+00,6.227558373067010669e-03,3.920433301855926806e-05,3.920433301859031013e-05,3.920433301700124921e-05,3.920433301670340532e-05
1.434910318105118380e-03,0.000000000000000000e+00,9.510803135849950829e-05,3.360387599537372247e-05,0.000000000000000000e+00,6.227560164556982664e-03,4.336048048811144126e-05,4.336048048818613601e-05,4.336048048845046450e-05,4.336048048815997963e-05
1.439910005624648508e-03,0.000000000000000000e+00,9.572871068695147005e-05,3.338409452452946365e-05,0.000000000000000000e+00,6.227563633609349211e-03,4.853563195485814902e-05,4.853563195497646935e-05,4.853563195479286649e-05,4.853563195450953736e-05
1.444909693144178419e-03,0.000000000000000000e+00,9.625801943028116769e-05,3.316455827303183045e-05,0.000000000000000000e+00,6.227567664106481438e-03,5.459215255033725268e-05,5.459215255049810762e-05,5.459215254875751590e-05,5.459215254848162033e-05
1.449909380663708548e-03,0.000000000000000000e+00,9.663984077497196352e-05,3.294526724088082286e-05,0.000000000000000000e+00,6.227570689697635789e-03,6.106004646437150933e-05,6.106004646457425513e-05,6.106004646392984602e-05,6.106004646366090967e-05
1.454909068183238459e-03,0.000000000000000000e+00,9.683645791547254122e-05,3.272622142807643411e-05,0.000000000000000000e+00,6.227571432204785304e-03,6.717059408214266043e-05,6.717059408238663302e-05,6.717059408192584710e-05,6.717059408166296873e-05
1.459908755702768587e-03,0.000000000000000000e+00,9.682949800371475416e-05,3.250742083461867775e-05,0.000000000000000000e+00,6.227569219875803835e-03,7.195929602626276785e-05,7.195929602654712698e-05,7.195929602544180997e-05,7.195929602518391893e-05
1.464908443222298498e-03,0.000000000000000000e+00,9.662035506342411709e-05,3.228886546050754023e-05,0.000000000000000000e+00,6.227564262664042963e-03,7.441555685470697002e-05,7.441555685503139042e-05,7.441555685220127038e-05,7.441555685194640155e-05
1.469908130741828627e-03,0.000000000000000000e+00,9.623038504192716702e-05,3.207055530574302155e-05,0.000000000000000000e+00,6.227557971794085191e-03,7.371391895104450879e-05,7.371391895140847546e-05,7.371391895117230912e-05,7.371391895091810437e-05
1.474907818261358538e-03,0.000000000000000000e+00,9.569957010230788414e-05,3.185249037032513526e-05,0.000000000000000000e+00,6.227552540057871601e-03,6.942358046938425893e-05,6.942358046978659280e-05,6.942358046861726720e-05,6.942358046836176141e-05
1.479907505780888666e-03,0.000000000000000000e+00,9.508569173915097411e-05,3.163467065425386781e-05,0.000000000000000000e+00,6.227550214454626032e-03,6.162279302305813736e-05,6.162279302349733410e-05,6.162279302217463456e-05,6.162279302191574063e-05
1.484907193300418794e-03,0.000000000000000000e+00,9.445912462035914187e-05,3.141709615752922598e-05,0.000000000000000000e+00,6.227552207246940877e-03,5.090184253489854417e-05,5.090184253537234052e-05,5.090184253746250613e-05,5.090184253719875362e-05
1.489906880819948706e-03,0.000000000000000000e+00,9.389318778969484957e-05,3.119976688015120298e-05,0.000000000000000000e+00,6.227557867959431642e-03,3.828071489147875743e-05,3.828071489198409051e-05,3.828071489321581872e-05,3.828071489294630639e-05
1.494906568339478834e-03,0.000000000000000000e+00,9.345418532112026943e-05,3.098268282211980560e-05,0.000000000000000000e+00,6.227565168129388026e-03,2.500268732810895735e-05,2.500268732864262199e-05,2.500268732939456024e-05,2.500268732911845461e-05
1.499906255859008745e-03,0.000000000000000000e+00,9.319289230733702621e-05,3.076584398343503384e-05,0.000000000000000000e+00,6.227571639394072732e-03,1.231134361301875659e-05,1.231134361357700212e-05,1.231134361317502739e-05,1.231134361289184056e-05
1.504905943378538873e-03,0.000000000000000000e+00,9.313752541101352430e-05,3.054925036409688092e-05,0.000000000000000000e+00,6.227575320569333182e-03,1.246418949077050841e-06,1.246418949655703093e-06,1.246418949968641109e-06,1.246418949678193512e-06
1.509905630898068785e-03,0.000000000000000000e+00,9.328884111220869660e-05,3.033290196410535361e-05,0.000000000000000000e+00,6.227575454639294912e-03,-7.487928328869838647e-06,-7.487928328274753956e-06,-7.487928329933871271e-06,-7.487928330231854074e-06
1.514905318417598913e-03,0.000000000000000000e+00,9.362141540175295700e-05,3.011679878346044852e-05,0.000000000000000000e+00,6.227572457854236090e-03,-1.358323369001620951e-05,-1.358323368940939850e-05,-1.358323369327218044e-05,-1.358323369357751210e-05
1.519905005937128824e-03,0.000000000000000000e+00,9.408671319054800716e-05,2.990094082216216567e-05,0.000000000000000000e+00,6.227567623827599645e-03,-1.709024562898128703e-05,-1.709024562836750663e-05,-1.709024563021543437e-05,-1.709024563052772525e-05
1.524904693456658952e-03,0.000000000000000000e+00,9.461899524675323656e-05,2.968532808021051521e-05,0.000000000000000000e+00,6.227562671903599453e-03,-1.836614739590109767e-05,-1.836614739528499301e-05,-1.836614739718134731e-05,-1.836614739750057370e-05
1.529904380976188864e-03,0.000000000000000000e+00,9.514346453625304497e-05,2.946996055760548020e-05,0.000000000000000000e+00,6.227558992171395615e-03,-1.794481617325892762e-05,-1.794481617264506929e-05,-1.794481617466831252e-05,-1.794481617499444392e-05
1.534904068495718992e-03,0.000000000000000000e+00,9.558804337190352851e-05,2.925483825434707080e-05,0.000000000000000000e+00,6.227557256229305019e-03,-1.638204822300362036e-05,-1.638204822239625708e-05,-1.638204822390793307e-05,-1.638204822424147770e-05
1.539903756015249120e-03,0.000000000000000000e+00,9.589085842134704486e-05,2.903996117043528363e-05,0.000000000000000000e+00,6.227557426595590334e-03,-1.413427778885551411e-05,-1.413427778825819664e-05,-1.413427778754278922e-05,-1.413427778788497021e-05
1.544903443534779031e-03,0.000000000000000000e+00,9.600691144700297002e-05,2.882532930587012208e-05,0.000000000000000000e+00,6.227558955252831055e-03,-1.153415988515469839e-05,-1.153415988457047605e-05,-1.153415988577799267e-05,-1.153415988613051423e-05
1.549903131054309159e-03,0.000000000000000000e+00,9.591166583978448263e-05,2.861094266065158614e-05,0.000000000000000000e+00,6.227561387737414605e-03,-8.822151436821337796e-06,-8.822151436252550089e-06,-8.822151437562201939e-06,-8.822151437927662775e-06
1.554902818573839071e-03,0.000000000000000000e+00,9.560380208853588825e-05,2.839680123477966904e-05,0.000000000000000000e+00,6.227564483668603969e-03,-6.260707182285076613e-06,-6.260707181733349844e-06,-6.260707179923843523e-06,-6.260707180305311587e-06
1.559902506093369199e-03,0.000000000000000000e+00,9.510316606361677010e-05,2.818290502825437755e-05,0.000000000000000000e+00,6.227567888196439833e-03,-4.213410322842828419e-06,-4.213410322309421279e-06,-4.213410322806282335e-06,-4.213410323207245710e-06
1.564902193612899110e-03,0.000000000000000000e+00,9.444900201287973428e-05,2.796925404107571169e-05,0.000000000000000000e+00,6.227570805702215863e-03,-3.143155493721978749e-06,-3.143155493207789092e-06,-3.143155493554501700e-06,-3.143155493978694106e-06
1.569901881132429238e-03,0.000000000000000000e+00,9.369368899003613837e-05,2.775584827324366466e-05,0.000000000000000000e+00,6.227571776203741361e-03,-3.510836149447169091e-06,-3.510836148953190488e-06,-3.510836148634731511e-06,-3.510836149085587667e-06
1.574901568651959150e-03,0.000000000000000000e+00,9.289501004565458610e-05,2.754268772475824324e-05,0.000000000000000000e+00,6.227569590758361140e-03,-5.633743680412392393e-06,-5.633743679939871675e-06,-5.633743679396273035e-06,-5.633743679876674547e-06
1.579901256171489278e-03,0.000000000000000000e+00,9.210644081899220514e-05,2.732977239561944745e-05,0.000000000000000000e+00,6.227564588867664369e-03,-9.522365340067163504e-06,-9.522365339617405949e-06,-9.522365340687354251e-06,-9.522365341199914217e-06
1.584900943691019189e-03,0.000000000000000000e+00,9.137195882675050321e-05,2.711710228582727387e-05,0.000000000000000000e+00,6.227558834712186749e-03,-1.482170365582244118e-05,-1.482170365539696636e-05,-1.482170365803445247e-05,-1.482170365858117666e-05
1.589900631210549318e-03,0.000000000000000000e+00,9.072185869724341183e-05,2.690467739538172592e-05,0.000000000000000000e+00,6.227554930004861045e-03,-2.089217061758864987e-05,-2.089217061718910782e-05,-2.089217061832691024e-05,-2.089217061890929621e-05
1.594900318730079446e-03,0.000000000000000000e+00,9.017037473980530704e-05,2.669249772428279342e-05,0.000000000000000000e+00,6.227554358842857934e-03,-2.700094980129956996e-05,-2.700094980092740740e-05,-2.700094980338906811e-05,-2.700094980400834745e-05
1.599900006249609357e-03,0.000000000000000000e+00,8.971329572290800741e-05,2.648056327253049330e-05,0.000000000000000000e+00,6.227556979437948691e-03,-3.251558734567044115e-05,-3.251558734532715563e-05,-3.251558734808798160e-05,-3.251558734874487259e-05
1.604899693769139485e-03,0.000000000000000000e+00,8.932808556723042105e-05,2.626887404012481203e-05,0.000000000000000000e+00,6.227561716227467473e-03,-3.703856250663927006e-05,-3.703856250632649129e-05,-3.703856250774309629e-05,-3.703856250843785304e-05
1.609899381288669397e-03,0.000000000000000000e+00,8.897512032095475907e-05,2.605743002706575298e-05,0.000000000000000000e+00,6.227567141375794577e-03,-4.043577218636799063e-05,-4.043577218608668082e-05,-4.043577218607982324e-05,-4.043577218681280490e-05
1.614899068808199525e-03,0.000000000000000000e+00,8.860267401495448879e-05,2.584623123335332294e-05,0.000000000000000000e+00,6.227571417857692346e-03,-4.277570114329564739e-05,-4.277570114304678233e-05,-4.277570114420534044e-05,-4.277570114497659444e-05
1.619898756327729436e-03,0.000000000000000000e+00,8.815576513732726108e-05,2.563527765898751174e-05,0.000000000000000000e+00,6.227572544024029613e-03,-4.422197790125135158e-05,-4.422197790103549371e-05,-4.422197790110412371e-05,-4.422197790191352128e-05
1.624898443847259564e-03,0.000000000000000000e+00,8.758601645231901085e-05,2.542456930396832615e-05,0.000000000000000000e+00,6.227569394626463958e-03,-4.491706750697267193e-05,-4.491706750678999742e-05,-4.491706750382914971e-05,-4.491706750467661634e-05
1.629898131366789476e-03,0.000000000000000000e+00,8.685983843580940384e-05,2.521410616829576279e-05,0.000000000000000000e+00,6.227562906551948815e-03,-4.489218893185432252e-05,-4.489218893170504821e-05,-4.489218893134342612e-05,-4.489218893222854845e-05
1.634897818886319604e-03,0.000000000000000000e+00,8.596421224260275746e-05,2.500388825196982165e-05,0.000000000000000000e+00,6.227556139638815678e-03,-4.405056296091089331e-05,-4.405056296079496499e-05,-4.405056296042113208e-05,-4.405056296134339511e-05
1.639897506405849515e-03,0.000000000000000000e+00,8.491106651034002859e-05,2.479391555499050952e-05,0.000000000000000000e+00,6.227552527872635274e-03,-4.224009138868855005e-05,-4.224009138860578477e-05,-4.224009138678704240e-05,-4.224009138774562620e-05
1.644897193925379643e-03,0.000000000000000000e+00,8.373646777250452744e-05,2.458418807735781623e-05,0.000000000000000000e+00,6.227553784467858115e-03,-3.939348860227712780e-05,-3.939348860222760009e-05,-3.939348860099556017e-05,-3.939348860198923146e-05
1.649896881444909771e-03,0.000000000000000000e+00,8.249453778146733425e-05,2.437470581907174517e-05,0.000000000000000000e+00,6.227558942698056127e-03,-3.571737032109086697e-05,-3.571737032107469203e-05,-3.571737032149713785e-05,-3.571737032252418224e-05
1.654896568964439683e-03,0.000000000000000000e+00,8.124549235171653805e-05,2.416546878013230311e-05,0.000000000000000000e+00,6.227565163320844706e-03,-3.180457940686989734e-05,-3.180457940688753596e-05,-3.180457940720074841e-05,-3.180457940825891618e-05
1.659896256483969811e-03,0.000000000000000000e+00,8.004390484001353652e-05,2.395647696053947989e-05,0.000000000000000000e+00,6.227569622147901413e-03,-2.857552733451376327e-05,-2.857552733456608619e-05,-2.857552733333681776e-05,-2.857552733442305959e-05
1.664895944003499722e-03,0.000000000000000000e+00,7.892799171217083735e-05,2.374773036029328229e-05,0.000000000000000000e+00,6.227570669391543912e-03,-2.704219090977824370e-05,-2.704219090986641644e-05,-2.704219091065026073e-05,-2.704219091176093777e-05
1.669895631523029850e-03,0.000000000000000000e+00,7.791771730471102350e-05,2.353922897939370691e-05,0.000000000000000000e+00,6.227568091969568412e-03,-2.796276278733808893e-05,-2.796276278746344981e-05,-2.796276278787078457e-05,-2.796276278900179717e-05
1.674895319042559762e-03,0.000000000000000000e+00,7.701921906756329988e-05,2.333097281784075715e-05,0.000000000000000000e+00,6.227563191225245036e-03,-3.147740772206009721e-05,-3.147740772222391338e-05,-3.147740772099199544e-05,-3.147740772213886449e-05
1.679895006562089890e-03,0.000000000000000000e+00,7.623316971797961970e-05,2.312296187563443300e-05,0.000000000000000000e+00,6.227558688902152563e-03,-3.697209760948184205e-05,-3.697209760968524515e-05,-3.697209760909372477e-05,-3.697209761025191019e-05
1.684894694081619801e-03,0.000000000000000000e+00,7.555938698221768650e-05,2.291519615277472430e-05,0.000000000000000000e+00,6.227557577433078667e-03,-4.320961503853764925e-05,-4.320961503878131691e-05,-4.320961503895476893e-05,-4.320961504011966962e-05
1.689894381601149929e-03,0.000000000000000000e+00,7.500283227575894223e-05,2.270767564926164461e-05,0.000000000000000000e+00,6.227560834206486047e-03,-4.862239940669742266e-05,-4.862239940698130744e-05,-4.862239940512129763e-05,-4.862239940628865133e-05
1.694894069120679841e-03,0.000000000000000000e+00,7.457733913670355709e-05,2.250040036509519053e-05,0.000000000000000000e+00,6.227566212570099895e-03,-5.168410453972112660e-05,-5.168410454004478127e-05,-5.168410453637096221e-05,-5.168410453753668961e-05
1.699893756640209969e-03,0.000000000000000000e+00,7.430813487603050418e-05,2.229337030027535530e-05,0.000000000000000000e+00,6.227569884557422608e-03,-5.130883669364717716e-05,-5.130883669400955141e-05,-5.130883669279114533e-05,-5.130883669395133653e-05
1.704893444159739880e-03,0.000000000000000000e+00,7.422991110319712986e-05,2.208658545480214567e-05,0.000000000000000000e+00,6.227569627972974475e-03,-4.706863007380332985e-05,-4.706863007420242467e-05,-4.706863007246209722e-05,-4.706863007361362157e-05
1.709893131679270008e-03,0.000000000000000000e+00,7.438378703850109862e-05,2.188004582867555828e-05,0.000000000000000000e+00,6.227566264736980085e-03,-3.920962343226530860e-05,-3.920962343269855579e-05,-3.920962342957163540e-05,-3.920962343071158590e-05
1.714892819198800137e-03,0.000000000000000000e+00,7.480945603538298081e-05,2.167375142189559650e-05,0.000000000000000000e+00,6.227562140922327481e-03,-2.853189476291954723e-05,-2.853189476338380598e-05,-2.853189476240425981e-05,-2.853189476353008180e-05
1.719892506718330048e-03,0.000000000000000000e+00,7.553750616382783002e-05,2.146770223446225695e-05,0.000000000000000000e+00,6.227558887080372925e-03,-1.615628837105001652e-05,-1.615628837154136678e-05,-1.615628837229978653e-05,-1.615628837340941324e-05
1.724892194237860176e-03,0.000000000000000000e+00,7.658352288324674626e-05,2.126189826637553623e-05,0.000000000000000000e+00,6.227556907849770597e-03,-3.228897466929657234e-06,-3.228897467443904489e-06,-3.228897467072314523e-06,-3.228897468163584338e-06
1.729891881757390087e-03,0.000000000000000000e+00,7.794500142330888553e-05,2.105633951763544791e-05,0.000000000000000000e+00,6.227556354158139858e-03,9.235886110271434001e-06,9.235886109738158998e-06,9.235886110279521472e-06,9.235886109209369882e-06
1.734891569276920216e-03,0.000000000000000000e+00,7.959609007670866686e-05,2.085102598824197843e-05,0.000000000000000000e+00,6.227557587281857578e-03,2.039816754508594939e-05,2.039816754453743796e-05,2.039816754363614070e-05,2.039816754259030234e-05
1.739891256796450127e-03,0.000000000000000000e+00,8.148364946980365389e-05,2.064595767819513118e-05,0.000000000000000000e+00,6.227560581014649627e-03,2.962814755063294456e-05,2.962814755007260516e-05,2.962814755163824053e-05,2.962814755062046607e-05
1.744890944315980255e-03,0.000000000000000000e+00,8.352837975592076471e-05,2.044113458749490954e-05,0.000000000000000000e+00,6.227564459914272134e-03,3.649230213506684552e-05,3.649230213449749030e-05,3.649230213749701015e-05,3.649230213651183629e-05
1.749890631835510166e-03,0.000000000000000000e+00,8.563173438144441668e-05,2.023655671614131013e-05,0.000000000000000000e+00,6.227568078657892865e-03,4.063408830977227311e-05,4.063408830919632459e-05,4.063408831081715940e-05,4.063408830986964124e-05
1.754890319355040295e-03,0.000000000000000000e+00,8.768800895230412630e-05,2.003222406413433633e-05,0.000000000000000000e+00,6.227570827746938681e-03,4.171053211257372197e-05,4.171053211199374157e-05,4.171053211410983316e-05,4.171053211320499869e-05
1.759890006874570206e-03,0.000000000000000000e+00,8.960016156697531641e-05,1.982813663147398476e-05,0.000000000000000000e+00,6.227572522601249397e-03,3.943007578599054086e-05,3.943007578540869021e-05,3.943007578903850422e-05,3.943007578818146950e-05
1.764889694394100334e-03,0.000000000000000000e+00,9.129472304240719390e-05,1.962429441816025542e-05,0.000000000000000000e+00,6.227572738946322330e-03,3.361733179053936549e-05,3.361733178995788076e-05,3.361733179356352384e-05,3.361733179275940497e-05
1.769889381913630462e-03,0.000000000000000000e+00,9.272899492985715321e-05,1.942069742419315508e-05,0.000000000000000000e+00,6.227570701863557705e-03,2.436175845552570593e-05,2.436175845494710450e-05,2.436175845703062598e-05,2.436175845628392578e-05
1.774889069433160374e-03,0.000000000000000000e+00,9.389450598238380523e-05,1.921734564957267019e-05,0.000000000000000000e+00,6.227566274653150401e-03,1.220360267793416448e-05,1.220360267736111620e-05,1.220360268021255436e-05,1.220360267952727760e-05
1.779888756952690502e-03,0.000000000000000000e+00,9.481652811738095767e-05,1.901423909429881092e-05,0.000000000000000000e+00,6.227560794458524181e-03,-1.858274255096912381e-06,-1.858274255661940955e-06,-1.858274251729648095e-06,-1.858274252349801574e-06
1.784888444472220413e-03,0.000000000000000000e+00,9.555000027708521746e-05,1.881137775837158065e-05,0.000000000000000000e+00,6.227556450009857046e-03,-1.654390276314495368e-05,-1.654390276369950276e-05,-1.654390276194639528e-05,-1.654390276249834905e-05
1.789888131991750541e-03,0.000000000000000000e+00,9.616803099223726452e-05,1.860876164179096922e-05,0.000000000000000000e+00,6.227554817541754509e-03,-3.047141029457121322e-05,-3.047141029511291451e-05,-3.047141029509313798e-05,-3.047141029557425947e-05
1.794887819511280453e-03,0.000000000000000000e+00,9.675033788071664442e-05,1.840639074455698341e-05,0.000000000000000000e+00,6.227555894969253290e-03,-4.237078726744522740e-05,-4.237078726797241393e-05,-4.237078726726129928e-05,-4.237078726766904061e-05
1.799887507030810581e-03,0.000000000000000000e+00,9.737098115116535682e-05,1.820426506666961643e-05,0.000000000000000000e+00,6.227558561615651779e-03,-5.128202199329725359e-05,-5.128202199380846847e-05,-5.128202199471487504e-05,-5.128202199504702037e-05
1.804887194550340492e-03,0.000000000000000000e+00,9.809032974142206489e-05,1.800238460812887846e-05,0.000000000000000000e+00,6.227561729651770808e-03,-5.661562684216123214e-05,-5.661562684265554024e-05,-5.661562684499346637e-05,-5.661562684524795572e-05
1.809886882069870620e-03,0.000000000000000000e+00,9.894943411683284479e-05,1.780074936893476272e-05,0.000000000000000000e+00,6.227564717419030969e-03,-5.811450012147709529e-05,-5.811450012195424589e-05,-5.811450012118859587e-05,-5.811450012136312531e-05
1.814886569589400532e-03,0.000000000000000000e+00,9.997076855791245463e-05,1.759935934908726582e-05,0.000000000000000000e+00,6.227566827506113463e-03,-5.586424640255647941e-05,-5.586424640301670291e-05,-5.586424640098137083e-05,-5.586424640107356867e-05
1.819886257108930660e-03,0.000000000000000000e+00,1.011555493487221682e-04,1.739821454858639791e-05,0.000000000000000000e+00,6.227567263868030549e-03,-5.024168632484379512e-05,-5.024168632528768104e-05,-5.024168632384569215e-05,-5.024168632385314604e-05
1.824885944628460788e-03,0.000000000000000000e+00,1.024809824927288242e-04,1.719731496743215224e-05,0.000000000000000000e+00,6.227565929802288125e-03,-4.181591965061585867e-05,-4.181591965104428793e-05,-4.181591964770067619e-05,-4.181591964762100089e-05
1.829885632147990699e-03,0.000000000000000000e+00,1.038996187657358495e-04,1.699666060562452879e-05,0.000000000000000000e+00,6.227564094532523839e-03,-3.127159055325730286e-05,-3.127159055367133934e-05,-3.127159054911874054e-05,-3.127159054894960500e-05
1.834885319667520828e-03,0.000000000000000000e+00,1.053464785137377797e-04,1.679625146316353096e-05,0.000000000000000000e+00,6.227563577600915209e-03,-1.938945078321983417e-05,-1.938945078362051125e-05,-1.938945078090297206e-05,-1.938945078064233324e-05
1.839885007187050739e-03,0.000000000000000000e+00,1.067450748130450771e-04,1.659608754004915197e-05,0.000000000000000000e+00,6.227564974282295135e-03,-6.994750006004097574e-06,-6.994750006392228399e-06,-6.994750005804819520e-06,-6.994750005451197664e-06
1.844884694706580867e-03,0.000000000000000000e+00,1.080161550970967364e-04,1.639616883628140198e-05,0.000000000000000000e+00,6.227567027159613793e-03,5.037019345320360978e-06,5.037019344944238539e-06,5.037019345760577553e-06,5.037019346208095553e-06
1.849884382226110778e-03,0.000000000000000000e+00,1.090858566508507230e-04,1.619649535186027422e-05,0.000000000000000000e+00,6.227567718971128118e-03,1.579128444340361322e-05,1.579128444303945004e-05,1.579128444414323900e-05,1.579128444468466246e-05
1.854884069745640907e-03,0.000000000000000000e+00,1.098925336365311607e-04,1.599706708678576530e-05,0.000000000000000000e+00,6.227565884082584928e-03,2.439404444902465154e-05,2.439404444867334970e-05,2.439404444812808410e-05,2.439404444876223395e-05
1.859883757265170818e-03,0.000000000000000000e+00,1.103894856784273424e-04,1.579788404105788877e-05,0.000000000000000000e+00,6.227562017895957140e-03,3.016192413564592191e-05,3.016192413530894171e-05,3.016192413499022354e-05,3.016192413571478230e-05
1.864883444784700946e-03,0.000000000000000000e+00,1.105502406490858268e-04,1.559894621467662769e-05,0.000000000000000000e+00,6.227557963988964926e-03,3.268769513928144435e-05,3.268769513896076446e-05,3.268769514013759815e-05,3.268769514094940808e-05
1.869883132304230857e-03,0.000000000000000000e+00,1.103703827812267750e-04,1.540025360764199223e-05,0.000000000000000000e+00,6.227556113240999454e-03,3.192941416649126255e-05,3.192941416618925125e-05,3.192941416492471238e-05,3.192941416581966706e-05
1.874882819823760986e-03,0.000000000000000000e+00,1.098622655923910563e-04,1.520180621995398408e-05,0.000000000000000000e+00,6.227558085637091394e-03,2.824528669385447616e-05,2.824528669357353905e-05,2.824528669101435097e-05,2.824528669198773413e-05
1.879882507343291114e-03,0.000000000000000000e+00,1.090465655660039813e-04,1.500360405161259984e-05,0.000000000000000000e+00,6.227563330530002002e-03,2.233841492442240496e-05,2.233841492416460540e-05,2.233841492365925876e-05,2.233841492470625586e-05
1.884882194862821025e-03,0.000000000000000000e+00,1.079480419411439483e-04,1.480564710261783276e-05,0.000000000000000000e+00,6.227569049833331545e-03,1.510172230640399406e-05,1.510172230617129886e-05,1.510172230450410593e-05,1.510172230561956023e-05
1.889881882382351153e-03,0.000000000000000000e+00,1.065933020243219753e-04,1.460793537296969298e-05,0.000000000000000000e+00,6.227571982748700448e-03,7.473062828977447981e-06,7.473062828771002335e-06,7.473062826506114161e-06,7.473062827685177247e-06
1.894881569901881065e-03,0.000000000000000000e+00,1.050105433664452346e-04,1.441046886266817712e-05,0.000000000000000000e+00,6.227570613792484701e-03,2.834410896644888589e-07,2.834410894847179743e-07,2.834410907542916132e-07,2.834410919925318094e-07
1.899881257421411193e-03,0.000000000000000000e+00,1.032347725107072260e-04,1.421324757171328180e-05,0.000000000000000000e+00,6.227565816707396167e-03,-5.803528011473775669e-06,-5.803528011626807418e-06,-5.803528008609594744e-06,-5.803528007316541352e-06
1.904880944940941104e-03,0.000000000000000000e+00,1.013116032943870689e-04,1.401627150010501378e-05,0.000000000000000000e+00,6.227559937858957728e-03,-1.029701066970683745e-05,-1.029701066983372299e-05,-1.029701066791509172e-05,-1.029701066657114012e-05
1.909880632460471232e-03,0.000000000000000000e+00,9.929586738678762971e-05,1.381954064784336461e-05,0.000000000000000000e+00,6.227555522779406640e-03,-1.289039119307373675e-05,-1.289039119317549760e-05,-1.289039119140215111e-05,-1.289039119001106213e-05
1.914880319980001144e-03,0.000000000000000000e+00,9.724970685345795784e-05,1.362305501492834105e-05,0.000000000000000000e+00,6.227554436039754379e-03,-1.351676893001146763e-05,-1.351676893008905246e-05,-1.351676892813550310e-05,-1.351676892670111548e-05
1.919880007499531272e-03,0.000000000000000000e+00,9.524429723926130576e-05,1.342681460135994311e-05,0.000000000000000000e+00,6.227557043691185103e-03,-1.235043999685173332e-05,-1.235043999690635001e-05,-1.235043999669569630e-05,-1.235043999522187422e-05
1.924879695019061183e-03,0.000000000000000000e+00,9.335432859351418863e-05,1.323081940713816400e-05,0.000000000000000000e+00,6.227561683171718362e-03,-9.756881606639565042e-06,-9.756881606672629820e-06,-9.756881608087442505e-06,-9.756881606578114496e-06
1.929879382538591311e-03,0.000000000000000000e+00,9.164949406217518045e-05,1.303506943226301390e-05,0.000000000000000000e+00,6.227565595280122081e-03,-6.154668025819129217e-06,-6.154668025831641588e-06,-6.154668026621659053e-06,-6.154668025081190725e-06
1.934879070058121439e-03,0.000000000000000000e+00,9.018689034244117830e-05,1.283956467673448264e-05,0.000000000000000000e+00,6.227567006429037683e-03,-1.842232791707389361e-06,-1.842232791700738458e-06,-1.842232792209828977e-06,-1.842232790642570690e-06
1.939878757577651351e-03,0.000000000000000000e+00,8.900693747040712433e-05,1.264430514055257699e-05,0.000000000000000000e+00,6.227566495014194917e-03,3.104675499568992962e-06,3.104675499593712772e-06,3.104675497822800660e-06,3.104675499412098744e-06
1.944878445097181479e-03,0.000000000000000000e+00,8.812877988297554844e-05,1.244929082371729696e-05,0.000000000000000000e+00,6.227565973886261576e-03,8.797496782495556225e-06,8.797496782537372547e-06,8.797496781176095734e-06,8.797496782782317535e-06
1.949878132616711390e-03,0.000000000000000000e+00,8.755522626939395267e-05,1.225452172622863577e-05,0.000000000000000000e+00,6.227566359752220553e-03,1.538905850907281510e-05,1.538905850913072166e-05,1.538905850844594634e-05,1.538905851006398595e-05
1.954877820136241302e-03,0.000000000000000000e+00,8.727913510834172609e-05,1.205999784808660189e-05,0.000000000000000000e+00,6.227566728154124154e-03,2.285325549833763532e-05,2.285325549841047337e-05,2.285325549546086071e-05,2.285325549708536148e-05
1.959877507655771647e-03,0.000000000000000000e+00,8.728622415311160362e-05,1.186571918929119023e-05,0.000000000000000000e+00,6.227565766244716125e-03,3.079923780823468716e-05,3.079923780832136235e-05,3.079923780435935558e-05,3.079923780598500154e-05
1.964877195175301558e-03,0.000000000000000000e+00,8.755341553617715670e-05,1.167168574984240081e-05,0.000000000000000000e+00,6.227563488118406133e-03,3.846308761701549108e-05,3.846308761711419414e-05,3.846308761499289837e-05,3.846308761661485127e-05
1.969876882694831469e-03,0.000000000000000000e+00,8.805294082038000656e-05,1.147789752974023869e-05,0.000000000000000000e+00,6.227561101238125903e-03,4.489590531958206009e-05,4.489590531969062261e-05,4.489590531802620287e-05,4.489590531963987517e-05
1.974876570214361381e-03,0.000000000000000000e+00,8.875245799192911045e-05,1.128435452898469541e-05,0.000000000000000000e+00,6.227559672791525315e-03,4.926572268011312301e-05,4.926572268022905810e-05,4.926572267822882029e-05,4.926572267982993618e-05
1.979876257733891726e-03,0.000000000000000000e+00,8.961205366084468377e-05,1.109105674757577775e-05,0.000000000000000000e+00,6.227559429759926997e-03,5.114618059675005987e-05,5.114618059687023012e-05,5.114618059598293940e-05,5.114618059756770416e-05
1.984875945253421637e-03,0.000000000000000000e+00,9.058136319247219641e-05,1.089800418551348570e-05,0.000000000000000000e+00,6.227560337583207088e-03,5.068970703545163840e-05,5.068970703557293351e-05,5.068970703574364792e-05,5.068970703730845659e-05
1.989875632772951548e-03,0.000000000000000000e+00,9.160083217326709434e-05,1.070519684279781249e-05,0.000000000000000000e+00,6.227562498334170658e-03,4.858337881762440333e-05,4.858337881774356392e-05,4.858337881679224428e-05,4.858337881833364773e-05
1.994875320292481893e-03,0.000000000000000000e+00,9.260113979530368647e-05,1.051263471942876828e-05,0.000000000000000000e+00,6.227565415531681990e-03,4.583202234239058982e-05,4.583202234250432941e-05,4.583202234051141674e-05,4.583202234202637243e-05
1.999875007812011805e-03,0.000000000000000000e+00,9.351032633640762154e-05,1.032031781540634292e-05,0.000000000000000000e+00,6.227567621006586257e-03,4.343806385197479378e-05,4.343806385208032054e-05,4.343806385057730462e-05,4.343806385206237699e-05
2.004874695331541716e-03,0.000000000000000000e+00,9.426742525706546653e-05,1.012824613073054317e-05,0.000000000000000000e+00,6.227567626479331778e-03,4.209449089360693956e-05,4.209449089370178015e-05,4.209449089169208945e-05,4.209449089314384971e-05
2.009874382851071627e-03,0.000000000000000000e+00,9.483270543168186234e-05,9.936419665401367339e-06,0.000000000000000000e+00,6.227565385696238846e-03,4.197283342871144457e-05,4.197283342879384394e-05,4.197283342684367594e-05,4.197283342825839037e-05
2.014874070370601972e-03,0.000000000000000000e+00,9.518912458432937044e-05,9.744838419418812043e-06,0.000000000000000000e+00,6.227562523319265381e-03,4.273966069923793997e-05,4.273966069930697654e-05,4.273966069895339788e-05,4.273966070032680421e-05
2.019873757890131884e-03,0.000000000000000000e+00,9.534250527837902917e-05,9.553502392782884056e-06,0.000000000000000000e+00,6.227560962990515495e-03,4.375060896919963788e-05,4.375060896925481700e-05,4.375060896995332780e-05,4.375060897128104178e-05
2.024873445409661795e-03,0.000000000000000000e+00,9.531791703831511264e-05,9.362411585493576603e-06,0.000000000000000000e+00,6.227561536304731908e-03,4.436292232045015030e-05,4.436292232049156683e-05,4.436292232018242013e-05,4.436292232145990844e-05
2.029873132929191706e-03,0.000000000000000000e+00,9.514957258389749803e-05,9.171565997550893071e-06,0.000000000000000000e+00,6.227563664244662942e-03,4.422366696998660505e-05,4.422366697001474010e-05,4.422366696831486017e-05,4.422366696953762338e-05
2.034872820448722051e-03,0.000000000000000000e+00,9.487178863213864457e-05,8.980965628954836849e-06,0.000000000000000000e+00,6.227565944797648981e-03,4.341560908722240744e-05,4.341560908723789798e-05,4.341560908607000217e-05,4.341560908723389320e-05
2.039872507968251963e-03,0.000000000000000000e+00,9.451346036475585962e-05,8.790610479705397772e-06,0.000000000000000000e+00,6.227567002560024066e-03,4.236072553300600989e-05,4.236072553300972328e-05,4.236072553050470126e-05,4.236072553160592541e-05
2.044872195487781874e-03,0.000000000000000000e+00,9.409277694382026721e-05,8.600500549802586004e-06,0.000000000000000000e+00,6.227566274253271486e-03,4.158553648323418226e-05,4.158553648322686389e-05,4.158553647888962152e-05,4.158553647992491262e-05
2.049871883007312219e-03,0.000000000000000000e+00,9.361407013882783949e-05,8.410635839246398158e-06,0.000000000000000000e+00,6.227564286950751024e-03,4.142895454251214804e-05,4.142895454249426548e-05,4.142895453951912663e-05,4.142895454048623496e-05
2.054871570526842130e-03,0.000000000000000000e+00,9.307537764476634182e-05,8.221016348036830844e-06,0.000000000000000000e+00,6.227562260992396820e-03,4.187699442663784692e-05,4.187699442660950858e-05,4.187699442537221029e-05,4.187699442626949601e-05
2.059871258046372042e-03,0.000000000000000000e+00,9.247705775498018990e-05,8.031642076173892535e-06,0.000000000000000000e+00,6.227561256738300272e-03,4.261195079603919333e-05,4.261195079600018916e-05,4.261195079429335001e-05,4.261195079511991864e-05
2.064870945565901953e-03,0.000000000000000000e+00,9.182560364878675490e-05,7.842513023657571371e-06,0.000000000000000000e+00,6.227561452769030982e-03,4.321596982550175882e-05,4.321596982545166190e-05,4.321596982401438929e-05,4.321596982477008498e-05
2.069870633085432298e-03,0.000000000000000000e+00,9.113357910990392107e-05,7.653629190487877516e-06,0.000000000000000000e+00,6.227562442743700064e-03,4.335668110393603751e-05,4.335668110387462423e-05,4.335668110341396706e-05,4.335668110409850520e-05
2.074870320604962209e-03,0.000000000000000000e+00,9.042099757938225097e-05,7.464990576664805888e-06,0.000000000000000000e+00,6.227563782211821553e-03,4.293731064375805751e-05,4.293731064368561248e-05,4.293731064074773630e-05,4.293731064136069677e-05
2.079870008124492121e-03,0.000000000000000000e+00,8.971024627026345257e-05,7.276597182188358182e-06,0.000000000000000000e+00,6.227565057493312205e-03,4.211034800574114896e-05,4.211034800565823460e-05,4.211034800205511229e-05,4.211034800259607497e-05
2.084869695644022032e-03,0.000000000000000000e+00,8.902300479792787458e-05,7.088449007058534397e-06,0.000000000000000000e+00,6.227565925187902862e-03,4.114265474294262264e-05,4.114265474285016730e-05,4.114265474045273203e-05,4.114265474092122256e-05
2.089869383163552377e-03,0.000000000000000000e+00,8.838093528459134245e-05,6.900546051275334534e-06,0.000000000000000000e+00,6.227566236572269071e-03,4.024489594769452348e-05,4.024489594759380110e-05,4.024489594509792704e-05,4.024489594549329492e-05
2.094869070683082288e-03,0.000000000000000000e+00,8.780742216524306586e-05,6.712888314838756897e-06,0.000000000000000000e+00,6.227566268693607646e-03,3.947465960254144528e-05,3.947465960243381111e-05,3.947465960086696957e-05,3.947465960118869301e-05
2.099868758202612200e-03,0.000000000000000000e+00,8.732336764010658063e-05,6.525475797748803183e-06,0.000000000000000000e+00,6.227566395451265835e-03,3.869644506603889744e-05,3.869644506592561186e-05,3.869644506576981201e-05,3.869644506601768096e-05
2.104868445722142545e-03,0.000000000000000000e+00,8.694850369261335654e-05,6.338308500005472542e-06,0.000000000000000000e+00,6.227566238721921055e-03,3.767021981387339214e-05,3.767021981375554614e-05,3.767021981573827409e-05,3.767021981591230209e-05
2.109868133241672456e-03,0.000000000000000000e+00,8.670284965993645425e-05,6.151386421608765823e-06,0.000000000000000000e+00,6.227564875727292434e-03,3.625112859741634163e-05,3.625112859729476191e-05,3.625112859829394230e-05,3.625112859839483409e-05
2.114867820761202367e-03,0.000000000000000000e+00,8.660475523605422311e-05,5.964709562558683026e-06,0.000000000000000000e+00,6.227562174835787195e-03,3.450699282759530793e-05,3.450699282747015712e-05,3.450699282674255582e-05,3.450699282677185638e-05
2.119867508280732279e-03,0.000000000000000000e+00,8.666527830554223799e-05,5.778277922855222455e-06,0.000000000000000000e+00,6.227559502756096002e-03,3.268525811668098607e-05,3.268525811655209476e-05,3.268525811591032839e-05,3.268525811587036199e-05
2.124867195800262624e-03,0.000000000000000000e+00,8.688737695563689470e-05,5.592091502498385806e-06,0.000000000000000000e+00,6.227558656473681196e-03,3.116008892076715909e-05,3.116008892063416814e-05,3.116008891854759395e-05,3.116008891844141668e-05
2.129866883319792535e-03,0.000000000000000000e+00,8.726281640830108987e-05,5.406150301488173079e-06,0.000000000000000000e+00,6.227559916008006992e-03,3.037092599632557988e-05,3.037092599618761515e-05,3.037092599312307028e-05,3.037092599295478855e-05
2.134866570839322446e-03,0.000000000000000000e+00,8.777022822739344039e-05,5.220454319824584272e-06,0.000000000000000000e+00,6.227561614250389649e-03,3.068524238865445806e-05,3.068524238851044891e-05,3.068524238630403650e-05,3.068524238607862409e-05
2.139866258358852358e-03,0.000000000000000000e+00,8.837851370695735693e-05,5.035003557507617693e-06,0.000000000000000000e+00,6.227561973777081053e-03,3.229439511905635575e-05,3.229439511890544836e-05,3.229439511819581771e-05,3.229439511791862109e-05
2.144865945878382703e-03,0.000000000000000000e+00,8.905429463723444218e-05,4.849798014537275036e-06,0.000000000000000000e+00,6.227560843237093038e-03,3.515643060580390982e-05,3.515643060564520295e-05,3.515643060446529283e-05,3.515643060414224802e-05
2.149865633397912614e-03,0.000000000000000000e+00,8.976477234983810038e-05,4.664837690913556300e-06,0.000000000000000000e+00,6.227559619851308001e-03,3.889876085561667571e-05,3.889876085544924779e-05,3.889876085566554612e-05,3.889876085530309733e-05
2.154865320917442525e-03,0.000000000000000000e+00,9.048149001375940337e-05,4.480122586636461485e-06,0.000000000000000000e+00,6.227559908560107924e-03,4.277899695175777720e-05,4.277899695158161468e-05,4.277899695238658736e-05,4.277899695199066383e-05
2.159865008436972437e-03,0.000000000000000000e+00,9.118645178813087693e-05,4.295652701705989745e-06,0.000000000000000000e+00,6.227562159403983791e-03,4.584919365067641444e-05,4.584919365049231691e-05,4.584919364888918848e-05,4.584919364846533997e-05
2.164864695956502782e-03,0.000000000000000000e+00,9.187398677566483438e-05,4.111428036122141078e-06,0.000000000000000000e+00,6.227565567728634947e-03,4.713145253787224002e-05,4.713145253768192188e-05,4.713145253610711145e-05,4.713145253566018299e-05
2.169864383476032693e-03,0.000000000000000000e+00,9.254816508500894514e-05,3.927448589884916334e-06,0.000000000000000000e+00,6.227568717289418999e-03,4.575100486163473867e-05,4.575100486144145930e-05,4.575100485940830918e-05,4.575100485894181086e-05
2.174864070995562604e-03,0.000000000000000000e+00,9.322096372628283683e-05,3.743714362994315934e-06,0.000000000000000000e+00,6.227570005155399525e-03,4.111482089201436374e-05,4.111482089182281910e-05,4.111482089102091607e-05,4.111482089053698243e-05
2.179863758515092950e-03,0.000000000000000000e+00,9.390820422413265038e-05,3.560225355450337761e-06,0.000000000000000000e+00,6.227568301242929205e-03,3.308263113876419559e-05,3.308263113857996254e-05,3.308263113900303856e-05,3.308263113850297063e-05
2.184863446034622861e-03,0.000000000000000000e+00,9.461992727221860057e-05,3.376981567252983510e-06,0.000000000000000000e+00,6.227563794576649464e-03,2.199767364077601727e-05,2.199767364060520799e-05,2.199767364220256305e-05,2.199767364168688939e-05
2.189863133554152772e-03,0.000000000000000000e+00,9.535452036099212466e-05,3.193982998402252333e-06,0.000000000000000000e+00,6.227558432807285896e-03,8.727113011458040401e-06,8.727113011306712883e-06,8.727113015214587477e-06,8.727113014683636732e-06
2.194862821073682684e-03,0.000000000000000000e+00,9.609706366946835037e-05,3.011229648898145078e-06,0.000000000000000000e+00,6.227555155424034823e-03,-5.342252477752128790e-06,-5.342252477878699229e-06,-5.342252474597439281e-06,-5.342252475142996262e-06
2.199862508593213029e-03,0.000000000000000000e+00,9.681958140417638566e-05,2.828721518740661320e-06,0.000000000000000000e+00,6.227555738562939175e-03,-1.851649777672886683e-05,-1.851649777682643148e-05,-1.851649777437678848e-05,-1.851649777493549480e-05
2.204862196112742940e-03,0.000000000000000000e+00,9.748244824855964821e-05,2.646458607929801061e-06,0.000000000000000000e+00,6.227559305803992938e-03,-2.918824374415512454e-05,-2.918824374422015634e-05,-2.918824374402862186e-05,-2.918824374459880040e-05
2.209861883632272851e-03,0.000000000000000000e+00,9.804259621939048937e-05,2.464440916465564299e-06,0.000000000000000000e+00,6.227563394252517981e-03,-3.618311162147276865e-05,-3.618311162150213698e-05,-3.618311162314370716e-05,-3.618311162372345039e-05
2.214861571151802763e-03,0.000000000000000000e+00,9.846017136607057411e-05,2.282668444347951035e-06,0.000000000000000000e+00,6.227566270463284065e-03,-3.903410612624501862e-05,-3.903410612623620947e-05,-3.903410612944357766e-05,-3.903410613003091030e-05
2.219861258671333108e-03,0.000000000000000000e+00,9.870371255696501803e-05,2.101141191576961269e-06,0.000000000000000000e+00,6.227568008532688611e-03,-3.808260112432874586e-05,-3.808260112427941466e-05,-3.808260112724993888e-05,-3.808260112784273319e-05
2.224860946190863019e-03,0.000000000000000000e+00,9.875375040020758339e-05,1.919859158152595001e-06,0.000000000000000000e+00,6.227569432325024378e-03,-3.430530977539220463e-05,-3.430530977530018297e-05,-3.430530977631374937e-05,-3.430530977691015543e-05
2.229860633710392930e-03,0.000000000000000000e+00,9.860703405838495039e-05,1.738822344074852230e-06,0.000000000000000000e+00,6.227570415520035894e-03,-2.893628529792587029e-05,-2.893628529778936924e-05,-2.893628529861496886e-05,-2.893628529921287926e-05
2.234860321229923275e-03,0.000000000000000000e+00,9.827373219675403226e-05,1.558030749343732746e-06,0.000000000000000000e+00,6.227570055022997424e-03,-2.313974958595770660e-05,-2.313974958577580458e-05,-2.313974958441012997e-05,-2.313974958500710524e-05
2.239860008749453187e-03,0.000000000000000000e+00,9.777408049943925696e-05,1.377484373959236971e-06,0.000000000000000000e+00,6.227567989989256196e-03,-1.775018477243702679e-05,-1.775018477220888016e-05,-1.775018477081396259e-05,-1.775018477140756666e-05
2.244859696268983098e-03,0.000000000000000000e+00,9.713526110584322945e-05,1.197183217921364483e-06,0.000000000000000000e+00,6.227564764722567058e-03,-1.311900790298684946e-05,-1.311900790271191612e-05,-1.311900790170102634e-05,-1.311900790228897562e-05
2.249859383788513009e-03,0.000000000000000000e+00,9.638932475803665360e-05,1.017127281230115704e-06,0.000000000000000000e+00,6.227561419482633906e-03,-9.175437579357208521e-06,-9.175437579035193700e-06,-9.175437578947910343e-06,-9.175437579528000857e-06
2.254859071308043354e-03,0.000000000000000000e+00,9.556894355342711279e-05,8.373165638854904226e-07,0.000000000000000000e+00,6.227558890197947700e-03,-5.696789617858267311e-06,-5.696789617488829656e-06,-5.696789618489070534e-06,-5.696789619059351560e-06
2.259858758827573266e-03,0.000000000000000000e+00,9.470747811228798717e-05,6.577510658874886394e-07,0.000000000000000000e+00,6.227557887133050064e-03,-2.543025082205309115e-06,-2.543025081788006475e-06,-2.543025081329775204e-06,-2.543025081888847442e-06
2.264858446347103177e-03,0.000000000000000000e+00,9.383841076898434314e-05,4.784307872361103540e-07,0.000000000000000000e+00,6.227558967854631734e-03,2.290468675652222470e-07,2.290468680306092532e-07,2.290468687542125594e-07,2.290468682078796966e-07
2.269858133866633088e-03,0.000000000000000000e+00,9.299264417150200840e-05,2.993557279313554606e-07,0.000000000000000000e+00,6.227561877095934458e-03,2.362735271475664895e-06,2.362735271988600943e-06,2.362735275359971644e-06,2.362735274828214524e-06
2.274857821386163433e-03,0.000000000000000000e+00,9.219338192121079236e-05,1.205258879732241180e-07,0.000000000000000000e+00,6.227565235181065605e-03,3.501691572719368349e-06,3.501691573279016570e-06,3.501691577119335204e-06,3.501691576604139272e-06
2.279857508905693345e-03,0.000000000000000000e+00,9.145271487929653830e-05,-5.805873263828372672e-08,0.000000000000000000e+00,6.227567359738343106e-03,3.354872046181815921e-06,3.354872046786550011e-06,3.354872050325291035e-06,3.354872049829133015e-06
2.284857196425223256e-03,0.000000000000000000e+00,9.076741211259804179e-05,-2.363981339031680736e-07,0.000000000000000000e+00,6.227567329283742459e-03,1.785814185164957141e-06,1.785814185812185180e-06,1.785814188758707872e-06,1.785814188284599814e-06
2.289856883944753601e-03,0.000000000000000000e+00,9.011607467194140291e-05,-4.144923158214289226e-07,0.000000000000000000e+00,6.227565572201165800e-03,-1.203221697045407754e-06,-1.203221696358755413e-06,-1.203221696276762624e-06,-1.203221696725351273e-06
2.294856571464283512e-03,0.000000000000000000e+00,8.945969604323404808e-05,-5.923412783930663267e-07,0.000000000000000000e+00,6.227563404300164723e-03,-5.502003355987684040e-06,-5.502003355265070068e-06,-5.502003356398982910e-06,-5.502003356818677571e-06
2.299856258983813424e-03,0.000000000000000000e+00,8.874586297801714937e-05,-7.699450216180802329e-07,0.000000000000000000e+00,6.227561909548952161e-03,-1.090412817766314078e-05,-1.090412817690838361e-05,-1.090412817996541022e-05,-1.090412818035275499e-05
2.304855946503343335e-03,0.000000000000000000e+00,8.791511534229260285e-05,-9.473035454964705354e-07,0.000000000000000000e+00,6.227561481375741732e-03,-1.718598450051476772e-05,-1.718598449973159089e-05,-1.718598450144001908e-05,-1.718598450179194433e-05
2.309855634022873680e-03,0.000000000000000000e+00,8.690983653797915056e-05,-1.124416850028237234e-06,0.000000000000000000e+00,6.227561788723252889e-03,-2.420040275314303647e-05,-2.420040275233472309e-05,-2.420040275289486937e-05,-2.420040275320911859e-05
2.314855321542403591e-03,0.000000000000000000e+00,8.568635048050805207e-05,-1.301284935213380541e-06,0.000000000000000000e+00,6.227562015432678427e-03,-3.184975731143105360e-05,-3.184975731060021593e-05,-3.184975730965432407e-05,-3.184975730992977241e-05
2.319855009061933503e-03,0.000000000000000000e+00,8.422420427681802098e-05,-1.477907801051900350e-06,0.000000000000000000e+00,6.227561597511342001e-03,-4.000475882896394422e-05,-4.000475882811258124e-05,-4.000475882520797651e-05,-4.000475882544457653e-05
2.324854696581463414e-03,0.000000000000000000e+00,8.253057786705451167e-05,-1.654285447543796449e-06,0.000000000000000000e+00,6.227560486753663457e-03,-4.845435733896867093e-05,-4.845435733809825988e-05,-4.845435733629088130e-05,-4.845435733648968332e-05
2.329854384100993759e-03,0.000000000000000000e+00,8.063952722787406848e-05,-1.830417874689069474e-06,0.000000000000000000e+00,6.227559100743847859e-03,-5.681077291847178566e-05,-5.681077291758303803e-05,-5.681077291636196889e-05,-5.681077291652537171e-05
2.334854071620523670e-03,0.000000000000000000e+00,7.860887033758130510e-05,-2.006305082487718789e-06,0.000000000000000000e+00,6.227558167166469261e-03,-6.444241386848758072e-05,-6.444241386758052363e-05,-6.444241386817102079e-05,-6.444241386830256162e-05
2.339853759140053582e-03,0.000000000000000000e+00,7.651205217787360961e-05,-2.181947070939744183e-06,0.000000000000000000e+00,6.227558247889692505e-03,-7.063478865368627655e-05,-7.063478865276139789e-05,-7.063478865342005071e-05,-7.063478865352348359e-05
2.344853446659583927e-03,0.000000000000000000e+00,7.443034444141263817e-05,-2.357343840045146503e-06,0.000000000000000000e+00,6.227559719788387446e-03,-7.481213197463621747e-05,-7.481213197369395091e-05,-7.481213197579674747e-05,-7.481213197587638212e-05
2.349853134179113838e-03,0.000000000000000000e+00,7.244531119438403846e-05,-2.532495389803925325e-06,0.000000000000000000e+00,6.227562691536670664e-03,-7.659748518195106477e-05,-7.659748518099219637e-05,-7.659748518186443702e-05,-7.659748518192454247e-05
2.354852821698643749e-03,0.000000000000000000e+00,7.063344943837296505e-05,-2.707401720216081072e-06,0.000000000000000000e+00,6.227566524731570179e-03,-7.580357240684832602e-05,-7.580357240587499708e-05,-7.580357240368879826e-05,-7.580357240373257293e-05
2.359852509218173661e-03,0.000000000000000000e+00,6.905999513976347119e-05,-2.882062831281613322e-06,0.000000000000000000e+00,6.227569948608437100e-03,-7.244959828822175043e-05,-7.244959828723680697e-05,-7.244959828650629865e-05,-7.244959828653639881e-05
2.364852196737704006e-03,0.000000000000000000e+00,6.777671223696780478e-05,-3.056478723000521650e-06,0.000000000000000000e+00,6.227571655718464223e-03,-6.670552976801247746e-05,-6.670552976701869775e-05,-6.670552976492454770e-05,-6.670552976494391426e-05
2.369851884257233917e-03,0.000000000000000000e+00,6.681942162323481818e-05,-3.230649395372806904e-06,0.000000000000000000e+00,6.227571110667962095e-03,-5.889476805254522448e-05,-5.889476805154649132e-05,-5.889476805028281980e-05,-5.889476805029298420e-05
2.374851571776763828e-03,0.000000000000000000e+00,6.620546581768677172e-05,-3.404574848398468236e-06,0.000000000000000000e+00,6.227569044758219340e-03,-4.964631999644350589e-05,-4.964631999544397991e-05,-4.964631999605561901e-05,-4.964631999605791617e-05
2.379851259296293740e-03,0.000000000000000000e+00,6.592877188684331151e-05,-3.578255082077506494e-06,0.000000000000000000e+00,6.227566782129181217e-03,-3.992549252739213613e-05,-3.992549252639553749e-05,-3.992549252825847465e-05,-3.992549252825446310e-05
2.384850946815824085e-03,0.000000000000000000e+00,6.595837617037144426e-05,-3.751690096409920831e-06,0.000000000000000000e+00,6.227565236190082260e-03,-3.079581660228596665e-05,-3.079581660129672704e-05,-3.079581660309847453e-05,-3.079581660308862862e-05
2.389850634335353996e-03,0.000000000000000000e+00,6.623809476806100495e-05,-3.924879891395712940e-06,0.000000000000000000e+00,6.227564500662180653e-03,-2.320538979823272933e-05,-2.320538979725562939e-05,-2.320538979767621174e-05,-2.320538979766050437e-05
2.394850321854883907e-03,0.000000000000000000e+00,6.669065301408013356e-05,-4.097824467034879858e-06,0.000000000000000000e+00,6.227564058746965295e-03,-1.784360575507245049e-05,-1.784360575411174233e-05,-1.784360575514937802e-05,-1.784360575512783289e-05
2.399850009374414252e-03,0.000000000000000000e+00,6.722607934717443005e-05,-4.270523823327423701e-06,0.000000000000000000e+00,6.227563541523166782e-03,-1.493404813309873152e-05,-1.493404813215865539e-05,-1.493404813061480232e-05,-1.493404813058729577e-05
2.404849696893944164e-03,0.000000000000000000e+00,6.775390374151205953e-05,-4.442977960273344470e-06,0.000000000000000000e+00,6.227563012678992600e-03,-1.416144081004304121e-05,-1.416144080912750362e-05,-1.416144080661122793e-05,-1.416144080657763969e-05
2.409849384413474075e-03,0.000000000000000000e+00,6.819222208733214036e-05,-4.615186877872642164e-06,0.000000000000000000e+00,6.227562400654714989e-03,-1.490163386663523617e-05,-1.490163386574769303e-05,-1.490163386372258633e-05,-1.490163386368301295e-05
2.414849071933003986e-03,0.000000000000000000e+00,6.847467036463279104e-05,-4.787150576125315937e-06,0.000000000000000000e+00,6.227561401268391292e-03,-1.646636675319228707e-05,-1.646636675233572670e-05,-1.646636675152423864e-05,-1.646636675147908840e-05
2.419848759452534331e-03,0.000000000000000000e+00,6.855504189302090933e-05,-4.958869055031365789e-06,0.000000000000000000e+00,6.227559981282486390e-03,-1.829274472683456974e-05,-1.829274472601187374e-05,-1.829274472520835457e-05,-1.829274472515799338e-05
2.424848446972064243e-03,0.000000000000000000e+00,6.840888427869626007e-05,-5.130342314590791719e-06,0.000000000000000000e+00,6.227558726915449067e-03,-2.016684387131300682e-05,-2.016684387052755995e-05,-2.016684386973984980e-05,-2.016684386968405066e-05
2.429848134491594154e-03,0.000000000000000000e+00,6.803189553556925734e-05,-5.301570354803595422e-06,0.000000000000000000e+00,6.227558640264211666e-03,-2.222784857090664610e-05,-2.222784857016204315e-05,-2.222784857263793740e-05,-2.222784857257614465e-05
2.434847822011124065e-03,0.000000000000000000e+00,6.743767946736576571e-05,-5.472553175669775204e-06,0.000000000000000000e+00,6.227560179275041033e-03,-2.461535678674651003e-05,-2.461535678604643391e-05,-2.461535678635237543e-05,-2.461535678628380642e-05
2.439847509530654410e-03,0.000000000000000000e+00,6.665514946939404698e-05,-5.643290777189331064e-06,0.000000000000000000e+00,6.227562897547039150e-03,-2.716540036525496828e-05,-2.716540036460406412e-05,-2.716540036492768830e-05,-2.716540036485032709e-05
2.444847197050184322e-03,0.000000000000000000e+00,6.572551943515345758e-05,-5.813783159362263003e-06,0.000000000000000000e+00,6.227566010550036890e-03,-2.934731925457018020e-05,-2.934731925397352002e-05,-2.934731925593520767e-05,-2.934731925584627260e-05
2.449846884569714233e-03,0.000000000000000000e+00,6.470160995185434034e-05,-5.984030322188571868e-06,0.000000000000000000e+00,6.227568591097302347e-03,-3.030127453807117074e-05,-3.030127453753328449e-05,-3.030127453849934928e-05,-3.030127453839642461e-05
2.454846572089244578e-03,0.000000000000000000e+00,6.364836376478798349e-05,-6.154032265668257658e-06,0.000000000000000000e+00,6.227569571431493776e-03,-2.904242162325438702e-05,-2.904242162277993677e-05,-2.904242162348606070e-05,-2.904242162336609034e-05
2.459846259608774489e-03,0.000000000000000000e+00,6.264219649604084786e-05,-6.323788989801319527e-06,0.000000000000000000e+00,6.227568017172708734e-03,-2.488425124643839576e-05,-2.488425124603172508e-05,-2.488425124691074538e-05,-2.488425124677063935e-05
2.464845947128304401e-03,0.000000000000000000e+00,6.176522704022520502e-05,-6.493300494587757474e-06,0.000000000000000000e+00,6.227563903929833090e-03,-1.774614745556907919e-05,-1.774614745523280711e-05,-1.774614745781113474e-05,-1.774614745764916849e-05
2.469845634647834312e-03,0.000000000000000000e+00,6.109795946584657721e-05,-6.662566780027572347e-06,0.000000000000000000e+00,6.227558842292152050e-03,-8.201320445987377082e-06,-8.201320445722990994e-06,-8.201320446217317728e-06,-8.201320446032434153e-06
2.474845322167364657e-03,0.000000000000000000e+00,6.071015114636727926e-05,-6.831587846120764146e-06,0.000000000000000000e+00,6.227555373050808196e-03,2.559970639778788728e-06,2.559970639970742911e-06,2.559970639710817723e-06,2.559970639919279731e-06
2.479845009686894568e-03,0.000000000000000000e+00,6.065331268823449373e-05,-7.000363692867332023e-06,0.000000000000000000e+00,6.227555257781305052e-03,1.290219971554779974e-05,1.290219971566875774e-05,1.290219971432644091e-05,1.290219971455769615e-05
2.484844697206424480e-03,0.000000000000000000e+00,6.095509454172331511e-05,-7.168894320267275979e-06,0.000000000000000000e+00,6.227558372319364800e-03,2.122232162929160769e-05,2.122232162934442867e-05,2.122232162934678681e-05,2.122232162959905355e-05
2.489844384725954391e-03,0.000000000000000000e+00,6.161918182139510566e-05,-7.337179728320596014e-06,0.000000000000000000e+00,6.227562930328288220e-03,2.646350998465881607e-05,2.646350998464713379e-05,2.646350998559878886e-05,2.646350998587015111e-05
2.494844072245484736e-03,0.000000000000000000e+00,6.262602077626165838e-05,-7.505219917027293821e-06,0.000000000000000000e+00,6.227566759940394818e-03,2.835795810970778558e-05,2.835795810963622485e-05,2.835795811037769378e-05,2.835795811066561383e-05
2.499843759765014647e-03,0.000000000000000000e+00,6.393659100060654582e-05,-7.673014886387369401e-06,0.000000000000000000e+00,6.227568486646410835e-03,2.743054612051887354e-05,2.743054612039293329e-05,2.743054611920421742e-05,2.743054611950572388e-05
2.504843447284544559e-03,0.000000000000000000e+00,6.549796578157671405e-05,-7.840564636400822754e-06,0.000000000000000000e+00,6.227567648279698845e-03,2.477298405733610511e-05,2.477298405716114876e-05,2.477298405811647995e-05,2.477298405842912320e-05
2.509843134804074904e-03,0.000000000000000000e+00,6.725158072407101434e-05,-8.007869167067648797e-06,0.000000000000000000e+00,6.227564538552981394e-03,2.156091098613355798e-05,2.156091098591479308e-05,2.156091098588512660e-05,2.156091098620690425e-05
2.514842822323604815e-03,0.000000000000000000e+00,6.913888381388552228e-05,-8.174928478387852613e-06,0.000000000000000000e+00,6.227560416512688962e-03,1.864073634589633716e-05,1.864073634563884253e-05,1.864073634301910176e-05,1.864073634334852982e-05
2.519842509843134726e-03,0.000000000000000000e+00,7.110562873575019464e-05,-8.341742570361434202e-06,0.000000000000000000e+00,6.227557423477887190e-03,1.645173133647167678e-05,1.645173133617985022e-05,1.645173133520220479e-05,1.645173133553865305e-05
2.524842197362664638e-03,0.000000000000000000e+00,7.310272912929779716e-05,-8.508311442988386787e-06,0.000000000000000000e+00,6.227557679236885371e-03,1.509999470246012514e-05,1.509999470213745810e-05,1.509999470135625825e-05,1.509999470170027390e-05
2.529841884882194983e-03,0.000000000000000000e+00,7.508608544577331963e-05,-8.674635096268723921e-06,0.000000000000000000e+00,6.227561703062441112e-03,1.441427851256530151e-05,1.441427851221460276e-05,1.441427851066536426e-05,1.441427851101859224e-05
2.534841572401724894e-03,0.000000000000000000e+00,7.701515500964850255e-05,-8.840713530202432051e-06,0.000000000000000000e+00,6.227567801146347871e-03,1.410450339314198574e-05,1.410450339276562359e-05,1.410450339078489803e-05,1.410450339114973037e-05
2.539841259921254805e-03,0.000000000000000000e+00,7.885361168133978764e-05,-9.006546744789517954e-06,0.000000000000000000e+00,6.227573260405873216e-03,1.398498477249530015e-05,1.398498477209537693e-05,1.398498477309608368e-05,1.398498477347536470e-05
2.544840947440784717e-03,0.000000000000000000e+00,8.056926227065900107e-05,-9.172134740029981630e-06,0.000000000000000000e+00,6.227575896758761817e-03,1.407240914886388115e-05,1.407240914844214684e-05,1.407240914870160658e-05,1.407240914909885487e-05
2.549840634960315062e-03,0.000000000000000000e+00,8.213209879333094364e-05,-9.337477515923817996e-06,0.000000000000000000e+00,6.227574632882112646e-03,1.457243206624039947e-05,1.457243206579878698e-05,1.457243206409597124e-05,1.457243206451473924e-05
2.554840322479844973e-03,0.000000000000000000e+00,8.351173583406865174e-05,-9.502575072471035523e-06,0.000000000000000000e+00,6.227569345026453228e-03,1.586061715866568151e-05,1.586061715820690136e-05,1.586061715889123283e-05,1.586061715933449534e-05
2.559840009999374884e-03,0.000000000000000000e+00,8.467806739803252652e-05,-9.667427409671627435e-06,0.000000000000000000e+00,6.227561200557868437e-03,1.834588565965315446e-05,1.834588565917965965e-05,1.834588565902043778e-05,1.834588565949140504e-05
2.564839697518905230e-03,0.000000000000000000e+00,8.560466606249624315e-05,-9.832034527525593731e-06,0.000000000000000000e+00,6.227553171064145743e-03,2.223407582393468682e-05,2.223407582344930306e-05,2.223407582164682711e-05,2.223407582214875512e-05
2.569839385038435141e-03,0.000000000000000000e+00,8.627366549722590881e-05,-9.996396426032941188e-06,0.000000000000000000e+00,6.227549129754971283e-03,2.744712982342812735e-05,2.744712982293480858e-05,2.744712982139436736e-05,2.744712982192929238e-05
2.574839072557965052e-03,0.000000000000000000e+00,8.668140964965023970e-05,-1.016051310519366134e-05,0.000000000000000000e+00,6.227551389806113176e-03,3.369650107312247841e-05,3.369650107262524296e-05,3.369650107293553485e-05,3.369650107350555414e-05
2.579838760077494964e-03,0.000000000000000000e+00,8.684151789006381856e-05,-1.032438456500775926e-05,0.000000000000000000e+00,6.227558851189107271e-03,4.049449040885972311e-05,4.049449040836233858e-05,4.049449040723611002e-05,4.049449040784356817e-05
2.584838447597025309e-03,0.000000000000000000e+00,8.678578613714683834e-05,-1.048801080547523495e-05,0.000000000000000000e+00,6.227567887065516353e-03,4.722035645276946022e-05,4.722035645227639895e-05,4.722035644981470437e-05,4.722035645046104472e-05
2.589838135116555220e-03,0.000000000000000000e+00,8.656343050433792550e-05,-1.065139182659608164e-05,0.000000000000000000e+00,6.227574895343552380e-03,5.336087353408981352e-05,5.336087353360519548e-05,5.336087353324132367e-05,5.336087353392835549e-05
2.594837822636085131e-03,0.000000000000000000e+00,8.623895232577667865e-05,-1.081452762837031288e-05,0.000000000000000000e+00,6.227578025952515417e-03,5.866885202719188401e-05,5.866885202671865687e-05,5.866885202510349379e-05,5.866885202583385303e-05
2.599837510155615043e-03,0.000000000000000000e+00,8.588467650521058102e-05,-1.097741821079791511e-05,0.000000000000000000e+00,6.227577073668589223e-03,6.312682476973493541e-05,6.312682476927671091e-05,6.312682476611273792e-05,6.312682476688843036e-05
2.604837197675145388e-03,0.000000000000000000e+00,8.557048656132724854e-05,-1.114006357387889681e-05,0.000000000000000000e+00,6.227572535879894941e-03,6.689810098228691322e-05,6.689810098184694397e-05,6.689810097944521932e-05,6.689810098026807456e-05
2.609836885194675299e-03,0.000000000000000000e+00,8.535241789286110859e-05,-1.130246371761325459e-05,0.000000000000000000e+00,6.227565452129708683e-03,7.019344360225290955e-05,7.019344360183424488e-05,7.019344360174326676e-05,7.019344360261516860e-05
2.614836572714205210e-03,0.000000000000000000e+00,8.526546669001756798e-05,-1.146461864200098506e-05,0.000000000000000000e+00,6.227557669150581184e-03,7.298341859784856557e-05,7.298341859745494597e-05,7.298341859639959712e-05,7.298341859732161620e-05
2.619836260233735555e-03,0.000000000000000000e+00,8.532066484873756314e-05,-1.162652834704209839e-05,0.000000000000000000e+00,6.227551447568456695e-03,7.487454724068186209e-05,7.487454724031746174e-05,7.487454723943210225e-05,7.487454724040434699e-05
2.624835947753265467e-03,0.000000000000000000e+00,8.550788064593197086e-05,-1.178819283273658440e-05,0.000000000000000000e+00,6.227548636402084961e-03,7.529694096478854173e-05,7.529694096445815822e-05,7.529694096697913156e-05,7.529694096800097856e-05
2.629835635272795378e-03,0.000000000000000000e+00,8.579936738314489816e-05,-1.194961209908444650e-05,0.000000000000000000e+00,6.227549976119778515e-03,7.372045768537656939e-05,7.372045768508548821e-05,7.372045768562070461e-05,7.372045768669075795e-05
2.634835322792325289e-03,0.000000000000000000e+00,8.615408787018640326e-05,-1.211078614608568806e-05,0.000000000000000000e+00,6.227554869331674951e-03,6.982058152944691713e-05,6.982058152920064061e-05,6.982058152858955716e-05,6.982058152970551290e-05
2.639835010311855634e-03,0.000000000000000000e+00,8.652194450855342088e-05,-1.227171497374030231e-05,0.000000000000000000e+00,6.227561677135226743e-03,6.370146147439833216e-05,6.370146147420313511e-05,6.370146147465115456e-05,6.370146147580981431e-05
2.644834697831385546e-03,0.000000000000000000e+00,8.685143831704518827e-05,-1.243239858204829603e-05,0.000000000000000000e+00,6.227568233047476448e-03,5.596473527258315650e-05,5.596473527244539507e-05,5.596473527235714101e-05,5.596473527355452034e-05
2.649834385350915457e-03,0.000000000000000000e+00,8.709829937654498303e-05,-1.259283697100966583e-05,0.000000000000000000e+00,6.227572480275266401e-03,4.751712248191869025e-05,4.751712248184444950e-05,4.751712248026854809e-05,4.751712248150081840e-05
2.654834072870445368e-03,0.000000000000000000e+00,8.723460889805366696e-05,-1.275303014062440832e-05,0.000000000000000000e+00,6.227573131310774890e-03,3.938879471586481483e-05,3.938879471586022730e-05,3.938879471423293471e-05,3.938879471549554912e-05
2.659833760389975713e-03,0.000000000000000000e+00,8.725436553030163969e-05,-1.291297809089253366e-05,0.000000000000000000e+00,6.227570027565034437e-03,3.258044897190241079e-05,3.258044897197308722e-05,3.258044897162335748e-05,3.258044897291188433e-05
2.664833447909505625e-03,0.000000000000000000e+00,8.717493197520260768e-05,-1.307268082181403000e-05,0.000000000000000000e+00,6.227564385830218138e-03,2.773522893238968549e-05,2.773522893253953917e-05,2.773522893090326464e-05,2.773522893221472575e-05
2.669833135429035536e-03,0.000000000000000000e+00,8.703487032321184885e-05,-1.323213833338890580e-05,0.000000000000000000e+00,6.227558656516678053e-03,2.488801735750318051e-05,2.488801735773554197e-05,2.488801735514016526e-05,2.488801735647168411e-05
2.674832822948565881e-03,0.000000000000000000e+00,8.688949928608408983e-05,-1.339135062561715769e-05,0.000000000000000000e+00,6.227555300334901983e-03,2.355360697833907725e-05,2.355360697865626059e-05,2.355360697656311682e-05,2.355360697791256228e-05
2.679832510468095792e-03,0.000000000000000000e+00,8.680249437475596292e-05,-1.355031769849878226e-05,0.000000000000000000e+00,6.227555354403460641e-03,2.294967322024207238e-05,2.294967322064406744e-05,2.294967321946620714e-05,2.294967322083342335e-05
2.684832197987625704e-03,0.000000000000000000e+00,8.683386406189145439e-05,-1.370903955203378969e-05,0.000000000000000000e+00,6.227558066997722699e-03,2.225021346730967763e-05,2.225021346779587115e-05,2.225021346554776778e-05,2.225021346693276830e-05
2.689831885507155615e-03,0.000000000000000000e+00,8.702714957941171494e-05,-1.386751618622216981e-05,0.000000000000000000e+00,6.227561916434560564e-03,2.094534233565758721e-05,2.094534233622690855e-05,2.094534233459204348e-05,2.094534233599497738e-05
2.694831573026685960e-03,0.000000000000000000e+00,8.739849449069328491e-05,-1.402574760106392770e-05,0.000000000000000000e+00,6.227565948207469150e-03,1.904146879337758052e-05,1.904146879402747840e-05,1.904146879526656563e-05,1.904146879668863908e-05
2.699831260546215871e-03,0.000000000000000000e+00,8.793311488120884802e-05,-1.418373379655906337e-05,0.000000000000000000e+00,6.227569620169613220e-03,1.692276001266060544e-05,1.692276001338842358e-05,1.692276001323090594e-05,1.692276001467296937e-05
2.704830948065745783e-03,0.000000000000000000e+00,8.858968336434171859e-05,-1.434147477270757173e-05,0.000000000000000000e+00,6.227571867062064830e-03,1.511328893716000939e-05,1.511328893796338456e-05,1.511328893758477439e-05,1.511328893904686507e-05
2.709830635585275694e-03,0.000000000000000000e+00,8.930950504457669755e-05,-1.449897052950946124e-05,0.000000000000000000e+00,6.227571340143631465e-03,1.407270232340559921e-05,1.407270232428145668e-05,1.407270232509378161e-05,1.407270232657614856e-05
2.714830323104806039e-03,0.000000000000000000e+00,9.002479268808730672e-05,-1.465622106696472514e-05,0.000000000000000000e+00,6.227567607442623804e-03,1.394560804616732851e-05,1.394560804711263930e-05,1.394560804681793451e-05,1.394560804832005089e-05
2.719830010624335950e-03,0.000000000000000000e+00,9.066780637146602383e-05,-1.481322638507336343e-05,0.000000000000000000e+00,6.227561977088970878e-03,1.444491915558520373e-05,1.444491915659729968e-05,1.444491915465387915e-05,1.444491915617420842e-05
2.724829698143865862e-03,0.000000000000000000e+00,9.117853599067786679e-05,-1.496998648383538288e-05,0.000000000000000000e+00,6.227556920819537351e-03,1.501097548393960861e-05,1.501097548501555052e-05,1.501097548312095127e-05,1.501097548465729624e-05
2.729829385663395773e-03,0.000000000000000000e+00,9.151215046186001291e-05,-1.512650136325077332e-05,0.000000000000000000e+00,6.227554520997914678e-03,1.504644908236958293e-05,1.504644908350676871e-05,1.504644908264232754e-05,1.504644908419138478e-05
2.734829073182926118e-03,0.000000000000000000e+00,9.164334602976551339e-05,-1.528277102331954154e-05,0.000000000000000000e+00,6.227555594813290706e-03,1.408507402979060675e-05,1.408507403098649021e-05,1.408507402925597310e-05,1.408507403081347865e-05
2.739828760702456029e-03,0.000000000000000000e+00,9.156892461171684959e-05,-1.543879546404168583e-05,0.000000000000000000e+00,6.227559694859128268e-03,1.196476248029840001e-05,1.196476248154996404e-05,1.196476247976433727e-05,1.196476248132573070e-05
2.744828448221985941e-03,0.000000000000000000e+00,9.130407265601051296e-05,-1.559457468541721129e-05,0.000000000000000000e+00,6.227565302200716718e-03,8.916552911368369830e-06,8.916552912672216116e-06,8.916552912398604145e-06,8.916552913959059062e-06
2.749828135741516286e-03,0.000000000000000000e+00,9.087725530941720713e-05,-1.575010868744610774e-05,0.000000000000000000e+00,6.227570303075256712e-03,5.444740258424163467e-06,5.444740259775939959e-06,5.444740260273556569e-06,5.444740261828710754e-06
2.754827823261046197e-03,0.000000000000000000e+00,9.032530072012305176e-05,-1.590539747012838196e-05,0.000000000000000000e+00,6.227572686999775439e-03,2.127398918890305158e-06,2.127398920284795828e-06,2.127398919584753590e-06,2.127398921130815724e-06
2.759827510780576108e-03,0.000000000000000000e+00,8.969110281973558733e-05,-1.606044103346403396e-05,0.000000000000000000e+00,6.227571480303672156e-03,-5.609397984918760037e-07,-5.609397970602124459e-07,-5.609397969577705872e-07,-5.609397954243800665e-07
2.764827198300106020e-03,0.000000000000000000e+00,8.901873645246385219e-05,-1.621523937745306034e-05,0.000000000000000000e+00,6.227567420117881281e-03,-2.438448187288061309e-06,-2.438448185825257432e-06,-2.438448184064458894e-06,-2.438448182546995981e-06
2.769826885819636365e-03,0.000000000000000000e+00,8.834934829285187954e-05,-1.636979250209546450e-05,0.000000000000000000e+00,6.227562330006730998e-03,-3.730165915817202572e-06,-3.730165914329448492e-06,-3.730165914275660206e-06,-3.730165912776945520e-06
2.774826573339166276e-03,0.000000000000000000e+00,8.771694537581216432e-05,-1.652410040739124304e-05,0.000000000000000000e+00,6.227557898839984965e-03,-5.006828639245910063e-06,-5.006828637738642039e-06,-5.006828637607438329e-06,-5.006828636130895578e-06
2.779826260858696187e-03,0.000000000000000000e+00,8.714625702072773493e-05,-1.667816309334039596e-05,0.000000000000000000e+00,6.227555060342300670e-03,-7.040239810975551716e-06,-7.040239809453924789e-06,-7.040239808178879317e-06,-7.040239806727977947e-06
2.784825948378226099e-03,0.000000000000000000e+00,8.665323033282327472e-05,-1.683198055994293004e-05,0.000000000000000000e+00,6.227554088131651011e-03,-1.062505394425216926e-05,-1.062505394272096748e-05,-1.062505394265101780e-05,-1.062505394122944241e-05
2.789825635897756444e-03,0.000000000000000000e+00,8.624989380850487763e-05,-1.698555280719883512e-05,0.000000000000000000e+00,6.227555124961069340e-03,-1.635750263922919147e-05,-1.635750263769185039e-05,-1.635750263938076632e-05,-1.635750263799297399e-05
2.794825323417286355e-03,0.000000000000000000e+00,8.594681737585595747e-05,-1.713887983510811459e-05,0.000000000000000000e+00,6.227558207947784218e-03,-2.443917160138102458e-05,-2.443917159984047833e-05,-2.443917160121549740e-05,-2.443917159986634671e-05
2.799825010936816266e-03,0.000000000000000000e+00,8.575151380680839214e-05,-1.729196164367077860e-05,0.000000000000000000e+00,6.227562672509936482e-03,-3.461176626867765811e-05,-3.461176626713655959e-05,-3.461176626845244221e-05,-3.461176626714673076e-05
2.804824698456346611e-03,0.000000000000000000e+00,8.566535876791214841e-05,-1.744479823288681361e-05,0.000000000000000000e+00,6.227567166412373290e-03,-4.621048339753888214e-05,-4.621048339599924729e-05,-4.621048339906256566e-05,-4.621048339780573140e-05
2.809824385975876523e-03,0.000000000000000000e+00,8.568199085719908740e-05,-1.759738960275622301e-05,0.000000000000000000e+00,6.227570230488093869e-03,-5.830439089207412376e-05,-5.830439089053798547e-05,-5.830439089306628395e-05,-5.830439089186349039e-05
2.814824073495406434e-03,0.000000000000000000e+00,8.578706743229141008e-05,-1.774973575327901357e-05,0.000000000000000000e+00,6.227570963248136617e-03,-6.984045051642136454e-05,-6.984045051489124357e-05,-6.984045051587294797e-05,-6.984045051472908758e-05
2.819823761014936345e-03,0.000000000000000000e+00,8.595881751189757953e-05,-1.790183668445517851e-05,0.000000000000000000e+00,6.227569537456653474e-03,-7.977694947566760697e-05,-7.977694947414591567e-05,-7.977694947435545129e-05,-7.977694947327520646e-05
2.824823448534466690e-03,0.000000000000000000e+00,8.616930943206428943e-05,-1.805369239628471783e-05,0.000000000000000000e+00,6.227566946263135908e-03,-8.720056478090416495e-05,-8.720056477939433211e-05,-8.720056477922602327e-05,-8.720056477821354107e-05
2.829823136053996602e-03,0.000000000000000000e+00,8.638402090031155648e-05,-1.820530288876763493e-05,0.000000000000000000e+00,6.227564475837637191e-03,-9.144343387804874891e-05,-9.144343387655496226e-05,-9.144343387476441592e-05,-9.144343387382279989e-05
2.834822823573526513e-03,0.000000000000000000e+00,8.656300272550132059e-05,-1.835666816190392641e-05,0.000000000000000000e+00,6.227563172546073111e-03,-9.217353078447081908e-05,-9.217353078299793043e-05,-9.217353077996864245e-05,-9.217353077910030493e-05
2.839822511093056424e-03,0.000000000000000000e+00,8.666530549702513577e-05,-1.850778821569359906e-05,0.000000000000000000e+00,6.227563282429122819e-03,-8.945557889246578639e-05,-8.945557889101959622e-05,-8.945557888893185651e-05,-8.945557888813799013e-05
2.844822198612586769e-03,0.000000000000000000e+00,8.665758095143159486e-05,-1.865866305013664270e-05,0.000000000000000000e+00,6.227564273399424297e-03,-8.370749406940607758e-05,-8.370749406799324018e-05,-8.370749406636634061e-05,-8.370749406564725707e-05
2.849821886132116681e-03,0.000000000000000000e+00,8.651872063271636966e-05,-1.880929266523306072e-05,0.000000000000000000e+00,6.227565181759523241e-03,-7.556779623359640720e-05,-7.556779623222341423e-05,-7.556779623086790402e-05,-7.556779623022345425e-05
2.854821573651646592e-03,0.000000000000000000e+00,8.624218520902824086e-05,-1.895967706098286329e-05,0.000000000000000000e+00,6.227565087556530612e-03,-6.574421430686119686e-05,-6.574421430553491945e-05,-6.574421430547219836e-05,-6.574421430490166407e-05
2.859821261171176937e-03,0.000000000000000000e+00,8.583568639264169294e-05,-1.910981623738603686e-05,0.000000000000000000e+00,6.227563737112217813e-03,-5.493758252133212102e-05,-5.493758252005904406e-05,-5.493758252233424909e-05,-5.493758252183670871e-05
2.864820948690706848e-03,0.000000000000000000e+00,8.532194294073336697e-05,-1.925971019444258143e-05,0.000000000000000000e+00,6.227561745799243924e-03,-4.382827504710993974e-05,-4.382827504589568751e-05,-4.382827504768651845e-05,-4.382827504726161962e-05
2.869820636210236760e-03,0.000000000000000000e+00,8.473702240373567137e-05,-1.940935893215251054e-05,0.000000000000000000e+00,6.227560231006764972e-03,-3.312083917521058433e-05,-3.312083917405999510e-05,-3.312083917478011541e-05,-3.312083917442761418e-05
2.874820323729766671e-03,0.000000000000000000e+00,8.413023510865188961e-05,-1.955876245051581404e-05,0.000000000000000000e+00,6.227560202019610282e-03,-2.355987321766983290e-05,-2.355987321658737561e-05,-2.355987321869914056e-05,-2.355987321841884719e-05
2.879820011249297016e-03,0.000000000000000000e+00,8.355969199679049429e-05,-1.970792074953248854e-05,0.000000000000000000e+00,6.227561829172402995e-03,-1.584635834592751675e-05,-1.584635834491597645e-05,-1.584635834603235571e-05,-1.584635834582478521e-05
2.884819698768826927e-03,0.000000000000000000e+00,8.308563287304237838e-05,-1.985683382920254420e-05,0.000000000000000000e+00,6.227564226703994656e-03,-1.043825886759607450e-05,-1.043825886665783982e-05,-1.043825886623901252e-05,-1.043825886610446303e-05
2.889819386288356839e-03,0.000000000000000000e+00,8.276202939792084295e-05,-2.000550168952597424e-05,0.000000000000000000e+00,6.227566121712871904e-03,-7.386092486971750453e-06,-7.386092486108510377e-06,-7.386092485916420246e-06,-7.386092485855281408e-06
2.894819073807886750e-03,0.000000000000000000e+00,8.263399991590821762e-05,-2.015392433050278205e-05,0.000000000000000000e+00,6.227566645946458132e-03,-6.289921124904702006e-06,-6.289921124117135007e-06,-6.289921124540082275e-06,-6.289921124552943623e-06
2.899818761327417095e-03,0.000000000000000000e+00,8.273490113549762681e-05,-2.030210175213296425e-05,0.000000000000000000e+00,6.227565909776660268e-03,-6.396450937774876630e-06,-6.396450937063670498e-06,-6.396450936368707069e-06,-6.396450936455532182e-06
2.904818448846947006e-03,0.000000000000000000e+00,8.308283728588757001e-05,-2.045003395441652083e-05,0.000000000000000000e+00,6.227564882917841806e-03,-6.805081081275094864e-06,-6.805081080640711233e-06,-6.805081078522324183e-06,-6.805081078682636180e-06
2.909818136366476918e-03,0.000000000000000000e+00,8.367469298096032009e-05,-2.059772093735345858e-05,0.000000000000000000e+00,6.227564568380347665e-03,-6.733275638870868783e-06,-6.733275638313363556e-06,-6.733275636684071965e-06,-6.733275636917136468e-06
2.914817823886007263e-03,0.000000000000000000e+00,8.448297090243495522e-05,-2.074516270094377071e-05,0.000000000000000000e+00,6.227565331172786253e-03,-5.736796360811301918e-06,-5.736796360331049483e-06,-5.736796358264863380e-06,-5.736796358569021053e-06
2.919817511405537174e-03,0.000000000000000000e+00,8.545354177889940910e-05,-2.089235924518745383e-05,0.000000000000000000e+00,6.227566513988278506e-03,-3.842424788850612902e-06,-3.842424788447667470e-06,-3.842424785119488673e-06,-3.842424785492484714e-06
2.924817198925067085e-03,0.000000000000000000e+00,8.650958028190037911e-05,-2.103931057008452151e-05,0.000000000000000000e+00,6.227566688200471788e-03,-1.542987405570077987e-06,-1.542987405243711110e-06,-1.542987403241889347e-06,-1.542987403681682406e-06
2.929816886444596997e-03,0.000000000000000000e+00,8.756007918101079649e-05,-2.118601667563496356e-05,0.000000000000000000e+00,6.227564677514972613e-03,3.675074750690590056e-07,3.675074753199857400e-07,3.675074740025708331e-07,3.675074734983668480e-07
2.934816573964127342e-03,0.000000000000000000e+00,8.850824550158135819e-05,-2.133247756183877662e-05,0.000000000000000000e+00,6.227560587964853928e-03,1.053988705664204688e-06,1.053988705841976999e-06,1.053988704937187416e-06,1.053988704370518562e-06
2.939816261483657253e-03,0.000000000000000000e+00,8.925669255448266171e-05,-2.147869322869597083e-05,0.000000000000000000e+00,6.227556128931565488e-03,-9.622418109064604814e-08,-9.622418098228215858e-08,-9.622418213979884430e-08,-9.622418276777890700e-08
2.944815949003187164e-03,0.000000000000000000e+00,8.971549164504546644e-05,-2.162466367620653943e-05,0.000000000000000000e+00,6.227553837984949048e-03,-3.263433241601428278e-06,-3.263433241558289313e-06,-3.263433245767366282e-06,-3.263433246455493730e-06
2.949815636522717076e-03,0.000000000000000000e+00,8.981297040967033108e-05,-2.177038890437048242e-05,0.000000000000000000e+00,6.227555481903918749e-03,-8.115165266641151246e-06,-8.115165266658244371e-06,-8.115165268521659257e-06,-8.115165269269098070e-06
2.954815324042247421e-03,0.000000000000000000e+00,8.950348159230123505e-05,-2.191586891318780318e-05,0.000000000000000000e+00,6.227560867069206405e-03,-1.384697590049693134e-05,-1.384697590056867164e-05,-1.384697589960072982e-05,-1.384697590040688835e-05
2.959815011561777332e-03,0.000000000000000000e+00,8.877143250754738959e-05,-2.206110370265849832e-05,0.000000000000000000e+00,6.227567766086951513e-03,-1.928695576771767017e-05,-1.928695576783879927e-05,-1.928695576736960061e-05,-1.928695576823327945e-05
2.964814699081307244e-03,0.000000000000000000e+00,8.763059766328570985e-05,-2.220609327278257123e-05,0.000000000000000000e+00,6.227572765939021204e-03,-2.310300424368878005e-05,-2.310300424385400229e-05,-2.310300424254489932e-05,-2.310300424346457381e-05
2.969814386600837589e-03,0.000000000000000000e+00,8.611925398317979061e-05,-2.235083762356002192e-05,0.000000000000000000e+00,6.227573137804664517e-03,-2.408204693827030834e-05,-2.408204693847468383e-05,-2.408204693553976549e-05,-2.408204693651349763e-05
2.974814074120367500e-03,0.000000000000000000e+00,8.429298762519915047e-05,-2.249533675499084361e-05,0.000000000000000000e+00,6.227568563381079801e-03,-2.135475405841091948e-05,-2.135475405865021645e-05,-2.135475405640210970e-05,-2.135475405742694502e-05
2.979813761639897411e-03,0.000000000000000000e+00,8.222270651465797542e-05,-2.263959066707504645e-05,0.000000000000000000e+00,6.227561365974527974e-03,-1.454341253233691381e-05,-1.454341253260747307e-05,-1.454341253244153085e-05,-1.454341253351380341e-05
2.984813449159427323e-03,0.000000000000000000e+00,7.999146093670518663e-05,-2.278359935981262707e-05,0.000000000000000000e+00,6.227555183862301322e-03,-3.871733926818428812e-06,-3.871733927117610166e-06,-3.871733926627668522e-06,-3.871733927742573098e-06
2.989813136678957668e-03,0.000000000000000000e+00,7.768778615404434607e-05,-2.292736283320357529e-05,0.000000000000000000e+00,6.227552673585466832e-03,9.870822316287375050e-06,9.870822315961204685e-06,9.870822317132146420e-06,9.870822315980457744e-06
2.994812824198487579e-03,0.000000000000000000e+00,7.539565457856499538e-05,-2.307088108724790807e-05,0.000000000000000000e+00,6.227554192850941542e-03,2.551009166671643823e-05,2.551009166636415384e-05,2.551009166588982894e-05,2.551009166470814344e-05
2.999812511718017490e-03,0.000000000000000000e+00,7.319040173146033554e-05,-2.321415412194561523e-05,0.000000000000000000e+00,6.227558262104275141e-03,4.167885526998859615e-05,4.167885526961004019e-05,4.167885526844594587e-05,4.167885526724219008e-05
3.004812199237547402e-03,0.000000000000000000e+00,7.113442212584145693e-05,-2.335718193729669677e-05,0.000000000000000000e+00,6.227562896415660305e-03,5.700577038907030016e-05,5.700577038866488986e-05,5.700577038921237130e-05,5.700577038799509009e-05
3.009811886757077747e-03,0.000000000000000000e+00,6.927602809369523594e-05,-2.349996453330115609e-05,0.000000000000000000e+00,6.227566874997879191e-03,7.035901798544782928e-05,7.035901798501536814e-05,7.035901798457580548e-05,7.035901798335346239e-05
3.014811574276607658e-03,0.000000000000000000e+00,6.764831127208335837e-05,-2.364250190995898979e-05,0.000000000000000000e+00,6.227569855173151550e-03,8.100092465074792676e-05,8.100092465028817083e-05,8.100092464704937434e-05,8.100092464583043294e-05
3.019811261796137569e-03,0.000000000000000000e+00,6.626954093364576166e-05,-2.378479406727019787e-05,0.000000000000000000e+00,6.227571580242441222e-03,8.857012888072971109e-05,8.857012888024339220e-05,8.857012887881828976e-05,8.857012887761078670e-05
3.024810949315667914e-03,0.000000000000000000e+00,6.513882667793316494e-05,-2.392684100523478712e-05,0.000000000000000000e+00,6.227571505147195229e-03,9.299433101499221532e-05,9.299433101448156965e-05,9.299433101408411469e-05,9.299433101289459583e-05
3.029810636835197826e-03,0.000000000000000000e+00,6.423862515918196691e-05,-2.406864272385274736e-05,0.000000000000000000e+00,6.227569244816644894e-03,9.432733591205406574e-05,9.432733591152223747e-05,9.432733590964658126e-05,9.432733590848094195e-05
3.034810324354727737e-03,0.000000000000000000e+00,6.354047851471960684e-05,-2.421019922312408538e-05,0.000000000000000000e+00,6.227565255343334161e-03,9.248678623767912408e-05,9.248678623713043646e-05,9.248678623736713135e-05,9.248678623623008787e-05
3.039810011874257648e-03,0.000000000000000000e+00,6.301118243661244477e-05,-2.435151050304880456e-05,0.000000000000000000e+00,6.227560850663355768e-03,8.717805911397923948e-05,8.717805911341911353e-05,8.717805911575378028e-05,8.717805911464915445e-05
3.044809699393787993e-03,0.000000000000000000e+00,6.261314358849807103e-05,-2.449257656362689134e-05,0.000000000000000000e+00,6.227557366214465755e-03,7.814888490713034421e-05,7.814888490656432291e-05,7.814888490823544438e-05,7.814888490716669208e-05
3.049809386913317905e-03,0.000000000000000000e+00,6.230759723025088850e-05,-2.463339740485835929e-05,0.000000000000000000e+00,6.227555712628602032e-03,6.550624275167483317e-05,6.550624275110839174e-05,6.550624275170847054e-05,6.550624275067895282e-05
3.054809074432847816e-03,0.000000000000000000e+00,6.205582871143756809e-05,-2.477397302674320500e-05,0.000000000000000000e+00,6.227556618416454741e-03,4.992816819953298989e-05,4.992816819897162388e-05,4.992816820005995958e-05,4.992816819907283416e-05
3.059808761952377727e-03,0.000000000000000000e+00,6.182091278131685399e-05,-2.491430342928142172e-05,0.000000000000000000e+00,6.227560290021472156e-03,3.275320846979352100e-05,3.275320846924245491e-05,3.275320847002031576e-05,3.275320846907862519e-05
3.064808449471908072e-03,0.000000000000000000e+00,6.156954787296198359e-05,-2.505438861247301959e-05,0.000000000000000000e+00,6.227565614762002599e-03,1.578585192367534795e-05,1.578585192313897959e-05,1.578585192131261053e-05,1.578585192041982764e-05
3.069808136991437984e-03,0.000000000000000000e+00,6.127606263889502115e-05,-2.519422857631799185e-05,0.000000000000000000e+00,6.227570105597575803e-03,8.300064628971684397e-07,8.300064623793771990e-07,8.300064610419867142e-07,8.300064602016334688e-07
3.074807824510967895e-03,0.000000000000000000e+00,6.092008518829030675e-05,-2.533382332081633850e-05,0.000000000000000000e+00,6.227571382646660339e-03,-1.070152685824995071e-05,-1.070152685874597659e-05,-1.070152685861284503e-05,-1.070152685939717043e-05
3.079807512030498240e-03,0.000000000000000000e+00,6.048389762896461705e-05,-2.547317284596806630e-05,0.000000000000000000e+00,6.227569083219043275e-03,-1.801464695022091437e-05,-1.801464695069267784e-05,-1.801464695174367632e-05,-1.801464695246826896e-05
3.084807199550028151e-03,0.000000000000000000e+00,5.995509059678486648e-05,-2.561227715177316511e-05,0.000000000000000000e+00,6.227564875726077261e-03,-2.106576204902163899e-05,-2.106576204946747986e-05,-2.106576205176714382e-05,-2.106576205242801587e-05
3.089806887069558063e-03,0.000000000000000000e+00,5.933215755851911562e-05,-2.575113623823164168e-05,0.000000000000000000e+00,6.227560868232997690e-03,-2.049162424549411349e-05,-2.049162424591225977e-05,-2.049162424693767108e-05,-2.049162424753199005e-05
3.094806574589087974e-03,0.000000000000000000e+00,5.862601914982205209e-05,-2.588975010534349942e-05,0.000000000000000000e+00,6.227558365722560101e-03,-1.727159038425733856e-05,-1.727159038464593017e-05,-1.727159038562239314e-05,-1.727159038614788561e-05
3.099806262108618319e-03,0.000000000000000000e+00,5.786121033854036138e-05,-2.602811875310872476e-05,0.000000000000000000e+00,6.227557848118426068e-03,-1.239134557259186595e-05,-1.239134557294895302e-05,-1.239134557649876815e-05,-1.239134557695399754e-05
3.104805949628148230e-03,0.000000000000000000e+00,5.707720577586343990e-05,-2.616624218152732788e-05,0.000000000000000000e+00,6.227559459149384011e-03,-6.620118765531852553e-06,-6.620118765855270061e-06,-6.620118767304468895e-06,-6.620118767688832118e-06
3.109805637147678142e-03,0.000000000000000000e+00,5.632474274906510423e-05,-2.630412039059931215e-05,0.000000000000000000e+00,6.227562842246831161e-03,-3.814499997957921796e-07,-3.814500000826576748e-07,-3.814499993979323339e-07,-3.814499997123496934e-07
3.114805324667208053e-03,0.000000000000000000e+00,5.566195650705459288e-05,-2.644175338032466743e-05,0.000000000000000000e+00,6.227566749577969490e-03,6.213396056240185270e-06,6.213396055992223998e-06,6.213396055817891065e-06,6.213396055572466656e-06
3.119805012186738398e-03,0.000000000000000000e+00,5.515184502787268893e-05,-2.657914115070340047e-05,0.000000000000000000e+00,6.227569560250347490e-03,1.309668399586177891e-05,1.309668399565495719e-05,1.309668399637105409e-05,1.309668399619316192e-05
3.124804699706268309e-03,0.000000000000000000e+00,5.485564312947800660e-05,-2.671628370173551129e-05,0.000000000000000000e+00,6.227570358793106317e-03,2.001403907617222130e-05,2.001403907600855759e-05,2.001403907853204831e-05,2.001403907841970803e-05
3.129804387225798221e-03,0.000000000000000000e+00,5.481857472573017150e-05,-2.685318103342099649e-05,0.000000000000000000e+00,6.227569359020646185e-03,2.647140150669068559e-05,2.647140150657102355e-05,2.647140150818094519e-05,2.647140150813274563e-05
3.134804074745328566e-03,0.000000000000000000e+00,5.506151331336209211e-05,-2.698983314575985947e-05,0.000000000000000000e+00,6.227567528879188533e-03,3.179400589066907725e-05,3.179400589059288494e-05,3.179400588883207963e-05,3.179400588884723135e-05
3.139803762264858477e-03,0.000000000000000000e+00,5.557809137112746322e-05,-2.712624003875209683e-05,0.000000000000000000e+00,6.227565855258558429e-03,3.523773940117746681e-05,3.523773940114316536e-05,3.523773940032346786e-05,3.523773940040170660e-05
3.144803449784388388e-03,0.000000000000000000e+00,5.633558458900013438e-05,-2.726240171239770858e-05,0.000000000000000000e+00,6.227564754920580578e-03,3.622810393715791811e-05,3.622810393716279024e-05,3.622810393570829914e-05,3.622810393584994338e-05
3.149803137303918300e-03,0.000000000000000000e+00,5.727829457399732520e-05,-2.739831816669670487e-05,0.000000000000000000e+00,6.227563880166010583e-03,3.455634176108294062e-05,3.455634176112327971e-05,3.455634175736479801e-05,3.455634175757057281e-05
3.154802824823448645e-03,0.000000000000000000e+00,5.833917824428539150e-05,-2.753398940164906877e-05,0.000000000000000000e+00,6.227562242503760850e-03,3.044088863583599078e-05,3.044088863590748375e-05,3.044088863337849748e-05,3.044088863364935151e-05
3.159802512342978556e-03,0.000000000000000000e+00,5.944720131723236340e-05,-2.766941541725481045e-05,0.000000000000000000e+00,6.227559203183161834e-03,2.446357129913977318e-05,2.446357129923759871e-05,2.446357129792217349e-05,2.446357129825905204e-05
3.164802199862508467e-03,0.000000000000000000e+00,6.053344742633723639e-05,-2.780459621351393328e-05,0.000000000000000000e+00,6.227555596138107698e-03,1.741726991228588061e-05,1.741726991240524110e-05,1.741726991153539925e-05,1.741726991193888170e-05
3.169801887382038379e-03,0.000000000000000000e+00,6.153830392087083015e-05,-2.793953179042642712e-05,0.000000000000000000e+00,6.227553522268749336e-03,1.001211339697278613e-05,1.001211339710861295e-05,1.001211339487682174e-05,1.001211339534717744e-05
3.174801574901568724e-03,0.000000000000000000e+00,6.241974722743571548e-05,-2.807422214799229872e-05,0.000000000000000000e+00,6.227554835335685768e-03,2.626662548636872924e-06,2.626662548784304091e-06,2.626662548491840555e-06,2.626662549028744247e-06
3.179801262421098635e-03,0.000000000000000000e+00,6.315091096636110516e-05,-2.820866728621154810e-05,0.000000000000000000e+00,6.227559527903710895e-03,-4.702657112699916192e-06,-4.702657112544834624e-06,-4.702657112609022781e-06,-4.702657112007297351e-06
3.184800949940628546e-03,0.000000000000000000e+00,6.371904486077442848e-05,-2.834286720508417186e-05,0.000000000000000000e+00,6.227565675658369541e-03,-1.206612242417078768e-05,-1.206612242401141335e-05,-1.206612242657182285e-05,-1.206612242590798449e-05
3.189800637460158891e-03,0.000000000000000000e+00,6.412654345811739107e-05,-2.847682190461017001e-05,0.000000000000000000e+00,6.227570695610390450e-03,-1.949156677312761688e-05,-1.949156677296653154e-05,-1.949156677382770655e-05,-1.949156677310571260e-05
3.194800324979688803e-03,0.000000000000000000e+00,6.439182768756974149e-05,-2.861053138478954593e-05,0.000000000000000000e+00,6.227572513959084288e-03,-2.683314210757920893e-05,-2.683314210741766280e-05,-2.683314210692133199e-05,-2.683314210614665598e-05
3.199800012499218714e-03,0.000000000000000000e+00,6.454748782879281375e-05,-2.874399564562229623e-05,0.000000000000000000e+00,6.227570289265882929e-03,-3.371307961592917931e-05,-3.371307961576770773e-05,-3.371307961553318125e-05,-3.371307961471226402e-05
3.204799700018748625e-03,0.000000000000000000e+00,6.464404427125921150e-05,-2.887721468710842770e-05,0.000000000000000000e+00,6.227564865061525554e-03,-3.955785846604492856e-05,-3.955785846588418203e-05,-3.955785846633947918e-05,-3.955785846547894792e-05
3.209799387538278970e-03,0.000000000000000000e+00,6.474793868287865445e-05,-2.901018850924793016e-05,0.000000000000000000e+00,6.227558717283246045e-03,-4.373624914587582156e-05,-4.373624914571647772e-05,-4.373624914393559434e-05,-4.373624914304215754e-05
3.214799075057808882e-03,0.000000000000000000e+00,6.493208963221969079e-05,-2.914291711204080701e-05,0.000000000000000000e+00,6.227554903202837770e-03,-4.564390511100546906e-05,-4.564390511084844948e-05,-4.564390511061928979e-05,-4.564390510969958142e-05
3.219798762577338793e-03,0.000000000000000000e+00,6.526563424928036696e-05,-2.927540049548706840e-05,0.000000000000000000e+00,6.227555307464084644e-03,-4.481867224376163023e-05,-4.481867224360909654e-05,-4.481867224605136358e-05,-4.481867224511110279e-05
3.224798450096868704e-03,0.000000000000000000e+00,6.580744119057473052e-05,-2.940763865958670079e-05,0.000000000000000000e+00,6.227559356084567781e-03,-4.118967161292969367e-05,-4.118967161278402434e-05,-4.118967161411447593e-05,-4.118967161315888046e-05
3.229798137616399049e-03,0.000000000000000000e+00,6.659530791710267209e-05,-2.953963160433970757e-05,0.000000000000000000e+00,6.227564541769830056e-03,-3.524297590952953123e-05,-3.524297590939319281e-05,-3.524297591227127524e-05,-3.524297591130579320e-05
3.234797825135928961e-03,0.000000000000000000e+00,6.763660470227933963e-05,-2.967137932974609550e-05,0.000000000000000000e+00,6.227568321811911486e-03,-2.792712936486252352e-05,-2.792712936473784705e-05,-2.792712936706860050e-05,-2.792712936609855466e-05
3.239797512655458872e-03,0.000000000000000000e+00,6.890662576442306087e-05,-2.980288183580585783e-05,0.000000000000000000e+00,6.227569656093515094e-03,-2.047090392854711109e-05,-2.047090392843620399e-05,-2.047090393034496563e-05,-2.047090392937572954e-05
3.244797200174989217e-03,0.000000000000000000e+00,7.035075738086387861e-05,-2.993413912251899453e-05,0.000000000000000000e+00,6.227569100172229526e-03,-1.418059318131398744e-05,-1.418059318121817446e-05,-1.418059318060900870e-05,-1.418059317964660986e-05
3.249796887694519128e-03,0.000000000000000000e+00,7.188880151203595466e-05,-3.006515118988550901e-05,0.000000000000000000e+00,6.227567626667276056e-03,-1.012581477110772820e-05,-1.012581477102745658e-05,-1.012581476906341079e-05,-1.012581476811448317e-05
3.254796575214049040e-03,0.000000000000000000e+00,7.342733705702902958e-05,-3.019591803790539787e-05,0.000000000000000000e+00,6.227565814897099462e-03,-8.896288332253422392e-06,-8.896288332188654864e-06,-8.896288331982612406e-06,-8.896288331054142323e-06
3.259796262733578951e-03,0.000000000000000000e+00,7.487627251898182010e-05,-3.032643966657866451e-05,0.000000000000000000e+00,6.227564014919655458e-03,-1.057817724651563432e-05,-1.057817724646587283e-05,-1.057817724458625589e-05,-1.057817724368564642e-05
3.264795950253109296e-03,0.000000000000000000e+00,7.615816810838415857e-05,-3.045671607590530553e-05,0.000000000000000000e+00,6.227562672844993118e-03,-1.475992677478232964e-05,-1.475992677474646796e-05,-1.475992677390816453e-05,-1.475992677304328799e-05
3.269795637772639207e-03,0.000000000000000000e+00,7.721583119722442371e-05,-3.058674726588532093e-05,0.000000000000000000e+00,6.227562126396305603e-03,-2.050534704820898208e-05,-2.050534704818563107e-05,-2.050534704918536712e-05,-2.050534704836431098e-05
3.274795325292169119e-03,0.000000000000000000e+00,7.801977960939570299e-05,-3.071653323651871750e-05,0.000000000000000000e+00,6.227562144212747501e-03,-2.654259626385256692e-05,-2.654259626384083721e-05,-2.654259626580535056e-05,-2.654259626503557379e-05
3.279795012811699030e-03,0.000000000000000000e+00,7.857062836920412419e-05,-3.084607398780548845e-05,0.000000000000000000e+00,6.227562171667442269e-03,-3.157959633043731806e-05,-3.157959633043634905e-05,-3.157959633073789956e-05,-3.157959633002661550e-05
3.284794700331229375e-03,0.000000000000000000e+00,7.889277088610168723e-05,-3.097536951974563379e-05,0.000000000000000000e+00,6.227562054095668771e-03,-3.450785613797476383e-05,-3.450785613798370850e-05,-3.450785613860315386e-05,-3.450785613795722686e-05
3.289794387850759286e-03,0.000000000000000000e+00,7.902993436230594266e-05,-3.110441983233916028e-05,0.000000000000000000e+00,6.227562212218282732e-03,-3.458213516851767026e-05,-3.458213516853691485e-05,-3.458213516981102859e-05,-3.458213516923572381e-05
3.294794075370289198e-03,0.000000000000000000e+00,7.903766260984518884e-05,-3.123322492558606116e-05,0.000000000000000000e+00,6.227562886578924713e-03,-3.162934116010051395e-05,-3.162934116013142727e-05,-3.162934115859295794e-05,-3.162934115809221916e-05
3.299793762889819543e-03,0.000000000000000000e+00,7.897386070322558757e-05,-3.136178479948632965e-05,0.000000000000000000e+00,6.227563532899813015e-03,-2.601496488742512176e-05,-2.601496488746918442e-05,-2.601496488790471859e-05,-2.601496488748166630e-05
3.304793450409349454e-03,0.000000000000000000e+00,7.889094233891257523e-05,-3.149009945403998608e-05,0.000000000000000000e+00,6.227563216951883737e-03,-1.845575459179031022e-05,-1.845575459185058847e-05,-1.845575459251025434e-05,-1.845575459216591173e-05
3.309793137928879365e-03,0.000000000000000000e+00,7.883544838369619312e-05,-3.161816888924701011e-05,0.000000000000000000e+00,6.227561504039139800e-03,-9.908277402975643511e-06,-9.908277403056519911e-06,-9.908277403841138389e-06,-9.908277403574465312e-06
3.314792825448409277e-03,0.000000000000000000e+00,7.884347133235689617e-05,-3.174599310510740853e-05,0.000000000000000000e+00,6.227559079265808893e-03,-1.413530788506305876e-06,-1.413530788612069798e-06,-1.413530788749505976e-06,-1.413530788558781261e-06
3.319792512967939622e-03,0.000000000000000000e+00,7.893545761564997934e-05,-3.187357210162119488e-05,0.000000000000000000e+00,6.227557369589072772e-03,6.182717767770635529e-06,6.182717767635396554e-06,6.182717768512560158e-06,6.182717768630406158e-06
3.324792200487469533e-03,0.000000000000000000e+00,7.911245194882913427e-05,-3.200090587878834885e-05,0.000000000000000000e+00,6.227557546505436276e-03,1.231307148228311102e-05,1.231307148211385351e-05,1.231307148308593393e-05,1.231307148313478910e-05
3.329791888006999444e-03,0.000000000000000000e+00,7.935584329931286911e-05,-3.212799443660887720e-05,0.000000000000000000e+00,6.227559840788489745e-03,1.656467999110502863e-05,1.656467999089917929e-05,1.656467999604857041e-05,1.656467999603145356e-05
3.334791575526529356e-03,0.000000000000000000e+00,7.962475979263423985e-05,-3.225483777508278670e-05,0.000000000000000000e+00,6.227563564213760110e-03,1.860854967591645968e-05,1.860854967567303258e-05,1.860854968071915343e-05,1.860854968063833972e-05
3.339791263046059701e-03,0.000000000000000000e+00,7.986169676625108692e-05,-3.238143589421007060e-05,0.000000000000000000e+00,6.227567659899669456e-03,1.819521797152080832e-05,1.819521797124028456e-05,1.819521797565176090e-05,1.819521797550871398e-05
3.344790950565589612e-03,0.000000000000000000e+00,8.000401195202179862e-05,-3.250778879399072888e-05,0.000000000000000000e+00,6.227571126192829945e-03,1.513460679730375692e-05,1.513460679698853022e-05,1.513460680047606810e-05,1.513460680027105733e-05
3.349790638085119523e-03,0.000000000000000000e+00,7.999687437474235340e-05,-3.263389647442476832e-05,0.000000000000000000e+00,6.227572987386124047e-03,9.403946105609537333e-06,9.403946105263277040e-06,9.403946106880315452e-06,9.403946106612695393e-06
3.354790325604649435e-03,0.000000000000000000e+00,7.980387383023715420e-05,-3.275975893551217536e-05,0.000000000000000000e+00,6.227572413351755397e-03,1.337727133901412440e-06,1.337727133528624770e-06,1.337727132788154497e-06,1.337727132456631730e-06
3.359790013124179780e-03,0.000000000000000000e+00,7.941975810870196065e-05,-3.288537617725297035e-05,0.000000000000000000e+00,6.227569348421569013e-03,-8.355678381763727817e-06,-8.355678382157962362e-06,-8.355678384768875353e-06,-8.355678385165916965e-06
3.364789700643709691e-03,0.000000000000000000e+00,7.887488617150017133e-05,-3.301074819964713294e-05,0.000000000000000000e+00,6.227564788964780329e-03,-1.872495504907115095e-05,-1.872495504948181285e-05,-1.872495505028245888e-05,-1.872495505074650758e-05
3.369789388163239603e-03,0.000000000000000000e+00,7.822869977593279421e-05,-3.313587500269466992e-05,0.000000000000000000e+00,6.227560308389033968e-03,-2.865512670323011458e-05,-2.865512670365203863e-05,-2.865512670575095239e-05,-2.865512670628354977e-05
3.374789075682769948e-03,0.000000000000000000e+00,7.755693594264757656e-05,-3.326075658639559483e-05,0.000000000000000000e+00,6.227557024612973002e-03,-3.696713366375594675e-05,-3.696713366418432180e-05,-3.696713366462589024e-05,-3.696713366522811034e-05
3.379788763202299859e-03,0.000000000000000000e+00,7.693751161424859132e-05,-3.338539295074988736e-05,0.000000000000000000e+00,6.227555155399557008e-03,-4.262980611433786666e-05,-4.262980611476891834e-05,-4.262980611358788336e-05,-4.262980611425961437e-05
3.384788450721829770e-03,0.000000000000000000e+00,7.643409746079402674e-05,-3.350978409575755426e-05,0.000000000000000000e+00,6.227554835812694825e-03,-4.492161974813110924e-05,-4.492161974856115125e-05,-4.492161974784654005e-05,-4.492161974858744315e-05
3.389788138241359682e-03,0.000000000000000000e+00,7.608466535107947409e-05,-3.363393002141860233e-05,0.000000000000000000e+00,6.227556514647753644e-03,-4.351258735894239363e-05,-4.351258735936807174e-05,-4.351258735843239848e-05,-4.351258735924159955e-05
3.394787825760890027e-03,0.000000000000000000e+00,7.590006521321581063e-05,-3.375783072773302478e-05,0.000000000000000000e+00,6.227560320051087235e-03,-3.857406812815020278e-05,-3.857406812856928758e-05,-3.857406812813957082e-05,-3.857406812901469816e-05
3.399787513280419938e-03,0.000000000000000000e+00,7.586787908380618014e-05,-3.388148621470082162e-05,0.000000000000000000e+00,6.227565154985945095e-03,-3.082753632632622022e-05,-3.082753632673621805e-05,-3.082753632413972326e-05,-3.082753632507830352e-05
3.404787200799949849e-03,0.000000000000000000e+00,7.595823282406571138e-05,-3.400489648232199962e-05,0.000000000000000000e+00,6.227568740851663169e-03,-2.135430346253278786e-05,-2.135430346293098482e-05,-2.135430346059036513e-05,-2.135430346158969121e-05
3.409786888319479761e-03,0.000000000000000000e+00,7.613280266755015151e-05,-3.412806153059654523e-05,0.000000000000000000e+00,6.227569267888440237e-03,-1.132124141158700368e-05,-1.132124141197101453e-05,-1.132124140799384418e-05,-1.132124140905031110e-05
3.414786575839010106e-03,0.000000000000000000e+00,7.635404016633539422e-05,-3.425098135952447877e-05,0.000000000000000000e+00,6.227566894731730029e-03,-1.791809032835093261e-06,-1.791809033201882244e-06,-1.791809028287976455e-06,-1.791809029397992804e-06
3.419786263358540017e-03,0.000000000000000000e+00,7.658650447869299292e-05,-3.437365596910577992e-05,0.000000000000000000e+00,6.227563597006757594e-03,6.375653726553825573e-06,6.375653726208236130e-06,6.375653730305578441e-06,6.375653729145204290e-06
3.424785950878069928e-03,0.000000000000000000e+00,7.679480276788757526e-05,-3.449608535934045546e-05,0.000000000000000000e+00,6.227561745097537869e-03,1.259144189187601489e-05,1.259144189155571447e-05,1.259144189554918682e-05,1.259144189434209033e-05
3.429785638397600273e-03,0.000000000000000000e+00,7.694166500627771339e-05,-3.461826953022851893e-05,0.000000000000000000e+00,6.227562586249867083e-03,1.646132827498541200e-05,1.646132827469475095e-05,1.646132827592045506e-05,1.646132827467044449e-05
3.434785325917130185e-03,0.000000000000000000e+00,7.698673527583390936e-05,-3.474020848176995001e-05,0.000000000000000000e+00,6.227565634578382907e-03,1.768521847915726893e-05,1.768521847890050953e-05,1.768521847927387826e-05,1.768521847798481270e-05
3.439785013436660096e-03,0.000000000000000000e+00,7.688501919606310789e-05,-3.486190221396475548e-05,0.000000000000000000e+00,6.227569241533331169e-03,1.607456940134504954e-05,1.607456940112605764e-05,1.607456939936650255e-05,1.607456939804283061e-05
3.444784700956190007e-03,0.000000000000000000e+00,7.659180766847289957e-05,-3.498335072681294211e-05,0.000000000000000000e+00,6.227571578723314384e-03,1.162540945457121223e-05,1.162540945439296939e-05,1.162540945249195980e-05,1.162540945113885854e-05
3.449784388475720352e-03,0.000000000000000000e+00,7.606858267555194992e-05,-3.510455402031450312e-05,0.000000000000000000e+00,6.227571481364680209e-03,4.487174398271973476e-06,4.487174398136214423e-06,4.487174397350591364e-06,4.487174395974115391e-06
3.454784075995250264e-03,0.000000000000000000e+00,7.528776864608531082e-05,-3.522551209446943851e-05,0.000000000000000000e+00,6.227568917559361990e-03,-4.987271210079440730e-06,-4.987271210172129852e-06,-4.987271210993470596e-06,-4.987271212386334962e-06
3.459783763514780175e-03,0.000000000000000000e+00,7.423561415825976749e-05,-3.534622494927775507e-05,0.000000000000000000e+00,6.227564628555860675e-03,-1.609352451089872686e-05,-1.609352451094923713e-05,-1.609352451069880337e-05,-1.609352451210012113e-05
3.464783451034310086e-03,0.000000000000000000e+00,7.291581740935912826e-05,-3.546669258473943924e-05,0.000000000000000000e+00,6.227559847528180148e-03,-2.775847817086087566e-05,-2.775847817087174818e-05,-2.775847817040487717e-05,-2.775847817180549697e-05
3.469783138553840431e-03,0.000000000000000000e+00,7.134752078882052213e-05,-3.558691500085450456e-05,0.000000000000000000e+00,6.227556073953460086e-03,-3.871171686490376473e-05,-3.871171686487848927e-05,-3.871171686305146630e-05,-3.871171686444167776e-05
3.474782826073370343e-03,0.000000000000000000e+00,6.956096521155008137e-05,-3.570689219762294427e-05,0.000000000000000000e+00,6.227554368594235591e-03,-4.764767322789829445e-05,-4.764767322784059457e-05,-4.764767322668186027e-05,-4.764767322805242735e-05
3.479782513592900254e-03,0.000000000000000000e+00,6.759331271443435912e-05,-3.582662417504475837e-05,0.000000000000000000e+00,6.227554992413728181e-03,-5.348725155961210121e-05,-5.348725155952564964e-05,-5.348725155757629479e-05,-5.348725155891839478e-05
3.484782201112430599e-03,0.000000000000000000e+00,6.548727969273540779e-05,-3.594611093311995362e-05,0.000000000000000000e+00,6.227557442440981306e-03,-5.571668682488082973e-05,-5.571668682476903494e-05,-5.571668682213545365e-05,-5.571668682344131418e-05
3.489781888631960510e-03,0.000000000000000000e+00,6.328932950511302429e-05,-3.606535247184852326e-05,0.000000000000000000e+00,6.227561034228347968e-03,-5.453227509817073701e-05,-5.453227509803520496e-05,-5.453227509553826025e-05,-5.453227509680225703e-05
3.494781576151490422e-03,0.000000000000000000e+00,6.105060061643586547e-05,-3.618434879123046051e-05,0.000000000000000000e+00,6.227565362033471788e-03,-5.070733703207541253e-05,-5.070733703191680053e-05,-5.070733702810823547e-05,-5.070733702932633661e-05
3.499781263671020333e-03,0.000000000000000000e+00,5.882859110295104397e-05,-3.630309989126578570e-05,0.000000000000000000e+00,6.227569651728086068e-03,-4.541565963893142018e-05,-4.541565963874998573e-05,-4.541565963663915929e-05,-4.541565963780806476e-05
3.504780951190550678e-03,0.000000000000000000e+00,5.668703512814825523e-05,-3.642160577195448527e-05,0.000000000000000000e+00,6.227572262699480887e-03,-3.995132461072082837e-05,-3.995132461051562278e-05,-3.995132460897203060e-05,-3.995132461009008021e-05
3.509780638710080589e-03,0.000000000000000000e+00,5.469195361311328829e-05,-3.653986643329655245e-05,0.000000000000000000e+00,6.227571448950906287e-03,-3.530319975496760976e-05,-3.530319975473698640e-05,-3.530319975496903277e-05,-3.530319975603565732e-05
3.514780326229610501e-03,0.000000000000000000e+00,5.290724869312235653e-05,-3.665788187529200756e-05,0.000000000000000000e+00,6.227566797927993995e-03,-3.185910713760258981e-05,-3.185910713734532219e-05,-3.185910713886076578e-05,-3.185910713987524697e-05
3.519780013749140412e-03,0.000000000000000000e+00,5.138850255605178986e-05,-3.677565209794083029e-05,0.000000000000000000e+00,6.227560074068078100e-03,-2.942187439971091675e-05,-2.942187439942546326e-05,-2.942187440057593729e-05,-2.942187440153838017e-05
3.524779701268670757e-03,0.000000000000000000e+00,5.017458830695596434e-05,-3.689317710124303417e-05,0.000000000000000000e+00,6.227554476608707090e-03,-2.734451438514109417e-05,-2.734451438482570992e-05,-2.734451438701320978e-05,-2.734451438792426486e-05
3.529779388788200668e-03,0.000000000000000000e+00,4.928038506543181351e-05,-3.701045688519861244e-05,0.000000000000000000e+00,6.227552632027512705e-03,-2.478694967539696252e-05,-2.478694967505102410e-05,-2.478694967647195575e-05,-2.478694967733168403e-05
3.534779076307730580e-03,0.000000000000000000e+00,4.869379479344844512e-05,-3.712749144980756510e-05,0.000000000000000000e+00,6.227555132542140527e-03,-2.112396359127671747e-05,-2.112396359090030958e-05,-2.112396359128304650e-05,-2.112396359209135649e-05
3.539778763827260925e-03,0.000000000000000000e+00,4.837750883781261155e-05,-3.724428079506989891e-05,0.000000000000000000e+00,6.227560399651771786e-03,-1.620427250238567655e-05,-1.620427250197908041e-05,-1.620427250188523254e-05,-1.620427250264207681e-05
3.544778451346790836e-03,0.000000000000000000e+00,4.827440625536371949e-05,-3.736082492098560711e-05,0.000000000000000000e+00,6.227565792024900536e-03,-1.026827744962340804e-05,-1.026827744918814153e-05,-1.026827744981187965e-05,-1.026827745051666527e-05
3.549778138866320747e-03,0.000000000000000000e+00,4.831679857452499159e-05,-3.747712382755468292e-05,0.000000000000000000e+00,6.227569437758304939e-03,-3.803327280815184863e-06,-3.803327280353311349e-06,-3.803327280721079503e-06,-3.803327281372735830e-06
3.554777826385850659e-03,0.000000000000000000e+00,4.843564511924961207e-05,-3.759317751477714666e-05,0.000000000000000000e+00,6.227570747591799211e-03,2.557481113905953475e-06,2.557481114392297770e-06,2.557481113528866265e-06,2.557481112930901662e-06
3.559777513905381004e-03,0.000000000000000000e+00,4.856738217684167795e-05,-3.770898598265298479e-05,0.000000000000000000e+00,6.227569859189991362e-03,8.204122933434614310e-06,8.204122933943259289e-06,8.204122932696392910e-06,8.204122932152472397e-06
3.564777201424910915e-03,0.000000000000000000e+00,4.865730982197833993e-05,-3.782454923118219053e-05,0.000000000000000000e+00,6.227567203428693854e-03,1.270951553604515327e-05,1.270951553657423715e-05,1.270951553749218031e-05,1.270951553700182786e-05
3.569776888944440826e-03,0.000000000000000000e+00,4.866299135386299620e-05,-3.793986726036478421e-05,0.000000000000000000e+00,6.227563381266179414e-03,1.588976178735198992e-05,1.588976178790017270e-05,1.588976178851824248e-05,1.588976178808005539e-05
3.574776576463970738e-03,0.000000000000000000e+00,4.855449268314316014e-05,-3.805494007020074549e-05,0.000000000000000000e+00,6.227559574787175888e-03,1.787473286721810934e-05,1.787473286778424583e-05,1.787473286882899660e-05,1.787473286844085561e-05
3.579776263983501083e-03,0.000000000000000000e+00,4.831156292536871189e-05,-3.816976766069008793e-05,0.000000000000000000e+00,6.227557134699630674e-03,1.913060402652555541e-05,1.913060402710900525e-05,1.913060402872605214e-05,1.913060402838474868e-05
3.584775951503030994e-03,0.000000000000000000e+00,4.791996759537271456e-05,-3.828435003183280476e-05,0.000000000000000000e+00,6.227556550119101725e-03,2.026688161303277254e-05,2.026688161363268193e-05,2.026688161466235551e-05,2.026688161436455567e-05
3.589775639022560905e-03,0.000000000000000000e+00,4.737117759534665657e-05,-3.839868718362889597e-05,0.000000000000000000e+00,6.227557333564895208e-03,2.174302117164310114e-05,2.174302117225782006e-05,2.174302117252032235e-05,2.174302117226274301e-05
3.594775326542091250e-03,0.000000000000000000e+00,4.666214763311670453e-05,-3.851277911607836835e-05,0.000000000000000000e+00,6.227558776034427049e-03,2.373933653842208674e-05,2.373933653905002615e-05,2.373933653784307874e-05,2.373933653762217593e-05
3.599775014061621162e-03,0.000000000000000000e+00,4.579723080874464360e-05,-3.862662582918121511e-05,0.000000000000000000e+00,6.227560756684969931e-03,2.620573123250453717e-05,2.620573123314278666e-05,2.620573123223792170e-05,2.620573123205099508e-05
3.604774701581151073e-03,0.000000000000000000e+00,4.479045803859684106e-05,-3.874022732293742947e-05,0.000000000000000000e+00,6.227563573284373294e-03,2.897162838627312492e-05,2.897162838691702243e-05,2.897162838632196146e-05,2.897162838616756768e-05
3.609774389100680984e-03,0.000000000000000000e+00,4.366564656218091365e-05,-3.885358359734703178e-05,0.000000000000000000e+00,6.227566953043809153e-03,3.189290239362680156e-05,3.189290239427084475e-05,3.189290239440715607e-05,3.189290239428422787e-05
3.614774076620211329e-03,0.000000000000000000e+00,4.245130513474940797e-05,-3.896669465241000847e-05,0.000000000000000000e+00,6.227569759207695482e-03,3.501006783719543393e-05,3.501006783783246369e-05,3.501006783907428176e-05,3.501006783898304614e-05
3.619773764139741241e-03,0.000000000000000000e+00,4.117574319141816067e-05,-3.907956048812635276e-05,0.000000000000000000e+00,6.227571043441670721e-03,3.856462626772700725e-05,3.856462626834785529e-05,3.856462626970949125e-05,3.856462626965162196e-05
3.624773451659271152e-03,0.000000000000000000e+00,3.986233928611614168e-05,-3.919218110449607822e-05,0.000000000000000000e+00,6.227570925837710297e-03,4.286309179908449413e-05,4.286309179967971435e-05,4.286309180014573155e-05,4.286309180012286843e-05
3.629773139178801063e-03,0.000000000000000000e+00,3.852471805031344184e-05,-3.930455650151917806e-05,0.000000000000000000e+00,6.227570295939005920e-03,4.812284590555570299e-05,4.812284590611546980e-05,4.812284590575047991e-05,4.812284590576452711e-05
3.634772826698331408e-03,0.000000000000000000e+00,3.716354672974751041e-05,-3.941668667919565229e-05,0.000000000000000000e+00,6.227569631146171424e-03,5.433145705647658127e-05,5.433145705699080481e-05,5.433145705585393752e-05,5.433145705590670428e-05
3.639772514217861320e-03,0.000000000000000000e+00,3.576961352943375537e-05,-3.952857163752550768e-05,0.000000000000000000e+00,6.227568260627585651e-03,6.107709544210738117e-05,6.107709544256735394e-05,6.107709543907092391e-05,6.107709543916312175e-05
3.644772201737391231e-03,0.000000000000000000e+00,3.433028478666545308e-05,-3.964021137650873745e-05,0.000000000000000000e+00,6.227565513567932115e-03,6.751248508874601369e-05,6.751248508914429536e-05,6.751248508531332120e-05,6.751248508544437413e-05
3.649771889256921576e-03,0.000000000000000000e+00,3.283699070726261440e-05,-3.975160589614534160e-05,0.000000000000000000e+00,6.227561979133504691e-03,7.258173894141633164e-05,7.258173894174705396e-05,7.258173893911336425e-05,7.258173893928132072e-05
3.654771576776451487e-03,0.000000000000000000e+00,3.129350821689389552e-05,-3.986275519643532692e-05,0.000000000000000000e+00,6.227559228331126275e-03,7.536422792213261603e-05,7.536422792239191653e-05,7.536422792077005850e-05,7.536422792097104248e-05
3.659771264295981399e-03,0.000000000000000000e+00,2.972178261972851983e-05,-3.997365927737867985e-05,0.000000000000000000e+00,6.227558422890778177e-03,7.533722617837725663e-05,7.533722617856264164e-05,7.533722617847230050e-05,7.533722617870125689e-05
3.664770951815511310e-03,0.000000000000000000e+00,2.816018801619288032e-05,-4.008431813897541393e-05,0.000000000000000000e+00,6.227559174710261582e-03,7.256807006922955312e-05,7.256807006934019595e-05,7.256807007040776917e-05,7.256807007065815211e-05
3.669770639335041655e-03,0.000000000000000000e+00,2.665705451033922787e-05,-4.019473178122552918e-05,0.000000000000000000e+00,6.227560280726428255e-03,6.773024420443098624e-05,6.773024420446719859e-05,6.773024420646408215e-05,6.773024420672822091e-05
3.674770326854571566e-03,0.000000000000000000e+00,2.526375420916141109e-05,-4.030490020412901204e-05,0.000000000000000000e+00,6.227561221698371847e-03,6.181126847660025345e-05,6.181126847656256387e-05,6.181126847835038615e-05,6.181126847862089459e-05
3.679770014374101478e-03,0.000000000000000000e+00,2.402639265972238082e-05,-4.041482340768587605e-05,0.000000000000000000e+00,6.227562363145902960e-03,5.571485603104291433e-05,5.571485603093233248e-05,5.571485603261296105e-05,5.571485603288210068e-05
3.684769701893631389e-03,0.000000000000000000e+00,2.297749874288249029e-05,-4.052450139189611445e-05,0.000000000000000000e+00,6.227563848082502858e-03,5.005867735416669401e-05,5.005867735398460226e-05,5.005867735543659291e-05,5.005867735569665235e-05
3.689769389413161734e-03,0.000000000000000000e+00,2.213124737969740372e-05,-4.063393415675972724e-05,0.000000000000000000e+00,6.227564916053224264e-03,4.504737540335319651e-05,4.504737540309989977e-05,4.504737540408510074e-05,4.504737540432980517e-05
3.694769076932691645e-03,0.000000000000000000e+00,2.148189193068858807e-05,-4.074312170227672119e-05,0.000000000000000000e+00,6.227564795053821059e-03,4.040868378085741240e-05,4.040868378053283615e-05,4.040868378210560016e-05,4.040868378232936593e-05
3.699768764452221557e-03,0.000000000000000000e+00,2.100265440301002842e-05,-4.085206402844708952e-05,0.000000000000000000e+00,6.227564059000463038e-03,3.562956732495338029e-05,3.562956732455753808e-05,3.562956732684006826e-05,3.562956732703763700e-05
3.704768451971751902e-03,0.000000000000000000e+00,2.064757994708498164e-05,-4.096076113527083223e-05,0.000000000000000000e+00,6.227564290146847190e-03,3.036709689058363589e-05,3.036709689011528088e-05,3.036709689258737703e-05,3.036709689275501501e-05
3.709768139491281813e-03,0.000000000000000000e+00,2.035684664618835776e-05,-4.106921302274795611e-05,0.000000000000000000e+00,6.227566074031892079e-03,2.465474541621520823e-05,2.465474541567243630e-05,2.465474541694071567e-05,2.465474541707572594e-05
3.714767827010811724e-03,0.000000000000000000e+00,2.006316683040289693e-05,-4.117741969087844759e-05,0.000000000000000000e+00,6.227568123401397773e-03,1.893839617432791579e-05,1.893839617370947671e-05,1.893839617326159618e-05,1.893839617336097008e-05
3.719767514530341636e-03,0.000000000000000000e+00,1.969794571017333758e-05,-4.128538113966232024e-05,0.000000000000000000e+00,6.227568534711742064e-03,1.397371818558831090e-05,1.397371818489271898e-05,1.397371818338905084e-05,1.397371818345050308e-05
3.724767202049871981e-03,0.000000000000000000e+00,1.920072818519394926e-05,-4.139309736909957405e-05,0.000000000000000000e+00,6.227566688309295329e-03,1.042898182146979203e-05,1.042898182069533456e-05,1.042898181820512207e-05,1.042898181822703143e-05
3.729766889569401892e-03,0.000000000000000000e+00,1.853022214826422466e-05,-4.150056837919019546e-05,0.000000000000000000e+00,6.227563633804318252e-03,8.455171605052731374e-06,8.455171604198823907e-06,8.455171600678527873e-06,8.455171600658768289e-06
3.734766577088931803e-03,0.000000000000000000e+00,1.767231510688499837e-05,-4.160779416993419804e-05,0.000000000000000000e+00,6.227560546501731062e-03,7.678260336952580812e-06,7.678260336018984485e-06,7.678260333523201906e-06,7.678260333459842148e-06
3.739766264608461715e-03,0.000000000000000000e+00,1.664381539223172421e-05,-4.171477474133157500e-05,0.000000000000000000e+00,6.227557783429081041e-03,7.457021127770490827e-06,7.457021126756876145e-06,7.457021126753944564e-06,7.457021126645679353e-06
3.744765952127992060e-03,0.000000000000000000e+00,1.549203394952534030e-05,-4.182151009338232634e-05,0.000000000000000000e+00,6.227555521158720415e-03,7.095241727436005673e-06,7.095241726342424305e-06,7.095241727524760327e-06,7.095241727370456335e-06
3.749765639647521971e-03,0.000000000000000000e+00,1.428704113871619824e-05,-4.192800022608645884e-05,0.000000000000000000e+00,6.227554526485658618e-03,6.088040292877637975e-06,6.088040291704494802e-06,6.088040294888050346e-06,6.088040294686733484e-06
3.754765327167051883e-03,0.000000000000000000e+00,1.310804074921399103e-05,-4.203424513944396573e-05,0.000000000000000000e+00,6.227555756161905730e-03,4.338626890736826530e-06,4.338626889484152893e-06,4.338626893785883407e-06,4.338626893537463044e-06
3.759765014686582228e-03,0.000000000000000000e+00,1.203041038804647419e-05,-4.214024483345484701e-05,0.000000000000000000e+00,6.227559089641776340e-03,2.070029810681380845e-06,2.070029809348630406e-06,2.070029812518680858e-06,2.070029812224173431e-06
3.764764702206112139e-03,0.000000000000000000e+00,1.111538825088268272e-05,-4.224599930811910944e-05,0.000000000000000000e+00,6.227563088853892322e-03,-4.036527929644663441e-07,-4.036527943781181698e-07,-4.036527917170739570e-07,-4.036527920556749542e-07
3.769764389725642050e-03,0.000000000000000000e+00,1.040194872398214245e-05,-4.235150856343673949e-05,0.000000000000000000e+00,6.227566403226461253e-03,-2.743562398637683726e-06,-2.743562400133493089e-06,-2.743562397605281854e-06,-2.743562397984921174e-06
3.774764077245171962e-03,0.000000000000000000e+00,9.903232932772235630e-06,-4.245677259940775069e-05,0.000000000000000000e+00,6.227568935563073359e-03,-4.685759691872449537e-06,-4.685759693452243063e-06,-4.685759691324201532e-06,-4.685759691740600388e-06
3.779763764764702307e-03,0.000000000000000000e+00,9.608848777992470651e-06,-4.256179141603213628e-05,0.000000000000000000e+00,6.227571179769185103e-03,-6.226797446914006663e-06,-6.226797448579689331e-06,-6.226797447130088156e-06,-6.226797447578038989e-06
3.784763452284232218e-03,0.000000000000000000e+00,9.488017288671153832e-06,-4.266656501330989625e-05,0.000000000000000000e+00,6.227572734918791417e-03,-7.588677142350150885e-06,-7.588677144102850941e-06,-7.588677142305631680e-06,-7.588677142780087868e-06
3.789763139803762129e-03,0.000000000000000000e+00,9.492277562841847701e-06,-4.277109339124103061e-05,0.000000000000000000e+00,6.227572087186996133e-03,-8.989317319614313496e-06,-8.989317321454436669e-06,-8.989317318827308079e-06,-8.989317319323271281e-06
3.794762827323292041e-03,0.000000000000000000e+00,9.560198083070279486e-06,-4.287537654982554613e-05,0.000000000000000000e+00,6.227568289744929604e-03,-1.054695706458193205e-05,-1.054695706650925896e-05,-1.054695706483998742e-05,-1.054695706535253044e-05
3.799762514842822386e-03,0.000000000000000000e+00,9.624285426261596578e-06,-4.297941448906343603e-05,0.000000000000000000e+00,6.227562492692085769e-03,-1.222995057176568746e-05,-1.222995057377814796e-05,-1.222995057403377064e-05,-1.222995057455935797e-05
3.804762202362352297e-03,0.000000000000000000e+00,9.615901732312432816e-06,-4.308320720895470032e-05,0.000000000000000000e+00,6.227557326928346258e-03,-1.380619255853346935e-05,-1.380619256062681302e-05,-1.380619256144113694e-05,-1.380619256197798473e-05
3.809761889881882208e-03,0.000000000000000000e+00,9.471517729141613016e-06,-4.318675470949934577e-05,0.000000000000000000e+00,6.227555021552861995e-03,-1.499862073367392185e-05,-1.499862073584286491e-05,-1.499862073731522840e-05,-1.499862073786226430e-05
3.814761577401412553e-03,0.000000000000000000e+00,9.141411836802488755e-06,-4.329005699069736560e-05,0.000000000000000000e+00,6.227556062666089742e-03,-1.575846178445166788e-05,-1.575846178668913590e-05,-1.575846178906226811e-05,-1.575846178961977164e-05
3.819761264920942465e-03,0.000000000000000000e+00,8.596646433028867914e-06,-4.339311405254875982e-05,0.000000000000000000e+00,6.227559353151085331e-03,-1.626043130124641981e-05,-1.626043130354353928e-05,-1.626043130321456185e-05,-1.626043130378445917e-05
3.824760952440472376e-03,0.000000000000000000e+00,7.831221684609200465e-06,-4.349592589505352843e-05,0.000000000000000000e+00,6.227563311721484758e-03,-1.670256268919713722e-05,-1.670256269154508883e-05,-1.670256268911043832e-05,-1.670256268969428119e-05
3.829760639960002287e-03,0.000000000000000000e+00,6.862488874820264192e-06,-4.359849251821167819e-05,0.000000000000000000e+00,6.227566683975381025e-03,-1.717054074915034208e-05,-1.717054075154046238e-05,-1.717054074828459309e-05,-1.717054074888358769e-05
3.834760327479532632e-03,0.000000000000000000e+00,5.726271732905169979e-06,-4.370081392202320234e-05,0.000000000000000000e+00,6.227568694395432813e-03,-1.753816146277626867e-05,-1.753816146519946730e-05,-1.753816145935013898e-05,-1.753816145996581335e-05
3.839760014999062544e-03,0.000000000000000000e+00,4.465265609708445143e-06,-4.380289010648810087e-05,0.000000000000000000e+00,6.227568827909507609e-03,-1.734098451756282134e-05,-1.734098452001100744e-05,-1.734098451352284349e-05,-1.734098451415581088e-05
3.844759702518592455e-03,0.000000000000000000e+00,3.117337970847980018e-06,-4.390472107160637379e-05,0.000000000000000000e+00,6.227566891066065903e-03,-1.588393857991284990e-05,-1.588393858237879320e-05,-1.588393857724809102e-05,-1.588393857789802957e-05
3.849759390038122366e-03,0.000000000000000000e+00,1.709080625067704818e-06,-4.400630681737802786e-05,0.000000000000000000e+00,6.227563468950602504e-03,-1.257667531349643069e-05,-1.257667531597307032e-05,-1.257667531265530664e-05,-1.257667531332180638e-05
3.854759077557652711e-03,0.000000000000000000e+00,2.523375190589979044e-07,-4.410764734380305633e-05,0.000000000000000000e+00,6.227560084771129392e-03,-7.229625913873809006e-06,-7.229625916354626207e-06,-7.229625914150304277e-06,-7.229625914832125142e-06
3.859758765077182623e-03,0.000000000000000000e+00,-1.255166536749198964e-06,-4.420874265088145917e-05,0.000000000000000000e+00,6.227558353038694858e-03,-2.527423564497940250e-07,-2.527423589292119275e-07,-2.527423577145226355e-07,-2.527423584094183010e-07
3.864758452596712534e-03,0.000000000000000000e+00,-2.822083381202752806e-06,-4.430959273861324318e-05,0.000000000000000000e+00,6.227558697278917123e-03,7.215163597392747951e-06,7.215163594920062266e-06,7.215163595010461010e-06,7.215163594305102794e-06
3.869758140116242879e-03,0.000000000000000000e+00,-4.453369526549891455e-06,-4.441019760699840157e-05,0.000000000000000000e+00,6.227560311372321196e-03,1.354622205703053625e-05,1.354622205456975815e-05,1.354622205444677405e-05,1.354622205373404326e-05
3.874757827635772790e-03,0.000000000000000000e+00,-6.143431594808823674e-06,-4.451055725603693435e-05,0.000000000000000000e+00,6.227562416236551157e-03,1.725183898703877612e-05,1.725183898459508268e-05,1.725183898452862448e-05,1.725183898381169240e-05
3.879757515155302702e-03,0.000000000000000000e+00,-7.872176898626472811e-06,-4.461067168572884151e-05,0.000000000000000000e+00,6.227565020930489990e-03,1.750825921538820760e-05,1.750825921296703168e-05,1.750825921283729334e-05,1.750825921211926012e-05
3.884757202674832613e-03,0.000000000000000000e+00,-9.604105695585113517e-06,-4.471054089607412983e-05,0.000000000000000000e+00,6.227568085543699894e-03,1.434852197207526354e-05,1.434852196968212611e-05,1.434852196903052569e-05,1.434852196831403576e-05
3.889756890194362958e-03,0.000000000000000000e+00,-1.129594695886507137e-05,-4.481016488707279254e-05,0.000000000000000000e+00,6.227570388681525314e-03,8.665951270426477027e-06,8.665951268068149260e-06,8.665951268363758676e-06,8.665951267650260473e-06
3.894756577713892869e-03,0.000000000000000000e+00,-1.290824728182180346e-05,-4.490954365872482963e-05,0.000000000000000000e+00,6.227570153850505233e-03,1.981051394142000040e-06,1.981051391825471655e-06,1.981051392209027656e-06,1.981051391499317384e-06
3.899756265233422781e-03,0.000000000000000000e+00,-1.441394263250070217e-05,-4.500867721103024111e-05,0.000000000000000000e+00,6.227566927684803459e-03,-4.064693213010548172e-06,-4.064693215278766880e-06,-4.064693215041038613e-06,-4.064693215746195236e-06
3.904755952752952692e-03,0.000000000000000000e+00,-1.580238422678931681e-05,-4.510756554398903374e-05,0.000000000000000000e+00,6.227562282471101052e-03,-8.112720731530869621e-06,-8.112720733743585647e-06,-8.112720731369379401e-06,-8.112720732070145005e-06
3.909755640272482603e-03,0.000000000000000000e+00,-1.708176561134566436e-05,-4.520620865760120076e-05,0.000000000000000000e+00,6.227558446120932088e-03,-9.250937413284452191e-06,-9.250937415435156935e-06,-9.250937412090132347e-06,-9.250937412786586553e-06
3.914755327792012948e-03,0.000000000000000000e+00,-1.827464370869078677e-05,-4.530460655186674217e-05,0.000000000000000000e+00,6.227556627382302770e-03,-7.157348987489167451e-06,-7.157348989573475824e-06,-7.157348985796509326e-06,-7.157348986487151192e-06
3.919755015311543293e-03,0.000000000000000000e+00,-1.941059583343067872e-05,-4.540275922678566474e-05,0.000000000000000000e+00,6.227556830702201882e-03,-2.177399916434450626e-06,-2.177399918448938920e-06,-2.177399914911498092e-06,-2.177399915594446358e-06
3.924754702831072771e-03,0.000000000000000000e+00,-2.052105130370883866e-05,-4.550066668235796169e-05,0.000000000000000000e+00,6.227558774892314603e-03,4.939915427733295984e-06,4.939915425790896970e-06,4.939915429256315434e-06,4.939915428583432460e-06
3.929754390350603116e-03,0.000000000000000000e+00,-2.163721597384122097e-05,-4.559832891858363302e-05,0.000000000000000000e+00,6.227562218040801414e-03,1.335287796606677795e-05,1.335287796419623444e-05,1.335287796690469344e-05,1.335287796624591865e-05
3.934754077870133461e-03,0.000000000000000000e+00,-2.278607008953476373e-05,-4.569574593546267874e-05,0.000000000000000000e+00,6.227566236208773379e-03,2.222761840796218366e-05,2.222761840616268927e-05,2.222761840693483434e-05,2.222761840629442322e-05
3.939753765389662939e-03,0.000000000000000000e+00,-2.399005858079964078e-05,-4.579291773299510562e-05,0.000000000000000000e+00,6.227569015612689600e-03,3.077852226449177424e-05,3.077852226276261407e-05,3.077852226296327279e-05,3.077852226234460670e-05
3.944753452909193284e-03,0.000000000000000000e+00,-2.526991665935388916e-05,-4.588984431118090011e-05,0.000000000000000000e+00,6.227568858553121992e-03,3.830633518174092592e-05,3.830633518008085654e-05,3.830633517928269400e-05,3.830633517868928305e-05
3.949753140428722761e-03,0.000000000000000000e+00,-2.664608001097180159e-05,-4.598652567002007576e-05,0.000000000000000000e+00,6.227565483494569044e-03,4.399875307979253080e-05,4.399875307820082037e-05,4.399875307730885402e-05,4.399875307674371364e-05
3.954752827948253106e-03,0.000000000000000000e+00,-2.813498710696016140e-05,-4.608296180951262580e-05,0.000000000000000000e+00,6.227560547653623879e-03,4.684848673870898564e-05,4.684848673718637954e-05,4.684848673673233600e-05,4.684848673619665881e-05
3.959752515467783451e-03,0.000000000000000000e+00,-2.974588103823200161e-05,-4.617915272965855022e-05,0.000000000000000000e+00,6.227556775747353918e-03,4.591844778688397815e-05,4.591844778543229921e-05,4.591844778576724992e-05,4.591844778526104948e-05
3.964752202987312929e-03,0.000000000000000000e+00,-3.147632633193388218e-05,-4.627509843045785580e-05,0.000000000000000000e+00,6.227556347866114797e-03,4.064164503945448678e-05,4.064164503807627608e-05,4.064164503891662085e-05,4.064164503843929407e-05
3.969751890506843274e-03,0.000000000000000000e+00,-3.330735953495998877e-05,-4.637079891191053576e-05,0.000000000000000000e+00,6.227559653954542127e-03,3.092058663002458178e-05,3.092058662872368825e-05,3.092058662916506018e-05,3.092058662871430990e-05
3.974751578026373619e-03,0.000000000000000000e+00,-3.520403367832770176e-05,-4.646625417401659011e-05,0.000000000000000000e+00,6.227565006647964307e-03,1.730252202043878232e-05,1.730252201922018990e-05,1.730252202066512985e-05,1.730252202023725624e-05
3.979751265545903097e-03,0.000000000000000000e+00,-3.712414790075763257e-05,-4.656146421677602562e-05,0.000000000000000000e+00,6.227569720908837474e-03,1.048669599633651538e-06,1.048669598502760486e-06,1.048669599860036763e-06,1.048669599450644140e-06
3.984750953065433442e-03,0.000000000000000000e+00,-3.902659253771511726e-05,-4.665642904018882874e-05,0.000000000000000000e+00,6.227571849246978618e-03,-1.609350604706271662e-05,-1.609350604810026421e-05,-1.609350604732731616e-05,-1.609350604772346330e-05
3.989750640584963787e-03,0.000000000000000000e+00,-4.087786947378075611e-05,-4.675114864425501302e-05,0.000000000000000000e+00,6.227571021637351954e-03,-3.221848961471561468e-05,-3.221848961565410685e-05,-3.221848961535407423e-05,-3.221848961574274716e-05
3.994750328104493264e-03,0.000000000000000000e+00,-4.265975467828308809e-05,-4.684562302897457846e-05,0.000000000000000000e+00,6.227568220625159801e-03,-4.550172582739693474e-05,-4.550172582823126897e-05,-4.550172582780287358e-05,-4.550172582818983889e-05
3.999750015624023609e-03,0.000000000000000000e+00,-4.437309615053905198e-05,-4.693985219434751151e-05,0.000000000000000000e+00,6.227565020861035132e-03,-5.458363787338491968e-05,-5.458363787411149777e-05,-5.458363787387201783e-05,-5.458363787426224252e-05
