time_s,contact_force_N,impact_w_m,ball_travel_m,indentation_m,energy_J,S1_mean_exx_plus_eyy,S2_mean_exx_plus_eyy,S3_mean_exx_plus_eyy,S4_mean_exx_plus_eyy
0.000000000000000000e+00,0.000000000000000000e+00,0.000000000000000000e+00,0.000000000000000000e+00,0.000000000000000000e+00,6.227579619865871753e-03,0.000000000000000000e+00,0.000000000000000000e+00,0.000000000000000000e+00,0.000000000000000000e+00
4.999687519530029071e-06,1.957471027329047430e+01,2.899771155201309873e-08,8.844322827129690140e-06,8.815325115577676317e-06,6.227530212411162662e-03,-4.418442347629698879e-10,6.332624125291904664e-10,-9.637688010375114482e-10,6.261991315634112903e-10
9.999375039060058143e-06,5.353542783472705935e+01,3.185919568226004382e-07,1.755852695496907075e-05,1.723993499814647148e-05,6.227524436333091960e-03,-9.602055115333101169e-09,1.905352424659327432e-08,-1.236927563396265782e-08,5.993873171830754554e-09
1.499906255859008806e-05,9.164958186083099179e+01,1.262055962271036226e-06,2.593352997439558012e-05,2.467147401212454284e-05,6.227542874669638774e-03,-4.027725201574954355e-08,1.164256494817033328e-07,-4.754987549971486486e-08,1.626419677948534091e-08
1.999875007812011629e-05,1.257982964884430430e+02,3.262152677654320717e-06,3.373347344303353335e-05,3.047132076537921390e-05,6.227573541619833321e-03,-8.952422249062703906e-08,3.725397628587668513e-07,-1.054143947489861241e-07,2.566707794976928445e-08
2.499843759765014620e-05,1.491268274846655117e+02,6.616137183046840024e-06,4.074684472007231850e-05,3.413070753702547594e-05,6.227597097909536028e-03,-1.361774234594749429e-07,8.299948906470298202e-07,-1.511997921245879757e-07,2.603026328664487292e-08
2.999812511718017612e-05,1.574827015371261894e+02,1.143484307424082201e-05,4.682887267114157342e-05,3.539402959690074972e-05,6.227599515846580190e-03,-1.411959266948527436e-07,1.424369944563368493e-06,-1.370293404925149750e-07,1.578713669188176153e-08
3.499781263671020604e-05,1.504001323766563303e+02,1.760243758620341241e-05,5.192715084015682496e-05,3.432471325395340916e-05,6.227582236468620462e-03,-5.440040797110522639e-08,2.003322611893694209e-06,-3.328845071178041158e-08,8.150388397448407466e-10
3.999750015624023257e-05,1.308932177688449485e+02,2.479608227986482768e-05,5.608468735503433384e-05,3.128860507516950955e-05,6.227559089401107743e-03,1.469266260043563394e-07,2.353666866526778147e-06,1.549582559451609487e-07,4.248124495801391059e-09
4.499718767577026588e-05,1.041822059339892945e+02,3.254936095469537598e-05,5.942159694298330416e-05,2.687223598828792818e-05,6.227544592309832046e-03,4.059648595737306868e-07,2.274059487310800172e-06,3.708027358509574428e-07,4.771900841805809529e-08
4.999687519530029241e-05,7.591901181590138492e+01,4.034234768532920449e-05,6.210316167077892171e-05,2.176081398544971721e-05,6.227544460509527001e-03,6.189763528540846054e-07,1.679906337064334071e-06,5.338019865144446994e-07,1.283035272195338802e-07
5.499656271483031894e-05,5.061737709155332254e+01,4.769742257640386258e-05,6.430506033344046170e-05,1.660763775703659912e-05,6.227554618479015994e-03,6.946991936113547427e-07,6.365220309839162674e-07,5.685389070788320195e-07,2.251423959304126691e-07
5.999625023436035224e-05,3.083815549067343653e+01,5.425004912257012425e-05,6.618535906419027715e-05,1.193530994162015290e-05,6.227566487687778533e-03,5.471713383807731050e-07,-6.574878467467732719e-07,4.330325812460768877e-07,3.111845534621715203e-07
6.499593775389037877e-05,1.720648976173562161e+01,5.977920870365695461e-05,6.786836001412262047e-05,8.089151310465665862e-06,6.227573241211332294e-03,1.272635451004808032e-07,-1.897841968941503006e-06,1.115883139402982398e-07,3.440878570951058266e-07
6.999562527342041208e-05,8.974253403510378035e+00,6.419904138746096304e-05,6.944035714945149184e-05,5.241315761990528806e-06,6.227573273369170319e-03,-5.114408121213486001e-07,-2.707931439303988433e-06,-3.495298589115170310e-07,2.753764535737411210e-07
7.499531279295044539e-05,4.740799696466480029e+00,6.752884509858191541e-05,7.095396550362354014e-05,3.425120405041624729e-06,6.227569520470560387e-03,-1.218016257931918379e-06,-2.756238651644485869e-06,-8.184760644095983163e-07,8.541791986306511203e-08
7.999500031248046514e-05,3.087038575973282128e+00,6.986343726720930342e-05,7.243661317504060458e-05,2.573175907831301156e-06,6.227566011917972169e-03,-1.801184012633020578e-06,-1.904630116891858698e-06,-1.103699811366630978e-06,-2.043994948358480573e-07
8.499468783201049845e-05,3.054317301506006110e+00,7.134426501120044359e-05,7.389922560983808121e-05,2.554960598637637617e-06,6.227564822846034034e-03,-2.047309286052646364e-06,-2.825271985646889432e-07,-1.039446971658683291e-06,-5.187333649727530850e-07
8.999437535154053175e-05,4.284051787730732030e+00,7.214075348318542869e-05,7.534218768482948145e-05,3.201434201644052764e-06,6.227564944385421096e-03,-1.787849456450795908e-06,1.722220180443045814e-06,-5.906819465651755980e-07,-7.430449964803207061e-07
9.499406287107055151e-05,6.725011535941629148e+00,7.243358960799844070e-05,7.675776659631532758e-05,4.324176988316886876e-06,6.227564214591643603e-03,-9.706912941371217707e-07,3.563510840539926112e-06,1.173172872639492834e-07,-7.819554014097951638e-07
9.999375039060058481e-05,1.023107079264835484e+01,7.241075135760739051e-05,7.813065657105045675e-05,5.719905213443066236e-06,6.227562045721820282e-03,3.137418124742881687e-07,4.677420773391186248e-06,8.404150945273588437e-07,-5.989818411163960800e-07
1.049934379101306181e-04,1.440002580885338546e+01,7.225524617695653783e-05,7.943898088789433994e-05,7.183734710937802114e-06,6.227559648236833702e-03,1.865312139475685916e-06,4.689975885198567043e-06,1.340640720626292598e-06,-2.222641543308055019e-07
1.099931254296606379e-04,1.862499654452079056e+01,7.212895923585612215e-05,8.065679653777578268e-05,8.527837301919660522e-06,6.227558829918346944e-03,3.403044222222208056e-06,3.539428005299290826e-06,1.463243864178625385e-06,2.789824569836721625e-07
1.149928129491906712e-04,2.224932880234142019e+01,7.215676934524280467e-05,8.175783371930066550e-05,9.601064374057860832e-06,6.227560588382515493e-03,4.601775768426639389e-06,1.475824479663861104e-06,1.170536074680540413e-06,8.039220058066228405e-07
1.199925004687207045e-04,2.473660009342714261e+01,7.241564740353681657e-05,8.271954287313097558e-05,1.030389546959415900e-05,6.227564222448348473e-03,5.154819467088810310e-06,-1.025405849582983024e-06,5.241491495722114946e-07,1.226891166777977307e-06
1.249921879882507378e-04,2.579968271724363404e+01,7.292937076341303275e-05,8.352640527966243629e-05,1.059703451624940355e-05,6.227567932956903397e-03,4.850474897389895484e-06,-3.389571052728135926e-06,-3.224171990761498519e-07,1.407309268621468297e-06
1.299918755077807575e-04,2.544247815811831614e+01,7.367272431580497482e-05,8.417171891772644754e-05,1.049899460192147273e-05,6.227569913053071157e-03,3.615866060768627865e-06,-5.101232074102818423e-06,-1.125760990892930733e-06,1.247371382232047921e-06
1.349915630273107773e-04,2.388618828854487219e+01,7.459125055147574376e-05,8.465761554086007632e-05,1.006636498938433255e-05,6.227568936186845226e-03,1.526272317351318306e-06,-5.865489958042562765e-06,-1.631318318557269447e-06,7.334260154975900017e-07
1.399912505468408242e-04,2.146738723060859400e+01,7.561894583409238286e-05,8.499372182242792410e-05,9.374775988335541242e-06,6.227565129912541672e-03,-1.184745487766803897e-06,-5.610957111691148498e-06,-1.688884791024735514e-06,-5.466104534376717684e-08
1.449909380663708439e-04,1.855405632607225641e+01,7.668891255442304028e-05,8.519508179567163565e-05,8.506169241248595376e-06,6.227560148456104221e-03,-4.130300286849461872e-06,-4.469295361064059551e-06,-1.302986798719872789e-06,-9.515600698277055787e-07
1.499906255859008908e-04,1.546949518294409565e+01,7.774472452147933072e-05,8.527987968832747971e-05,7.535155166848148990e-06,6.227556424285650427e-03,-6.878661821601942471e-06,-2.739413645363909737e-06,-6.001983339260073106e-07,-1.740347253542039548e-06
1.549903131054309105e-04,1.244584243400351831e+01,7.874927740258798911e-05,8.526742671186820068e-05,6.518149309280211567e-06,6.227555665244152369e-03,-9.071854793769282242e-06,-7.999566370860484901e-07,2.228784436343504499e-07,-2.223753837579477195e-06
1.599900006249609303e-04,9.611505897443045399e+00,7.969011821319913521e-05,8.517670681206555383e-05,5.486588598866418620e-06,6.227557884973058261e-03,-1.048502083461545283e-05,1.052139314105957624e-06,9.775713277139713050e-07,-2.273467880302859040e-06
1.649896881444909771e-04,7.032503408200439843e+00,8.057053939475722207e-05,8.502554313577480609e-05,4.455003741017584014e-06,6.227561863854649653e-03,-1.102423992918248027e-05,2.664342002724801597e-06,1.542299909867919536e-06,-1.828032029648349663e-06
1.699893756640209969e-04,4.751195179315399031e+00,8.140003746669601892e-05,8.483016304425748352e-05,3.430125577561464597e-06,6.227566263414864058e-03,-1.074925492084231211e-05,3.978432407259520122e-06,1.818908603136734452e-06,-9.252398005124968689e-07
1.749890631835510166e-04,2.823741785648065328e+00,8.218020930175335391e-05,8.460490974894404334e-05,2.424700447190689437e-06,6.227570230916790010e-03,-9.798588455267422519e-06,4.982137162931964979e-06,1.751905932814214691e-06,2.819350021530117609e-07
1.799887507030810635e-04,1.322189073167898465e+00,8.289981069314505447e-05,8.436188848797191667e-05,1.462077794826862199e-06,6.227572948925822263e-03,-8.275845477996234556e-06,5.676004840996510689e-06,1.342159872564790301e-06,1.580819202988867933e-06
1.849884382226110833e-04,3.243006427168705907e-01,8.353762647703846865e-05,8.411051920794133604e-05,5.728927309028673939e-07,6.227572967544821834e-03,-6.228592123574588481e-06,6.062410219898069734e-06,6.703521089304664214e-07,2.745911338586771578e-06
1.899881257421411030e-04,0.000000000000000000e+00,8.407056041194464660e-05,8.385701515335664458e-05,0.000000000000000000e+00,6.227569310305498818e-03,-3.668483009990791585e-06,6.137919821434181398e-06,-1.535106812473204766e-07,3.557550707819470978e-06
1.949878132616711499e-04,0.000000000000000000e+00,8.448272701137941052e-05,8.360364184550639647e-05,0.000000000000000000e+00,6.227562948647058332e-03,-5.338049420018789400e-07,5.901923143179716645e-06,-9.917763158343987403e-07,3.852188920141109528e-06
1.999875007812011696e-04,0.000000000000000000e+00,8.476157445497972990e-05,8.335051375700276721e-05,0.000000000000000000e+00,6.227556919912535446e-03,3.302965095882182787e-06,5.354456901008121755e-06,-1.706834949600375203e-06,3.565829733549738768e-06
2.049871883007311894e-04,0.000000000000000000e+00,8.489478787049045086e-05,8.309763088784575679e-05,0.000000000000000000e+00,6.227554157229596259e-03,7.900090200020335561e-06,4.431638391327426604e-06,-2.176627673844890330e-06,2.709070810841539752e-06
2.099868758202612362e-04,0.000000000000000000e+00,8.487463659503288727e-05,8.284499323803539231e-05,0.000000000000000000e+00,6.227555433046914370e-03,1.317150632766678157e-05,3.033417312528151040e-06,-2.325801421559597188e-06,1.358460787027587809e-06
2.149865633397912560e-04,0.000000000000000000e+00,8.470869164160041312e-05,8.259260080757163311e-05,0.000000000000000000e+00,6.227559053128451858e-03,1.888509325835498699e-05,1.104185057282758926e-06,-2.135685302272881815e-06,-3.572357961057448484e-07
2.199862508593212757e-04,0.000000000000000000e+00,8.442358546097610071e-05,8.234045359645450631e-05,0.000000000000000000e+00,6.227562865559672402e-03,2.466450667068696635e-05,-1.296280952121524793e-06,-1.623066985999302111e-06,-2.270010524742109207e-06
2.249859383788513226e-04,0.000000000000000000e+00,8.405916124001873533e-05,8.208855160468399835e-05,0.000000000000000000e+00,6.227565880532947781e-03,3.002455147238975607e-05,-4.075698401264155930e-06,-8.424243829043198066e-07,-4.183895641441285154e-06
2.299856258983813424e-04,0.000000000000000000e+00,8.366445591139094621e-05,8.183689483226010922e-05,0.000000000000000000e+00,6.227567968515622561e-03,3.446530308864724111e-05,-7.090177044942645658e-06,1.141257978960691442e-07,-5.884871962325711185e-06
2.349853134179113892e-04,0.000000000000000000e+00,8.329060829584003327e-05,8.158548327918285249e-05,0.000000000000000000e+00,6.227568864578307550e-03,3.752309508688754156e-05,-1.011546905101971515e-05,1.135057621099300055e-06,-7.139041242930268399e-06
2.399850009374414090e-04,0.000000000000000000e+00,8.298727256457133299e-05,8.133431694545221460e-05,0.000000000000000000e+00,6.227567880626094440e-03,3.874913277985349595e-05,-1.285727233418426898e-05,2.100074532719003030e-06,-7.727556251111597588e-06
2.449846884569714558e-04,0.000000000000000000e+00,8.279838935010573392e-05,8.108339583106820910e-05,0.000000000000000000e+00,6.227564933031601302e-03,3.771826562877240302e-05,-1.499907645403505999e-05,2.889553458415598179e-06,-7.504752763507577276e-06
2.499843759765014756e-04,0.000000000000000000e+00,8.276116041189709278e-05,8.083271993603080888e-05,0.000000000000000000e+00,6.227561287446746474e-03,3.410615821029102729e-05,-1.617893184026015314e-05,3.390557809464932084e-06,-6.438584879241486086e-06
2.549840634960314953e-04,0.000000000000000000e+00,8.289788633719897767e-05,8.058228926034004106e-05,0.000000000000000000e+00,6.227558944366351837e-03,2.778465971286435784e-05,-1.603246221849696882e-05,3.555124691047054325e-06,-4.574693278508603451e-06
2.599837510155615151e-04,0.000000000000000000e+00,8.320657205035837938e-05,8.033210380399589208e-05,0.000000000000000000e+00,6.227559074623331518e-03,1.884509009858464297e-05,-1.430809878486513753e-05,3.344782199620318703e-06,-2.020714558198372215e-06
2.649834385350915348e-04,0.000000000000000000e+00,8.366142434889820793e-05,8.008216356699837549e-05,0.000000000000000000e+00,6.227561057500619231e-03,7.585919109044226389e-06,-1.091886819359279590e-05,2.719894186336709019e-06,1.051381035419762984e-06
2.699831260546215546e-04,0.000000000000000000e+00,8.421644115977671363e-05,7.983246854934747774e-05,0.000000000000000000e+00,6.227563242878562076e-03,-5.423703171161432637e-06,-5.933125375713905026e-06,1.662498209973153115e-06,4.414933328124169581e-06
2.749828135741516286e-04,0.000000000000000000e+00,8.481319704726869547e-05,7.958301875104319882e-05,0.000000000000000000e+00,6.227564383846935676e-03,-1.932944253588519241e-05,3.930364782619507225e-07,2.360849117817234851e-07,7.806292584736415003e-06
2.799825010936816483e-04,0.000000000000000000e+00,8.538607081693335723e-05,7.933381417208555230e-05,0.000000000000000000e+00,6.227564313245924528e-03,-3.306108858656213852e-05,7.576952319103805566e-06,-1.426455218283115463e-06,1.095067126469869289e-05
2.849821886132116681e-04,0.000000000000000000e+00,8.587208315283931703e-05,7.908485481247452462e-05,0.000000000000000000e+00,6.227563855429391580e-03,-4.541558709591304779e-05,1.495354729410948398e-05,-3.123139526015021521e-06,1.361584340665546147e-05
2.899818761327416878e-04,0.000000000000000000e+00,8.621871936967712862e-05,7.883614067221011578e-05,0.000000000000000000e+00,6.227563957691396000e-03,-5.512237776762674219e-05,2.179248211711848590e-05,-4.621589952305727131e-06,1.567332188644626981e-05
2.949815636522717076e-04,0.000000000000000000e+00,8.638901421177550347e-05,7.858767175129233932e-05,0.000000000000000000e+00,6.227564909730797307e-03,-6.106828215549672638e-05,2.733420121598718029e-05,-5.737886758292337516e-06,1.704681071634509595e-05
2.999812511718017815e-04,0.000000000000000000e+00,8.636396005407433846e-05,7.833944804972119526e-05,0.000000000000000000e+00,6.227566448151452931e-03,-6.251714989171245685e-05,3.088847860639117894e-05,-6.362998941019694546e-06,1.761955255541962075e-05
3.049809386913318013e-04,0.000000000000000000e+00,8.613928941340423550e-05,7.809146956749665649e-05,0.000000000000000000e+00,6.227567839223234133e-03,-5.919230196668593454e-05,3.194652207955009197e-05,-6.454238893484090682e-06,1.723209224386442303e-05
3.099806262108618211e-04,0.000000000000000000e+00,8.572414420004697134e-05,7.784373630461875011e-05,0.000000000000000000e+00,6.227568083602247687e-03,-5.134038002852182793e-05,3.028800606729017955e-05,-6.003498388082615220e-06,1.572333179170505720e-05
3.149803137303918408e-04,0.000000000000000000e+00,8.513698228624479527e-05,7.759624826108746257e-05,0.000000000000000000e+00,6.227566544322269033e-03,-3.980895669268447331e-05,2.596434615775626510e-05,-5.041930305528129369e-06,1.296029636941698340e-05
3.199800012499218606e-04,0.000000000000000000e+00,8.440483093178488615e-05,7.734900543690280742e-05,0.000000000000000000e+00,6.227563449605911725e-03,-2.592809855641808894e-05,1.930339635863746793e-05,-3.635415799062103806e-06,8.841071784065529084e-06
3.249796887694518803e-04,0.000000000000000000e+00,8.356380871168472217e-05,7.710200783206477111e-05,0.000000000000000000e+00,6.227559966846701357e-03,-1.127831725571075265e-05,1.090790787055608916e-05,-1.832417880064430493e-06,3.325495874134350259e-06
3.299793762889819543e-04,0.000000000000000000e+00,8.265927791603531430e-05,7.685525544657335363e-05,0.000000000000000000e+00,6.227557698069811909e-03,2.490711115495329530e-06,1.588998771396898718e-06,3.714549383286712035e-07,-3.556425898029278626e-06
3.349790638085119740e-04,0.000000000000000000e+00,8.174539173817786371e-05,7.660874828042856855e-05,0.000000000000000000e+00,6.227557724979613553e-03,1.386467226157013329e-05,-7.760038875970014420e-06,3.014563866925385941e-06,-1.164552719413268845e-05
3.399787513280419938e-04,0.000000000000000000e+00,8.088247165334791771e-05,7.636248633363038876e-05,0.000000000000000000e+00,6.227560162284238171e-03,2.171609771715335912e-05,-1.626680848522362349e-05,6.083772110665389206e-06,-2.057278198121389822e-05
3.449784388475720135e-04,0.000000000000000000e+00,8.014001615309972008e-05,7.611646960617884136e-05,0.000000000000000000e+00,6.227564287748398562e-03,2.545930514900562034e-05,-2.314513567835344964e-05,9.457729835422153607e-06,-2.971512409240583471e-05
3.499781263671020333e-04,0.000000000000000000e+00,7.959004295665822492e-05,7.587069809807392635e-05,0.000000000000000000e+00,6.227568904110636350e-03,2.509207666467274821e-05,-2.785522981290236439e-05,1.283592631717418541e-05,-3.822829945751951878e-05
3.549778138866320530e-04,0.000000000000000000e+00,7.929512610117654420e-05,7.562517180931563018e-05,0.000000000000000000e+00,6.227572452469965804e-03,2.110126748710424371e-05,-3.019807286812554978e-05,1.574905532494281951e-05,-4.512416315108489699e-05
3.599775014061621270e-04,0.000000000000000000e+00,7.929329359967866864e-05,7.537989073990395284e-05,0.000000000000000000e+00,6.227573297941742594e-03,1.432376109294082562e-05,-3.027526183071512988e-05,1.764635899415310994e-05,-4.936500662984117256e-05
3.649771889256921468e-04,0.000000000000000000e+00,7.959017473756865477e-05,7.513485488983889435e-05,0.000000000000000000e+00,6.227570649112017589e-03,5.782053993568401839e-06,-2.840102484604570016e-05,1.799765949128113551e-05,-5.000380959914757127e-05
3.699768764452221665e-04,0.000000000000000000e+00,8.015799114804853442e-05,7.489006425912046825e-05,0.000000000000000000e+00,6.227565314208994771e-03,-3.472226418268779105e-06,-2.505769058584984496e-05,1.637742271740987948e-05,-4.637964238504890650e-05
3.749765639647521863e-04,0.000000000000000000e+00,8.094052162182648297e-05,7.464551884774867454e-05,0.000000000000000000e+00,6.227559441131642198e-03,-1.248960359220861589e-05,-2.082143849886267757e-05,1.254681493956074425e-05,-3.831015495763131183e-05
3.799762514842822060e-04,0.000000000000000000e+00,8.186577005927696759e-05,7.440121865572348612e-05,0.000000000000000000e+00,6.227555377953059544e-03,-2.045191243669512650e-05,-1.622810081707999337e-05,6.567676509995013038e-06,-2.621029134732281830e-05
3.849759390038122800e-04,0.000000000000000000e+00,8.285580716191867548e-05,7.415716368304493009e-05,0.000000000000000000e+00,6.227554179422245019e-03,-2.672163452934510016e-05,-1.171583405832119003e-05,-1.175076566746457838e-06,-1.107696110304529258e-05
3.899756265233422997e-04,0.000000000000000000e+00,8.383546624277042462e-05,7.391335392971300645e-05,0.000000000000000000e+00,6.227555368987061461e-03,-3.093172684686155364e-05,-7.603183321024324519e-06,-1.000222719684477106e-05,5.591948968387860149e-06
3.949753140428723195e-04,0.000000000000000000e+00,8.474101318292298168e-05,7.366978939572768809e-05,0.000000000000000000e+00,6.227558149615870266e-03,-3.298425717663319435e-05,-4.059388020765013688e-06,-1.902492664410800627e-05,2.202230406033592390e-05
3.999750015624023393e-04,0.000000000000000000e+00,8.552862804325922920e-05,7.342647008108900213e-05,0.000000000000000000e+00,6.227562103056045323e-03,-3.299672417357483285e-05,-1.125587600521172370e-06,-2.722345230656726803e-05,3.644773508629531935e-05
4.049746890819323590e-04,0.000000000000000000e+00,8.617933668140011509e-05,7.318339598579694856e-05,0.000000000000000000e+00,6.227566760821206734e-03,-3.130528279309484195e-05,1.200122597787939985e-06,-3.358472246697605094e-05,4.738709485366414723e-05
4.099743766014623788e-04,0.000000000000000000e+00,8.669264133621521656e-05,7.294056710985151383e-05,0.000000000000000000e+00,6.227570847154000576e-03,-2.847386213639510117e-05,2.901932965957051676e-06,-3.725097042725835099e-05,5.382130576048242904e-05
4.149740641209924527e-04,0.000000000000000000e+00,8.707852575218464903e-05,7.269798345325269794e-05,0.000000000000000000e+00,6.227572439627249330e-03,-2.521105802523061954e-05,3.983034438348723898e-06,-3.763066456565965451e-05,5.532796234350216243e-05
4.199737516405224725e-04,0.000000000000000000e+00,8.734660245559994749e-05,7.245564501600050089e-05,0.000000000000000000e+00,6.227570424690171032e-03,-2.225244010613007734e-05,4.463692497567519196e-06,-3.448710593026143315e-05,5.208958875534029306e-05
4.249734391600524922e-04,0.000000000000000000e+00,8.750519917234588960e-05,7.221355179809493623e-05,0.000000000000000000e+00,6.227565730289819947e-03,-2.025934944005483769e-05,4.412695088247178703e-06,-2.798569969456831034e-05,4.478184550300595040e-05
4.299731266795825120e-04,0.000000000000000000e+00,8.756216586462220734e-05,7.197170379953599041e-05,0.000000000000000000e+00,6.227560694869024339e-03,-1.962560013586208635e-05,3.934158834730699666e-06,-1.867339311871616428e-05,3.445562038089457934e-05
4.349728141991125317e-04,0.000000000000000000e+00,8.752923217965100197e-05,7.173010102032366343e-05,0.000000000000000000e+00,6.227557381519747970e-03,-2.033344120337117033e-05,3.190483023320075248e-06,-7.395571447908298255e-06,2.242827631846476181e-05
4.399725017186425515e-04,0.000000000000000000e+00,8.742604847511931739e-05,7.148874346045796884e-05,0.000000000000000000e+00,6.227556395912331975e-03,-2.192820142593947298e-05,2.373682482551010616e-06,4.799313463879740458e-06,1.012363992846550129e-05
4.449721892381726255e-04,0.000000000000000000e+00,8.728069006880616548e-05,7.124763111993889309e-05,0.000000000000000000e+00,6.227557124070678095e-03,-2.365397055488130786e-05,1.638140804241956478e-06,1.676087432747810568e-05,-1.114262050526921248e-06
4.499718767577026452e-04,0.000000000000000000e+00,8.712685006448237955e-05,7.100676399876643618e-05,0.000000000000000000e+00,6.227558600480880523e-03,-2.464217377149552357e-05,1.033663245577536205e-06,2.737481739174200862e-05,-1.019855935819111967e-05
4.549715642772326650e-04,0.000000000000000000e+00,8.699884452587963106e-05,7.076614209694061166e-05,0.000000000000000000e+00,6.227560178270652620e-03,-2.414222918566133808e-05,5.272725614528122810e-07,3.568965915251309264e-05,-1.644649992394454490e-05
4.599712517967626847e-04,0.000000000000000000e+00,8.692887129581851270e-05,7.052576541446140598e-05,0.000000000000000000e+00,6.227561706848661581e-03,-2.171780264136866811e-05,5.117999909357131481e-08,4.104265986646687861e-05,-1.966378062347895161e-05
4.649709393162927045e-04,0.000000000000000000e+00,8.694042825745378240e-05,7.028563395132883269e-05,0.000000000000000000e+00,6.227563257539978255e-03,-1.737644597490591136e-05,-4.483866204316013781e-07,4.309686924300882541e-05,-2.008363774938449526e-05
4.699706268358227784e-04,0.000000000000000000e+00,8.703982923130339233e-05,7.004574770754286468e-05,0.000000000000000000e+00,6.227564903554568508e-03,-1.160180256265573332e-05,-9.345629110363984321e-07,4.187845558029994707e-05,-1.826660775954757422e-05
4.749703143553527982e-04,0.000000000000000000e+00,8.721527680070365279e-05,6.980610668310352907e-05,0.000000000000000000e+00,6.227566740682935476e-03,-5.232968291025109426e-06,-1.210359432811392446e-06,3.774457013662832770e-05,-1.491120935768438019e-05
4.799700018748828179e-04,0.000000000000000000e+00,8.743890611207539860e-05,6.956671087801082586e-05,0.000000000000000000e+00,6.227568600917340359e-03,7.213537496322908562e-07,-9.431289696507202182e-07,3.131169529191079627e-05,-1.072122774081727095e-05
4.849696893944128377e-04,0.000000000000000000e+00,8.767366732649510086e-05,6.932756029226474148e-05,0.000000000000000000e+00,6.227569950828865802e-03,5.304655252725283922e-06,2.596992015609888518e-07,2.334267467551657984e-05,-6.289694984849719434e-06
4.899693769139429117e-04,0.000000000000000000e+00,8.787768700693461641e-05,6.908865492586527593e-05,0.000000000000000000e+00,6.227570177056984506e-03,7.829192294446881599e-06,2.723155373877140136e-06,1.466550755345717185e-05,-2.003973234862675842e-06
4.949690644334729314e-04,0.000000000000000000e+00,8.801458359268184443e-05,6.884999477881244279e-05,0.000000000000000000e+00,6.227568790875720114e-03,8.034742113323526037e-06,6.590785507581061755e-06,6.074908744733532667e-06,2.012412710767484843e-06
4.999687519530029512e-04,0.000000000000000000e+00,8.805856955790033037e-05,6.861157985110622848e-05,0.000000000000000000e+00,6.227565908615549130e-03,6.139713493497533161e-06,1.169088821099344128e-05,-1.797319749943483840e-06,5.815317002990475105e-06
5.049684394725329709e-04,0.000000000000000000e+00,8.799816794299273074e-05,6.837341014274663301e-05,0.000000000000000000e+00,6.227562442870122374e-03,2.742115208184892549e-06,1.752002859524068572e-05,-8.535107072703892062e-06,9.502070506637236009e-06
5.099681269920629907e-04,0.000000000000000000e+00,8.783606024302724555e-05,6.813548565373366993e-05,0.000000000000000000e+00,6.227559600774428168e-03,-1.300317109254515806e-06,2.332712783381041347e-05,-1.389299132488238989e-05,1.310463218149669972e-05
5.149678145115930104e-04,0.000000000000000000e+00,8.758543920755472066e-05,6.789780638406732569e-05,0.000000000000000000e+00,6.227558281055632985e-03,-5.068187882691005993e-06,2.829633752703093692e-05,-1.775204034148700937e-05,1.648562163893370401e-05
5.199675020311230302e-04,0.000000000000000000e+00,8.726364128796196382e-05,6.766037233374760029e-05,0.000000000000000000e+00,6.227558783351024897e-03,-7.758482893703000090e-06,3.171070320509883941e-05,-2.008531132409456423e-05,1.933521453062842725e-05
5.249671895506530499e-04,0.000000000000000000e+00,8.688474040611909573e-05,6.742318350277449373e-05,0.000000000000000000e+00,6.227560742287576064e-03,-8.812568944943891290e-06,3.309496627236248307e-05,-2.094276176136943441e-05,2.128252726911738910e-05
5.299668770701830697e-04,0.000000000000000000e+00,8.645676747924096713e-05,6.718623989114801956e-05,0.000000000000000000e+00,6.227563297385837505e-03,-7.889283969970092202e-06,3.230168911177801102e-05,-2.045741259651280344e-05,2.204722420295248932e-05
5.349665645897130895e-04,0.000000000000000000e+00,8.598217831671645898e-05,6.694954149886816423e-05,0.000000000000000000e+00,6.227565265719427375e-03,-4.827566642717759696e-06,2.950866526049338381e-05,-1.888865527093282028e-05,2.152269115913529022e-05
5.399662521092431092e-04,0.000000000000000000e+00,8.545869011655791503e-05,6.671308832593494129e-05,0.000000000000000000e+00,6.227565726232759703e-03,3.347445768835886340e-07,2.513799607079642110e-05,-1.657775521880708506e-05,1.980046026209194505e-05
5.449659396287732374e-04,0.000000000000000000e+00,8.487982966457011677e-05,6.647688037234833719e-05,0.000000000000000000e+00,6.227564780102457127e-03,7.347150844541656950e-06,1.975663871973041115e-05,-1.390418668357671327e-05,1.719117694221819340e-05
5.499656271483032571e-04,0.000000000000000000e+00,8.423339126989515052e-05,6.624091763810835193e-05,0.000000000000000000e+00,6.227563734352666545e-03,1.575134145361097311e-05,1.400911968358174454e-05,-1.121140422264358092e-05,1.416342439927124778e-05
5.549653146678332769e-04,0.000000000000000000e+00,8.350764486785963096e-05,6.600520012321499906e-05,0.000000000000000000e+00,6.227564101700647572e-03,2.493474213930120065e-05,8.551710633295410083e-06,-8.779204096400594260e-06,1.126410493163762402e-05
5.599650021873632966e-04,0.000000000000000000e+00,8.269521952311442866e-05,6.576972782766825148e-05,0.000000000000000000e+00,6.227566030760974848e-03,3.417825936302908401e-05,3.940880674000711321e-06,-6.794534054276691773e-06,9.005422590577888433e-06
5.649646897068933164e-04,0.000000000000000000e+00,8.179838440979223825e-05,6.553450075146814984e-05,0.000000000000000000e+00,6.227568108135020201e-03,4.274293034207227274e-05,5.718639810286255598e-07,-5.299185381738295337e-06,7.770212684652855312e-06
5.699643772264233361e-04,0.000000000000000000e+00,8.082879869294227429e-05,6.529951889461466704e-05,0.000000000000000000e+00,6.227568696157298640e-03,4.995008899211778714e-05,-1.309606427275774705e-06,-4.176836684269821558e-06,7.698710003362485685e-06
5.749640647459533559e-04,0.000000000000000000e+00,7.980774993467083063e-05,6.506478225710780308e-05,0.000000000000000000e+00,6.227567189642089183e-03,5.523949730524875675e-05,-1.582498400118882142e-06,-3.228135979219858226e-06,8.629049140476635442e-06
5.799637522654833757e-04,0.000000000000000000e+00,7.876179765614094066e-05,6.483029083894755796e-05,0.000000000000000000e+00,6.227564333856637317e-03,5.826273547628992911e-05,-3.122647471965290934e-07,-2.237738789264412108e-06,1.016699290427508741e-05
5.849634397850133954e-04,0.000000000000000000e+00,7.772041229785509888e-05,6.459604464013394523e-05,0.000000000000000000e+00,6.227561392262207472e-03,5.903216975693732110e-05,2.237879218499221732e-06,-1.010263230621153942e-06,1.182644130859060589e-05
5.899631273045434152e-04,0.000000000000000000e+00,7.671827810922340115e-05,6.436204366066695134e-05,0.000000000000000000e+00,6.227559172443015295e-03,5.805436309100102854e-05,5.603018800587377521e-06,5.501861474481381113e-07,1.317730420831224688e-05
5.949628148240734349e-04,0.000000000000000000e+00,7.579515855898576724e-05,6.412828790054658985e-05,0.000000000000000000e+00,6.227558172902274321e-03,5.621198423345239662e-05,9.111140196643063616e-06,2.383640989721001078e-06,1.390056281856505225e-05
5.999625023436035631e-04,0.000000000000000000e+00,7.499059399559272851e-05,6.389477735977284719e-05,0.000000000000000000e+00,6.227558930314866167e-03,5.449433477318365877e-05,1.197712095544571631e-05,4.338183700587794259e-06,1.387257308026458570e-05
6.049621898631335828e-04,0.000000000000000000e+00,7.433648478551353224e-05,6.366151203834572337e-05,0.000000000000000000e+00,6.227561668393959485e-03,5.373763559861455632e-05,1.353754281835575435e-05,6.218429817969267103e-06,1.314999309778916126e-05
6.099618773826636026e-04,0.000000000000000000e+00,7.385162722328682619e-05,6.342849193626521839e-05,0.000000000000000000e+00,6.227565582955149441e-03,5.446889424701228998e-05,1.344500978492015555e-05,7.820667296911039298e-06,1.189787649768129043e-05
6.149615649021936224e-04,0.000000000000000000e+00,7.353989050046410062e-05,6.319571705353133225e-05,0.000000000000000000e+00,6.227568623588837851e-03,5.684298939752060656e-05,1.171608530924162410e-05,8.956371322092062602e-06,1.032221514934262042e-05
6.199612524217236421e-04,0.000000000000000000e+00,7.338830807743972149e-05,6.296318739014409205e-05,0.000000000000000000e+00,6.227568630086784997e-03,6.063769080310175605e-05,8.739838147784868507e-06,9.505363065235740953e-06,8.648331979588200772e-06
6.249609399412536619e-04,0.000000000000000000e+00,7.337044615077127228e-05,6.273090294610345714e-05,0.000000000000000000e+00,6.227565101640621277e-03,6.530539962701145391e-05,5.217761215248320266e-06,9.368181061679818644e-06,7.059140836280083516e-06
6.299606274607836816e-04,0.000000000000000000e+00,7.344645216061475095e-05,6.249886372140945462e-05,0.000000000000000000e+00,6.227559801672341924e-03,6.999427804165844389e-05,2.008958513882968654e-06,8.451990695593377445e-06,5.578658930335185697e-06
6.349603149803137014e-04,0.000000000000000000e+00,7.356790404843139414e-05,6.226706971606207094e-05,0.000000000000000000e+00,6.227555599973258645e-03,7.367931021575377100e-05,-8.115066854806541241e-08,6.731093275146310627e-06,4.044260723849840339e-06
6.399600024998437211e-04,0.000000000000000000e+00,7.368130745334354752e-05,6.203552093006130610e-05,0.000000000000000000e+00,6.227554491090401580e-03,7.540954904974945454e-05,-5.200465531156698575e-07,4.304152585432687794e-06,2.180113698948535472e-06
6.449596900193737409e-04,0.000000000000000000e+00,7.373603099337519768e-05,6.180421736340717365e-05,0.000000000000000000e+00,6.227556707853430795e-03,7.464694634602919926e-05,7.911364878201386362e-07,1.367445578092821026e-06,-2.814490411169285418e-07
6.499593775389037606e-04,0.000000000000000000e+00,7.369018730158145175e-05,6.157315901609966005e-05,0.000000000000000000e+00,6.227561221688380708e-03,7.140376203360705373e-05,3.446656831907164841e-06,-1.862518258003054730e-06,-3.439326512995515150e-06
6.549590650584338888e-04,0.000000000000000000e+00,7.351488362280249246e-05,6.134234588813877883e-05,0.000000000000000000e+00,6.227566550717475446e-03,6.618553932261651829e-05,6.614797196006047986e-06,-5.195035651101461064e-06,-7.121616846705907988e-06
6.599587525779639086e-04,0.000000000000000000e+00,7.319496332931837849e-05,6.111177797952451645e-05,0.000000000000000000e+00,6.227571191696859229e-03,5.987948282918598912e-05,9.241376731124528797e-06,-8.500986161843544542e-06,-1.096104159915898510e-05
6.649584400974939283e-04,0.000000000000000000e+00,7.272894376675162378e-05,6.088145529025686613e-05,0.000000000000000000e+00,6.227573738281744903e-03,5.361285819048373859e-05,1.038004297106879671e-05,-1.172623426542623011e-05,-1.464914783435583573e-05
6.699581276170239481e-04,0.000000000000000000e+00,7.213079876668212641e-05,6.065137782033585499e-05,0.000000000000000000e+00,6.227573187347346974e-03,4.852110600106338049e-05,9.400039705317982236e-06,-1.488073243991689382e-05,-1.800921462727924315e-05
6.749578151365539678e-04,0.000000000000000000e+00,7.143025970960771370e-05,6.042154556976145590e-05,0.000000000000000000e+00,6.227569626898522316e-03,4.550168639002103018e-05,6.077681720886643626e-06,-1.799927965881073874e-05,-2.095669739113735570e-05
6.799575026560839876e-04,0.000000000000000000e+00,7.067054346610454282e-05,6.019195853853368243e-05,0.000000000000000000e+00,6.227564296266412114e-03,4.505311251445865068e-05,6.788798208893825139e-07,-2.112728031201721921e-05,-2.343189076986654937e-05
6.849571901756140073e-04,0.000000000000000000e+00,6.990760063116411508e-05,5.996261672665254136e-05,0.000000000000000000e+00,6.227558954481353555e-03,4.718681617456908317e-05,-6.058764788212636692e-06,-2.430202863427789023e-05,-2.543584247839571747e-05
6.899568776951440271e-04,0.000000000000000000e+00,6.920710733818212848e-05,5.973352013411801234e-05,0.000000000000000000e+00,6.227555366823755469e-03,5.139152575438449624e-05,-1.311576163331578819e-05,-2.742039640711263872e-05,-2.706226025930959310e-05
6.949565652146740468e-04,0.000000000000000000e+00,6.864127903905514977e-05,5.950466876093011572e-05,0.000000000000000000e+00,6.227554888774832972e-03,5.676335447752801081e-05,-1.943923978155651287e-05,-3.013709980776323649e-05,-2.851525725405326198e-05
6.999562527342040666e-04,0.000000000000000000e+00,6.827931798766580902e-05,5.927606260708883794e-05,0.000000000000000000e+00,6.227557818493201051e-03,6.221967808620316282e-05,-2.412846618106708366e-05,-3.193760926542308178e-05,-3.004024442094058663e-05
7.049559402537340863e-04,0.000000000000000000e+00,6.818124921081065537e-05,5.904770167259418577e-05,0.000000000000000000e+00,6.227562840230632321e-03,6.676663402591325022e-05,-2.664396973069197539e-05,-3.232710657883651278e-05,-3.178976559456560502e-05
7.099556277732641061e-04,0.000000000000000000e+00,6.838823146000042735e-05,5.881958595744615922e-05,0.000000000000000000e+00,6.227567389720423292e-03,6.967380039057188975e-05,-2.695075629538794016e-05,-3.094503903179832431e-05,-3.375426134530896922e-05
7.149553152927942343e-04,0.000000000000000000e+00,6.891716554600335587e-05,5.859171546164475150e-05,0.000000000000000000e+00,6.227569120572476989e-03,7.060734064290760908e-05,-2.549170792393420901e-05,-2.762656395796361382e-05,-3.584877811593278408e-05
7.199550028123242540e-04,0.000000000000000000e+00,6.975861644277186048e-05,5.836409018518996940e-05,0.000000000000000000e+00,6.227567503055453021e-03,6.958999835768100452e-05,-2.300374851306536192e-05,-2.243221298624087544e-05,-3.808691843729927729e-05
7.249546903318542738e-04,0.000000000000000000e+00,7.088113885216945533e-05,5.813671012808181292e-05,0.000000000000000000e+00,6.227564015440873943e-03,6.686142382348189358e-05,-2.030273451386996697e-05,-1.558018747698554848e-05,-4.063888134637751127e-05
7.299543778513842935e-04,0.000000000000000000e+00,7.223605865015637754e-05,5.790957529032027528e-05,0.000000000000000000e+00,6.227560921025492892e-03,6.266796674863241558e-05,-1.811122946276062443e-05,-7.402103165035155442e-06,-4.367773838291933732e-05
7.349540653709143133e-04,0.000000000000000000e+00,7.376177908058972833e-05,5.768268567190536325e-05,0.000000000000000000e+00,6.227559786777491814e-03,5.721349861390002869e-05,-1.691048912929573730e-05,1.625243964869660526e-06,-4.726106539382616444e-05
7.399537528904443330e-04,0.000000000000000000e+00,7.539022365174720907e-05,5.745604127283707684e-05,0.000000000000000000e+00,6.227560961187127327e-03,5.075692288380434362e-05,-1.690881220693332974e-05,1.085532454641629717e-05,-5.129415005913728995e-05
7.449534404099743528e-04,0.000000000000000000e+00,7.705516859191607600e-05,5.722964209311540927e-05,0.000000000000000000e+00,6.227563742582673499e-03,4.362452197011596172e-05,-1.812072195115691677e-05,1.957794966525254314e-05,-5.555109672112000193e-05
7.499531279295043725e-04,0.000000000000000000e+00,7.869899674228953291e-05,5.700348813274037408e-05,0.000000000000000000e+00,6.227566774716090242e-03,3.608862671239400062e-05,-2.046727616331045339e-05,2.707014529354377747e-05,-5.968038044883568162e-05
7.549528154490343923e-04,0.000000000000000000e+00,8.027612121268511397e-05,5.677757939171195097e-05,0.000000000000000000e+00,6.227568648846324058e-03,2.835180468393153159e-05,-2.379558126004646131e-05,3.260046750278247792e-05,-6.327346840330748965e-05
7.599525029685644121e-04,0.000000000000000000e+00,8.174966637890624473e-05,5.655191587003016024e-05,0.000000000000000000e+00,6.227568542638449965e-03,2.062468181748961096e-05,-2.786629350072871266e-05,3.547915973259225554e-05,-6.584358247758683369e-05
7.649521904880944318e-04,0.000000000000000000e+00,8.308912513116048244e-05,5.632649756769498835e-05,0.000000000000000000e+00,6.227566633976756860e-03,1.319592025272462433e-05,-3.242634705012774197e-05,3.519597180950248316e-05,-6.680300081625868572e-05
7.699518780076245600e-04,0.000000000000000000e+00,8.426630365083897958e-05,5.610132448470643530e-05,0.000000000000000000e+00,6.227564202360763232e-03,6.455720745875934614e-06,-3.724933399813346697e-05,3.155350793965100713e-05,-6.558331509485989782e-05
7.749515655271545797e-04,0.000000000000000000e+00,8.525833782762286652e-05,5.587639662106451465e-05,0.000000000000000000e+00,6.227562763460948829e-03,8.637382168625497613e-07,-4.205383540489895662e-05,2.478488635984576815e-05,-6.183006249382377818e-05
7.799512530466845995e-04,0.000000000000000000e+00,8.605171022527239894e-05,5.565171397676921283e-05,0.000000000000000000e+00,6.227562918770505711e-03,-3.302732393454529559e-06,-4.638975652794495043e-05,1.561932116518570786e-05,-5.551491216520883530e-05
7.849509405662146192e-04,0.000000000000000000e+00,8.665032036006565651e-05,5.542727655182053663e-05,0.000000000000000000e+00,6.227564182428342934e-03,-6.159191644441269450e-06,-4.969608060159310130e-05,5.249490334490448354e-06,-4.698558299575282743e-05
7.899506280857446390e-04,0.000000000000000000e+00,8.707735349838316007e-05,5.520308434621848604e-05,0.000000000000000000e+00,6.227565400323626689e-03,-8.172667975556563425e-06,-5.143150636363228123e-05,-4.831108092528182138e-06,-3.697825995031847027e-05
7.949503156052746588e-04,0.000000000000000000e+00,8.737384203722600208e-05,5.497913735996305429e-05,0.000000000000000000e+00,6.227565482848295211e-03,-9.875774973931395010e-06,-5.122028641468653789e-05,-1.309125551190304512e-05,-2.652168815196936696e-05
7.999500031248046785e-04,0.000000000000000000e+00,8.759655501916325756e-05,5.475543559305424816e-05,0.000000000000000000e+00,6.227564001021948688e-03,-1.168699807266163848e-05,-4.902439923010949192e-05,-1.826335773993582702e-05,-1.671670732406923675e-05
8.049496906443346983e-04,0.000000000000000000e+00,8.781440822431203005e-05,5.453197904549206764e-05,0.000000000000000000e+00,6.227561267134384439e-03,-1.389088930916811437e-05,-4.527104848802373686e-05,-1.957685872472850541e-05,-8.547499078514963155e-06
8.099493781638647180e-04,0.000000000000000000e+00,8.809967860832782697e-05,5.430876771727650596e-05,0.000000000000000000e+00,6.227558241538493425e-03,-1.662635977170826739e-05,-4.074699932408743517e-05,-1.693122024118749481e-05,-2.738557269192420712e-06
8.149490656833947378e-04,0.000000000000000000e+00,8.851649412149693776e-05,5.408580160840756990e-05,0.000000000000000000e+00,6.227556326957097224e-03,-1.981930464785956283e-05,-3.635950672115548211e-05,-1.087667379580630538e-05,2.870139754040105162e-07
8.199487532029247575e-04,0.000000000000000000e+00,8.911124057197955441e-05,5.386308071888525946e-05,0.000000000000000000e+00,6.227556654501594825e-03,-2.312598631317230933e-05,-3.298641438514094608e-05,-2.417006619053772490e-06,4.449582222892941945e-07
8.249484407224548857e-04,0.000000000000000000e+00,8.990664006167094441e-05,5.364060504870956785e-05,0.000000000000000000e+00,6.227559345144622650e-03,-2.596377644674929786e-05,-3.136694475572494346e-05,7.213477607898912265e-06,-2.003209879520820747e-06
8.299481282419849055e-04,0.000000000000000000e+00,9.089836973779308554e-05,5.341837459788050186e-05,0.000000000000000000e+00,6.227563378972717986e-03,-2.763070116975873390e-05,-3.188087437803985459e-05,1.671808508773705575e-05,-6.449361489720764889e-06
8.349478157615149252e-04,0.000000000000000000e+00,9.206135477437294996e-05,5.319638936639806148e-05,0.000000000000000000e+00,6.227567338536954371e-03,-2.750027328121207323e-05,-3.442666212114701225e-05,2.498275068792519827e-05,-1.201316938701782797e-05
8.399475032810449450e-04,0.000000000000000000e+00,9.335681309759650084e-05,5.297464935426224672e-05,0.000000000000000000e+00,6.227570082774102657e-03,-2.527733725057593797e-05,-3.849632067360505270e-05,3.127830276487754847e-05,-1.770865525948215908e-05
8.449471908005749647e-04,0.000000000000000000e+00,9.474070894898270793e-05,5.275315456147305080e-05,0.000000000000000000e+00,6.227570920029572472e-03,-2.108513787641166194e-05,-4.332463925196800405e-05,3.531944921385614096e-05,-2.268687733328662265e-05
8.499468783201049845e-04,0.000000000000000000e+00,9.616722540690637248e-05,5.253190498803048049e-05,0.000000000000000000e+00,6.227569590148500887e-03,-1.535524479279983185e-05,-4.802420767652770784e-05,3.723125641390025436e-05,-2.638300389167903021e-05
8.549465658396350042e-04,0.000000000000000000e+00,9.759442705255324689e-05,5.231090063393452902e-05,0.000000000000000000e+00,6.227566179291498666e-03,-8.665211789120487841e-06,-5.179890801690488527e-05,3.743080610775837000e-05,-2.845357340257320547e-05
8.599462533591650240e-04,0.000000000000000000e+00,9.898608260331454619e-05,5.209014149918520317e-05,0.000000000000000000e+00,6.227561375890118892e-03,-1.732833592456702000e-06,-5.413124857854956348e-05,3.642241331871773661e-05,-2.869125300417597982e-05
8.649459408786950437e-04,0.000000000000000000e+00,1.003117854630392237e-04,5.186962758378250293e-05,0.000000000000000000e+00,6.227556741027559170e-03,4.685683773865561994e-06,-5.481390222161965114e-05,3.466493828553325954e-05,-2.705171153655128635e-05
8.699456283982250635e-04,0.000000000000000000e+00,1.015449457220764994e-04,5.164935888772642154e-05,0.000000000000000000e+00,6.227554075294183811e-03,9.984782669580827662e-06,-5.385090038928639131e-05,3.256632782071084353e-05,-2.371273864658339457e-05
8.749453159177550832e-04,0.000000000000000000e+00,1.026609723233268978e-04,5.142933541101697253e-05,0.000000000000000000e+00,6.227554543359970461e-03,1.374056783745932172e-05,-5.139288227694674416e-05,3.050749577794067155e-05,-1.911850041165778197e-05
8.799450034372851030e-04,0.000000000000000000e+00,1.036372345989508044e-04,5.120955715365414237e-05,0.000000000000000000e+00,6.227558052853960149e-03,1.561404353113709945e-05,-4.770496490268534258e-05,2.880806820205508679e-05,-1.388736423604538199e-05
8.849446909568152312e-04,0.000000000000000000e+00,1.044531322783497974e-04,5.099002411563793104e-05,0.000000000000000000e+00,6.227563052434352195e-03,1.536531303971696728e-05,-4.307680064404650975e-05,2.767577587938098489e-05,-8.647883812477674882e-06
8.899443784763452509e-04,0.000000000000000000e+00,1.050889004279159249e-04,5.077073629696835210e-05,0.000000000000000000e+00,6.227567478870697261e-03,1.293377916170287286e-05,-3.770248187781386195e-05,2.715890718225404395e-05,-3.855920712527035298e-06
8.949440659958752707e-04,0.000000000000000000e+00,1.055261092544287384e-04,5.055169369764539201e-05,0.000000000000000000e+00,6.227570030902544393e-03,8.387150583422131497e-06,-3.169861923017301805e-05,2.715761670309509295e-05,1.989172680735024220e-07
8.999437535154052904e-04,0.000000000000000000e+00,1.057481452727147202e-04,5.033289631766905753e-05,0.000000000000000000e+00,6.227570697841794747e-03,1.899815354639368853e-06,-2.516047308106004701e-05,2.750832330923885934e-05,3.325611265354626935e-06
9.049434410349353102e-04,0.000000000000000000e+00,1.057426837088701235e-04,5.011434415703934188e-05,0.000000000000000000e+00,6.227570285664218823e-03,-6.206098615275875585e-06,-1.813736314823335326e-05,2.805327191676522457e-05,5.387207008149470685e-06
9.099431285544653299e-04,0.000000000000000000e+00,1.055016987750938777e-04,4.989603721575625186e-05,0.000000000000000000e+00,6.227569388608821845e-03,-1.550975284056858205e-05,-1.062780002784154281e-05,2.866587515281714870e-05,6.362105914555074771e-06
9.149428160739953497e-04,0.000000000000000000e+00,1.050261916245467768e-04,4.967797549381978745e-05,0.000000000000000000e+00,6.227567977687603444e-03,-2.552432003977377062e-05,-2.737682735604853319e-06,2.924236217447274684e-05,6.402945878385865768e-06
9.199425035935253694e-04,0.000000000000000000e+00,1.043255575877444105e-04,4.946015899122994187e-05,0.000000000000000000e+00,6.227566029200657868e-03,-3.565534121653948991e-05,5.203715822089493952e-06,2.969794567655198678e-05,5.841355284923209680e-06
9.249421911130553892e-04,0.000000000000000000e+00,1.034157545261033114e-04,4.924258770798672192e-05,0.000000000000000000e+00,6.227564044948525473e-03,-4.514035869276298982e-05,1.268603575005652722e-05,2.999003156214528134e-05,5.127563413195758622e-06
9.299418786325854090e-04,0.000000000000000000e+00,1.023176867170450346e-04,4.902526164409013435e-05,0.000000000000000000e+00,6.227562708995132423e-03,-5.319587144064990105e-05,1.910726410475849452e-05,3.015464427550167207e-05,4.707283699448911441e-06
9.349415661521154287e-04,0.000000000000000000e+00,1.010608983413416480e-04,4.880818079954015885e-05,0.000000000000000000e+00,6.227561935425748527e-03,-5.922088439833202622e-05,2.388714935245410691e-05,3.027864809458230747e-05,4.930708123659880169e-06
9.399412536716455569e-04,0.000000000000000000e+00,9.968513187056879127e-05,4.859134517433680897e-05,0.000000000000000000e+00,6.227560909487636284e-03,-6.293726129713515783e-05,2.667858867524214929e-05,3.042781962583391729e-05,6.027609976895685970e-06
9.449409411911755766e-04,0.000000000000000000e+00,9.823837188824296887e-05,4.837475476848009147e-05,0.000000000000000000e+00,6.227559297550398082e-03,-6.432953286195139517e-05,2.754474039654184221e-05,3.061252785080926332e-05,8.083261808718641091e-06
9.499406287107055964e-04,0.000000000000000000e+00,9.677378691935966087e-05,4.815840958196998604e-05,0.000000000000000000e+00,6.227558062858070537e-03,-6.354174004317102425e-05,2.689962649648857231e-05,3.073668782760297818e-05,1.103241182980110180e-05
9.549403162302356161e-04,0.000000000000000000e+00,9.534543634787915082e-05,4.794230961480651300e-05,0.000000000000000000e+00,6.227558844298802972e-03,-6.088825103027496711e-05,2.536115191327260052e-05,3.058785012842013106e-05,1.463425405434115882e-05
9.599400037497656359e-04,0.000000000000000000e+00,9.400330686058356157e-05,4.772645486698965202e-05,0.000000000000000000e+00,6.227562211521776511e-03,-5.686331052775777138e-05,2.368980936065577612e-05,2.987968844728373200e-05,1.853347948929638881e-05
9.649396912692956556e-04,0.000000000000000000e+00,9.279160286763512623e-05,4.751084533851942344e-05,0.000000000000000000e+00,6.227566675355488898e-03,-5.209998368165656707e-05,2.269102165888457905e-05,2.829489033798846873e-05,2.232986535586884328e-05
9.699393787888256754e-04,0.000000000000000000e+00,9.174685379810361354e-05,4.729548102939582047e-05,0.000000000000000000e+00,6.227569792102005154e-03,-4.733169537582104363e-05,2.298787289097801333e-05,2.552136385777554231e-05,2.570720561990509479e-05
9.749390663083556952e-04,0.000000000000000000e+00,9.089623831880966527e-05,4.708036193961882956e-05,0.000000000000000000e+00,6.227570019421939732e-03,-4.326436191738375521e-05,2.480968357301075250e-05,2.130382772271696218e-05,2.853229614876784593e-05
9.799387538278858233e-04,0.000000000000000000e+00,9.025119229550262817e-05,4.686548806918847105e-05,0.000000000000000000e+00,6.227567527783816476e-03,-4.031240319760873983e-05,2.794770929491220804e-05,1.549934297912925737e-05,3.094644879309376415e-05
9.849384413474157347e-04,0.000000000000000000e+00,8.980598488506903287e-05,4.665085941810473815e-05,0.000000000000000000e+00,6.227563671661143566e-03,-3.847752845446260084e-05,3.182479566559102957e-05,8.098900482093431469e-06,3.334109951644582259e-05
9.899381288669458628e-04,0.000000000000000000e+00,8.953838027057351627e-05,4.643647598636762409e-05,0.000000000000000000e+00,6.227559885169962201e-03,-3.755583314092460592e-05,3.568399189906923857e-05,-7.074686504902753700e-07,3.621702327665345458e-05
9.949378163864757742e-04,0.000000000000000000e+00,8.941635995599312543e-05,4.622233777397713564e-05,0.000000000000000000e+00,6.227557285373424428e-03,-3.727505829138014367e-05,3.881382913316637658e-05,-1.044685020674063702e-05,3.999502575096698420e-05
9.999375039060059023e-04,0.000000000000000000e+00,8.940217733615068302e-05,4.600844478093326604e-05,0.000000000000000000e+00,6.227556735088630134e-03,-3.734354049568747061e-05,4.073693074099879637e-05,-2.034017590057780005e-05,4.479191705239353504e-05
1.004937191425535814e-03,0.000000000000000000e+00,8.945562061332028650e-05,4.579479700723602205e-05,0.000000000000000000e+00,6.227558657403139096e-03,-3.746330227167295960e-05,4.124891184083736287e-05,-2.940091289909608604e-05,5.028749525579041335e-05
1.009936878945065942e-03,0.000000000000000000e+00,8.953661715926239319e-05,4.558139445288540367e-05,0.000000000000000000e+00,6.227562556151864867e-03,-3.737258903455461270e-05,4.032780563102190442e-05,-3.662151140073393522e-05,5.578124214383730283e-05
1.014936566464595853e-03,0.000000000000000000e+00,8.960784516117128377e-05,4.536823711788140413e-05,0.000000000000000000e+00,6.227566856940551857e-03,-3.683255353142349237e-05,3.808451499887497631e-05,-4.114113238699607794e-05,6.040482188479404080e-05
1.019936253984125981e-03,0.000000000000000000e+00,8.963644543228377044e-05,4.515532500222403699e-05,0.000000000000000000e+00,6.227569588024988584e-03,-3.563973739478088583e-05,3.478947240113774080e-05,-4.242313270762347870e-05,6.333053868932218551e-05
1.024935941503656110e-03,0.000000000000000000e+00,8.959653501424230085e-05,4.494265810591328869e-05,0.000000000000000000e+00,6.227569506939336502e-03,-3.365933214651582793e-05,3.083997234216790328e-05,-4.034139765712318484e-05,6.387543541420587809e-05
1.029935629023186021e-03,0.000000000000000000e+00,8.947199096397306830e-05,4.473023642894915922e-05,0.000000000000000000e+00,6.227566729680280959e-03,-3.080572637982605339e-05,2.659583795300347569e-05,-3.522383355400284449e-05,6.164701408768449777e-05
1.034935316542716149e-03,0.000000000000000000e+00,8.925692641012927407e-05,4.451805997133166215e-05,0.000000000000000000e+00,6.227562600664548337e-03,-2.699301169378480621e-05,2.230233164107832918e-05,-2.784113544722469124e-05,5.664884126447698227e-05
1.039935004062246060e-03,0.000000000000000000e+00,8.895256866225552048e-05,4.430612873306078391e-05,0.000000000000000000e+00,6.227558946937546830e-03,-2.209841510976640950e-05,1.813858700049863869e-05,-1.938069264840985406e-05,4.938871202002839537e-05
1.044934691581776189e-03,0.000000000000000000e+00,8.856829982290769486e-05,4.409444271413653129e-05,0.000000000000000000e+00,6.227557250902779340e-03,-1.605303086029497161e-05,1.425012455104601841e-05,-1.127000355572372609e-05,4.085263679677024354e-05
1.049934379101306100e-03,0.000000000000000000e+00,8.811931607383065670e-05,4.388300191455889751e-05,0.000000000000000000e+00,6.227558171866849970e-03,-8.995007262102211191e-06,1.080062479720892961e-05,-4.851244181958293578e-06,3.231266236555536010e-05
1.054934066620836228e-03,0.000000000000000000e+00,8.762330408969734954e-05,4.367180633432788935e-05,0.000000000000000000e+00,6.227561245101516721e-03,-1.303190541672307800e-06,8.070537166169459523e-06,-1.059456095644248450e-06,2.497466856142251668e-05
1.059933754140366139e-03,0.000000000000000000e+00,8.709342927942818142e-05,4.346085597344350680e-05,0.000000000000000000e+00,6.227564872878363009e-03,6.428195334632062699e-06,6.462034140972408956e-06,-2.554265288521301896e-07,1.965566836594807046e-05
1.064933441659896268e-03,0.000000000000000000e+00,8.653617420955131163e-05,4.325015083190574309e-05,0.000000000000000000e+00,6.227567131291396850e-03,1.345647484711337087e-05,6.305659142347058889e-06,-2.252730057155202400e-06,1.669556230275737421e-05
1.069933129179426179e-03,0.000000000000000000e+00,8.594874215606911462e-05,4.303969090971460499e-05,0.000000000000000000e+00,6.227567064985506384e-03,1.894773964820567963e-05,7.765206262765323757e-06,-6.454683451084473336e-06,1.602282535302944127e-05
1.074932816698956307e-03,0.000000000000000000e+00,8.531984255583468612e-05,4.282947620687009251e-05,0.000000000000000000e+00,6.227565231460163546e-03,2.220690803793843053e-05,1.082479609919531440e-05,-1.202108067975842725e-05,1.728942590859179775e-05
1.079932504218486218e-03,0.000000000000000000e+00,8.463360443413710113e-05,4.261950672337220565e-05,0.000000000000000000e+00,6.227562983795582180e-03,2.280048341192400762e-05,1.528416174353200779e-05,-1.801458852282863957e-05,1.989375114529684199e-05
1.084932191738016347e-03,0.000000000000000000e+00,8.387576524557507017e-05,4.240978245922093762e-05,0.000000000000000000e+00,6.227561346626660915e-03,2.053652703434330609e-05,2.075844244288847210e-05,-2.349309416228849794e-05,2.303426017705428180e-05
1.089931879257546475e-03,0.000000000000000000e+00,8.304067197861529398e-05,4.220030341441628844e-05,0.000000000000000000e+00,6.227560689830291887e-03,1.544775817538708234e-05,2.676959662985906404e-05,-2.767048562908318868e-05,2.589787973137366869e-05
1.094931566777076386e-03,0.000000000000000000e+00,8.213794940251449410e-05,4.199106958895827165e-05,0.000000000000000000e+00,6.227561189098045763e-03,7.852855097318252173e-06,3.287887052100953134e-05,-3.011481858916568690e-05,2.786465563717849622e-05
1.099931254296606514e-03,0.000000000000000000e+00,8.119592781289691654e-05,4.178208098284687369e-05,0.000000000000000000e+00,6.227563029921971346e-03,-1.627155695795571640e-06,3.874039865176306783e-05,-3.088720535447999347e-05,2.869910482224154852e-05
1.104930941816136426e-03,0.000000000000000000e+00,8.025997226754870298e-05,4.157333759608210135e-05,0.000000000000000000e+00,6.227565836588518089e-03,-1.216265175338030110e-05,4.408428800018910645e-05,-3.041177361658797294e-05,2.858206994790572878e-05
1.109930629335666554e-03,0.000000000000000000e+00,7.938414438703559619e-05,4.136483942866395463e-05,0.000000000000000000e+00,6.227568314923322829e-03,-2.274693682169623261e-05,4.872932387630813799e-05,-2.926653286800495713e-05,2.800736772443889600e-05
1.114930316855196465e-03,0.000000000000000000e+00,7.862259761914460799e-05,4.115658648059242674e-05,0.000000000000000000e+00,6.227568949612869408e-03,-3.233345086480472297e-05,5.265072012815611401e-05,-2.801360114858658228e-05,2.748556267905507465e-05
1.119930004374726593e-03,0.000000000000000000e+00,7.802013196595820952e-05,4.094857875186752447e-05,0.000000000000000000e+00,6.227567232842889759e-03,-4.007400087015589930e-05,5.594557778533142741e-05,-2.712743370650620104e-05,2.741909915853118823e-05
1.124929691894256505e-03,0.000000000000000000e+00,7.761035028237990834e-05,4.074081624248924782e-05,0.000000000000000000e+00,6.227564100606861053e-03,-4.547758589382443510e-05,5.866814202102370654e-05,-2.694527051516318095e-05,2.810801795001999269e-05
1.129929379413786633e-03,0.000000000000000000e+00,7.741289371739687854e-05,4.053329895245759001e-05,0.000000000000000000e+00,6.227561270508972374e-03,-4.835987368671157600e-05,6.075200305102144153e-05,-2.765240531832192393e-05,2.972123880379655018e-05
1.134929066933316544e-03,0.000000000000000000e+00,7.743288164351885155e-05,4.032602688177256458e-05,0.000000000000000000e+00,6.227560063528962513e-03,-4.871037452942057874e-05,6.199859165128196112e-05,-2.928081229948115190e-05,3.225981827730394505e-05
1.139928754452846672e-03,0.000000000000000000e+00,7.765994100677119875e-05,4.011900003043415122e-05,0.000000000000000000e+00,6.227560610991663553e-03,-4.674001042556827584e-05,6.214181597740238644e-05,-3.168166075131083386e-05,3.552924827447860394e-05
1.144928441972376800e-03,0.000000000000000000e+00,7.807179838435024074e-05,3.991221839844236348e-05,0.000000000000000000e+00,6.227562132051518012e-03,-4.287750657018640207e-05,6.095724266600944456e-05,-3.454316837295053522e-05,3.922780820846888188e-05
1.149928129491906712e-03,0.000000000000000000e+00,7.863844702534785163e-05,3.970568198579720813e-05,0.000000000000000000e+00,6.227563742687203599e-03,-3.774518170479003400e-05,5.845164601875010467e-05,-3.749792049339410353e-05,4.301376108848368887e-05
1.154927817011436840e-03,0.000000000000000000e+00,7.932666590486233099e-05,3.949939079249866484e-05,0.000000000000000000e+00,6.227564863002115619e-03,-3.202063603176303231e-05,5.483976988572498355e-05,-4.023577804345488919e-05,4.661112826405958202e-05
1.159927504530966751e-03,0.000000000000000000e+00,8.010313253532993507e-05,3.929334481854675394e-05,0.000000000000000000e+00,6.227565252385264608e-03,-2.630476680838549994e-05,5.034813480107354225e-05,-4.252688395394341419e-05,4.985537576783094385e-05
1.164927192050496879e-03,0.000000000000000000e+00,8.093386882257850321e-05,3.908754406394146188e-05,0.000000000000000000e+00,6.227564862108449402e-03,-2.099397777475343001e-05,4.515852287849637730e-05,-4.418798265548346156e-05,5.268223002949127209e-05
1.169926879570026791e-03,0.000000000000000000e+00,8.178181322233666099e-05,3.888198852868279544e-05,0.000000000000000000e+00,6.227563820596528424e-03,-1.623136477854551215e-05,3.951458805397820110e-05,-4.513192655320555786e-05,5.507773739832270250e-05
1.174926567089556919e-03,0.000000000000000000e+00,8.260810827994394994e-05,3.867667821277075461e-05,0.000000000000000000e+00,6.227562789459122929e-03,-1.205396405775281543e-05,3.372253314806824187e-05,-4.538309824794554135e-05,5.696236230520538288e-05
1.179926254609086830e-03,0.000000000000000000e+00,8.337632547460517606e-05,3.847161311620532584e-05,0.000000000000000000e+00,6.227562793879996318e-03,-8.485263511443303354e-06,2.802238882258595526e-05,-4.503907157753697502e-05,5.823234615380040784e-05
1.184925942128616959e-03,0.000000000000000000e+00,8.406023911558821525e-05,3.826679323898652947e-05,0.000000000000000000e+00,6.227564304433970757e-03,-5.501793650712207364e-06,2.253693116219174827e-05,-4.423975052029355834e-05,5.873319457268000456e-05
1.189925629648146870e-03,0.000000000000000000e+00,8.464762248792128037e-05,3.806221858111435871e-05,0.000000000000000000e+00,6.227566588990777509e-03,-2.841544797198190466e-06,1.727369941477770339e-05,-4.323268887130104170e-05,5.829135697780303202e-05
1.194925317167676998e-03,0.000000000000000000e+00,8.514429215310102437e-05,3.785788914258880679e-05,0.000000000000000000e+00,6.227568142625877420e-03,-6.299005276356546063e-08,1.215872081249396998e-05,-4.233313721407665155e-05,5.680019841375410713e-05
1.199925004687207126e-03,0.000000000000000000e+00,8.557291491770931558e-05,3.765380492340988049e-05,0.000000000000000000e+00,6.227567909605562571e-03,3.270398810196430944e-06,7.197613863197436093e-06,-4.178096896170076203e-05,5.438600344710041088e-05
1.204924692206737038e-03,0.000000000000000000e+00,8.597264655244157296e-05,3.744996592357757980e-05,0.000000000000000000e+00,6.227566112022871365e-03,7.466884950417908553e-06,2.598354028086786225e-06,-4.167489493597648889e-05,5.138746740699735784e-05
1.209924379726267166e-03,0.000000000000000000e+00,8.639334152273432557e-05,3.724637214309189795e-05,0.000000000000000000e+00,6.227563904449845943e-03,1.259823080046633299e-05,-1.255804115597854178e-06,-4.194098901487312641e-05,4.811774614044986786e-05
1.214924067245797077e-03,0.000000000000000000e+00,8.688738211991928076e-05,3.704302358195284850e-05,0.000000000000000000e+00,6.227562337336673207e-03,1.845487100780331046e-05,-3.968884155772983248e-06,-4.233727448859934202e-05,4.478740175948384567e-05
1.219923754765327205e-03,0.000000000000000000e+00,8.749836459224531867e-05,3.683992024016041110e-05,0.000000000000000000e+00,6.227561606028882840e-03,2.453842753805265085e-05,-5.181246103483625845e-06,-4.252204053829075246e-05,4.146039052008373835e-05
1.224923442284857117e-03,0.000000000000000000e+00,8.825095210675032355e-05,3.663706211771460610e-05,0.000000000000000000e+00,6.227561201386621302e-03,3.021502437722888121e-05,-4.567919042938352591e-06,-4.220628749227491576e-05,3.808010517651838162e-05
1.229923129804387245e-03,0.000000000000000000e+00,8.914403604992205256e-05,3.643444921461541994e-05,0.000000000000000000e+00,6.227560399505911032e-03,3.476839126529388977e-05,-1.850804519866427365e-06,-4.121742015115480227e-05,3.446881482281254430e-05
1.234922817323917156e-03,0.000000000000000000e+00,9.014939727966625699e-05,3.623208153086285261e-05,0.000000000000000000e+00,6.227558719594845742e-03,3.750320218324959721e-05,3.086243654891786304e-06,-3.945587623097701846e-05,3.043711607935954084e-05
1.239922504843447284e-03,0.000000000000000000e+00,9.121566879965808342e-05,3.602995906645691768e-05,0.000000000000000000e+00,6.227556593099406804e-03,3.795030675107365320e-05,1.005016952098949913e-05,-3.690487167228123465e-05,2.581097764557839644e-05
1.244922192362977196e-03,0.000000000000000000e+00,9.227626936899022993e-05,3.582808182139760159e-05,0.000000000000000000e+00,6.227555450184805302e-03,3.600068433913164835e-05,1.852071951124168616e-05,-3.375120399797120087e-05,2.044348018448427428e-05
1.249921879882507324e-03,0.000000000000000000e+00,9.325721094019321495e-05,3.562644979568491111e-05,0.000000000000000000e+00,6.227556894033029443e-03,3.194212513509681728e-05,2.767689824798908902e-05,-3.048002893909598199e-05,1.438921171643948385e-05
1.254921567402037452e-03,0.000000000000000000e+00,9.408778019997529965e-05,3.542506298931884625e-05,0.000000000000000000e+00,6.227561559330106918e-03,2.631748717888181963e-05,3.648613875127203058e-05,-2.773135478259031232e-05,8.003782181318818943e-06
1.259921254921567363e-03,0.000000000000000000e+00,9.470818510012359861e-05,3.522392140229940022e-05,0.000000000000000000e+00,6.227568123667195574e-03,1.990625388340757870e-05,4.387844379320630825e-05,-2.612385042712920359e-05,1.886951510605552712e-06
1.264920942441097491e-03,0.000000000000000000e+00,9.507604727893030530e-05,3.502302503462657982e-05,0.000000000000000000e+00,6.227573773775616633e-03,1.355518318477994987e-05,4.898791751587926250e-05,-2.609949248599513952e-05,-3.387144741100093592e-06
1.269920629960627403e-03,0.000000000000000000e+00,9.516532013142354140e-05,3.482237388630037825e-05,0.000000000000000000e+00,6.227576133781321382e-03,8.049458599231337433e-06,5.128280479561908475e-05,-2.776961112361073941e-05,-7.401604310662328269e-06
1.274920317480157531e-03,0.000000000000000000e+00,9.496655759569392686e-05,3.462196795732080229e-05,0.000000000000000000e+00,6.227574583443609875e-03,3.958479208785961289e-06,5.063947276909870480e-05,-3.085574808279728900e-05,-9.906141285929925767e-06
1.279920004999687442e-03,0.000000000000000000e+00,9.448565213112962902e-05,3.442180724768785196e-05,0.000000000000000000e+00,6.227570100016658131e-03,1.589809735135924077e-06,4.739413649737245362e-05,-3.480437014780249876e-05,-1.084570350340687808e-05
1.284919692519217570e-03,0.000000000000000000e+00,9.374415116281704788e-05,3.422189175740152723e-05,0.000000000000000000e+00,6.227564347953170286e-03,1.008979048058059675e-06,4.217087935604242090e-05,-3.894293033594530646e-05,-1.029977067365091249e-05
1.289919380038747482e-03,0.000000000000000000e+00,9.277831178522963124e-05,3.402222148646182135e-05,0.000000000000000000e+00,6.227558956182178800e-03,2.067242560364593999e-06,3.563528826306807209e-05,-4.247446698509446753e-05,-8.467711080363569205e-06
1.294919067558277610e-03,0.000000000000000000e+00,9.163827695839624568e-05,3.382279643486874108e-05,0.000000000000000000e+00,6.227555444085602562e-03,4.483380689016167179e-06,2.834528137927911663e-05,-4.461191458417447704e-05,-5.573730361806761627e-06
1.299918755077807521e-03,0.000000000000000000e+00,9.038563634442213881e-05,3.362361660262228643e-05,0.000000000000000000e+00,6.227554909257386993e-03,7.841177516789335348e-06,2.071366381385992850e-05,-4.483028029708822275e-05,-1.966585079091243791e-06
1.304918442597337649e-03,0.000000000000000000e+00,8.908929462506809003e-05,3.342468198972245740e-05,0.000000000000000000e+00,6.227557227432202296e-03,1.162071087563600245e-05,1.295604485900156649e-05,-4.300727123071259602e-05,1.967658742285843412e-06
1.309918130116867778e-03,0.000000000000000000e+00,8.782100090761542528e-05,3.322599259616924720e-05,0.000000000000000000e+00,6.227560785243683485e-03,1.522840738903780497e-05,5.089997851634313656e-06,-3.933727747783016154e-05,5.884368701941910599e-06
1.314917817636397689e-03,0.000000000000000000e+00,8.665137527489145139e-05,3.302754842196266262e-05,0.000000000000000000e+00,6.227563580082925467e-03,1.806725487134454430e-05,-2.988332621776531328e-06,-3.422784746483525551e-05,9.531886687888020709e-06
1.319917505155927817e-03,0.000000000000000000e+00,8.564345039950303274e-05,3.282934946710269687e-05,0.000000000000000000e+00,6.227564888005144780e-03,1.970959249673169081e-05,-1.139856076419597292e-05,-2.821164105897595463e-05,1.264650482694225332e-05
1.324917192675457728e-03,0.000000000000000000e+00,8.484668165575708857e-05,3.263139573158935675e-05,0.000000000000000000e+00,6.227565504236596931e-03,1.988499442359790105e-05,-2.005473496195623890e-05,-2.176216031586292659e-05,1.495806957377808747e-05
1.329916880194987857e-03,0.000000000000000000e+00,8.428974851788567299e-05,3.243368721542264223e-05,0.000000000000000000e+00,6.227566541562767205e-03,1.848980509002871360e-05,-2.857891317296111305e-05,-1.521288685535163380e-05,1.630339418084727446e-05
1.334916567714517768e-03,0.000000000000000000e+00,8.398039896378792907e-05,3.223622391860254656e-05,0.000000000000000000e+00,6.227568146454311518e-03,1.546764253079890099e-05,-3.634596300295165174e-05,-8.786067158812355544e-06,1.656033076046507218e-05
1.339916255234047896e-03,0.000000000000000000e+00,8.390645207765437031e-05,3.203900584112908328e-05,0.000000000000000000e+00,6.227569208053638193e-03,1.089136071578633153e-05,-4.264763711065614295e-05,-2.681413937457912273e-06,1.558807000177868312e-05
1.344915942753577807e-03,0.000000000000000000e+00,8.403999039528124802e-05,3.184203298300223884e-05,0.000000000000000000e+00,6.227568464046282469e-03,4.921275977025898241e-06,-4.681908262429583983e-05,2.902097242136964037e-06,1.331035802941336709e-05
1.349915630273107936e-03,0.000000000000000000e+00,8.433879288454423950e-05,3.164530534422201324e-05,0.000000000000000000e+00,6.227565792165923146e-03,-2.166905570869249817e-06,-4.834339815507712626e-05,7.750724152143813187e-06,9.743069015372284413e-06
1.354915317792637847e-03,0.000000000000000000e+00,8.474998806675994583e-05,3.144882292478842002e-05,0.000000000000000000e+00,6.227562158114237703e-03,-1.005353302013302599e-05,-4.686979372633488978e-05,1.157922831602177959e-05,4.980824056816453196e-06
1.359915005312167975e-03,0.000000000000000000e+00,8.521258231118451125e-05,3.125258572470143888e-05,0.000000000000000000e+00,6.227559008542809388e-03,-1.845961874717026439e-05,-4.221852168471460040e-05,1.411601734629450410e-05,-8.341209179617793874e-07
1.364914692831697886e-03,0.000000000000000000e+00,8.566102269151574535e-05,3.105659374396109012e-05,0.000000000000000000e+00,6.227557533668586637e-03,-2.717794754011951163e-05,-3.447994937482180551e-05,1.523779218248477797e-05,-7.374177357880062549e-06
1.369914380351228015e-03,0.000000000000000000e+00,8.603223312672646575e-05,3.086084698256736020e-05,0.000000000000000000e+00,6.227558153671909624e-03,-3.602431260712586028e-05,-2.408287473015147562e-05,1.506557686928166648e-05,-1.425934639906731823e-05
1.374914067870758143e-03,0.000000000000000000e+00,8.627502279871527755e-05,3.066534544052025590e-05,0.000000000000000000e+00,6.227560577744396635e-03,-4.470601972817990705e-05,-1.177293751974743946e-05,1.385455973421902676e-05,-2.103536533835802353e-05
1.379913755390288054e-03,0.000000000000000000e+00,8.635670612705430088e-05,3.047008911781977722e-05,0.000000000000000000e+00,6.227563845132546606e-03,-5.274080131115023922e-05,1.508579641023828302e-06,1.196330887231120528e-05,-2.721438782247277561e-05
1.384913442909818182e-03,0.000000000000000000e+00,8.626626043216073113e-05,3.027507801446592076e-05,0.000000000000000000e+00,6.227566504063030382e-03,-5.947121887880924256e-05,1.475325334763934313e-05,9.855600940246379594e-06,-3.222842267699680714e-05
1.389913130429348094e-03,0.000000000000000000e+00,8.601467627009571606e-05,3.008031213045868652e-05,0.000000000000000000e+00,6.227567312530084102e-03,-6.413701529388875406e-05,2.696779237980707750e-05,8.005088797054667229e-06,-3.560861122068206092e-05
1.394912817948878222e-03,0.000000000000000000e+00,8.563374819928513222e-05,2.988579146579807791e-05,0.000000000000000000e+00,6.227566045430009932e-03,-6.605957928095822934e-05,3.727945156533119561e-05,6.734054482823235012e-06,-3.712894441986489078e-05
1.399912505468408133e-03,0.000000000000000000e+00,8.516739106237441103e-05,2.969151602048408813e-05,0.000000000000000000e+00,6.227563730613843926e-03,-6.465267361511901054e-05,4.497134792372596264e-05,6.159073050499842083e-06,-3.684941367489093147e-05
1.404912192987938261e-03,0.000000000000000000e+00,8.466344440753420899e-05,2.949748579451672736e-05,0.000000000000000000e+00,6.227561894265306285e-03,-5.961837697785331600e-05,4.957722067685136160e-05,6.210843571091199697e-06,-3.504823832699033867e-05
1.409911880507468173e-03,0.000000000000000000e+00,8.416374529728876933e-05,2.930370078789598881e-05,0.000000000000000000e+00,6.227561440508891898e-03,-5.099017991091689823e-05,5.090322500352110157e-05,6.611847611161144602e-06,-3.214262393620466853e-05
1.414911568026998301e-03,0.000000000000000000e+00,8.369759565309632708e-05,2.911016100062186910e-05,0.000000000000000000e+00,6.227562246499578416e-03,-3.925272975365236625e-05,4.910472310178420934e-05,7.033924677380830409e-06,-2.865970044728709064e-05
1.419911255546528212e-03,0.000000000000000000e+00,8.327518528620698221e-05,2.891686643269438179e-05,0.000000000000000000e+00,6.227563445590810105e-03,-2.526133225908250534e-05,4.464286690771135803e-05,7.366095161089462984e-06,-2.517772711066705520e-05
1.424910943066058340e-03,0.000000000000000000e+00,8.288800412759152138e-05,2.872381708411350993e-05,0.000000000000000000e+00,6.227564196663815110e-03,-1.022871801793998171e-05,3.816938081110679641e-05,7.772966588490961767e-06,-2.227731049008261607e-05
1.429910630585588469e-03,0.000000000000000000e+00,8.251283373111174921e-05,2.853101295487926368e-05,0.000000000000000000e+00,6.227564000200413140e-03,4.468264325093571024e-06,3.034923426928328043e-05,8.597947398578796748e-06,-2.062676884455600903e-05
1.434910318105118380e-03,0.000000000000000000e+00,8.211767149418677922e-05,2.833845404499164304e-05,0.000000000000000000e+00,6.227562682159952512e-03,1.752448038250006525e-05,2.175953556111200521e-05,1.023766767629796448e-05,-2.082416599952907334e-05
1.439910005624648508e-03,0.000000000000000000e+00,8.166740334189866071e-05,2.814614035445064464e-05,0.000000000000000000e+00,6.227560716757277702e-03,2.789351916961674017e-05,1.284361075008657648e-05,1.310938391160780542e-05,-2.327736300890052113e-05
1.444909693144178419e-03,0.000000000000000000e+00,8.112944473641554334e-05,2.795407188325627185e-05,0.000000000000000000e+00,6.227559339784623747e-03,3.489979001064664863e-05,3.893732542954794361e-06,1.754263771046600976e-05,-2.804359902237714094e-05
1.449909380663708548e-03,0.000000000000000000e+00,8.047875567899915043e-05,2.776224863140851789e-05,0.000000000000000000e+00,6.227559854771040106e-03,3.827310674397167803e-05,-4.868161465190825205e-06,2.378440663184563841e-05,-3.494685140295524526e-05
1.454909068183238459e-03,0.000000000000000000e+00,7.970090932799586258e-05,2.757067059890738956e-05,0.000000000000000000e+00,6.227562596304749357e-03,3.814761928644047357e-05,-1.319654652120597160e-05,3.190667387380184141e-05,-4.347204812557349280e-05
1.459908755702768587e-03,0.000000000000000000e+00,7.879161943603093642e-05,2.737933778575288684e-05,0.000000000000000000e+00,6.227566334928120312e-03,3.498489401250824530e-05,-2.080446416851087444e-05,4.171160284660677554e-05,-5.281026790612536862e-05
1.464908443222298498e-03,0.000000000000000000e+00,7.775779052545596262e-05,2.718825019194500296e-05,0.000000000000000000e+00,6.227569064254217905e-03,2.939121389246992193e-05,-2.739252779034081144e-05,5.263286617161448162e-05,-6.191694650122041245e-05
1.469908130741828627e-03,0.000000000000000000e+00,7.661754144029133946e-05,2.699740781748374469e-05,0.000000000000000000e+00,6.227569525887341126e-03,2.208767765731128126e-05,-3.270370810332867359e-05,6.377876153269016390e-05,-6.962713496202864319e-05
1.474907818261358538e-03,0.000000000000000000e+00,7.540107616970107213e-05,2.680681066236911204e-05,0.000000000000000000e+00,6.227567921125963524e-03,1.378435735220538515e-05,-3.648380003326574643e-05,7.412314551306152890e-05,-7.478395763095881663e-05
1.479907505780888666e-03,0.000000000000000000e+00,7.414613644188286176e-05,2.661645872660110162e-05,0.000000000000000000e+00,6.227565497702407075e-03,5.211553616280449735e-06,-3.853442597436988011e-05,8.275062750546014249e-05,-7.644355048952729379e-05
1.484907193300418794e-03,0.000000000000000000e+00,7.289583821998578449e-05,2.642635201017971681e-05,0.000000000000000000e+00,6.227563522790662519e-03,-2.999413065795411256e-06,-3.873081424008340164e-05,8.894252857513575833e-05,-7.412072766576110387e-05
1.489906880819948706e-03,0.000000000000000000e+00,7.169346263251201760e-05,2.623649051310494745e-05,0.000000000000000000e+00,6.227562651659955886e-03,-1.023424137626525382e-05,-3.712045297480380849e-05,9.216437817653298380e-05,-6.786765920362077291e-05
1.494906568339478834e-03,0.000000000000000000e+00,7.057692273592790526e-05,2.604687423537681049e-05,0.000000000000000000e+00,6.227562875946088088e-03,-1.594912186922740625e-05,-3.396494632461606968e-05,9.214788160123022062e-05,-5.823075353705855985e-05
1.499906255859008745e-03,0.000000000000000000e+00,6.957441284377672425e-05,2.585750317699529575e-05,0.000000000000000000e+00,6.227563721804669182e-03,-1.961830351660528922e-05,-2.979727600318716254e-05,8.899988186654507233e-05,-4.617525039490374278e-05
1.504905943378538873e-03,0.000000000000000000e+00,6.870477300443179772e-05,2.566837733796039985e-05,0.000000000000000000e+00,6.227564545860400820e-03,-2.076897535370501641e-05,-2.531426368503837177e-05,8.317756900782019764e-05,-3.294535614545209554e-05
1.509905630898068785e-03,0.000000000000000000e+00,6.797681951642833896e-05,2.547949671827213296e-05,0.000000000000000000e+00,6.227564834170615064e-03,-1.902958578302615434e-05,-2.118317323968263308e-05,7.550510238805452649e-05,-1.998449702737800556e-05
1.514905318417598913e-03,0.000000000000000000e+00,6.738680570126455742e-05,2.529086131793048490e-05,0.000000000000000000e+00,6.227564319500595788e-03,-1.423870505965945959e-05,-1.791117936699564703e-05,6.705928534287986789e-05,-8.631840957989361069e-06
1.519905005937128824e-03,0.000000000000000000e+00,6.691962119050926970e-05,2.510247113693546246e-05,0.000000000000000000e+00,6.227563216906771386e-03,-6.613397073157922454e-06,-1.585143678654359759e-05,5.897753877379256261e-05,1.110334793457057800e-08
1.524904693456658952e-03,0.000000000000000000e+00,6.655485510064964433e-05,2.491432617528706564e-05,0.000000000000000000e+00,6.227562201467336592e-03,3.225491737681868154e-06,-1.525165464141807526e-05,5.222187454372090234e-05,5.288002953133374696e-06
1.529904380976188864e-03,0.000000000000000000e+00,6.627306355876511057e-05,2.472642643298528765e-05,0.000000000000000000e+00,6.227561983348736153e-03,1.437039802001593915e-05,-1.621145292067771956e-05,4.755286179772475722e-05,6.989856637650671990e-06
1.534904068495718992e-03,0.000000000000000000e+00,6.606265568248177137e-05,2.453877191003013867e-05,0.000000000000000000e+00,6.227562762325515068e-03,2.577396772010391893e-05,-1.861066621914559218e-05,4.546314576777530010e-05,5.412665289487317164e-06
1.539903756015249120e-03,0.000000000000000000e+00,6.592211050978408671e-05,2.435136260642160853e-05,0.000000000000000000e+00,6.227563940940469833e-03,3.637180749887257219e-05,-2.210729917154178486e-05,4.611049723436121974e-05,1.224811107962840416e-06
1.544903443534779031e-03,0.000000000000000000e+00,6.586004270137169102e-05,2.416419852215970061e-05,0.000000000000000000e+00,6.227564533480857249e-03,4.514721279527271524e-05,-2.616220243786186814e-05,4.925291512275317858e-05,-4.690774685587790483e-06
1.549903131054309159e-03,0.000000000000000000e+00,6.589005458954857401e-05,2.397727965724442170e-05,0.000000000000000000e+00,6.227564120404797780e-03,5.136392756859857922e-05,-3.021368725253228822e-05,5.426003047607482155e-05,-1.132847241960269364e-05
1.554902818573839071e-03,0.000000000000000000e+00,6.602939132843607369e-05,2.379060601167576163e-05,0.000000000000000000e+00,6.227563271230921599e-03,5.460235100813010361e-05,-3.383393383773223244e-05,6.020269829226764777e-05,-1.766544492419800009e-05
1.559902506093369199e-03,0.000000000000000000e+00,6.629701321347261243e-05,2.360417758545372717e-05,0.000000000000000000e+00,6.227562928010834699e-03,5.488070898380442090e-05,-3.681376540364714818e-05,6.600730210804133555e-05,-2.277272699735212100e-05
1.564902193612899110e-03,0.000000000000000000e+00,6.671259660613010714e-05,2.341799437857831494e-05,0.000000000000000000e+00,6.227563521689488679e-03,5.257473023874843212e-05,-3.902588456670993928e-05,7.063368088956808869e-05,-2.593633339044282667e-05
1.569901881132429238e-03,0.000000000000000000e+00,6.729175495354583524e-05,2.323205639104952832e-05,0.000000000000000000e+00,6.227564727394322396e-03,4.833094862814927921e-05,-4.032989921409520630e-05,7.326844917409611494e-05,-2.667673459659541973e-05
1.574901568651959150e-03,0.000000000000000000e+00,6.804068101539460897e-05,2.304636362286736732e-05,0.000000000000000000e+00,6.227565942656676685e-03,4.280641408999513877e-05,-4.056524055298640007e-05,7.347234402263701474e-05,-2.481866740368733048e-05
1.579901256171489278e-03,0.000000000000000000e+00,6.895362523351528604e-05,2.286091607403182178e-05,0.000000000000000000e+00,6.227566739630228075e-03,3.654272306231483281e-05,-3.964547193510379339e-05,7.118084275233786500e-05,-2.065110625107926731e-05
1.584900943691019189e-03,0.000000000000000000e+00,7.001344162878444079e-05,2.267571374454290523e-05,0.000000000000000000e+00,6.227566826746576932e-03,2.994852467942716201e-05,-3.760239066739759842e-05,6.656529938305610352e-05,-1.487795899356273260e-05
1.589900631210549318e-03,0.000000000000000000e+00,7.119206994075750962e-05,2.249075663440061430e-05,0.000000000000000000e+00,6.227565815082375736e-03,2.328755023408448065e-05,-3.452002780883956288e-05,5.998303121207151326e-05,-8.543068040486604862e-06
1.594900318730079446e-03,0.000000000000000000e+00,7.245074099636481196e-05,2.230604474360494221e-05,0.000000000000000000e+00,6.227563555841818081e-03,1.671718637774509490e-05,-3.048859252308279056e-05,5.186486375821750157e-05,-2.753722374437748798e-06
1.599900006249609357e-03,0.000000000000000000e+00,7.374084547358352750e-05,2.212157807215589574e-05,0.000000000000000000e+00,6.227560684041144080e-03,1.030139479732422201e-05,-2.559448945245726203e-05,4.265090142931664144e-05,1.475153154663307667e-06
1.604899693769139485e-03,0.000000000000000000e+00,7.500684803711216533e-05,2.193735662005347149e-05,0.000000000000000000e+00,6.227558468014756515e-03,4.105602983799969724e-06,-1.994940383802328547e-05,3.278739645658543906e-05,3.484878592600357613e-06
1.609899381288669397e-03,0.000000000000000000e+00,7.618824233780680042e-05,2.175338038729767286e-05,0.000000000000000000e+00,6.227557957064564637e-03,-1.751217105560013253e-06,-1.376401039787212733e-05,2.275844606826282702e-05,3.081619763757996731e-06
1.614899068808199525e-03,0.000000000000000000e+00,7.722732096810284237e-05,2.156964937388849984e-05,0.000000000000000000e+00,6.227559403327303546e-03,-7.110913071267263938e-06,-7.389861735585696992e-06,1.298579253375857577e-05,5.536775417424871041e-07
1.619898756327729436e-03,0.000000000000000000e+00,7.807567851853646878e-05,2.138616357982594228e-05,0.000000000000000000e+00,6.227562230046351614e-03,-1.172777575470305397e-05,-1.239271947921629578e-06,3.752834946970578860e-06,-3.434896554987724617e-06
1.624898443847259564e-03,0.000000000000000000e+00,7.870006907935656265e-05,2.120292300511001710e-05,0.000000000000000000e+00,6.227565431851374983e-03,-1.528271794741201822e-05,4.374284915121181834e-06,-4.672252762874939817e-06,-8.000259299576306961e-06
1.629898131366789476e-03,0.000000000000000000e+00,7.908328927581708767e-05,2.101992764974071077e-05,0.000000000000000000e+00,6.227567991501263729e-03,-1.735378298056424281e-05,9.191463214639331757e-06,-1.191107942607324028e-05,-1.219012787909600821e-05
1.634897818886319604e-03,0.000000000000000000e+00,7.922634339281355031e-05,2.083717751371802666e-05,0.000000000000000000e+00,6.227568902693859931e-03,-1.752601548935584888e-05,1.295879596043639146e-05,-1.748092172596417816e-05,-1.527414475265052271e-05
1.639897506405849515e-03,0.000000000000000000e+00,7.914700846275936254e-05,2.065467259704196817e-05,0.000000000000000000e+00,6.227567314956841682e-03,-1.535048546470189600e-05,1.541050596184225739e-05,-2.095509708553653166e-05,-1.691892790541757520e-05
1.644897193925379643e-03,0.000000000000000000e+00,7.887586825392725771e-05,2.047241289971253191e-05,0.000000000000000000e+00,6.227563215931817761e-03,-1.042893336290048656e-05,1.626516939236819555e-05,-2.208714499506265894e-05,-1.719334760593629327e-05
1.649896881444909771e-03,0.000000000000000000e+00,7.845200080058416800e-05,2.029039842172972126e-05,0.000000000000000000e+00,6.227557857654955620e-03,-2.526510931013188540e-06,1.518241379961326739e-05,-2.088675454551295748e-05,-1.643521801047345807e-05
1.654896568964439683e-03,0.000000000000000000e+00,7.791989633662506397e-05,2.010862916309353284e-05,0.000000000000000000e+00,6.227553482195315182e-03,8.351102759309242331e-06,1.180765256743653710e-05,-1.759425045333262136e-05,-1.509341162974947416e-05
1.659896256483969811e-03,0.000000000000000000e+00,7.732791094093711644e-05,1.992710512380396664e-05,0.000000000000000000e+00,6.227552364876700816e-03,2.191241981357493825e-05,5.919703690997518396e-06,-1.255069684589537932e-05,-1.363167083519019156e-05
1.664895944003499722e-03,0.000000000000000000e+00,7.672730181966126305e-05,1.974582630386102945e-05,0.000000000000000000e+00,6.227555430088654864e-03,3.756664226161774908e-05,-2.463873346881873861e-06,-6.169925969113590158e-06,-1.236761603731902185e-05
1.669895631523029850e-03,0.000000000000000000e+00,7.616914834119938612e-05,1.956479270326470771e-05,0.000000000000000000e+00,6.227561582922164045e-03,5.432911830151303668e-05,-1.297483746093790412e-05,1.019741616493167076e-06,-1.151744718119476674e-05
1.674895319042559762e-03,0.000000000000000000e+00,7.570080362702250910e-05,1.938400432201501159e-05,0.000000000000000000e+00,6.227568234399662173e-03,7.091015466262933962e-05,-2.488659402388306309e-05,8.309074243328867790e-06,-1.120321917719762565e-05
1.679895006562089890e-03,0.000000000000000000e+00,7.536099527884681593e-05,1.920346116011194447e-05,0.000000000000000000e+00,6.227572727266819479e-03,8.585582187039790688e-05,-3.718551850430811012e-05,1.490744158940800622e-05,-1.145439724624414320e-05
1.684894694081619801e-03,0.000000000000000000e+00,7.517810358480927276e-05,1.902316321755549618e-05,0.000000000000000000e+00,6.227573787887810686e-03,9.776062688178533170e-05,-4.872301410208604305e-05,2.012185893221680072e-05,-1.215134238621551762e-05
1.689894381601149929e-03,0.000000000000000000e+00,7.516633319047924034e-05,1.884311049434567352e-05,0.000000000000000000e+00,6.227571909430247576e-03,1.054756147212372808e-04,-5.835500378039203487e-05,2.344809737741825230e-05,-1.306587388635652723e-05
1.694894069120679841e-03,0.000000000000000000e+00,7.532537413824425855e-05,1.866330299048246969e-05,0.000000000000000000e+00,6.227568517957598852e-03,1.082925456088200861e-04,-6.504224589208920659e-05,2.455119316180975477e-05,-1.395058400173707090e-05
1.699893756640209969e-03,0.000000000000000000e+00,7.563706277964528683e-05,1.848374070596589487e-05,0.000000000000000000e+00,6.227564850713176656e-03,1.060708423376217652e-04,-6.801515409601117078e-05,2.322728786707337897e-05,-1.450294916532323712e-05
1.704893444159739880e-03,0.000000000000000000e+00,7.606310239984548642e-05,1.830442364079594566e-05,0.000000000000000000e+00,6.227561645584888013e-03,9.916422995891348486e-05,-6.695455218377356892e-05,1.948007796000816259e-05,-1.440777677340496461e-05
1.709893131679270008e-03,0.000000000000000000e+00,7.654582346053045592e-05,1.812535179497261190e-05,0.000000000000000000e+00,6.227559615680214843e-03,8.840270705339262590e-05,-6.211677055633296014e-05,1.349646377405008205e-05,-1.338474245327029890e-05
1.714892819198800137e-03,0.000000000000000000e+00,7.701637557918652142e-05,1.794652516849590715e-05,0.000000000000000000e+00,6.227559384155185659e-03,7.499342556414382546e-05,-5.419139513942685836e-05,5.647031003411608264e-06,-1.131689809963101329e-05
1.719892506718330048e-03,0.000000000000000000e+00,7.740383256989954205e-05,1.776794376136582463e-05,0.000000000000000000e+00,6.227560848967753776e-03,6.031607753324340571e-05,-4.407656170134268141e-05,-3.529123489160994483e-06,-8.273641555203307328e-06
1.724892194237860176e-03,0.000000000000000000e+00,7.764120209519086711e-05,1.758960757358236433e-05,0.000000000000000000e+00,6.227562858907419868e-03,4.567474571999072562e-05,-3.269475017582913951e-05,-1.337756621246730075e-05,-4.549101972416392236e-06
1.729891881757390087e-03,0.000000000000000000e+00,7.767059692406508850e-05,1.741151660514552964e-05,0.000000000000000000e+00,6.227563806484369933e-03,3.210779992564815038e-05,-2.083600316854160951e-05,-2.324376068856058401e-05,-6.539693908031601706e-07
1.734891569276920216e-03,0.000000000000000000e+00,7.744795856561595372e-05,1.723367085605531719e-05,0.000000000000000000e+00,6.227562987623950358e-03,2.036432128645097593e-05,-9.115300655270096086e-06,-3.253811585107704212e-05,2.842341768086747801e-06
1.739891256796450127e-03,0.000000000000000000e+00,7.694621636348004793e-05,1.705607032631173035e-05,0.000000000000000000e+00,6.227561259262609158e-03,1.084623855872609011e-05,2.019550940282264012e-06,-4.073001388315764231e-05,5.475259969763724571e-06
1.744890944315980255e-03,0.000000000000000000e+00,7.615902842561404946e-05,1.687871501591476573e-05,0.000000000000000000e+00,6.227560187386998319e-03,3.712541466576662460e-06,1.226932834467418730e-05,-4.744492120343449942e-05,7.039742023452649528e-06
1.749890631835510166e-03,0.000000000000000000e+00,7.510106166806126699e-05,1.670160492486441996e-05,0.000000000000000000e+00,6.227560810336553974e-03,-1.084016389062287592e-06,2.155687281289102135e-05,-5.250966549173722615e-05,7.612505957059564068e-06
1.754890319355040295e-03,0.000000000000000000e+00,7.380510800291675225e-05,1.652474005316070658e-05,0.000000000000000000e+00,6.227562992354697402e-03,-3.752912836771102026e-06,2.992850973706701460e-05,-5.592557592785249795e-05,7.510983442502106341e-06
1.759890006874570206e-03,0.000000000000000000e+00,7.231235541602651969e-05,1.634812040080360865e-05,0.000000000000000000e+00,6.227565789324656861e-03,-4.683684596181583712e-06,3.737710024755062194e-05,-5.781816700672165151e-05,7.237230946493432431e-06
1.764889694394100334e-03,0.000000000000000000e+00,7.066588325347391555e-05,1.617174596779313633e-05,0.000000000000000000e+00,6.227568196668555739e-03,-4.381637405598777499e-06,4.372753342496669699e-05,-5.844310800714011989e-05,7.333728431350841985e-06
1.769889381913630462e-03,0.000000000000000000e+00,6.890608662155145111e-05,1.599561675412928963e-05,0.000000000000000000e+00,6.227569440293067270e-03,-3.349680023555560803e-06,4.866548034004429264e-05,-5.824581210200703612e-05,8.266578768857375890e-06
1.774889069433160374e-03,0.000000000000000000e+00,6.707105213784907355e-05,1.581973275981206516e-05,0.000000000000000000e+00,6.227569078091823446e-03,-2.044187507724242338e-06,5.184463851438626873e-05,-5.780430566437356360e-05,1.027172320000755187e-05
1.779888756952690502e-03,0.000000000000000000e+00,6.519601352769535240e-05,1.564409398484146630e-05,0.000000000000000000e+00,6.227567177021891762e-03,-8.168910837619973136e-07,5.301660107805746674e-05,-5.771482039380312006e-05,1.339280681106941197e-05
1.784888444472220413e-03,0.000000000000000000e+00,6.331375539081917270e-05,1.546870042921748628e-05,0.000000000000000000e+00,6.227564432588380584e-03,1.128617254776742549e-07,5.217829137942061961e-05,-5.839546660648406109e-05,1.739747922407267278e-05
1.789888131991750541e-03,0.000000000000000000e+00,6.145619314490911292e-05,1.529355209294013188e-05,0.000000000000000000e+00,6.227561906235987675e-03,6.851468850425406883e-07,4.954336235870498203e-05,-6.001870045938437702e-05,2.181642277192863329e-05
1.794887819511280453e-03,0.000000000000000000e+00,5.965670292399059295e-05,1.511864897600940140e-05,0.000000000000000000e+00,6.227560486119130233e-03,9.929852636010275490e-07,4.542254094777564124e-05,-6.248468930239331498e-05,2.606148206122614879e-05
1.799887507030810581e-03,0.000000000000000000e+00,5.795140052750774752e-05,1.494399107842529653e-05,0.000000000000000000e+00,6.227560590014444460e-03,1.221032090361118925e-06,4.017689304150270251e-05,-6.547720740161442048e-05,2.957364094006504612e-05
1.804887194550340492e-03,0.000000000000000000e+00,5.637795473404551695e-05,1.476957840018781220e-05,0.000000000000000000e+00,6.227562120984858271e-03,1.654213142008575153e-06,3.418359912048619454e-05,-6.854732248830329325e-05,3.188866352217433522e-05
1.809886882069870620e-03,0.000000000000000000e+00,5.497220013310965755e-05,1.459541094129695179e-05,0.000000000000000000e+00,6.227564256290002778e-03,2.484727583258846396e-06,2.782687851450554156e-05,-7.112288400470678513e-05,3.270948851839616751e-05
1.814886569589400532e-03,0.000000000000000000e+00,5.376377973392793073e-05,1.442148870175271869e-05,0.000000000000000000e+00,6.227565647064858302e-03,3.720776537722863774e-06,2.145285987698783414e-05,-7.250210975363332406e-05,3.200691379994865816e-05
1.819886257108930660e-03,0.000000000000000000e+00,5.277057155500158088e-05,1.424781168155510273e-05,0.000000000000000000e+00,6.227565169115320716e-03,5.137410788575036159e-06,1.543060079910974514e-05,-7.196301976373340359e-05,2.998772183323846174e-05
1.824885944628460788e-03,0.000000000000000000e+00,5.199889450372038158e-05,1.407437988070411578e-05,0.000000000000000000e+00,6.227562944031806574e-03,6.394876485017728083e-06,1.013601871568637223e-05,-6.904730942170806849e-05,2.703225554422165246e-05
1.829885632147990699e-03,0.000000000000000000e+00,5.144521576698214807e-05,1.390119329919974936e-05,0.000000000000000000e+00,6.227560532426730348e-03,7.060156167052925686e-06,5.952187154438296500e-06,-6.373368864149805448e-05,2.366672880820505675e-05
1.834885319667520828e-03,0.000000000000000000e+00,5.110011759814129633e-05,1.372825193704200686e-05,0.000000000000000000e+00,6.227559678583902310e-03,6.677983413863475682e-06,3.210851545970064405e-06,-5.638229358407166169e-05,2.047159865387922347e-05
1.839885007187050739e-03,0.000000000000000000e+00,5.094992436427547432e-05,1.355555579423088997e-05,0.000000000000000000e+00,6.227560809986628157e-03,4.876283937654847816e-06,2.186601181565189829e-06,-4.760173865731290776e-05,1.801862067472732854e-05
1.844884694706580867e-03,0.000000000000000000e+00,5.098185479197950694e-05,1.338310487076639193e-05,0.000000000000000000e+00,6.227562932485839267e-03,1.415777818534730062e-06,3.062191817933108806e-06,-3.808851369426706057e-05,1.667957393644070853e-05
1.849884382226110778e-03,0.000000000000000000e+00,5.118635962631127521e-05,1.321089916664852120e-05,0.000000000000000000e+00,6.227564794439141745e-03,-3.729228252394475745e-06,5.825273302491973547e-06,-2.855631574067048884e-05,1.663288508718348876e-05
1.854884069745640907e-03,0.000000000000000000e+00,5.155479166185284774e-05,1.303893868187727269e-05,0.000000000000000000e+00,6.227565828930106857e-03,-1.029527915373659044e-05,1.020848462367747260e-05,-1.964208695440370549e-05,1.786929245845471917e-05
1.859883757265170818e-03,0.000000000000000000e+00,5.207370147351591904e-05,1.286722341645264641e-05,0.000000000000000000e+00,6.227565948131048509e-03,-1.768111747647524592e-05,1.568309018300593886e-05,-1.193638273535506554e-05,2.031320171157634973e-05
1.864883444784700946e-03,0.000000000000000000e+00,5.271952582959649354e-05,1.269575337037464744e-05,0.000000000000000000e+00,6.227564909792246417e-03,-2.504625069503682285e-05,2.148191794657132434e-05,-5.904791828857832819e-06,2.378486769822264117e-05
1.869883132304230857e-03,0.000000000000000000e+00,5.345543175702961963e-05,1.252452854364326731e-05,0.000000000000000000e+00,6.227562624615500669e-03,-3.151113764019504871e-05,2.671319951694624829e-05,-1.771003734288486566e-06,2.802248015091758485e-05
1.874882819823760986e-03,0.000000000000000000e+00,5.423153057793030833e-05,1.235354893625851279e-05,0.000000000000000000e+00,6.227560025960599162e-03,-3.624230753903631377e-05,3.058567106475745259e-05,5.477134986678358305e-07,3.271223411811764129e-05
1.879882507343291114e-03,0.000000000000000000e+00,5.498999039875499651e-05,1.218281454822038389e-05,0.000000000000000000e+00,6.227559115852454065e-03,-3.863539745804098555e-05,3.261866517698999837e-05,1.338208437624724238e-06,3.748017176677585186e-05
1.884882194862821025e-03,0.000000000000000000e+00,5.567345767742314160e-05,1.201232537952887383e-05,0.000000000000000000e+00,6.227561377365317327e-03,-3.839206512898513926e-05,3.258798449391854871e-05,9.881291918641544724e-07,4.197383401697534752e-05
1.889881882382351153e-03,0.000000000000000000e+00,5.623258061788180323e-05,1.184208143018399277e-05,0.000000000000000000e+00,6.227566021543227623e-03,-3.562410637450101451e-05,3.052365482833851133e-05,-2.321771264208986212e-08,4.597164663684320330e-05
1.894881569901881065e-03,0.000000000000000000e+00,5.663504784838241059e-05,1.167208270018573055e-05,0.000000000000000000e+00,6.227570092221834316e-03,-3.075581049669766918e-05,2.667718598913257171e-05,-1.143944942650703355e-06,4.939174261691100734e-05
1.899881257421411193e-03,0.000000000000000000e+00,5.687159525081243819e-05,1.150232918953409395e-05,0.000000000000000000e+00,6.227570664652774639e-03,-2.451596834944690459e-05,2.152162112221983902e-05,-1.797919663184334741e-06,5.215887273709985772e-05
1.904880944940941104e-03,0.000000000000000000e+00,5.696082694922050937e-05,1.133282089822908296e-05,0.000000000000000000e+00,6.227567076197110078e-03,-1.783432663210890865e-05,1.567364613505546067e-05,-1.446989006022768255e-06,5.416212476911112707e-05
1.909880632460471232e-03,0.000000000000000000e+00,5.694545510703004213e-05,1.116355782627069082e-05,0.000000000000000000e+00,6.227561290974870448e-03,-1.165175997177560831e-05,9.866183351608967495e-06,2.990535386314004254e-07,5.538026934975342683e-05
1.914880319980001144e-03,0.000000000000000000e+00,5.688343104361166276e-05,1.099453997365892598e-05,0.000000000000000000e+00,6.227556313071294994e-03,-6.701360028004361548e-06,4.784987740364077553e-06,3.579285461923605854e-06,5.585956505047524954e-05
1.919880007499531272e-03,0.000000000000000000e+00,5.683592952139421566e-05,1.082576734039378337e-05,0.000000000000000000e+00,6.227554348256532715e-03,-3.386491386367924414e-06,8.577495870279421861e-07,8.141196147302670047e-06,5.574770209377520093e-05
1.924879695019061183e-03,0.000000000000000000e+00,5.685891706948104053e-05,1.065723992647526298e-05,0.000000000000000000e+00,6.227556071556361941e-03,-1.826202913073189007e-06,-1.801737481624756209e-06,1.344000939821793868e-05,5.521165624878307516e-05
1.929879382538591311e-03,0.000000000000000000e+00,5.699709953405145509e-05,1.048895773190336991e-05,0.000000000000000000e+00,6.227560761998407121e-03,-1.934050840980916047e-06,-3.303488240555409156e-06,1.875199476202092218e-05,5.445150326201792629e-05
1.934879070058121439e-03,0.000000000000000000e+00,5.727973974471220730e-05,1.032092075667809567e-05,0.000000000000000000e+00,6.227566625655888560e-03,-3.545023560947186824e-06,-3.812547055596826655e-06,2.333583510049871108e-05,5.359322079050244454e-05
1.939878757577651351e-03,0.000000000000000000e+00,5.772057662095831401e-05,1.015312900079944705e-05,0.000000000000000000e+00,6.227571301777439297e-03,-6.541290923481625215e-06,-3.455588312444841752e-06,2.650422199097270532e-05,5.271049329042866178e-05
1.944878445097181479e-03,0.000000000000000000e+00,5.831903926418642716e-05,9.985582464267422353e-06,0.000000000000000000e+00,6.227572903724169946e-03,-1.080539870171214737e-05,-2.336984344379067349e-06,2.779305083848047572e-05,5.186757850078968111e-05
1.949878132616711390e-03,0.000000000000000000e+00,5.906114265697355760e-05,9.818281147082018188e-06,0.000000000000000000e+00,6.227571065032994069e-03,-1.618417031012397097e-05,-5.065926343513845354e-07,2.703730925525546990e-05,5.111536125280552987e-05
1.954877820136241302e-03,0.000000000000000000e+00,5.992224947127650195e-05,9.651225049243243026e-06,0.000000000000000000e+00,6.227567081331583654e-03,-2.241594798339607183e-05,2.048440889556225506e-06,2.435005367563994758e-05,5.044768278550391721e-05
1.959877507655771647e-03,0.000000000000000000e+00,6.087078201956689895e-05,9.484414170751085009e-06,0.000000000000000000e+00,6.227562930039542630e-03,-2.923206430975190104e-05,5.455916369099394358e-06,2.009548227982148634e-05,4.976700862104656433e-05
1.964877195175301558e-03,0.000000000000000000e+00,6.187094441866699776e-05,9.317848511605554302e-06,0.000000000000000000e+00,6.227560137345950625e-03,-3.625924500690520553e-05,9.873525983169364573e-06,1.488511639908930341e-05,4.894477920332714386e-05
1.969876882694831469e-03,0.000000000000000000e+00,6.288138565278632687e-05,9.151528071806647516e-06,0.000000000000000000e+00,6.227559320826117975e-03,-4.300185536290563785e-05,1.542258562168396447e-05,9.513819708805202431e-06,4.786303205346574948e-05
1.974876570214361381e-03,0.000000000000000000e+00,6.385808208546606666e-05,8.985452851354361263e-06,0.000000000000000000e+00,6.227560404740578766e-03,-4.881276537290513579e-05,2.192898917988453221e-05,4.791991610023219590e-06,4.643245544600579802e-05
1.979876257733891726e-03,0.000000000000000000e+00,6.475783859999069501e-05,8.819622850248702320e-06,0.000000000000000000e+00,6.227562818720564289e-03,-5.299555707590263628e-05,2.883727426196146089e-05,1.403927621088067231e-06,4.465114477029345341e-05
1.984875945253421637e-03,0.000000000000000000e+00,6.554371319746514827e-05,8.654038068489663911e-06,0.000000000000000000e+00,6.227565477911522866e-03,-5.492847441867615118e-05,3.535077646069384889e-05,-1.506559097497234034e-07,4.258901273045902263e-05
1.989875632772951548e-03,0.000000000000000000e+00,6.618911442565104193e-05,8.488698506077249422e-06,0.000000000000000000e+00,6.227567086090240664e-03,-5.420203795951416062e-05,4.064640108736549936e-05,3.507457758334444351e-07,4.040856880002279873e-05
1.994875320292481893e-03,0.000000000000000000e+00,6.668251617924954029e-05,8.323604163011462243e-06,0.000000000000000000e+00,6.227566867704223928e-03,-5.071610747942955857e-05,4.399943354380379985e-05,2.911369851127801805e-06,3.819123000754344834e-05
1.999875007812011805e-03,0.000000000000000000e+00,6.702983700759688373e-05,8.158755039292292209e-06,0.000000000000000000e+00,6.227565069191040928e-03,-4.465267022059541102e-05,4.484424611794857814e-05,7.316951076824028779e-06,3.596099825224627409e-05
2.004874695331541716e-03,0.000000000000000000e+00,6.725380885232775524e-05,7.994151134919749485e-06,0.000000000000000000e+00,6.227562690395718747e-03,-3.640921749802032969e-05,4.283958199041362639e-05,1.317249233641481642e-05,3.365519121873224325e-05
2.009874382851071627e-03,0.000000000000000000e+00,6.739191319780726862e-05,7.829792449893830682e-06,0.000000000000000000e+00,6.227560589767026054e-03,-2.657819776251245668e-05,3.786741110280454408e-05,1.979174534314565961e-05,3.113936149375989479e-05
2.014874070370601972e-03,0.000000000000000000e+00,6.749165798322390403e-05,7.665678984214532412e-06,0.000000000000000000e+00,6.227558971085583699e-03,-1.592150675884857719e-05,3.006568608903962316e-05,2.629075048642388163e-05,2.815197715136655754e-05
2.019873757890131884e-03,0.000000000000000000e+00,6.760395244419578750e-05,7.501810737881860605e-06,0.000000000000000000e+00,6.227557891311958152e-03,-5.374564992006331812e-06,1.985412258679849348e-05,3.178436726439340951e-05,2.433775645999682296e-05
2.024873445409661795e-03,0.000000000000000000e+00,6.777586470482421734e-05,7.338187710895811872e-06,0.000000000000000000e+00,6.227557939175646859e-03,4.138246427480089378e-06,7.852917226881546403e-06,3.564649384413637155e-05,1.928723385840239017e-05
2.029873132929191706e-03,0.000000000000000000e+00,6.804402283246974842e-05,7.174809903256386214e-06,0.000000000000000000e+00,6.227559881434103356e-03,1.176813533221976342e-05,-5.143908260017801135e-06,3.764765541904062851e-05,1.259695981238606339e-05
2.034872820448722051e-03,0.000000000000000000e+00,6.843166550187909148e-05,7.011677314963582783e-06,0.000000000000000000e+00,6.227563566723430533e-03,1.690259703162290601e-05,-1.827168636744736310e-05,3.793893119428254617e-05,4.062596172845454878e-06
2.039872507968251963e-03,0.000000000000000000e+00,6.894638469557300457e-05,6.848789946017403273e-06,0.000000000000000000e+00,6.227567467716902359e-03,1.918207501600000732e-05,-3.060870330145714084e-05,3.699403158464087318e-05,-6.165618425393176727e-06
2.044872195487781874e-03,0.000000000000000000e+00,6.958032623485177666e-05,6.686147796417847684e-06,0.000000000000000000e+00,6.227569707026097898e-03,1.859550620284860370e-05,-4.132169088521281549e-05,3.549984328772275307e-05,-1.760309832149517230e-05
2.049871883007312219e-03,0.000000000000000000e+00,7.030983460329774822e-05,6.523750866164916017e-06,0.000000000000000000e+00,6.227569578588902990e-03,1.541161233336067480e-05,-4.972917913347999267e-05,3.425059093482300587e-05,-2.953704201441689734e-05
2.054871570526842130e-03,0.000000000000000000e+00,7.109947715369289122e-05,6.361599155258607424e-06,0.000000000000000000e+00,6.227567903946424482e-03,1.012876531726577499e-05,-5.543233603655003375e-05,3.397356389279233173e-05,-4.119489776386882595e-05
2.059871258046372042e-03,0.000000000000000000e+00,7.190626226732424432e-05,6.199692663698921906e-06,0.000000000000000000e+00,6.227565974994794112e-03,3.401326916827564491e-06,-5.831212468097867629e-05,3.512988720848446292e-05,-5.173792035479605990e-05
2.064870945565901953e-03,0.000000000000000000e+00,7.268428285775819576e-05,6.038031391485860309e-06,0.000000000000000000e+00,6.227564415755602358e-03,-4.072732937562085486e-06,-5.847340552069672825e-05,3.778879949549478261e-05,-6.035300586970653188e-05
2.069870633085432298e-03,0.000000000000000000e+00,7.338941328907400965e-05,5.876615338619422633e-06,0.000000000000000000e+00,6.227563077527184521e-03,-1.161631182583283675e-05,-5.622046824022147184e-05,4.150454817262671744e-05,-6.624828861814047512e-05
2.074870320604962209e-03,0.000000000000000000e+00,7.398363007441541175e-05,5.715444505099608879e-06,0.000000000000000000e+00,6.227561683688798665e-03,-1.862561537740468207e-05,-5.200405117649885560e-05,4.549905507585967076e-05,-6.884543075328468094e-05
2.079870008124492121e-03,0.000000000000000000e+00,7.443829799299518288e-05,5.554518890926417352e-06,0.000000000000000000e+00,6.227560388256243168e-03,-2.466216271507332375e-05,-4.633718988155625246e-05,4.886626713290187474e-05,-6.780320772308780946e-05
2.084869695644022032e-03,0.000000000000000000e+00,7.473648311656468156e-05,5.393838496099849747e-06,0.000000000000000000e+00,6.227559750685525593e-03,-2.953380659014406126e-05,-3.966640957080214868e-05,5.079212688157098900e-05,-6.307849515018598436e-05
2.089869383163552377e-03,0.000000000000000000e+00,7.487606785788469561e-05,5.233403320619906062e-06,0.000000000000000000e+00,6.227560280460597494e-03,-3.335820945227402129e-05,-3.231233511961310173e-05,5.059472468392040646e-05,-5.491078470736443680e-05
2.094869070683082288e-03,0.000000000000000000e+00,7.487100280182487513e-05,5.073213364486586300e-06,0.000000000000000000e+00,6.227561955553624455e-03,-3.644896154653323982e-05,-2.446595724706362198e-05,4.786477447512919815e-05,-4.381240303738968334e-05
2.099868758202612200e-03,0.000000000000000000e+00,7.474857691637926246e-05,4.913268627699888764e-06,0.000000000000000000e+00,6.227564234517798947e-03,-3.923555665661053579e-05,-1.624607207973713404e-05,4.253747259682730286e-05,-3.057081289627443000e-05
2.104868445722142545e-03,0.000000000000000000e+00,7.454474164837474937e-05,4.753569110259815150e-06,0.000000000000000000e+00,6.227566369377442179e-03,-4.204478929878052913e-05,-7.853888531031127929e-06,3.490432112505657586e-05,-1.628220695211040774e-05
2.109868133241672456e-03,0.000000000000000000e+00,7.429602051903640234e-05,4.594114812166365457e-06,0.000000000000000000e+00,6.227567753346845668e-03,-4.512616613349263849e-05,4.574069063793719924e-07,2.562447116831081584e-05,-2.327348342375828478e-06
2.114867820761202367e-03,0.000000000000000000e+00,7.403266529970379520e-05,4.434905733419539686e-06,0.000000000000000000e+00,6.227568125203671381e-03,-4.858225977609293355e-05,8.364995738262544591e-06,1.564170694024637803e-05,9.813747538198931640e-06
2.119867508280732279e-03,0.000000000000000000e+00,7.377286629485269075e-05,4.275941874019336989e-06,0.000000000000000000e+00,6.227567510778525203e-03,-5.236587582829835161e-05,1.554345833782985457e-05,6.086613862369038682e-06,1.879723747877693504e-05
2.124867195800262624e-03,0.000000000000000000e+00,7.352180373682876298e-05,4.117223233965757366e-06,0.000000000000000000e+00,6.227566071712308318e-03,-5.618584952326827837e-05,2.159450699395796879e-05,-1.879949697139156246e-06,2.355708349690901078e-05
2.129866883319792535e-03,0.000000000000000000e+00,7.327264957506273758e-05,3.958749813258801665e-06,0.000000000000000000e+00,6.227564089081697417e-03,-5.949852431755376183e-05,2.607196825899383164e-05,-7.215495584059547118e-06,2.355153615857555701e-05
2.134866570839322446e-03,0.000000000000000000e+00,7.301082976694926350e-05,3.800521611898469461e-06,0.000000000000000000e+00,6.227561893146033208e-03,-6.159310490015081280e-05,2.850447836954136352e-05,-9.153171261878116223e-06,1.889230551077398167e-05
2.139866258358852358e-03,0.000000000000000000e+00,7.271858835303098522e-05,3.642538629884760332e-06,0.000000000000000000e+00,6.227559862376999371e-03,-6.173512134832108509e-05,2.854415027404703410e-05,-7.387102470346873365e-06,1.045310573678690332e-05
2.144865945878382703e-03,0.000000000000000000e+00,7.237762123492889812e-05,3.484800867217675124e-06,0.000000000000000000e+00,6.227558457264486917e-03,-5.932871692149978488e-05,2.613156182622110275e-05,-2.166616320862542596e-06,-3.930407137517892506e-07
2.149865633397912614e-03,0.000000000000000000e+00,7.197153105376813203e-05,3.327308323897212991e-06,0.000000000000000000e+00,6.227558138389236060e-03,-5.398969079243581414e-05,2.150930295766685090e-05,5.645691365637262611e-06,-1.201725271315367211e-05
2.154865320917442525e-03,0.000000000000000000e+00,7.148647251826512929e-05,3.170060999923374779e-06,0.000000000000000000e+00,6.227559204673150522e-03,-4.557816712190892539e-05,1.515100995999862526e-05,1.481185393824601310e-05,-2.290740429969090347e-05
2.159865008436972437e-03,0.000000000000000000e+00,7.091015939315245531e-05,3.013058895296160065e-06,0.000000000000000000e+00,6.227561533382240666e-03,-3.424082462447493688e-05,7.661217323696969909e-06,2.388574891878644856e-05,-3.191064914573228260e-05
2.164864695956502782e-03,0.000000000000000000e+00,7.023040309652417402e-05,2.856302010015568848e-06,0.000000000000000000e+00,6.227564529250839004e-03,-2.038924274038594208e-05,-2.678620226944082977e-07,3.144682099492889096e-05,-3.843164698448525837e-05
2.169864383476032693e-03,0.000000000000000000e+00,6.943572667046865945e-05,2.699790344081601130e-06,0.000000000000000000e+00,6.227567433662230950e-03,-4.753690794505497584e-06,-7.929741256739735277e-06,3.634935892929560777e-05,-4.246151770617345500e-05
2.174864070995562604e-03,0.000000000000000000e+00,6.851822516337790266e-05,2.543523897494256909e-06,0.000000000000000000e+00,6.227569664513948715e-03,1.172684811652928606e-05,-1.471110924118667888e-05,3.799925622328186953e-05,-4.450950278869104254e-05
2.179863758515092950e-03,0.000000000000000000e+00,6.747605287343978687e-05,2.387502670253536187e-06,0.000000000000000000e+00,6.227570865128090674e-03,2.795025877396604291e-05,-2.016636961111474812e-05,3.643191277358651586e-05,-4.549024695276469491e-05
2.184863446034622861e-03,0.000000000000000000e+00,6.631812832514860060e-05,2.231726662359439385e-06,0.000000000000000000e+00,6.227570734795576796e-03,4.287040776126393722e-05,-2.413865077342600745e-05,3.220077644504057635e-05,-4.644176023111918435e-05
2.189863133554152772e-03,0.000000000000000000e+00,6.506661706452751667e-05,2.076195873811966505e-06,0.000000000000000000e+00,6.227568925615498477e-03,5.555017783654073583e-05,-2.668210820708050932e-05,2.623423305477766535e-05,-4.815359386969994879e-05
2.194862821073682684e-03,0.000000000000000000e+00,6.375694207794056431e-05,1.920910304611117547e-06,0.000000000000000000e+00,6.227565527226312098e-03,6.527396829334623036e-05,-2.801749867393534248e-05,1.955344874312271575e-05,-5.092001194840725014e-05
2.199862508593213029e-03,0.000000000000000000e+00,6.243319526767239632e-05,1.765869954756892086e-06,0.000000000000000000e+00,6.227561467942533194e-03,7.156890950726930566e-05,-2.839232448672200255e-05,1.304938771253154224e-05,-5.448599865495073113e-05
2.204862196112742940e-03,0.000000000000000000e+00,6.114210524807507153e-05,1.611074824249290547e-06,0.000000000000000000e+00,6.227558198645189932e-03,7.420941155678788346e-05,-2.802992746173131841e-05,7.385337036180453094e-06,-5.823082333558932523e-05
2.209861883632272851e-03,0.000000000000000000e+00,5.992608474934504908e-05,1.456524913088313141e-06,0.000000000000000000e+00,6.227556793964316578e-03,7.317047924182350466e-05,-2.709483988605737147e-05,2.979084390143383522e-06,-6.129019506666359132e-05
2.214861571151802763e-03,0.000000000000000000e+00,5.881635010360989485e-05,1.302220221273959232e-06,0.000000000000000000e+00,6.227557305012721561e-03,6.858775049292866615e-05,-2.569346466413459213e-05,-1.930058995995799005e-08,-6.279242490672446125e-05
2.219861258671333108e-03,0.000000000000000000e+00,5.782888494067498148e-05,1.148160748806229457e-06,0.000000000000000000e+00,6.227558941040827953e-03,6.082404604382191858e-05,-2.386293171026463415e-05,-1.772342644933789089e-06,-6.195488016890731840e-05
2.224860946190863019e-03,0.000000000000000000e+00,5.696310096878866503e-05,9.943464956851231796e-07,0.000000000000000000e+00,6.227560912517709872e-03,5.051946788362931011e-05,-2.157527687456490035e-05,-2.626690953630280909e-06,-5.826276328638214377e-05
2.229860633710392930e-03,0.000000000000000000e+00,5.620427542254419993e-05,8.407774619106409295e-07,0.000000000000000000e+00,6.227562918250550972e-03,3.857710955453071025e-05,-1.887968360384362340e-05,-3.035546809647369347e-06,-5.152953215314156742e-05
2.234860321229923275e-03,0.000000000000000000e+00,5.552721081750757414e-05,6.874536474827824949e-07,0.000000000000000000e+00,6.227564806248805235e-03,2.614978981495352746e-05,-1.590619233738924712e-05,-3.427247759223851020e-06,-4.203928347761727704e-05
2.239860008749453187e-03,0.000000000000000000e+00,5.490024038279225037e-05,5.343750524015479816e-07,0.000000000000000000e+00,6.227566070048895855e-03,1.452524441762473587e-05,-1.284094206982488577e-05,-4.180561146615653751e-06,-3.052551661942637991e-05
2.244859696268983098e-03,0.000000000000000000e+00,5.429046730382052779e-05,3.815416766669372839e-07,0.000000000000000000e+00,6.227566005308028674e-03,4.992306612774024100e-06,-9.895279422707054868e-06,-5.564127655216411689e-06,-1.798952890070073225e-05
2.249859383788513009e-03,0.000000000000000000e+00,5.366849107958115598e-05,2.289535202789504281e-07,0.000000000000000000e+00,6.227564405872437758e-03,-1.415132650513080756e-06,-7.284948727324009329e-06,-7.695547996909575625e-06,-5.501858087542444879e-06
2.254859071308043354e-03,0.000000000000000000e+00,5.301278810149922171e-05,7.661058323758741433e-08,0.000000000000000000e+00,6.227561920339271320e-03,-3.983610201182632495e-06,-5.186420886502832395e-06,-1.054646041077981063e-05,5.928522120066679127e-06
2.259858758827573266e-03,0.000000000000000000e+00,5.231087367412912852e-05,-7.548713445715173103e-08,0.000000000000000000e+00,6.227559795824194437e-03,-2.520802179075653631e-06,-3.671365024924533373e-06,-1.390999279257011323e-05,1.542006016387990501e-05
2.264858446347103177e-03,0.000000000000000000e+00,5.155943114145741378e-05,-2.273396328052670874e-07,0.000000000000000000e+00,6.227559014515483132e-03,2.536926640033138769e-06,-2.761776348991573758e-06,-1.746555690893500672e-05,2.230169924959064242e-05
2.269858133866633088e-03,0.000000000000000000e+00,5.076119270691406956e-05,-3.789469118067585488e-07,0.000000000000000000e+00,6.227559716306767940e-03,1.007206212717441682e-05,-2.406995108617256238e-06,-2.083961453448960867e-05,2.619061526291972881e-05
2.274857821386163433e-03,0.000000000000000000e+00,4.992101738630178812e-05,-5.303089714616262477e-07,0.000000000000000000e+00,6.227561392042084074e-03,1.850906124976115809e-05,-2.497576958052057458e-06,-2.375572719490786220e-05,2.702689308335434856e-05
2.279857508905693345e-03,0.000000000000000000e+00,4.904403750459572899e-05,-6.814258117698700252e-07,0.000000000000000000e+00,6.227563386201766076e-03,2.614195665533131668e-05,-2.878733785896044089e-06,-2.607559882456046796e-05,2.515652536592658886e-05
2.284857196425223256e-03,0.000000000000000000e+00,4.813618366778255612e-05,-8.322974327314898813e-07,0.000000000000000000e+00,6.227565246817217716e-03,3.146358607836848080e-05,-3.407193876562792814e-06,-2.779687287920552341e-05,2.125998940765416181e-05
2.289856883944753601e-03,0.000000000000000000e+00,4.720496590771813193e-05,-9.829238343464858160e-07,0.000000000000000000e+00,6.227566919215445432e-03,3.344198133071914621e-05,-3.980421325240353433e-06,-2.902624989669821325e-05,1.626748668614984509e-05
2.294856571464283512e-03,0.000000000000000000e+00,4.625807384094669328e-05,-1.133305016614858041e-06,0.000000000000000000e+00,6.227568354773142453e-03,3.168620490020380667e-05,-4.442502709990563325e-06,-2.993688086463614512e-05,1.115221980938926998e-05
2.299856258983813424e-03,0.000000000000000000e+00,4.530237256437456150e-05,-1.283440979536606345e-06,0.000000000000000000e+00,6.227569161758979982e-03,2.645745400662042937e-05,-4.636885159428544118e-06,-3.075984604555563655e-05,6.831487745087783591e-06
2.304855946503343335e-03,0.000000000000000000e+00,4.434334692549883226e-05,-1.433331723111730939e-06,0.000000000000000000e+00,6.227568823201201816e-03,1.857663128823406584e-05,-4.442124974750957771e-06,-3.170586302762016173e-05,3.991529374867002451e-06
2.309855634022873680e-03,0.000000000000000000e+00,4.338438578895731552e-05,-1.582977247340231612e-06,0.000000000000000000e+00,6.227567091792064226e-03,9.321532509582647395e-06,-3.838770313394382543e-06,-3.294295896774239078e-05,3.022062039820659182e-06
2.314855321542403591e-03,0.000000000000000000e+00,4.242671495127451026e-05,-1.732377552222108363e-06,0.000000000000000000e+00,6.227564312833780251e-03,3.342535371609725082e-07,-2.839582688742093800e-06,-3.451219439556392043e-05,4.006130037496470649e-06
2.319855009061933503e-03,0.000000000000000000e+00,4.146846159939865481e-05,-1.881532637757361405e-06,0.000000000000000000e+00,6.227561561964524775e-03,-6.713753341440727374e-06,-1.561509931005857999e-06,-3.626808316628759671e-05,6.750849514031928544e-06
2.324854696581463414e-03,0.000000000000000000e+00,4.050374497716085391e-05,-2.030442503945990737e-06,0.000000000000000000e+00,6.227560131038478719e-03,-1.041496406334571057e-05,-2.542958031614601130e-07,-3.794259736197662641e-05,1.085709415866905605e-05
2.329854384100993759e-03,0.000000000000000000e+00,3.952084761884951987e-05,-2.179107150787996360e-06,0.000000000000000000e+00,6.227560571058795777e-03,-9.865769593919356616e-06,7.563601862530865270e-07,-3.919618978105214943e-05,1.580341003553799493e-05
2.334854071620523670e-03,0.000000000000000000e+00,3.850457486514336495e-05,-2.327526578283377637e-06,0.000000000000000000e+00,6.227562308643792670e-03,-4.752617967550149263e-06,1.084678518646767432e-06,-3.973206447342425134e-05,2.103633407137628857e-05
2.339853759140053582e-03,0.000000000000000000e+00,3.744181570997975590e-05,-2.475700786432135840e-06,0.000000000000000000e+00,6.227564029406490800e-03,4.539176227098025367e-06,3.191600798193645921e-07,-3.932219755738066563e-05,2.602614713159926026e-05
2.344853446659583927e-03,0.000000000000000000e+00,3.632798396228183093e-05,-2.623629775234269275e-06,0.000000000000000000e+00,6.227564672045568170e-03,1.700625263424469346e-05,-1.849803946691209988e-06,-3.790833091882899093e-05,3.031562612880488102e-05
2.349853134179113838e-03,0.000000000000000000e+00,3.517152194941098480e-05,-2.771313544689779636e-06,0.000000000000000000e+00,6.227564159171515915e-03,3.120778447057057602e-05,-5.425626794686311605e-06,-3.554830027797299761e-05,3.359471937944037294e-05
2.354852821698643749e-03,0.000000000000000000e+00,3.399482633500262125e-05,-2.918752094798665651e-06,0.000000000000000000e+00,6.227563181170245668e-03,4.543883052768681296e-05,-1.007244295440420928e-05,-3.244892843465433708e-05,3.566765798992666659e-05
2.359852509218173661e-03,0.000000000000000000e+00,3.283253960171725848e-05,-3.065945425560928169e-06,0.000000000000000000e+00,6.227562371745347901e-03,5.794285315351084585e-05,-1.523823467220654014e-05,-2.891305886403822242e-05,3.646088783717196547e-05
2.364852196737704006e-03,0.000000000000000000e+00,3.172666230946444787e-05,-3.212893536976566766e-06,0.000000000000000000e+00,6.227562047099649556e-03,6.722304382996612199e-05,-2.022343794102532172e-05,-2.523232190964467717e-05,3.598143574933223334e-05
2.369851884257233917e-03,0.000000000000000000e+00,3.072083304565156165e-05,-3.359596429045581017e-06,0.000000000000000000e+00,6.227562444131233381e-03,7.235605087075850262e-05,-2.433159390327448157e-05,-2.156024314862763625e-05,3.431908162729950507e-05
2.374851571776763828e-03,0.000000000000000000e+00,2.985423817985401258e-05,-3.506054101767971771e-06,0.000000000000000000e+00,6.227563693633530149e-03,7.307833624291250817e-05,-2.696016043950264543e-05,-1.786240463744348872e-05,3.159408825336149003e-05
2.379851259296293740e-03,0.000000000000000000e+00,2.915614119466237677e-05,-3.652266555143738603e-06,0.000000000000000000e+00,6.227565467446614413e-03,6.971960693436074865e-05,-2.781209077731821924e-05,-1.395384109750799406e-05,2.796947309849214062e-05
2.384850946815824085e-03,0.000000000000000000e+00,2.864301385940330331e-05,-3.798233789172881514e-06,0.000000000000000000e+00,6.227566854243600687e-03,6.314751540235482500e-05,-2.691315431215391389e-05,-9.564266706429260404e-06,2.364101316994356603e-05
2.389850634335353996e-03,0.000000000000000000e+00,2.831768787867835503e-05,-3.943955803855399656e-06,0.000000000000000000e+00,6.227566719885543889e-03,5.461674820403190011e-05,-2.465299711951076970e-05,-4.484824669196855801e-06,1.880470564106573924e-05
2.394850321854883907e-03,0.000000000000000000e+00,2.817246312417639599e-05,-4.089432599191295148e-06,0.000000000000000000e+00,6.227564765502714705e-03,4.556487166238009891e-05,-2.169631672588437409e-05,1.270994382022757593e-06,1.365722500141984780e-05
2.399850009374414252e-03,0.000000000000000000e+00,2.819277529834713915e-05,-4.234664175180566718e-06,0.000000000000000000e+00,6.227562201910868088e-03,3.736397702615906129e-05,-1.881957140086649332e-05,7.473699029457049541e-06,8.399955087563024776e-06
2.404849696893944164e-03,0.000000000000000000e+00,2.836127417638664022e-05,-4.379650531823214367e-06,0.000000000000000000e+00,6.227560763789105787e-03,3.114511801838639197e-05,-1.663839037831430539e-05,1.370935025578460498e-05,3.323055075020207858e-06
2.409849384413474075e-03,0.000000000000000000e+00,2.866074040625100225e-05,-4.524391669119237248e-06,0.000000000000000000e+00,6.227561283942101115e-03,2.759127216911245014e-05,-1.545269151738936148e-05,1.952583545877457688e-05,-1.178871048970239670e-06
2.414849071933003986e-03,0.000000000000000000e+00,2.907674766252230433e-05,-4.668887587068637901e-06,0.000000000000000000e+00,6.227563037908379756e-03,2.682680182869846656e-05,-1.527041619572923516e-05,2.445348831312401072e-05,-4.697820634125124804e-06
2.419848759452534331e-03,0.000000000000000000e+00,2.959882330882762796e-05,-4.813138285671413786e-06,0.000000000000000000e+00,6.227564343165254562e-03,2.848052486334453360e-05,-1.582565065592736575e-05,2.816211179337729559e-05,-6.883480718061506422e-06
2.424848446972064243e-03,0.000000000000000000e+00,3.021824427036190041e-05,-4.957143764927565749e-06,0.000000000000000000e+00,6.227564203718457571e-03,3.179659731266604931e-05,-1.660752847282773983e-05,3.048833853067191288e-05,-7.487997335753731736e-06
2.429848134491594154e-03,0.000000000000000000e+00,3.092575284327965274e-05,-5.100904024837094638e-06,0.000000000000000000e+00,6.227563133769899867e-03,3.574483258801605001e-05,-1.699214691511544164e-05,3.148992969788297878e-05,-6.420097508354102563e-06
2.434847822011124065e-03,0.000000000000000000e+00,3.170889456204598218e-05,-5.244419065399999606e-06,0.000000000000000000e+00,6.227562228106585558e-03,3.913948214928073189e-05,-1.638554495522800072e-05,3.136877643106051288e-05,-3.812998352010314864e-06
2.439847509530654410e-03,0.000000000000000000e+00,3.255043166410925430e-05,-5.387688886616279805e-06,0.000000000000000000e+00,6.227561969407453997e-03,4.092588713353396322e-05,-1.437523327969102572e-05,3.043048510017721625e-05,5.989158766365891876e-08
2.444847197050184322e-03,0.000000000000000000e+00,3.342720049078873567e-05,-5.530713488485936083e-06,0.000000000000000000e+00,6.227561999781687507e-03,4.044317915203976641e-05,-1.078846116902428632e-05,2.895069303064796748e-05,4.828553364675361864e-06
2.449846884569714233e-03,0.000000000000000000e+00,3.430818302888387578e-05,-5.673492871008970134e-06,0.000000000000000000e+00,6.227562014831745929e-03,3.757674211431082025e-05,-5.863683066256800543e-06,2.701078374542166107e-05,1.005067136194891741e-05
2.454846572089244578e-03,0.000000000000000000e+00,3.515165210242617803e-05,-5.816027034185379416e-06,0.000000000000000000e+00,6.227562413998116025e-03,3.272941083734911714e-05,-1.600308811773727794e-07,2.448577484763849192e-05,1.531046503795165624e-05
2.459846259608774489e-03,0.000000000000000000e+00,3.590229476608124994e-05,-5.958315978015163929e-06,0.000000000000000000e+00,6.227563726153569762e-03,2.667636198114937694e-05,5.582293249848202144e-06,2.119077442301860054e-05,2.027261471210653609e-05
2.464845947128304401e-03,0.000000000000000000e+00,3.649399528209615724e-05,-6.100359702498325369e-06,0.000000000000000000e+00,6.227565565413011560e-03,2.037029360893154325e-05,1.066648767399174591e-05,1.701550745372701410e-05,2.463639921818535755e-05
2.469845634647834312e-03,0.000000000000000000e+00,3.685615686587266854e-05,-6.242158207634863734e-06,0.000000000000000000e+00,6.227566628247159508e-03,1.470411353311341033e-05,1.454249612392692987e-05,1.203113529927595754e-05,2.803646058476413569e-05
2.474845322167364657e-03,0.000000000000000000e+00,3.692334474722578763e-05,-6.383711493424777331e-06,0.000000000000000000e+00,6.227566194467584748e-03,1.036096717692823115e-05,1.693406343473820649e-05,6.521153785411336871e-06,3.011418492937659115e-05
2.479845009686894568e-03,0.000000000000000000e+00,3.664401948135687955e-05,-6.525019559868067006e-06,0.000000000000000000e+00,6.227565047554693700e-03,7.728197963781594033e-06,1.782644823285399615e-05,1.019273179466567703e-06,3.060498689536409589e-05
2.484844697206424480e-03,0.000000000000000000e+00,3.598727291530279677e-05,-6.666082406964733607e-06,0.000000000000000000e+00,6.227564439729937895e-03,6.828930628093457903e-06,1.739335497006005391e-05,-3.854238322462570810e-06,2.941773074719197096e-05
2.489844384725954391e-03,0.000000000000000000e+00,3.494796882624251401e-05,-6.806900034714776286e-06,0.000000000000000000e+00,6.227564772805553595e-03,7.347779945737215729e-06,1.592905199325183593e-05,-7.460127736336827494e-06,2.666733602109510121e-05
2.494844072245484736e-03,0.000000000000000000e+00,3.355036845994175228e-05,-6.947472443118194197e-06,0.000000000000000000e+00,6.227565282066088378e-03,8.778418257291612417e-06,1.376922526695689586e-05,-9.282416280734572415e-06,2.271093368463101192e-05
2.499843759765014647e-03,0.000000000000000000e+00,3.185055820543470360e-05,-7.087799632174989034e-06,0.000000000000000000e+00,6.227565001394672582e-03,1.064227041835825576e-05,1.119487077381452290e-05,-9.007977076838264720e-06,1.816934090840210898e-05
2.504843447284544559e-03,0.000000000000000000e+00,2.993239464805637172e-05,-7.227881601885159950e-06,0.000000000000000000e+00,6.227564002517870997e-03,1.258738655079722708e-05,8.385327367611587285e-06,-6.744241694616765766e-06,1.382991801899431786e-05
2.509843134804074904e-03,0.000000000000000000e+00,2.789740422234277665e-05,-7.367718352248706944e-06,0.000000000000000000e+00,6.227562992873166350e-03,1.443527778483475984e-05,5.343386485503579245e-06,-3.049427582648542079e-06,1.050314467009858946e-05
2.514842822323604815e-03,0.000000000000000000e+00,2.585092788476769989e-05,-7.507309883265629169e-06,0.000000000000000000e+00,6.227562308605371147e-03,1.608499706606070039e-05,1.962781158502908153e-06,1.213056591496080151e-06,8.845945961729582984e-06
2.519842509843134726e-03,0.000000000000000000e+00,2.388961987223062338e-05,-7.646656194935929168e-06,0.000000000000000000e+00,6.227561870446076710e-03,1.739858188358337889e-05,-1.876823084548321124e-06,5.120959200585575887e-06,9.128180649369464458e-06
2.524842197362664638e-03,0.000000000000000000e+00,2.209488623533120358e-05,-7.785757287259601010e-06,0.000000000000000000e+00,6.227561657281856927e-03,1.811131103988621293e-05,-6.112781841503271226e-06,7.898977571293860450e-06,1.105955657944997534e-05
2.529841884882194983e-03,0.000000000000000000e+00,2.052979466938630078e-05,-7.924613160236655706e-06,0.000000000000000000e+00,6.227561985332133974e-03,1.785707554657615150e-05,-1.050301512614980803e-05,9.130028082737923087e-06,1.384599037466690133e-05
2.534841572401724894e-03,0.000000000000000000e+00,1.923955477995472975e-05,-8.063223813867083093e-06,0.000000000000000000e+00,6.227563168044532478e-03,1.629654809600507260e-05,-1.461186010400241397e-05,8.889282689415081668e-06,1.650167070226558690e-05
2.539841259921254805e-03,0.000000000000000000e+00,1.825077828668092813e-05,-8.201589248150884865e-06,0.000000000000000000e+00,6.227565022052273212e-03,1.326390427634698537e-05,-1.794137830442900518e-05,7.708828684318507331e-06,1.808273925257607916e-05
2.544840947440784717e-03,0.000000000000000000e+00,1.757181684861910503e-05,-8.339709463088067798e-06,0.000000000000000000e+00,6.227567060497888642e-03,8.900410794889579761e-06,-2.003369552537202016e-05,6.374511759392685855e-06,1.787157417950193029e-05
2.549840634960315062e-03,0.000000000000000000e+00,1.719277083873678509e-05,-8.477584458678623421e-06,0.000000000000000000e+00,6.227568835355100363e-03,3.659036284477372463e-06,-2.054805771091348517e-05,5.779247272368954882e-06,1.548053776492731265e-05
2.554840322479844973e-03,0.000000000000000000e+00,1.708753820899310715e-05,-8.615214234922553428e-06,0.000000000000000000e+00,6.227569949889378599e-03,-1.812275066551512014e-06,-1.927124630829745350e-05,6.667613252230446872e-06,1.088920751488248531e-05
2.559840009999374884e-03,0.000000000000000000e+00,1.721675299969843153e-05,-8.752598791819864597e-06,0.000000000000000000e+00,6.227569704221296368e-03,-6.816137747260372502e-06,-1.620520102428270803e-05,9.433338835941662952e-06,4.353560297114264315e-06
2.564839697518905230e-03,0.000000000000000000e+00,1.752921084294316268e-05,-8.889738129370548456e-06,0.000000000000000000e+00,6.227567248384863717e-03,-1.077161826249769188e-05,-1.161637498301241989e-05,1.394697227887671474e-05,-3.669493620434134370e-06
2.569839385038435141e-03,0.000000000000000000e+00,1.796463354778749728e-05,-9.026632247574608393e-06,0.000000000000000000e+00,6.227562642164516729e-03,-1.334862419621166049e-05,-6.014316332206955256e-06,1.968588222671941850e-05,-1.254405428280765000e-05
2.574839072557965052e-03,0.000000000000000000e+00,1.845859782249368607e-05,-9.163281146432047797e-06,0.000000000000000000e+00,6.227557309138480324e-03,-1.455712949124205604e-05,-3.680604791772359454e-08,2.586922031829519587e-05,-2.154603294564598758e-05
2.579838760077494964e-03,0.000000000000000000e+00,1.895065664541634872e-05,-9.299684825942858198e-06,0.000000000000000000e+00,6.227553401534440501e-03,-1.469248670217407774e-05,5.687805238850214971e-06,3.164840888736688283e-05,-3.001339434353912460e-05
2.584838447597025309e-03,0.000000000000000000e+00,1.939118835425622815e-05,-9.435843286107049760e-06,0.000000000000000000e+00,6.227552655447876444e-03,-1.425184124415564461e-05,1.070490124914443391e-05,3.633126832073695512e-05,-3.742784731815632511e-05
2.589838135116555220e-03,0.000000000000000000e+00,1.974571731491663748e-05,-9.571756526924615706e-06,0.000000000000000000e+00,6.227555328407904239e-03,-1.373762540887038166e-05,1.466269669642230702e-05,3.958113143898432966e-05,-4.335274874472105097e-05
2.594837822636085131e-03,0.000000000000000000e+00,1.999718487836295292e-05,-9.707424548395554342e-06,0.000000000000000000e+00,6.227560280782727838e-03,-1.340090705604348928e-05,1.731207440580593494e-05,4.140483149072184154e-05,-4.736724929370644181e-05
2.599837510155615043e-03,0.000000000000000000e+00,2.014259926099575703e-05,-9.842847350519874140e-06,0.000000000000000000e+00,6.227565704230128216e-03,-1.308411430043574128e-05,1.848467948533583018e-05,4.198506242338179704e-05,-4.911192612157036746e-05
2.604837197675145388e-03,0.000000000000000000e+00,2.018760475837169517e-05,-9.978024933297568322e-06,0.000000000000000000e+00,6.227569556817681880e-03,-1.226803062482310027e-05,1.811628831275399531e-05,4.153955090730739952e-05,-4.828963920684959884e-05
2.609836885194675299e-03,0.000000000000000000e+00,2.013891400488905000e-05,-1.011295729672863519e-05,0.000000000000000000e+00,6.227570368993183211e-03,-1.030784281054635900e-05,1.617104260855451714e-05,4.028561386781993696e-05,-4.475132309650088061e-05
2.614836572714205210e-03,0.000000000000000000e+00,1.999973130877325276e-05,-1.024764444081308492e-05,0.000000000000000000e+00,6.227568052271910057e-03,-6.703015839523828460e-06,1.267568557790823544e-05,3.838664726412524032e-05,-3.864921894687044235e-05
2.619836260233735555e-03,0.000000000000000000e+00,1.976599213519615345e-05,-1.038208636555090734e-05,0.000000000000000000e+00,6.227564101505453018e-03,-1.336732873494325436e-06,7.719876864412025114e-06,3.595685947366372004e-05,-3.054673388029689371e-05
2.624835947753265467e-03,0.000000000000000000e+00,1.942756902621349318e-05,-1.051628307094210414e-05,0.000000000000000000e+00,6.227560894531393443e-03,5.426555312722485596e-06,1.457547293882529080e-06,3.306629060594702625e-05,-2.129366893441648960e-05
2.629835635272795378e-03,0.000000000000000000e+00,1.897489603802239008e-05,-1.065023455698668210e-05,0.000000000000000000e+00,6.227560138029367490e-03,1.278364118112997729e-05,-5.844370394556846522e-06,2.986407224950035898e-05,-1.185799382540615119e-05
2.634835322792325289e-03,0.000000000000000000e+00,1.840613154911297539e-05,-1.078394082368463106e-05,0.000000000000000000e+00,6.227561802830399763e-03,1.962646565865478843e-05,-1.378157253961982559e-05,2.654355507097320711e-05,-3.241320065024361555e-06
2.639835010311855634e-03,0.000000000000000000e+00,1.773168942751281055e-05,-1.091740187103595780e-05,0.000000000000000000e+00,6.227564409465108190e-03,2.477551680146701380e-05,-2.185359137161371561e-05,2.340136473530663586e-05,3.620917622789727043e-06
2.644834697831385546e-03,0.000000000000000000e+00,1.697451618697225906e-05,-1.105061769904066230e-05,0.000000000000000000e+00,6.227566180753716166e-03,2.717324348985266215e-05,-2.951036485091276752e-05,2.087406232523187971e-05,8.023127361376318885e-06
2.649834385350915457e-03,0.000000000000000000e+00,1.617090515102105321e-05,-1.118358830769873950e-05,0.000000000000000000e+00,6.227566091372840201e-03,2.610085781264066704e-05,-3.620021212158849530e-05,1.946620732807872279e-05,9.661812233050001399e-06
2.654834072870445368e-03,0.000000000000000000e+00,1.536896979243773672e-05,-1.131631369701019616e-05,0.000000000000000000e+00,6.227564085309874285e-03,2.136014777228228381e-05,-4.138968130473402377e-05,1.949089373702245364e-05,8.714403277492158200e-06
2.659833760389975713e-03,0.000000000000000000e+00,1.462384178576420236e-05,-1.144879386697502890e-05,0.000000000000000000e+00,6.227561007568736817e-03,1.338302905171062258e-05,-4.469302182244715659e-05,2.091510927721693314e-05,5.883715990420551725e-06
2.664833447909505625e-03,0.000000000000000000e+00,1.399094054740750668e-05,-1.158102881759323433e-05,0.000000000000000000e+00,6.227558504838390935e-03,3.139598112088973515e-06,-4.594913338670770196e-05,2.338947565130347256e-05,2.327748293209358087e-06
2.669833135429035536e-03,0.000000000000000000e+00,1.351704513957342085e-05,-1.171301854886481923e-05,0.000000000000000000e+00,6.227558260497117158e-03,-8.070396374424243684e-06,-4.531200227128316682e-05,2.623324506142986638e-05,-6.466151597095505180e-07
2.674832822948565881e-03,0.000000000000000000e+00,1.323299204471870462e-05,-1.184476306078978021e-05,0.000000000000000000e+00,6.227560972215317840e-03,-1.887475636590599926e-05,-4.311666536602128423e-05,2.849531209345108261e-05,-1.911556468532553011e-06
2.679832510468095792e-03,0.000000000000000000e+00,1.314862975374475756e-05,-1.197626235336811218e-05,0.000000000000000000e+00,6.227565537600599464e-03,-2.813792000850005875e-05,-3.976573190152561514e-05,2.918786931521524829e-05,-7.344880277124904433e-07
2.684832197987625704e-03,0.000000000000000000e+00,1.325618440287894765e-05,-1.210751642659982870e-05,0.000000000000000000e+00,6.227569353687797439e-03,-3.512680202207490781e-05,-3.562157823689485203e-05,2.752131586002990002e-05,3.160051055154263803e-06
2.689831885507155615e-03,0.000000000000000000e+00,1.353495462064301334e-05,-1.223852528048491622e-05,0.000000000000000000e+00,6.227570109703116363e-03,-3.950224924266679776e-05,-3.095384618717461069e-05,2.305810049558601989e-05,9.498927227541315461e-06
2.694831573026685960e-03,0.000000000000000000e+00,1.395404723017145318e-05,-1.236928891502337982e-05,0.000000000000000000e+00,6.227567357895473499e-03,-4.123688852432733857e-05,-2.591236616492489724e-05,1.579253374251645949e-05,1.748763111238166147e-05
2.699831260546215871e-03,0.000000000000000000e+00,1.447341417517102745e-05,-1.249980733021522288e-05,0.000000000000000000e+00,6.227562603928276166e-03,-4.058283336049007753e-05,-2.051595224481510038e-05,6.236219370147611867e-06,2.601956412317255190e-05
2.704830948065745783e-03,0.000000000000000000e+00,1.504658134882916962e-05,-1.263008052606043864e-05,0.000000000000000000e+00,6.227558225991924185e-03,-3.806076580514795149e-05,-1.470491382488801386e-05,-4.754358696355266634e-06,3.392633061370707928e-05
2.709830635585275694e-03,0.000000000000000000e+00,1.562705704549119927e-05,-1.276010850255903047e-05,0.000000000000000000e+00,6.227556090410643792e-03,-3.432545677230155616e-05,-8.357567999786049852e-06,-1.616979825559455009e-05,4.013871338284320984e-05
2.714830323104806039e-03,0.000000000000000000e+00,1.617310605885771991e-05,-1.288989125971100177e-05,0.000000000000000000e+00,6.227556957745702601e-03,-2.999451583336285523e-05,-1.412213546125018691e-06,-2.708780040697328497e-05,4.384290546893806687e-05
2.719830010624335950e-03,0.000000000000000000e+00,1.665207998687088224e-05,-1.301942879751634576e-05,0.000000000000000000e+00,6.227560554391827624e-03,-2.545647349157692155e-05,5.979165284108765095e-06,-3.678381815185567476e-05,4.469492358474874878e-05
2.724829698143865862e-03,0.000000000000000000e+00,1.704157531268225099e-05,-1.314872111597506752e-05,0.000000000000000000e+00,6.227565695536563251e-03,-2.087710704959448333e-05,1.340401483770044738e-05,-4.483608750270742056e-05,4.284017644708910027e-05
2.729829385663395773e-03,0.000000000000000000e+00,1.732956681119533348e-05,-1.327776821508716706e-05,0.000000000000000000e+00,6.227570694201042117e-03,-1.628693432706691346e-05,2.028552574952161233e-05,-5.120984121401380866e-05,3.877558149597068590e-05
2.734829073182926118e-03,0.000000000000000000e+00,1.751414234873414425e-05,-1.340657009485263759e-05,0.000000000000000000e+00,6.227573940983359077e-03,-1.175441048943440667e-05,2.610632294741363388e-05,-5.614031809959512775e-05,3.317830050997785008e-05
2.739828760702456029e-03,0.000000000000000000e+00,1.760421968191478931e-05,-1.353512675527149098e-05,0.000000000000000000e+00,6.227574516986634535e-03,-7.517806066165399303e-06,3.050955556288421561e-05,-5.990740665884488432e-05,2.669254965554017329e-05
2.744828448221985941e-03,0.000000000000000000e+00,1.762135546680417773e-05,-1.366343819634371705e-05,0.000000000000000000e+00,6.227572405341618572e-03,-3.963168838280114065e-06,3.341074562825285972e-05,-6.266197569720438837e-05,1.972632955486176685e-05
2.749828135741516286e-03,0.000000000000000000e+00,1.759538020736595382e-05,-1.379150441806931582e-05,0.000000000000000000e+00,6.227568178777477363e-03,-1.481947962557330180e-06,3.501083587580890893e-05,-6.441723400733625755e-05,1.242152754535931378e-05
2.754827823261046197e-03,0.000000000000000000e+00,1.755756073507901019e-05,-1.391932542044829745e-05,0.000000000000000000e+00,6.227562879590437667e-03,-3.316627116388386881e-07,3.578660896726710140e-05,-6.501692580043738623e-05,4.885528168250122654e-06
2.759827510780576108e-03,0.000000000000000000e+00,1.753395371526942349e-05,-1.404690120348065176e-05,0.000000000000000000e+00,6.227557953411821598e-03,-6.078279507532074110e-07,3.633061482090576102e-05,-6.417753935963843267e-05,-2.704399026911196921e-06
2.764827198300106020e-03,0.000000000000000000e+00,1.754263212860659592e-05,-1.417423176716638046e-05,0.000000000000000000e+00,6.227554732921372627e-03,-2.211879823998493579e-06,3.716368267832369839e-05,-6.165004610853244585e-05,-1.012614634191489023e-05
2.769826885819636365e-03,0.000000000000000000e+00,1.759097161055709520e-05,-1.430131711150549032e-05,0.000000000000000000e+00,6.227553919136535367e-03,-4.815880217247118946e-06,3.862886032783726092e-05,-5.724079772206516992e-05,-1.716711807879862763e-05
2.774826573339166276e-03,0.000000000000000000e+00,1.767349634808230974e-05,-1.442815723649797286e-05,0.000000000000000000e+00,6.227555381616255159e-03,-7.897118019370061485e-06,4.075318284834037868e-05,-5.084584598360284427e-05,-2.359231654802216319e-05
2.779826260858696187e-03,0.000000000000000000e+00,1.777478827726725857e-05,-1.455475214214383149e-05,0.000000000000000000e+00,6.227558393694551143e-03,-1.084082727467468046e-05,4.324913791799306486e-05,-4.252574126731103218e-05,-2.910767854461407273e-05
2.784825948378226099e-03,0.000000000000000000e+00,1.787317511962891803e-05,-1.468110182844306959e-05,0.000000000000000000e+00,6.227562087410275921e-03,-1.305960231914313747e-05,4.562185041869596264e-05,-3.266313358981131406e-05,-3.336889360639245139e-05
2.789825635897756444e-03,0.000000000000000000e+00,1.794637977375336977e-05,-1.480720629539567868e-05,0.000000000000000000e+00,6.227565557264118541e-03,-1.403411186905946487e-05,4.738859080850769490e-05,-2.187214877220576006e-05,-3.606345395830705836e-05
2.794825323417286355e-03,0.000000000000000000e+00,1.797581901158998253e-05,-1.493306554300166724e-05,0.000000000000000000e+00,6.227567869168804462e-03,-1.347776096561174129e-05,4.821047023816492252e-05,-1.086010453685564044e-05,-3.708885158503293344e-05
2.799825010936816266e-03,0.000000000000000000e+00,1.795088084963958932e-05,-1.505867957126103187e-05,0.000000000000000000e+00,6.227568339943981117e-03,-1.144367841607863331e-05,4.797262191640176709e-05,-3.418133640964106021e-07,-3.666600997491620175e-05
2.804824698456346611e-03,0.000000000000000000e+00,1.786904473286750361e-05,-1.518404838017376920e-05,0.000000000000000000e+00,6.227567008020455652e-03,-8.312298579198953692e-06,4.690972406651411071e-05,9.029456718291476342e-06,-3.531203397055917751e-05
2.809824385975876523e-03,0.000000000000000000e+00,1.773386202413749721e-05,-1.530917196973988599e-05,0.000000000000000000e+00,6.227564822099402111e-03,-4.664350875426639026e-06,4.554069578025003268e-05,1.667623309369948762e-05,-3.360226686702116514e-05
2.814824073495406434e-03,0.000000000000000000e+00,1.755417222416615699e-05,-1.543405033995937887e-05,0.000000000000000000e+00,6.227563122724251964e-03,-1.174253947969260484e-06,4.451545046777068658e-05,2.213921214340831503e-05,-3.189866060693339863e-05
2.819823761014936345e-03,0.000000000000000000e+00,1.734266479489213065e-05,-1.555868349083224951e-05,0.000000000000000000e+00,6.227562765154017257e-03,1.548549654564003236e-06,4.438460662038393048e-05,2.508313543423082328e-05,-3.030102502658696336e-05
2.824823448534466690e-03,0.000000000000000000e+00,1.711397431843319486e-05,-1.568307142235849115e-05,0.000000000000000000e+00,6.227563548968275547e-03,3.136186909543525357e-06,4.556740495467084936e-05,2.539698779503449456e-05,-2.870676018355030994e-05
2.829823136053996602e-03,0.000000000000000000e+00,1.687989588800379583e-05,-1.580721413453811395e-05,0.000000000000000000e+00,6.227564503019372352e-03,3.473257153536521002e-06,4.830451165386198263e-05,2.324416756822907776e-05,-2.688219906721553599e-05
2.834822823573526513e-03,0.000000000000000000e+00,1.664698649423366204e-05,-1.593111162737111453e-05,0.000000000000000000e+00,6.227564927751970403e-03,2.615312181516112641e-06,5.259601713347215424e-05,1.902742522050349813e-05,-2.451170993704048333e-05
2.839822511093056424e-03,0.000000000000000000e+00,1.641734265545757881e-05,-1.605476390085748271e-05,0.000000000000000000e+00,6.227564899617121785e-03,7.773417763858210539e-07,5.815632136765493701e-05,1.333042537215787976e-05,-2.134088126634686985e-05
2.844822198612586769e-03,0.000000000000000000e+00,1.618896421936015612e-05,-1.617817095499723544e-05,0.000000000000000000e+00,6.227564810218823993e-03,-1.595010911167447676e-06,6.439563174818175814e-05,6.809492916147989269e-06,-1.725164358839128122e-05
2.849821886132116681e-03,0.000000000000000000e+00,1.595446018103724802e-05,-1.630133278979036256e-05,0.000000000000000000e+00,6.227564764844888481e-03,-3.870703097233613979e-06,7.049869504716884175e-05,1.984276264790967920e-07,-1.236691831038045232e-05
2.854821573651646592e-03,0.000000000000000000e+00,1.569733490301799237e-05,-1.642424940523686067e-05,0.000000000000000000e+00,6.227564438289134689e-03,-5.436708797492314620e-06,7.546979675812149398e-05,-5.773605928650997747e-06,-7.141890128045322983e-06
2.859821261171176937e-03,0.000000000000000000e+00,1.539160222818744604e-05,-1.654692080133673995e-05,0.000000000000000000e+00,6.227563505634713115e-03,-5.877776621716363371e-06,7.835426693203153452e-05,-1.042169454041953350e-05,-2.306588169894686424e-06
2.864820948690706848e-03,0.000000000000000000e+00,1.500085932213316063e-05,-1.666934697808999361e-05,0.000000000000000000e+00,6.227562175003876696e-03,-5.072648035918063658e-06,7.846768269606522659e-05,-1.322278715812087590e-05,1.341608679808041724e-06
2.869820636210236760e-03,0.000000000000000000e+00,1.448286394248338956e-05,-1.679152793549662165e-05,0.000000000000000000e+00,6.227561047136903269e-03,-3.152972699775912136e-06,7.545734058027407220e-05,-1.389117086822879109e-05,3.144162955021119798e-06
2.874820323729766671e-03,0.000000000000000000e+00,1.379786968911712784e-05,-1.691346367355663085e-05,0.000000000000000000e+00,6.227560678198264948e-03,-4.071447420588278950e-07,6.932071215917358581e-05,-1.244462376311285713e-05,2.742687469477900417e-06
2.879820011249297016e-03,0.000000000000000000e+00,1.291656175169381992e-05,-1.703515419227001105e-05,0.000000000000000000e+00,6.227561437827492524e-03,2.875002847377487280e-06,6.045855030875117394e-05,-9.250336710286398512e-06,1.966972437385581087e-07
2.884819698768826927e-03,0.000000000000000000e+00,1.182337685440221895e-05,-1.715659949163676903e-05,0.000000000000000000e+00,6.227563327957477343e-03,6.416297730850596315e-06,4.973448011199124198e-05,-4.923943357442186806e-06,-4.020133459745542506e-06
2.889819386288356839e-03,0.000000000000000000e+00,1.051912816571577101e-05,-1.727779957165690816e-05,0.000000000000000000e+00,6.227565797972584721e-03,9.819549438779658827e-06,3.825023265150736098e-05,-2.628061165066663114e-07,-9.146879195752729021e-06
2.894819073807886750e-03,0.000000000000000000e+00,9.024723823678430920e-06,-1.739875443233041490e-05,0.000000000000000000e+00,6.227567893396784328e-03,1.252881649831561182e-05,2.720117478086848503e-05,3.888771801071313003e-06,-1.428645316153719354e-05
2.899818761327417095e-03,0.000000000000000000e+00,7.379288631358594536e-06,-1.751946407365730281e-05,0.000000000000000000e+00,6.227568744259311465e-03,1.401077197867465959e-05,1.771005861273626503e-05,6.748058602040382501e-06,-1.861220194740027372e-05
2.904818448846947006e-03,0.000000000000000000e+00,5.633781079253769202e-06,-1.763992849563756848e-05,0.000000000000000000e+00,6.227567991052596584e-03,1.391717097035456192e-05,1.069396944663858061e-05,7.756414249472725161e-06,-2.149742099382528497e-05
2.909818136366476918e-03,0.000000000000000000e+00,3.843225249952960672e-06,-1.776014769827120515e-05,0.000000000000000000e+00,6.227565840059345013e-03,1.208719009086735276e-05,6.772872431971611624e-06,6.706046271370417320e-06,-2.256726670713729763e-05
2.914817823886007263e-03,0.000000000000000000e+00,2.058244505985723604e-06,-1.788012168155822299e-05,0.000000000000000000e+00,6.227562719998851193e-03,8.492765932821892910e-06,6.291468611454993474e-06,3.761948452441745823e-06,-2.169181028068540594e-05
2.919817511405537174e-03,0.000000000000000000e+00,3.193227616840450543e-07,-1.799985044549861520e-05,0.000000000000000000e+00,6.227559173529273115e-03,3.216492405315852565e-06,9.425006753546088715e-06,-5.457640844023767311e-07,-1.904931603852963597e-05
2.924817198925067085e-03,0.000000000000000000e+00,-1.346611068597927197e-06,-1.811933399009238181e-05,0.000000000000000000e+00,6.227556150242411805e-03,-3.576105918528706134e-06,1.612020260761759129e-05,-5.523145148936363143e-06,-1.508898275784310684e-05
2.929816886444596997e-03,0.000000000000000000e+00,-2.924227332329306435e-06,-1.823857231533952618e-05,0.000000000000000000e+00,6.227554983461182012e-03,-1.162330499184313507e-05,2.604935855082114485e-05,-1.044856841548375290e-05,-1.036987900786222723e-05
2.934816573964127342e-03,0.000000000000000000e+00,-4.408880379408072861e-06,-1.835756542124004494e-05,0.000000000000000000e+00,6.227556551827418373e-03,-2.050926408332899239e-05,3.854505301949291430e-05,-1.476080836965183374e-05,-5.348679890117001329e-06
2.939816261483657253e-03,0.000000000000000000e+00,-5.803458494292684609e-06,-1.847631330779393808e-05,0.000000000000000000e+00,6.227560396935050840e-03,-2.961580743560107346e-05,5.266391920667423768e-05,-1.819183613760840614e-05,-1.946766963133828932e-07
2.944815949003187164e-03,0.000000000000000000e+00,-7.116513305538474781e-06,-1.859481597500121578e-05,0.000000000000000000e+00,6.227564865622462267e-03,-3.825442130736573393e-05,6.724111521854908634e-05,-2.082772364196507818e-05,5.302197010266320484e-06
2.949815636522717076e-03,0.000000000000000000e+00,-8.358152810563102843e-06,-1.871307342286186108e-05,0.000000000000000000e+00,6.227568210383861540e-03,-4.580473345353889474e-05,8.090530936618915909e-05,-2.303617693138461739e-05,1.159283497058641934e-05
2.954815324042247421e-03,0.000000000000000000e+00,-9.536379254329944955e-06,-1.883108565137588415e-05,0.000000000000000000e+00,6.227569735379266669e-03,-5.174148371751822762e-05,9.224814515502682117e-05,-2.531275998949688959e-05,1.911003458996229804e-05
2.959815011561777332e-03,0.000000000000000000e+00,-1.065638176264057106e-05,-1.894885266054328838e-05,0.000000000000000000e+00,6.227569884111255200e-03,-5.561936181297854134e-05,9.999517607438114324e-05,-2.819154790203817716e-05,2.804384957016416678e-05
2.964814699081307244e-03,0.000000000000000000e+00,-1.172138086835283218e-05,-1.906637445036406362e-05,0.000000000000000000e+00,6.227569204113722959e-03,-5.717199723540358091e-05,1.032006101803711971e-04,-3.198956206072823606e-05,3.826344917389625471e-05
2.969814386600837589e-03,0.000000000000000000e+00,-1.273178454239992984e-05,-1.918365102083821662e-05,0.000000000000000000e+00,6.227567605724951792e-03,-5.637469350851714639e-05,1.013455876893563532e-04,-3.670110663914018571e-05,4.929318521302162703e-05
2.974814074120367500e-03,0.000000000000000000e+00,-1.368389006561764736e-05,-1.930068237196574740e-05,0.000000000000000000e+00,6.227564911582785488e-03,-5.343118930505594207e-05,9.451817756133768173e-05,-4.194936700257308106e-05,6.033527314149759004e-05
2.979813761639897411e-03,0.000000000000000000e+00,-1.457091576573549483e-05,-1.941746850374665256e-05,0.000000000000000000e+00,6.227561672821216657e-03,-4.874172560655541761e-05,8.340510127461287383e-05,-4.703790696760025609e-05,7.027163328309094382e-05
2.984813449159427323e-03,0.000000000000000000e+00,-1.538473135566361197e-05,-1.953400941618093549e-05,0.000000000000000000e+00,6.227559200598394365e-03,-4.290214926220354603e-05,6.906963536182440366e-05,-5.105690411740071801e-05,7.780442859011487094e-05
2.989813136678957668e-03,0.000000000000000000e+00,-1.611580248432922566e-05,-1.965030510926859281e-05,0.000000000000000000e+00,6.227558610180886078e-03,-3.662323086951579769e-05,5.279684154781463644e-05,-5.307523468887558147e-05,8.171580581945586674e-05
2.994812824198487579e-03,0.000000000000000000e+00,-1.675678950455481448e-05,-1.976635558300962451e-05,0.000000000000000000e+00,6.227559828586517673e-03,-3.060361409863798061e-05,3.593588048682067482e-05,-5.241046014752415020e-05,8.117287580706094912e-05
2.999812511718017490e-03,0.000000000000000000e+00,-1.730347514019839252e-05,-1.988216083740404076e-05,0.000000000000000000e+00,6.227561829789523933e-03,-2.537590213077711070e-05,1.979668718681340533e-05,-4.869984393020754585e-05,7.594037459389239852e-05
3.004812199237547402e-03,0.000000000000000000e+00,-1.775505293151480470e-05,-1.999772087245182462e-05,0.000000000000000000e+00,6.227563619939976286e-03,-2.123028308952973166e-05,5.410113131985989098e-06,-4.193795802632012827e-05,6.645558841536204847e-05
3.009811886757077747e-03,0.000000000000000000e+00,-1.811264262037383041e-05,-2.011303568815298287e-05,0.000000000000000000e+00,6.227564740061260207e-03,-1.815650353270942507e-05,-6.508495739797152370e-06,-3.242455201036067991e-05,5.365243606607069760e-05
3.014811574276607658e-03,0.000000000000000000e+00,-1.838239815427321073e-05,-2.022810528450752566e-05,0.000000000000000000e+00,6.227565071658813442e-03,-1.588660233390880406e-05,-1.559142728620156886e-05,-2.074181158424189553e-05,3.866857564523559700e-05
3.019811261796137569e-03,0.000000000000000000e+00,-1.857652736422109560e-05,-2.034292966151543945e-05,0.000000000000000000e+00,6.227564466151960451e-03,-1.403883336621254372e-05,-2.181800269686462644e-05,-7.672716822393638728e-06,2.267619329888452589e-05
3.024810949315667914e-03,0.000000000000000000e+00,-1.871293500454785280e-05,-2.045750881917672763e-05,0.000000000000000000e+00,6.227562917194885000e-03,-1.231786070755491174e-05,-2.549060872763463895e-05,5.935074721485499201e-06,6.836343979505151455e-06
3.029810636835197826e-03,0.000000000000000000e+00,-1.881255301486038146e-05,-2.057184275749139696e-05,0.000000000000000000e+00,6.227561038118585059e-03,-1.050502837021613105e-05,-2.714027986621412106e-05,1.919894449732620007e-05,-7.840138670840921179e-06
3.034810324354727737e-03,0.000000000000000000e+00,-1.889579934007705049e-05,-2.068593147645944068e-05,0.000000000000000000e+00,6.227559996882276946e-03,-8.380969703137514733e-06,-2.737043177505868360e-05,3.133358647744764687e-05,-2.057300668889035521e-05
3.039810011874257648e-03,0.000000000000000000e+00,-1.897932221023339444e-05,-2.079977497608085878e-05,0.000000000000000000e+00,6.227560803574607069e-03,-5.801565356620772419e-06,-2.683078781945682245e-05,4.167193187647457386e-05,-3.078674219258283669e-05
3.044809699393787993e-03,0.000000000000000000e+00,-1.907382243999061096e-05,-2.091337325635565466e-05,0.000000000000000000e+00,6.227563355175850732e-03,-2.888994616360633329e-06,-2.613280673442155473e-05,4.973619598856786296e-05,-3.808613997399006159e-05
3.049809386913317905e-03,0.000000000000000000e+00,-1.918227375027280643e-05,-2.102672631728382492e-05,0.000000000000000000e+00,6.227566380619560527e-03,-3.800856576354508199e-08,-2.573607635082479742e-05,5.513474566029148526e-05,-4.226618005826159995e-05
3.054809074432847816e-03,0.000000000000000000e+00,-1.930001972725918526e-05,-2.113983415886537635e-05,0.000000000000000000e+00,6.227568425574127320e-03,2.198394130449175305e-06,-2.585214989810985737e-05,5.757910686145241137e-05,-4.323516808279380614e-05
3.059808761952377727e-03,0.000000000000000000e+00,-1.941545708591911539e-05,-2.125269678110029876e-05,0.000000000000000000e+00,6.227568688703831110e-03,3.250598823916906729e-06,-2.643697891454241264e-05,5.693464374057407846e-05,-4.100111431770588473e-05
3.064808449471908072e-03,0.000000000000000000e+00,-1.951315953607138664e-05,-2.136531418398859557e-05,0.000000000000000000e+00,6.227567301139103062e-03,2.683539121374273943e-06,-2.728542969156801259e-05,5.319222166357277966e-05,-3.572396985396451673e-05
3.069808136991437984e-03,0.000000000000000000e+00,-1.957653815269580369e-05,-2.147768636753027692e-05,0.000000000000000000e+00,6.227565040334588978e-03,3.094578565464554422e-07,-2.796388393944916666e-05,4.641716888588025584e-05,-2.775474836151118352e-05
3.074807824510967895e-03,0.000000000000000000e+00,-1.959488086488885545e-05,-2.158981333172532927e-05,0.000000000000000000e+00,6.227562779418466254e-03,-3.900533890548632640e-06,-2.790780946237536570e-05,3.672503190996346644e-05,-1.761406353031142109e-05
3.079807512030498240e-03,0.000000000000000000e+00,-1.956626719260662103e-05,-2.170169507657375600e-05,0.000000000000000000e+00,6.227561220905637913e-03,-9.908438330093544407e-06,-2.653038825024477099e-05,2.437725795479115767e-05,-5.954030833905881848e-06
3.084807199550028151e-03,0.000000000000000000e+00,-1.949777587883620180e-05,-2.181333160207556390e-05,0.000000000000000000e+00,6.227560691958289318e-03,-1.753161643614803585e-05,-2.344055978152391549e-05,9.821071963551801225e-06,6.496875922035105396e-06
3.089806887069558063e-03,0.000000000000000000e+00,-1.940182042441266415e-05,-2.192472290823074618e-05,0.000000000000000000e+00,6.227561032186742368e-03,-2.629804180922570291e-05,-1.846293806463715839e-05,-6.264332237934717209e-06,1.900680890557982484e-05
3.094806574589087974e-03,0.000000000000000000e+00,-1.929356178849354249e-05,-2.203586899503929945e-05,0.000000000000000000e+00,6.227561861109657919e-03,-3.548562364674191105e-05,-1.176963845410902403e-05,-2.291913880713385273e-05,3.098061884309008551e-05
3.099806262108618319e-03,0.000000000000000000e+00,-1.918560832859202890e-05,-2.214676986250123389e-05,0.000000000000000000e+00,6.227562919035263544e-03,-4.427764816970392752e-05,-3.959576178630147563e-06,-3.900635131278088749e-05,4.203791729646574567e-05
3.104805949628148230e-03,0.000000000000000000e+00,-1.908346104805287144e-05,-2.225742551061654271e-05,0.000000000000000000e+00,6.227564164047539111e-03,-5.189910705869429258e-05,4.065927733317024125e-06,-5.332661586105251451e-05,5.192543958827649370e-05
3.109805637147678142e-03,0.000000000000000000e+00,-1.898456001784390952e-05,-2.236783593938522930e-05,0.000000000000000000e+00,6.227565485333736751e-03,-5.763632634974173372e-05,1.127418738059816191e-05,-6.481768514506187331e-05,6.037909908201374479e-05
3.114805324667208053e-03,0.000000000000000000e+00,-1.887940223783040865e-05,-2.247800114880729028e-05,0.000000000000000000e+00,6.227566461917830726e-03,-6.083739734901844845e-05,1.663107520328650364e-05,-7.258284121511968828e-05,6.710907441840404004e-05
3.119805012186738398e-03,0.000000000000000000e+00,-1.875199931337066049e-05,-2.258792113888272564e-05,0.000000000000000000e+00,6.227566590225323828e-03,-6.093950990800973055e-05,1.925792893559433202e-05,-7.611864567247363588e-05,7.184359373707657672e-05
3.124804699706268309e-03,0.000000000000000000e+00,-1.858214997869318060e-05,-2.269759590961154216e-05,0.000000000000000000e+00,6.227565687988106599e-03,-5.753512328787388497e-05,1.867044673186316067e-05,-7.543130522121969407e-05,7.438387049042919220e-05
3.129804387225798221e-03,0.000000000000000000e+00,-1.834761666988270543e-05,-2.280702546099373307e-05,0.000000000000000000e+00,6.227564312185427352e-03,-5.051429738396543258e-05,1.489599834555709824e-05,-7.104914426311893761e-05,7.469321560479558447e-05
3.134804074745328566e-03,0.000000000000000000e+00,-1.802620038555333138e-05,-2.291620979302929498e-05,0.000000000000000000e+00,6.227563535459675059e-03,-4.027632264992652995e-05,8.374694678641777395e-06,-6.383511788186202853e-05,7.291021624978575634e-05
3.139803762264858477e-03,0.000000000000000000e+00,-1.759522975294475772e-05,-2.302514890571824143e-05,0.000000000000000000e+00,6.227564006332458532e-03,-2.782287921677606009e-05,-9.330980335851273648e-08,-5.482353203676876041e-05,6.921743064065244921e-05
3.144803449784388388e-03,0.000000000000000000e+00,-1.703301008593380159e-05,-2.313384279906056227e-05,0.000000000000000000e+00,6.227565380940340047e-03,-1.459457442822412659e-05,-9.499684992262310491e-06,-4.507274902268825216e-05,6.377488776519431388e-05
3.149803137303918300e-03,0.000000000000000000e+00,-1.631828658386154965e-05,-2.324229147305625410e-05,0.000000000000000000e+00,6.227566556741635784e-03,-2.213591752360939387e-06,-1.871469998028071950e-05,-3.548398272779196391e-05,5.680864365448340630e-05
3.154802824823448645e-03,0.000000000000000000e+00,-1.543218965336128737e-05,-2.335049492770532710e-05,0.000000000000000000e+00,6.227566460135950527e-03,7.756768417155309521e-06,-2.674934340667183685e-05,-2.666711192976623404e-05,4.870169406783467274e-05
3.159802512342978556e-03,0.000000000000000000e+00,-1.435952820751252677e-05,-2.345845316300777447e-05,0.000000000000000000e+00,6.227564840844445823e-03,1.412439786482399165e-05,-3.285348499104188670e-05,-1.888271588466391298e-05,3.993236244098786997e-05
3.164802199862508467e-03,0.000000000000000000e+00,-1.309229548948964014e-05,-2.356616617896359624e-05,0.000000000000000000e+00,6.227562268677911371e-03,1.640350955303172559e-05,-3.663818610806049187e-05,-1.202191488434572522e-05,3.094813868430055051e-05
3.169801887382038379e-03,0.000000000000000000e+00,-1.163361028703576642e-05,-2.367363397557279578e-05,0.000000000000000000e+00,6.227559652409331119e-03,1.489121199236723042e-05,-3.810184837213148379e-05,-5.706222298431794411e-06,2.208925060726793057e-05
3.174801574901568724e-03,0.000000000000000000e+00,-1.000121424347756073e-05,-2.378085655283536970e-05,0.000000000000000000e+00,6.227558058117678430e-03,1.052978886438476537e-05,-3.767445428796936289e-05,5.763354064996213211e-07,1.360501592885034182e-05
3.179801262421098635e-03,0.000000000000000000e+00,-8.226503883747351287e-06,-2.388783391075132139e-05,0.000000000000000000e+00,6.227558410217990011e-03,4.725880316767501740e-06,-3.615248396422542738e-05,7.182996709307768056e-06,5.740912357389707359e-06
3.184800949940628546e-03,0.000000000000000000e+00,-6.350864596513332825e-06,-2.399456604932065086e-05,0.000000000000000000e+00,6.227560874122043885e-03,-9.348450706378947357e-07,-3.452585644365222271e-05,1.427031921522471224e-05,-1.163589177157393318e-06
3.189800637460158891e-03,0.000000000000000000e+00,-4.421127355258772090e-06,-2.410105296854335132e-05,0.000000000000000000e+00,6.227564413282303882e-03,-5.052563908821054092e-06,-3.380117428957143326e-05,2.173130908735835447e-05,-6.637033851445061836e-06
3.194800324979688803e-03,0.000000000000000000e+00,-2.483973340699553202e-06,-2.420729466841943294e-05,0.000000000000000000e+00,6.227567183672512788e-03,-6.672676363746080590e-06,-3.480060106277650135e-05,2.924838927880165956e-05,-1.020978039466153939e-05
3.199800012499218714e-03,0.000000000000000000e+00,-5.796108143441913896e-07,-2.431329114894889234e-05,0.000000000000000000e+00,6.227567705341483829e-03,-5.425758636003633013e-06,-3.791468129351016321e-05,3.623947356911369575e-05,-1.156352336430197059e-05
3.204799700018748625e-03,0.000000000000000000e+00,1.259825965615291774e-06,-2.441904241013171935e-05,0.000000000000000000e+00,6.227565899729000515e-03,-1.560703113171799360e-06,-4.301228407865754393e-05,4.200296102327656449e-05,-1.053942389065883609e-05
3.209799387538278970e-03,0.000000000000000000e+00,3.011569111094184100e-06,-2.452454845196793090e-05,0.000000000000000000e+00,6.227563080882366972e-03,4.187768233775933233e-06,-4.946736470558846878e-05,4.587781653733589591e-05,-7.090620218470868789e-06
3.214799075057808882e-03,0.000000000000000000e+00,4.663324481435972166e-06,-2.462980927445751684e-05,0.000000000000000000e+00,6.227560968945828127e-03,1.085611414923047226e-05,-5.634912163520552789e-05,4.739097856291076189e-05,-1.354819457209975120e-06
3.219798762577338793e-03,0.000000000000000000e+00,6.215364327052644484e-06,-2.473482487760047716e-05,0.000000000000000000e+00,6.227560653997112582e-03,1.748859517104442614e-05,-6.248480872391543820e-05,4.634441368523719131e-05,6.225663850105001069e-06
3.224798450096868704e-03,0.000000000000000000e+00,7.678786069058591215e-06,-2.483959526139681526e-05,0.000000000000000000e+00,6.227562099483758759e-03,2.331198325192060885e-05,-6.671035939741969210e-05,4.290550197825512255e-05,1.489037625586681003e-05
3.229798137616399049e-03,0.000000000000000000e+00,9.074761684714707183e-06,-2.494412042584652774e-05,0.000000000000000000e+00,6.227564139995239029e-03,2.774880963453299653e-05,-6.806383097709227370e-05,3.759053042570663730e-05,2.360213413211724660e-05
3.234797825135928961e-03,0.000000000000000000e+00,1.043229960127088683e-05,-2.504840037094961799e-05,0.000000000000000000e+00,6.227565177374591587e-03,3.038720121095809097e-05,-6.605738037587619048e-05,3.113460457425443927e-05,3.115241555121537535e-05
3.239797512655458872e-03,0.000000000000000000e+00,1.178590627010019402e-05,-2.515243509670608602e-05,0.000000000000000000e+00,6.227564422330536531e-03,3.102070223321719121e-05,-6.071798199515616534e-05,2.432891121084263845e-05,3.634816194231511974e-05
3.244797200174989217e-03,0.000000000000000000e+00,1.317295410778276219e-05,-2.525622460311592504e-05,0.000000000000000000e+00,6.227562492313104200e-03,2.973559429336185237e-05,-5.257209608686308651e-05,1.801194069917987233e-05,3.822604815749778824e-05
3.249796887694519128e-03,0.000000000000000000e+00,1.463190570149316277e-05,-2.535976889017914183e-05,0.000000000000000000e+00,6.227560843917321481e-03,2.688488833217311607e-05,-4.249420210144887449e-05,1.291419371679992397e-05,3.618777124491027970e-05
3.254796575214049040e-03,0.000000000000000000e+00,1.619906299837584914e-05,-2.546306795789573979e-05,0.000000000000000000e+00,6.227560515480567993e-03,2.301556862777649304e-05,-3.148668963368830701e-05,9.600522839311758283e-06,3.005809941189829191e-05
3.259796262733578951e-03,0.000000000000000000e+00,1.790295813660179925e-05,-2.556612180626570535e-05,0.000000000000000000e+00,6.227561238698255987e-03,1.882159757734844598e-05,-2.048154677825343774e-05,8.391510669906011524e-06,2.017393307005931177e-05
3.264795950253109296e-03,0.000000000000000000e+00,1.975676940418675029e-05,-2.566893043528905208e-05,0.000000000000000000e+00,6.227561928633657332e-03,1.503664450573808178e-05,-1.024778337053486486e-05,9.422626522189811262e-06,7.409092559138285472e-06
3.269795637772639207e-03,0.000000000000000000e+00,2.175281125250953359e-05,-2.577149384496577657e-05,0.000000000000000000e+00,6.227561947314635971e-03,1.230968478084159957e-05,-1.340109667565356915e-06,1.249959111473328605e-05,-6.964001607849258264e-06
3.274795325292169119e-03,0.000000000000000000e+00,2.386020193177180898e-05,-2.587381203529587207e-05,0.000000000000000000e+00,6.227561558527776493e-03,1.114943903336900054e-05,5.888323725888257619e-06,1.711760557827299864e-05,-2.152329442204341692e-05
3.279795012811699030e-03,0.000000000000000000e+00,2.602745274850665398e-05,-2.597588500627934872e-05,0.000000000000000000e+00,6.227561448562457525e-03,1.188022435567699249e-05,1.132919305993515763e-05,2.253914953457591657e-05,-3.485370494762531866e-05
3.284794700331229375e-03,0.000000000000000000e+00,2.818561643708216070e-05,-2.607771275791619976e-05,0.000000000000000000e+00,6.227562117583549522e-03,1.454524415311202822e-05,1.502274724749891526e-05,2.794038803949498286e-05,-4.566555807217915748e-05
3.289794387850759286e-03,0.000000000000000000e+00,3.025435345178949251e-05,-2.617929529020642518e-05,0.000000000000000000e+00,6.227563670381669643e-03,1.885607986310001689e-05,1.708886144518767094e-05,3.249017902951399428e-05,-5.295154959862459449e-05
3.294794075370289198e-03,0.000000000000000000e+00,3.214858162735288613e-05,-2.628063260315003177e-05,0.000000000000000000e+00,6.227566037542971687e-03,2.427813923631204877e-05,1.756179649048300435e-05,3.544732302312168689e-05,-5.608871044461084446e-05
3.299793762889819543e-03,0.000000000000000000e+00,3.378770121214536254e-05,-2.638172469674700935e-05,0.000000000000000000e+00,6.227568928548400662e-03,3.017957285789018331e-05,1.648640466884969668e-05,3.627949719640073223e-05,-5.488313555419627507e-05
3.304793450409349454e-03,0.000000000000000000e+00,3.510464598284556532e-05,-2.648257157099736470e-05,0.000000000000000000e+00,6.227571408974839559e-03,3.596503283315040888e-05,1.392215870786643393e-05,3.477238965866121141e-05,-4.962266245807225114e-05
3.309793137928879365e-03,0.000000000000000000e+00,3.605567554232330635e-05,-2.658317322590110122e-05,0.000000000000000000e+00,6.227571998579341933e-03,4.111885483605970772e-05,1.002667906925759739e-05,3.106913012095076777e-05,-4.110070144946421033e-05
3.314792825448409277e-03,0.000000000000000000e+00,3.662594508069633511e-05,-2.668352966145820534e-05,0.000000000000000000e+00,6.227569699393782979e-03,4.522405886453580365e-05,5.109804337338691774e-06,2.573294092375069824e-05,-3.048168879757232896e-05
3.319792512967939622e-03,0.000000000000000000e+00,3.682953331585287426e-05,-2.678364087766869062e-05,0.000000000000000000e+00,6.227565065990989593e-03,4.797893304582765979e-05,-3.231831569613248230e-07,1.966161684879504212e-05,-1.908298260377778776e-05
3.324792200487469533e-03,0.000000000000000000e+00,3.670550578491902835e-05,-2.688350687453255368e-05,0.000000000000000000e+00,6.227560115854855263e-03,4.917448495195014569e-05,-5.731092942404250796e-06,1.392897995969410687e-05,-8.272820717194671352e-06
3.329791888006999444e-03,0.000000000000000000e+00,3.631322417860518653e-05,-2.698312765204978773e-05,0.000000000000000000e+00,6.227557079206328880e-03,4.868862625897883061e-05,-1.069123169805649945e-05,9.451728834864046297e-06,6.582052853838832841e-07
3.334791575526529356e-03,0.000000000000000000e+00,3.572533145718139130e-05,-2.708250321022039956e-05,0.000000000000000000e+00,6.227557098349613060e-03,4.652044232592581407e-05,-1.492586514673882882e-05,6.928622132587275323e-06,6.750491229038061687e-06
3.339791263046059701e-03,0.000000000000000000e+00,3.501926504583378240e-05,-2.718163354904438916e-05,0.000000000000000000e+00,6.227559715746101843e-03,4.282976484883172945e-05,-1.831904780896697203e-05,6.775136063923214028e-06,9.632607572861830449e-06
3.344790950565589612e-03,0.000000000000000000e+00,3.426851345917794427e-05,-2.728051866852175314e-05,0.000000000000000000e+00,6.227563349264832529e-03,3.791215432033148935e-05,-2.097528043322974012e-05,9.063707764062690534e-06,9.580785717032848354e-06
3.349790638085119523e-03,0.000000000000000000e+00,3.353683696951413400e-05,-2.737915856865249489e-05,0.000000000000000000e+00,6.227566237418246872e-03,3.221832901358458786e-05,-2.313855501532346900e-05,1.342538958584801047e-05,7.425400188278265919e-06
3.354790325604649435e-03,0.000000000000000000e+00,3.287434345801343094e-05,-2.747755324943661103e-05,0.000000000000000000e+00,6.227567170485351356e-03,2.641615006430964447e-05,-2.512158953176816867e-05,1.915421531761896584e-05,4.319032469865850214e-06
3.359790013124179780e-03,0.000000000000000000e+00,3.231789182366809880e-05,-2.757570271087410156e-05,0.000000000000000000e+00,6.227565965858885937e-03,2.129129147252642945e-05,-2.719426357433626026e-05,2.532517319321267289e-05,1.378230161129187164e-06
3.364789700643709691e-03,0.000000000000000000e+00,3.189280547094406519e-05,-2.767360695296497663e-05,0.000000000000000000e+00,6.227563369944696600e-03,1.752058316149739873e-05,-2.955977292702067187e-05,3.096899870837743052e-05,-6.331495768418467487e-07
3.369789388163239603e-03,0.000000000000000000e+00,3.161562839275790796e-05,-2.777126597570921931e-05,0.000000000000000000e+00,6.227560587303185291e-03,1.551938275517920701e-05,-3.217926180458064394e-05,3.540178167010222355e-05,-1.476136253327165465e-06
3.374789075682769948e-03,0.000000000000000000e+00,3.149583247982563672e-05,-2.786867977910683977e-05,0.000000000000000000e+00,6.227558983323049947e-03,1.546951788952716182e-05,-3.477331537469172151e-05,3.844955508802317822e-05,-1.448687242665049068e-06
3.379788763202299859e-03,0.000000000000000000e+00,3.153721638684424042e-05,-2.796584836315784138e-05,0.000000000000000000e+00,6.227559602597072634e-03,1.732153311699745620e-05,-3.690351804168831812e-05,4.041660360956775191e-05,-1.325896466526742658e-06
3.384788450721829770e-03,0.000000000000000000e+00,3.173729202887267314e-05,-2.806277172786221399e-05,0.000000000000000000e+00,6.227562446105912482e-03,2.080490966646144637e-05,-3.820899630460873690e-05,4.192436952779348325e-05,-2.192593590349708373e-06
3.389788138241359682e-03,0.000000000000000000e+00,3.208608527017169895e-05,-2.815944987321996438e-05,0.000000000000000000e+00,6.227566209747026522e-03,2.551556460664341963e-05,-3.853360712740373567e-05,4.367291030818273341e-05,-5.089390380146433543e-06
3.394787825760890027e-03,0.000000000000000000e+00,3.256475317993950014e-05,-2.825588279923109254e-05,0.000000000000000000e+00,6.227568897185105021e-03,3.095902920399766560e-05,-3.794448290899494531e-05,4.623499592913884592e-05,-1.066159680563515091e-05
3.399787513280419938e-03,0.000000000000000000e+00,3.314581496263284139e-05,-2.835207050589559508e-05,0.000000000000000000e+00,6.227569246998588756e-03,3.658442620852376973e-05,-3.669234975691890947e-05,4.981689131567137421e-05,-1.893785897362005493e-05
3.404787200799949849e-03,0.000000000000000000e+00,3.379638625654995119e-05,-2.844801299321347539e-05,0.000000000000000000e+00,6.227567699060593959e-03,4.188009661324215845e-05,-3.510642137803915674e-05,5.422084782269713120e-05,-2.930842417046634061e-05
3.409786888319479761e-03,0.000000000000000000e+00,3.448525524704314612e-05,-2.854371026118473009e-05,0.000000000000000000e+00,6.227565751674290530e-03,4.651002307275018581e-05,-3.345846083635006828e-05,5.885649909219768498e-05,-4.054807278128960652e-05
3.414786575839010106e-03,0.000000000000000000e+00,3.518849731681491545e-05,-2.863916230980935917e-05,0.000000000000000000e+00,6.227564531871341777e-03,5.025857318651502160e-05,-3.188134498399624651e-05,6.290074448879042434e-05,-5.102624263986326852e-05
3.419786263358540017e-03,0.000000000000000000e+00,3.589193360194570340e-05,-2.873436913908736942e-05,0.000000000000000000e+00,6.227564000060213656e-03,5.288214288910178859e-05,-3.040576903914380961e-05,6.542812267024234276e-05,-5.907307791167673219e-05
3.424785950878069928e-03,0.000000000000000000e+00,3.659063747867869761e-05,-2.882933074901875066e-05,0.000000000000000000e+00,6.227563454263286905e-03,5.404131926903825618e-05,-2.898610075535671825e-05,6.564954198895880738e-05,-6.333475972948983618e-05
3.429785638397600273e-03,0.000000000000000000e+00,3.728745724604662592e-05,-2.892404713960350628e-05,0.000000000000000000e+00,6.227562387753163634e-03,5.332633740413852063e-05,-2.742112939040579656e-05,6.318135829593055335e-05,-6.303401780463373705e-05
3.434785325917130185e-03,0.000000000000000000e+00,3.798902488679474460e-05,-2.901851831084164646e-05,0.000000000000000000e+00,6.227560814653275434e-03,5.038995270736366429e-05,-2.542625955627966425e-05,5.816589189239555985e-05,-5.812832571301899812e-05
3.439785013436660096e-03,0.000000000000000000e+00,3.870086783201211607e-05,-2.911274426273315763e-05,0.000000000000000000e+00,6.227559132930963678e-03,4.503272410181382679e-05,-2.271714906594140697e-05,5.121552310329706458e-05,-4.931909594961200478e-05
3.444784700956190007e-03,0.000000000000000000e+00,3.942207003281716785e-05,-2.920672499527804318e-05,0.000000000000000000e+00,6.227557904046193693e-03,3.733510854190878563e-05,-1.911652440695706557e-05,4.323073587762212087e-05,-3.780236830120728257e-05
3.449784388475720352e-03,0.000000000000000000e+00,4.014019229464267104e-05,-2.930046050847630990e-05,0.000000000000000000e+00,6.227557737032275373e-03,2.769196064967925015e-05,-1.460201145379908417e-05,3.522459200193413497e-05,-2.504654650248163580e-05
3.454784075995250264e-03,0.000000000000000000e+00,4.082876998072864765e-05,-2.939395080232795100e-05,0.000000000000000000e+00,6.227559062551932950e-03,1.678307143800283018e-05,-9.415263095526539338e-06,2.811703978581324323e-05,-1.262246504849444120e-05
3.459783763514780175e-03,0.000000000000000000e+00,4.145040423438318110e-05,-2.948719587683296648e-05,0.000000000000000000e+00,6.227561648210313931e-03,5.496117611551519484e-06,-4.010937701739615902e-06,2.260567773898618327e-05,-2.015896145518365037e-06
3.464783451034310086e-03,0.000000000000000000e+00,4.196373362217561325e-05,-2.958019573199135974e-05,0.000000000000000000e+00,6.227564680626202637e-03,-5.144561993225058700e-06,1.124416479643746250e-06,1.917530106425710041e-05,5.552858614681866422e-06
3.469783138553840431e-03,0.000000000000000000e+00,4.233088088280237968e-05,-2.967295036780312738e-05,0.000000000000000000e+00,6.227567279994305344e-03,-1.410203428889934794e-05,5.554991749858900513e-06,1.803813553448777967e-05,9.305952800385903359e-06
3.474782826073370343e-03,0.000000000000000000e+00,4.252202630603545169e-05,-2.976545978426827619e-05,0.000000000000000000e+00,6.227568785169118257e-03,-2.057670248389648323e-05,8.897847439868498872e-06,1.909915482867446615e-05,8.960009236682105278e-06
3.479782513592900254e-03,0.000000000000000000e+00,4.251839998479100440e-05,-2.985772398138679599e-05,0.000000000000000000e+00,6.227568906420375555e-03,-2.415975643822350496e-05,1.081026147421551089e-05,2.193078170845148410e-05,4.706492061320487262e-06
3.484782201112430599e-03,0.000000000000000000e+00,4.231386503574107610e-05,-2.994974295915869017e-05,0.000000000000000000e+00,6.227567648681329830e-03,-2.492980571559193990e-05,1.106220661340129446e-05,2.589430496027867530e-05,-2.933168276603970748e-06
3.489781888631960510e-03,0.000000000000000000e+00,4.191642302395459348e-05,-3.004151671758396552e-05,0.000000000000000000e+00,6.227565274310821464e-03,-2.344461635316850311e-05,9.610352641942585011e-06,3.024848795295629223e-05,-1.319204337380948797e-05
3.494781576151490422e-03,0.000000000000000000e+00,4.134708166301996303e-05,-3.013304525666261525e-05,0.000000000000000000e+00,6.227562425067386526e-03,-2.065124112300707859e-05,6.692455638858146966e-06,3.430215366675932125e-05,-2.513778457985205180e-05
3.499781263671020333e-03,0.000000000000000000e+00,4.063664012560070775e-05,-3.022432857639463597e-05,0.000000000000000000e+00,6.227560054385489208e-03,-1.767402077732464823e-05,2.827051735059785644e-06,3.754840062344234577e-05,-3.773334111214584648e-05
3.504780951190550678e-03,0.000000000000000000e+00,3.982229830432924220e-05,-3.031536667678004125e-05,0.000000000000000000e+00,6.227559138536753816e-03,-1.551895677359564605e-05,-1.357499593596933584e-06,3.968973876909708437e-05,-4.986509497716544627e-05
3.509780638710080589e-03,0.000000000000000000e+00,3.894522432183248587e-05,-3.040615955781882091e-05,0.000000000000000000e+00,6.227560325246091384e-03,-1.489434403686171958e-05,-5.257805999191517677e-06,4.061406846630992028e-05,-6.049555628857716279e-05
3.514780326229610501e-03,0.000000000000000000e+00,3.804852012016981248e-05,-3.049670721951097156e-05,0.000000000000000000e+00,6.227563345088761582e-03,-1.605585781441270447e-05,-8.404453867741746122e-06,4.031178280870449627e-05,-6.882280489741709486e-05
3.519780013749140412e-03,0.000000000000000000e+00,3.717572894000721422e-05,-3.058700966185650338e-05,0.000000000000000000e+00,6.227566817596976584e-03,-1.881967824913777899e-05,-1.043018994627164627e-05,3.888079689635608020e-05,-7.442101180584000835e-05
3.524779701268670757e-03,0.000000000000000000e+00,3.636963580796530825e-05,-3.067706688485540619e-05,0.000000000000000000e+00,6.227568846076383599e-03,-2.261870134007047754e-05,-1.105148053701179324e-05,3.655274429921682154e-05,-7.721120539797999963e-05
3.529779388788200668e-03,0.000000000000000000e+00,3.566858817907158757e-05,-3.076687888850769016e-05,0.000000000000000000e+00,6.227568236900200144e-03,-2.665426007029712488e-05,-1.011700925163192773e-05,3.369630118961203930e-05,-7.742529580278740046e-05
3.534779076307730580e-03,0.000000000000000000e+00,3.510167100242652277e-05,-3.085644567281334852e-05,0.000000000000000000e+00,6.227565325619036952e-03,-3.004848443864372814e-05,-7.698025267056127045e-06,3.071542736412883332e-05,-7.550611266277141057e-05
3.539778763827260925e-03,0.000000000000000000e+00,3.468709775395705755e-05,-3.094576723777238127e-05,0.000000000000000000e+00,6.227561822568740933e-03,-3.199278656214398446e-05,-4.142518364365031238e-06,2.785973243090055903e-05,-7.195558680165782702e-05
3.544778451346790836e-03,0.000000000000000000e+00,3.443219488054702793e-05,-3.103484358338479517e-05,0.000000000000000000e+00,6.227559793325201237e-03,-3.197368568418574789e-05,-7.273783825426192052e-09,2.518318050275071549e-05,-6.726345860066438426e-05
3.549778138866320747e-03,0.000000000000000000e+00,3.433374090171913145e-05,-3.112367470965058346e-05,0.000000000000000000e+00,6.227560373899930155e-03,-2.989377972471139895e-05,4.031567241756271394e-06,2.254999569699736662e-05,-6.185250735835567601e-05
3.554777826385850659e-03,0.000000000000000000e+00,3.437829767735124924e-05,-3.121226061656974613e-05,0.000000000000000000e+00,6.227563173250662276e-03,-2.609769848517679984e-05,7.372809823236474349e-06,1.975297336856590734e-05,-5.609800247441696302e-05
3.559777513905381004e-03,0.000000000000000000e+00,3.454567068823612467e-05,-3.130060130414228997e-05,0.000000000000000000e+00,6.227566572898770442e-03,-2.121575562267066499e-05,9.587961636266027321e-06,1.660263928462520419e-05,-5.026250175166518724e-05
3.564777201424910915e-03,0.000000000000000000e+00,3.481249831782219173e-05,-3.138869677236820141e-05,0.000000000000000000e+00,6.227568582333662360e-03,-1.600946688119539549e-05,1.045835334980449471e-05,1.297009722696945083e-05,-4.447330282083311912e-05
3.569776888944440826e-03,0.000000000000000000e+00,3.515494447682597430e-05,-3.147654702124749401e-05,0.000000000000000000e+00,6.227568062608106365e-03,-1.116003047395891222e-05,9.976244031681601946e-06,8.730703076263154338e-06,-3.873870822475254639e-05
3.574776576463970738e-03,0.000000000000000000e+00,3.555058880586216405e-05,-3.156415205078016777e-05,0.000000000000000000e+00,6.227565494199400163e-03,-7.141313607503055880e-06,8.312915561070694718e-06,3.762117335174652941e-06,-3.306268474548451923e-05
3.579776263983501083e-03,0.000000000000000000e+00,3.598003131428629219e-05,-3.165151186096620915e-05,0.000000000000000000e+00,6.227562397271103889e-03,-4.269702124615588440e-06,5.805012923442983707e-06,-1.845001873242104498e-06,-2.760992585744543494e-05
3.584775951503030994e-03,0.000000000000000000e+00,3.642851002795239826e-05,-3.173862645180563168e-05,0.000000000000000000e+00,6.227560277570555122e-03,-2.699941087959455231e-06,2.890059019420218307e-06,-7.658122290990044894e-06,-2.270452101103371544e-05
3.589775639022560905e-03,0.000000000000000000e+00,3.688700911938617581e-05,-3.182549582329842860e-05,0.000000000000000000e+00,6.227559764164007812e-03,-2.436915406513584555e-06,1.108412613937774911e-07,-1.290050824854640554e-05,-1.879910122321803393e-05
3.594775326542091250e-03,0.000000000000000000e+00,3.735488175181749096e-05,-3.191211997544459990e-05,0.000000000000000000e+00,6.227560524703354590e-03,-3.306133742598181649e-06,-2.009971055707469824e-06,-1.668517943627425347e-05,-1.631398337077326699e-05
3.599775014061621162e-03,0.000000000000000000e+00,3.784184362199481786e-05,-3.199849890824415236e-05,0.000000000000000000e+00,6.227561761423007491e-03,-4.997567759354915970e-06,-3.124295266296167900e-06,-1.828835738584602666e-05,-1.551099923225213967e-05
3.604774701581151073e-03,0.000000000000000000e+00,3.836613111780113082e-05,-3.208463262169707921e-05,0.000000000000000000e+00,6.227562704131210658e-03,-7.123593179610242136e-06,-3.158726222080006043e-06,-1.737748079078328445e-05,-1.641281426930649357e-05
3.609774389100680984e-03,0.000000000000000000e+00,3.894869362476777782e-05,-3.217052111580338044e-05,0.000000000000000000e+00,6.227562821259155154e-03,-9.355760840636933727e-06,-2.281612605077480837e-06,-1.409213507565482890e-05,-1.886097246823627391e-05
3.614774076620211329e-03,0.000000000000000000e+00,3.960679905461244140e-05,-3.225616439056305606e-05,0.000000000000000000e+00,6.227562160647963536e-03,-1.155974552296140802e-05,-7.333515945275583751e-07,-8.965144252848777782e-06,-2.252292855806104101e-05
3.619773764139741241e-03,0.000000000000000000e+00,4.035020356116590754e-05,-3.234156244597610606e-05,0.000000000000000000e+00,6.227561512133982305e-03,-1.372086896640351853e-05,1.308367090363515930e-06,-2.833907703006765863e-06,-2.675325598218923471e-05
3.624773451659271152e-03,0.000000000000000000e+00,4.117615021067151096e-05,-3.242671528204253722e-05,0.000000000000000000e+00,6.227561842549020517e-03,-1.580982324729154193e-05,3.865421106541997313e-06,3.287052404682890643e-06,-3.063710479676551551e-05
3.629773139178801063e-03,0.000000000000000000e+00,4.206635129962360743e-05,-3.251162289876234276e-05,0.000000000000000000e+00,6.227563428030255532e-03,-1.760382273637264221e-05,7.079663000731184030e-06,8.268188417057119354e-06,-3.311281848169969708e-05
3.634772826698331408e-03,0.000000000000000000e+00,4.298799736284530698e-05,-3.259628529613552270e-05,0.000000000000000000e+00,6.227565583946770289e-03,-1.877556253124732768e-05,1.108110280730119666e-05,1.107565287617177008e-05,-3.319755662295106045e-05
3.639772514217861320e-03,0.000000000000000000e+00,4.389927467266392094e-05,-3.268070247416207701e-05,0.000000000000000000e+00,6.227567153967418501e-03,-1.908044273683242534e-05,1.590064731796471322e-05,1.102223062417509381e-05,-3.020663709081041344e-05
3.644772201737391231e-03,0.000000000000000000e+00,4.475622197537195839e-05,-3.276487443284201249e-05,0.000000000000000000e+00,6.227567308633575119e-03,-1.851272280508509403e-05,2.154818282731742757e-05,7.858243894447771029e-06,-2.399254577784598239e-05
3.649771889256921576e-03,0.000000000000000000e+00,4.552071129338885124e-05,-3.284880117217532235e-05,0.000000000000000000e+00,6.227566144929764722e-03,-1.729349209985612238e-05,2.804958669780868803e-05,1.746381611790398861e-06,-1.500394059629297845e-05
3.654771576776451487e-03,0.000000000000000000e+00,4.616889791816262322e-05,-3.293248269216200659e-05,0.000000000000000000e+00,6.227564350121555549e-03,-1.574799251189880220e-05,3.528045189808157119e-05,-6.846251617220865674e-06,-4.090057511127562052e-06
3.659771264295981399e-03,0.000000000000000000e+00,4.669364408425336099e-05,-3.301591899280207200e-05,0.000000000000000000e+00,6.227562697404424863e-03,-1.421627557825607741e-05,4.287739400763684980e-05,-1.721977368521419093e-05,7.680011262702360288e-06
3.664770951815511310e-03,0.000000000000000000e+00,4.710132282813675621e-05,-3.309911007409551179e-05,0.000000000000000000e+00,6.227561756136789847e-03,-1.294001610546388783e-05,5.025144978178879663e-05,-2.862328258110949283e-05,1.922927269774404668e-05
3.669770639335041655e-03,0.000000000000000000e+00,4.740688826144540184e-05,-3.318205593604232597e-05,0.000000000000000000e+00,6.227561660099948174e-03,-1.214065787463010352e-05,5.678533589036101591e-05,-4.027789703604202560e-05,2.954348265980489646e-05
3.674770326854571566e-03,0.000000000000000000e+00,4.763045722478984528e-05,-3.326475657864251453e-05,0.000000000000000000e+00,6.227562123178358860e-03,-1.206465493880606079e-05,6.205013449762549740e-05,-5.135475933143565696e-05,3.774538418206503849e-05
3.679770014374101478e-03,0.000000000000000000e+00,4.779308623085684084e-05,-3.334721200189608425e-05,0.000000000000000000e+00,6.227562796605637212e-03,-1.285015452757674656e-05,6.594798394686616095e-05,-6.096134962440408200e-05,4.314456277931660313e-05
3.684769701893631389e-03,0.000000000000000000e+00,4.791256193240567513e-05,-3.342942220580302835e-05,0.000000000000000000e+00,6.227563462838183773e-03,-1.433811763085101378e-05,6.864547836339649259e-05,-6.823847966961921630e-05,4.533480530167149436e-05
3.689769389413161734e-03,0.000000000000000000e+00,4.800405551231843909e-05,-3.351138719036334684e-05,0.000000000000000000e+00,6.227564141974825662e-03,-1.605977177985405164e-05,7.028823924789317297e-05,-7.248420957822465378e-05,4.430144416925821919e-05
3.694769076932691645e-03,0.000000000000000000e+00,4.808168680528006323e-05,-3.359310695557703972e-05,0.000000000000000000e+00,6.227564918632294902e-03,-1.743947163812216956e-05,7.084537792643808625e-05,-7.324843001343492202e-05,4.042228724876200817e-05
3.699768764452221557e-03,0.000000000000000000e+00,4.815966096190796514e-05,-3.367458150144411375e-05,0.000000000000000000e+00,6.227565594028433224e-03,-1.788953700151591788e-05,7.010166232884352936e-05,-7.045279037297707723e-05,3.437061328138230011e-05
3.704768451971751902e-03,0.000000000000000000e+00,4.825134411150359709e-05,-3.375581082796456217e-05,0.000000000000000000e+00,6.227565719286682309e-03,-1.697412665983916239e-05,6.781297239920444555e-05,-6.436135139784109852e-05,2.683072413409152881e-05
3.709768139491281813e-03,0.000000000000000000e+00,4.836838555100110695e-05,-3.383679493513838498e-05,0.000000000000000000e+00,6.227565000137380569e-03,-1.445716557674497808e-05,6.369584006960444828e-05,-5.546942936218607784e-05,1.844232811994794385e-05
3.714767827010811724e-03,0.000000000000000000e+00,4.851667788403513391e-05,-3.391753382296558894e-05,0.000000000000000000e+00,6.227563618627977166e-03,-1.026871950029703121e-05,5.746177123449178794e-05,-4.440952954994514828e-05,9.903111539258267683e-06
3.719767514530341636e-03,0.000000000000000000e+00,4.869036229308440435e-05,-3.399802749144616729e-05,0.000000000000000000e+00,6.227562088125583942e-03,-4.408678303874850773e-06,4.895668317708079455e-05,-3.195330177279178394e-05,1.988760037740898982e-06
3.724767202049871981e-03,0.000000000000000000e+00,4.886891799224946374e-05,-3.407827594058012002e-05,0.000000000000000000e+00,6.227561000333895619e-03,2.983557183970606069e-06,3.829745001388861668e-05,-1.905164677273631441e-05,-4.527690206735331450e-06
3.729766889569401892e-03,0.000000000000000000e+00,4.901795675042609209e-05,-3.415827917036744714e-05,0.000000000000000000e+00,6.227560819177095988e-03,1.144231726701316943e-05,2.593397765405797416e-05,-6.688702396988785415e-06,-9.073326191929704897e-06
3.734766577088931803e-03,0.000000000000000000e+00,4.909423472584934753e-05,-3.423803718080815542e-05,0.000000000000000000e+00,6.227561695382989419e-03,2.018327616235602074e-05,1.268240799069834085e-05,4.281896779685950041e-06,-1.141104028279085931e-05
3.739766264608461715e-03,0.000000000000000000e+00,4.905270160830992634e-05,-3.431754997190223809e-05,0.000000000000000000e+00,6.227563443470227750e-03,2.823875052782254475e-05,-2.852290706258413393e-07,1.330393682455899301e-05,-1.172321491105172940e-05
3.744765952127992060e-03,0.000000000000000000e+00,4.885697553446935487e-05,-3.439681754364969514e-05,0.000000000000000000e+00,6.227565533232736622e-03,3.467814564139889315e-05,-1.170792766773885482e-05,2.007917178346245690e-05,-1.034376249046129928e-05
3.749765639647521971e-03,0.000000000000000000e+00,4.849072932842366835e-05,-3.447583989605052657e-05,0.000000000000000000e+00,6.227567048252702006e-03,3.877576696098284899e-05,-2.053771453977784752e-05,2.448489667890807014e-05,-7.534416777485630670e-06
3.754765327167051883e-03,0.000000000000000000e+00,4.796468026519398487e-05,-3.455461702910473916e-05,0.000000000000000000e+00,6.227567200887384677e-03,4.019922301708536862e-05,-2.605882752339267204e-05,2.642407581529238479e-05,-3.431855789833771533e-06
3.759765014686582228e-03,0.000000000000000000e+00,4.731789962301447130e-05,-3.463314894281232614e-05,0.000000000000000000e+00,6.227565804867481701e-03,3.910900900029738893e-05,-2.794763652744260683e-05,2.578199409288087104e-05,1.793026762918705397e-06
3.764764702206112139e-03,0.000000000000000000e+00,4.661215587246579346e-05,-3.471143563717328750e-05,0.000000000000000000e+00,6.227563413133454726e-03,3.596828651788806081e-05,-2.631083066198341869e-05,2.253036753449744431e-05,7.779098981510868644e-06
3.769764389725642050e-03,0.000000000000000000e+00,4.592310586404090245e-05,-3.478947711218762325e-05,0.000000000000000000e+00,6.227561164025686644e-03,3.140672511736458065e-05,-2.168499788747149112e-05,1.686429749925152133e-05,1.402360283821565734e-05
3.774764077245171962e-03,0.000000000000000000e+00,4.532564444745770967e-05,-3.486727336785534016e-05,0.000000000000000000e+00,6.227560115995903894e-03,2.614601826150174008e-05,-1.479896079665626988e-05,9.213978833493227265e-06,2.001935911014333770e-05
3.779763764764702307e-03,0.000000000000000000e+00,4.488021890866043557e-05,-3.494482440417642468e-05,0.000000000000000000e+00,6.227560644000950697e-03,2.101206423607319151e-05,-6.474570775043808748e-06,5.546584068875923322e-08,2.538497549037009059e-05
3.784763452284232218e-03,0.000000000000000000e+00,4.462313742465628616e-05,-3.502213022115089036e-05,0.000000000000000000e+00,6.227562320385491429e-03,1.669610150720349858e-05,2.382790823268349922e-06,-1.020351986782875819e-05,2.984808535433980311e-05
3.789763139803762129e-03,0.000000000000000000e+00,4.456185993811294203e-05,-3.509919081877873719e-05,0.000000000000000000e+00,6.227564154287945804e-03,1.364223463910799118e-05,1.082057433750122812e-05,-2.119840004534517719e-05,3.320086036463451053e-05
3.794762827323292041e-03,0.000000000000000000e+00,4.467372977204426480e-05,-3.517600619705995164e-05,0.000000000000000000e+00,6.227565201038271978e-03,1.202363124348046367e-05,1.805033258951191215e-05,-3.258524955929534858e-05,3.532087045618548460e-05
3.799762514842822386e-03,0.000000000000000000e+00,4.490943073977182623e-05,-3.525257635599454725e-05,0.000000000000000000e+00,6.227565136029936457e-03,1.173051189356266155e-05,2.356551930019473633e-05,-4.403401919303793203e-05,3.619969173636269921e-05
3.804762202362352297e-03,0.000000000000000000e+00,4.520249913722707957e-05,-3.532890129558251724e-05,0.000000000000000000e+00,6.227564493157062599e-03,1.245768026543675396e-05,2.715106746200470346e-05,-5.528884242544661082e-05,3.615287475906083680e-05
3.809761889881882208e-03,0.000000000000000000e+00,4.547851643025823125e-05,-3.540498101582386162e-05,0.000000000000000000e+00,6.227564205936833228e-03,1.396464070115165557e-05,2.891135769401548792e-05,-6.618202556742580536e-05,3.582791780786025128e-05
3.814761577401412553e-03,0.000000000000000000e+00,4.566299110180983839e-05,-3.548081551671858716e-05,0.000000000000000000e+00,6.227564642640874212e-03,1.626481798527742534e-05,2.918905115612583186e-05,-7.667061593475901641e-05,3.606922635729834615e-05
3.819761264920942465e-03,0.000000000000000000e+00,4.568871098460438869e-05,-3.555640479826668708e-05,0.000000000000000000e+00,6.227565322717818624e-03,1.943480640502343241e-05,2.834513955840879887e-05,-8.669147716878621446e-05,3.755763726564799308e-05
3.824760952440472376e-03,0.000000000000000000e+00,4.550098820536285083e-05,-3.563174886046816138e-05,0.000000000000000000e+00,6.227565406496114557e-03,2.335576812178621762e-05,2.665612482929869919e-05,-9.601103499349898337e-05,4.065410191704052901e-05
3.829760639960002287e-03,0.000000000000000000e+00,4.506130261456606321e-05,-3.570684770332301685e-05,0.000000000000000000e+00,6.227564444201369800e-03,2.768284426685076302e-05,2.442792912128297805e-05,-1.041274574071193704e-04,4.526605963584264740e-05
3.834760327479532632e-03,0.000000000000000000e+00,4.434861382412296909e-05,-3.578170132683123993e-05,0.000000000000000000e+00,6.227562804637521397e-03,3.192540258345526400e-05,2.207591844810282032e-05,-1.103491964488329192e-04,5.082716302170463545e-05
3.839760014999062544e-03,0.000000000000000000e+00,4.336280744616691061e-05,-3.585630973099284416e-05,0.000000000000000000e+00,6.227561246581955756e-03,3.562160333649086474e-05,1.992156732872210834e-05,-1.139029439239001921e-04,5.638188063420728120e-05
3.844759702518592455e-03,0.000000000000000000e+00,4.212479910745129714e-05,-3.593067291580782956e-05,0.000000000000000000e+00,6.227560385322418110e-03,3.839250549277050653e-05,1.807116918278306173e-05,-1.139947960815493615e-04,6.078881285508391677e-05
3.849759390038122366e-03,0.000000000000000000e+00,4.067603327235081844e-05,-3.600479088127618257e-05,0.000000000000000000e+00,6.227560550857676354e-03,4.007302596189712257e-05,1.642529249795244311e-05,-1.099361229326662430e-04,6.292831991901307921e-05
3.854759077557652711e-03,0.000000000000000000e+00,3.907421397622559884e-05,-3.607866362739791673e-05,0.000000000000000000e+00,6.227561507318020440e-03,4.057439012809267433e-05,1.483065843710168127e-05,-1.013422104588377010e-04,6.185820405054049190e-05
3.859758765077182623e-03,0.000000000000000000e+00,3.738758380354727977e-05,-3.615229115417302528e-05,0.000000000000000000e+00,6.227562477896878175e-03,3.979792211141815222e-05,1.314328926057414478e-05,-8.827751338746418178e-05,5.700572465878396187e-05
3.864758452596712534e-03,0.000000000000000000e+00,3.568716541242882966e-05,-3.622567346160150822e-05,0.000000000000000000e+00,6.227562562905270861e-03,3.768216443489237481e-05,1.132938021749722954e-05,-7.127659972214217283e-05,4.839624171597532189e-05
3.869758140116242879e-03,0.000000000000000000e+00,3.403812545252258529e-05,-3.629881054968337232e-05,0.000000000000000000e+00,6.227561451474557773e-03,3.443558916321248417e-05,9.464994344746799126e-06,-5.131726045524689841e-05,3.669897823107337505e-05
3.874757827635772790e-03,0.000000000000000000e+00,3.249257748058614344e-05,-3.637170241841861080e-05,0.000000000000000000e+00,6.227559973903745542e-03,3.047137596728337141e-05,7.627790462794181871e-06,-2.983858784045280942e-05,2.319765490333030837e-05
3.879757515155302702e-03,0.000000000000000000e+00,3.108524136762464270e-05,-3.644434906780722366e-05,0.000000000000000000e+00,6.227559747859046091e-03,2.617987380562721478e-05,5.808768825666531146e-06,-8.596080391746994411e-06,9.577905558628629169e-06
3.884757202674832613e-03,0.000000000000000000e+00,2.983321608541452256e-05,-3.651675049784921769e-05,0.000000000000000000e+00,6.227562079578148613e-03,2.182395252309511207e-05,4.039469175645985996e-06,1.054195332891494819e-05,-2.310093465362636435e-06
3.889756890194362958e-03,0.000000000000000000e+00,2.873741576483805391e-05,-3.658890670854457932e-05,0.000000000000000000e+00,6.227566833638181407e-03,1.754566321738760003e-05,2.501068920266485447e-06,2.590054832026276950e-05,-1.093857456162492748e-05
3.894756577713892869e-03,0.000000000000000000e+00,2.778528456586490660e-05,-3.666081769989332212e-05,0.000000000000000000e+00,6.227572111126939911e-03,1.338659560393254951e-05,1.386369501271507288e-06,3.625336867306965937e-05,-1.538719951773034365e-05
3.899756265233422781e-03,0.000000000000000000e+00,2.695691665076505565e-05,-3.673248347189544608e-05,0.000000000000000000e+00,6.227575281227267986e-03,9.412233554317449126e-06,7.053397526081010881e-07,4.110932354760979466e-05,-1.543984480975361557e-05
3.904755952752952692e-03,0.000000000000000000e+00,2.622827898222868649e-05,-3.680390402455093764e-05,0.000000000000000000e+00,6.227574471056768722e-03,5.782854893881542657e-06,2.840177299705875179e-07,4.072260082957043000e-05,-1.142662623741369702e-05
3.909755640272482603e-03,0.000000000000000000e+00,2.557435302046267791e-05,-3.687507935785981037e-05,0.000000000000000000e+00,6.227569653871559835e-03,2.727733087881709215e-06,-2.049458923283577943e-07,3.587164986214464314e-05,-4.135622887039454332e-06
3.914755327792012948e-03,0.000000000000000000e+00,2.497039590313618839e-05,-3.694600947182205748e-05,0.000000000000000000e+00,6.227562784663064413e-03,3.749995712273369083e-07,-1.164546792108232115e-06,2.764223413527706793e-05,5.298999926422060794e-06
3.919755015311543293e-03,0.000000000000000000e+00,2.439515948615663462e-05,-3.701669436643767897e-05,0.000000000000000000e+00,6.227556621137044120e-03,-1.184974690510161137e-06,-2.981179246544560693e-06,1.738192816438650332e-05,1.556025952872917557e-05
3.924754702831072771e-03,0.000000000000000000e+00,2.383038307912158636e-05,-3.708713404170668163e-05,0.000000000000000000e+00,6.227553500515831293e-03,-1.884469054389615775e-06,-5.842023375297085707e-06,6.569084998414305337e-06,2.537693199791397650e-05
3.929754390350603116e-03,0.000000000000000000e+00,2.326228696410446856e-05,-3.715732849762905867e-05,0.000000000000000000e+00,6.227554527944688563e-03,-1.658690885078734008e-06,-9.723939168219769447e-06,-3.464966160379654491e-06,3.373587993412512483e-05
3.934754077870133461e-03,0.000000000000000000e+00,2.268363055833278491e-05,-3.722727773420480332e-05,0.000000000000000000e+00,6.227559097100951110e-03,-6.255968241033370769e-07,-1.439020049352972157e-05,-1.179394152013025727e-05,4.010621146648172088e-05
3.939753765389662939e-03,0.000000000000000000e+00,2.209516219057179221e-05,-3.729698175143393590e-05,0.000000000000000000e+00,6.227565185721306400e-03,8.590078142998559352e-07,-1.939347195275900062e-05,-1.798105865225529661e-05,4.443837282896831084e-05
3.944753452909193284e-03,0.000000000000000000e+00,2.150639185206891049e-05,-3.736644054931643609e-05,0.000000000000000000e+00,6.227570240158970816e-03,2.231769360108220516e-06,-2.406019083412432754e-05,-2.204598313778867794e-05,4.691556694779258044e-05
3.949753140428722761e-03,0.000000000000000000e+00,2.093547689117288520e-05,-3.743565412785231067e-05,0.000000000000000000e+00,6.227572302427777061e-03,2.828390153550404613e-06,-2.763762210588958229e-05,-2.420538247290065045e-05,4.759504620834010652e-05
3.954752827948253106e-03,0.000000000000000000e+00,2.040653411251596870e-05,-3.750462248704157319e-05,0.000000000000000000e+00,6.227570955440645852e-03,1.927944761813835876e-06,-2.943477142534449827e-05,-2.464271208093583436e-05,4.642879156061549897e-05
3.959752515467783451e-03,0.000000000000000000e+00,1.994500575522870764e-05,-3.757334562688420331e-05,0.000000000000000000e+00,6.227567226276758440e-03,-1.062374235387028001e-06,-2.891959624714452468e-05,-2.340238800427488577e-05,4.339652673955426618e-05
3.964752202987312929e-03,0.000000000000000000e+00,1.957277836973312716e-05,-3.764182354738020782e-05,0.000000000000000000e+00,6.227562794789718269e-03,-6.360297117480860109e-06,-2.582744316566834884e-05,-2.054773017828042699e-05,3.863640871286887473e-05
3.969751890506843274e-03,0.000000000000000000e+00,1.930510137302697275e-05,-3.771005624852959349e-05,0.000000000000000000e+00,6.227559159000492159e-03,-1.363949086322732587e-05,-2.033115856741719802e-05,-1.621729504266077818e-05,3.237074234444314923e-05
3.974751578026373619e-03,0.000000000000000000e+00,1.914661443868548752e-05,-3.777804373033235354e-05,0.000000000000000000e+00,6.227557190058224251e-03,-2.205355707431172930e-05,-1.313232602709440108e-05,-1.058490294214393203e-05,2.489418993447309981e-05
3.979751265545903097e-03,0.000000000000000000e+00,1.909266975363279887e-05,-3.784578599278848798e-05,0.000000000000000000e+00,6.227557109073339654e-03,-3.030900561853965453e-05,-5.389679191630453235e-06,-3.734013056121948271e-06,1.653889846211420957e-05
3.984750953065433442e-03,0.000000000000000000e+00,1.912961893939684846e-05,-3.791328303589800358e-05,0.000000000000000000e+00,6.227558496711195837e-03,-3.699056598006454920e-05,1.559424920216590166e-06,4.260382005907215225e-06,7.690471220890865732e-06
3.989750640584963787e-03,0.000000000000000000e+00,1.923771510117597289e-05,-3.798053485966088679e-05,0.000000000000000000e+00,6.227560508438222987e-03,-4.083918093483520913e-05,6.441455945340380016e-06,1.320354021273762980e-05,-1.184895412689520986e-06
3.994750328104493264e-03,0.000000000000000000e+00,1.939315047047922519e-05,-3.804754146407715793e-05,0.000000000000000000e+00,6.227562236033516371e-03,-4.095415918020161390e-05,8.243023141461527589e-06,2.275182121754614037e-05,-9.534894585226572121e-06
3.999750015624023609e-03,0.000000000000000000e+00,1.957204266864014786e-05,-3.811430284914679668e-05,0.000000000000000000e+00,6.227563035572524289e-03,-3.682637419054604410e-05,6.311704480117685286e-06,3.250017771644488985e-05,-1.691071837589324536e-05
