time_s,contact_force_N,impact_w_m,ball_travel_m,indentation_m,energy_J,S1_mean_exx_plus_eyy,S2_mean_exx_plus_eyy,S3_mean_exx_plus_eyy,S4_mean_exx_plus_eyy
0.000000000000000000e+00,0.000000000000000000e+00,0.000000000000000000e+00,0.000000000000000000e+00,0.000000000000000000e+00,6.227579619865871753e-03,0.000000000000000000e+00,0.000000000000000000e+00,0.000000000000000000e+00,0.000000000000000000e+00
4.999687519530029071e-06,1.964819033435697548e+01,6.935273436379366145e-09,8.844307409078878515e-06,8.837372135642498748e-06,6.227528866663768932e-03,-6.004936260238963415e-10,-6.004936260238291331e-10,-6.004936260088650222e-10,-6.004936260089438112e-10
9.999375039060058143e-06,5.465480643712989206e+01,7.813951963579191581e-08,1.755755930777679795e-05,1.747941978814100567e-05,6.227515335571855333e-03,-6.679119302383462798e-09,-6.679119302382726607e-09,-6.679119302217808300e-09,-6.679119302218683457e-09
1.499906255859008806e-05,9.689234275654185069e+01,3.193524206302506947e-07,2.592295495920930143e-05,2.560360253857905084e-05,6.227520379862028395e-03,-2.670733824999981966e-08,-2.670733824999687490e-08,-2.670733824934758444e-08,-2.670733824935102551e-08
1.999875007812011629e-05,1.406159478143877664e+02,8.579355550870211879e-07,3.367737491253724346e-05,3.281943935745022079e-05,6.227542285862299951e-03,-6.952499816373324372e-08,-6.952499816372580571e-08,-6.952499816207305914e-08,-6.952499816208187358e-08
2.499843759765014620e-05,1.802240840101644039e+02,1.824017819562664055e-06,4.054829530330975805e-05,3.872427748374709082e-05,6.227574693988066276e-03,-1.416989368796793539e-07,-1.416989368796646367e-07,-1.416989368763966248e-07,-1.416989368764140419e-07
2.999812511718017612e-05,2.105614516118028234e+02,3.332547368076339428e-06,4.628889511664093247e-05,4.295634774856459050e-05,6.227606716530390690e-03,-2.450977652952528519e-07,-2.450977652952289232e-07,-2.450977652897964774e-07,-2.450977652898260177e-07
3.499781263671020604e-05,2.275977602178017776e+02,5.466959118280896940e-06,5.071017095347082860e-05,4.524321183518993335e-05,6.227626618583830855e-03,-3.749643235662801468e-07,-3.749643235662460537e-07,-3.749643235583540360e-07,-3.749643235583963877e-07
3.999750015624023257e-05,2.290798496820976027e+02,8.266569498175192537e-06,5.370598104469594163e-05,4.543941154652074909e-05,6.227626789342266024e-03,-5.188513805065223611e-07,-5.188513805064778918e-07,-5.188513804962777093e-07,-5.188513804963336135e-07
4.499718767577026588e-05,2.149214062500394675e+02,1.171973429701922172e-05,5.526703309019631848e-05,4.354729879317709846e-05,6.227607236964504897e-03,-6.567118149475330605e-07,-6.567118149474832973e-07,-6.567118149357175861e-07,-6.567118149357845017e-07
4.999687519530029241e-05,1.872017451731815072e+02,1.576397766620093427e-05,5.548142859013264892e-05,3.971745092393171126e-05,6.227575568910043158e-03,-7.622694265831340537e-07,-7.622694265830887374e-07,-7.622694265711481140e-07,-7.622694265712158766e-07
5.499656271483031894e-05,1.497695282143818076e+02,2.029307278656424836e-05,5.452177344240472201e-05,3.422870065584047365e-05,6.227543450146696274e-03,-8.055844350429805020e-07,-8.055844350429478912e-07,-8.055844350328233064e-07,-8.055844350328830222e-07
5.999625023436035224e-05,1.075688085753881467e+02,2.516981450954553325e-05,5.262128908281023747e-05,2.745147457326470422e-05,6.227521560692186008e-03,-7.565198124475719515e-07,-7.565198124475677163e-07,-7.565198124416444149e-07,-7.565198124416804138e-07
6.499593775389037877e-05,6.589600099947908518e+01,3.024234796006295363e-05,5.004306018182647694e-05,1.980071222176352331e-05,6.227515766238561623e-03,-5.886609212812195814e-07,-5.886609212812551568e-07,-5.886609212820136748e-07,-5.886609212820107102e-07
6.999562527342041208e-05,2.987413264818201597e+01,3.536169548497379979e-05,4.704695357142149435e-05,1.168525808644769456e-05,6.227526384768256040e-03,-2.831794448567722049e-07,-2.831794448568666491e-07,-2.831794448664753908e-07,-2.831794448664224513e-07
7.499531279295044539e-05,4.809996946713618549e+00,4.039885878865152885e-05,4.385722760036395412e-05,3.458368811712425270e-06,6.227552322295100244e-03,1.678059933668842098e-07,1.678059933667215795e-07,1.678059933468290107e-07,1.678059933469395485e-07
7.999500031248046514e-05,0.000000000000000000e+00,4.526391774131126035e-05,4.062560685497739382e-05,0.000000000000000000e+00,6.227583259841369852e-03,7.584388768637112440e-07,7.584388768634800040e-07,7.584388768330139230e-07,7.584388768331994232e-07
8.499468783201049845e-05,0.000000000000000000e+00,4.992511943489585246e-05,3.739361598044593711e-05,0.000000000000000000e+00,6.227583080385545519e-03,1.467331069230934068e-06,1.467331069230638877e-06,1.467331069190812235e-06,1.467331069191057027e-06
8.999437535154053175e-05,0.000000000000000000e+00,5.437508459725154722e-05,3.416187032526111280e-05,0.000000000000000000e+00,6.227582412842109193e-03,2.261494049918442675e-06,2.261494049918081839e-06,2.261494049871644105e-06,2.261494049871952849e-06
9.499406287107055151e-05,0.000000000000000000e+00,5.861092357828260116e-05,3.093036988942291410e-05,0.000000000000000000e+00,6.227581479746690553e-03,3.099892103950913496e-06,3.099892103950522167e-06,3.099892103901629731e-06,3.099892103901963462e-06
9.999375039060058481e-05,0.000000000000000000e+00,6.263363648049274923e-05,2.769911467293134102e-05,0.000000000000000000e+00,6.227580534121719864e-03,3.935854925139504368e-06,3.935854925139109651e-06,3.935854925092945508e-06,3.935854925093287710e-06
1.049934379101306181e-04,0.000000000000000000e+00,6.644768203005620676e-05,2.446810467578639016e-05,0.000000000000000000e+00,6.227579810038784761e-03,4.719852898348472252e-06,4.719852898348106334e-06,4.719852898310371863e-06,4.719852898310677642e-06
1.099931254296606379e-04,0.000000000000000000e+00,7.006043643680899156e-05,2.123733989798806153e-05,0.000000000000000000e+00,6.227579478896575621e-03,5.402492171044915641e-06,5.402492171044618333e-06,5.402492171020862447e-06,5.402492171021111474e-06
1.149928129491906712e-04,0.000000000000000000e+00,7.348156951481608131e-05,1.800682033953636529e-05,0.000000000000000000e+00,6.227579619421671521e-03,5.937546420905365297e-06,5.937546420905179797e-06,5.937546420900195008e-06,5.937546420900318675e-06
1.199925004687207045e-04,0.000000000000000000e+00,7.672236847435750021e-05,1.477654600043129467e-05,0.000000000000000000e+00,6.227580206520008481e-03,6.284839481573410724e-06,6.284839481573357361e-06,6.284839481590475050e-06,6.284839481590451333e-06
1.249921879882507378e-04,0.000000000000000000e+00,7.979504146508206394e-05,1.154651688067284797e-05,0.000000000000000000e+00,6.227581120357516750e-03,6.412801661715067570e-06,6.412801661715193778e-06,6.412801661755753951e-06,6.412801661755555745e-06
1.299918755077807575e-04,0.000000000000000000e+00,8.271203308868190385e-05,8.316732980261026884e-06,0.000000000000000000e+00,6.227582173181683139e-03,6.300542138364180369e-06,6.300542138364502242e-06,6.300542138427534199e-06,6.300542138427150493e-06
1.349915630273107773e-04,0.000000000000000000e+00,8.548538272255340941e-05,5.087194299195834803e-06,0.000000000000000000e+00,6.227583148155303207e-03,5.939309009502934285e-06,5.939309009503445893e-06,5.939309009585526773e-06,5.939309009584952485e-06
1.399912505468408242e-04,0.000000000000000000e+00,8.812615369158416118e-05,1.857900837477270242e-06,0.000000000000000000e+00,6.227583842448679470e-03,5.333245645026980871e-06,5.333245645027672050e-06,5.333245645123048807e-06,5.333245645122282242e-06
1.449909380663708439e-04,0.000000000000000000e+00,9.064395724949109200e-05,-1.371147404894668279e-06,0.000000000000000000e+00,6.227584106355407538e-03,4.499394591851477365e-06,4.499394591852328633e-06,4.499394591953329688e-06,4.499394591952411505e-06
1.499906255859008908e-04,0.000000000000000000e+00,9.304659019954113891e-05,-4.599950427919980126e-06,0.000000000000000000e+00,6.227583871275461577e-03,3.466945842772232166e-06,3.466945842773187619e-06,3.466945842870865765e-06,3.466945842869832808e-06
1.549903131054309105e-04,0.000000000000000000e+00,9.533979906056316280e-05,-7.828508231598665511e-06,0.000000000000000000e+00,6.227583161767474493e-03,2.275771970550190306e-06,2.275771970551210980e-06,2.275771970636127727e-06,2.275771970635045219e-06
1.599900006249609303e-04,0.000000000000000000e+00,9.752717726587208254e-05,-1.105682081593072782e-05,0.000000000000000000e+00,6.227582090003291881e-03,9.743356587216929298e-07,9.743356587227059812e-07,9.743356587858463582e-07,9.743356587847706263e-07
1.649896881444909771e-04,0.000000000000000000e+00,9.961019528729782443e-05,-1.428488818091616452e-05,0.000000000000000000e+00,6.227580834241307900e-03,-3.829070984996591111e-07,-3.829070984987333040e-07,-3.829070984649866644e-07,-3.829070984659675286e-07
1.699893756640209969e-04,0.000000000000000000e+00,1.015883571245574150e-04,-1.751271032655496882e-05,0.000000000000000000e+00,6.227579605760549808e-03,-1.738454696294756819e-06,-1.738454696293979243e-06,-1.738454696295012623e-06,-1.738454696295847797e-06
1.749890631835510166e-04,0.000000000000000000e+00,1.034594705999503930e-04,-2.074028725284715090e-05,0.000000000000000000e+00,6.227578610578825453e-03,-3.034884330512865809e-06,-3.034884330512320320e-06,-3.034884330550640091e-06,-3.034884330551249954e-06
1.799887507030810635e-04,0.000000000000000000e+00,1.052200136307218214e-04,-2.396761895979270736e-05,0.000000000000000000e+00,6.227578012935276221e-03,-4.217968807517127303e-06,-4.217968807516876581e-06,-4.217968807591611992e-06,-4.217968807591935558e-06
1.849884382226110833e-04,0.000000000000000000e+00,1.068655743567720640e-04,-2.719470544739163820e-05,0.000000000000000000e+00,6.227577906909886364e-03,-5.239602524379424211e-06,-5.239602524379510608e-06,-5.239602524486387531e-06,-5.239602524486363814e-06
1.899881257421411030e-04,0.000000000000000000e+00,1.083913398684388930e-04,-3.042154671564394343e-05,0.000000000000000000e+00,6.227578300867986014e-03,-6.060365566619682799e-06,-6.060365566620123256e-06,-6.060365566751535336e-06,-6.060365566751162641e-06
1.949878132616711499e-04,0.000000000000000000e+00,1.097926064366988808e-04,-3.364814276454961966e-05,0.000000000000000000e+00,6.227579117017933985e-03,-6.651577338746625384e-06,-6.651577338747435147e-06,-6.651577338893124814e-06,-6.651577338892386202e-06
1.999875007812011696e-04,0.000000000000000000e+00,1.110652836601854772e-04,-3.687449359410866688e-05,0.000000000000000000e+00,6.227580205710903094e-03,-6.996722476757888734e-06,-6.996722476759049169e-06,-6.996722476906885218e-06,-6.996722476905780687e-06
2.049871883007311894e-04,0.000000000000000000e+00,1.122063658069151980e-04,-4.010059920432108171e-05,0.000000000000000000e+00,6.227581371655380345e-03,-7.092170027629878532e-06,-7.092170027631365922e-06,-7.092170027768373501e-06,-7.092170027766947097e-06
2.099868758202612362e-04,0.000000000000000000e+00,1.132143457752345122e-04,-4.332645959518687770e-05,0.000000000000000000e+00,6.227582407355273381e-03,-6.947149642010869364e-06,-6.947149642012600700e-06,-6.947149642126181041e-06,-6.947149642124498834e-06
2.149865633397912560e-04,0.000000000000000000e+00,1.140895503993060453e-04,-4.655207476670605485e-05,0.000000000000000000e+00,6.227583128070502197e-03,-6.582993172588601203e-06,-6.582993172590513803e-06,-6.582993172669657174e-06,-6.582993172667803866e-06
2.199862508593212757e-04,0.000000000000000000e+00,1.148343800974365223e-04,-4.977744471887859962e-05,0.000000000000000000e+00,6.227583402546565602e-03,-6.031693862898515783e-06,-6.031693862900497840e-06,-6.031693862936854188e-06,-6.031693862934919565e-06
2.249859383788513226e-04,0.000000000000000000e+00,1.154534408816481185e-04,-5.300256945170451876e-05,0.000000000000000000e+00,6.227583174613340357e-03,-5.333875581784234049e-06,-5.333875581786189001e-06,-5.333875581774987838e-06,-5.333875581773061685e-06
2.299856258983813424e-04,0.000000000000000000e+00,1.159535622578565040e-04,-5.622744896518381229e-05,0.000000000000000000e+00,6.227582472331227685e-03,-4.536298875125096950e-06,-4.536298875126931624e-06,-4.536298875067513957e-06,-4.536298875065721635e-06
2.349853134179113892e-04,0.000000000000000000e+00,1.163437002735148419e-04,-5.945208325931647343e-05,0.000000000000000000e+00,6.227581403391994549e-03,-3.689056921161354564e-06,-3.689056921162975785e-06,-3.689056921059088041e-06,-3.689056921057508324e-06
2.399850009374414090e-04,0.000000000000000000e+00,1.166347306348608081e-04,-6.267647233410251573e-05,0.000000000000000000e+00,6.227580137645720264e-03,-2.842631249709180733e-06,-2.842631249710495328e-06,-2.842631249570016608e-06,-2.842631249568726576e-06
2.449846884569714558e-04,0.000000000000000000e+00,1.168391421493090310e-04,-6.590061618954192563e-05,0.000000000000000000e+00,6.227578879608451287e-03,-2.044983379830452132e-06,-2.044983379831377092e-06,-2.044983379665794856e-06,-2.044983379664891072e-06
2.499843759765014756e-04,0.000000000000000000e+00,1.169706455022336418e-04,-6.912451482563471670e-05,0.000000000000000000e+00,6.227577835331131288e-03,-1.338854059928911713e-06,-1.338854059929415697e-06,-1.338854059752791540e-06,-1.338854059752300261e-06
2.549840634960314953e-04,0.000000000000000000e+00,1.170437163366885587e-04,-7.234816824238087538e-05,0.000000000000000000e+00,6.227577178872087046e-03,-7.594269398983304059e-07,-7.594269398983905452e-07,-7.594269397261980644e-07,-7.594269397261463954e-07
2.599837510155615151e-04,0.000000000000000000e+00,1.170730945973630328e-04,-7.557157643978041522e-05,0.000000000000000000e+00,6.227577023695008394e-03,-3.324892852320969621e-07,-3.324892852317318909e-07,-3.324892850794158852e-07,-3.324892850797894268e-07
2.649834385350915348e-04,0.000000000000000000e+00,1.170732640037439780e-04,-7.879473941783332266e-05,0.000000000000000000e+00,6.227577403596037432e-03,-7.319034504960607730e-08,-7.319034504881664259e-08,-7.319034493041414206e-08,-7.319034493120357677e-08
2.699831260546215546e-04,0.000000000000000000e+00,1.170579362636635904e-04,-8.201765717653959772e-05,0.000000000000000000e+00,6.227578266336463407e-03,1.453973774166720563e-08,1.453973774281154714e-08,1.453973781604686279e-08,1.453973781491776788e-08
2.749828135741516286e-04,0.000000000000000000e+00,1.170395642146719606e-04,-8.524032971589925393e-05,0.000000000000000000e+00,6.227579481209402634e-03,-6.211135069236440535e-08,-6.211135069093715483e-08,-6.211135067022974037e-08,-6.211135067162903880e-08
2.799825010936816483e-04,0.000000000000000000e+00,1.170289065294996924e-04,-8.846275703591229131e-05,0.000000000000000000e+00,6.227580859570935184e-03,-2.856017294941006705e-07,-2.856017294924709791e-07,-2.856017295270095945e-07,-2.856017295285960872e-07
2.849821886132116681e-04,0.000000000000000000e+00,1.170346640372365519e-04,-9.168493913657869629e-05,0.000000000000000000e+00,6.227582185241969069e-03,-6.294012884809993834e-07,-6.294012884792578836e-07,-6.294012885667513049e-07,-6.294012885684335123e-07
2.899818761327416878e-04,0.000000000000000000e+00,1.170632042333910096e-04,-9.490687601789846888e-05,0.000000000000000000e+00,6.227583249974118738e-03,-1.059864208379615160e-06,-1.059864208377853332e-06,-1.059864208511147518e-06,-1.059864208512822949e-06
2.949815636522717076e-04,0.000000000000000000e+00,1.171183863572060877e-04,-9.812856767987162263e-05,0.000000000000000000e+00,6.227583888169876264e-03,-1.538482933382330762e-06,-1.538482933380636696e-06,-1.538482933548206918e-06,-1.538482933549810351e-06
2.999812511718017815e-04,0.000000000000000000e+00,1.172014947095987713e-04,-1.013500141224981440e-04,0.000000000000000000e+00,6.227584004965042684e-03,-2.024377323792807224e-06,-2.024377323791245296e-06,-2.024377323978303205e-06,-2.024377323979751631e-06
3.049809386913318013e-04,0.000000000000000000e+00,1.173112828942456695e-04,-1.045712153457780465e-04,0.000000000000000000e+00,6.227583592693088262e-03,-2.476860909517144452e-06,-2.476860909515776494e-06,-2.476860909705479687e-06,-2.476860909706715508e-06
3.099806262108618211e-04,0.000000000000000000e+00,1.174441266195591665e-04,-1.077921713497113166e-04,0.000000000000000000e+00,6.227582732567392768e-03,-2.857924329527189751e-06,-2.857924329526034398e-06,-2.857924329701111026e-06,-2.857924329702120689e-06
3.149803137303918408e-04,0.000000000000000000e+00,1.175942778292451236e-04,-1.110128821342979544e-04,0.000000000000000000e+00,6.227581580879952908e-03,-3.134484157855600089e-06,-3.134484157854673435e-06,-3.134484157998971426e-06,-3.134484157999742226e-06
3.199800012499218606e-04,0.000000000000000000e+00,1.177542084490023331e-04,-1.142333476995379733e-04,0.000000000000000000e+00,6.227580341728698211e-03,-3.280262741867753077e-06,-3.280262741867044957e-06,-3.280262741967094795e-06,-3.280262741967641131e-06
3.249796887694518803e-04,0.000000000000000000e+00,1.179150281392277356e-04,-1.174535680454313733e-04,0.000000000000000000e+00,6.227579230775004589e-03,-3.277190198143860879e-06,-3.277190198143323013e-06,-3.277190198189616752e-06,-3.277190198189966577e-06
3.299793762889819543e-04,0.000000000000000000e+00,1.180669572902793180e-04,-1.206735431719781410e-04,0.000000000000000000e+00,6.227578436327747477e-03,-3.116251618473252304e-06,-3.116251618472831329e-06,-3.116251618460790756e-06,-3.116251618461002514e-06
3.349790638085119740e-04,0.000000000000000000e+00,1.181998342130953961e-04,-1.238932730791782492e-04,0.000000000000000000e+00,6.227578084774180837e-03,-2.797738747599183872e-06,-2.797738747598816260e-06,-2.797738747529279090e-06,-2.797738747529402757e-06
3.399787513280419938e-04,0.000000000000000000e+00,1.183036341478298784e-04,-1.271127577670317656e-04,0.000000000000000000e+00,6.227578216832748911e-03,-2.330903576409538149e-06,-2.330903576409156137e-06,-2.330903576288381945e-06,-2.330903576288502223e-06
3.449784388475720135e-04,0.000000000000000000e+00,1.183689773772004020e-04,-1.303319972355386632e-04,0.000000000000000000e+00,6.227578779320035694e-03,-1.733049026093103252e-06,-1.733049026092640772e-06,-1.733049025931789215e-06,-1.733049025931966245e-06
3.499781263671020333e-04,0.000000000000000000e+00,1.183876043861242539e-04,-1.335509914846989149e-04,0.000000000000000000e+00,6.227579634378543200e-03,-1.028126816776302546e-06,-1.028126816775699458e-06,-1.028126816589858736e-06,-1.028126816590141645e-06
3.549778138866320530e-04,0.000000000000000000e+00,1.183527976092358416e-04,-1.367697405145125477e-04,0.000000000000000000e+00,6.227580584882860815e-03,-2.449425625699303515e-07,-2.449425625691493871e-07,-2.449425623759462540e-07,-2.449425623763977226e-07
3.599775014061621270e-04,0.000000000000000000e+00,1.182597317682028166e-04,-1.399882443249795617e-04,0.000000000000000000e+00,6.227581411631410643e-03,5.849087005841561765e-07,5.849087005851234881e-07,5.849087007671254575e-07,5.849087007665223700e-07
3.649771889256921468e-04,0.000000000000000000e+00,1.181057380022262877e-04,-1.432065029160999568e-04,0.000000000000000000e+00,6.227581915549933872e-03,1.429238329882011416e-06,1.429238329883165075e-06,1.429238330036217153e-06,1.429238330035454823e-06
3.699768764452221665e-04,0.000000000000000000e+00,1.178904707902274520e-04,-1.464245162878737060e-04,0.000000000000000000e+00,6.227581956977146227e-03,2.257446967542092183e-06,2.257446967543389838e-06,2.257446967652247124e-06,2.257446967651376374e-06
3.749765639647521863e-04,0.000000000000000000e+00,1.176159708831254461e-04,-1.496422844403008363e-04,0.000000000000000000e+00,6.227581484446893453e-03,3.042553430194291721e-06,3.042553430195682549e-06,3.042553430249084589e-06,3.042553430248152852e-06
3.799762514842822060e-04,0.000000000000000000e+00,1.172866219266025043e-04,-1.528598073733813479e-04,0.000000000000000000e+00,6.227580547210708091e-03,3.762940595153143542e-06,3.762940595154553005e-06,3.762940595146330009e-06,3.762940595145430460e-06
3.849759390038122800e-04,0.000000000000000000e+00,1.169090029701052831e-04,-1.560770850871152134e-04,0.000000000000000000e+00,6.227579288747049288e-03,4.403709359755115938e-06,4.403709359756416980e-06,4.403709359686162374e-06,4.403709359685394962e-06
3.899756265233422997e-04,0.000000000000000000e+00,1.164916434395272111e-04,-1.592941175815024602e-04,0.000000000000000000e+00,6.227577922119613071e-03,4.957558435724737349e-06,4.957558435725852044e-06,4.957558435599032577e-06,4.957558435598492170e-06
3.949753140428723195e-04,0.000000000000000000e+00,1.160446912211335286e-04,-1.625109048565430881e-04,0.000000000000000000e+00,6.227576691576139530e-03,5.425139246128018241e-06,5.425139246128807675e-06,5.425139245956383955e-06,5.425139245956192525e-06
3.999750015624023393e-04,0.000000000000000000e+00,1.155795081007344999e-04,-1.657274469122370971e-04,0.000000000000000000e+00,6.227575827518296026e-03,5.814869447540988755e-06,5.814869447541356367e-06,5.814869447338766415e-06,5.814869447339020525e-06
4.049746890819323590e-04,0.000000000000000000e+00,1.151082097845582651e-04,-1.689437437485844602e-04,0.000000000000000000e+00,6.227575503361670005e-03,6.142223388622073662e-06,6.142223388621948302e-06,6.142223388407767550e-06,6.142223388408550209e-06
4.099743766014623788e-04,0.000000000000000000e+00,1.146431699830176721e-04,-1.721597953655852045e-04,0.000000000000000000e+00,6.227575802542430899e-03,6.428550919890253757e-06,6.428550919889586295e-06,6.428550919683882650e-06,6.428550919685251455e-06
4.149740641209924527e-04,0.000000000000000000e+00,1.141965094822906140e-04,-1.753756017632393028e-04,0.000000000000000000e+00,6.227576702041873712e-03,6.699505308910655459e-06,6.699505308909405239e-06,6.699505308731840028e-06,6.699505308733828861e-06
4.199737516405224725e-04,0.000000000000000000e+00,1.137795917109157753e-04,-1.785911629415468094e-04,0.000000000000000000e+00,6.227578075648743453e-03,6.983184781178098066e-06,6.983184781176268475e-06,6.983184781044307518e-06,6.983184781046906215e-06
4.249734391600524922e-04,0.000000000000000000e+00,1.134025460131718059e-04,-1.818064789005076700e-04,0.000000000000000000e+00,6.227579716378468279e-03,7.308108972918110342e-06,7.308108972915748814e-06,7.308108972843012401e-06,7.308108972846176916e-06
4.299731266795825120e-04,0.000000000000000000e+00,1.130738386857509136e-04,-1.850215496401219119e-04,0.000000000000000000e+00,6.227581373772031817e-03,7.701160389359433609e-06,7.701160389356662118e-06,7.701160389351623966e-06,7.701160389355245878e-06
4.349728141991125317e-04,0.000000000000000000e+00,1.127999098700292703e-04,-1.882363751603895348e-04,0.000000000000000000e+00,6.227582798941136942e-03,8.185621375749835239e-06,8.185621375746752039e-06,8.185621375811905813e-06,8.185621375815883480e-06
4.399725017186425515e-04,0.000000000000000000e+00,1.125848917006122931e-04,-1.914509554613105389e-04,0.000000000000000000e+00,6.227583788778754195e-03,8.779429237521057643e-06,8.779429237517835530e-06,8.779429237649433957e-06,8.779429237653597971e-06
4.449721892381726255e-04,0.000000000000000000e+00,1.124304198006768115e-04,-1.946652905428848971e-04,0.000000000000000000e+00,6.227584220997101246e-03,9.493756628971569087e-06,9.493756628968377467e-06,9.493756629156669503e-06,9.493756629160850458e-06
4.499718767577026452e-04,0.000000000000000000e+00,1.123355464179584887e-04,-1.978793804051126094e-04,0.000000000000000000e+00,6.227584073528322738e-03,1.033200228579081459e-05,1.033200228578782964e-05,1.033200228601794478e-05,1.033200228602193938e-05
4.549715642772326650e-04,0.000000000000000000e+00,1.122967593622442378e-04,-2.010932250479937299e-04,0.000000000000000000e+00,6.227583424937060443e-03,1.128925012654003452e-05,1.128925012653744599e-05,1.128925012679069190e-05,1.128925012679431720e-05
4.599712517967626847e-04,0.000000000000000000e+00,1.123081065987726381e-04,-2.043068244715282315e-04,0.000000000000000000e+00,6.227582436212853768e-03,1.235222451031596727e-05,1.235222451031394456e-05,1.235222451056948423e-05,1.235222451057257421e-05
4.649709393162927045e-04,0.000000000000000000e+00,1.123614220415797613e-04,-2.075201786757160873e-04,0.000000000000000000e+00,6.227581317884952131e-03,1.349973800639539637e-05,1.349973800639409533e-05,1.349973800663081054e-05,1.349973800663320934e-05
4.699706268358227784e-04,0.000000000000000000e+00,1.124466439466404502e-04,-2.107332876605572970e-04,0.000000000000000000e+00,6.227580289125546342e-03,1.470359744468646067e-05,1.470359744468601343e-05,1.470359744488439872e-05,1.470359744488598097e-05
4.749703143553527982e-04,0.000000000000000000e+00,1.125522134910578696e-04,-2.139461514260519151e-04,0.000000000000000000e+00,6.227579536858419279e-03,1.592990622221082106e-05,1.592990622221128184e-05,1.592990622235526050e-05,1.592990622235596862e-05
4.799700018748828179e-04,0.000000000000000000e+00,1.126655377941729297e-04,-2.171587699721998872e-04,0.000000000000000000e+00,6.227579182636458488e-03,1.714067757504534901e-05,1.714067757504673475e-05,1.714067757512501754e-05,1.714067757512483458e-05
4.849696893944128377e-04,0.000000000000000000e+00,1.127734989244462849e-04,-2.203711432990012405e-04,0.000000000000000000e+00,6.227579263290032585e-03,1.829565619734799188e-05,1.829565619735028904e-05,1.829565619735742444e-05,1.829565619735637751e-05
4.899693769139429117e-04,0.000000000000000000e+00,1.128629884546898210e-04,-2.235832714064559749e-04,0.000000000000000000e+00,6.227579728476211225e-03,1.935423519808729533e-05,1.935423519809041242e-05,1.935423519802721020e-05,1.935423519802536706e-05
4.949690644334729314e-04,0.000000000000000000e+00,1.129214459628424317e-04,-2.267951542945640905e-04,0.000000000000000000e+00,6.227580454883313230e-03,2.027735246024862530e-05,2.027735246025242000e-05,2.027735246012585973e-05,2.027735246012334235e-05
4.999687519530029512e-04,0.000000000000000000e+00,1.129373795802261711e-04,-2.300067919633255601e-04,0.000000000000000000e+00,6.227581273652157620e-03,2.102925503711241889e-05,2.102925503711671504e-05,2.102925503693917015e-05,2.102925503693618182e-05
5.049684394725329709e-04,0.000000000000000000e+00,1.129008472847959466e-04,-2.332181844127404109e-04,0.000000000000000000e+00,6.227582005186689355e-03,2.157903182400699291e-05,2.157903182401159399e-05,2.157903182379970362e-05,2.157903182379643407e-05
5.099681269920629907e-04,0.000000000000000000e+00,1.128038791090303199e-04,-2.364293316428086158e-04,0.000000000000000000e+00,6.227582494376682556e-03,2.190183246590134345e-05,2.190183246590603940e-05,2.190183246567910911e-05,2.190183246567576841e-05
5.149678145115930104e-04,0.000000000000000000e+00,1.126408227313419898e-04,-2.396402336535302289e-04,0.000000000000000000e+00,6.227582639510405305e-03,2.197971299885628313e-05,2.197971299886082662e-05,2.197971299863899885e-05,2.197971299863583095e-05
5.199675020311230302e-04,0.000000000000000000e+00,1.124085979626935597e-04,-2.428508904449051960e-04,0.000000000000000000e+00,6.227582409694181961e-03,2.180207447986631764e-05,2.180207447987051215e-05,2.180207447967281466e-05,2.180207447967002962e-05
5.249671895506530499e-04,0.000000000000000000e+00,1.121068493113828871e-04,-2.460613020169334902e-04,0.000000000000000000e+00,6.227581848048531835e-03,2.136568805440569355e-05,2.136568805440932224e-05,2.136568805425199773e-05,2.136568805424976834e-05
5.299668770701830697e-04,0.000000000000000000e+00,1.117379899658290569e-04,-2.492714683696152468e-04,0.000000000000000000e+00,6.227581060787806475e-03,2.067432670115465696e-05,2.067432670115757414e-05,2.067432670105245058e-05,2.067432670105097335e-05
5.349665645897130895e-04,0.000000000000000000e+00,1.113071350120058579e-04,-2.524813895029502761e-04,0.000000000000000000e+00,6.227580194939432573e-03,1.973804849785832369e-05,1.973804849786039723e-05,1.973804849781393239e-05,1.973804849781330897e-05
5.399662521092431092e-04,0.000000000000000000e+00,1.108219263166971500e-04,-2.556910654169387950e-04,0.000000000000000000e+00,6.227579409422768705e-03,1.857219707032157309e-05,1.857219707032275893e-05,1.857219707033542377e-05,1.857219707033571515e-05
5.449659396287732374e-04,0.000000000000000000e+00,1.102922560681896631e-04,-2.589004961115805867e-04,0.000000000000000000e+00,6.227578845157604598e-03,1.719620060279293132e-05,1.719620060279320237e-05,1.719620060285951150e-05,1.719620060286074478e-05
5.499656271483032571e-04,0.000000000000000000e+00,1.097299002787452220e-04,-2.621096815868758137e-04,0.000000000000000000e+00,6.227578599702557685e-03,1.563226045709988662e-05,1.563226045709928354e-05,1.563226045720842881e-05,1.563226045721055317e-05
5.549653146678332769e-04,0.000000000000000000e+00,1.091480774308399712e-04,-2.653186218428244219e-04,0.000000000000000000e+00,6.227578710752522048e-03,1.390402355341416055e-05,1.390402355341277650e-05,1.390402355354968752e-05,1.390402355355260131e-05
5.599650021873632966e-04,0.000000000000000000e+00,1.085609507187652330e-04,-2.685273168794263029e-04,0.000000000000000000e+00,6.227579150952411609e-03,1.203532914914124058e-05,1.203532914913920093e-05,1.203532914928612387e-05,1.203532914928970852e-05
5.649646897068933164e-04,0.000000000000000000e+00,1.079830948480548517e-04,-2.717357666966816734e-04,0.000000000000000000e+00,6.227579834317981469e-03,1.004911091198402225e-05,1.004911091198150487e-05,1.004911091211972370e-05,1.004911091212380979e-05
5.699643772264233361e-04,0.000000000000000000e+00,1.074289499860818671e-04,-2.749439712945903709e-04,0.000000000000000000e+00,6.227580632514860721e-03,7.966520039785885042e-06,7.966520039783074586e-06,7.966520039894840584e-06,7.966520039899218050e-06
5.749640647459533559e-04,0.000000000000000000e+00,1.069122861224024320e-04,-2.781519306731523953e-04,0.000000000000000000e+00,6.227581397687430124e-03,5.806315816225791440e-06,5.806315816222901364e-06,5.806315816293161053e-06,5.806315816297635081e-06
5.799637522654833757e-04,0.000000000000000000e+00,1.064457007518296522e-04,-2.813596448323679093e-04,0.000000000000000000e+00,6.227581987674928217e-03,3.584547867091886390e-06,3.584547867089106428e-06,3.584547867107078773e-06,3.584547867111454546e-06
5.849634397850133954e-04,0.000000000000000000e+00,1.060401714352221053e-04,-2.845671137722367502e-04,0.000000000000000000e+00,6.227582289372967164e-03,1.314531128681826921e-06,1.314531128679333256e-06,1.314531128639615881e-06,1.314531128643703662e-06
5.899631273045434152e-04,0.000000000000000000e+00,1.057046824660205482e-04,-2.877743374927589181e-04,0.000000000000000000e+00,6.227582236617962806e-03,-9.929081521432554878e-07,-9.929081521453086956e-07,-9.929081522421465844e-07,-9.929081522384907902e-07
5.949628148240734349e-04,0.000000000000000000e+00,1.054459416624529196e-04,-2.909813159939345214e-04,0.000000000000000000e+00,6.227581820102411590e-03,-3.328957567478522516e-06,-3.328957567480025153e-06,-3.328957567627412273e-06,-3.328957567624304510e-06
5.999625023436035631e-04,0.000000000000000000e+00,1.052681993454735007e-04,-2.941880492757633974e-04,0.000000000000000000e+00,6.227581088225713456e-03,-5.686173881001393678e-06,-5.686173881002271204e-06,-5.686173881188152584e-06,-5.686173881185660613e-06
6.049621898631335828e-04,0.000000000000000000e+00,1.051731770172749879e-04,-2.973945373382457630e-04,0.000000000000000000e+00,6.227580139200049845e-03,-8.057739597373051431e-06,-8.057739597373285212e-06,-8.057739597581213166e-06,-8.057739597579368328e-06
6.099618773826636026e-04,0.000000000000000000e+00,1.051601083212689631e-04,-3.006007801813814556e-04,0.000000000000000000e+00,6.227579105956322289e-03,-1.043669818100373672e-05,-1.043669818100334539e-05,-1.043669818121398723e-05,-1.043669818121277259e-05
6.149615649021936224e-04,0.000000000000000000e+00,1.052258897605053552e-04,-3.038067778051704751e-04,0.000000000000000000e+00,6.227578136291156419e-03,-1.281524561648999502e-05,-1.281524561648904465e-05,-1.281524561668196318e-05,-1.281524561668130419e-05
6.199612524217236421e-04,0.000000000000000000e+00,1.053653336088164667e-04,-3.070125302096129842e-04,0.000000000000000000e+00,6.227577371194922655e-03,-1.518415022443397912e-05,-1.518415022443257474e-05,-1.518415022458813065e-05,-1.518415022458792906e-05
6.249609399412536619e-04,0.000000000000000000e+00,1.055715107007894067e-04,-3.102180373947087660e-04,0.000000000000000000e+00,6.227576924397669814e-03,-1.753236126650905234e-05,-1.753236126650732440e-05,-1.753236126660853467e-05,-1.753236126660866342e-05
6.299606274607836816e-04,0.000000000000000000e+00,1.058361665573782353e-04,-3.134232993604579290e-04,0.000000000000000000e+00,6.227576865902771652e-03,-1.984685075289625462e-05,-1.984685075289435049e-05,-1.984685075292851641e-05,-1.984685075292881457e-05
6.349603149803137014e-04,0.000000000000000000e+00,1.061501907982911799e-04,-3.166283161068605273e-04,0.000000000000000000e+00,6.227577211707931333e-03,-2.211271320631493691e-05,-2.211271320631300567e-05,-2.211271320627295457e-05,-2.211271320627328322e-05
6.399600024998437211e-04,0.000000000000000000e+00,1.065041171850897794e-04,-3.198330876339164526e-04,0.000000000000000000e+00,6.227577921110070795e-03,-2.431352640021619782e-05,-2.431352640021437500e-05,-2.431352640009914464e-05,-2.431352640009936487e-05
6.449596900193737409e-04,0.000000000000000000e+00,1.068886300661826014e-04,-3.230376139416257591e-04,0.000000000000000000e+00,6.227578902029519761e-03,-2.643195388963127615e-05,-2.643195388962969050e-05,-2.643195388944475610e-05,-2.643195388944473916e-05
6.499593775389037606e-04,0.000000000000000000e+00,1.072950525462458733e-04,-3.262418950299885009e-04,0.000000000000000000e+00,6.227580023752513766e-03,-2.845054914817259033e-05,-2.845054914817132655e-05,-2.845054914792813323e-05,-2.845054914792780119e-05
6.549590650584338888e-04,0.000000000000000000e+00,1.077157924160315088e-04,-3.294459308990044613e-04,0.000000000000000000e+00,6.227581135477291106e-03,-3.035270289445144110e-05,-3.035270289445055340e-05,-3.035270289416561491e-05,-3.035270289416489324e-05
6.599587525779639086e-04,0.000000000000000000e+00,1.081447237373636320e-04,-3.326497215486739654e-04,0.000000000000000000e+00,6.227582088173292188e-03,-3.212366112836204817e-05,-3.212366112836155351e-05,-3.212366112805497501e-05,-3.212366112805387048e-05
6.649584400974939283e-04,0.000000000000000000e+00,1.085774849106546538e-04,-3.358532669789967423e-04,0.000000000000000000e+00,6.227582756653440160e-03,-3.375153260721978443e-05,-3.375153260721966924e-05,-3.375153260691342956e-05,-3.375153260691193200e-05
6.699581276170239481e-04,0.000000000000000000e+00,1.090116779340526625e-04,-3.390565671899729004e-04,0.000000000000000000e+00,6.227583058538822304e-03,-3.522820171056216873e-05,-3.522820171056236524e-05,-3.522820171027839914e-05,-3.522820171027658988e-05
6.749578151365539678e-04,0.000000000000000000e+00,1.094469582221502225e-04,-3.422596221816024938e-04,0.000000000000000000e+00,6.227582967054784945e-03,-3.655006618417475924e-05,-3.655006618417514549e-05,-3.655006618393351071e-05,-3.655006618393148460e-05
6.799575026560839876e-04,0.000000000000000000e+00,1.098850095755057079e-04,-3.454624319538854142e-04,0.000000000000000000e+00,6.227582515366558193e-03,-3.771852898265776692e-05,-3.771852898265824126e-05,-3.771852898247532958e-05,-3.771852898247324249e-05
6.849571901756140073e-04,0.000000000000000000e+00,1.103294044367950826e-04,-3.486649965068217157e-04,0.000000000000000000e+00,6.227581791383903984e-03,-3.874018876472613170e-05,-3.874018876472655861e-05,-3.874018876461383546e-05,-3.874018876461180258e-05
6.899568776951440271e-04,0.000000000000000000e+00,1.107853551725788651e-04,-3.518673158404113984e-04,0.000000000000000000e+00,6.227580923484454627e-03,-3.962669354612420011e-05,-3.962669354612443728e-05,-3.962669354608748632e-05,-3.962669354608563640e-05
6.949565652146740468e-04,0.000000000000000000e+00,1.112593675119335102e-04,-3.550693899546544081e-04,0.000000000000000000e+00,6.227580059187123006e-03,-4.039424524597101906e-05,-4.039424524597090387e-05,-4.039424524600901357e-05,-4.039424524600750924e-05
6.999562527342040666e-04,0.000000000000000000e+00,1.117588121913383638e-04,-3.582712188495508531e-04,0.000000000000000000e+00,6.227579340163972958e-03,-4.106276778142689023e-05,-4.106276778142631424e-05,-4.106276778153284388e-05,-4.106276778153181389e-05
7.049559402537340863e-04,0.000000000000000000e+00,1.122914350553348017e-04,-3.614728025251006793e-04,0.000000000000000000e+00,6.227578877830327632e-03,-4.165477623155439363e-05,-4.165477623155330265e-05,-4.165477623171625146e-05,-4.165477623171576357e-05
7.099556277732641061e-04,0.000000000000000000e+00,1.128648291323651237e-04,-3.646741409813037782e-04,0.000000000000000000e+00,6.227578733884217392e-03,-4.219400763273871619e-05,-4.219400763273700858e-05,-4.219400763294035069e-05,-4.219400763294047267e-05
7.149553152927942343e-04,0.000000000000000000e+00,1.134858943752791881e-04,-3.678752342181604209e-04,0.000000000000000000e+00,6.227578909485340444e-03,-4.270389350600338506e-05,-4.270389350600105403e-05,-4.270389350622624282e-05,-4.270389350622698821e-05
7.199550028123242540e-04,0.000000000000000000e+00,1.141603117083178534e-04,-3.710760822356702821e-04,0.000000000000000000e+00,6.227579345335557473e-03,-4.320596878213547680e-05,-4.320596878213254268e-05,-4.320596878236024547e-05,-4.320596878236160072e-05
7.249546903318542738e-04,0.000000000000000000e+00,1.148920576972146246e-04,-3.742766850338335788e-04,0.000000000000000000e+00,6.227579932972452346e-03,-4.371832023001914828e-05,-4.371832023001569239e-05,-4.371832023022761325e-05,-4.371832023022949028e-05
7.299543778513842935e-04,0.000000000000000000e+00,1.156829845585765205e-04,-3.774770426126502565e-04,0.000000000000000000e+00,6.227580535466850468e-03,-4.425417905339044142e-05,-4.425417905338656539e-05,-4.425417905356702407e-05,-4.425417905356935510e-05
7.349540653709143133e-04,0.000000000000000000e+00,1.165324874136862909e-04,-3.806771549721202613e-04,0.000000000000000000e+00,6.227581013839488845e-03,-4.482075670680330469e-05,-4.482075670679913729e-05,-4.482075670693647860e-05,-4.482075670693908746e-05
7.399537528904443330e-04,0.000000000000000000e+00,1.174372767951807503e-04,-3.838770221122437014e-04,0.000000000000000000e+00,6.227581254273875655e-03,-4.541841038593010427e-05,-4.541841038592578101e-05,-4.541841038601328968e-05,-4.541841038601602729e-05
7.449534404099743528e-04,0.000000000000000000e+00,1.183912696121168105e-04,-3.870766440330205226e-04,0.000000000000000000e+00,6.227581190886923718e-03,-4.604020574680561258e-05,-4.604020574680132321e-05,-4.604020574683758977e-05,-4.604020574684033416e-05
7.499531279295043725e-04,0.000000000000000000e+00,1.193856062953330675e-04,-3.902760207344506166e-04,0.000000000000000000e+00,6.227580819534291913e-03,-4.667192032610658443e-05,-4.667192032610249157e-05,-4.667192032609151402e-05,-4.667192032609405512e-05
7.549528154490343923e-04,0.000000000000000000e+00,1.204087959417207254e-04,-3.934751522165342002e-04,0.000000000000000000e+00,6.227580199772016559e-03,-4.729250337156293174e-05,-4.729250337155916414e-05,-4.729250337150957544e-05,-4.729250337151180483e-05
7.599525029685644121e-04,0.000000000000000000e+00,1.214469852366687136e-04,-3.966740384792711107e-04,0.000000000000000000e+00,6.227579444369058491e-03,-4.787497813392243250e-05,-4.787497813391913923e-05,-4.787497813384331284e-05,-4.787497813384506112e-05
7.649521904880944318e-04,0.000000000000000000e+00,1.224843410509046551e-04,-3.998726795226613482e-04,0.000000000000000000e+00,6.227578698222132995e-03,-4.838774307447826724e-05,-4.838774307447552285e-05,-4.838774307438810905e-05,-4.838774307438929490e-05
7.699518780076245600e-04,0.000000000000000000e+00,1.235035311677329124e-04,-4.030710753467050753e-04,0.000000000000000000e+00,6.227578110665587911e-03,-4.879620090067929663e-05,-4.879620090067718244e-05,-4.879620090059357012e-05,-4.879620090059415966e-05
7.749515655271545797e-04,0.000000000000000000e+00,1.244862828656318106e-04,-4.062692259514020751e-04,0.000000000000000000e+00,6.227577806547081492e-03,-4.906462075980529700e-05,-4.906462075980381977e-05,-4.906462075973855080e-05,-4.906462075973848982e-05
7.799512530466845995e-04,0.000000000000000000e+00,1.254139952920639079e-04,-4.094671313367525102e-04,0.000000000000000000e+00,6.227577861754129626e-03,-4.915812097804148089e-05,-4.915812097804061353e-05,-4.915812097800581064e-05,-4.915812097800517367e-05
7.849509405662146192e-04,0.000000000000000000e+00,1.262683789045218445e-04,-4.126647915027562724e-04,0.000000000000000000e+00,6.227578288044156342e-03,-4.904464877149128892e-05,-4.904464877149092978e-05,-4.904464877149517172e-05,-4.904464877149401975e-05
7.899506280857446390e-04,0.000000000000000000e+00,1.270320938566477272e-04,-4.158622064494133614e-04,0.000000000000000000e+00,6.227579030206785438e-03,-4.869683028333078589e-05,-4.869683028333084010e-05,-4.869683028337809099e-05,-4.869683028337651890e-05
7.949503156052746588e-04,0.000000000000000000e+00,1.276893591413154588e-04,-4.190593761767239401e-04,0.000000000000000000e+00,6.227579976137919207e-03,-4.809356951953408038e-05,-4.809356951953443953e-05,-4.809356951962377778e-05,-4.809356951962194142e-05
7.999500031248046785e-04,0.000000000000000000e+00,1.282265055739358268e-04,-4.222563006846878457e-04,0.000000000000000000e+00,6.227580977830790218e-03,-4.722128812504289513e-05,-4.722128812504338980e-05,-4.722128812516892008e-05,-4.722128812516694142e-05
8.049496906443346983e-04,0.000000000000000000e+00,1.286324482471557266e-04,-4.254529799733050783e-04,0.000000000000000000e+00,6.227581879119804993e-03,-4.607471878033728542e-05,-4.607471878033773943e-05,-4.607471878048934478e-05,-4.607471878048740677e-05
8.099493781638647180e-04,0.000000000000000000e+00,1.288990577888695288e-04,-4.286494140425757462e-04,0.000000000000000000e+00,6.227582544694648496e-03,-4.465719211333380936e-05,-4.465719211333408719e-05,-4.465719211349815409e-05,-4.465719211349641259e-05
8.149490656833947378e-04,0.000000000000000000e+00,1.290214144286038714e-04,-4.318456028924997411e-04,0.000000000000000000e+00,6.227582884702110785e-03,-4.298038878063175077e-05,-4.298038878063174399e-05,-4.298038878079252440e-05,-4.298038878079108783e-05
8.199487532029247575e-04,0.000000000000000000e+00,1.289979342947471708e-04,-4.350415465230771171e-04,0.000000000000000000e+00,6.227582870203416006e-03,-4.106356280002600721e-05,-4.106356280002558030e-05,-4.106356280016677053e-05,-4.106356280016577442e-05
8.249484407224548857e-04,0.000000000000000000e+00,1.288303632624562193e-04,-4.382372449343079285e-04,0.000000000000000000e+00,6.227582536646650464e-03,-3.893227711766006295e-05,-3.893227711765915493e-05,-3.893227711776531188e-05,-3.893227711776481043e-05
8.299481282419849055e-04,0.000000000000000000e+00,1.285236397621781731e-04,-4.414326981261920127e-04,0.000000000000000000e+00,6.227581974944345136e-03,-3.661672549233324495e-05,-3.661672549233178806e-05,-3.661672549238991484e-05,-3.661672549238994873e-05
8.349478157615149252e-04,0.000000000000000000e+00,1.280856339459685326e-04,-4.446279060987295864e-04,0.000000000000000000e+00,6.227581312206915964e-03,-3.414974386687878044e-05,-3.414974386687679499e-05,-3.414974386687742519e-05,-3.414974386687799439e-05
8.399475032810449450e-04,0.000000000000000000e+00,1.275267762039813371e-04,-4.478228688519204329e-04,0.000000000000000000e+00,6.227580686169502215e-03,-3.156463747462011994e-05,-3.156463747461766693e-05,-3.156463747455590129e-05,-3.156463747455693806e-05
8.449471908005749647e-04,0.000000000000000000e+00,1.268595929583857338e-04,-4.510175863857646605e-04,0.000000000000000000e+00,6.227580218469351038e-03,-2.889296534624980319e-05,-2.889296534624697071e-05,-2.889296534612287700e-05,-2.889296534612431356e-05
8.499468783201049845e-04,0.000000000000000000e+00,1.260981717025141838e-04,-4.542120587002623235e-04,0.000000000000000000e+00,6.227579991982413327e-03,-2.616243044796350551e-05,-2.616243044796041553e-05,-2.616243044777911660e-05,-2.616243044778082761e-05
8.549465658396350042e-04,0.000000000000000000e+00,1.252575802110509002e-04,-4.574062857954133135e-04,0.000000000000000000e+00,6.227580036438012251e-03,-2.339502075106260001e-05,-2.339502075105938467e-05,-2.339502075083063835e-05,-2.339502075083247471e-05
8.599462533591650240e-04,0.000000000000000000e+00,1.243532665892325213e-04,-4.606002676712176846e-04,0.000000000000000000e+00,6.227580324742204403e-03,-2.060553406176020202e-05,-2.060553406175702734e-05,-2.060553406149437259e-05,-2.060553406149617168e-05
8.649459408786950437e-04,0.000000000000000000e+00,1.234004672832647532e-04,-4.637940043276754911e-04,0.000000000000000000e+00,6.227580780250931494e-03,-1.780059799731599805e-05,-1.780059799731303005e-05,-1.780059799703264520e-05,-1.780059799703424779e-05
8.699456283982250635e-04,0.000000000000000000e+00,1.224136493326676131e-04,-4.669874957647865703e-04,0.000000000000000000e+00,6.227581293106019752e-03,-1.497826724075098701e-05,-1.497826724074837138e-05,-1.497826724046775614e-05,-1.497826724046902330e-05
8.749453159177550832e-04,0.000000000000000000e+00,1.214060110643678424e-04,-4.701807419825510849e-04,0.000000000000000000e+00,6.227581742105652365e-03,-1.212824482859250015e-05,-1.212824482859036393e-05,-1.212824482832689941e-05,-1.212824482832769224e-05
8.799450034372851030e-04,0.000000000000000000e+00,1.203890622250010465e-04,-4.733737429809689807e-04,0.000000000000000000e+00,6.227582017727511902e-03,-9.232734841582969785e-06,-9.232734841581409551e-06,-9.232734841350928497e-06,-9.232734841351138562e-06
8.849446909568152312e-04,0.000000000000000000e+00,1.193723003931260586e-04,-4.765664987600401492e-04,0.000000000000000000e+00,6.227582041976786366e-03,-6.267892897315301786e-06,-6.267892897314394614e-06,-6.267892897130012482e-06,-6.267892897129572872e-06
8.899443784763452509e-04,0.000000000000000000e+00,1.183629956228209658e-04,-4.797590093197648614e-04,0.000000000000000000e+00,6.227581781617716992e-03,-3.205800861271544707e-06,-3.205800861271302456e-06,-3.205800861142489073e-06,-3.205800861141371837e-06
8.949440659958752707e-04,0.000000000000000000e+00,1.173660898938356351e-04,-4.829512746601428465e-04,0.000000000000000000e+00,6.227581252825223693e-03,-1.685576753946083561e-08,-1.685576753987503472e-08,-1.685576747182610180e-08,-1.685576747006003811e-08
8.999437535154052904e-04,0.000000000000000000e+00,1.163842123510288668e-04,-4.861432947811742127e-04,0.000000000000000000e+00,6.227580517020438536e-03,3.327567527956351192e-06,3.327567527955344069e-06,3.327567527961838695e-06,3.327567527964206999e-06
9.049434410349353102e-04,0.000000000000000000e+00,1.154178057837795135e-04,-4.893350696828589058e-04,0.000000000000000000e+00,6.227579669267237564e-03,6.852342875609067737e-06,6.852342875607562559e-06,6.852342875555940983e-06,6.852342875558813272e-06
9.099431285544653299e-04,0.000000000000000000e+00,1.144653545936277853e-04,-4.925265993651970885e-04,0.000000000000000000e+00,6.227578821802559270e-03,1.057588424749956560e-05,1.057588424749769535e-05,1.057588424739506037e-05,1.057588424739830789e-05
9.149428160739953497e-04,0.000000000000000000e+00,1.135236998740087131e-04,-4.957178838281884898e-04,0.000000000000000000e+00,6.227578085865013990e-03,1.450767985205130838e-05,1.450767985204921791e-05,1.450767985190548997e-05,1.450767985190895941e-05
9.199425035935253694e-04,0.000000000000000000e+00,1.125884233950849697e-04,-4.989089230718333264e-04,0.000000000000000000e+00,6.227577554933820016e-03,1.864623778805821631e-05,1.864623778805605807e-05,1.864623778788290759e-05,1.864623778788644819e-05
9.249421911130553892e-04,0.000000000000000000e+00,1.116542794216703028e-04,-5.020997170961315984e-04,0.000000000000000000e+00,6.227577291890159378e-03,2.297759232034785030e-05,2.297759232034581403e-05,2.297759232015556026e-05,2.297759232015899244e-05
9.299418786325854090e-04,0.000000000000000000e+00,1.107156515142601572e-04,-5.052902659010831974e-04,0.000000000000000000e+00,6.227577321660945908e-03,2.747449028708015911e-05,2.747449028707839389e-05,2.747449028688289191e-05,2.747449028688606659e-05
9.349415661521154287e-04,0.000000000000000000e+00,1.097670108372214006e-04,-5.084805694866881233e-04,0.000000000000000000e+00,6.227577629838057342e-03,3.209633936388924338e-05,3.209633936388788813e-05,3.209633936369755644e-05,3.209633936370032793e-05
9.399412536716455569e-04,0.000000000000000000e+00,1.088033530307721994e-04,-5.116706278529464845e-04,0.000000000000000000e+00,6.227578166803815658e-03,3.678995605641649199e-05,3.678995605641568561e-05,3.678995605623873704e-05,3.678995605624099354e-05
9.449409411911755766e-04,0.000000000000000000e+00,1.078205923434670494e-04,-5.148604409998581728e-04,0.000000000000000000e+00,6.227578856190114573e-03,4.149110393176125462e-05,4.149110393176107844e-05,4.149110393160312374e-05,4.149110393160475004e-05
9.499406287107055964e-04,0.000000000000000000e+00,1.068158943646357493e-04,-5.180500089274234048e-04,0.000000000000000000e+00,6.227579606119831857e-03,4.612676455850808234e-05,4.612676455850857023e-05,4.612676455837234701e-05,4.612676455837332956e-05
9.549403162302356161e-04,0.000000000000000000e+00,1.057879321893387230e-04,-5.212393316356418553e-04,0.000000000000000000e+00,6.227580321602582160e-03,5.061803782721488020e-05,5.061803782721604572e-05,5.061803782710167594e-05,5.061803782710198765e-05
9.599400037497656359e-04,0.000000000000000000e+00,1.047370550009436971e-04,-5.244284091245136328e-04,0.000000000000000000e+00,6.227580916599083014e-03,5.488352760793076349e-05,5.488352760793259309e-05,5.488352760783792191e-05,5.488352760783757632e-05
9.649396912692956556e-04,0.000000000000000000e+00,1.036653626491987340e-04,-5.276172413940389541e-04,0.000000000000000000e+00,6.227581324521481998e-03,5.884303564793214871e-05,5.884303564793460172e-05,5.884303564785587509e-05,5.884303564785493997e-05
9.699393787888256754e-04,0.000000000000000000e+00,1.025766845988968472e-04,-5.308058284442176023e-04,0.000000000000000000e+00,6.227581506209163391e-03,6.242136337833290765e-05,6.242136337833584854e-05,6.242136337826847893e-05,6.242136337826704236e-05
9.749390663083556952e-04,0.000000000000000000e+00,1.014764663857535055e-04,-5.339941702750495775e-04,0.000000000000000000e+00,6.227581454661713922e-03,6.555200947811929703e-05,6.555200947812267161e-05,6.555200947806202405e-05,6.555200947806018091e-05
9.799387538278858233e-04,0.000000000000000000e+00,1.003715712095479826e-04,-5.371822668865348796e-04,0.000000000000000000e+00,6.227581196027020399e-03,6.818055156676750732e-05,6.818055156677116650e-05,6.818055156671332432e-05,6.818055156671122368e-05
9.849384413474157347e-04,0.000000000000000000e+00,9.927000830667514813e-05,-5.403701182786735087e-04,0.000000000000000000e+00,6.227580786576754172e-03,7.026751345664254298e-05,7.026751345664636480e-05,7.026751345658873945e-05,7.026751345658651684e-05
9.899381288669458628e-04,0.000000000000000000e+00,9.818060309104925340e-05,-5.435577244514656816e-04,0.000000000000000000e+00,6.227580305711597451e-03,7.179054443302103393e-05,7.179054443302488285e-05,7.179054443296667475e-05,7.179054443296443858e-05
9.949378163864757742e-04,0.000000000000000000e+00,9.711262658746863880e-05,-5.467450854049111814e-04,0.000000000000000000e+00,6.227579845461058382e-03,7.274577275050045193e-05,7.274577275050423308e-05,7.274577275044645866e-05,7.274577275044431736e-05
9.999375039060059023e-04,0.000000000000000000e+00,9.607540330259568308e-05,-5.499322011390098998e-04,0.000000000000000000e+00,6.227579497465029687e-03,7.314823998509924186e-05,7.314823998510281973e-05,7.314823998504836567e-05,7.314823998504644121e-05
1.004937191425535814e-03,0.000000000000000000e+00,9.507791733077923372e-05,-5.531190716537621619e-04,0.000000000000000000e+00,6.227579338972726204e-03,7.303137355493667074e-05,7.303137355493996400e-05,7.303137355489322134e-05,7.303137355489162214e-05
1.009936878945065942e-03,0.000000000000000000e+00,9.412843616911936739e-05,-5.563056969491677510e-04,0.000000000000000000e+00,6.227579419842863180e-03,7.244550870581777395e-05,7.244550870582071485e-05,7.244550870578702327e-05,7.244550870578584420e-05
1.014936566464595853e-03,0.000000000000000000e+00,9.323417046021772732e-05,-5.594920770252267755e-04,0.000000000000000000e+00,6.227579752728465076e-03,7.145552540312072212e-05,7.145552540312327000e-05,7.145552540310829445e-05,7.145552540310752196e-05
1.019936253984125981e-03,0.000000000000000000e+00,9.240098577785844046e-05,-5.626782118819391269e-04,0.000000000000000000e+00,6.227580308453124075e-03,7.013771668245537543e-05,7.013771668245750318e-05,7.013771668246644784e-05,7.013771668246613614e-05
1.024935941503656110e-03,0.000000000000000000e+00,9.163317974476852977e-05,-5.658641015193048053e-04,0.000000000000000000e+00,6.227581017972332218e-03,6.857605003782899845e-05,6.857605003783070606e-05,6.857605003786777223e-05,6.857605003786789420e-05
1.029935629023186021e-03,0.000000000000000000e+00,9.093333437800199027e-05,-5.690497459373239190e-04,0.000000000000000000e+00,6.227581781302014667e-03,6.685801964675118817e-05,6.685801964675248921e-05,6.685801964682006211e-05,6.685801964682064487e-05
1.034935316542716149e-03,0.000000000000000000e+00,9.030224977415981429e-05,-5.722351451359964682e-04,0.000000000000000000e+00,6.227582482534910202e-03,6.507031242287435375e-05,6.507031242287527532e-05,6.507031242297372088e-05,6.507031242297471021e-05
1.039935004062246060e-03,0.000000000000000000e+00,8.973896126429621687e-05,-5.754202991153222358e-04,0.000000000000000000e+00,6.227583008791529214e-03,6.329452345927251747e-05,6.329452345927307313e-05,6.329452345940041267e-05,6.329452345940179503e-05
1.044934691581776189e-03,0.000000000000000000e+00,8.924083818086344028e-05,-5.786052078753014388e-04,0.000000000000000000e+00,6.227583269947043962e-03,6.160315552568843738e-05,6.160315552568866777e-05,6.160315552584074068e-05,6.160315552584244830e-05
1.049934379101306100e-03,0.000000000000000000e+00,8.880375857399784340e-05,-5.817898714159339688e-04,0.000000000000000000e+00,6.227583215498526219e-03,6.005612284985007316e-05,6.005612284985000540e-05,6.005612285002061138e-05,6.005612285002265782e-05
1.054934066620836228e-03,0.000000000000000000e+00,8.842235076434136140e-05,-5.849742897372199341e-04,0.000000000000000000e+00,6.227582845159930491e-03,5.869795218698400181e-05,5.869795218698369010e-05,5.869795218716517877e-05,5.869795218716749625e-05
1.059933754140366139e-03,0.000000000000000000e+00,8.809028967415505665e-05,-5.881584628391593348e-04,0.000000000000000000e+00,6.227582210726537518e-03,5.755583566667280335e-05,5.755583566667224092e-05,5.755583566685623680e-05,5.755583566685881856e-05
1.064933441659896268e-03,0.000000000000000000e+00,8.780063355846195235e-05,-5.913423907217519541e-04,0.000000000000000000e+00,6.227581408303997645e-03,5.663864228385930591e-05,5.663864228385851309e-05,5.663864228403645099e-05,5.663864228403929025e-05
1.069933129179426179e-03,0.000000000000000000e+00,8.754618515063011645e-05,-5.945260733849980087e-04,0.000000000000000000e+00,6.227580561868497830e-03,5.593694090422666418e-05,5.593694090422567485e-05,5.593694090438968753e-05,5.593694090439276396e-05
1.074932816698956307e-03,0.000000000000000000e+00,8.731986039326711225e-05,-5.977095108288974987e-04,0.000000000000000000e+00,6.227579800936270012e-03,5.542403040775207104e-05,5.542403040775088519e-05,5.542403040789445389e-05,5.542403040789774715e-05
1.079932504218486218e-03,0.000000000000000000e+00,8.711504785970992405e-05,-6.008927030534503156e-04,0.000000000000000000e+00,6.227579236476968663e-03,5.505791542902390340e-05,5.505791542902254137e-05,5.505791542914094980e-05,5.505791542914448023e-05
1.084932191738016347e-03,0.000000000000000000e+00,8.692594266197672839e-05,-6.040756500586565679e-04,0.000000000000000000e+00,6.227578939782509732e-03,5.478411240900531761e-05,5.478411240900376585e-05,5.478411240909446614e-05,5.478411240909819308e-05
1.089931879257546475e-03,0.000000000000000000e+00,8.674784003279216145e-05,-6.072583518445161472e-04,0.000000000000000000e+00,6.227578928627505728e-03,5.453912350039528175e-05,5.453912350039356058e-05,5.453912350045620714e-05,5.453912350046013059e-05
1.094931566777076386e-03,0.000000000000000000e+00,8.657737577808022388e-05,-6.104408084110290534e-04,0.000000000000000000e+00,6.227579163755264137e-03,5.425437803942127925e-05,5.425437803941942933e-05,5.425437803945581787e-05,5.425437803945989718e-05
1.099931254296606514e-03,0.000000000000000000e+00,8.641270331414601595e-05,-6.136230197581955034e-04,0.000000000000000000e+00,6.227579556725019831e-03,5.386041503831767453e-05,5.386041503831568231e-05,5.386041503832925516e-05,5.386041503833346322e-05
1.104930941816136426e-03,0.000000000000000000e+00,8.625359990489537480e-05,-6.168049858860151719e-04,0.000000000000000000e+00,6.227579987856267721e-03,5.329106701428087229e-05,5.329106701427883264e-05,5.329106701427411636e-05,5.329106701427841928e-05
1.109930629335666554e-03,0.000000000000000000e+00,8.610149786185021048e-05,-6.199867067944881674e-04,0.000000000000000000e+00,6.227580330882989332e-03,5.248740623013522448e-05,5.248740623013317804e-05,5.248740623011522772e-05,5.248740623011957131e-05
1.114930316855196465e-03,0.000000000000000000e+00,8.595943972181685510e-05,-6.231681824836145982e-04,0.000000000000000000e+00,6.227580479443091920e-03,5.140122903813259430e-05,5.140122903813063596e-05,5.140122903810422208e-05,5.140122903810849113e-05
1.119930004374726593e-03,0.000000000000000000e+00,8.583195963406749403e-05,-6.263494129533943560e-04,0.000000000000000000e+00,6.227580370014591804e-03,4.999788163278992830e-05,4.999788163278812581e-05,4.999788163275712441e-05,4.999788163276125115e-05
1.124929691894256505e-03,0.000000000000000000e+00,8.572489623877511044e-05,-6.295303982038276576e-04,0.000000000000000000e+00,6.227579996508071820e-03,4.825826950625154867e-05,4.825826950625000368e-05,4.825826950621681354e-05,4.825826950622070312e-05
1.129929379413786633e-03,0.000000000000000000e+00,8.564514508204308348e-05,-6.327111382349141777e-04,0.000000000000000000e+00,6.227579413337090697e-03,4.617994096492127596e-05,4.617994096492009689e-05,4.617994096488540242e-05,4.617994096488896674e-05
1.134929066933316544e-03,0.000000000000000000e+00,8.560036098818874341e-05,-6.358916330466540248e-04,0.000000000000000000e+00,6.227578726096660335e-03,4.377718937993714499e-05,4.377718937993644026e-05,4.377718937989905562e-05,4.377718937990215237e-05
1.139928754452846672e-03,0.000000000000000000e+00,8.559862271522300362e-05,-6.390718826390474156e-04,0.000000000000000000e+00,6.227578071511166886e-03,4.108017621210091364e-05,4.108017621210077134e-05,4.108017621205776917e-05,4.108017621206032382e-05
1.144928441972376800e-03,0.000000000000000000e+00,8.564807359533185903e-05,-6.422518870120941335e-04,0.000000000000000000e+00,6.227577590538352359e-03,3.813313390460961149e-05,3.813313390461011971e-05,3.813313390455725131e-05,3.813313390455916221e-05
1.149928129491906712e-03,0.000000000000000000e+00,8.575655267251986065e-05,-6.454316461657941782e-04,0.000000000000000000e+00,6.227577399964948947e-03,3.499176113000620065e-05,3.499176113000742716e-05,3.499176112993973906e-05,3.499176112994094523e-05
1.154927817011436840e-03,0.000000000000000000e+00,8.593123108156700918e-05,-6.486111601001476584e-04,0.000000000000000000e+00,6.227577568192881399e-03,3.171996949041797819e-05,3.171996949041999074e-05,3.171996949033253628e-05,3.171996949033296996e-05
1.159927504530966751e-03,0.000000000000000000e+00,8.617826807545719186e-05,-6.517904288151543570e-04,0.000000000000000000e+00,6.227578100111007264e-03,2.838617788990507583e-05,2.838617788990786765e-05,2.838617788979652009e-05,2.838617788979618127e-05
1.164927192050496879e-03,0.000000000000000000e+00,8.650250023232225938e-05,-6.549694523108145995e-04,0.000000000000000000e+00,6.227578934141464809e-03,2.505937628018400825e-05,2.505937628018759967e-05,2.505937628004982807e-05,2.505937628004870321e-05
1.169926879570026791e-03,0.000000000000000000e+00,8.690717600561932634e-05,-6.581482305871281689e-04,0.000000000000000000e+00,6.227579952116902261e-03,2.180519287517429283e-05,2.180519287517862287e-05,2.180519287501416972e-05,2.180519287501230964e-05
1.174926567089556919e-03,0.000000000000000000e+00,8.739374598593331264e-05,-6.613267636440949568e-04,0.000000000000000000e+00,6.227581000090064503e-03,1.868219756181114372e-05,1.868219756181617848e-05,1.868219756162745615e-05,1.868219756162491167e-05
1.179926254609086830e-03,0.000000000000000000e+00,8.796171709478470963e-05,-6.645050514817152885e-04,0.000000000000000000e+00,6.227581916025425046e-03,1.573865924433106848e-05,1.573865924433669278e-05,1.573865924412904096e-05,1.573865924412589677e-05
1.184925942128616959e-03,0.000000000000000000e+00,8.860857651445348869e-05,-6.676830940999889472e-04,0.000000000000000000e+00,6.227582559008263026e-03,1.300994718872350020e-05,1.300994718872961408e-05,1.300994718851110330e-05,1.300994718850747800e-05
1.189925629648146870e-03,0.000000000000000000e+00,8.932978856313603848e-05,-6.708608914989160413e-04,0.000000000000000000e+00,6.227582834382547165e-03,1.051672776753261100e-05,1.051672776753908911e-05,1.051672776732015820e-05,1.051672776731618053e-05
1.194925317167676998e-03,0.000000000000000000e+00,9.011886504451736119e-05,-6.740384436784964623e-04,0.000000000000000000e+00,6.227582710117402984e-03,8.264060665618627266e-06,8.264060665625320520e-06,8.264060665418046476e-06,8.264060665413850275e-06
1.199925004687207126e-03,0.000000000000000000e+00,9.096750692767367795e-05,-6.772157506387302102e-04,0.000000000000000000e+00,6.227582221495491822e-03,6.241445415230112771e-06,6.241445415236881412e-06,6.241445415054043421e-06,6.241445415049786233e-06
1.204924692206737038e-03,0.000000000000000000e+00,9.186581263697903227e-05,-6.803928123796173935e-04,0.000000000000000000e+00,6.227581463528510976e-03,4.423813231590648918e-06,4.423813231597343867e-06,4.423813231451374679e-06,4.423813231447187795e-06
1.209924379726267166e-03,0.000000000000000000e+00,9.280254583716954101e-05,-6.835696289011580122e-04,0.000000000000000000e+00,6.227580572856128774e-03,2.773403804880243654e-06,2.773403804886718374e-06,2.773403804788548949e-06,2.773403804784583141e-06
1.214924067245797077e-03,0.000000000000000000e+00,9.376545346356120994e-05,-6.867462002033519579e-04,0.000000000000000000e+00,6.227579702806978861e-03,1.242415201136014578e-06,1.242415201142160649e-06,1.242415201100171532e-06,1.242415201096554701e-06
1.219923754765327205e-03,0.000000000000000000e+00,9.474162294036620792e-05,-6.899225262861992305e-04,0.000000000000000000e+00,6.227578996433155711e-03,-2.237296839373650609e-07,-2.237296839316594470e-07,-2.237296839124673745e-07,-2.237296839156437480e-07
1.224923442284857117e-03,0.000000000000000000e+00,9.571786610935764639e-05,-6.930986071496998300e-04,0.000000000000000000e+00,6.227578562489467437e-03,-1.682692026917824234e-06,-1.682692026912664110e-06,-1.682692026831345559e-06,-1.682692026833984913e-06
1.229923129804387245e-03,0.000000000000000000e+00,9.668111640324413133e-05,-6.962744427938538649e-04,0.000000000000000000e+00,6.227578458537088614e-03,-3.191317248531597178e-06,-3.191317248527040140e-06,-3.191317248386951055e-06,-3.191317248388994099e-06
1.234922817323917156e-03,0.000000000000000000e+00,9.761882527653707666e-05,-6.994500332186613352e-04,0.000000000000000000e+00,6.227578683818491521e-03,-4.801753719081261652e-06,-4.801753719077344972e-06,-4.801753718886064604e-06,-4.801753718887474066e-06
1.239922504843447284e-03,0.000000000000000000e+00,9.851934387103330202e-05,-7.026253784241220240e-04,0.000000000000000000e+00,6.227579182619629936e-03,-6.557815399272887526e-06,-6.557815399269621367e-06,-6.557815399038442359e-06,-6.557815399039194524e-06
1.244922192362977196e-03,0.000000000000000000e+00,9.937227634830082031e-05,-7.058004784102361482e-04,0.000000000000000000e+00,6.227579856903493923e-03,-8.491798968829075234e-06,-8.491798968826479925e-06,-8.491798968569612101e-06,-8.491798968569690028e-06
1.249921879882507324e-03,0.000000000000000000e+00,1.001687922576226589e-04,-7.089753331770037078e-04,0.000000000000000000e+00,6.227580585431369969e-03,-1.062193913959375453e-05,-1.062193913959180296e-05,-1.062193913932525525e-05,-1.062193913932470637e-05
1.254921567402037452e-03,0.000000000000000000e+00,1.009018866992957090e-04,-7.121499427244245943e-04,0.000000000000000000e+00,6.227581245647811382e-03,-1.295064866093518287e-05,-1.295064866093381746e-05,-1.295064866067412054e-05,-1.295064866067297535e-05
1.259921254921567363e-03,0.000000000000000000e+00,1.015665788493369352e-04,-7.153243070524989162e-04,0.000000000000000000e+00,6.227581734409166556e-03,-1.546364426113598775e-05,-1.546364426113517798e-05,-1.546364426089800198e-05,-1.546364426089632147e-05
1.264920942441097491e-03,0.000000000000000000e+00,1.021600415771827479e-04,-7.184984261612265650e-04,0.000000000000000000e+00,6.227581984146517147e-03,-1.813000913187111604e-05,-1.813000913187080772e-05,-1.813000913166970177e-05,-1.813000913166752659e-05
1.269920629960627403e-03,0.000000000000000000e+00,1.026816573438079819e-04,-7.216723000506075408e-04,0.000000000000000000e+00,6.227581972105283685e-03,-2.090318953628171573e-05,-2.090318953628183093e-05,-2.090318953612708817e-05,-2.090318953612448947e-05
1.274920317480157531e-03,0.000000000000000000e+00,1.031329982325243926e-04,-7.248459287206420604e-04,0.000000000000000000e+00,6.227581721648332500e-03,-2.372287078714393750e-05,-2.372287078714441523e-05,-2.372287078704223934e-05,-2.372287078703927811e-05
1.279920004999687442e-03,0.000000000000000000e+00,1.035177307469977890e-04,-7.280193121713299069e-04,0.000000000000000000e+00,6.227581295979078314e-03,-2.651762919974450528e-05,-2.651762919974525744e-05,-2.651762919969729166e-05,-2.651762919969405600e-05
1.284919692519217570e-03,0.000000000000000000e+00,1.038414488115563575e-04,-7.311924504026709720e-04,0.000000000000000000e+00,6.227580785802227029e-03,-2.920821441513105169e-05,-2.920821441513202747e-05,-2.920821441513532073e-05,-2.920821441513186484e-05
1.289919380038747482e-03,0.000000000000000000e+00,1.041114411238776939e-04,-7.343653434146654724e-04,0.000000000000000000e+00,6.227580293233114794e-03,-3.171128303782986288e-05,-3.171128303783098774e-05,-3.171128303787837415e-05,-3.171128303787478273e-05
1.294919067558277610e-03,0.000000000000000000e+00,1.043364015348969241e-04,-7.375379912073132998e-04,0.000000000000000000e+00,6.227579914622974160e-03,-3.394338161548938858e-05,-3.394338161549059475e-05,-3.394338161557145590e-05,-3.394338161556779672e-05
1.299918755077807521e-03,0.000000000000000000e+00,1.045260933634551591e-04,-7.407103937806146709e-04,0.000000000000000000e+00,6.227579724903624554e-03,-3.582496574119721825e-05,-3.582496574119841087e-05,-3.582496574129981088e-05,-3.582496574129617203e-05
1.304918442597337649e-03,0.000000000000000000e+00,1.046909803991009485e-04,-7.438825511345692606e-04,0.000000000000000000e+00,6.227579765648794813e-03,-3.728424291901699140e-05,-3.728424291901815015e-05,-3.728424291912606214e-05,-3.728424291912245717e-05
1.309918130116867778e-03,0.000000000000000000e+00,1.048418387222245605e-04,-7.470544632691771773e-04,0.000000000000000000e+00,6.227580038409613085e-03,-3.826063952468619482e-05,-3.826063952468722481e-05,-3.826063952478798107e-05,-3.826063952478451162e-05
1.314917817636397689e-03,0.000000000000000000e+00,1.049893643084004029e-04,-7.502261301844386377e-04,0.000000000000000000e+00,6.227580504119427547e-03,-3.870771575965470531e-05,-3.870771575965551846e-05,-3.870771575973717244e-05,-3.870771575973389273e-05
1.319917505155927817e-03,0.000000000000000000e+00,1.051437916347198055e-04,-7.533975518803534251e-04,0.000000000000000000e+00,6.227581088571213994e-03,-3.859538536906457991e-05,-3.859538536906512878e-05,-3.859538536911865449e-05,-3.859538536911566616e-05
1.324917192675457728e-03,0.000000000000000000e+00,1.053145381436051460e-04,-7.565687283569215394e-04,0.000000000000000000e+00,6.227581693218358846e-03,-3.791133699752576112e-05,-3.791133699752598473e-05,-3.791133699754615767e-05,-3.791133699754348105e-05
1.329916880194987857e-03,0.000000000000000000e+00,1.055098884424717409e-04,-7.597396596141430892e-04,0.000000000000000000e+00,6.227582209887554988e-03,-3.666159894211147672e-05,-3.666159894211131409e-05,-3.666159894209723979e-05,-3.666159894209498329e-05
1.334916567714517768e-03,0.000000000000000000e+00,1.057367305501327498e-04,-7.629103456520179658e-04,0.000000000000000000e+00,6.227582537464649778e-03,-3.487023606135494888e-05,-3.487023606135433902e-05,-3.487023606130955469e-05,-3.487023606130773865e-05
1.339916255234047896e-03,0.000000000000000000e+00,1.060003543939535973e-04,-7.660807864705462778e-04,0.000000000000000000e+00,6.227582598268961885e-03,-3.257821398673430279e-05,-3.257821398673319148e-05,-3.257821398666527977e-05,-3.257821398666397195e-05
1.344915942753577807e-03,0.000000000000000000e+00,1.063043201918542765e-04,-7.692509820697280253e-04,0.000000000000000000e+00,6.227582351724102704e-03,-2.984150893977101428e-05,-2.984150893976937442e-05,-2.984150893968920106e-05,-2.984150893968842857e-05
1.349915630273107936e-03,0.000000000000000000e+00,1.066504014199648042e-04,-7.724209324495628828e-04,0.000000000000000000e+00,6.227581803118776606e-03,-2.672857902284271617e-05,-2.672857902284050372e-05,-2.672857902276113334e-05,-2.672857902276094361e-05
1.354915317792637847e-03,0.000000000000000000e+00,1.070386038894548275e-04,-7.755906376100512841e-04,0.000000000000000000e+00,6.227581005765275672e-03,-2.331734285693190561e-05,-2.331734285692913073e-05,-2.331734285686443774e-05,-2.331734285686480704e-05
1.359915005312167975e-03,0.000000000000000000e+00,1.074672591692791429e-04,-7.787600975511930123e-04,0.000000000000000000e+00,6.227580055700072947e-03,-1.969183241559050948e-05,-1.969183241558718233e-05,-1.969183241555036350e-05,-1.969183241555129524e-05
1.364914692831697886e-03,0.000000000000000000e+00,1.079331873392597852e-04,-7.819293122729881760e-04,0.000000000000000000e+00,6.227579079162074913e-03,-1.593869795484429571e-05,-1.593869795484045357e-05,-1.593869795484269990e-05,-1.593869795484415002e-05
1.369914380351228015e-03,0.000000000000000000e+00,1.084319209870990633e-04,-7.850982817754366665e-04,0.000000000000000000e+00,6.227578214291160444e-03,-1.214374377668920685e-05,-1.214374377668491239e-05,-1.214374377673404877e-05,-1.214374377673597323e-05
1.374914067870758143e-03,0.000000000000000000e+00,1.089579796167884656e-04,-7.882670060585384841e-04,0.000000000000000000e+00,6.227577589615625187e-03,-8.388664510899341518e-06,-8.388664510894677754e-06,-8.388664510994297299e-06,-8.388664510996601229e-06
1.379913755390288054e-03,0.000000000000000000e+00,1.095051813468596644e-04,-7.914354851222937370e-04,0.000000000000000000e+00,6.227577302716343077e-03,-4.748133548116763121e-06,-4.748133548111821531e-06,-4.748133548260726535e-06,-4.748133548263320150e-06
1.384913442909818182e-03,0.000000000000000000e+00,1.100669770598009314e-04,-7.946037189667024252e-04,0.000000000000000000e+00,6.227577402760550371e-03,-1.287369597086100357e-06,-1.287369597080997830e-06,-1.287369597273089656e-06,-1.287369597275845901e-06
1.389913130429348094e-03,0.000000000000000000e+00,1.106367911097472126e-04,-7.977717075917644405e-04,0.000000000000000000e+00,6.227577880252375096e-03,1.939724141105592445e-06,1.939724141110727159e-06,1.939724140886087245e-06,1.939724140883288648e-06
1.394912817948878222e-03,0.000000000000000000e+00,1.112083523661812058e-04,-8.009394509974797826e-04,0.000000000000000000e+00,6.227578666329324289e-03,4.891788924242348367e-06,4.891788924247383131e-06,4.891788924004481187e-06,4.891788924001785928e-06
1.399912505468408133e-03,0.000000000000000000e+00,1.117759997957769362e-04,-8.041069491838485602e-04,0.000000000000000000e+00,6.227579642362704275e-03,7.540585073187813271e-06,7.540585073192610866e-06,7.540585072948238472e-06,7.540585072945770218e-06
1.404912192987938261e-03,0.000000000000000000e+00,1.123349479560642168e-04,-8.072742021508706647e-04,0.000000000000000000e+00,6.227580658748356132e-03,9.870925884550408883e-06,9.870925884554845642e-06,9.870925884326798961e-06,9.870925884324694932e-06
1.409911880507468173e-03,0.000000000000000000e+00,1.128814996504756625e-04,-8.104412098985462045e-04,0.000000000000000000e+00,6.227581559951180304e-03,1.188001790484959809e-05,1.188001790485355204e-05,1.188001790465908853e-05,1.188001790465745375e-05
1.414911568026998301e-03,0.000000000000000000e+00,1.134131954965313777e-04,-8.136079724268749629e-04,0.000000000000000000e+00,6.227582211470554345e-03,1.357628346934512950e-05,1.357628346934851594e-05,1.357628346920273818e-05,1.357628346920166415e-05
1.419911255546528212e-03,0.000000000000000000e+00,1.139288931772023490e-04,-8.167744897358571567e-04,0.000000000000000000e+00,6.227582523750723083e-03,1.497776425232441056e-05,1.497776425232716511e-05,1.497776425224164189e-05,1.497776425224120312e-05
1.424910943066058340e-03,0.000000000000000000e+00,1.144287725420376075e-04,-8.199407618254927858e-04,0.000000000000000000e+00,6.227582468366513711e-03,1.611022038784400129e-05,1.611022038784608161e-05,1.611022038782777892e-05,1.611022038782800931e-05
1.429910630585588469e-03,0.000000000000000000e+00,1.149142663402864730e-04,-8.231067886957817419e-04,0.000000000000000000e+00,6.227582083081280306e-03,1.700504795562213323e-05,1.700504795562354270e-05,1.700504795567410717e-05,1.700504795567500503e-05
1.434910318105118380e-03,0.000000000000000000e+00,1.153879200299644698e-04,-8.262725703467241334e-04,0.000000000000000000e+00,6.227581464406257636e-03,1.769713823440482577e-05,1.769713823440559826e-05,1.769713823452118438e-05,1.769713823452272598e-05
1.439910005624648508e-03,0.000000000000000000e+00,1.158531876361458009e-04,-8.294381067783198518e-04,0.000000000000000000e+00,6.227580748716220020e-03,1.822279552819092220e-05,1.822279552819111193e-05,1.822279552836265643e-05,1.822279552836478079e-05
1.444909693144178419e-03,0.000000000000000000e+00,1.163141738537153033e-04,-8.326033979905688972e-04,0.000000000000000000e+00,6.227580085313111531e-03,1.861781741952302130e-05,1.861781741952271975e-05,1.861781741973674465e-05,1.861781741973936367e-05
1.449909380663708548e-03,0.000000000000000000e+00,1.167753353418010594e-04,-8.357684439834714863e-04,0.000000000000000000e+00,6.227579606583624056e-03,1.891582320175719240e-05,1.891582320175651138e-05,1.891582320199624543e-05,1.891582320199925409e-05
1.454909068183238459e-03,0.000000000000000000e+00,1.172411562974595510e-04,-8.389332447570274024e-04,0.000000000000000000e+00,6.227579401170945002e-03,1.914689445064750967e-05,1.914689445064657455e-05,1.914689445089347449e-05,1.914689445089674743e-05
1.459908755702768587e-03,0.000000000000000000e+00,1.177158148117317111e-04,-8.420978003112365370e-04,0.000000000000000000e+00,6.227579495665867305e-03,1.933656782794267477e-05,1.933656782794161428e-05,1.933656782817699457e-05,1.933656782818040642e-05
1.464908443222298498e-03,0.000000000000000000e+00,1.182028571235288678e-04,-8.452621106460992155e-04,0.000000000000000000e+00,6.227579848753161083e-03,1.950519591757032459e-05,1.950519591756927427e-05,1.950519591777591643e-05,1.950519591777933505e-05
1.469908130741828627e-03,0.000000000000000000e+00,1.187048966568839082e-04,-8.484261757616151124e-04,0.000000000000000000e+00,6.227580359308549848e-03,1.966766875731356464e-05,1.966766875731263629e-05,1.966766875747632710e-05,1.966766875747962036e-05
1.474907818261358538e-03,0.000000000000000000e+00,1.192233536577873613e-04,-8.515899956577845532e-04,0.000000000000000000e+00,6.227580887110517778e-03,1.983346815032175966e-05,1.983346815032107187e-05,1.983346815043174859e-05,1.983346815043482501e-05
1.479907505780888666e-03,0.000000000000000000e+00,1.197582493833762552e-04,-8.547535703346072124e-04,0.000000000000000000e+00,6.227581282191745060e-03,2.000700996602773523e-05,2.000700996602735237e-05,2.000700996607998022e-05,2.000700996608276527e-05
1.484907193300418794e-03,0.000000000000000000e+00,1.203080662245437397e-04,-8.579168997920831987e-04,0.000000000000000000e+00,6.227581416967822511e-03,2.018821728930255216e-05,2.018821728930252505e-05,2.018821728929739881e-05,2.018821728929984504e-05
1.489906880819948706e-03,0.000000000000000000e+00,1.208696819856719531e-04,-8.610799840302127287e-04,0.000000000000000000e+00,6.227581214564062093e-03,2.037325990621383629e-05,2.037325990621417849e-05,2.037325990615675644e-05,2.037325990615884353e-05
1.494906568339478834e-03,0.000000000000000000e+00,1.214383829555791387e-04,-8.642428230489955857e-04,0.000000000000000000e+00,6.227580667394863254e-03,2.055539330413675857e-05,2.055539330413747685e-05,2.055539330403774041e-05,2.055539330403947514e-05
1.499906255859008745e-03,0.000000000000000000e+00,1.220079565585513074e-04,-8.674054168484317696e-04,0.000000000000000000e+00,6.227579841932091333e-03,2.072583283028804936e-05,2.072583283028907935e-05,2.072583283016045909e-05,2.072583283016191260e-05
1.504905943378538873e-03,0.000000000000000000e+00,1.225708604645110180e-04,-8.705677654285213889e-04,0.000000000000000000e+00,6.227578868360257938e-03,2.087460528984526437e-05,2.087460528984652814e-05,2.087460528970456542e-05,2.087460528970578854e-05
1.509905630898068785e-03,0.000000000000000000e+00,1.231184612585699636e-04,-8.737298687892643351e-04,0.000000000000000000e+00,6.227577916895032754e-03,2.099133020400141959e-05,2.099133020400282905e-05,2.099133020386352940e-05,2.099133020386463732e-05
1.514905318417598913e-03,0.000000000000000000e+00,1.236413323125985179e-04,-8.768917269306607167e-04,0.000000000000000000e+00,6.227577165300196040e-03,2.106589513569718267e-05,2.106589513569861923e-05,2.106589513557697175e-05,2.106589513557806273e-05
1.519905005937128824e-03,0.000000000000000000e+00,1.241295975398819989e-04,-8.800533398527105337e-04,0.000000000000000000e+00,6.227576763998775994e-03,2.108900277513083739e-05,2.108900277513221636e-05,2.108900277504064533e-05,2.108900277504182101e-05
1.524904693456658952e-03,0.000000000000000000e+00,1.245733053988363483e-04,-8.832147075554135692e-04,0.000000000000000000e+00,6.227576805742199816e-03,2.105258070166716298e-05,2.105258070166836237e-05,2.105258070161556173e-05,2.105258070161694070e-05
1.529904380976188864e-03,0.000000000000000000e+00,1.249628159611995953e-04,-8.863758300387700401e-04,0.000000000000000000e+00,6.227577305951113168e-03,2.095005683005561265e-05,2.095005683005655455e-05,2.095005683004669847e-05,2.095005683004837221e-05
1.534904068495718992e-03,0.000000000000000000e+00,1.252891831535697567e-04,-8.895367073027798379e-04,0.000000000000000000e+00,6.227578197743508306e-03,2.077651359663948343e-05,2.077651359664008313e-05,2.077651359667242624e-05,2.077651359667447267e-05
1.539903756015249120e-03,0.000000000000000000e+00,1.255445144552702163e-04,-8.926973393474430711e-04,0.000000000000000000e+00,6.227579342750684185e-03,2.052874126310094338e-05,2.052874126310115345e-05,2.052874126317020357e-05,2.052874126317265658e-05
1.544903443534779031e-03,0.000000000000000000e+00,1.257222913821034365e-04,-8.958577261727596313e-04,0.000000000000000000e+00,6.227580555688843819e-03,2.020521490215253810e-05,2.020521490215234836e-05,2.020521490224847305e-05,2.020521490225135635e-05
1.549903131054309159e-03,0.000000000000000000e+00,1.258176359519354727e-04,-8.990178677787295184e-04,0.000000000000000000e+00,6.227581637944388550e-03,1.980602056864892279e-05,1.980602056864834681e-05,1.980602056875876602e-05,1.980602056876205929e-05
1.554902818573839071e-03,0.000000000000000000e+00,1.258275109198115987e-04,-9.021777641653528409e-04,0.000000000000000000e+00,6.227582413691281488e-03,1.933275403360592355e-05,1.933275403360501892e-05,1.933275403371516709e-05,1.933275403371884999e-05
1.559902506093369199e-03,0.000000000000000000e+00,1.257508447561419846e-04,-9.053374153326295987e-04,0.000000000000000000e+00,6.227582761628967095e-03,1.878841072182967873e-05,1.878841072182852676e-05,1.878841072192361468e-05,1.878841072192758557e-05
1.564902193612899110e-03,0.000000000000000000e+00,1.255885759601195679e-04,-9.084968212805596835e-04,0.000000000000000000e+00,6.227582636374187457e-03,1.817727882679197969e-05,1.817727882679067187e-05,1.817727882685716734e-05,1.817727882686133136e-05
1.569901881132429238e-03,0.000000000000000000e+00,1.253436151690540796e-04,-9.116559820091430953e-04,0.000000000000000000e+00,6.227582075641891791e-03,1.750483982307687229e-05,1.750483982307551027e-05,1.750483982310261532e-05,1.750483982310687081e-05
1.574901568651959150e-03,0.000000000000000000e+00,1.250207274478159797e-04,-9.148148975183799424e-04,0.000000000000000000e+00,6.227581192160260189e-03,1.677767268941852388e-05,1.677767268941724656e-05,1.677767268939802568e-05,1.677767268940222697e-05
1.579901256171489278e-03,0.000000000000000000e+00,1.246263409242828052e-04,-9.179735678082701165e-04,0.000000000000000000e+00,6.227580152202763335e-03,1.600335103250974378e-05,1.600335103250867313e-05,1.600335103244086984e-05,1.600335103244490172e-05
1.584900943691019189e-03,0.000000000000000000e+00,1.241682913881156434e-04,-9.211319928788138343e-04,0.000000000000000000e+00,6.227579145098367797e-03,1.519031682569387457e-05,1.519031682569311563e-05,1.519031682557943365e-05,1.519031682558319278e-05
1.589900631210549318e-03,0.000000000000000000e+00,1.236555154209554219e-04,-9.242901727300107707e-04,0.000000000000000000e+00,6.227578349626433814e-03,1.434771135718207257e-05,1.434771135718173207e-05,1.434771135702972862e-05,1.434771135703311505e-05
1.594900318730079446e-03,0.000000000000000000e+00,1.230977069326055979e-04,-9.274481073618610341e-04,0.000000000000000000e+00,6.227577903549357495e-03,1.348514371252437949e-05,1.348514371252451332e-05,1.348514371234590457e-05,1.348514371234884885e-05
1.599900006249609357e-03,0.000000000000000000e+00,1.225049535303384329e-04,-9.306057967743647328e-04,0.000000000000000000e+00,6.227577881670154185e-03,1.261237992446564891e-05,1.261237992446630112e-05,1.261237992427593216e-05,1.261237992427839364e-05
1.604899693769139485e-03,0.000000000000000000e+00,1.218873698769379636e-04,-9.337632409675217585e-04,0.000000000000000000e+00,6.227578285953962872e-03,1.173894174813001680e-05,1.173894174813119248e-05,1.173894174794564144e-05,1.173894174794761842e-05
1.609899381288669397e-03,0.000000000000000000e+00,1.212547450699459135e-04,-9.369204399413322195e-04,0.000000000000000000e+00,6.227579048835077055e-03,1.087361250482713699e-05,1.087361250482881412e-05,1.087361250466486920e-05,1.087361250466636336e-05
1.614899068808199525e-03,0.000000000000000000e+00,1.206162201159412874e-04,-9.400773936957960075e-04,0.000000000000000000e+00,6.227580048346566255e-03,1.002385795433860779e-05,1.002385795434071521e-05,1.002385795421370770e-05,1.002385795421480715e-05
1.619898756327729436e-03,0.000000000000000000e+00,1.199800098380222695e-04,-9.432341022309131224e-04,0.000000000000000000e+00,6.227581131641026467e-03,9.195181843665785641e-06,9.195181843668272530e-06,9.195181843590657207e-06,9.195181843591416148e-06
1.624898443847259564e-03,0.000000000000000000e+00,1.193531811392016138e-04,-9.463905655466837812e-04,0.000000000000000000e+00,6.227582142185785451e-03,8.390447612832898172e-06,8.390447612835651029e-06,8.390447612815818599e-06,8.390447612816343760e-06
1.629898131366789476e-03,0.000000000000000000e+00,1.187414965796385139e-04,-9.495467836431077668e-04,0.000000000000000000e+00,6.227582945600330412e-03,7.609208599271986820e-06,7.609208599274887061e-06,7.609208599316291726e-06,7.609208599316683055e-06
1.634897818886319604e-03,0.000000000000000000e+00,1.181493288679718868e-04,-9.527027565201849710e-04,0.000000000000000000e+00,6.227583449739524345e-03,6.847097854454425658e-06,6.847097854457381803e-06,6.847097854558158395e-06,6.847097854558526007e-06
1.639897506405849515e-03,0.000000000000000000e+00,1.175796482904587577e-04,-9.558584841779157191e-04,0.000000000000000000e+00,6.227583616011501434e-03,6.095334343257832242e-06,6.095334343260735871e-06,6.095334343413877734e-06,6.095334343414330049e-06
1.644897193925379643e-03,0.000000000000000000e+00,1.170340814883520680e-04,-9.590139666162997940e-04,0.000000000000000000e+00,6.227583460726527319e-03,5.340403990301408215e-06,5.340403990304188177e-06,5.340403990498140087e-06,5.340403990498736398e-06
1.649896881444909771e-03,0.000000000000000000e+00,1.165130365248450252e-04,-9.621692038353373043e-04,0.000000000000000000e+00,6.227583047126072219e-03,4.563971177158460170e-06,4.563971177161052091e-06,4.563971177380736862e-06,4.563971177381546626e-06
1.654896568964439683e-03,0.000000000000000000e+00,1.160158860281678604e-04,-9.653241958350280332e-04,0.000000000000000000e+00,6.227582470295647647e-03,3.743068607526419908e-06,3.743068607528798376e-06,3.743068607757017851e-06,3.743068607758066478e-06
1.659896256483969811e-03,0.000000000000000000e+00,1.155411975080437441e-04,-9.684789426153720890e-04,0.000000000000000000e+00,6.227581838171486472e-03,2.850601030617402315e-06,2.850601030619575801e-06,2.850601030838577864e-06,2.850601030839853496e-06
1.664895944003499722e-03,0.000000000000000000e+00,1.150869978430618971e-04,-9.716334441763696886e-04,0.000000000000000000e+00,6.227581252194074914e-03,1.856181606995865627e-06,1.856181606997876483e-06,1.856181607190942397e-06,1.856181607192407764e-06
1.669895631523029850e-03,0.000000000000000000e+00,1.146510575185086299e-04,-9.747877005180206151e-04,0.000000000000000000e+00,6.227580790862359897e-03,7.272995390697962854e-07,7.272995390717105799e-07,7.272995392247304700e-07,7.272995392263110334e-07
1.674895319042559762e-03,0.000000000000000000e+00,1.142311795133029698e-04,-9.779417116403247602e-04,0.000000000000000000e+00,6.227580498635954497e-03,-5.692048828967308213e-07,-5.692048828948057272e-07,-5.692048827921290286e-07,-5.692048827905330068e-07
1.679895006562089890e-03,0.000000000000000000e+00,1.138254778079366374e-04,-9.810954775432826659e-04,0.000000000000000000e+00,6.227580381523392661e-03,-2.065405043423354196e-06,-2.065405043421319623e-06,-2.065405043374551545e-06,-2.065405043373050603e-06
1.684894694081619801e-03,0.000000000000000000e+00,1.134326312914518740e-04,-9.842489982268935733e-04,0.000000000000000000e+00,6.227580409505959445e-03,-3.790362497716454315e-06,-3.790362497714180031e-06,-3.790362497723704917e-06,-3.790362497722422509e-06
1.689894381601149929e-03,0.000000000000000000e+00,1.130521003269773178e-04,-9.874022736911579161e-04,0.000000000000000000e+00,6.227580524876282983e-03,-5.768101503083749470e-06,-5.768101503081127056e-06,-5.768101503142218460e-06,-5.768101503141279101e-06
1.694894069120679841e-03,0.000000000000000000e+00,1.126842953024298011e-04,-9.905553039360756942e-04,0.000000000000000000e+00,6.227580654760188697e-03,-8.015590337524239659e-06,-8.015590337521166623e-06,-8.015590337624535136e-06,-8.015590337624037081e-06
1.699893756640209969e-03,0.000000000000000000e+00,1.123306890291392226e-04,-9.937080889616466909e-04,0.000000000000000000e+00,6.227580725612757301e-03,-1.054084723080182549e-05,-1.054084723079822051e-05,-1.054084723093093364e-05,-1.054084723093095396e-05
1.704893444159739880e-03,0.000000000000000000e+00,1.119938677199212759e-04,-9.968606287678713398e-04,0.000000000000000000e+00,6.227580677346775812e-03,-1.334129325109295746e-05,-1.334129325108877142e-05,-1.334129325123562322e-05,-1.334129325123621445e-05
1.709893131679270008e-03,0.000000000000000000e+00,1.116775183306689082e-04,-1.000012923354749207e-03,0.000000000000000000e+00,6.227580474930172368e-03,-1.640247163588923107e-05,-1.640247163588446396e-05,-1.640247163602941841e-05,-1.640247163603058392e-05
1.714892819198800137e-03,0.000000000000000000e+00,1.113863531326998062e-04,-1.003164972722280293e-03,0.000000000000000000e+00,6.227580115720604027e-03,-1.969724245259087611e-05,-1.969724245258558046e-05,-1.969724245271339773e-05,-1.969724245271509857e-05
1.719892506718330048e-03,0.000000000000000000e+00,1.111259753472970181e-04,-1.006316776870465031e-03,0.000000000000000000e+00,6.227579631423832938e-03,-2.318554323476395776e-05,-2.318554323475822165e-05,-2.318554323485593537e-05,-2.318554323485806651e-05
1.724892194237860176e-03,0.000000000000000000e+00,1.109026923806226466e-04,-1.009468335799302988e-03,0.000000000000000000e+00,6.227579084301920059e-03,-2.681478098508353720e-05,-2.681478098507747922e-05,-2.681478098513563651e-05,-2.681478098513808613e-05
1.729891881757390087e-03,0.000000000000000000e+00,1.107232855256310420e-04,-1.012619649508794380e-03,0.000000000000000000e+00,6.227578558051584216e-03,-3.052088978012056081e-05,-3.052088978011436053e-05,-3.052088978012789273e-05,-3.052088978013048126e-05
1.734891569276920216e-03,0.000000000000000000e+00,1.105947468500134386e-04,-1.015770717998939207e-03,0.000000000000000000e+00,6.227578144549775034e-03,-3.423005271604360978e-05,-3.423005271603747726e-05,-3.423005271600621158e-05,-3.423005271600873913e-05
1.739891256796450127e-03,0.000000000000000000e+00,1.105239952948867217e-04,-1.018921541269737253e-03,0.000000000000000000e+00,6.227577928338653979e-03,-3.786104902557616957e-05,-3.786104902557031488e-05,-3.786104902549892694e-05,-3.786104902550116989e-05
1.744890944315980255e-03,0.000000000000000000e+00,1.105175847266396245e-04,-1.022072119321188952e-03,0.000000000000000000e+00,6.227577971200068049e-03,-4.132814906298258725e-05,-4.132814906297724755e-05,-4.132814906287472946e-05,-4.132814906287646419e-05
1.749890631835510166e-03,0.000000000000000000e+00,1.105814168029949134e-04,-1.025222452153293868e-03,0.000000000000000000e+00,6.227578299353414559e-03,-4.454444381539571533e-05,-4.454444381539109392e-05,-4.454444381526988689e-05,-4.454444381527090333e-05
1.754890319355040295e-03,0.000000000000000000e+00,1.107204710521301469e-04,-1.028372539766052004e-03,0.000000000000000000e+00,6.227578895622314266e-03,-4.742546396562395732e-05,-4.742546396562025070e-05,-4.742546396549495081e-05,-4.742546396549505923e-05
1.759890006874570206e-03,0.000000000000000000e+00,1.109385635657204178e-04,-1.031522382159463791e-03,0.000000000000000000e+00,6.227579698320540730e-03,-4.989291845712165934e-05,-4.989291845711902337e-05,-4.989291845700497208e-05,-4.989291845700398952e-05
1.764889694394100334e-03,0.000000000000000000e+00,1.112381442413756469e-04,-1.034671979333528797e-03,0.000000000000000000e+00,6.227580607639654660e-03,-5.187836585003312317e-05,-5.187836585003167305e-05,-5.187836584994331057e-05,-5.187836584994114894e-05
1.769889381913630462e-03,0.000000000000000000e+00,1.116201406640386363e-04,-1.037821331288247238e-03,0.000000000000000000e+00,6.227581499093227946e-03,-5.332662493347423599e-05,-5.332662493347401238e-05,-5.332662493342358342e-05,-5.332662493342019529e-05
1.774889069433160374e-03,0.000000000000000000e+00,1.120838545895927804e-04,-1.040970438023619115e-03,0.000000000000000000e+00,6.227582242274681823e-03,-5.419873496340046773e-05,-5.419873496340147062e-05,-5.419873496339765558e-05,-5.419873496339304772e-05
1.779888756952690502e-03,0.000000000000000000e+00,1.126269146947388178e-04,-1.044119299539644210e-03,0.000000000000000000e+00,6.227582722056012807e-03,-5.447429080500929189e-05,-5.447429080501143319e-05,-5.447429080505848079e-05,-5.447429080505274129e-05
1.784888444472220413e-03,0.000000000000000000e+00,1.132452868943668422e-04,-1.047267915836322741e-03,0.000000000000000000e+00,6.227582858637302488e-03,-5.415300379743171730e-05,-5.415300379743486826e-05,-5.415300379753222961e-05,-5.415300379752548723e-05
1.789888131991750541e-03,0.000000000000000000e+00,1.139333412066197431e-04,-1.050416286913654707e-03,0.000000000000000000e+00,6.227582622747173877e-03,-5.325537429472476224e-05,-5.325537429472872636e-05,-5.325537429487093980e-05,-5.325537429486339782e-05
1.794887819511280453e-03,0.000000000000000000e+00,1.146839719634025983e-04,-1.053564412771640108e-03,0.000000000000000000e+00,6.227582042887349657e-03,-5.182240492247153587e-05,-5.182240492247608274e-05,-5.182240492265331592e-05,-5.182240492264521828e-05
1.799887507030810581e-03,0.000000000000000000e+00,1.154887662043079975e-04,-1.056712293410278728e-03,0.000000000000000000e+00,6.227581202768246900e-03,-4.991433243697547312e-05,-4.991433243698029104e-05,-4.991433243717922181e-05,-4.991433243717083957e-05
1.804887194550340492e-03,0.000000000000000000e+00,1.163382134230801763e-04,-1.059859928829570783e-03,0.000000000000000000e+00,6.227580228810419317e-03,-4.760840807337469489e-05,-4.760840807337953314e-05,-4.760840807358453545e-05,-4.760840807357618709e-05
1.809886882069870620e-03,0.000000000000000000e+00,1.172219485083343291e-04,-1.063007319029516274e-03,0.000000000000000000e+00,6.227579269480107947e-03,-4.499580852905575796e-05,-4.499580852906028450e-05,-4.499580852925493267e-05,-4.499580852924690957e-05
1.814886569589400532e-03,0.000000000000000000e+00,1.181290187661515763e-04,-1.066154464010114983e-03,0.000000000000000000e+00,6.227578469912137954e-03,-4.217780924373237453e-05,-4.217780924373627088e-05,-4.217780924390481011e-05,-4.217780924389741721e-05
1.819886257108930660e-03,0.000000000000000000e+00,1.190481653448097324e-04,-1.069301363771366911e-03,0.000000000000000000e+00,6.227577946385849661e-03,-3.926139546414149806e-05,-3.926139546414454060e-05,-3.926139546427332349e-05,-3.926139546426681150e-05
1.824885944628460788e-03,0.000000000000000000e+00,1.199681091974363179e-04,-1.072448018313272491e-03,0.000000000000000000e+00,6.227577765487371173e-03,-3.635452201714346488e-05,-3.635452201714542322e-05,-3.635452201722418373e-05,-3.635452201721877627e-05
1.829885632147990699e-03,0.000000000000000000e+00,1.208778318976133924e-04,-1.075594427635831289e-03,0.000000000000000000e+00,6.227577932101560632e-03,-3.356125746754624477e-05,-3.356125746754694950e-05,-3.356125746756970419e-05,-3.356125746756557745e-05
1.834885319667520828e-03,0.000000000000000000e+00,1.217668421340162342e-04,-1.078740591739043523e-03,0.000000000000000000e+00,6.227578388813126767e-03,-3.097706067197574935e-05,-3.097706067197509205e-05,-3.097706067194064153e-05,-3.097706067193790392e-05
1.839885007187050739e-03,0.000000000000000000e+00,1.226254195112991112e-04,-1.081886510622909192e-03,0.000000000000000000e+00,6.227579027134697714e-03,-2.868443660026589461e-05,-2.868443660026383463e-05,-2.868443660017586517e-05,-2.868443660017453703e-05
1.844884694706580867e-03,0.000000000000000000e+00,1.234448283272321692e-04,-1.085032184287428080e-03,0.000000000000000000e+00,6.227579708639461795e-03,-2.674920338150391677e-05,-2.674920338150048459e-05,-2.674920338136709723e-05,-2.674920338136718194e-05
1.849884382226110778e-03,0.000000000000000000e+00,1.242174952284400501e-04,-1.088177612732600403e-03,0.000000000000000000e+00,6.227580292037592814e-03,-2.521757433818162044e-05,-2.521757433817689738e-05,-2.521757433800987265e-05,-2.521757433801126517e-05
1.854884069745640907e-03,0.000000000000000000e+00,1.249371460159965622e-04,-1.091322795958426161e-03,0.000000000000000000e+00,6.227580660937549403e-03,-2.411421857906231709e-05,-2.411421857905643191e-05,-2.411421857887005078e-05,-2.411421857887263931e-05
1.859883757265170818e-03,0.000000000000000000e+00,1.255988983260670567e-04,-1.094467733964905355e-03,0.000000000000000000e+00,6.227580746774691485e-03,-2.344141353759317126e-05,-2.344141353758632385e-05,-2.344141353739610396e-05,-2.344141353739967167e-05
1.864883444784700946e-03,0.000000000000000000e+00,1.261993084015399446e-04,-1.097612426752037768e-03,0.000000000000000000e+00,6.227580542259330242e-03,-2.317934530239943569e-05,-2.317934530239183950e-05,-2.317934530221302407e-05,-2.317934530221736427e-05
1.869883132304230857e-03,0.000000000000000000e+00,1.267363716545100790e-04,-1.100756874319823615e-03,0.000000000000000000e+00,6.227580102544663654e-03,-2.328755080885153142e-05,-2.328755080884343040e-05,-2.328755080868962277e-05,-2.328755080869449151e-05
1.874882819823760986e-03,0.000000000000000000e+00,1.272094781581948502e-04,-1.103901076668262898e-03,0.000000000000000000e+00,6.227579533779071738e-03,-2.370743337682702789e-05,-2.370743337681869648e-05,-2.370743337670066413e-05,-2.370743337670580731e-05
1.879882507343291114e-03,0.000000000000000000e+00,1.276193255673833407e-04,-1.107045033797355617e-03,0.000000000000000000e+00,6.227578971282237905e-03,-2.436572323705755487e-05,-2.436572323704922345e-05,-2.436572323697404758e-05,-2.436572323697922465e-05
1.884882194862821025e-03,0.000000000000000000e+00,1.279677932209588500e-04,-1.110188745707101554e-03,0.000000000000000000e+00,6.227578551730929279e-03,-2.517870104506960609e-05,-2.517870104506150507e-05,-2.517870104503201477e-05,-2.517870104503699532e-05
1.889881882382351153e-03,0.000000000000000000e+00,1.282577823049432938e-04,-1.113332212397500926e-03,0.000000000000000000e+00,6.227578384999701497e-03,-2.605695810240908514e-05,-2.605695810240140085e-05,-2.605695810241605114e-05,-2.605695810242065561e-05
1.894881569901881065e-03,0.000000000000000000e+00,1.284930279300658981e-04,-1.116475433868553734e-03,0.000000000000000000e+00,6.227578531398366389e-03,-2.691043477030689911e-05,-2.691043477029980097e-05,-2.691043477035304546e-05,-2.691043477035709767e-05
1.899881257421411193e-03,0.000000000000000000e+00,1.286778897869951977e-04,-1.119618410120259977e-03,0.000000000000000000e+00,6.227578988951343666e-03,-2.765346040285878272e-05,-2.765346040285237238e-05,-2.765346040293533756e-05,-2.765346040293874941e-05
1.904880944940941104e-03,0.000000000000000000e+00,1.288171286700104206e-04,-1.122761141152619439e-03,0.000000000000000000e+00,6.227579693298399173e-03,-2.820951529832000913e-05,-2.820951529831438145e-05,-2.820951529841582550e-05,-2.820951529841849535e-05
1.909880632460471232e-03,0.000000000000000000e+00,1.289156765924316119e-04,-1.125903626965632336e-03,0.000000000000000000e+00,6.227580530194864496e-03,-2.851544805740451998e-05,-2.851544805739972239e-05,-2.851544805750729896e-05,-2.851544805750920648e-05
1.914880319980001144e-03,0.000000000000000000e+00,1.289784084422384972e-04,-1.129045867559298668e-03,0.000000000000000000e+00,6.227581358000922572e-03,-2.852490983578131721e-05,-2.852490983577731583e-05,-2.852490983587884459e-05,-2.852490983587998300e-05
1.919880007499531272e-03,0.000000000000000000e+00,1.290099231331206424e-04,-1.132187862933618219e-03,0.000000000000000000e+00,6.227582035519829001e-03,-2.821080889021423244e-05,-2.821080889021100694e-05,-2.821080889029566280e-05,-2.821080889029604566e-05
1.924879695019061183e-03,0.000000000000000000e+00,1.290143419858887129e-04,-1.135329613088591422e-03,0.000000000000000000e+00,6.227582449498083456e-03,-2.756664233537015890e-05,-2.756664233536765846e-05,-2.756664233542706935e-05,-2.756664233542677458e-05
1.929879382538591311e-03,0.000000000000000000e+00,1.289951316219135847e-04,-1.138471118024217627e-03,0.000000000000000000e+00,6.227582536248117695e-03,-2.660662424554690217e-05,-2.660662424554508613e-05,-2.660662424557407838e-05,-2.660662424557319069e-05
1.934879070058121439e-03,0.000000000000000000e+00,1.289549579624619320e-04,-1.141612377740497267e-03,0.000000000000000000e+00,6.227582293149461906e-03,-2.536459670961325951e-05,-2.536459670961203639e-05,-2.536459670960912937e-05,-2.536459670960769281e-05
1.939878757577651351e-03,0.000000000000000000e+00,1.288955770095091477e-04,-1.144753392237430343e-03,0.000000000000000000e+00,6.227581777936564388e-03,-2.389177939162845100e-05,-2.389177939162774627e-05,-2.389177939159512873e-05,-2.389177939159322798e-05
1.944878445097181479e-03,0.000000000000000000e+00,1.288177669459846496e-04,-1.147894161515016853e-03,0.000000000000000000e+00,6.227581096220489304e-03,-2.225347964902888110e-05,-2.225347964902865409e-05,-2.225347964897186900e-05,-2.225347964896957524e-05
1.949878132616711390e-03,0.000000000000000000e+00,1.287213047559344263e-04,-1.151034685573256583e-03,0.000000000000000000e+00,6.227580380074100586e-03,-2.052494549734026411e-05,-2.052494549734046740e-05,-2.052494549726777842e-05,-2.052494549726512551e-05
1.954877820136241302e-03,0.000000000000000000e+00,1.286049890566536794e-04,-1.154174964412149748e-03,0.000000000000000000e+00,6.227579762237909523e-03,-1.878659418689318918e-05,-1.878659418689377871e-05,-1.878659418681519777e-05,-1.878659418681221622e-05
1.959877507655771647e-03,0.000000000000000000e+00,1.284667091942083637e-04,-1.157314998031696348e-03,0.000000000000000000e+00,6.227579351231577257e-03,-1.711888689980841050e-05,-1.711888689980939305e-05,-1.711888689973555211e-05,-1.711888689973224190e-05
1.964877195175301558e-03,0.000000000000000000e+00,1.283035589294975688e-04,-1.160454786431896384e-03,0.000000000000000000e+00,6.227579212263191846e-03,-1.559714281326516060e-05,-1.559714281326655651e-05,-1.559714281320756236e-05,-1.559714281320392012e-05
1.969876882694831469e-03,0.000000000000000000e+00,1.281119912917439829e-04,-1.163594329612749638e-03,0.000000000000000000e+00,6.227579357438039684e-03,-1.428659207578896872e-05,-1.428659207579076782e-05,-1.428659207575512128e-05,-1.428659207575112329e-05
1.974876570214361381e-03,0.000000000000000000e+00,1.278880094651886352e-04,-1.166733627574256327e-03,0.000000000000000000e+00,6.227579746713820565e-03,-1.323795660400336595e-05,-1.323795660400561229e-05,-1.323795660399923243e-05,-1.323795660399488546e-05
1.979876257733891726e-03,0.000000000000000000e+00,1.276273869732680755e-04,-1.169872680316416452e-03,0.000000000000000000e+00,6.227580298792925219e-03,-1.248382049024289540e-05,-1.248382049024559913e-05,-1.248382049027126761e-05,-1.248382049026652762e-05
1.984875945253421637e-03,0.000000000000000000e+00,1.273259090054895508e-04,-1.173011487839229795e-03,0.000000000000000000e+00,6.227580909171497557e-03,-1.203600962450877353e-05,-1.203600962451195160e-05,-1.203600962456892642e-05,-1.203600962456378154e-05
1.989875632772951548e-03,0.000000000000000000e+00,1.269796255673024592e-04,-1.176150050142696791e-03,0.000000000000000000e+00,6.227581471282659861e-03,-1.188414515627773127e-05,-1.188414515628137351e-05,-1.188414515636553301e-05,-1.188414515636000358e-05
1.994875320292481893e-03,0.000000000000000000e+00,1.265851062892626511e-04,-1.179288367226817005e-03,0.000000000000000000e+00,6.227581896312383083e-03,-1.199547067667331549e-05,-1.199547067667738125e-05,-1.199547067678156630e-05,-1.199547067677567095e-05
1.999875007812011805e-03,0.000000000000000000e+00,1.261396862664739796e-04,-1.182426439091590438e-03,0.000000000000000000e+00,6.227582127853568614e-03,-1.231598208909861247e-05,-1.231598208910305262e-05,-1.231598208921779509e-05,-1.231598208921161852e-05
2.004874695331541716e-03,0.000000000000000000e+00,1.256416922575663325e-04,-1.185564265737017522e-03,0.000000000000000000e+00,6.227582148913076050e-03,-1.277281602803045595e-05,-1.277281602803519934e-05,-1.277281602814975377e-05,-1.277281602814333495e-05
2.009874382851071627e-03,0.000000000000000000e+00,1.250906389827335431e-04,-1.188701847163097826e-03,0.000000000000000000e+00,6.227581980558605929e-03,-1.327778149829633169e-05,-1.327778149830123940e-05,-1.327778149840455539e-05,-1.327778149839804341e-05
2.014874070370601972e-03,0.000000000000000000e+00,1.244873861315717607e-04,-1.191839183369831565e-03,0.000000000000000000e+00,6.227581673277729837e-03,-1.373185416793305936e-05,-1.373185416793798232e-05,-1.373185416801995986e-05,-1.373185416801349530e-05
2.019873757890131884e-03,0.000000000000000000e+00,1.238342480110246884e-04,-1.194976274357218739e-03,0.000000000000000000e+00,6.227581293533932666e-03,-1.403039716289839706e-05,-1.403039716290319635e-05,-1.403039716295558195e-05,-1.403039716294932238e-05
2.024873445409661795e-03,0.000000000000000000e+00,1.231350494964381093e-04,-1.198113120125259131e-03,0.000000000000000000e+00,6.227580908768274963e-03,-1.406882945372737503e-05,-1.406882945373184567e-05,-1.406882945374914886e-05,-1.406882945374327384e-05
2.029873132929191706e-03,0.000000000000000000e+00,1.223951240368229367e-04,-1.201249720673953176e-03,0.000000000000000000e+00,6.227580574096892342e-03,-1.374843544828411793e-05,-1.374843544828809559e-05,-1.374843544826807851e-05,-1.374843544826277100e-05
2.034872820448722051e-03,0.000000000000000000e+00,1.216212518301666983e-04,-1.204386076003300440e-03,0.000000000000000000e+00,6.227580323259663750e-03,-1.298199880834637071e-05,-1.298199880834965550e-05,-1.298199880829356837e-05,-1.298199880828902658e-05
2.039872507968251963e-03,0.000000000000000000e+00,1.208215388288852790e-04,-1.207522186113300922e-03,0.000000000000000000e+00,6.227580165199259575e-03,-1.169895043759754344e-05,-1.169895043759999645e-05,-1.169895043751244035e-05,-1.169895043750879810e-05
2.044872195487781874e-03,0.000000000000000000e+00,1.200052398477452758e-04,-1.210658051003955056e-03,0.000000000000000000e+00,6.227580086297414448e-03,-9.849744703287765005e-06,-9.849744703289249007e-06,-9.849744703177664275e-06,-9.849744703175068966e-06
2.049871883007312219e-03,0.000000000000000000e+00,1.191825316058659341e-04,-1.213793670675262408e-03,0.000000000000000000e+00,6.227580057084291208e-03,-7.409217943156450067e-06,-7.409217943156858337e-06,-7.409217943030806282e-06,-7.409217943029359550e-06
2.054871570526842130e-03,0.000000000000000000e+00,1.183642439161984171e-04,-1.216929045127223196e-03,0.000000000000000000e+00,6.227580041422825161e-03,-4.378736969210823810e-06,-4.378736969210105526e-06,-4.378736969080265540e-06,-4.378736969080011430e-06
2.059871258046372042e-03,0.000000000000000000e+00,1.175615593184307038e-04,-1.220064174359837203e-03,0.000000000000000000e+00,6.227580005892437501e-03,-7.870096391663650712e-07,-7.870096391645092220e-07,-7.870096390416072825e-07,-7.870096390425686649e-07
2.064870945565901953e-03,0.000000000000000000e+00,1.167856931221979296e-04,-1.223199058373104428e-03,0.000000000000000000e+00,6.227579927356684947e-03,3.310498944061915023e-06,3.310498944064854228e-06,3.310498944171130604e-06,3.310498944169018104e-06
2.069870633085432298e-03,0.000000000000000000e+00,1.160475669901623355e-04,-1.226333697167025305e-03,0.000000000000000000e+00,6.227579797372746404e-03,7.833526386749707426e-06,7.833526386753629188e-06,7.833526386835549133e-06,7.833526386832371065e-06
2.074870320604962209e-03,0.000000000000000000e+00,1.153574897699598045e-04,-1.229468090741599401e-03,0.000000000000000000e+00,6.227579622978794867e-03,1.268025719867762923e-05,1.268025719868240819e-05,1.268025719873492593e-05,1.268025719873082799e-05
2.079870008124492121e-03,0.000000000000000000e+00,1.147248592317446004e-04,-1.232602239096826932e-03,0.000000000000000000e+00,6.227579424245970399e-03,1.773169064224080864e-05,1.773169064224624659e-05,1.773169064226750712e-05,1.773169064226267564e-05
2.084869695644022032e-03,0.000000000000000000e+00,1.141578976659352756e-04,-1.235736142232707899e-03,0.000000000000000000e+00,6.227579229607228643e-03,2.285691177110815773e-05,2.285691177111404292e-05,2.285691177110544045e-05,2.285691177110010414e-05
2.089869383163552377e-03,0.000000000000000000e+00,1.136634329580800450e-04,-1.238869800149242084e-03,0.000000000000000000e+00,6.227579070259738579e-03,2.791899736238973788e-05,2.791899736239581280e-05,2.791899736236177901e-05,2.791899736235618182e-05
2.094869070683082288e-03,0.000000000000000000e+00,1.132467348318346427e-04,-1.242003212846429921e-03,0.000000000000000000e+00,6.227578974866329262e-03,3.278125523384222307e-05,3.278125523384826749e-05,3.278125523379571079e-05,3.278125523379006617e-05
2.099868758202612200e-03,0.000000000000000000e+00,1.129114135159175428e-04,-1.245136380324270977e-03,0.000000000000000000e+00,6.227578965434479863e-03,3.731347858286653999e-05,3.731347858287229304e-05,3.731347858280980234e-05,3.731347858280436778e-05
2.104868445722142545e-03,0.000000000000000000e+00,1.126593852542965158e-04,-1.248269302582765252e-03,0.000000000000000000e+00,6.227579054770719658e-03,4.139789730434579278e-05,4.139789730435104438e-05,4.139789730428787605e-05,4.139789730428288872e-05
2.109868133241672456e-03,0.000000000000000000e+00,1.124909059724175855e-04,-1.251401979621913178e-03,0.000000000000000000e+00,6.227579245452395836e-03,4.493452559660657546e-05,4.493452559661111555e-05,4.493452559655614650e-05,4.493452559655178259e-05
2.114867820761202367e-03,0.000000000000000000e+00,1.124046711854048382e-04,-1.254534411441714323e-03,0.000000000000000000e+00,6.227579529955827933e-03,4.784563846178576649e-05,4.784563846178945955e-05,4.784563846175015722e-05,4.784563846174660646e-05
2.119867508280732279e-03,0.000000000000000000e+00,1.123979770465846986e-04,-1.257666598042168904e-03,0.000000000000000000e+00,6.227579891493168797e-03,5.007915698768627098e-05,5.007915698768899504e-05,5.007915698767061781e-05,5.007915698766796152e-05
2.124867195800262624e-03,0.000000000000000000e+00,1.124669344483591354e-04,-1.260798539423276920e-03,0.000000000000000000e+00,6.227580305225507117e-03,5.161078084747786575e-05,5.161078084747956659e-05,5.161078084748443873e-05,5.161078084748274466e-05
2.129866883319792535e-03,0.000000000000000000e+00,1.126067254579456140e-04,-1.263930235585038154e-03,0.000000000000000000e+00,6.227580739755243094e-03,5.244477296283170896e-05,5.244477296283235948e-05,5.244477296285964072e-05,5.244477296285892921e-05
2.134866570839322446e-03,0.000000000000000000e+00,1.128118892386334129e-04,-1.267061686527452824e-03,0.000000000000000000e+00,6.227581159037984433e-03,5.261337203672159912e-05,5.261337203672126030e-05,5.261337203676697298e-05,5.261337203676720337e-05
2.139866258358852358e-03,0.000000000000000000e+00,1.130766230911316010e-04,-1.270192892250520929e-03,0.000000000000000000e+00,6.227581524978782063e-03,5.217487977921108359e-05,5.217487977920980287e-05,5.217487977926721138e-05,5.217487977926830235e-05
2.144865945878382703e-03,0.000000000000000000e+00,1.133950834380184245e-04,-1.273323852754242470e-03,0.000000000000000000e+00,6.227581800917129755e-03,5.121053726309283282e-05,5.121053726309075251e-05,5.121053726315102060e-05,5.121053726315283664e-05
2.149865633397912614e-03,0.000000000000000000e+00,1.137616715210802622e-04,-1.276454568038617229e-03,0.000000000000000000e+00,6.227581955955473897e-03,4.982036534765315949e-05,4.982036534765044221e-05,4.982036534770366298e-05,4.982036534770606855e-05
2.154865320917442525e-03,0.000000000000000000e+00,1.141712893018200913e-04,-1.279585038103645423e-03,0.000000000000000000e+00,6.227581969714075794e-03,4.811819433970116735e-05,4.811819433969796218e-05,4.811819433973415420e-05,4.811819433973695958e-05
2.159865008436972437e-03,0.000000000000000000e+00,1.146195525248775029e-04,-1.282715262949327053e-03,0.000000000000000000e+00,6.227581836721726022e-03,4.622614548325383566e-05,4.622614548325033911e-05,4.622614548326060515e-05,4.622614548326366125e-05
2.164864695956502782e-03,0.000000000000000000e+00,1.151029500582113657e-04,-1.285845242575662118e-03,0.000000000000000000e+00,6.227581569415477705e-03,4.426884969706582437e-05,4.426884969706217874e-05,4.426884969703987128e-05,4.426884969704296126e-05
2.169864383476032693e-03,0.000000000000000000e+00,1.156189413614265842e-04,-1.288974976982650402e-03,0.000000000000000000e+00,6.227581198736274228e-03,4.236769626568621569e-05,4.236769626568258362e-05,4.236769626562390795e-05,4.236769626562690984e-05
2.174864070995562604e-03,0.000000000000000000e+00,1.161659871211697266e-04,-1.292104466170292121e-03,0.000000000000000000e+00,6.227580771621244252e-03,4.063539586435898612e-05,4.063539586435552345e-05,4.063539586426031695e-05,4.063539586426306811e-05
2.179863758515092950e-03,0.000000000000000000e+00,1.167435115710406865e-04,-1.295233710138587058e-03,0.000000000000000000e+00,6.227580345272478064e-03,3.917111915314075188e-05,3.917111915313756026e-05,3.917111915300944145e-05,3.917111915301183347e-05
2.184863446034622861e-03,0.000000000000000000e+00,1.173517986063358142e-04,-1.298362708887535431e-03,0.000000000000000000e+00,6.227579978808690797e-03,3.805643580374541604e-05,3.805643580374261066e-05,3.805643580358878948e-05,3.805643580359074104e-05
2.189863133554152772e-03,0.000000000000000000e+00,1.179918273260668286e-04,-1.301491462417137240e-03,0.000000000000000000e+00,6.227579723605127654e-03,3.735223150992703040e-05,3.735223150992463838e-05,3.735223150975544863e-05,3.735223150975690553e-05
2.194862821073682684e-03,0.000000000000000000e+00,1.186650559022316994e-04,-1.304619970727392267e-03,0.000000000000000000e+00,6.227579614110350693e-03,3.709672511387623612e-05,3.709672511387424390e-05,3.709672511370228944e-05,3.709672511370325167e-05
2.199862508593213029e-03,0.000000000000000000e+00,1.193731655164270993e-04,-1.307748233818300729e-03,0.000000000000000000e+00,6.227579661045138347e-03,3.730464766892337597e-05,3.730464766892181065e-05,3.730464766876072532e-05,3.730464766876118610e-05
2.204862196112742940e-03,0.000000000000000000e+00,1.201177783640680797e-04,-1.310876251689862626e-03,0.000000000000000000e+00,6.227579848568963808e-03,3.796758345108755767e-05,3.796758345108637860e-05,3.796758345094972169e-05,3.796758345094972847e-05
2.209861883632272851e-03,0.000000000000000000e+00,1.209001652828822136e-04,-1.314004024342077959e-03,0.000000000000000000e+00,6.227580136280135535e-03,3.905541301724431115e-05,3.905541301724343702e-05,3.905541301714333805e-05,3.905541301714295858e-05
2.214861571151802763e-03,0.000000000000000000e+00,1.217209593266187743e-04,-1.317131551774946511e-03,0.000000000000000000e+00,6.227580465937038005e-03,4.051874357399596260e-05,4.051874357399531208e-05,4.051874357394137980e-05,4.051874357394068184e-05
2.219861258671333108e-03,0.000000000000000000e+00,1.225798915292946635e-04,-1.320258833988468498e-03,0.000000000000000000e+00,6.227580771766210756e-03,4.229216498205542302e-05,4.229216498205492835e-05,4.229216498205316653e-05,4.229216498205225851e-05
2.224860946190863019e-03,0.000000000000000000e+00,1.234755641854378219e-04,-1.323385870982643920e-03,0.000000000000000000e+00,6.227580992398190456e-03,4.429813296662190664e-05,4.429813296662147296e-05,4.429813296667373828e-05,4.429813296667269474e-05
2.229860633710392930e-03,0.000000000000000000e+00,1.244052752474071003e-04,-1.326512662757472778e-03,0.000000000000000000e+00,6.227581082050028492e-03,4.645125618871482058e-05,4.645125618871440046e-05,4.645125618881806374e-05,4.645125618881692532e-05
2.234860321229923275e-03,0.000000000000000000e+00,1.253649049939418612e-04,-1.329639209312954854e-03,0.000000000000000000e+00,6.227581018671664304e-03,4.866275169908244468e-05,4.866275169908195679e-05,4.866275169923015367e-05,4.866275169922898815e-05
2.239860008749453187e-03,0.000000000000000000e+00,1.263488730748502944e-04,-1.332765510649090365e-03,0.000000000000000000e+00,6.227580807388851877e-03,5.084483414725685183e-05,5.084483414725626230e-05,5.084483414743836083e-05,5.084483414743720886e-05
2.244859696268983098e-03,0.000000000000000000e+00,1.273501705375224501e-04,-1.335891566765879312e-03,0.000000000000000000e+00,6.227580478579697494e-03,5.291481742761367717e-05,5.291481742761296566e-05,5.291481742781554883e-05,5.291481742781445786e-05
2.249859383788513009e-03,0.000000000000000000e+00,1.283604676683809610e-04,-1.339017377663321694e-03,0.000000000000000000e+00,6.227580081089470129e-03,5.479873201262423516e-05,5.479873201262339491e-05,5.479873201283136521e-05,5.479873201283031489e-05
2.254859071308043354e-03,0.000000000000000000e+00,1.293702946281705644e-04,-1.342142943341417295e-03,0.000000000000000000e+00,6.227579672148350447e-03,5.643429527026560351e-05,5.643429527026461417e-05,5.643429527046260304e-05,5.643429527046160693e-05
2.259858758827573266e-03,0.000000000000000000e+00,1.303692881209419791e-04,-1.345268263800166331e-03,0.000000000000000000e+00,6.227579306258629148e-03,5.777311334849363360e-05,5.777311334849254262e-05,5.777311334866626569e-05,5.777311334866526958e-05
2.264858446347103177e-03,0.000000000000000000e+00,1.313464939042917725e-04,-1.348393339039568803e-03,0.000000000000000000e+00,6.227579025493416853e-03,5.878203918175856665e-05,5.878203918175739436e-05,5.878203918189488475e-05,5.878203918189389541e-05
2.269858133866633088e-03,0.000000000000000000e+00,1.322907119992199401e-04,-1.351518169059624493e-03,0.000000000000000000e+00,6.227578853254741274e-03,5.944365912396187856e-05,5.944365912396064528e-05,5.944365912405341233e-05,5.944365912405238234e-05
2.274857821386163433e-03,0.000000000000000000e+00,1.331908691437129369e-04,-1.354642753860333835e-03,0.000000000000000000e+00,6.227578792669398976e-03,5.975592793555578673e-05,5.975592793555456700e-05,5.975592793559820614e-05,5.975592793559706772e-05
2.279857508905693345e-03,0.000000000000000000e+00,1.340364014743250867e-04,-1.357767093441696396e-03,0.000000000000000000e+00,6.227578829666841412e-03,5.973101580609215411e-05,5.973101580609097504e-05,5.973101580608564213e-05,5.973101580608438852e-05
2.284857196425223256e-03,0.000000000000000000e+00,1.348176296954638426e-04,-1.360891187803712175e-03,0.000000000000000000e+00,6.227578939660871789e-03,5.939346953268273208e-05,5.939346953268161399e-05,5.939346953263182878e-05,5.939346953263041932e-05
2.289856883944753601e-03,0.000000000000000000e+00,1.355261091449354023e-04,-1.364015036946381607e-03,0.000000000000000000e+00,6.227579095920543657e-03,5.877782106923381243e-05,5.877782106923278244e-05,5.877782106914698139e-05,5.877782106914538897e-05
2.294856571464283512e-03,0.000000000000000000e+00,1.361549381800961490e-04,-1.367138640869704257e-03,0.000000000000000000e+00,6.227579277369479395e-03,5.792579908133359186e-05,5.792579908133264996e-05,5.792579908122235950e-05,5.792579908122057056e-05
2.299856258983813424e-03,0.000000000000000000e+00,1.366990101411191729e-04,-1.370261999573680342e-03,0.000000000000000000e+00,6.227579473779737244e-03,5.688331211113086921e-05,5.688331211113002896e-05,5.688331211100857121e-05,5.688331211100657221e-05
2.304855946503343335e-03,0.000000000000000000e+00,1.371551967045604606e-04,-1.373385113058309646e-03,0.000000000000000000e+00,6.227579687066325288e-03,5.569737527027296485e-05,5.569737527027221268e-05,5.569737527015351287e-05,5.569737527015135802e-05
2.309855634022873680e-03,0.000000000000000000e+00,1.375224535934067881e-04,-1.376507981323592386e-03,0.000000000000000000e+00,6.227579928452127260e-03,5.441314638547023545e-05,5.441314638546955104e-05,5.441314638536671447e-05,5.441314638536439021e-05
2.314855321542403591e-03,0.000000000000000000e+00,1.378018432014334847e-04,-1.379630604369528560e-03,0.000000000000000000e+00,6.227580212389319594e-03,5.307122307312296921e-05,5.307122307312235257e-05,5.307122307304630257e-05,5.307122307304384278e-05
2.319855009061933503e-03,0.000000000000000000e+00,1.379964725411588291e-04,-1.382752982196117954e-03,0.000000000000000000e+00,6.227580549005888415e-03,5.170533059602623588e-05,5.170533059602563280e-05,5.170533059598414851e-05,5.170533059598161419e-05
2.324854696581463414e-03,0.000000000000000000e+00,1.381113488453031822e-04,-1.385875114803360782e-03,0.000000000000000000e+00,6.227580937266591517e-03,5.034050316345334216e-05,5.034050316345272552e-05,5.034050316344968975e-05,5.034050316344707411e-05
2.329854384100993759e-03,0.000000000000000000e+00,1.381531589488719581e-04,-1.388997002191257046e-03,0.000000000000000000e+00,6.227581360884065081e-03,4.899183039694034343e-05,4.899183039693972002e-05,4.899183039697463133e-05,4.899183039697196148e-05
2.334854071620523670e-03,0.000000000000000000e+00,1.381299820681204475e-04,-1.392118644359806529e-03,0.000000000000000000e+00,6.227581788321207186e-03,4.766380791254310736e-05,4.766380791254244329e-05,4.766380791261063283e-05,4.766380791260792232e-05
2.339853759140053582e-03,0.000000000000000000e+00,1.380509486063271642e-04,-1.395240041309009664e-03,0.000000000000000000e+00,6.227582177163001019e-03,4.635029825536749457e-05,4.635029825536679662e-05,4.635029825545978728e-05,4.635029825545705645e-05
2.344853446659583927e-03,0.000000000000000000e+00,1.379258600126367939e-04,-1.398361193038866017e-03,0.000000000000000000e+00,6.227582481973832976e-03,4.503507751682839688e-05,4.503507751682764472e-05,4.503507751693409304e-05,4.503507751693130800e-05
2.349853134179113838e-03,0.000000000000000000e+00,1.377647863897728437e-04,-1.401482099549375589e-03,0.000000000000000000e+00,6.227582663794221582e-03,4.369291539099824596e-05,4.369291539099750057e-05,4.369291539110430804e-05,4.369291539110146201e-05
2.354852821698643749e-03,0.000000000000000000e+00,1.375776594171583837e-04,-1.404602760840538813e-03,0.000000000000000000e+00,6.227582698921855023e-03,4.229111339897162849e-05,4.229111339897087632e-05,4.229111339906454462e-05,4.229111339906163082e-05
2.359852509218173661e-03,0.000000000000000000e+00,1.373738781963820029e-04,-1.407723176912355255e-03,0.000000000000000000e+00,6.227582584707719478e-03,4.079140838806100838e-05,4.079140838806030365e-05,4.079140838812824924e-05,4.079140838812520670e-05
2.364852196737704006e-03,0.000000000000000000e+00,1.371619448458825062e-04,-1.410843347764825133e-03,0.000000000000000000e+00,6.227582340771762107e-03,3.915213667341434678e-05,3.915213667341372336e-05,3.915213667344564634e-05,3.915213667344245472e-05
2.369851884257233917e-03,0.000000000000000000e+00,1.369491451211375254e-04,-1.413963273397948446e-03,0.000000000000000000e+00,6.227582005146206981e-03,3.733054843165653047e-05,3.733054843165605613e-05,3.733054843164491596e-05,3.733054843164151427e-05
2.374851571776763828e-03,0.000000000000000000e+00,1.367412871023085451e-04,-1.417082953811724978e-03,0.000000000000000000e+00,6.227581626118168859e-03,3.528516192504092651e-05,3.528516192504060802e-05,3.528516192498351123e-05,3.528516192497988593e-05
2.379851259296293740e-03,0.000000000000000000e+00,1.365425081916685646e-04,-1.420202389006155162e-03,0.000000000000000000e+00,6.227581251648925051e-03,3.297805227103027255e-05,3.297805227103013702e-05,3.297805227092854728e-05,3.297805227092464415e-05
2.384850946815824085e-03,0.000000000000000000e+00,1.363551574417224516e-04,-1.423321578981238565e-03,0.000000000000000000e+00,6.227580918910566483e-03,3.037697897639777243e-05,3.037697897639785713e-05,3.037697897625764946e-05,3.037697897625345157e-05
2.389850634335353996e-03,0.000000000000000000e+00,1.361797567525496473e-04,-1.426440523736975186e-03,0.000000000000000000e+00,6.227580646522053696e-03,2.745726936219291528e-05,2.745726936219323376e-05,2.745726936202412194e-05,2.745726936201963944e-05
2.394850321854883907e-03,0.000000000000000000e+00,1.360150409032514530e-04,-1.429559223273365459e-03,0.000000000000000000e+00,6.227580431458806104e-03,2.420339026749355229e-05,2.420339026749408084e-05,2.420339026730882457e-05,2.420339026730405408e-05
2.399850009374414252e-03,0.000000000000000000e+00,1.358580728874015850e-04,-1.432677677590408951e-03,0.000000000000000000e+00,6.227580251488857438e-03,2.061015698266897779e-05,2.061015698266970285e-05,2.061015698248289821e-05,2.061015698247787699e-05
2.404849696893944164e-03,0.000000000000000000e+00,1.357044277678355853e-04,-1.435795886688105878e-03,0.000000000000000000e+00,6.227580072622043716e-03,1.668354524245417570e-05,1.668354524245501595e-05,1.668354524228176722e-05,1.668354524227656983e-05
2.409849384413474075e-03,0.000000000000000000e+00,1.355484353977871707e-04,-1.438913850566456241e-03,0.000000000000000000e+00,6.227579859782781876e-03,1.244108845092471901e-05,1.244108845092564228e-05,1.244108845078015929e-05,1.244108845077482468e-05
2.414849071933003986e-03,0.000000000000000000e+00,1.353834699965153000e-04,-1.442031569225459822e-03,0.000000000000000000e+00,6.227579588053605390e-03,7.911857435421230624e-06,7.911857435422157278e-06,7.911857435316445872e-06,7.911857435311050272e-06
2.419848759452534331e-03,0.000000000000000000e+00,1.352022728134290850e-04,-1.445149042665116838e-03,0.000000000000000000e+00,6.227579251612181191e-03,3.136033458517056176e-06,3.136033458517903209e-06,3.136033458460643782e-06,3.136033458455271899e-06
2.424848446972064243e-03,0.000000000000000000e+00,1.349972930289389315e-04,-1.448266270885427073e-03,0.000000000000000000e+00,6.227578867972887247e-03,-1.835903308605370428e-06,-1.835903308604708048e-06,-1.835903308608907638e-06,-1.835903308614132137e-06
2.429848134491594154e-03,0.000000000000000000e+00,1.347610316527884694e-04,-1.451383253886390744e-03,0.000000000000000000e+00,6.227578476243270621e-03,-6.944338195598018292e-06,-6.944338195597628656e-06,-6.944338195548717586e-06,-6.944338195553728633e-06
2.434847822011124065e-03,0.000000000000000000e+00,1.344863734875188115e-04,-1.454499991668007849e-03,0.000000000000000000e+00,6.227578129560691275e-03,-1.212200012942757978e-05,-1.212200012942755098e-05,-1.212200012932997618e-05,-1.212200012933468229e-05
2.439847509530654410e-03,0.000000000000000000e+00,1.341668931896207245e-04,-1.457616484230278174e-03,0.000000000000000000e+00,6.227577883335684746e-03,-1.729570835221089857e-05,-1.729570835221132548e-05,-1.729570835207362164e-05,-1.729570835207793473e-05
2.444847197050184322e-03,0.000000000000000000e+00,1.337971230180881816e-04,-1.460732731573202150e-03,0.000000000000000000e+00,6.227577782036253229e-03,-2.238833816995142243e-05,-2.238833816995236433e-05,-2.238833816978634588e-05,-2.238833816979018463e-05
2.449846884569714233e-03,0.000000000000000000e+00,1.333727719186933631e-04,-1.463848733696779345e-03,0.000000000000000000e+00,6.227577847719443019e-03,-2.732095260895905714e-05,-2.732095260896056147e-05,-2.732095260878016378e-05,-2.732095260878349770e-05
2.454846572089244578e-03,0.000000000000000000e+00,1.328908880419236982e-04,-1.466964490601009759e-03,0.000000000000000000e+00,6.227578073219510423e-03,-3.201504398871940287e-05,-3.201504398872150351e-05,-3.201504398854158694e-05,-3.201504398854435843e-05
2.459846259608774489e-03,0.000000000000000000e+00,1.323499595091848094e-04,-1.470080002285893825e-03,0.000000000000000000e+00,6.227578421885970709e-03,-3.639482696367431420e-05,-3.639482696367703148e-05,-3.639482696351192782e-05,-3.639482696351413688e-05
2.464845947128304401e-03,0.000000000000000000e+00,1.317499510945401085e-04,-1.473195268751431109e-03,0.000000000000000000e+00,6.227578834255816445e-03,-4.038952240136467519e-05,-4.038952240136799556e-05,-4.038952240123026122e-05,-4.038952240123192818e-05
2.469845634647834312e-03,0.000000000000000000e+00,1.310922773463336140e-04,-1.476310289997621828e-03,0.000000000000000000e+00,6.227579240391965462e-03,-4.393556954767930149e-05,-4.393556954768317751e-05,-4.393556954758252967e-05,-4.393556954758366808e-05
2.474845322167364657e-03,0.000000000000000000e+00,1.303797154085018547e-04,-1.479425066024465983e-03,0.000000000000000000e+00,6.227579575217477396e-03,-4.697870242487596504e-05,-4.697870242488036283e-05,-4.697870242482278492e-05,-4.697870242482344899e-05
2.479845009686894568e-03,0.000000000000000000e+00,1.296162633003348098e-04,-1.482539596831963357e-03,0.000000000000000000e+00,6.227579793363115235e-03,-4.947582559615114621e-05,-4.947582559615602512e-05,-4.947582559614336706e-05,-4.947582559614362456e-05
2.484844697206424480e-03,0.000000000000000000e+00,1.288069515768319794e-04,-1.485653882420114166e-03,0.000000000000000000e+00,6.227579880032464016e-03,-5.139662470699228619e-05,-5.139662470699753779e-05,-5.139662470702750243e-05,-5.139662470702742111e-05
2.489844384725954391e-03,0.000000000000000000e+00,1.279576180399900843e-04,-1.488767922788918410e-03,0.000000000000000000e+00,6.227579855196356887e-03,-5.272484904776717738e-05,-5.272484904777273391e-05,-5.272484904783928360e-05,-5.272484904783893123e-05
2.494844072245484736e-03,0.000000000000000000e+00,1.270746564466810268e-04,-1.491881717938376090e-03,0.000000000000000000e+00,6.227579769886188235e-03,-5.345920726674236806e-05,-5.345920726674812111e-05,-5.345920726684204690e-05,-5.345920726684155223e-05
2.499843759765014647e-03,0.000000000000000000e+00,1.261647509267821074e-04,-1.494995267868486988e-03,0.000000000000000000e+00,6.227579695137522645e-03,-5.361382375575998483e-05,-5.361382375576585985e-05,-5.361382375587591314e-05,-5.361382375587535749e-05
2.504843447284544559e-03,0.000000000000000000e+00,1.252346080747680833e-04,-1.498108572579251322e-03,0.000000000000000000e+00,6.227579705834431281e-03,-5.321821249423916867e-05,-5.321821249424505047e-05,-5.321821249435912209e-05,-5.321821249435860032e-05
2.509843134804074904e-03,0.000000000000000000e+00,1.242906984203188297e-04,-1.501221632070669091e-03,0.000000000000000000e+00,6.227579862928060185e-03,-5.231673747957524311e-05,-5.231673747958105037e-05,-5.231673747968730896e-05,-5.231673747968691593e-05
2.514842822323604815e-03,0.000000000000000000e+00,1.233390182502805247e-04,-1.504334446342740295e-03,0.000000000000000000e+00,6.227580197962544716e-03,-5.096754429884600029e-05,-5.096754429885164492e-05,-5.096754429893983121e-05,-5.096754429893964825e-05
2.519842509843134726e-03,0.000000000000000000e+00,1.223848815949621111e-04,-1.507447015395464718e-03,0.000000000000000000e+00,6.227580703422771341e-03,-4.924096567377741563e-05,-4.924096567378283664e-05,-4.924096567384513760e-05,-4.924096567384524603e-05
2.524842197362664638e-03,0.000000000000000000e+00,1.214327506701092966e-04,-1.510559339228842576e-03,0.000000000000000000e+00,6.227581331206918057e-03,-4.721742444484896986e-05,-4.721742444485405884e-05,-4.721742444488587339e-05,-4.721742444488638161e-05
2.529841884882194983e-03,0.000000000000000000e+00,1.204861112567275701e-04,-1.513671417842873870e-03,0.000000000000000000e+00,6.227581999788338318e-03,-4.498487969930259442e-05,-4.498487969930728360e-05,-4.498487969930760208e-05,-4.498487969930855754e-05
2.534841572401724894e-03,0.000000000000000000e+00,1.195473974860705192e-04,-1.516783251237558599e-03,0.000000000000000000e+00,6.227582608751785695e-03,-4.263588460302393003e-05,-4.263588460302813131e-05,-4.263588460299950838e-05,-4.263588460300098560e-05
2.539841259921254805e-03,0.000000000000000000e+00,1.186179683618356572e-04,-1.519894839412896546e-03,0.000000000000000000e+00,6.227583057785514298e-03,-4.026434678554291491e-05,-4.026434678554658087e-05,-4.026434678549472890e-05,-4.026434678549679566e-05
2.544840947440784717e-03,0.000000000000000000e+00,1.176981361811404038e-04,-1.523006182368887929e-03,0.000000000000000000e+00,6.227583266236683818e-03,-3.796210253741649169e-05,-3.796210253741957489e-05,-3.796210253735259830e-05,-3.796210253735531558e-05
2.549840634960315062e-03,0.000000000000000000e+00,1.167872448922372043e-04,-1.526117280105532530e-03,0.000000000000000000e+00,6.227583189203467207e-03,-3.581543324412117660e-05,-3.581543324412362283e-05,-3.581543324405119135e-05,-3.581543324405460658e-05
2.554840322479844973e-03,0.000000000000000000e+00,1.158837944264065910e-04,-1.529228132622830567e-03,0.000000000000000000e+00,6.227582826865397936e-03,-3.390166507170667726e-05,-3.390166507170843231e-05,-3.390166507164064935e-05,-3.390166507164482353e-05
2.559840009999374884e-03,0.000000000000000000e+00,1.149856052323100405e-04,-1.532338739920782039e-03,0.000000000000000000e+00,6.227582225174775263e-03,-3.228599974079873855e-05,-3.228599974079976855e-05,-3.228599974074587015e-05,-3.228599974075083715e-05
2.564839697518905230e-03,0.000000000000000000e+00,1.140900156819845741e-04,-1.535449101999386730e-03,0.000000000000000000e+00,6.227581467828911289e-03,-3.101872430774765669e-05,-3.101872430774795485e-05,-3.101872430771553720e-05,-3.101872430772126992e-05
2.569839385038435141e-03,0.000000000000000000e+00,1.131941037565925925e-04,-1.538559218858644856e-03,0.000000000000000000e+00,6.227580661222157678e-03,-3.013294055832837424e-05,-3.013294055832792701e-05,-3.013294055832188258e-05,-3.013294055832841490e-05
2.574839072557965052e-03,0.000000000000000000e+00,1.122949234936271973e-04,-1.541669090498556417e-03,0.000000000000000000e+00,6.227579915459510729e-03,-2.964293963839628477e-05,-2.964293963839509892e-05,-2.964293963841699303e-05,-2.964293963842434189e-05
2.579838760077494964e-03,0.000000000000000000e+00,1.113897461104926436e-04,-1.544778716919121414e-03,0.000000000000000000e+00,6.227579325218526168e-03,-2.954332506078651368e-05,-2.954332506078463666e-05,-2.954332506083287349e-05,-2.954332506084096773e-05
2.584838447597025309e-03,0.000000000000000000e+00,1.104762955256327915e-04,-1.547888098120339629e-03,0.000000000000000000e+00,6.227578954148534594e-03,-2.980895786317756574e-05,-2.980895786317505175e-05,-2.980895786324459654e-05,-2.980895786325339891e-05
2.589838135116555220e-03,0.000000000000000000e+00,1.095529681797288230e-04,-1.550997234102211280e-03,0.000000000000000000e+00,6.227578825648637240e-03,-3.039576253043250670e-05,-3.039576253042943366e-05,-3.039576253051254454e-05,-3.039576253052194999e-05
2.594837822636085131e-03,0.000000000000000000e+00,1.086190276071457477e-04,-1.554106124864736366e-03,0.000000000000000000e+00,6.227578921479784077e-03,-3.124239284480393163e-05,-3.124239284480046896e-05,-3.124239284488743553e-05,-3.124239284489732210e-05
2.599837510155615043e-03,0.000000000000000000e+00,1.076747651026328193e-04,-1.557214770407914887e-03,0.000000000000000000e+00,6.227579188057465881e-03,-3.227271495794928097e-05,-3.227271495794547271e-05,-3.227271495802566301e-05,-3.227271495803593583e-05
2.604837197675145388e-03,0.000000000000000000e+00,1.067216190414458949e-04,-1.560323170731746627e-03,0.000000000000000000e+00,6.227579548785898249e-03,-3.339902283116569259e-05,-3.339902283116176913e-05,-3.339902283122470029e-05,-3.339902283123514929e-05
2.609836885194675299e-03,0.000000000000000000e+00,1.057622469046680380e-04,-1.563431325836231803e-03,0.000000000000000000e+00,6.227579919730474520e-03,-3.452586106427665564e-05,-3.452586106427276607e-05,-3.452586106430935789e-05,-3.452586106431980011e-05
2.614836572714205210e-03,0.000000000000000000e+00,1.048005457893695636e-04,-1.566539235721370413e-03,0.000000000000000000e+00,6.227580225471614390e-03,-3.555429435738193986e-05,-3.555429435737834844e-05,-3.555429435738172980e-05,-3.555429435739195518e-05
2.619836260233735555e-03,0.000000000000000000e+00,1.038416190916939362e-04,-1.569646900387162243e-03,0.000000000000000000e+00,6.227580412186198289e-03,-3.638643364088802292e-05,-3.638643364088491939e-05,-3.638643364085147175e-05,-3.638643364086124990e-05
2.624835947753265467e-03,0.000000000000000000e+00,1.028916890797465793e-04,-1.572754319833607724e-03,0.000000000000000000e+00,6.227580455766474829e-03,-3.693000823513147642e-05,-3.693000823512910473e-05,-3.693000823505867902e-05,-3.693000823506782020e-05
2.629835635272795378e-03,0.000000000000000000e+00,1.019579571566845046e-04,-1.575861494060706424e-03,0.000000000000000000e+00,6.227580363905550580e-03,-3.710276284665629131e-05,-3.710276284665482764e-05,-3.710276284655108305e-05,-3.710276284655935686e-05
2.634835322792325289e-03,0.000000000000000000e+00,1.010484156829388747e-04,-1.578968423068458343e-03,0.000000000000000000e+00,6.227580172293635009e-03,-3.683645886197045854e-05,-3.683645886197014683e-05,-3.683645886184009000e-05,-3.683645886184730672e-05
2.639835010311855634e-03,0.000000000000000000e+00,1.001716172079280230e-04,-1.582075106856863913e-03,0.000000000000000000e+00,6.227579936127987208e-03,-3.608027176253461566e-05,-3.608027176253554401e-05,-3.608027176238913606e-05,-3.608027176239514660e-05
2.644834697831385546e-03,0.000000000000000000e+00,9.933640878324775632e-05,-1.585181545425922702e-03,0.000000000000000000e+00,6.227579718851643589e-03,-3.480340041249666938e-05,-3.480340041249902752e-05,-3.480340041234807947e-05,-3.480340041235272121e-05
2.649834385350915457e-03,0.000000000000000000e+00,9.855164062015059454e-05,-1.588287738775634927e-03,0.000000000000000000e+00,6.227579580307638328e-03,-3.299673865162134110e-05,-3.299673865162518324e-05,-3.299673865148226507e-05,-3.299673865148549057e-05
2.654834072870445368e-03,0.000000000000000000e+00,9.782585964723832829e-05,-1.591393686906000587e-03,0.000000000000000000e+00,6.227579566337032406e-03,-3.067350359855614916e-05,-3.067350359856147531e-05,-3.067350359843881138e-05,-3.067350359844062065e-05
2.659833760389975713e-03,0.000000000000000000e+00,9.716699945955866455e-05,-1.594499389817019466e-03,0.000000000000000000e+00,6.227579701358652159e-03,-2.786876628041479750e-05,-2.786876628042164153e-05,-2.786876628032985026e-05,-2.786876628033018908e-05
2.664833447909505625e-03,0.000000000000000000e+00,9.658207867708260800e-05,-1.597604847508691996e-03,0.000000000000000000e+00,6.227579984795342943e-03,-2.463788610333664914e-05,-2.463788610334488908e-05,-2.463788610329195291e-05,-2.463788610329094325e-05
2.669833135429035536e-03,0.000000000000000000e+00,9.607691981045775992e-05,-1.600710059981017529e-03,0.000000000000000000e+00,6.227580391513982613e-03,-2.105390834727947346e-05,-2.105390834728899073e-05,-2.105390834727947346e-05,-2.105390834727725763e-05
2.674832822948565881e-03,0.000000000000000000e+00,9.565590034137794054e-05,-1.603815027233996496e-03,0.000000000000000000e+00,6.227580875852943912e-03,-1.720404017725130991e-05,-1.720404017726189104e-05,-1.720404017729643982e-05,-1.720404017729319738e-05
2.679832510468095792e-03,0.000000000000000000e+00,9.532174685727539667e-05,-1.606919749267628900e-03,0.000000000000000000e+00,6.227581378395389070e-03,-1.318537244560087659e-05,-1.318537244561231662e-05,-1.318537244568763648e-05,-1.318537244568359105e-05
2.684832197987625704e-03,0.000000000000000000e+00,9.507538174741181922e-05,-1.610024226081914521e-03,0.000000000000000000e+00,6.227581834425031070e-03,-9.100058794415431273e-06,-9.100058794427435423e-06,-9.100058794536538349e-06,-9.100058794531967760e-06
2.689831885507155615e-03,0.000000000000000000e+00,9.491583020164424218e-05,-1.613128457676853795e-03,0.000000000000000000e+00,6.227582182940784652e-03,-5.050197557903542622e-06,-5.050197557915831376e-06,-5.050197558048698658e-06,-5.050197558043899369e-06
2.694831573026685960e-03,0.000000000000000000e+00,9.484019310590005157e-05,-1.616232444052446288e-03,0.000000000000000000e+00,6.227582375153986605e-03,-1.132683509205782815e-06,-1.132683509218080040e-06,-1.132683509362639765e-06,-1.132683509357891298e-06
2.699831260546215871e-03,0.000000000000000000e+00,9.484368897067955257e-05,-1.619336185208691999e-03,0.000000000000000000e+00,6.227582381496111347e-03,2.565695972005221169e-06,2.565695971993232265e-06,2.565695971849934619e-06,2.565695971854340884e-06
2.704830948065745783e-03,0.000000000000000000e+00,9.491976534914899652e-05,-1.622439681145591362e-03,0.000000000000000000e+00,6.227582196300722808e-03,5.972653035283105941e-06,5.972653035271681160e-06,5.972653035142244361e-06,5.972653035146033987e-06
2.709830635585275694e-03,0.000000000000000000e+00,9.506027740279886663e-05,-1.625542931863143943e-03,0.000000000000000000e+00,6.227581839496440508e-03,9.034034659135271026e-06,9.034034659124656009e-06,9.034034659020128756e-06,9.034034659023062878e-06
2.714830323104806039e-03,0.000000000000000000e+00,9.525572846949382859e-05,-1.628645937361349961e-03,0.000000000000000000e+00,6.227581354886943879e-03,1.171649211122624784e-05,1.171649211121661538e-05,1.171649211114545445e-05,1.171649211114734841e-05
2.719830010624335950e-03,0.000000000000000000e+00,9.549556480180240682e-05,-1.631748697640209413e-03,0.000000000000000000e+00,6.227580804931774801e-03,1.400902404911150208e-05,1.400902404910304530e-05,1.400902404907025496e-05,1.400902404907094275e-05
2.724829698143865862e-03,0.000000000000000000e+00,9.576851419482702529e-05,-1.634851212699722084e-03,0.000000000000000000e+00,6.227580262387700898e-03,1.592329117885521745e-05,1.592329117884801090e-05,1.592329117885478377e-05,1.592329117885419085e-05
2.729829385663395773e-03,0.000000000000000000e+00,9.606295612995991741e-05,-1.637953482539888407e-03,0.000000000000000000e+00,6.227579799693469011e-03,1.749266576227167855e-05,1.749266576226575609e-05,1.749266576230935118e-05,1.749266576230742672e-05
2.734829073182926118e-03,0.000000000000000000e+00,9.636730943137075201e-05,-1.641055507160707949e-03,0.000000000000000000e+00,6.227579477499543825e-03,1.877004808926484785e-05,1.877004808926019595e-05,1.877004808933428423e-05,1.877004808933105534e-05
2.739828760702456029e-03,0.000000000000000000e+00,9.667042235676046751e-05,-1.644157286562180709e-03,0.000000000000000000e+00,6.227579334139804815e-03,1.982455054861575195e-05,1.982455054861227911e-05,1.982455054870760420e-05,1.982455054870315897e-05
2.744828448221985941e-03,0.000000000000000000e+00,9.696194959274518428e-05,-1.647258820744307121e-03,0.000000000000000000e+00,6.227579377983505186e-03,2.073721430899902885e-05,2.073721430899665039e-05,2.073721430910207211e-05,2.073721430909651218e-05
2.749828135741516286e-03,0.000000000000000000e+00,9.723270084188298859e-05,-1.650360109707086752e-03,0.000000000000000000e+00,6.227579584389303889e-03,2.159598018176070038e-05,2.159598018175922993e-05,2.159598018186284916e-05,2.159598018185635411e-05
2.754827823261046197e-03,0.000000000000000000e+00,9.747494658700663615e-05,-1.653461153450519819e-03,0.000000000000000000e+00,6.227579898370716807e-03,2.249018066087480629e-05,2.249018066087407784e-05,2.249018066096451386e-05,2.249018066095723954e-05
2.759827510780576108e-03,0.000000000000000000e+00,9.768266818161839714e-05,-1.656561951974606321e-03,0.000000000000000000e+00,6.227580243126725271e-03,2.350485166647370047e-05,2.350485166647350735e-05,2.350485166654104298e-05,2.350485166653321301e-05
2.764827198300106020e-03,0.000000000000000000e+00,9.785174159264607902e-05,-1.659662505279346041e-03,0.000000000000000000e+00,6.227580533443165429e-03,2.471517812806722433e-05,2.471517812806738019e-05,2.471517812810504605e-05,2.471517812809683661e-05
2.769826885819636365e-03,0.000000000000000000e+00,9.798004683240445743e-05,-1.662762813364739196e-03,0.000000000000000000e+00,6.227580691855932708e-03,2.618138606203549514e-05,2.618138606203580684e-05,2.618138606204007928e-05,2.618138606203169026e-05
2.774826573339166276e-03,0.000000000000000000e+00,9.806749824986967488e-05,-1.665862876230785787e-03,0.000000000000000000e+00,6.227580664643735803e-03,2.794437499600378454e-05,2.794437499600407253e-05,2.794437499597529374e-05,2.794437499596691150e-05
2.779826260858696187e-03,0.000000000000000000e+00,9.811599427253224503e-05,-1.668962693877485814e-03,0.000000000000000000e+00,6.227580434414352502e-03,3.002234921153595459e-05,3.002234921153607318e-05,3.002234921147845800e-05,3.002234921147023500e-05
2.784825948378226099e-03,0.000000000000000000e+00,9.812928874553181993e-05,-1.672062266304839059e-03,0.000000000000000000e+00,6.227580026403518182e-03,3.240865600213138550e-05,3.240865600213120931e-05,3.240865600205237426e-05,3.240865600204442571e-05
2.789825635897756444e-03,0.000000000000000000e+00,9.811278953908005528e-05,-1.675161593512845739e-03,0.000000000000000000e+00,6.227579506622305319e-03,3.507097652580917779e-05,3.507097652580862214e-05,3.507097652571889085e-05,3.507097652571129466e-05
2.794825323417286355e-03,0.000000000000000000e+00,9.807329341906074408e-05,-1.678260675501505855e-03,0.000000000000000000e+00,6.227578971517429111e-03,3.795194315330085690e-05,3.795194315329988789e-05,3.795194315321117983e-05,3.795194315320399021e-05
2.799825010936816266e-03,0.000000000000000000e+00,9.801866913446095680e-05,-1.681359512270819189e-03,0.000000000000000000e+00,6.227578530563925366e-03,4.097118031393257910e-05,4.097118031393115608e-05,4.097118031385576337e-05,4.097118031384902099e-05
2.804824698456346611e-03,0.000000000000000000e+00,9.795750311734921175e-05,-1.684458103820785741e-03,0.000000000000000000e+00,6.227578284824232882e-03,4.402868790889599032e-05,4.402868790889414717e-05,4.402868790884344717e-05,4.402868790883711136e-05
2.809824385975876523e-03,0.000000000000000000e+00,9.789872398622527646e-05,-1.687556450151405946e-03,0.000000000000000000e+00,6.227578305611044390e-03,4.700941169784731886e-05,4.700941169784505558e-05,4.700941169782828433e-05,4.700941169782235510e-05
2.814824073495406434e-03,0.000000000000000000e+00,9.785122309014917326e-05,-1.690654551262679370e-03,0.000000000000000000e+00,6.227578617694904013e-03,4.978877784453836458e-05,4.978877784453576249e-05,4.978877784455888311e-05,4.978877784455330624e-05
2.819823761014936345e-03,0.000000000000000000e+00,9.782348856234181602e-05,-1.693752407154606229e-03,0.000000000000000000e+00,6.227579190869042373e-03,5.223891284066276995e-05,5.223891284065982905e-05,5.223891284072501671e-05,5.223891284071974477e-05
2.824823448534466690e-03,0.000000000000000000e+00,9.782326974046003185e-05,-1.696850017827186523e-03,0.000000000000000000e+00,6.227579942189879515e-03,5.423522854043917574e-05,5.423522854043596379e-05,5.423522854054098233e-05,5.423522854053600855e-05
2.829823136053996602e-03,0.000000000000000000e+00,9.785728737085058076e-05,-1.699947383280420036e-03,0.000000000000000000e+00,6.227580749117152779e-03,5.566302748549896949e-05,5.566302748549552715e-05,5.566302748563400687e-05,5.566302748562925671e-05
2.834822823573526513e-03,0.000000000000000000e+00,9.793100280242053525e-05,-1.703044503514306984e-03,0.000000000000000000e+00,6.227581471499694585e-03,5.642377761595700989e-05,5.642377761595331683e-05,5.642377761611514078e-05,5.642377761611063456e-05
2.839822511093056424e-03,0.000000000000000000e+00,9.804845648944205197e-05,-1.706141378528847367e-03,0.000000000000000000e+00,6.227581978375715775e-03,5.644071837142049057e-05,5.644071837141657389e-05,5.644071837158877230e-05,5.644071837158448970e-05
2.844822198612586769e-03,0.000000000000000000e+00,9.821218269522801966e-05,-1.709238008324041186e-03,0.000000000000000000e+00,6.227582174326525173e-03,5.566349155616661922e-05,5.566349155616247214e-05,5.566349155633030664e-05,5.566349155632625443e-05
2.849821886132116681e-03,0.000000000000000000e+00,9.842320348419720047e-05,-1.712334392899888223e-03,0.000000000000000000e+00,6.227582019946003786e-03,5.407153861707772837e-05,5.407153861707332380e-05,5.407153861722173752e-05,5.407153861721795637e-05
2.854821573651646592e-03,0.000000000000000000e+00,9.868110109504940467e-05,-1.715430532256388696e-03,0.000000000000000000e+00,6.227581541955368866e-03,5.167606865296124348e-05,5.167606865295654752e-05,5.167606865307150684e-05,5.167606865306803061e-05
2.859821261171176937e-03,0.000000000000000000e+00,9.898416380263998996e-05,-1.718526426393542604e-03,0.000000000000000000e+00,6.227580830448482471e-03,4.852047521662595456e-05,4.852047521662088592e-05,4.852047521669074920e-05,4.852047521668765922e-05
2.864820948690706848e-03,0.000000000000000000e+00,9.932959660398897345e-05,-1.721622075311349948e-03,0.000000000000000000e+00,6.227580023319173770e-03,4.467916083054474755e-05,4.467916083053927233e-05,4.467916083055589450e-05,4.467916083055321788e-05
2.869820636210236760e-03,0.000000000000000000e+00,9.971378470067374165e-05,-1.724717479009810510e-03,0.000000000000000000e+00,6.227579280574089583e-03,4.025481174267202662e-05,4.025481174266611772e-05,4.025481174262566343e-05,4.025481174262344081e-05
2.874820323729766671e-03,0.000000000000000000e+00,1.001325949739057647e-04,-1.727812637488924507e-03,0.000000000000000000e+00,6.227578753410119988e-03,3.537424725912885877e-05,3.537424725912245520e-05,3.537424725902579858e-05,3.537424725902409096e-05
2.879820011249297016e-03,0.000000000000000000e+00,1.005816986107282995e-04,-1.730907550748691940e-03,0.000000000000000000e+00,6.227578554157724156e-03,3.018304354529041921e-05,3.018304354528354469e-05,3.018304354513626938e-05,3.018304354513507337e-05
2.884819698768826927e-03,0.000000000000000000e+00,1.010568968550071327e-04,-1.734002218789112808e-03,0.000000000000000000e+00,6.227578733175401574e-03,2.483919695839401548e-05,2.483919695838666662e-05,2.483919695819860159e-05,2.483919695819789347e-05
2.889819386288356839e-03,0.000000000000000000e+00,1.015544315976814869e-04,-1.737096641610186894e-03,0.000000000000000000e+00,6.227579267499902017e-03,1.950614319843465294e-05,1.950614319842690090e-05,1.950614319821124292e-05,1.950614319821098881e-05
2.894819073807886750e-03,0.000000000000000000e+00,1.020712632125027433e-04,-1.740190819211914416e-03,0.000000000000000000e+00,6.227580063755707232e-03,1.434548303827051586e-05,1.434548303826246566e-05,1.434548303803469680e-05,1.434548303803478320e-05
2.899818761327417095e-03,0.000000000000000000e+00,1.026052996624009564e-04,-1.743284751594295374e-03,0.000000000000000000e+00,6.227580974971461993e-03,9.509781236986740129e-06,9.509781236978468005e-06,9.509781236754830978e-06,9.509781236755183344e-06
2.904818448846947006e-03,0.000000000000000000e+00,1.031555633751677357e-04,-1.746378438757329550e-03,0.000000000000000000e+00,6.227581828131280826e-03,5.135801596089509667e-06,5.135801596081166393e-06,5.135801595877349937e-06,5.135801595877822581e-06
2.909818136366476918e-03,0.000000000000000000e+00,1.037222855971496968e-04,-1.749471880701017378e-03,0.000000000000000000e+00,6.227582457094109694e-03,1.338518201356113228e-06,1.338518201347873291e-06,1.338518201177609504e-06,1.338518201178024551e-06
2.914817823886007263e-03,0.000000000000000000e+00,1.043069217218497784e-04,-1.752565077425358208e-03,0.000000000000000000e+00,6.227582734405696582e-03,-1.793798022239569194e-06,-1.793798022247522833e-06,-1.793798022373686697e-06,-1.793798022373513902e-06
2.919817511405537174e-03,0.000000000000000000e+00,1.049120852661685030e-04,-1.755658028930352473e-03,0.000000000000000000e+00,6.227582595738423606e-03,-4.203174970629138267e-06,-4.203174970636654837e-06,-4.203174970712194930e-06,-4.203174970712420240e-06
2.924817198925067085e-03,0.000000000000000000e+00,1.055414025172262131e-04,-1.758750735216000173e-03,0.000000000000000000e+00,6.227582052180022192e-03,-5.864044044766079670e-06,-5.864044044772967742e-06,-5.864044044795876595e-06,-5.864044044796660947e-06
2.929816886444596997e-03,0.000000000000000000e+00,1.061992941722895458e-04,-1.761843196282301309e-03,0.000000000000000000e+00,6.227581188040397751e-03,-6.783758779607072572e-06,-6.783758779613198315e-06,-6.783758779585984840e-06,-6.783758779587501029e-06
2.934816573964127342e-03,0.000000000000000000e+00,1.068906943182690587e-04,-1.764935412129255664e-03,0.000000000000000000e+00,6.227580144744707460e-03,-7.001515021815345413e-06,-7.001515021820561442e-06,-7.001515021749940917e-06,-7.001515021752295669e-06
2.939816261483657253e-03,0.000000000000000000e+00,1.076207206323807978e-04,-1.768027382756863454e-03,0.000000000000000000e+00,6.227579094129321105e-03,-6.585743028295580745e-06,-6.585743028299819297e-06,-6.585743028195883273e-06,-6.585743028199161290e-06
2.944815949003187164e-03,0.000000000000000000e+00,1.083943125418930070e-04,-1.771119108165124679e-03,0.000000000000000000e+00,6.227578206493698115e-03,-5.630120250007309126e-06,-5.630120250010554956e-06,-5.630120249885658254e-06,-5.630120249889868008e-06
2.949815636522717076e-03,0.000000000000000000e+00,1.092158561018957583e-04,-1.774210588354039339e-03,0.000000000000000000e+00,6.227577619682357277e-03,-4.248423393337395564e-06,-4.248423393339640202e-06,-4.248423393207149002e-06,-4.248423393212275246e-06
2.954815324042247421e-03,0.000000000000000000e+00,1.100888154212175616e-04,-1.777301823323607219e-03,0.000000000000000000e+00,6.227577415113083430e-03,-2.568495929372759725e-06,-2.568495929374078555e-06,-2.568495929246946533e-06,-2.568495929252932515e-06
2.959815011561777332e-03,0.000000000000000000e+00,1.110153905218979210e-04,-1.780392813073828533e-03,0.000000000000000000e+00,6.227577605136718278e-03,-7.256495683559458074e-07,-7.256495683564557212e-07,-7.256495682459522264e-07,-7.256495682526734328e-07
2.964814699081307244e-03,0.000000000000000000e+00,1.119962205432546687e-04,-1.783483557604703283e-03,0.000000000000000000e+00,6.227578133755395755e-03,1.144156785743219776e-06,1.144156785743349372e-06,1.144156785828730081e-06,1.144156785821434586e-06
2.969814386600837589e-03,0.000000000000000000e+00,1.130301492372636402e-04,-1.786574056916231251e-03,0.000000000000000000e+00,6.227578890046049122e-03,2.911010583080888803e-06,2.911010583081469868e-06,2.911010583136876834e-06,2.911010583129203563e-06
2.974814074120367500e-03,0.000000000000000000e+00,1.141140668391919897e-04,-1.789664311008412872e-03,0.000000000000000000e+00,6.227579731188293520e-03,4.457273773566476283e-06,4.457273773567297905e-06,4.457273773591885577e-06,4.457273773584062381e-06
2.979813761639897411e-03,0.000000000000000000e+00,1.152428387750050376e-04,-1.792754319881247711e-03,0.000000000000000000e+00,6.227580510265103529e-03,5.683037473397992338e-06,5.683037473398822430e-06,5.683037473395784970e-06,5.683037473388032924e-06
2.984813449159427323e-03,0.000000000000000000e+00,1.164093274641996533e-04,-1.795844083534735769e-03,0.000000000000000000e+00,6.227581103307872068e-03,6.510540760003463744e-06,6.510540760004092243e-06,6.510540759980216078e-06,6.510540759972774046e-06
2.989813136678957668e-03,0.000000000000000000e+00,1.176045089037728491e-04,-1.798933601968877478e-03,0.000000000000000000e+00,6.227581430484564057e-03,6.887350043140903565e-06,6.887350043141111935e-06,6.887350043105987173e-06,6.887350043099039809e-06
2.994812824198487579e-03,0.000000000000000000e+00,1.188176810067983276e-04,-1.802022875183672407e-03,0.000000000000000000e+00,6.227581467736495631e-03,6.788164074827903965e-06,6.788164074827510942e-06,6.788164074792404814e-06,6.788164074786148629e-06
2.999812511718017490e-03,0.000000000000000000e+00,1.200367560567302573e-04,-1.805111903179120771e-03,0.000000000000000000e+00,6.227581247220386786e-03,6.215184186498776445e-06,6.215184186497638033e-06,6.215184186474227737e-06,6.215184186468788091e-06
3.004812199237547402e-03,0.000000000000000000e+00,1.212486253612746342e-04,-1.808200685955222570e-03,0.000000000000000000e+00,6.227580847160302767e-03,5.197065654117350380e-06,5.197065654115397969e-06,5.197065654114404399e-06,5.197065654109873620e-06
3.009811886757077747e-03,0.000000000000000000e+00,1.224395804664017630e-04,-1.811289223511977587e-03,0.000000000000000000e+00,6.227580373701301596e-03,3.786540039956031006e-06,3.786540039953220551e-06,3.786540039983169942e-06,3.786540039979595463e-06
3.014811574276607658e-03,0.000000000000000000e+00,1.235957723131089173e-04,-1.814377515849386257e-03,0.000000000000000000e+00,6.227579938708142047e-03,2.056865997063703607e-06,2.056865997060068141e-06,2.056865997126268848e-06,2.056865997123602388e-06
3.019811261796137569e-03,0.000000000000000000e+00,1.247036876405845443e-04,-1.817465562967448146e-03,0.000000000000000000e+00,6.227579637949554742e-03,9.732382336487767805e-08,9.732382336047988298e-08,9.732382346424311309e-08,9.732382346242199225e-08
3.024810949315667914e-03,0.000000000000000000e+00,1.257506208675920054e-04,-1.820553364866163253e-03,0.000000000000000000e+00,6.227579533720186550e-03,-1.991985899845723790e-06,-1.991985899850734837e-06,-1.991985899712361840e-06,-1.991985899713476536e-06
3.029810636835197826e-03,0.000000000000000000e+00,1.267251196761694232e-04,-1.823640921545532012e-03,0.000000000000000000e+00,6.227579644826342076e-03,-4.105749112640255889e-06,-4.105749112645720099e-06,-4.105749112479833778e-06,-4.105749112480406373e-06
3.034810324354727737e-03,0.000000000000000000e+00,1.276173835810950365e-04,-1.826728233005553989e-03,0.000000000000000000e+00,6.227579945278660482e-03,-6.139146117443698425e-06,-6.139146117449412509e-06,-6.139146117266731219e-06,-6.139146117266957377e-06
3.039810011874257648e-03,0.000000000000000000e+00,1.284195968438689016e-04,-1.829815299246229402e-03,0.000000000000000000e+00,6.227580371338262144e-03,-7.993358692352503842e-06,-7.993358692358251807e-06,-7.993358692172182386e-06,-7.993358692172273865e-06
3.044809699393787993e-03,0.000000000000000000e+00,1.291261800788178209e-04,-1.832902120267558034e-03,0.000000000000000000e+00,6.227580835082990526e-03,-9.580593389491538157e-06,-9.580593389497118410e-06,-9.580593389322514426e-06,-9.580593389322690609e-06
3.049809386913317905e-03,0.000000000000000000e+00,1.297339486530755951e-04,-1.835988696069539884e-03,0.000000000000000000e+00,6.227581241649086420e-03,-1.082837122971661622e-05,-1.082837122972181022e-05,-1.082837122957359640e-05,-1.082837122957406057e-05
3.054809074432847816e-03,0.000000000000000000e+00,1.302421703153252967e-04,-1.839075026652175386e-03,0.000000000000000000e+00,6.227581506893992321e-03,-1.168287974587899075e-05,-1.168287974588362233e-05,-1.168287974577533086e-05,-1.168287974577625751e-05
3.059808761952377727e-03,0.000000000000000000e+00,1.306525191857098409e-04,-1.842161112015464107e-03,0.000000000000000000e+00,6.227581572420948577e-03,-1.211123870290730545e-05,-1.211123870291123908e-05,-1.211123870285367472e-05,-1.211123870285520615e-05
3.064808449471908072e-03,0.000000000000000000e+00,1.309689280694388146e-04,-1.845246952159406264e-03,0.000000000000000000e+00,6.227581415596906110e-03,-1.210259257226066647e-05,-1.210259257226380388e-05,-1.210259257226395634e-05,-1.210259257226619251e-05
3.069808136991437984e-03,0.000000000000000000e+00,1.311973457823325064e-04,-1.848332547084001855e-03,0.000000000000000000e+00,6.227581053199906548e-03,-1.166800743860065140e-05,-1.166800743860294348e-05,-1.166800743866320818e-05,-1.166800743866619820e-05
3.074807824510967895e-03,0.000000000000000000e+00,1.313454105677177870e-04,-1.851417896789250665e-03,0.000000000000000000e+00,6.227580538443171047e-03,-1.083921388922695846e-05,-1.083921388922842721e-05,-1.083921388934627660e-05,-1.083921388935001202e-05
3.079807512030498240e-03,0.000000000000000000e+00,1.314220545290824380e-04,-1.854503001275153128e-03,0.000000000000000000e+00,6.227579952151623618e-03,-9.666297148778031444e-06,-9.666297148778729399e-06,-9.666297148946860357e-06,-9.666297148951270011e-06
3.084807199550028151e-03,0.000000000000000000e+00,1.314370571191120479e-04,-1.857587860541708808e-03,0.000000000000000000e+00,6.227579389673151833e-03,-8.214488173105437876e-06,-8.214488173105476839e-06,-8.214488173312357861e-06,-8.214488173317343496e-06
3.089806887069558063e-03,0.000000000000000000e+00,1.314005679685451293e-04,-1.860672474588917708e-03,0.000000000000000000e+00,6.227578945614921542e-03,-6.560252004090759224e-06,-6.560252004090284885e-06,-6.560252004321166585e-06,-6.560252004326585055e-06
3.094806574589087974e-03,0.000000000000000000e+00,1.313226206078513649e-04,-1.863756843416780259e-03,0.000000000000000000e+00,6.227578698686250455e-03,-4.786900435552900603e-06,-4.786900435552095075e-06,-4.786900435790262952e-06,-4.786900435795937226e-06
3.099806262108618319e-03,0.000000000000000000e+00,1.312126588804873233e-04,-1.866840967025296030e-03,0.000000000000000000e+00,6.227578698828474361e-03,-2.979973690852538145e-06,-2.979973690851593704e-06,-2.979973691079870777e-06,-2.979973691085607731e-06
3.104805949628148230e-03,0.000000000000000000e+00,1.310790970689036249e-04,-1.869924845414465235e-03,0.000000000000000000e+00,6.227578958465753919e-03,-1.222639870900842356e-06,-1.222639870899953395e-06,-1.222639871102228251e-06,-1.222639871107825445e-06
3.109805637147678142e-03,0.000000000000000000e+00,1.309289330043577910e-04,-1.873008478584287876e-03,0.000000000000000000e+00,6.227579449172180800e-03,4.086483321865265886e-07,4.086483321871644044e-07,4.086483320245213730e-07,4.086483320192502870e-07
3.114805324667208053e-03,0.000000000000000000e+00,1.307674308065791074e-04,-1.876091866534763735e-03,0.000000000000000000e+00,6.227580104371108032e-03,1.848021752258325623e-06,1.848021752258542040e-06,1.848021752145495329e-06,1.848021752140710863e-06
3.119805012186738398e-03,0.000000000000000000e+00,1.305978865382955302e-04,-1.879175009265893030e-03,0.000000000000000000e+00,6.227580827913933512e-03,3.043402080372137019e-06,3.043402080371799900e-06,3.043402080313774755e-06,3.043402080309622600e-06
3.124804699706268309e-03,0.000000000000000000e+00,1.304214861348588800e-04,-1.882257906777675760e-03,0.000000000000000000e+00,6.227581507587416805e-03,3.958903618705226617e-06,3.958903618704230507e-06,3.958903618701730065e-06,3.958903618698306358e-06
3.129804387225798221e-03,0.000000000000000000e+00,1.302372606771827544e-04,-1.885340559070111926e-03,0.000000000000000000e+00,6.227582031848193957e-03,4.576331492008782901e-06,4.576331492007073589e-06,4.576331492055723773e-06,4.576331492053086959e-06
3.134804074745328566e-03,0.000000000000000000e+00,1.300421396273056479e-04,-1.888422966143201310e-03,0.000000000000000000e+00,6.227582307477953424e-03,4.895728418761616395e-06,4.895728418759170164e-06,4.895728418850244841e-06,4.895728418848410167e-06
3.139803762264858477e-03,0.000000000000000000e+00,1.298310982535733928e-04,-1.891505127996944129e-03,0.000000000000000000e+00,6.227582275502753159e-03,4.934972635389987648e-06,4.934972635386834991e-06,4.934972635508213119e-06,4.934972635507136540e-06
3.144803449784388388e-03,0.000000000000000000e+00,1.295973913425885020e-04,-1.894587044631340384e-03,0.000000000000000000e+00,6.227581922727903029e-03,4.728477769572771997e-06,4.728477769568978137e-06,4.728477769706334693e-06,4.728477769705959458e-06
3.149803137303918300e-03,0.000000000000000000e+00,1.293328616159758200e-04,-1.897668716046390074e-03,0.000000000000000000e+00,6.227581286673418773e-03,4.325088913510297765e-06,4.325088913505952486e-06,4.325088913644276354e-06,4.325088913644498277e-06
3.154802824823448645e-03,0.000000000000000000e+00,1.290283082034607981e-04,-1.900750142242092983e-03,0.000000000000000000e+00,6.227580452557745540e-03,3.785305776450473915e-06,3.785305776445702578e-06,3.785305776570745817e-06,3.785305776571467913e-06
3.159802512342978556e-03,0.000000000000000000e+00,1.286738981977864852e-04,-1.903831323218449327e-03,0.000000000000000000e+00,6.227579542187748271e-03,3.177991998929772276e-06,3.177991998924701513e-06,3.177991999024457431e-06,3.177991999025526386e-06
3.164802199862508467e-03,0.000000000000000000e+00,1.282596028205167365e-04,-1.906912258975458890e-03,0.000000000000000000e+00,6.227578696001929807e-03,2.576748436574737881e-06,2.576748436569484159e-06,2.576748436635314712e-06,2.576748436636604744e-06
3.169801887382038379e-03,0.000000000000000000e+00,1.277756391073481821e-04,-1.909992949513121888e-03,0.000000000000000000e+00,6.227578050842640968e-03,2.056136993738752423e-06,2.056136993733456349e-06,2.056136993760973485e-06,2.056136993762354149e-06
3.174801574901568724e-03,0.000000000000000000e+00,1.272128982804130262e-04,-1.913073394831438321e-03,0.000000000000000000e+00,6.227577717034609404e-03,1.687940504302985314e-06,1.687940504297738368e-06,1.687940504287131822e-06,1.687940504288511215e-06
3.179801262421098635e-03,0.000000000000000000e+00,1.265633430743333474e-04,-1.916153594930407973e-03,0.000000000000000000e+00,6.227577758781421141e-03,1.537633850731164427e-06,1.537633850726053006e-06,1.537633850682119101e-06,1.537633850683417179e-06
3.184800949940628546e-03,0.000000000000000000e+00,1.258203581448424349e-04,-1.919233549810031060e-03,0.000000000000000000e+00,6.227578181603641953e-03,1.661223081541578945e-06,1.661223081536658954e-06,1.661223081468195398e-06,1.661223081469349481e-06
3.189800637460158891e-03,0.000000000000000000e+00,1.249790402023425915e-04,-1.922313259470307583e-03,0.000000000000000000e+00,6.227578929510237983e-03,2.102584204832696784e-06,2.102584204827994904e-06,2.102584204746906746e-06,2.102584204747889304e-06
3.194800324979688803e-03,0.000000000000000000e+00,1.240364175395598692e-04,-1.925392723911237541e-03,0.000000000000000000e+00,6.227579892951526537e-03,2.891403339796478109e-06,2.891403339791951565e-06,2.891403339711915422e-06,2.891403339712741279e-06
3.199800012499218714e-03,0.000000000000000000e+00,1.229915920049986817e-04,-1.928471943132820717e-03,0.000000000000000000e+00,6.227580926623976255e-03,4.041786884442381865e-06,4.041786884438001011e-06,4.041786884373077630e-06,4.041786884373783208e-06
3.204799700018748625e-03,0.000000000000000000e+00,1.218458000438500807e-04,-1.931550917135057329e-03,0.000000000000000000e+00,6.227581874259329256e-03,5.551576217911011828e-06,5.551576217906744476e-06,5.551576217869800287e-06,5.551576217870439797e-06
3.209799387538278970e-03,0.000000000000000000e+00,1.206023930148186144e-04,-1.934629645917947376e-03,0.000000000000000000e+00,6.227582596032933682e-03,7.402368024495150581e-06,7.402368024490925581e-06,7.402368024492248647e-06,7.402368024492870369e-06
3.214799075057808882e-03,0.000000000000000000e+00,1.192667404305465122e-04,-1.937708129481490859e-03,0.000000000000000000e+00,6.227582993507486085e-03,9.560210240631246485e-06,9.560210240626980827e-06,9.560210240673078054e-06,9.560210240673762457e-06
3.219798762577338793e-03,0.000000000000000000e+00,1.178460629102474422e-04,-1.940786367825687560e-03,0.000000000000000000e+00,6.227583027287577656e-03,1.197691625264895993e-05,1.197691625264459433e-05,1.197691625273737662e-05,1.197691625273819316e-05
3.224798450096868704e-03,0.000000000000000000e+00,1.163492043455674246e-04,-1.943864360950537697e-03,0.000000000000000000e+00,6.227582723802092650e-03,1.459191735015752319e-05,1.459191735015300850e-05,1.459191735028944010e-05,1.459191735029043790e-05
3.229798137616399049e-03,0.000000000000000000e+00,1.147863549600090262e-04,-1.946942108856041269e-03,0.000000000000000000e+00,6.227582169651494845e-03,1.733455624348963735e-05,1.733455624348495495e-05,1.733455624365708221e-05,1.733455624365828161e-05
3.234797825135928961e-03,0.000000000000000000e+00,1.131687385134475915e-04,-1.950019611542198276e-03,0.000000000000000000e+00,6.227581494374836470e-03,2.012671298972899418e-05,2.012671298972413899e-05,2.012671298991979005e-05,2.012671298992119273e-05
3.239797512655458872e-03,0.000000000000000000e+00,1.115082778229092809e-04,-1.953096869009008502e-03,0.000000000000000000e+00,6.227580844822377774e-03,2.288564889423726792e-05,2.288564889423226704e-05,2.288564889443598862e-05,2.288564889443756749e-05
3.244797200174989217e-03,0.000000000000000000e+00,1.098172530275347655e-04,-1.956173881256472163e-03,0.000000000000000000e+00,6.227580356075881375e-03,2.552695350397957510e-05,2.552695350397449968e-05,2.552695350416894117e-05,2.552695350417062846e-05
3.249796887694519128e-03,0.000000000000000000e+00,1.081079666391489876e-04,-1.959250648284588826e-03,0.000000000000000000e+00,6.227580124654375285e-03,2.796748407018292303e-05,2.796748407017783406e-05,2.796748407034533991e-05,2.796748407034705769e-05
3.254796575214049040e-03,0.000000000000000000e+00,1.063924284381031582e-04,-1.962327170093359358e-03,0.000000000000000000e+00,6.227580189382962358e-03,3.012819502963279405e-05,3.012819502962783044e-05,3.012819502975203935e-05,3.012819502975366226e-05
3.259796262733578951e-03,0.000000000000000000e+00,1.046820717696333254e-04,-1.965403446682782891e-03,0.000000000000000000e+00,6.227580523830034825e-03,3.193676622503930946e-05,3.193676622503459318e-05,3.193676622510197634e-05,3.193676622510337225e-05
3.264795950253109296e-03,0.000000000000000000e+00,1.029875108612895182e-04,-1.968479478052859860e-03,0.000000000000000000e+00,6.227581041916077642e-03,3.332995181123200911e-05,3.332995181122768585e-05,3.332995181122889203e-05,3.332995181122990847e-05
3.269795637772639207e-03,0.000000000000000000e+00,1.013183465238223400e-04,-1.971555264203590698e-03,0.000000000000000000e+00,6.227581615630165164e-03,3.425558617001368795e-05,3.425558617000987969e-05,3.425558616994068048e-05,3.425558616994118193e-05
3.274795325292169119e-03,0.000000000000000000e+00,9.968302513169986334e-05,-1.974630805134974104e-03,0.000000000000000000e+00,6.227582101310419858e-03,3.467419787688519973e-05,3.467419787688205555e-05,3.467419787674377234e-05,3.467419787674364359e-05
3.279795012811699030e-03,0.000000000000000000e+00,9.808875322344468928e-05,-1.977706100847011379e-03,0.000000000000000000e+00,6.227582369174243862e-03,3.456019716905201470e-05,3.456019716904962946e-05,3.456019716884922146e-05,3.456019716884834055e-05
3.284794700331229375e-03,0.000000000000000000e+00,9.654146753184975169e-05,-1.980781151339702090e-03,0.000000000000000000e+00,6.227582330100824015e-03,3.390261597426184686e-05,3.390261597426029509e-05,3.390261597400975630e-05,3.390261597400805546e-05
3.289794387850759286e-03,0.000000000000000000e+00,9.504585785779250172e-05,-1.983855956613045802e-03,0.000000000000000000e+00,6.227581954223306536e-03,3.270539208000051198e-05,3.270539207999982080e-05,3.270539207971527872e-05,3.270539207971273762e-05
3.294794075370289198e-03,0.000000000000000000e+00,9.360543803482810482e-05,-1.986930516667043383e-03,0.000000000000000000e+00,6.227581277569617726e-03,3.098720033885938663e-05,3.098720033885954926e-05,3.098720033855987578e-05,3.098720033855650798e-05
3.299793762889819543e-03,0.000000000000000000e+00,9.222265837565779643e-05,-1.990004831501693966e-03,0.000000000000000000e+00,6.227580395448218363e-03,2.878084396165871584e-05,2.878084396165966452e-05,2.878084396136493093e-05,2.878084396136078725e-05
3.304793450409349454e-03,0.000000000000000000e+00,9.089905150880585869e-05,-1.993078901116997984e-03,0.000000000000000000e+00,6.227579443991841136e-03,2.613222810747717502e-05,2.613222810747878100e-05,2.613222810720855716e-05,2.613222810720374601e-05
3.309793137928879365e-03,0.000000000000000000e+00,8.963540244803732987e-05,-1.996152725512955438e-03,0.000000000000000000e+00,6.227578573678579574e-03,2.309894637329245042e-05,2.309894637329457817e-05,2.309894637306626552e-05,2.309894637306095632e-05
3.314792825448409277e-03,0.000000000000000000e+00,8.843193311213963352e-05,-1.999226304689566327e-03,0.000000000000000000e+00,6.227577920244477608e-03,1.974851866935571632e-05,1.974851866935818288e-05,1.974851866918563210e-05,1.974851866918000102e-05
3.319792512967939622e-03,0.000000000000000000e+00,8.728849133331156938e-05,-2.002299638646830651e-03,0.000000000000000000e+00,6.227577578860369126e-03,1.615632656117947094e-05,1.615632656118204592e-05,1.615632656107446257e-05,1.615632656106873324e-05
3.324792200487469533e-03,0.000000000000000000e+00,8.620473464510118491e-05,-2.005372727384748411e-03,0.000000000000000000e+00,6.227577586687928039e-03,1.240329960720976714e-05,1.240329960721222014e-05,1.240329960717346330e-05,1.240329960716785595e-05
3.329791888006999444e-03,0.000000000000000000e+00,8.518029979589716730e-05,-2.008445570903319172e-03,0.000000000000000000e+00,6.227577917134198213e-03,8.573413548242228089e-06,8.573413548244338895e-06,8.573413548272744992e-06,8.573413548267522186e-06
3.334791575526529356e-03,0.000000000000000000e+00,8.421494994775544400e-05,-2.011518169202543369e-03,0.000000000000000000e+00,6.227578486685080364e-03,4.751068295020303381e-06,4.751068295021828041e-06,4.751068295110553048e-06,4.751068295105945189e-06
3.339791263046059701e-03,0.000000000000000000e+00,8.330869283787292517e-05,-2.014590522282421435e-03,0.000000000000000000e+00,6.227579172638632136e-03,1.018420249880470777e-06,1.018420249881187367e-06,1.018420250019008098e-06,1.018420250015221861e-06
3.344790950565589612e-03,0.000000000000000000e+00,8.246186473783481382e-05,-2.017662630142952503e-03,0.000000000000000000e+00,6.227579837913659044e-03,-2.547250817555497701e-06,-2.547250817555746729e-06,-2.547250817383370442e-06,-2.547250817386172427e-06
3.349790638085119523e-03,0.000000000000000000e+00,8.167517677470279263e-05,-2.020734492784137006e-03,0.000000000000000000e+00,6.227580357810571024e-03,-5.876055860320730640e-06,-5.876055860322087587e-06,-5.876055860131496704e-06,-5.876055860133167053e-06
3.354790325604649435e-03,0.000000000000000000e+00,8.094972200595017134e-05,-2.023806110205974944e-03,0.000000000000000000e+00,6.227580643390583787e-03,-8.907804884537389895e-06,-8.907804884539936076e-06,-8.907804884347737524e-06,-8.907804884348200004e-06
3.359790013124179780e-03,0.000000000000000000e+00,8.028694349464455052e-05,-2.026877482408465884e-03,0.000000000000000000e+00,6.227580657019467399e-03,-1.159402317754144716e-05,-1.159402317754521476e-05,-1.159402317736678050e-05,-1.159402317736599953e-05
3.364789700643709691e-03,0.000000000000000000e+00,7.968856544144724524e-05,-2.029948609391610693e-03,0.000000000000000000e+00,6.227580417367015002e-03,-1.389959267073390975e-05,-1.389959267073886659e-05,-1.389959267058690380e-05,-1.389959267058489802e-05
3.369789388163239603e-03,0.000000000000000000e+00,7.915649112916360911e-05,-2.033019491155408937e-03,0.000000000000000000e+00,6.227579993365271564e-03,-1.580394291626026340e-05,-1.580394291626633155e-05,-1.580394291614982725e-05,-1.580394291614668645e-05
3.374789075682769948e-03,0.000000000000000000e+00,7.869267296257105647e-05,-2.036090127699860183e-03,0.000000000000000000e+00,6.227579488829929240e-03,-1.730172735801723989e-05,-1.730172735802428720e-05,-1.730172735794781029e-05,-1.730172735794365983e-05
3.379788763202299859e-03,0.000000000000000000e+00,7.829896118699287413e-05,-2.039160519024964865e-03,0.000000000000000000e+00,6.227579021189465561e-03,-1.840293581354421763e-05,-1.840293581355206454e-05,-1.840293581351547949e-05,-1.840293581351049216e-05
3.384788450721829770e-03,0.000000000000000000e+00,7.797693889777720651e-05,-2.042230665130722982e-03,0.000000000000000000e+00,6.227578698716279386e-03,-1.913241316640722093e-05,-1.913241316641567093e-05,-1.913241316641438005e-05,-1.913241316640876591e-05
3.389788138241359682e-03,0.000000000000000000e+00,7.772775167294729769e-05,-2.045300566017134534e-03,0.000000000000000000e+00,6.227578600669369385e-03,-1.952877672410477963e-05,-1.952877672411360910e-05,-1.952877672413918272e-05,-1.952877672413315862e-05
3.394787825760890027e-03,0.000000000000000000e+00,7.755194054635128212e-05,-2.048370221684199521e-03,0.000000000000000000e+00,6.227578763899436001e-03,-1.964274975924231725e-05,-1.964274975925126530e-05,-1.964274975929242433e-05,-1.964274975928624099e-05
3.399787513280419938e-03,0.000000000000000000e+00,7.744928707287753746e-05,-2.051439632131917944e-03,0.000000000000000000e+00,6.227579177973304944e-03,-1.953495538497557877e-05,-1.953495538498442179e-05,-1.953495538502832859e-05,-1.953495538502222656e-05
3.404787200799949849e-03,0.000000000000000000e+00,7.741867891609381799e-05,-2.054508797360289369e-03,0.000000000000000000e+00,6.227579789098345274e-03,-1.927324185224425906e-05,-1.927324185225275311e-05,-1.927324185228641759e-05,-1.927324185228062388e-05
3.409786888319479761e-03,0.000000000000000000e+00,7.745800371886522504e-05,-2.057577717369314663e-03,0.000000000000000000e+00,6.227580511451250196e-03,-1.892963616045744002e-05,-1.892963616046539196e-05,-1.892963616047703019e-05,-1.892963616047174132e-05
3.414786575839010106e-03,0.000000000000000000e+00,7.756407801753041555e-05,-2.060646392158992958e-03,0.000000000000000000e+00,6.227581243266879993e-03,-1.857704602096298905e-05,-1.857704602097021255e-05,-1.857704602095051733e-05,-1.857704602094591964e-05
3.419786263358540017e-03,0.000000000000000000e+00,7.773261666000339572e-05,-2.063714821729324689e-03,0.000000000000000000e+00,6.227581884428241843e-03,-1.828584918443610594e-05,-1.828584918444244175e-05,-1.828584918438556857e-05,-1.828584918438180097e-05
3.424785950878069928e-03,0.000000000000000000e+00,7.795824662878032005e-05,-2.066783006080310289e-03,0.000000000000000000e+00,6.227582352370866596e-03,-1.812052252511699542e-05,-1.812052252512234190e-05,-1.812052252502654586e-05,-1.812052252502372016e-05
3.429785638397600273e-03,0.000000000000000000e+00,7.823456740282243662e-05,-2.069850945211948456e-03,0.000000000000000000e+00,6.227582593777288358e-03,-1.813646985904928202e-05,-1.813646985905356801e-05,-1.813646985892143425e-05,-1.813646985891960127e-05
3.434785325917130185e-03,0.000000000000000000e+00,7.855425807864495542e-05,-2.072918639124240493e-03,0.000000000000000000e+00,6.227582590582017921e-03,-1.837720635420058329e-05,-1.837720635420378847e-05,-1.837720635404201873e-05,-1.837720635404121913e-05
3.439785013436660096e-03,0.000000000000000000e+00,7.890922947969273476e-05,-2.075986087817185965e-03,0.000000000000000000e+00,6.227582359974095406e-03,-1.887204804517290358e-05,-1.887204804517502116e-05,-1.887204804499381709e-05,-1.887204804499402038e-05
3.444784700956190007e-03,0.000000000000000000e+00,7.929081748940186385e-05,-2.079053291290784439e-03,0.000000000000000000e+00,6.227581949125819000e-03,-1.963443731746411747e-05,-1.963443731746520167e-05,-1.963443731727732976e-05,-1.963443731727851900e-05
3.449784388475720352e-03,0.000000000000000000e+00,7.969001192629803409e-05,-2.082120249545036782e-03,0.000000000000000000e+00,6.227581426111451074e-03,-2.066100968229707586e-05,-2.066100968229719445e-05,-2.066100968211680692e-05,-2.066100968211888046e-05
3.454784075995250264e-03,0.000000000000000000e+00,8.009771351931831173e-05,-2.085186962579942127e-03,0.000000000000000000e+00,6.227580868825701409e-03,-2.193147462069107369e-05,-2.193147462069031475e-05,-2.193147462053159433e-05,-2.193147462053447424e-05
3.459783763514780175e-03,0.000000000000000000e+00,8.050501001668610508e-05,-2.088253430395500907e-03,0.000000000000000000e+00,6.227580353686481066e-03,-2.340934510130209057e-05,-2.340934510130057269e-05,-2.340934510117646203e-05,-2.340934510118003312e-05
3.464783451034310086e-03,0.000000000000000000e+00,8.090346124543229133e-05,-2.091319652991713123e-03,0.000000000000000000e+00,6.227579945605592540e-03,-2.504350835210125245e-05,-2.504350835209908743e-05,-2.504350835202006265e-05,-2.504350835202419617e-05
3.469783138553840431e-03,0.000000000000000000e+00,8.128538209585643856e-05,-2.094385630368578773e-03,0.000000000000000000e+00,6.227579690269655251e-03,-2.677058670438003829e-05,-2.677058670437735828e-05,-2.677058670435051072e-05,-2.677058670435509147e-05
3.474782826073370343e-03,0.000000000000000000e+00,8.164411198881999789e-05,-2.097451362526097426e-03,0.000000000000000000e+00,6.227579609321207653e-03,-2.851799416506570209e-05,-2.851799416506262228e-05,-2.851799416509101821e-05,-2.851799416509590390e-05
3.479782513592900254e-03,0.000000000000000000e+00,8.197425943171424145e-05,-2.100516849464269514e-03,0.000000000000000000e+00,6.227579698655534915e-03,-3.020755424072890771e-05,-3.020755424072555008e-05,-3.020755424080798332e-05,-3.020755424081306552e-05
3.484782201112430599e-03,0.000000000000000000e+00,8.227191080146526640e-05,-2.103582091183095037e-03,0.000000000000000000e+00,6.227579929783387015e-03,-3.175950981858670542e-05,-3.175950981858316821e-05,-3.175950981871437700e-05,-3.175950981871953374e-05
3.489781888631960510e-03,0.000000000000000000e+00,8.253479351032872672e-05,-2.106647087682573562e-03,0.000000000000000000e+00,6.227580254029511757e-03,-3.309672879970437928e-05,-3.309672879970078108e-05,-3.309672879987184786e-05,-3.309672879987698426e-05
3.494781576151490422e-03,0.000000000000000000e+00,8.276238519150205840e-05,-2.109711838962705956e-03,0.000000000000000000e+00,6.227580609185126743e-03,-3.414889153969935108e-05,-3.414889153969579355e-05,-3.414889153989513089e-05,-3.414889153990012500e-05
3.499781263671020333e-03,0.000000000000000000e+00,8.295596244396613865e-05,-2.112776345023491785e-03,0.000000000000000000e+00,6.227580928051699646e-03,-3.485643938728335238e-05,-3.485643938727991682e-05,-3.485643938749424326e-05,-3.485643938749902052e-05
3.504780951190550678e-03,0.000000000000000000e+00,8.311858493546497276e-05,-2.115840605864930616e-03,0.000000000000000000e+00,6.227581148076043009e-03,-3.517406856425710833e-05,-3.517406856425386250e-05,-3.517406856446945611e-05,-3.517406856447392844e-05
3.509780638710080589e-03,0.000000000000000000e+00,8.325501319554346868e-05,-2.118904621487022882e-03,0.000000000000000000e+00,6.227581221004218660e-03,-3.507357050969174257e-05,-3.507357050968876779e-05,-3.507357050989257747e-05,-3.507357050989667034e-05
3.514780326229610501e-03,0.000000000000000000e+00,8.337156113662647517e-05,-2.121968391889768584e-03,0.000000000000000000e+00,6.227581121245393328e-03,-3.454584814896213650e-05,-3.454584814895948698e-05,-3.454584814914027770e-05,-3.454584814914393688e-05
3.519780013749140412e-03,0.000000000000000000e+00,8.347588710668784099e-05,-2.125031917073167721e-03,0.000000000000000000e+00,6.227580851538560940e-03,-3.360197620359322765e-05,-3.360197620359096438e-05,-3.360197620374019126e-05,-3.360197620374334899e-05
3.524779701268670757e-03,0.000000000000000000e+00,8.357672998016920805e-05,-2.128095197037220294e-03,0.000000000000000000e+00,6.227580444654567428e-03,-3.227322085539004805e-05,-3.227322085538821168e-05,-3.227322085550054858e-05,-3.227322085550316422e-05
3.529779388788200668e-03,0.000000000000000000e+00,8.368359930952670657e-05,-2.131158231781926302e-03,0.000000000000000000e+00,6.227579960301382264e-03,-3.060998748934661842e-05,-3.060998748934527672e-05,-3.060998748941889404e-05,-3.060998748942089982e-05
3.534779076307730580e-03,0.000000000000000000e+00,8.380643076610186956e-05,-2.134221021307285311e-03,0.000000000000000000e+00,6.227579477118969781e-03,-2.867972209816698783e-05,-2.867972209816614079e-05,-2.867972209820259031e-05,-2.867972209820397267e-05
3.539778763827260925e-03,0.000000000000000000e+00,8.395521988298477697e-05,-2.137283565613298190e-03,0.000000000000000000e+00,6.227579080553173087e-03,-2.656384917922583792e-05,-2.656384917922551266e-05,-2.656384917922931076e-05,-2.656384917923002904e-05
3.544778451346790836e-03,0.000000000000000000e+00,8.413964837627763713e-05,-2.140345864699964070e-03,0.000000000000000000e+00,6.227578848313386657e-03,-2.435388341150704827e-05,-2.435388341150725156e-05,-2.435388341148515416e-05,-2.435388341148521854e-05
3.549778138866320747e-03,0.000000000000000000e+00,8.436871798743705809e-05,-2.143407918567283386e-03,0.000000000000000000e+00,6.227578835835008951e-03,-2.214690094204225753e-05,-2.214690094204299614e-05,-2.214690094200315172e-05,-2.214690094200255202e-05
3.554777826385850659e-03,0.000000000000000000e+00,8.465040680638271286e-05,-2.146469727215256570e-03,0.000000000000000000e+00,6.227579064483767732e-03,-2.004059585559052673e-05,-2.004059585559177017e-05,-2.004059585554270325e-05,-2.004059585554146997e-05
3.559777513905381004e-03,0.000000000000000000e+00,8.499136238020253264e-05,-2.149531290643882323e-03,0.000000000000000000e+00,6.227579515020331517e-03,-1.812817587919748381e-05,-1.812817587919920160e-05,-1.812817587914890478e-05,-1.812817587914706841e-05
3.564777201424910915e-03,0.000000000000000000e+00,8.539664459454392696e-05,-2.152592608853161945e-03,0.000000000000000000e+00,6.227580128064577961e-03,-1.649336668535604912e-05,-1.649336668535817009e-05,-1.649336668531321636e-05,-1.649336668531083789e-05
3.569776888944440826e-03,0.000000000000000000e+00,8.586952937561437630e-05,-2.155653681843095002e-03,0.000000000000000000e+00,6.227580812064005371e-03,-1.520579509866598131e-05,-1.520579509866844449e-05,-1.520579509863336377e-05,-1.520579509863050757e-05
3.574776576463970738e-03,0.000000000000000000e+00,8.641138177327892093e-05,-2.158714509613681061e-03,0.000000000000000000e+00,6.227581457803705797e-03,-1.431700765831696559e-05,-1.431700765831967101e-05,-1.431700765829654870e-05,-1.431700765829330626e-05
3.579776263983501083e-03,0.000000000000000000e+00,8.702160405243114093e-05,-2.161775092164920989e-03,0.000000000000000000e+00,6.227581957096849086e-03,-1.385735274604299877e-05,-1.385735274604585327e-05,-1.385735274603427941e-05,-1.385735274603074220e-05
3.584775951503030994e-03,0.000000000000000000e+00,8.769766116817502956e-05,-2.164835429496813918e-03,0.000000000000000000e+00,6.227582222278677838e-03,-1.383391308350721343e-05,-1.383391308351010689e-05,-1.383391308350734557e-05,-1.383391308350362370e-05
3.589775639022560905e-03,0.000000000000000000e+00,8.843518257752173474e-05,-2.167895521609360283e-03,0.000000000000000000e+00,6.227582202746586616e-03,-1.422962283369870585e-05,-1.422962283370151631e-05,-1.422962283370297829e-05,-1.422962283369920221e-05
3.594775326542091250e-03,0.000000000000000000e+00,8.922813590618163351e-05,-2.170955368502560084e-03,0.000000000000000000e+00,6.227581895172874457e-03,-1.500364248203296182e-05,-1.500364248203557915e-05,-1.500364248203555883e-05,-1.500364248203184204e-05
3.599775014061621162e-03,0.000000000000000000e+00,9.006906470857798134e-05,-2.174014970176413319e-03,0.000000000000000000e+00,6.227581345130940582e-03,-1.609299833470254607e-05,-1.609299833470484662e-05,-1.609299833469728431e-05,-1.609299833469372677e-05
3.604774701581151073e-03,0.000000000000000000e+00,9.094937959416913957e-05,-2.177074326630919991e-03,0.000000000000000000e+00,6.227580639520225760e-03,-1.741542542798161226e-05,-1.741542542798349945e-05,-1.741542542796284878e-05,-1.741542542795954874e-05
3.609774389100680984e-03,0.000000000000000000e+00,9.185968949370863096e-05,-2.180133437866080097e-03,0.000000000000000000e+00,6.227579891021464524e-03,-1.887328663224625873e-05,-1.887328663224764787e-05,-1.887328663220963303e-05,-1.887328663220669891e-05
3.614774076620211329e-03,0.000000000000000000e+00,9.279015793575060261e-05,-2.183192303881893205e-03,0.000000000000000000e+00,6.227579217472598537e-03,-2.035838045348488222e-05,-2.035838045348569876e-05,-2.035838045342799210e-05,-2.035838045342548149e-05
3.619773764139741241e-03,0.000000000000000000e+00,9.373086800023391646e-05,-2.186250924678359749e-03,0.000000000000000000e+00,6.227578720162753323e-03,-2.175739892181330245e-05,-2.175739892181349896e-05,-2.175739892173612081e-05,-2.175739892173407777e-05
3.624773451659271152e-03,0.000000000000000000e+00,9.467217918318795837e-05,-2.189309300255480161e-03,0.000000000000000000e+00,6.227578465341389660e-03,-2.295775799295179218e-05,-2.295775799295134834e-05,-2.295775799285681268e-05,-2.295775799285526092e-05
3.629773139178801063e-03,0.000000000000000000e+00,9.560505977798433759e-05,-2.192367430613253575e-03,0.000000000000000000e+00,6.227578472645638880e-03,-2.385349842263743546e-05,-2.385349842263635465e-05,-2.385349842252954379e-05,-2.385349842252847653e-05
3.634772826698331408e-03,0.000000000000000000e+00,9.652137954766725457e-05,-2.195425315751680425e-03,0.000000000000000000e+00,6.227578712768792012e-03,-2.435094667588421101e-05,-2.435094667588252372e-05,-2.435094667577027830e-05,-2.435094667576967182e-05
3.639772514217861320e-03,0.000000000000000000e+00,9.741414938277783483e-05,-2.198482955670760710e-03,0.000000000000000000e+00,6.227579114808866854e-03,-2.437383379509684486e-05,-2.437383379509460530e-05,-2.437383379498507378e-05,-2.437383379498487388e-05
3.644772201737391231e-03,0.000000000000000000e+00,9.827769722387846624e-05,-2.201540350370493997e-03,0.000000000000000000e+00,6.227579581745213214e-03,-2.386759503605388418e-05,-2.386759503605115335e-05,-2.386759503595302628e-05,-2.386759503595316858e-05
3.649771889256921576e-03,0.000000000000000000e+00,9.910777265657330995e-05,-2.204597499850881152e-03,0.000000000000000000e+00,6.227580010818464969e-03,-2.280261332353039695e-05,-2.280261332352726632e-05,-2.280261332344887850e-05,-2.280261332344927491e-05
3.654771576776451487e-03,0.000000000000000000e+00,9.990157610849389569e-05,-2.207654404111921743e-03,0.000000000000000000e+00,6.227580314594352226e-03,-2.117622314071389576e-05,-2.117622314071046697e-05,-2.117622314065892671e-05,-2.117622314065948237e-05
3.659771264295981399e-03,0.000000000000000000e+00,1.006577123194759822e-04,-2.210711063153615336e-03,0.000000000000000000e+00,6.227580438387814686e-03,-1.901335554332479831e-05,-1.901335554332116623e-05,-1.901335554330164720e-05,-1.901335554330226045e-05
3.664770951815511310e-03,0.000000000000000000e+00,1.013760715313505854e-04,-2.213767476975962364e-03,0.000000000000000000e+00,6.227580370529902688e-03,-1.636577615913934676e-05,-1.636577615913560626e-05,-1.636577615915072749e-05,-1.636577615915131364e-05
3.669770639335041655e-03,0.000000000000000000e+00,1.020576454616716215e-04,-2.216823645578962828e-03,0.000000000000000000e+00,6.227580143497422199e-03,-1.330994244688802453e-05,-1.330994244688427218e-05,-1.330994244693383207e-05,-1.330994244693428947e-05
3.674770326854571566e-03,0.000000000000000000e+00,1.027042884013724022e-04,-2.219879568962616727e-03,0.000000000000000000e+00,6.227579825857496552e-03,-9.943580081734242068e-06,-9.943580081730547311e-06,-9.943580081811476226e-06,-9.943580081811725254e-06
3.679770014374101478e-03,0.000000000000000000e+00,1.033184365404453419e-04,-2.222935247126924061e-03,0.000000000000000000e+00,6.227579506888351185e-03,-6.381147058442546773e-06,-6.381147058438985846e-06,-6.381147058545605272e-06,-6.381147058545579014e-06
3.684769701893631389e-03,0.000000000000000000e+00,1.039028007335969235e-04,-2.225990680071884831e-03,0.000000000000000000e+00,6.227579277216402191e-03,-2.748414152051680767e-06,-2.748414152048306188e-06,-2.748414152172890759e-06,-2.748414152172543899e-06
3.689769389413161734e-03,0.000000000000000000e+00,1.044600492573426973e-04,-2.229045867797498602e-03,0.000000000000000000e+00,6.227579209552624832e-03,8.235615963161398704e-07,8.235615963192950681e-07,8.235615961858162282e-07,8.235615961865192655e-07
3.694769076932691645e-03,0.000000000000000000e+00,1.049924976079113516e-04,-2.232100810303766242e-03,0.000000000000000000e+00,6.227579343478823089e-03,4.204760387733035382e-06,4.204760387735957646e-06,4.204760387603092905e-06,4.204760387604158472e-06
3.699768764452221557e-03,0.000000000000000000e+00,1.055018220154405571e-04,-2.235155507590686885e-03,0.000000000000000000e+00,6.227579677280461329e-03,7.272493475028282834e-06,7.272493475030978093e-06,7.272493474907743269e-06,7.272493474909173908e-06
3.704768451971751902e-03,0.000000000000000000e+00,1.059888121192145715e-04,-2.238209959658260962e-03,0.000000000000000000e+00,6.227580168277470872e-03,9.917341439111318740e-06,9.917341439113798853e-06,9.917341439007858748e-06,9.917341439009642599e-06
3.709768139491281813e-03,0.000000000000000000e+00,1.064531762207452905e-04,-2.241264166506488908e-03,0.000000000000000000e+00,6.227580741317164693e-03,1.204842952015648601e-05,1.204842952015876622e-05,1.204842952007572650e-05,1.204842952007783731e-05
3.714767827010811724e-03,0.000000000000000000e+00,1.068934098079072487e-04,-2.244318128135369423e-03,0.000000000000000000e+00,6.227581303452266182e-03,1.359776759536526596e-05,1.359776759536737337e-05,1.359776759531023592e-05,1.359776759531263472e-05
3.719767514530341636e-03,0.000000000000000000e+00,1.073067347625183715e-04,-2.247371844544903373e-03,0.000000000000000000e+00,6.227581761671273190e-03,1.452343207247164067e-05,1.452343207247360748e-05,1.452343207244259253e-05,1.452343207244524543e-05
3.724767202049871981e-03,0.000000000000000000e+00,1.076891129939059444e-04,-2.250425315735090758e-03,0.000000000000000000e+00,6.227582040095600187e-03,1.481142859504075567e-05,1.481142859504261237e-05,1.481142859503516017e-05,1.481142859503805194e-05
3.729766889569401892e-03,0.000000000000000000e+00,1.080353343713380635e-04,-2.253478541705931579e-03,0.000000000000000000e+00,6.227582093362517973e-03,1.447614464364948330e-05,1.447614464365126038e-05,1.447614464366247848e-05,1.447614464366557015e-05
3.734766577088931803e-03,0.000000000000000000e+00,1.083391749590786586e-04,-2.256531522457425835e-03,0.000000000000000000e+00,6.227581913862564010e-03,1.355937600543840756e-05,1.355937600544011856e-05,1.355937600546338148e-05,1.355937600546665272e-05
3.739766264608461715e-03,0.000000000000000000e+00,1.085936178901178504e-04,-2.259584257989573526e-03,0.000000000000000000e+00,6.227581531850886511e-03,1.212798655829950526e-05,1.212798655830116883e-05,1.212798655832890916e-05,1.212798655833234303e-05
3.744765952127992060e-03,0.000000000000000000e+00,1.087911259391048164e-04,-2.262636748302374219e-03,0.000000000000000000e+00,6.227581008891376613e-03,1.027033273852069965e-05,1.027033273852231240e-05,1.027033273854701019e-05,1.027033273855059314e-05
3.749765639647521971e-03,0.000000000000000000e+00,1.089239521421573004e-04,-2.265688993395828348e-03,0.000000000000000000e+00,6.227580426313801022e-03,8.091648507277630767e-06,8.091648507279199473e-06,8.091648507294256330e-06,8.091648507297993440e-06
3.754765327167051883e-03,0.000000000000000000e+00,1.089844728021663811e-04,-2.268740993269936345e-03,0.000000000000000000e+00,6.227579871135196544e-03,5.708640109723383483e-06,5.708640109724904754e-06,5.708640109725534947e-06,5.708640109729416899e-06
3.759765014686582228e-03,0.000000000000000000e+00,1.089655260171733118e-04,-2.271792747924697344e-03,0.000000000000000000e+00,6.227579422105640819e-03,3.243579566204841735e-06,3.243579566206310914e-06,3.243579566190161807e-06,3.243579566194189449e-06
3.764764702206112139e-03,0.000000000000000000e+00,1.088607385381229080e-04,-2.274844257360111779e-03,0.000000000000000000e+00,6.227579138207792880e-03,8.182095704402874557e-07,8.182095704417033772e-07,8.182095704092661446e-07,8.182095704134526049e-07
3.769764389725642050e-03,0.000000000000000000e+00,1.086648243168014650e-04,-2.277895521576179649e-03,0.000000000000000000e+00,6.227579051208320150e-03,-1.452220884143804801e-06,-1.452220884142429643e-06,-1.452220884187742517e-06,-1.452220884183420108e-06
3.774764077245171962e-03,0.000000000000000000e+00,1.083738395145112808e-04,-2.280946540572900520e-03,0.000000000000000000e+00,6.227579162937115637e-03,-3.464481489471366753e-06,-3.464481489470016583e-06,-3.464481489522104874e-06,-3.464481489517663033e-06
3.779763764764702307e-03,0.000000000000000000e+00,1.079853809316144215e-04,-2.283997314350275261e-03,0.000000000000000000e+00,6.227579447080099952e-03,-5.132164778990239636e-06,-5.132164778988892854e-06,-5.132164779039553895e-06,-5.132164779035009563e-06
3.784763452284232218e-03,0.000000000000000000e+00,1.074987176713850136e-04,-2.287047842908303437e-03,0.000000000000000000e+00,6.227579854594192735e-03,-6.389530130442257299e-06,-6.389530130440876635e-06,-6.389530130480581305e-06,-6.389530130475984457e-06
3.789763139803762129e-03,0.000000000000000000e+00,1.069148492180874117e-04,-2.290098126246984615e-03,0.000000000000000000e+00,6.227580321487831937e-03,-7.194202823979028053e-06,-7.194202823977567768e-06,-7.194202823996478626e-06,-7.194202823991875849e-06
3.794762827323292041e-03,0.000000000000000000e+00,1.062364868120425448e-04,-2.293148164366319228e-03,0.000000000000000000e+00,6.227580777661295523e-03,-7.528607170463574116e-06,-7.528607170461974071e-06,-7.528607170451028711e-06,-7.528607170446478450e-06
3.799762514842822386e-03,0.000000000000000000e+00,1.054679588501161800e-04,-2.296197957266307276e-03,0.000000000000000000e+00,6.227581155690626452e-03,-7.400082177021593123e-06,-7.400082177019806730e-06,-7.400082176971760481e-06,-7.400082176967327110e-06
3.804762202362352297e-03,0.000000000000000000e+00,1.046150448286922588e-04,-2.299247504946948760e-03,0.000000000000000000e+00,6.227581398741676225e-03,-6.839699417055400856e-06,-6.839699417053339178e-06,-6.839699416963677352e-06,-6.839699416959438799e-06
3.809761889881882208e-03,0.000000000000000000e+00,1.036847458822865228e-04,-2.302296807408243679e-03,0.000000000000000000e+00,6.227581467089286782e-03,-5.899871774217668342e-06,-5.899871774215262768e-06,-5.899871774082938434e-06,-5.899871774078965003e-06
3.814761577401412553e-03,0.000000000000000000e+00,1.026850030737583264e-04,-2.305345864650192034e-03,0.000000000000000000e+00,6.227581342901698618e-03,-4.650904765131068227e-06,-4.650904765128265395e-06,-4.650904764955953482e-06,-4.650904764952315476e-06
3.819761264920942465e-03,0.000000000000000000e+00,1.016243771051180756e-04,-2.308394676672793390e-03,0.000000000000000000e+00,6.227581033007143288e-03,-3.176695832967040289e-06,-3.176695832963784295e-06,-3.176695832758020510e-06,-3.176695832754763668e-06
3.824760952440472376e-03,0.000000000000000000e+00,1.005117049171381436e-04,-2.311443243476048615e-03,0.000000000000000000e+00,6.227580569331566188e-03,-1.569828537172230024e-06,-1.569828537168487832e-06,-1.569828536939221425e-06,-1.569828536936383864e-06
3.829760639960002287e-03,0.000000000000000000e+00,9.935574964600502089e-05,-2.314491565059956842e-03,0.000000000000000000e+00,6.227580006674470793e-03,7.366413664805575675e-08,7.366413665229346259e-08,7.366413689236123456e-08,7.366413689477527846e-08
3.834760327479532632e-03,0.000000000000000000e+00,9.816486056361791509e-05,-2.317539641424518505e-03,0.000000000000000000e+00,6.227579417576928345e-03,1.659581305561595984e-06,1.659581305566318193e-06,1.659581305802746264e-06,1.659581305804750344e-06
3.839760014999062544e-03,0.000000000000000000e+00,9.694665894703666882e-05,-2.320587472569734036e-03,0.000000000000000000e+00,6.227578884304271409e-03,3.100598536518057415e-06,3.100598536523220928e-06,3.100598536741043073e-06,3.100598536742654977e-06
3.844759702518592455e-03,0.000000000000000000e+00,9.570776434819101971e-05,-2.323635058495602135e-03,0.000000000000000000e+00,6.227578488424520553e-03,4.320812310324399396e-06,4.320812310329924592e-06,4.320812310514875083e-06,4.320812310516171891e-06
3.849759390038122366e-03,0.000000000000000000e+00,9.445357355446366008e-05,-2.326682399202124104e-03,0.000000000000000000e+00,6.227578299041751538e-03,5.259555127626638329e-06,5.259555127632455752e-06,5.259555127772246681e-06,5.259555127773303778e-06
3.854759077557652711e-03,0.000000000000000000e+00,9.318810176707545531e-05,-2.329729494689299508e-03,0.000000000000000000e+00,6.227578361301750777e-03,5.874296772252787205e-06,5.874296772258774034e-06,5.874296772344169355e-06,5.874296772345089232e-06
3.859758765077182623e-03,0.000000000000000000e+00,9.191389232893048546e-05,-2.332776344957127913e-03,0.000000000000000000e+00,6.227578687150764347e-03,6.142501237642047790e-06,6.142501237648075277e-06,6.142501237673708188e-06,6.142501237674637383e-06
3.864758452596712534e-03,0.000000000000000000e+00,9.063199787843634217e-05,-2.335822950005610188e-03,0.000000000000000000e+00,6.227579250336371004e-03,6.062368601827830389e-06,6.062368601833774866e-06,6.062368601798679750e-06,6.062368601799728376e-06
3.869758140116242879e-03,0.000000000000000000e+00,8.934203227311606377e-05,-2.338869309834745464e-03,0.000000000000000000e+00,6.227579987197561125e-03,5.652453239912337472e-06,5.652453239918049015e-06,5.652453239825683460e-06,5.652453239826988738e-06
3.874757827635772790e-03,0.000000000000000000e+00,8.804228919955160325e-05,-2.341915424444534176e-03,0.000000000000000000e+00,6.227580803909352203e-03,4.950210673958281110e-06,4.950210673963636052e-06,4.950210673821603874e-06,4.950210673823297940e-06
3.879757515155302702e-03,0.000000000000000000e+00,8.672992023817306011e-05,-2.344961293834976323e-03,0.000000000000000000e+00,6.227581589654987426e-03,4.009581715023707144e-06,4.009581715028606383e-06,4.009581714847937643e-06,4.009581714850134847e-06
3.884757202674832613e-03,0.000000000000000000e+00,8.540116243817234679e-05,-2.348006918006071905e-03,0.000000000000000000e+00,6.227582233927643485e-03,2.897771329437949164e-06,2.897771329442292749e-06,2.897771329236475602e-06,2.897771329239248788e-06
3.889756890194362958e-03,0.000000000000000000e+00,8.405160330865073031e-05,-2.351052296957820923e-03,0.000000000000000000e+00,6.227582645100203027e-03,1.691418348510416632e-06,1.691418348514158823e-06,1.691418348297855408e-06,1.691418348301279115e-06
3.894756577713892869e-03,0.000000000000000000e+00,8.267646964364708446e-05,-2.354097430690223376e-03,0.000000000000000000e+00,6.227582766821734318e-03,4.723788657163448799e-07,4.723788657194551849e-07,4.723788655072141393e-07,4.723788655112900618e-07
3.899756265233422781e-03,0.000000000000000000e+00,8.127092583044938704e-05,-2.357142319203278831e-03,0.000000000000000000e+00,6.227582588895931755e-03,-6.766402111147448804e-07,-6.766402111122529094e-07,-6.766402113073415378e-07,-6.766402113026184821e-07
3.904755952752952692e-03,0.000000000000000000e+00,7.983036726264401586e-05,-2.360186962496987721e-03,0.000000000000000000e+00,6.227582150124458607e-03,-1.676360822509564990e-06,-1.676360822507642225e-06,-1.676360822675063370e-06,-1.676360822669745697e-06
3.909755640272482603e-03,0.000000000000000000e+00,7.835069517218215529e-05,-2.363231360571350480e-03,0.000000000000000000e+00,6.227581532045037629e-03,-2.454902883364380413e-06,-2.454902883362937069e-06,-2.454902883495680685e-06,-2.454902883489856486e-06
3.914755327792012948e-03,0.000000000000000000e+00,7.682856055129332041e-05,-2.366275513426366241e-03,0.000000000000000000e+00,6.227580844293785847e-03,-2.951243887161545562e-06,-2.951243887160468136e-06,-2.951243887255498456e-06,-2.951243887249289705e-06
3.919755015311543293e-03,0.000000000000000000e+00,7.526156676483194865e-05,-2.369319421062035438e-03,0.000000000000000000e+00,6.227580204102885555e-03,-3.118004859689910445e-06,-3.118004859689066800e-06,-3.118004859747512073e-06,-3.118004859741047518e-06
3.924754702831072771e-03,0.000000000000000000e+00,7.364842283840966868e-05,-2.372363083478358069e-03,0.000000000000000000e+00,6.227579713812003009e-03,-2.923441160830525179e-06,-2.923441160829764543e-06,-2.923441160856605323e-06,-2.923441160850039124e-06
3.929754390350603116e-03,0.000000000000000000e+00,7.198904210876594183e-05,-2.375406500675333703e-03,0.000000000000000000e+00,6.227579440894268591e-03,-2.352564342652101620e-06,-2.352564342651263058e-06,-2.352564342654647802e-06,-2.352564342648149365e-06
3.934754077870133461e-03,0.000000000000000000e+00,7.028458378921141007e-05,-2.378449672652963205e-03,0.000000000000000000e+00,6.227579404690855927e-03,-1.407371175611686970e-06,-1.407371175610607850e-06,-1.407371175600880523e-06,-1.407371175594607397e-06
3.939753765389662939e-03,0.000000000000000000e+00,6.853743787980181950e-05,-2.381492599411246143e-03,0.000000000000000000e+00,6.227579572825780313e-03,-1.062051397029594639e-07,-1.062051397015076494e-07,-1.062051396899490378e-07,-1.062051396840316657e-07
3.944753452909193284e-03,0.000000000000000000e+00,6.675115658908254638e-05,-2.384535280950182082e-03,0.000000000000000000e+00,6.227579868353711433e-03,1.517678619740885678e-06,1.517678619742828772e-06,1.517678619745283473e-06,1.517678619750714649e-06
3.949753140428722761e-03,0.000000000000000000e+00,6.493033789448358244e-05,-2.387577717269771457e-03,0.000000000000000000e+00,6.227580186464099291e-03,3.418234107860677694e-06,3.418234107863204393e-06,3.418234107847246293e-06,3.418234107852109109e-06
3.954752827948253106e-03,0.000000000000000000e+00,6.308046893430334747e-05,-2.390619908370014268e-03,0.000000000000000000e+00,6.227580417497028190e-03,5.539288493509033904e-06,5.539288493512188255e-06,5.539288493471274023e-06,5.539288493475511728e-06
3.959752515467783451e-03,0.000000000000000000e+00,6.120773850386278410e-05,-2.393661854250910513e-03,0.000000000000000000e+00,6.227580471576432339e-03,7.817584357666467780e-06,7.817584357670286205e-06,7.817584357601451225e-06,7.817584357605051115e-06
3.964752202987312929e-03,0.000000000000000000e+00,5.931882895973730323e-05,-2.396703554912459760e-03,0.000000000000000000e+00,6.227580299672005881e-03,1.018602310467274695e-05,1.018602310467720573e-05,1.018602310458152489e-05,1.018602310458450814e-05
3.969751890506843274e-03,0.000000000000000000e+00,5.742069828894907284e-05,-2.399745010354662877e-03,0.000000000000000000e+00,6.227579906501056958e-03,1.257693084601951660e-05,1.257693084602455814e-05,1.257693084590721358e-05,1.257693084590962423e-05
3.974751578026373619e-03,0.000000000000000000e+00,5.552036297710118595e-05,-2.402786220577518561e-03,0.000000000000000000e+00,6.227579352279155947e-03,1.492517652603000998e-05,1.492517652603554958e-05,1.492517652590538772e-05,1.492517652590732573e-05
3.979751265545903097e-03,0.000000000000000000e+00,5.362469164424867599e-05,-2.405827185581028115e-03,0.000000000000000000e+00,6.227578742606224883e-03,1.717098960229433610e-05,1.717098960230025855e-05,1.717098960216903959e-05,1.717098960217060830e-05
3.984750953065433442e-03,0.000000000000000000e+00,5.174021827144302326e-05,-2.408867905365191103e-03,0.000000000000000000e+00,6.227578208260027386e-03,1.926234973310711842e-05,1.926234973311330176e-05,1.926234973299453758e-05,1.926234973299586911e-05
3.989750640584963787e-03,0.000000000000000000e+00,4.987298229940860902e-05,-2.411908379930007094e-03,0.000000000000000000e+00,6.227577878834093805e-03,2.115685178823959752e-05,2.115685178824591977e-05,2.115685178815357285e-05,2.115685178815477564e-05
3.994750328104493264e-03,0.000000000000000000e+00,4.802840104649551401e-05,-2.414948609275476953e-03,0.000000000000000000e+00,6.227577855534269062e-03,2.282298396530531813e-05,2.282298396531165394e-05,2.282298396525868050e-05,2.282298396525989683e-05
3.999750015624023609e-03,0.000000000000000000e+00,4.621117787989842808e-05,-2.417988593401599814e-03,0.000000000000000000e+00,6.227578188732971198e-03,2.424079262912993518e-05,2.424079262913616257e-05,2.424079262913313019e-05,2.424079262913447528e-05
