time_s,contact_force_N,impact_w_m,ball_travel_m,indentation_m,energy_J,S1_mean_exx_plus_eyy,S2_mean_exx_plus_eyy,S3_mean_exx_plus_eyy,S4_mean_exx_plus_eyy
0.000000000000000000e+00,0.000000000000000000e+00,0.000000000000000000e+00,0.000000000000000000e+00,0.000000000000000000e+00,6.227579619865871753e-03,0.000000000000000000e+00,0.000000000000000000e+00,0.000000000000000000e+00,0.000000000000000000e+00
4.999921876220684617e-06,1.952230955526967193e+01,4.513558096113856852e-08,8.844721486807155915e-06,8.799585905846017784e-06,6.227576513422127154e-03,3.228239755385276177e-11,3.228239755488322202e-11,3.228206043770571405e-11,3.228206043652873943e-11
9.999843752441369234e-06,5.274552613727979633e+01,4.900279716388530008e-07,1.755996260452641222e-05,1.706993463288755848e-05,6.227576438644502090e-03,9.481543852255343822e-10,9.481543852330154037e-10,9.481547594341902485e-10,9.481547594262625495e-10
1.499976562866205216e-05,8.814288315262993478e+01,1.903922560844615502e-06,2.594199319434810900e-05,2.403807063350349413e-05,6.227577846155228115e-03,1.848068387717556103e-08,1.848068387718548719e-08,1.848068370136109454e-08,1.848068370135006326e-08
1.999968750488273847e-05,1.167252239135708152e+02,4.784572347368571628e-06,3.377254987689825460e-05,2.898797752952968212e-05,6.227579438667089212e-03,7.816618181251940669e-08,7.816618181254399711e-08,7.816618146631785055e-08,7.816618146630382157e-08
2.499960938110342139e-05,1.323021106732084604e+02,9.362115239547321794e-06,4.087483983793572910e-05,3.151272459838840392e-05,6.227579996914141963e-03,1.685759793377061764e-07,1.685759793377643041e-07,1.685759798487618111e-07,1.685759798487416941e-07
2.999953125732410432e-05,1.331509817790321790e+02,1.550424590014964424e-05,4.715162048955942148e-05,3.164737458940977384e-05,6.227579443268274097e-03,2.281097124151868145e-07,2.281097124152594475e-07,2.281097120892328663e-07,2.281097120892419719e-07
3.499945313354478724e-05,1.219838642734142269e+02,2.274386177186987019e-05,5.259606321377589800e-05,2.985220144190602780e-05,6.227578658778645457e-03,2.008672142965122774e-07,2.008672142965876634e-07,2.008672144438045307e-07,2.008672144438477294e-07
3.999937500976547694e-05,1.040427275156664138e+02,3.042746526470317017e-05,5.727571165542074663e-05,2.684824639071757647e-05,6.227578363715400786e-03,7.698236958201598780e-08,7.698236958202318758e-08,7.698236917372874304e-08,7.698236917382488128e-08
4.499929688598615986e-05,8.469212168490138026e+01,3.789423076706568738e-05,6.130074708298682243e-05,2.340651631592113505e-05,6.227578514879490712e-03,-6.324114387645372965e-08,-6.324114387664515910e-08,-6.324114375663371948e-08,-6.324114375641306740e-08
4.999921876220684278e-05,6.773790057946210652e+01,4.462309604168642033e-05,6.479108494549068822e-05,2.016798890380426789e-05,6.227578726365036801e-03,-1.065375621059204611e-07,-1.065375621064075050e-07,-1.065375631487251688e-07,-1.065375631483651798e-07
5.499914063842752571e-05,5.494815712940918218e+01,5.031072383756675999e-05,6.785263308409059016e-05,1.754190924652383016e-05,6.227578789132928380e-03,-5.965434111659483182e-09,-5.965434112576819864e-09,-5.965433401767946352e-09,-5.965433401314783725e-09
5.999906251464820863e-05,4.643259692288290807e+01,5.488675845964946547e-05,7.056594118765756795e-05,1.567918272800810248e-05,6.227578708650301741e-03,1.578959489854168721e-07,1.578959489839320234e-07,1.578959486508320817e-07,1.578959486514089111e-07
6.499898439086889833e-05,4.137044518864421860e+01,5.846728560239356978e-05,7.298511098322719960e-05,1.451782538083362981e-05,6.227578580795976523e-03,2.349593235566863717e-07,2.349593235546636571e-07,2.349593240183362686e-07,2.349593240188995456e-07
6.999890626708957448e-05,3.860914344643884277e+01,6.127823793061804340e-05,7.514265294752458721e-05,1.386441501690654382e-05,6.227578506901249381e-03,1.438450441488572817e-07,1.438450441462852662e-07,1.438450436019751180e-07,1.438450436024960433e-07
7.499882814331026418e-05,3.704127278974863202e+01,6.357006855632296141e-05,7.705655146501529714e-05,1.348648290869233573e-05,6.227578488625400664e-03,-4.541348178613859282e-08,-4.541348178934376549e-08,-4.541348165701138462e-08,-4.541348165652434068e-08
7.999875001953095388e-05,3.580268089183361013e+01,6.555300083446619097e-05,7.873714077077406768e-05,1.318413993630787671e-05,6.227578459293421978e-03,-1.989002611430951072e-07,-1.989002611468398398e-07,-1.989002622658097502e-07,-1.989002622654878777e-07
8.499867189575163002e-05,3.434122735917060965e+01,6.736964203855952263e-05,8.019251424490908705e-05,1.282287220634956441e-05,6.227578424557340779e-03,-2.272045971661825397e-07,-2.272045971704803849e-07,-2.272045968686639111e-07,-2.272045968684216597e-07
8.999859377197231972e-05,3.239123840921844533e+01,6.909927141605371858e-05,8.143201799073526020e-05,1.233274657468154162e-05,6.227578430730929329e-03,-9.909122842925298136e-08,-9.909122843445291662e-08,-9.909122809953270115e-08,-9.909122809902786951e-08
9.499851564819299587e-05,2.990964291201882830e+01,7.077344324819098058e-05,8.246795938720845212e-05,1.169451613901747154e-05,6.227578455462122117e-03,1.658400254938828815e-07,1.658400254872328258e-07,1.658400257423837135e-07,1.658400257440015464e-07
9.999843752441368557e-05,2.700271422837872493e+01,7.239196507394800751e-05,8.331591546074618799e-05,1.092395038679818049e-05,6.227578442122104659e-03,4.215178611912689350e-07,4.215178611820820156e-07,4.215178617545737970e-07,4.215178617587200233e-07
1.049983594006343617e-04,2.383568582644614864e+01,7.394194391803168452e-05,8.399411505553582740e-05,1.005217113750414288e-05,6.227578396606952248e-03,4.862421224762690634e-07,4.862421224630697490e-07,4.862421223757207469e-07,4.862421223846128987e-07
1.099982812768550514e-04,2.060189156466750759e+01,7.540133330510487546e-05,8.452241131600522349e-05,9.121078010900348027e-06,6.227578391554253537e-03,2.720025658255318505e-07,2.720025658069242307e-07,2.720025657910135638e-07,2.720025658071436122e-07
1.149982031530757411e-04,1.750877845638331465e+01,7.673745244456707580e-05,8.492107022375734661e-05,8.183617779190270809e-06,6.227578471455753016e-03,-1.821851690490140023e-07,-1.821851690743919565e-07,-1.821851693866320177e-07,-1.821851693604502293e-07
1.199981250292964173e-04,1.473426386600290883e+01,7.791501448307790623e-05,8.520948434431095892e-05,7.294469861233052687e-06,6.227578553534187343e-03,-6.834843585940603199e-07,-6.834843586268963991e-07,-6.834843580616137152e-07,-6.834843580229093917e-07
1.249980469055170934e-04,1.234855318583234052e+01,7.892096242818343694e-05,8.540509904501477029e-05,6.484136616831333343e-06,6.227578488853829052e-03,-9.278170894152963177e-07,-9.278170894553067660e-07,-9.278170896503039149e-07,-9.278170895974829403e-07
1.299979687817377967e-04,1.032240872525542841e+01,7.976906518488273445e-05,8.552296293223634748e-05,5.753897747353613028e-06,6.227578292486389382e-03,-6.965044395146526978e-07,-6.965044395602942211e-07,-6.965044391347821379e-07,-6.965044390674667355e-07
1.349978906579584728e-04,8.579868181683425021e+00,8.048927346294309408e-05,8.557588434317901500e-05,5.086610880235920918e-06,6.227578184685685254e-03,5.974021198021183367e-09,5.974021149337117691e-09,5.974021481628142899e-09,5.974021562665479028e-09
1.399978125341791490e-04,7.053990172677329085e+00,8.111080429075126941e-05,8.557487781643185250e-05,4.464073525680583091e-06,6.227578325044745566e-03,9.383396712868083151e-07,9.383396712388188165e-07,9.383396706980526541e-07,9.383396707907282230e-07
1.449977344103998522e-04,5.705080609701116856e+00,8.165448168823480541e-05,8.552957914217807606e-05,3.875097453943270650e-06,6.227578608556729421e-03,1.694786914396533418e-06,1.694786914353534638e-06,1.694786913827869379e-06,1.694786913929262611e-06
1.499976562866205284e-04,4.536674002739333744e+00,8.212240117854945737e-05,8.544848472620927057e-05,3.326083547659813193e-06,6.227578770436731880e-03,1.866314077565427057e-06,1.866314077531704981e-06,1.866314077101520664e-06,1.866314077208758423e-06
1.549975781628412045e-04,3.571883029803533116e+00,8.250294327127095137e-05,8.533894347551162639e-05,2.836000204240675024e-06,6.227578635060006425e-03,1.241657413219742265e-06,1.241657413199006899e-06,1.241657413054960476e-06,1.241657413165596531e-06
1.599975000390619078e-04,2.815217869049864596e+00,8.278721284718413783e-05,8.520703127182410513e-05,2.419818424639967299e-06,6.227578276140983450e-03,-1.284031292409903297e-07,-1.284031292462419339e-07,-1.284031287846225302e-07,-1.284031286721094497e-07
1.649974219152825839e-04,2.231671698415074623e+00,8.298487368054801000e-05,8.505753484179396349e-05,2.072661161245953495e-06,6.227577968910199234e-03,-1.906780107732550564e-06,-1.906780107721278250e-06,-1.906780106588551254e-06,-1.906780106474178089e-06
1.699973437915032600e-04,1.766580317574586667e+00,8.312052753135024455e-05,8.489416027211807740e-05,1.773632740767832846e-06,6.227577968473545916e-03,-3.476402040681804840e-06,-3.476402040654555790e-06,-3.476402041260535019e-06,-3.476402041142999033e-06
1.749972656677239362e-04,1.371091365692840292e+00,8.322195410065024639e-05,8.471986404092957047e-05,1.497909940279324088e-06,6.227578309822787324e-03,-4.140137955963619522e-06,-4.140137955922265680e-06,-4.140137956350767789e-06,-4.140137956227266997e-06
1.799971875439446394e-04,1.016677748957908189e+00,8.331000505237841065e-05,8.453715316748210932e-05,1.227148115103698662e-06,6.227578796786590806e-03,-3.378571224328940107e-06,-3.378571224276486745e-06,-3.378571225098335709e-06,-3.378571224965277844e-06
1.849971094201653156e-04,6.983956810436855456e-01,8.339288394339305444e-05,8.434826318816432270e-05,9.553792447712682653e-07,6.227579108364459347e-03,-1.068243564545580115e-06,-1.068243564485625006e-06,-1.068243564591330059e-06,-1.068243564444424899e-06
1.899970312963859917e-04,4.280200962218849714e-01,8.346587830576129234e-05,8.415519301461092303e-05,6.893147088496306930e-07,6.227578997959754004e-03,2.303973927051310141e-06,2.303973927115384795e-06,2.303973927061759139e-06,2.303973927226300371e-06
1.949969531726066950e-04,2.222999862977413643e-01,8.351425315806513584e-05,8.395963693735447608e-05,4.453837792893402397e-07,6.227578502374779904e-03,5.655318498196019369e-06,5.655318498261080817e-06,5.655318499543569167e-06,5.655318499728822049e-06
1.999968750488273711e-04,8.882200013532175198e-02,8.352127323693607659e-05,8.376288707520642405e-05,2.416138382703474563e-07,6.227577946996518295e-03,7.734704957831504203e-06,7.734704957894838551e-06,7.734704957014664593e-06,7.734704957222995734e-06
2.049967969250480473e-04,2.026490940650247166e-02,8.347557495308604593e-05,8.356578838748130605e-05,9.021343439526011750e-08,6.227577676588152457e-03,7.668193746738267657e-06,7.668193746797439685e-06,7.668193746195555013e-06,7.668193746428196000e-06
2.099967188012687234e-04,0.000000000000000000e+00,8.338072452117015513e-05,8.336878271682157877e-05,0.000000000000000000e+00,6.227577799513018056e-03,5.280770564661757896e-06,5.280770564714290879e-06,5.280770564204263542e-06,5.280770564461785275e-06
2.149966406774894267e-04,0.000000000000000000e+00,8.325599142227686376e-05,8.317201278163987807e-05,0.000000000000000000e+00,6.227578171698036971e-03,1.167838685647971418e-06,1.167838685690792322e-06,1.167838685226081248e-06,1.167838685509029216e-06
2.199965625537101028e-04,0.000000000000000000e+00,8.313704448059563946e-05,8.297548808879428683e-05,0.000000000000000000e+00,6.227578571416490620e-03,-3.460140232031320268e-06,-3.460140232002023093e-06,-3.460140232436179994e-06,-3.460140232127073955e-06
2.249964844299307790e-04,0.000000000000000000e+00,8.306996462246613304e-05,8.277920863828483217e-05,0.000000000000000000e+00,6.227578853123468677e-03,-7.283122837068029801e-06,-7.283122837056549116e-06,-7.283122836707156496e-06,-7.283122836370942014e-06
2.299964063061514822e-04,0.000000000000000000e+00,8.309903509603621015e-05,8.258317443011150053e-05,0.000000000000000000e+00,6.227578970966726399e-03,-9.380615713044925945e-06,-9.380615713056123721e-06,-9.380615713211051129e-06,-9.380615712846477984e-06
2.349963281823721584e-04,0.000000000000000000e+00,8.324078926789229020e-05,8.238738546427429191e-05,0.000000000000000000e+00,6.227578925981595327e-03,-9.444049184270900013e-06,-9.444049184309589090e-06,-9.444049185480407157e-06,-9.444049185086311526e-06
2.399962500585928345e-04,0.000000000000000000e+00,8.347006414934193797e-05,8.219184174077316565e-05,0.000000000000000000e+00,6.227578755421145883e-03,-7.772956198040571694e-06,-7.772956198111082105e-06,-7.772956197561603362e-06,-7.772956197137112800e-06
2.449961719348135378e-04,0.000000000000000000e+00,8.372445342351795682e-05,8.199654325960814886e-05,0.000000000000000000e+00,6.227578526621625754e-03,-5.159984812392565153e-06,-5.159984812498835601e-06,-5.159984813569586890e-06,-5.159984813114513357e-06
2.499960938110341868e-04,0.000000000000000000e+00,8.392499369535847873e-05,8.180149002077925508e-05,0.000000000000000000e+00,6.227578309673020840e-03,-2.561737558137338396e-06,-2.561737558282258957e-06,-2.561737558981501596e-06,-2.561737558496731087e-06
2.549960156872548901e-04,0.000000000000000000e+00,8.399834219133398884e-05,8.160668202428648433e-05,0.000000000000000000e+00,6.227578148989261139e-03,-6.759124489591640240e-07,-6.759124491449776417e-07,-6.759124498939987125e-07,-6.759124493813591263e-07
2.599959375634755933e-04,0.000000000000000000e+00,8.390321877889944234e-05,8.141211927012983660e-05,0.000000000000000000e+00,6.227578072256841242e-03,3.567646421541557385e-07,3.567646419250739839e-07,3.567646428248025448e-07,3.567646433633511749e-07
2.649958594396962424e-04,0.000000000000000000e+00,8.364842044799024887e-05,8.121780175830932544e-05,0.000000000000000000e+00,6.227578080707935233e-03,9.630572146820319361e-07,9.630572144073289869e-07,9.630572137724981217e-07,9.630572143351092638e-07
2.699957813159169456e-04,0.000000000000000000e+00,8.328994579046472601e-05,8.102372948882492374e-05,0.000000000000000000e+00,6.227578151476059233e-03,1.840456850660166004e-06,1.840456850336538432e-06,1.840456850616553971e-06,1.840456851202482236e-06
2.749957031921376489e-04,0.000000000000000000e+00,8.291146459156310301e-05,8.082990246167665862e-05,0.000000000000000000e+00,6.227578256539821611e-03,3.465758047707072494e-06,3.465758047330788272e-06,3.465758046872262233e-06,3.465758047481783753e-06
2.799956250683582979e-04,0.000000000000000000e+00,8.260447067313751984e-05,8.063632067686448942e-05,0.000000000000000000e+00,6.227578374705730092e-03,5.890635216418151190e-06,5.890635215985249592e-06,5.890635215318914183e-06,5.890635215953372354e-06
2.849955469445790012e-04,0.000000000000000000e+00,8.245201864823173811e-05,8.044298413438841612e-05,0.000000000000000000e+00,6.227578492639989673e-03,8.840811752155170911e-06,8.840811751661880946e-06,8.840811752574059197e-06,8.840811753235574988e-06
2.899954688207997044e-04,0.000000000000000000e+00,8.250875997959858377e-05,8.024989283424845230e-05,0.000000000000000000e+00,6.227578606882317076e-03,1.190594253860842604e-05,1.190594253805181528e-05,1.190594253956462798e-05,1.190594254025521903e-05
2.949953906970203535e-04,0.000000000000000000e+00,8.278700824269553981e-05,8.005704677644462505e-05,0.000000000000000000e+00,6.227578672345432907e-03,1.471808227719193654e-05,1.471808227657057519e-05,1.471808227697024261e-05,1.471808227769133361e-05
2.999953125732410567e-04,0.000000000000000000e+00,8.325055941849837258e-05,7.986444596097692081e-05,0.000000000000000000e+00,6.227578605237905039e-03,1.696511041520963364e-05,1.696511041452397064e-05,1.696511041336352872e-05,1.696511041411519931e-05
3.049952344494617600e-04,0.000000000000000000e+00,8.382048483742421678e-05,7.967209038784533960e-05,0.000000000000000000e+00,6.227578399192867237e-03,1.820845634103340798e-05,1.820845634028629443e-05,1.820845633968761493e-05,1.820845634046800332e-05
3.099951563256824090e-04,0.000000000000000000e+00,8.438681367999852989e-05,7.947998005704988141e-05,0.000000000000000000e+00,6.227578205123074882e-03,1.786114328720168445e-05,1.786114328639788745e-05,1.786114328597449634e-05,1.786114328677956728e-05
3.149950782019031123e-04,0.000000000000000000e+00,8.483128564325134952e-05,7.928811496859054623e-05,0.000000000000000000e+00,6.227578211178722185e-03,1.546879324035796974e-05,1.546879323950348968e-05,1.546879324101298371e-05,1.546879324183734328e-05
3.199950000781238155e-04,0.000000000000000000e+00,8.504996267686554257e-05,7.909649512246733408e-05,0.000000000000000000e+00,6.227578450142632477e-03,1.094615870935504354e-05,1.094615870845579779e-05,1.094615871012099003e-05,1.094615871095848708e-05
3.249949219543444645e-04,0.000000000000000000e+00,8.497633162710898724e-05,7.890512051868019074e-05,0.000000000000000000e+00,6.227578716993832468e-03,4.522056769869724603e-06,4.522056768930681855e-06,4.522056769284628125e-06,4.522056770129274133e-06
3.299948438305651678e-04,0.000000000000000000e+00,8.459459371004920589e-05,7.871399115722918396e-05,0.000000000000000000e+00,6.227578738425973252e-03,-3.332630447159576863e-06,-3.332630448135650197e-06,-3.332630449157932567e-06,-3.332630448310626876e-06
3.349947657067858168e-04,0.000000000000000000e+00,8.394279527548392545e-05,7.852310703811428666e-05,0.000000000000000000e+00,6.227578456188562726e-03,-1.195967686284026871e-05,-1.195967686385307955e-05,-1.195967686372546388e-05,-1.195967686287781598e-05
3.399946875830065201e-04,0.000000000000000000e+00,8.310445379731551667e-05,7.833246816133552593e-05,0.000000000000000000e+00,6.227578116327970800e-03,-2.066212947063308036e-05,-2.066212947168492926e-05,-2.066212947102139753e-05,-2.066212947017327360e-05
3.449946094592272233e-04,0.000000000000000000e+00,8.220105254602268967e-05,7.814207452689287466e-05,0.000000000000000000e+00,6.227578030937938949e-03,-2.872879274695559448e-05,-2.872879274805109946e-05,-2.872879274745562174e-05,-2.872879274660393350e-05
3.499945313354478724e-04,0.000000000000000000e+00,8.137965751394049183e-05,7.795192613478635997e-05,0.000000000000000000e+00,6.227578284696807034e-03,-3.531430301264105521e-05,-3.531430301378622342e-05,-3.531430301234870687e-05,-3.531430301148800620e-05
3.549944532116685756e-04,0.000000000000000000e+00,8.078964282137599201e-05,7.776202298501596829e-05,0.000000000000000000e+00,6.227578682425882403e-03,-3.952055614751194177e-05,-3.952055614871311580e-05,-3.952055614858066018e-05,-3.952055614770429279e-05
3.599943750878892789e-04,0.000000000000000000e+00,8.055304017602353170e-05,7.757236507758169964e-05,0.000000000000000000e+00,6.227578957331231756e-03,-4.073572239531778847e-05,-4.073572239658043676e-05,-4.073572239550084923e-05,-4.073572239460157129e-05
3.649942969641099279e-04,0.000000000000000000e+00,8.074056332807517575e-05,7.738295241248351335e-05,0.000000000000000000e+00,6.227578990505048748e-03,-3.874174121408986194e-05,-3.874174121541874144e-05,-3.874174121461698749e-05,-3.874174121368815149e-05
3.699942188403306312e-04,0.000000000000000000e+00,8.135591083173229873e-05,7.719378498972143652e-05,0.000000000000000000e+00,6.227578840354823161e-03,-3.364703206727782708e-05,-3.364703206867562118e-05,-3.364703206718463313e-05,-3.364703206622101457e-05
3.749941407165513344e-04,0.000000000000000000e+00,8.232818409148091204e-05,7.700486280929548272e-05,0.000000000000000000e+00,6.227578604394107785e-03,-2.592172991549571219e-05,-2.592172991696408446e-05,-2.592172991800516249e-05,-2.592172991700270916e-05
3.799940625927719835e-04,0.000000000000000000e+00,8.352518149826050999e-05,7.681618587120565193e-05,0.000000000000000000e+00,6.227578342468396630e-03,-1.637378741123103333e-05,-1.637378741277187774e-05,-1.637378741204464913e-05,-1.637378741100014909e-05
3.849939844689926867e-04,0.000000000000000000e+00,8.478303879854893229e-05,7.662775417545194417e-05,0.000000000000000000e+00,6.227578093881555414e-03,-6.005411689427798727e-06,-6.005411691042934703e-06,-6.005411690053400321e-06,-6.005411688964529303e-06
3.899939063452133900e-04,0.000000000000000000e+00,8.593890683743586189e-05,7.643956772203437298e-05,0.000000000000000000e+00,6.227577909148344915e-03,4.056231768026001642e-06,4.056231766333124981e-06,4.056231768642279097e-06,4.056231769778299357e-06
3.949938282214340390e-04,0.000000000000000000e+00,8.685201797847892278e-05,7.625162651095291125e-05,0.000000000000000000e+00,6.227577863437681362e-03,1.278010956344459140e-05,1.278010956166847173e-05,1.278010956269485374e-05,1.278010956388147575e-05
3.999937500976547423e-04,0.000000000000000000e+00,8.742102986281934563e-05,7.606393054220758610e-05,0.000000000000000000e+00,6.227578045568298373e-03,1.950302105652629674e-05,1.950302105466052372e-05,1.950302105454229486e-05,1.950302105578314053e-05
4.049936719738754455e-04,0.000000000000000000e+00,8.759264430865236776e-05,7.587647981579835686e-05,0.000000000000000000e+00,6.227578440683484602e-03,2.403102768479966096e-05,2.403102768283710256e-05,2.403102768132686314e-05,2.403102768262582205e-05
4.099935938500960946e-04,0.000000000000000000e+00,8.736157442211204161e-05,7.568927433172522353e-05,0.000000000000000000e+00,6.227578828007816064e-03,2.661859718946647571e-05,2.661859718740073854e-05,2.661859718755903544e-05,2.661859718891947877e-05
4.149935157263167978e-04,0.000000000000000000e+00,8.676022730256604078e-05,7.550231408998819968e-05,0.000000000000000000e+00,6.227578922486488346e-03,2.789093756253539232e-05,2.789093756036231236e-05,2.789093756262391065e-05,2.789093756404794922e-05
4.199934376025374469e-04,0.000000000000000000e+00,8.584992850282150139e-05,7.531559909058731239e-05,0.000000000000000000e+00,6.227578665411195001e-03,2.841852504719017140e-05,2.841852504490869155e-05,2.841852504701940956e-05,2.841852504850726359e-05
4.249933594787581501e-04,0.000000000000000000e+00,8.471116022671902764e-05,7.512912933352254813e-05,0.000000000000000000e+00,6.227578278441649184e-03,2.835166962903945374e-05,2.835166962665202701e-05,2.835166962779291601e-05,2.835166962934317943e-05
4.299932813549788534e-04,0.000000000000000000e+00,8.343548138371819592e-05,7.494290481879390688e-05,0.000000000000000000e+00,6.227578044857912630e-03,2.751457374851785394e-05,2.751457374603041633e-05,2.751457374556484975e-05,2.751457374717450373e-05
4.349932032311995024e-04,0.000000000000000000e+00,8.211829320581816110e-05,7.475692554640138866e-05,0.000000000000000000e+00,6.227578072862725508e-03,2.558556694134684869e-05,2.558556693876796201e-05,2.558556693906076775e-05,2.558556694072594982e-05
4.399931251074202057e-04,0.000000000000000000e+00,8.085411516222889661e-05,7.457119151634499345e-05,0.000000000000000000e+00,6.227578232815246355e-03,2.214075075386059673e-05,2.214075075120005269e-05,2.214075075222236047e-05,2.214075075393909296e-05
4.449930469836409089e-04,0.000000000000000000e+00,7.973187711106903683e-05,7.438570272862473482e-05,0.000000000000000000e+00,6.227578291191804283e-03,1.696424828717562854e-05,1.696424828444320867e-05,1.696424828631992875e-05,1.696424828808510137e-05
4.499929688598615580e-04,0.000000000000000000e+00,7.883029263011065674e-05,7.420045918324053144e-05,0.000000000000000000e+00,6.227578158386823728e-03,1.029958429421465977e-05,1.029958429141898687e-05,1.029958429175728844e-05,1.029958429356908514e-05
4.549928907360822612e-04,0.000000000000000000e+00,7.821217546839849435e-05,7.401546088019246464e-05,0.000000000000000000e+00,6.227577974011643674e-03,2.758014552299154203e-06,2.758014549447702489e-06,2.758014549148989544e-06,2.758014551006622583e-06
4.599928126123029645e-04,0.000000000000000000e+00,7.791563448521530511e-05,7.383070781948050730e-05,0.000000000000000000e+00,6.227577973226419358e-03,-4.748186480541487621e-06,-4.748186483442714379e-06,-4.748186483019075933e-06,-4.748186481115450699e-06
4.649927344885236135e-04,0.000000000000000000e+00,7.795174152502237438e-05,7.364620000110468653e-05,0.000000000000000000e+00,6.227578274946566489e-03,-1.094376396954419516e-05,-1.094376397249011476e-05,-1.094376397093906700e-05,-1.094376396898870079e-05
4.699926563647443167e-04,0.000000000000000000e+00,7.830830697147421005e-05,7.346193742506497524e-05,0.000000000000000000e+00,6.227578733224764865e-03,-1.451790995971940856e-05,-1.451790996270438824e-05,-1.451790996050383052e-05,-1.451790995850708079e-05
4.749925782409650200e-04,0.000000000000000000e+00,7.895492871529820420e-05,7.327792009136140051e-05,0.000000000000000000e+00,6.227579020700008128e-03,-1.469265234036842404e-05,-1.469265234338601280e-05,-1.469265234277293204e-05,-1.469265234073139629e-05
4.799925001171856690e-04,0.000000000000000000e+00,7.984395345201407857e-05,7.309414799999394881e-05,0.000000000000000000e+00,6.227578954572429021e-03,-1.145581882732851863e-05,-1.145581883037093562e-05,-1.145581883102911579e-05,-1.145581882894598056e-05
4.849924219934063723e-04,0.000000000000000000e+00,8.091799109626401595e-05,7.291062115096262012e-05,0.000000000000000000e+00,6.227578670480412616e-03,-5.578641812681395541e-06,-5.578641815739126883e-06,-5.578641817044103111e-06,-5.578641814924780937e-06
4.899923438696270755e-04,0.000000000000000000e+00,8.211526872829060571e-05,7.272733954426737380e-05,0.000000000000000000e+00,6.227578445390656754e-03,1.481791802815864313e-06,1.481791799753149030e-06,1.481791800376412813e-06,1.481791802525735200e-06
4.949922657458477246e-04,0.000000000000000000e+00,8.337094415008004062e-05,7.254430317990823694e-05,0.000000000000000000e+00,6.227578426246754145e-03,8.043242235357824329e-06,8.043242232299737234e-06,8.043242233530999572e-06,8.043242235704547102e-06
4.999921876220683736e-04,0.000000000000000000e+00,8.461667842057223347e-05,7.236151205788522310e-05,0.000000000000000000e+00,6.227578537426985833e-03,1.276710200053176111e-05,1.276710199748676576e-05,1.276710199927560109e-05,1.276710200146873710e-05
5.049921094982891311e-04,0.000000000000000000e+00,8.578913900238779432e-05,7.217896617819833229e-05,0.000000000000000000e+00,6.227578604313116148e-03,1.495379194514511346e-05,1.495379194211879179e-05,1.495379194235415853e-05,1.495379194456503649e-05
5.099920313745097801e-04,0.000000000000000000e+00,8.683625172317780425e-05,7.199666554084756449e-05,0.000000000000000000e+00,6.227578569099250470e-03,1.466955134538041363e-05,1.466955134237419884e-05,1.466955134220893593e-05,1.466955134443959042e-05
5.149919532507304292e-04,0.000000000000000000e+00,8.771853869115663960e-05,7.181461014583293326e-05,0.000000000000000000e+00,6.227578530363367913e-03,1.263716822746661599e-05,1.263716822447871744e-05,1.263716822368648752e-05,1.263716822594184827e-05
5.199918751269511866e-04,0.000000000000000000e+00,8.840746981177530792e-05,7.163279999315441151e-05,0.000000000000000000e+00,6.227578551669533946e-03,9.893645470108341873e-06,9.893645467134085629e-06,9.893645466788536844e-06,9.893645469075873085e-06
5.249917970031718357e-04,0.000000000000000000e+00,8.888630540571313202e-05,7.145123508281202632e-05,0.000000000000000000e+00,6.227578542272235902e-03,7.457411697845219801e-06,7.457411694877914309e-06,7.457411694293124456e-06,7.457411696620989529e-06
5.299917188793924847e-04,0.000000000000000000e+00,8.914958957145374685e-05,7.126991541480573705e-05,0.000000000000000000e+00,6.227578402360979710e-03,6.176456961393859429e-06,6.176456958427206152e-06,6.176456957746655836e-06,6.176456960122500244e-06
5.349916407556132422e-04,0.000000000000000000e+00,8.920084605957554803e-05,7.108884098913554369e-05,0.000000000000000000e+00,6.227578202225341614e-03,6.486641849863685985e-06,6.486641846892733169e-06,6.486641846948229920e-06,6.486641849377387429e-06
5.399915626318338912e-04,0.000000000000000000e+00,8.905218683771065440e-05,7.090801180580145980e-05,0.000000000000000000e+00,6.227578132189234492e-03,8.409596010607241787e-06,8.409596007628547090e-06,8.409596008463377680e-06,8.409596010948636722e-06
5.449914845080545403e-04,0.000000000000000000e+00,8.872498107488425479e-05,7.072742786480351249e-05,0.000000000000000000e+00,6.227578285058392796e-03,1.174860435927837302e-05,1.174860435629065911e-05,1.174860435749416080e-05,1.174860436003518849e-05
5.499914063842752977e-04,0.000000000000000000e+00,8.824936438767858819e-05,7.054708916614168819e-05,0.000000000000000000e+00,6.227578529278587210e-03,1.607059711618084836e-05,1.607059711318419487e-05,1.607059711322787466e-05,1.607059711582175043e-05
5.549913282604959468e-04,0.000000000000000000e+00,8.765978440068005210e-05,7.036699570981598691e-05,0.000000000000000000e+00,6.227578641857016428e-03,2.055877739819970322e-05,2.055877739519425414e-05,2.055877739385962837e-05,2.055877739650239827e-05
5.599912501367165958e-04,0.000000000000000000e+00,8.699368196921899651e-05,7.018714749582640865e-05,0.000000000000000000e+00,6.227578531633908010e-03,2.424215875782196835e-05,2.424215875480736793e-05,2.424215875285624109e-05,2.424215875554349038e-05
5.649911720129373533e-04,0.000000000000000000e+00,8.629238418195658562e-05,7.000754452417295342e-05,0.000000000000000000e+00,6.227578276251939833e-03,2.630517311370381866e-05,2.630517311067828812e-05,2.630517311099598307e-05,2.630517311372413390e-05
5.699910938891580023e-04,0.000000000000000000e+00,8.560501386406960556e-05,6.982818679485563475e-05,0.000000000000000000e+00,6.227578029104677976e-03,2.624136284623469856e-05,2.624136284319501919e-05,2.624136284443318146e-05,2.624136284720002136e-05
5.749910157653786514e-04,0.000000000000000000e+00,8.498475118793680314e-05,6.964907430787437134e-05,0.000000000000000000e+00,6.227577971488969764e-03,2.390266619041037162e-05,2.390266618735244376e-05,2.390266618863344557e-05,2.390266619143806314e-05
5.799909376415994088e-04,0.000000000000000000e+00,8.447884375616663329e-05,6.947020706322924451e-05,0.000000000000000000e+00,6.227578233963851004e-03,1.962305220721246907e-05,1.962305220413238961e-05,1.962305220305692881e-05,1.962305220589934777e-05
5.849908595178200579e-04,0.000000000000000000e+00,8.411341195787198921e-05,6.929158506092022714e-05,0.000000000000000000e+00,6.227578733470790287e-03,1.409967527711929853e-05,1.409967527401491939e-05,1.409967527256403496e-05,1.409967527544426377e-05
5.899907813940407069e-04,0.000000000000000000e+00,8.388458309181109375e-05,6.911320830094734634e-05,0.000000000000000000e+00,6.227579162413439048e-03,8.151070611829853415e-06,8.151070608702340112e-06,8.151070605871173143e-06,8.151070608787907380e-06
5.949907032702614644e-04,0.000000000000000000e+00,8.375453520680187594e-05,6.893507678331057501e-05,0.000000000000000000e+00,6.227579240904308235e-03,2.571541815433251453e-06,2.571541812287817896e-06,2.571541812217553972e-06,2.571541815167768457e-06
5.999906251464821134e-04,0.000000000000000000e+00,8.365659536090934889e-05,6.875719050800994025e-05,0.000000000000000000e+00,6.227578952970970472e-03,-1.883412002228337806e-06,-1.883412005382075250e-06,-1.883412004476356472e-06,-1.883412001498146701e-06
6.049905470227027625e-04,0.000000000000000000e+00,8.351071896255369512e-05,6.857954947504542851e-05,0.000000000000000000e+00,6.227578508769179670e-03,-4.606133304426487376e-06,-4.606133307575049449e-06,-4.606133306989387152e-06,-4.606133303990766852e-06
6.099904688989235199e-04,0.000000000000000000e+00,8.324700685972650247e-05,6.840215368441703980e-05,0.000000000000000000e+00,6.227578146795342481e-03,-5.291895886511781334e-06,-5.291895889639841821e-06,-5.291895890012106025e-06,-5.291895887001496821e-06
6.149903907751441690e-04,0.000000000000000000e+00,8.282309430541637079e-05,6.822500313612474699e-05,0.000000000000000000e+00,6.227577998879922118e-03,-4.018311959329810913e-06,-4.018311962421967367e-06,-4.018311962381768877e-06,-4.018311959367117632e-06
6.199903126513648180e-04,0.000000000000000000e+00,8.223274251685932601e-05,6.804809783016855010e-05,0.000000000000000000e+00,6.227578042984336683e-03,-1.267314962528907262e-06,-1.267314965571270037e-06,-1.267314965408870104e-06,-1.267314962396895483e-06
6.249902345275855755e-04,0.000000000000000000e+00,8.151163926918289038e-05,6.787143776654847623e-05,0.000000000000000000e+00,6.227578135611340840e-03,2.100023633600854551e-06,2.100023630619498476e-06,2.100023629926137635e-06,2.100023632931153033e-06
6.299901564038062245e-04,0.000000000000000000e+00,8.073464610336871297e-05,6.769502294526452539e-05,0.000000000000000000e+00,6.227578139313894728e-03,5.054142291853876780e-06,5.054142288941652146e-06,5.054142288999738278e-06,5.054142291995842890e-06
6.349900782800268735e-04,0.000000000000000000e+00,7.999761686486344314e-05,6.751885336631669756e-05,0.000000000000000000e+00,6.227578056469397841e-03,6.700207569424430909e-06,6.700207566587043330e-06,6.700207565924331529e-06,6.700207568911301738e-06
6.399900001562476310e-04,0.000000000000000000e+00,7.938942149402744672e-05,6.734292902970500630e-05,0.000000000000000000e+00,6.227578043284381394e-03,6.493859776399232440e-06,6.493859773640927246e-06,6.493859773769706747e-06,6.493859776748108371e-06
6.449899220324682800e-04,0.000000000000000000e+00,7.896910275160238819e-05,6.716724993542942451e-05,0.000000000000000000e+00,6.227578235533873761e-03,4.363521911891199141e-06,4.363521909216147121e-06,4.363521910309924154e-06,4.363521913280079065e-06
6.499898439086889291e-04,0.000000000000000000e+00,7.874699486940434133e-05,6.699181608348997929e-05,0.000000000000000000e+00,6.227578554312431999e-03,6.680010120269230128e-07,6.680010094404164288e-07,6.680010100491790080e-07,6.680010130099758988e-07
6.549897657849095781e-04,0.000000000000000000e+00,7.867798227414576277e-05,6.681662747388664354e-05,0.000000000000000000e+00,6.227578768273013023e-03,-3.852539974388342919e-06,-3.852539976879466817e-06,-3.852539978606810941e-06,-3.852539975658272311e-06
6.599896876611303356e-04,0.000000000000000000e+00,7.867036943899484880e-05,6.664168410661939015e-05,0.000000000000000000e+00,6.227578752373985269e-03,-8.200677239731799428e-06,-8.200677242119775042e-06,-8.200677244381214098e-06,-8.200677241449145176e-06
6.649896095373509846e-04,0.000000000000000000e+00,7.861113207156623158e-05,6.646698598168824623e-05,0.000000000000000000e+00,6.227578610685065991e-03,-1.136353435828206709e-05,-1.136353436055892892e-05,-1.136353436131764683e-05,-1.136353435840700784e-05
6.699895314135716337e-04,0.000000000000000000e+00,7.839362436573753062e-05,6.629253309909323888e-05,0.000000000000000000e+00,6.227578536999255933e-03,-1.272827385927900493e-05,-1.272827386143856117e-05,-1.272827386166938273e-05,-1.272827385878446135e-05
6.749894532897923911e-04,0.000000000000000000e+00,7.794416163843626249e-05,6.611832545883435455e-05,0.000000000000000000e+00,6.227578593867852570e-03,-1.234752291469115755e-05,-1.234752291673032669e-05,-1.234752291613097973e-05,-1.234752291327428149e-05
6.799893751660130402e-04,0.000000000000000000e+00,7.723713198485728068e-05,6.594436306091159324e-05,0.000000000000000000e+00,6.227578640859405580e-03,-1.098630861482087262e-05,-1.098630861674087778e-05,-1.098630861861442487e-05,-1.098630861578581255e-05
6.849892970422336892e-04,0.000000000000000000e+00,7.629862219875603894e-05,6.577064590532495495e-05,0.000000000000000000e+00,6.227578515849014652e-03,-9.849157053253238746e-06,-9.849157055059749958e-06,-9.849157058000692396e-06,-9.849157055197277615e-06
6.899892189184544467e-04,0.000000000000000000e+00,7.519959307871083984e-05,6.559717399207443968e-05,0.000000000000000000e+00,6.227578249399459524e-03,-1.016366249793727457e-05,-1.016366249964022076e-05,-1.016366250259736524e-05,-1.016366249981387267e-05
6.949891407946750957e-04,0.000000000000000000e+00,7.404292150276636656e-05,6.542394732116006098e-05,0.000000000000000000e+00,6.227578029237613305e-03,-1.270041726184175786e-05,-1.270041726345376659e-05,-1.270041726287290189e-05,-1.270041726010301606e-05
6.999890626708957448e-04,0.000000000000000000e+00,7.294298026171626176e-05,6.525096589258173754e-05,0.000000000000000000e+00,6.227577986406310565e-03,-1.762299220489627581e-05,-1.762299220643125875e-05,-1.762299220644413704e-05,-1.762299220368201342e-05
7.049889845471165022e-04,0.000000000000000000e+00,7.200605412296704161e-05,6.507822970633955068e-05,0.000000000000000000e+00,6.227578081007898413e-03,-2.452121486753330612e-05,-2.452121486900436857e-05,-2.452121486987806950e-05,-2.452121486711988967e-05
7.099889064233371513e-04,0.000000000000000000e+00,7.131947867185967646e-05,6.490573876243347327e-05,0.000000000000000000e+00,6.227578197739772579e-03,-3.258393395796732952e-05,-3.258393395938519491e-05,-3.258393396252270659e-05,-3.258393395976798604e-05
7.149888282995578003e-04,0.000000000000000000e+00,7.094658558181977741e-05,6.473349306086353244e-05,0.000000000000000000e+00,6.227578314506917144e-03,-4.070325882165348763e-05,-4.070325882302577587e-05,-4.070325882586479991e-05,-4.070325882311686240e-05
7.199887501757785578e-04,0.000000000000000000e+00,7.092545629850606254e-05,6.456149260162970108e-05,0.000000000000000000e+00,6.227578490928527104e-03,-4.770500891272931734e-05,-4.770500891406069050e-05,-4.770500891655882105e-05,-4.770500891382393463e-05
7.249886720519992068e-04,0.000000000000000000e+00,7.127210459767912849e-05,6.438973738473200629e-05,0.000000000000000000e+00,6.227578693989667923e-03,-5.266497825109662671e-05,-5.266497825239003247e-05,-5.266497825319116301e-05,-5.266497825047718135e-05
7.299885939282198559e-04,0.000000000000000000e+00,7.198857297422595633e-05,6.421822741017043452e-05,0.000000000000000000e+00,6.227578764082354786e-03,-5.523199517511980167e-05,-5.523199517637778790e-05,-5.523199517852534168e-05,-5.523199517583940021e-05
7.349885158044406133e-04,0.000000000000000000e+00,7.306308379958404060e-05,6.404696267794498577e-05,0.000000000000000000e+00,6.227578625704606290e-03,-5.569147161335309898e-05,-5.569147161457986019e-05,-5.569147161823923226e-05,-5.569147161558578974e-05
7.399884376806612624e-04,0.000000000000000000e+00,7.446586248908752760e-05,6.387594318805563294e-05,0.000000000000000000e+00,6.227578428238837727e-03,-5.477754709519843664e-05,-5.477754709640017311e-05,-5.477754709968029803e-05,-5.477754709705991013e-05
7.449883595568819114e-04,0.000000000000000000e+00,7.614593554599250597e-05,6.370516894050237602e-05,0.000000000000000000e+00,6.227578398371578887e-03,-5.332607123930809006e-05,-5.332607124049308238e-05,-5.332607124288192535e-05,-5.332607124029127847e-05
7.499882814331026689e-04,0.000000000000000000e+00,7.803519464859245849e-05,6.353463993528524212e-05,0.000000000000000000e+00,6.227578562460406482e-03,-5.205374617317909652e-05,-5.205374617435641811e-05,-5.205374617668566384e-05,-5.205374617411815790e-05
7.549882033093233179e-04,0.000000000000000000e+00,8.005120763313500632e-05,6.336435617240423123e-05,0.000000000000000000e+00,6.227578703851679304e-03,-5.138642212373027680e-05,-5.138642212490828279e-05,-5.138642212850365982e-05,-5.138642212595129205e-05
7.599881251855439670e-04,0.000000000000000000e+00,8.210235247595248584e-05,6.319431765185934337e-05,0.000000000000000000e+00,6.227578626091865958e-03,-5.140556711107987121e-05,-5.140556711226418590e-05,-5.140556711541517556e-05,-5.140556711287050563e-05
7.649880470617647244e-04,0.000000000000000000e+00,8.409299058498051851e-05,6.302452437365059208e-05,0.000000000000000000e+00,6.227578376594705180e-03,-5.192459376983718511e-05,-5.192459377102899435e-05,-5.192459377434354947e-05,-5.192459377180152905e-05
7.699879689379853735e-04,0.000000000000000000e+00,8.593130518462504955e-05,6.285497633777795026e-05,0.000000000000000000e+00,6.227578157696744658e-03,-5.256952006676478365e-05,-5.256952006796025885e-05,-5.256952006900182477e-05,-5.256952006646181013e-05
7.749878908142060225e-04,0.000000000000000000e+00,8.753518134702883242e-05,6.268567354424144501e-05,0.000000000000000000e+00,6.227578126706092773e-03,-5.287356410581653583e-05,-5.287356410700634607e-05,-5.287356410793144835e-05,-5.287356410539755268e-05
7.799878126904267800e-04,0.000000000000000000e+00,8.884125097657505170e-05,6.251661599304104923e-05,0.000000000000000000e+00,6.227578293589894690e-03,-5.240109409790371270e-05,-5.240109409907509151e-05,-5.240109410196371780e-05,-5.240109409944422169e-05
7.849877345666474290e-04,0.000000000000000000e+00,8.981744464527591850e-05,6.234780368417673581e-05,0.000000000000000000e+00,6.227578533226915854e-03,-5.087573850264415237e-05,-5.087573850378293057e-05,-5.087573850859568368e-05,-5.087573850610131395e-05
7.899876564428680780e-04,0.000000000000000000e+00,9.047794598302739337e-05,6.217923661764853185e-05,0.000000000000000000e+00,6.227578671108040774e-03,-4.820126078880836938e-05,-4.820126078990083181e-05,-4.820126079455739883e-05,-4.820126079209971579e-05
7.949875783190888355e-04,0.000000000000000000e+00,9.089072241468527480e-05,6.201091479345646447e-05,0.000000000000000000e+00,6.227578622564526080e-03,-4.455423232693285940e-05,-4.455423232796827248e-05,-4.455423233071938128e-05,-4.455423232830861032e-05
7.999875001953094845e-04,0.000000000000000000e+00,9.117078374280936299e-05,6.184283821160052011e-05,0.000000000000000000e+00,6.227578464613112846e-03,-4.035758380363268138e-05,-4.035758380460470251e-05,-4.035758380706558395e-05,-4.035758380470906375e-05
8.049874220715301336e-04,0.000000000000000000e+00,9.145987394976405865e-05,6.167500687208069877e-05,0.000000000000000000e+00,6.227578363141450177e-03,-3.616198257471748694e-05,-3.616198257562436107e-05,-3.616198257821536032e-05,-3.616198257591720408e-05
8.099873439477508911e-04,0.000000000000000000e+00,9.189625776385934532e-05,6.150742077489700045e-05,0.000000000000000000e+00,6.227578373924729828e-03,-3.258588783453971979e-05,-3.258588783538267342e-05,-3.258588783970046114e-05,-3.258588783746253911e-05
8.149872658239715401e-04,0.000000000000000000e+00,9.258454557825133849e-05,6.134007992004942515e-05,0.000000000000000000e+00,6.227578377528180699e-03,-3.024649142546940420e-05,-3.024649142625153409e-05,-3.024649142994798587e-05,-3.024649142777075883e-05
8.199871877001921891e-04,0.000000000000000000e+00,9.357316377236015500e-05,6.117298430753798642e-05,0.000000000000000000e+00,6.227578264606315264e-03,-2.933957512822473631e-05,-2.933957512894851919e-05,-2.933957513117070674e-05,-2.933957512905518435e-05
8.249871095764128382e-04,0.000000000000000000e+00,9.484972854943552844e-05,6.100613393736263005e-05,0.000000000000000000e+00,6.227578134033173556e-03,-2.942874363671524169e-05,-2.942874363738113834e-05,-2.942874363841097455e-05,-2.942874363635988427e-05
8.299870314526335956e-04,0.000000000000000000e+00,9.635225978540578131e-05,6.083952880952340348e-05,0.000000000000000000e+00,6.227578192276490843e-03,-2.961245985263341661e-05,-2.961245985323991930e-05,-2.961245985549920012e-05,-2.961245985351746828e-05
8.349869533288542447e-04,0.000000000000000000e+00,9.799165817683539782e-05,6.067316892402027959e-05,0.000000000000000000e+00,6.227578488226415999e-03,-2.894282722776197970e-05,-2.894282722830623564e-05,-2.894282723189551743e-05,-2.894282722998956455e-05
8.399868752050748937e-04,0.000000000000000000e+00,9.967075571115286184e-05,6.050705428085327196e-05,0.000000000000000000e+00,6.227578813569941557e-03,-2.674370065400842237e-05,-2.674370065448758552e-05,-2.674370065857411291e-05,-2.674370065675066782e-05
8.449867970812956512e-04,0.000000000000000000e+00,1.013004963297444572e-04,6.034118488002238734e-05,0.000000000000000000e+00,6.227578897085562191e-03,-2.297051819215742917e-05,-2.297051819257127592e-05,-2.297051819504449693e-05,-2.297051819330878751e-05
8.499867189575163002e-04,0.000000000000000000e+00,1.028133367472599391e-04,6.017556072152762574e-05,0.000000000000000000e+00,6.227578656742481684e-03,-1.825067365939818582e-05,-1.825067365975037195e-05,-1.825067366059161458e-05,-1.825067365894559918e-05
8.549866408337369493e-04,0.000000000000000000e+00,1.041738961674923810e-04,6.001018180536898039e-05,0.000000000000000000e+00,6.227578260086579116e-03,-1.350229104910488673e-05,-1.350229104940445857e-05,-1.350229105103985388e-05,-1.350229104948090329e-05
8.599865627099577067e-04,0.000000000000000000e+00,1.053766335733812205e-04,5.984504813154644450e-05,0.000000000000000000e+00,6.227577964075793789e-03,-9.399384404167791216e-06,-9.399384404428948414e-06,-9.399384407427722874e-06,-9.399384405948644106e-06
8.649864845861783558e-04,0.000000000000000000e+00,1.064366824930074846e-04,5.968015970006003163e-05,0.000000000000000000e+00,6.227577936416158789e-03,-6.235299552824494570e-06,-6.235299553065367024e-06,-6.235299556939370464e-06,-6.235299555528999620e-06
8.699864064623990048e-04,0.000000000000000000e+00,1.073773912171201671e-04,5.951551651090974178e-05,0.000000000000000000e+00,6.227578159487481488e-03,-4.031713991585377177e-06,-4.031713991826002297e-06,-4.031713994316597646e-06,-4.031713992961544831e-06
8.749863283386197623e-04,0.000000000000000000e+00,1.082127198183994391e-04,5.935111856409556818e-05,0.000000000000000000e+00,6.227578465057859516e-03,-2.704406932689713567e-06,-2.704406932949671367e-06,-2.704406934820919613e-06,-2.704406933507608581e-06
8.799862502148404113e-04,0.000000000000000000e+00,1.089272841164884155e-04,5.918696585961749727e-05,0.000000000000000000e+00,6.227578671985838608e-03,-2.138936856114745692e-06,-2.138936856410139962e-06,-2.138936857547003867e-06,-2.138936856263942075e-06
8.849861720910610604e-04,0.000000000000000000e+00,1.094703148940369598e-04,5.902305839747555615e-05,0.000000000000000000e+00,6.227578707721578496e-03,-2.240633964704333465e-06,-2.240633965046792274e-06,-2.240633967810481210e-06,-2.240633966549323690e-06
8.899860939672818178e-04,0.000000000000000000e+00,1.097663983267283780e-04,5.885939617766973805e-05,0.000000000000000000e+00,6.227578598028902547e-03,-2.836328233724352596e-06,-2.836328234120286289e-06,-2.836328236713770730e-06,-2.836328235469870660e-06
8.949860158435024669e-04,0.000000000000000000e+00,1.097295491650521432e-04,5.869597920020004297e-05,0.000000000000000000e+00,6.227578419663524524e-03,-3.618850092677191829e-06,-3.618850093128121677e-06,-3.618850095295258860e-06,-3.618850094067432087e-06
8.999859377197231159e-04,0.000000000000000000e+00,1.092787219900807915e-04,5.853280746506644381e-05,0.000000000000000000e+00,6.227578271902986344e-03,-4.248025418761028091e-06,-4.248025419265408259e-06,-4.248025419861396735e-06,-4.248025418650161643e-06
9.049858595959438734e-04,0.000000000000000000e+00,1.083555710966272796e-04,5.836988097226896766e-05,0.000000000000000000e+00,6.227578232534448401e-03,-4.443602481796685421e-06,-4.443602482352029020e-06,-4.443602483654256626e-06,-4.443602482459974052e-06
9.099857814721645224e-04,0.000000000000000000e+00,1.069409279299830720e-04,5.820719972180761454e-05,0.000000000000000000e+00,6.227578322368065508e-03,-4.034963833633108743e-06,-4.034963834237135561e-06,-4.034963835165961398e-06,-4.034963833987882564e-06
9.149857033483851715e-04,0.000000000000000000e+00,1.050640349050285295e-04,5.804476371368239121e-05,0.000000000000000000e+00,6.227578495081568730e-03,-2.958984269549911119e-06,-2.958984270201838920e-06,-2.958984271411361311e-06,-2.958984270246523720e-06
9.199856252246059289e-04,0.000000000000000000e+00,1.028082476436531652e-04,5.788257294789326380e-05,0.000000000000000000e+00,6.227578637640987860e-03,-1.180534438732394399e-06,-1.180534439433431900e-06,-1.180534439139255663e-06,-1.180534437982065509e-06
9.249855471008265780e-04,0.000000000000000000e+00,1.003030433013468882e-04,5.772062742444025941e-05,0.000000000000000000e+00,6.227578653749434034e-03,1.346211167050312361e-06,1.346211166298324134e-06,1.346211167264799738e-06,1.346211168421205540e-06
9.299854689770472270e-04,0.000000000000000000e+00,9.770139000687700498e-05,5.755892714332337803e-05,0.000000000000000000e+00,6.227578565916602749e-03,4.563240925655518696e-06,4.563240924851839436e-06,4.563240924846503976e-06,4.563240926008397704e-06
9.349853908532679845e-04,0.000000000000000000e+00,9.514744967229721664e-05,5.739747210454261968e-05,0.000000000000000000e+00,6.227578478651906412e-03,8.341939413361956925e-06,8.341939412508456034e-06,8.341939409780579651e-06,8.341939410952409076e-06
9.399853127294886335e-04,0.000000000000000000e+00,9.274718004635412597e-05,5.723626230809796401e-05,0.000000000000000000e+00,6.227578457160228183e-03,1.263876605531002361e-05,1.263876605441308687e-05,1.263876605101699297e-05,1.263876605219960681e-05
9.449852346057092825e-04,0.000000000000000000e+00,9.054903345292658937e-05,5.707529775398942459e-05,0.000000000000000000e+00,6.227578488970289712e-03,1.743903229607304947e-05,1.743903229514434899e-05,1.743903229365396742e-05,1.743903229484355404e-05
9.499851564819300400e-04,0.000000000000000000e+00,8.854742116042373329e-05,5.691457844221701497e-05,0.000000000000000000e+00,6.227578530731688738e-03,2.248902705597296192e-05,2.248902705502820847e-05,2.248902705521038832e-05,2.248902705639967679e-05
9.549850783581506890e-04,0.000000000000000000e+00,8.670251279133841496e-05,5.675410437278072837e-05,0.000000000000000000e+00,6.227578566897999136e-03,2.741166454904202184e-05,2.741166454809956554e-05,2.741166454937394355e-05,2.741166455055337595e-05
9.599850002343713381e-04,0.000000000000000000e+00,8.496096405011337963e-05,5.659387554568055123e-05,0.000000000000000000e+00,6.227578603505042922e-03,3.188273281250854813e-05,3.188273281158771489e-05,3.188273281198268297e-05,3.188273281314165443e-05
9.649849221105920955e-04,0.000000000000000000e+00,8.327164893629874977e-05,5.643389196091648356e-05,0.000000000000000000e+00,6.227578591343021532e-03,3.554921198773003106e-05,3.554921198684843917e-05,3.554921198579443203e-05,3.554921198692361504e-05
9.699848439868127446e-04,0.000000000000000000e+00,8.159960708409347470e-05,5.627415361848853891e-05,0.000000000000000000e+00,6.227578459228221529e-03,3.804291513570340154e-05,3.804291513487505075e-05,3.804291513461087812e-05,3.804291513570414016e-05
9.749847658630333936e-04,0.000000000000000000e+00,7.993410872564985924e-05,5.611466051839671728e-05,0.000000000000000000e+00,6.227578261526769098e-03,3.936211966515061188e-05,3.936211966438543620e-05,3.936211966603597815e-05,3.936211966709091364e-05
9.799846877392541511e-04,0.000000000000000000e+00,7.828664004115508759e-05,5.595541266064101189e-05,0.000000000000000000e+00,6.227578160553679833e-03,3.998063097666310338e-05,3.998063097596703204e-05,3.998063097725814742e-05,3.998063097827606418e-05
9.849846096154748001e-04,0.000000000000000000e+00,7.668498680322698179e-05,5.579641004522141597e-05,0.000000000000000000e+00,6.227578224327106476e-03,4.061909440932854541e-05,4.061909440870444476e-05,4.061909440790424257e-05,4.061909440888927412e-05
9.899845314916954492e-04,0.000000000000000000e+00,7.516334416326370951e-05,5.563765267213794307e-05,0.000000000000000000e+00,6.227578347054533656e-03,4.212921707794081705e-05,4.212921707739042859e-05,4.212921707600681721e-05,4.212921707696442523e-05
9.949844533679160982e-04,0.000000000000000000e+00,7.374947770417833990e-05,5.547914054139059319e-05,0.000000000000000000e+00,6.227578371251362224e-03,4.531157648339622371e-05,4.531157648292195980e-05,4.531157648116824246e-05,4.531157648210323808e-05
9.999843752441367473e-04,0.000000000000000000e+00,7.245204996330407326e-05,5.532087365297936633e-05,0.000000000000000000e+00,6.227578255504075469e-03,5.038186818170821023e-05,5.038186818131403497e-05,5.038186818176886456e-05,5.038186818268470369e-05
1.004984297120357613e-03,0.000000000000000000e+00,7.126002598346451746e-05,5.516285200690423539e-05,0.000000000000000000e+00,6.227578144401576740e-03,5.672133718525756058e-05,5.672133718494901019e-05,5.672133718602682912e-05,5.672133718692530746e-05
1.009984218996578262e-03,0.000000000000000000e+00,7.015142716308124667e-05,5.500507560316523424e-05,0.000000000000000000e+00,6.227578232549511872e-03,6.310331912759362257e-05,6.310331912737676859e-05,6.310331912837404485e-05,6.310331912925687002e-05
1.014984140872798911e-03,0.000000000000000000e+00,6.910952069205193976e-05,5.484754444176235611e-05,0.000000000000000000e+00,6.227578526574963427e-03,6.811910864420005749e-05,6.811910864407919606e-05,6.811910864254214974e-05,6.811910864341200514e-05
1.019984062749019560e-03,0.000000000000000000e+00,6.813546105140009894e-05,5.469025852269560100e-05,0.000000000000000000e+00,6.227578782399950490e-03,7.064473717491908593e-05,7.064473717489442033e-05,7.064473717458967820e-05,7.064473717545290642e-05
1.024983984625240209e-03,0.000000000000000000e+00,6.725243286144861547e-05,5.453321784596494180e-05,0.000000000000000000e+00,6.227578701527728376e-03,7.012857709290243997e-05,7.012857709296802064e-05,7.012857709283696771e-05,7.012857709370502062e-05
1.029983906501460858e-03,0.000000000000000000e+00,6.649639812950905102e-05,5.437642241157040563e-05,0.000000000000000000e+00,6.227578252007607597e-03,6.656266232603238846e-05,6.656266232617601814e-05,6.656266232724505503e-05,6.656266232813351806e-05
1.034983828377681724e-03,0.000000000000000000e+00,6.590049244297373026e-05,5.421987221951199247e-05,0.000000000000000000e+00,6.227577772521628030e-03,6.042255502351617238e-05,6.042255502372061225e-05,6.042255502472654180e-05,6.042255502565444946e-05
1.039983750253902373e-03,0.000000000000000000e+00,6.547689905709418851e-05,5.406356726978970911e-05,0.000000000000000000e+00,6.227577667452208719e-03,5.269097216701957361e-05,5.269097216726395278e-05,5.269097216758444294e-05,5.269097216857188007e-05
1.044983672130123022e-03,0.000000000000000000e+00,6.520470897478935243e-05,5.390750756240352166e-05,0.000000000000000000e+00,6.227578013434185294e-03,4.460478533954356106e-05,4.460478533980740843e-05,4.460478533975763678e-05,4.460478534082188963e-05
1.049983594006343671e-03,0.000000000000000000e+00,6.502993657951502352e-05,5.375169309735345724e-05,0.000000000000000000e+00,6.227578518563380711e-03,3.725277912093916707e-05,3.725277912120502700e-05,3.725277912212438978e-05,3.725277912327772340e-05
1.054983515882564320e-03,0.000000000000000000e+00,6.487841469373086347e-05,5.359612387463951583e-05,0.000000000000000000e+00,6.227578817065092774e-03,3.135928359659138312e-05,3.135928359684660432e-05,3.135928359764410278e-05,3.135928359889175520e-05
1.059983437758784969e-03,0.000000000000000000e+00,6.467393840165422956e-05,5.344079989426169745e-05,0.000000000000000000e+00,6.227578767974330937e-03,2.710863373280803038e-05,2.710863373304656841e-05,2.710863373235203189e-05,2.710863373369135700e-05
1.064983359635005835e-03,0.000000000000000000e+00,6.435521990179290431e-05,5.328572115621998853e-05,0.000000000000000000e+00,6.227578519295292638e-03,2.406139243477526724e-05,2.406139243499731862e-05,2.406139243424171441e-05,2.406139243566324576e-05
1.069983281511226484e-03,0.000000000000000000e+00,6.389153538017525343e-05,5.313088766051438908e-05,0.000000000000000000e+00,6.227578357214347618e-03,2.147851887794149494e-05,2.147851887815083405e-05,2.147851887791333279e-05,2.147851887940367032e-05
1.074983203387447133e-03,0.000000000000000000e+00,6.329206090946351126e-05,5.297629940714491942e-05,0.000000000000000000e+00,6.227578480349675073e-03,1.890173105619871881e-05,1.890173105640029233e-05,1.890173105708369884e-05,1.890173105862770099e-05
1.079983125263667782e-03,0.000000000000000000e+00,6.260473318656756920e-05,5.282195639611157278e-05,0.000000000000000000e+00,6.227578824226587262e-03,1.645106024773400935e-05,1.645106024793118507e-05,1.645106024936858642e-05,1.645106025095280570e-05
1.084983047139888431e-03,0.000000000000000000e+00,6.190049368809381024e-05,5.266785862741433561e-05,0.000000000000000000e+00,6.227579084812336421e-03,1.467156393234626398e-05,1.467156393253758670e-05,1.467156393352112748e-05,1.467156393513668867e-05
1.089982969016109081e-03,0.000000000000000000e+00,6.125354952379786263e-05,5.251400610105320791e-05,0.000000000000000000e+00,6.227579016690961561e-03,1.420954641651198810e-05,1.420954641669040543e-05,1.420954641506104438e-05,1.420954641670447803e-05
1.094982890892329946e-03,0.000000000000000000e+00,6.072222199303549823e-05,5.236039881702820323e-05,0.000000000000000000e+00,6.227578688658075116e-03,1.552842464290106060e-05,1.552842464305468189e-05,1.552842464153490149e-05,1.552842464320769669e-05
1.099982812768550595e-03,0.000000000000000000e+00,6.033659231340904035e-05,5.220703677533932157e-05,0.000000000000000000e+00,6.227578383541661211e-03,1.865759771247012282e-05,1.865759771258342195e-05,1.865759771258796882e-05,1.865759771429526537e-05
1.104982734644771245e-03,0.000000000000000000e+00,6.009262034370320443e-05,5.205391997598655615e-05,0.000000000000000000e+00,6.227578279694541072e-03,2.320645028180404521e-05,2.320645028186160279e-05,2.320645028389759217e-05,2.320645028564483818e-05
1.109982656520991894e-03,0.000000000000000000e+00,5.995787375364767678e-05,5.190104841896990020e-05,0.000000000000000000e+00,6.227578310576433601e-03,2.864298134519561084e-05,2.864298134518518556e-05,2.864298134726526470e-05,2.864298134905505887e-05
1.114982578397212543e-03,0.000000000000000000e+00,5.988014433118069702e-05,5.174842210428936726e-05,0.000000000000000000e+00,6.227578322087028162e-03,3.461812295587040613e-05,3.461812295578526916e-05,3.461812295711700146e-05,3.461812295894686368e-05
1.119982500273433192e-03,0.000000000000000000e+00,5.979297992861807399e-05,5.159604103194495735e-05,0.000000000000000000e+00,6.227578268197312555e-03,4.096250229039117679e-05,4.096250229023132473e-05,4.096250229027782345e-05,4.096250229213869385e-05
1.124982422149653841e-03,0.000000000000000000e+00,5.961636888090434446e-05,5.144390520193667046e-05,0.000000000000000000e+00,6.227578201075275460e-03,4.750234201213170978e-05,4.750234201190328871e-05,4.750234201140989541e-05,4.750234201328633766e-05
1.129982344025874707e-03,0.000000000000000000e+00,5.926362490195488734e-05,5.129201461426447948e-05,0.000000000000000000e+00,6.227578151854068489e-03,5.392629963579927078e-05,5.392629963551271615e-05,5.392629963677315539e-05,5.392629963864543701e-05
1.134982265902095356e-03,0.000000000000000000e+00,5.865663967390888958e-05,5.114036926892841830e-05,0.000000000000000000e+00,6.227578100877687386e-03,5.980825780845631939e-05,5.980825780812375393e-05,5.980825780989784072e-05,5.980825781174445386e-05
1.139982187778316005e-03,0.000000000000000000e+00,5.774530644539738850e-05,5.098896916592848014e-05,0.000000000000000000e+00,6.227578070318691081e-03,6.465270994790873332e-05,6.465270994754132431e-05,6.465270994919597946e-05,6.465270995099660887e-05
1.144982109654536654e-03,0.000000000000000000e+00,5.652636361021534932e-05,5.083781430526466500e-05,0.000000000000000000e+00,6.227578158634775561e-03,6.800857526399089244e-05,6.800857526359625641e-05,6.800857526409549085e-05,6.800857526583379219e-05
1.149982031530757303e-03,0.000000000000000000e+00,5.505739228451547067e-05,5.068690468693694577e-05,0.000000000000000000e+00,6.227578425808219520e-03,6.952750776598960107e-05,6.952750776557131587e-05,6.952750776674748549e-05,6.952750776841218306e-05
1.154981953406977952e-03,0.000000000000000000e+00,5.345781468204588433e-05,5.053624031094534956e-05,0.000000000000000000e+00,6.227578763469684281e-03,6.896541606980812465e-05,6.896541606936501122e-05,6.896541607002373180e-05,6.896541607160882183e-05
1.159981875283198818e-03,0.000000000000000000e+00,5.188964669406536778e-05,5.038582117728987637e-05,0.000000000000000000e+00,6.227578940718336668e-03,6.614920348190899552e-05,6.614920348143633758e-05,6.614920348227458849e-05,6.614920348377864795e-05
1.164981797159419467e-03,0.000000000000000000e+00,5.052757553615871522e-05,5.023564728597053298e-05,0.000000000000000000e+00,6.227578798441395572e-03,6.105412903571619601e-05,6.105412903520732572e-05,6.105412903619762243e-05,6.105412903762168133e-05
1.169981719035640116e-03,3.115009127754856944e-01,4.952787328803103640e-05,5.008559085133927597e-05,5.577175633082395723e-07,6.227578419431373420e-03,5.390938277929808737e-05,5.390938277874614715e-05,5.390938278004029152e-05,5.390938278138590839e-05
1.174981640911860765e-03,6.639623291965701668e-01,4.901012885317930647e-05,4.993384187361735247e-05,9.237130204380460011e-07,6.227578122423164594e-03,4.533223743263784682e-05,4.533223743203629080e-05,4.533223743498134982e-05,4.533223743624979860e-05
1.179981562788081414e-03,4.762423493016804676e-01,4.903829320742350361e-05,4.977845519981255294e-05,7.401619923890493313e-07,6.227578153745996076e-03,3.637078519527324748e-05,3.637078519461588893e-05,3.637078519884734705e-05,3.637078520003879714e-05
1.184981484664302063e-03,6.568065162365614327e-04,4.961133006917177934e-05,4.962050071118810407e-05,9.170642016324728578e-09,6.227578482176321546e-03,2.811223681786233545e-05,2.811223681714264882e-05,2.811223682216113946e-05,2.811223682327463542e-05
1.189981406540522929e-03,0.000000000000000000e+00,5.067816842603483594e-05,4.946235398549135234e-05,0.000000000000000000e+00,6.227578789379880145e-03,2.121325279088566855e-05,2.121325279009466514e-05,2.121325279213381903e-05,2.121325279316917789e-05
1.194981328416743578e-03,0.000000000000000000e+00,5.216418159143787459e-05,4.930445250213072363e-05,0.000000000000000000e+00,6.227578791560533372e-03,1.583755863388941590e-05,1.583755863301393959e-05,1.583755863522657599e-05,1.583755863618566123e-05
1.199981250292964227e-03,0.000000000000000000e+00,5.397888222003413149e-05,4.914679626110621794e-05,0.000000000000000000e+00,6.227578524962889238e-03,1.180166278716977317e-05,1.180166278619221922e-05,1.180166278847797998e-05,1.180166278936494883e-05
1.204981172169184876e-03,0.000000000000000000e+00,5.602420918986821121e-05,4.898938526241783528e-05,0.000000000000000000e+00,6.227578281917913600e-03,8.600861331687615114e-06,8.600861330585887830e-06,8.600861335276979909e-06,8.600861336099049101e-06
1.209981094045405525e-03,0.000000000000000000e+00,5.820222979988991490e-05,4.883221950606555530e-05,0.000000000000000000e+00,6.227578272793049541e-03,5.713428458651452941e-06,5.713428457400342926e-06,5.713428462424996579e-06,5.713428463192277986e-06
1.214981015921626174e-03,0.000000000000000000e+00,6.042764836837934020e-05,4.867529899204939834e-05,0.000000000000000000e+00,6.227578402000326363e-03,2.979576135055250012e-06,2.979576133629480110e-06,2.979576138738293262e-06,2.979576139461178285e-06
1.219980937797847040e-03,0.000000000000000000e+00,6.263673080177120460e-05,4.851862372036936440e-05,0.000000000000000000e+00,6.227578445537214000e-03,5.254103631650957056e-07,5.254103615428802279e-07,5.254103645194759773e-07,5.254103652065603050e-07
1.224980859674067689e-03,0.000000000000000000e+00,6.478853497657229574e-05,4.836219369102545348e-05,0.000000000000000000e+00,6.227578343343979222e-03,-1.633245566707182090e-06,-1.633245568541730093e-06,-1.633245564693939781e-06,-1.633245564037472307e-06
1.229980781550288338e-03,0.000000000000000000e+00,6.686138798674527988e-05,4.820600890401764525e-05,0.000000000000000000e+00,6.227578209469022096e-03,-3.445752047880946785e-06,-3.445752049936063861e-06,-3.445752044530637558e-06,-3.445752043904605671e-06
1.234980703426508987e-03,0.000000000000000000e+00,6.884704048979832243e-05,4.805006935934595327e-05,0.000000000000000000e+00,6.227578136790745504e-03,-4.606027610629859230e-06,-4.606027612905715633e-06,-4.606027606520771112e-06,-4.606027605930200260e-06
1.239980625302729636e-03,0.000000000000000000e+00,7.073808896555321254e-05,4.789437505701038431e-05,0.000000000000000000e+00,6.227578096267622453e-03,-4.699147712597484230e-06,-4.699147715088345547e-06,-4.699147710054004378e-06,-4.699147709507247152e-06
1.244980547178950285e-03,0.000000000000000000e+00,7.251407336337835103e-05,4.773892599701094514e-05,0.000000000000000000e+00,6.227578036112876685e-03,-3.576613725418792898e-06,-3.576613728115418423e-06,-3.576613723472116367e-06,-3.576613722978831060e-06
1.249980469055171151e-03,0.000000000000000000e+00,7.413831041981618173e-05,4.758372217934761544e-05,0.000000000000000000e+00,6.227578024868800702e-03,-1.381950797757241303e-06,-1.381950800649549651e-06,-1.381950795668081126e-06,-1.381950795236747385e-06
1.254980390931391800e-03,0.000000000000000000e+00,7.556147429481702084e-05,4.742876360402039520e-05,0.000000000000000000e+00,6.227578193376095625e-03,1.492113517923039210e-06,1.492113514843262142e-06,1.492113521072019717e-06,1.492113521436944380e-06
1.259980312807612449e-03,0.000000000000000000e+00,7.672734111738980004e-05,4.727405027102929799e-05,0.000000000000000000e+00,6.227578532887761802e-03,4.496542412169742190e-06,4.496542408907617563e-06,4.496542416068306198e-06,4.496542416367583267e-06
1.264980234683833098e-03,0.000000000000000000e+00,7.758437024080362676e-05,4.711958218037432379e-05,0.000000000000000000e+00,6.227578863415570917e-03,7.127520848681551693e-06,7.127520845239441883e-06,7.127520851284880352e-06,7.127520851524475479e-06
1.269980156560053747e-03,0.000000000000000000e+00,7.810659833420329672e-05,4.696535933205546584e-05,0.000000000000000000e+00,6.227578996371155827e-03,9.101061685325306200e-06,9.101061681704296255e-06,9.101061687219012678e-06,9.101061687408460067e-06
1.274980078436274396e-03,0.000000000000000000e+00,7.830848501515959574e-05,4.681138172607271058e-05,0.000000000000000000e+00,6.227578871837727986e-03,1.023800448981179949e-05,1.023800448601425433e-05,1.023800449225614176e-05,1.023800449240594123e-05
1.279980000312495262e-03,0.000000000000000000e+00,7.824881409192420347e-05,4.665764936242608512e-05,0.000000000000000000e+00,6.227578572361554959e-03,1.036311123556609089e-05,1.036311123159855299e-05,1.036311124010399367e-05,1.036311124022234789e-05
1.284979922188715911e-03,0.000000000000000000e+00,7.802158893072663195e-05,4.650416224111558267e-05,0.000000000000000000e+00,6.227578260492963244e-03,9.207715916735087890e-06,9.207715912610936986e-06,9.207715921409894913e-06,9.207715921499682099e-06
1.289979844064936560e-03,0.000000000000000000e+00,7.773669519716383568e-05,4.635092036214119647e-05,0.000000000000000000e+00,6.227578102470219916e-03,6.462961621112098254e-06,6.462961616853238618e-06,6.462961623959313109e-06,6.462961624016284545e-06
1.294979765941157209e-03,0.000000000000000000e+00,7.749312536772333512e-05,4.619792372550291296e-05,0.000000000000000000e+00,6.227578188617019679e-03,2.105842205635602427e-06,2.105842201271593815e-06,2.105842207452742208e-06,2.105842207465884772e-06
1.299979687817377858e-03,0.000000000000000000e+00,7.736047406372351641e-05,4.604517233120075247e-05,0.000000000000000000e+00,6.227578446567982352e-03,-3.495300587961808376e-06,-3.495300592395429544e-06,-3.495300586180332070e-06,-3.495300586227620225e-06
1.304979609693598507e-03,0.000000000000000000e+00,7.737222858602578988e-05,4.589266617923472177e-05,0.000000000000000000e+00,6.227578654280806723e-03,-9.938392796481937310e-06,-9.938392800946437911e-06,-9.938392792884561278e-06,-9.938392793011839837e-06
1.309979531569819156e-03,0.000000000000000000e+00,7.752951653994971139e-05,4.574040526960481410e-05,0.000000000000000000e+00,6.227578642399781914e-03,-1.692801513418492552e-05,-1.692801513864367985e-05,-1.692801513153853032e-05,-1.692801513176449160e-05
1.314979453446040022e-03,0.000000000000000000e+00,7.781299023917530539e-05,4.558838960231100234e-05,0.000000000000000000e+00,6.227578481840535460e-03,-2.392678943475168052e-05,-2.392678943917311119e-05,-2.392678943247126793e-05,-2.392678943280982700e-05
1.319979375322260671e-03,0.000000000000000000e+00,7.819983323367173122e-05,4.543661917735331360e-05,0.000000000000000000e+00,6.227578379874368179e-03,-3.025608234241458747e-05,-3.025608234677423894e-05,-3.025608234135366176e-05,-3.025608234181319408e-05
1.324979297198481320e-03,0.000000000000000000e+00,7.867682529902594109e-05,4.528509399473174788e-05,0.000000000000000000e+00,6.227578430916296676e-03,-3.539178304076924313e-05,-3.539178304505123185e-05,-3.539178303793330906e-05,-3.539178303851482090e-05
1.329979219074701969e-03,0.000000000000000000e+00,7.924830666854039928e-05,4.513381405444630518e-05,0.000000000000000000e+00,6.227578542075631884e-03,-3.887514266805938977e-05,-3.887514267225529284e-05,-3.887514266391548098e-05,-3.887514266461281949e-05
1.334979140950922618e-03,0.000000000000000000e+00,7.994128147064034646e-05,4.498277935649696517e-05,0.000000000000000000e+00,6.227578586715030833e-03,-4.024161531747994137e-05,-4.024161532158561849e-05,-4.024161531227672640e-05,-4.024161531307951034e-05
1.339979062827143267e-03,0.000000000000000000e+00,8.080021260426798401e-05,4.483198990088374818e-05,0.000000000000000000e+00,6.227578560248898595e-03,-3.950164664830925379e-05,-3.950164665232263142e-05,-3.950164664620666051e-05,-3.950164664710231993e-05
1.344978984703364133e-03,0.000000000000000000e+00,8.186946055515627969e-05,4.468144568760665420e-05,0.000000000000000000e+00,6.227578538099146944e-03,-3.725397602417782408e-05,-3.725397602809735724e-05,-3.725397602353752816e-05,-3.725397602451268670e-05
1.349978906579584782e-03,0.000000000000000000e+00,8.317304557293423188e-05,4.453114671666568325e-05,0.000000000000000000e+00,6.227578533798921838e-03,-3.434438697494182499e-05,-3.434438697876399002e-05,-3.434438697337121585e-05,-3.434438697441429965e-05
1.354978828455805431e-03,0.000000000000000000e+00,8.470188231036746831e-05,4.438109298806082177e-05,0.000000000000000000e+00,6.227578517477922598e-03,-3.158641999205352420e-05,-3.158641999577277133e-05,-3.158641998867271078e-05,-3.158641998977493781e-05
1.359978750332026080e-03,0.000000000000000000e+00,8.640720198818929157e-05,4.423128450179206975e-05,0.000000000000000000e+00,6.227578511673183964e-03,-2.974203368849561785e-05,-2.974203369210636345e-05,-2.974203368471641434e-05,-2.974203368587014098e-05
1.364978672208246729e-03,0.000000000000000000e+00,8.820668311115660511e-05,4.408172125785944076e-05,0.000000000000000000e+00,6.227578527102185790e-03,-2.921741366477833646e-05,-2.921741366827599977e-05,-2.921741366196665464e-05,-2.921741366316474547e-05
1.369978594084467378e-03,0.000000000000000000e+00,9.000237283655880972e-05,4.393240325626294156e-05,0.000000000000000000e+00,6.227578481318320376e-03,-2.991994869603025524e-05,-2.991994869941266448e-05,-2.991994869455472724e-05,-2.991994869578929470e-05
1.374978515960688244e-03,0.000000000000000000e+00,9.170057992642836431e-05,4.378333049700255182e-05,0.000000000000000000e+00,6.227578311121446421e-03,-3.144950637734079176e-05,-3.144950638061037960e-05,-3.144950637646241182e-05,-3.144950637772251224e-05
1.379978437836908893e-03,0.000000000000000000e+00,9.322466008227041888e-05,4.363450298007827156e-05,0.000000000000000000e+00,6.227578103811514179e-03,-3.338968801324144618e-05,-3.338968801640475510e-05,-3.338968801022629349e-05,-3.338968801149819817e-05
1.384978359713129542e-03,0.000000000000000000e+00,9.452282538644697532e-05,4.348592070549011431e-05,0.000000000000000000e+00,6.227578037086619472e-03,-3.539873035029563798e-05,-3.539873035336054877e-05,-3.539873034701476089e-05,-3.539873034828356881e-05
1.389978281589350191e-03,0.000000000000000000e+00,9.556840626475102466e-05,4.333758367323808008e-05,0.000000000000000000e+00,6.227578195352656033e-03,-3.716410742164467105e-05,-3.716410742461881379e-05,-3.716410741929304331e-05,-3.716410742054435492e-05
1.394978203465570840e-03,0.000000000000000000e+00,9.635273310882854153e-05,4.318949188332216210e-05,0.000000000000000000e+00,6.227578451940607440e-03,-3.827895887710602098e-05,-3.827895887999293288e-05,-3.827895887578775989e-05,-3.827895887701065862e-05
1.399978125341791490e-03,0.000000000000000000e+00,9.687648486568766490e-05,4.304164533574234681e-05,0.000000000000000000e+00,6.227578566054141167e-03,-3.830895612967922799e-05,-3.830895613247528375e-05,-3.830895612835009777e-05,-3.830895612954000965e-05
1.404978047218012355e-03,0.000000000000000000e+00,9.714212435200900880e-05,4.289404403049866131e-05,0.000000000000000000e+00,6.227578430902568074e-03,-3.700818736161141654e-05,-3.700818736430511684e-05,-3.700818736068354277e-05,-3.700818736184318509e-05
1.409977969094233004e-03,0.000000000000000000e+00,9.714895740205131377e-05,4.274668796759109883e-05,0.000000000000000000e+00,6.227578196831582390e-03,-3.436311063835331984e-05,-3.436311064092568437e-05,-3.436311063691031452e-05,-3.436311063804928923e-05
1.414977890970453654e-03,0.000000000000000000e+00,9.689545937615378821e-05,4.259957714701965938e-05,0.000000000000000000e+00,6.227578132590057963e-03,-3.058294773394363718e-05,-3.058294773637027137e-05,-3.058294773331981435e-05,-3.058294773445294792e-05
1.419977812846674303e-03,0.000000000000000000e+00,9.639146114541421886e-05,4.245271156878431583e-05,0.000000000000000000e+00,6.227578366059756398e-03,-2.617244163019053323e-05,-2.617244163244571441e-05,-2.617244162996984388e-05,-2.617244163111373477e-05
1.424977734722894952e-03,0.000000000000000000e+00,9.566985950128609705e-05,4.230609123288509531e-05,0.000000000000000000e+00,6.227578721980928274e-03,-2.183756916202525734e-05,-2.183756916408510255e-05,-2.183756916092005214e-05,-2.183756916208996049e-05
1.429977656599115601e-03,0.000000000000000000e+00,9.479256467743993526e-05,4.215971613932200458e-05,0.000000000000000000e+00,6.227578856064895294e-03,-1.802761377163343418e-05,-1.802761377347947812e-05,-1.802761377022433728e-05,-1.802761377143145070e-05
1.434977578475336467e-03,0.000000000000000000e+00,9.384500270626101707e-05,4.201358628809503688e-05,0.000000000000000000e+00,6.227578613048506163e-03,-1.482412293181802074e-05,-1.482412293343886571e-05,-1.482412293195484705e-05,-1.482412293320459673e-05
1.439977500351557116e-03,0.000000000000000000e+00,9.292072141627969893e-05,4.186770167920416508e-05,0.000000000000000000e+00,6.227578194884072528e-03,-1.209749604927789644e-05,-1.209749605066859749e-05,-1.209749605033410587e-05,-1.209749605162714571e-05
1.444977422227777765e-03,0.000000000000000000e+00,9.209730857354227012e-05,4.172206231264941631e-05,0.000000000000000000e+00,6.227577932976379078e-03,-9.666374783534490502e-06,-9.666374784694322552e-06,-9.666374784234664876e-06,-9.666374785568943362e-06
1.449977344103998414e-03,0.000000000000000000e+00,9.141677717948525734e-05,4.157666818843079056e-05,0.000000000000000000e+00,6.227577987286430326e-03,-7.239652265301131506e-06,-7.239652266230823857e-06,-7.239652265371193836e-06,-7.239652266744362145e-06
1.454977265980219063e-03,0.000000000000000000e+00,9.087725984143610520e-05,4.143151930654828782e-05,0.000000000000000000e+00,6.227578280676759719e-03,-4.528031409133275133e-06,-4.528031409830714438e-06,-4.528031407107399328e-06,-4.528031408520517946e-06
1.459977187856439712e-03,0.000000000000000000e+00,9.044028461981711638e-05,4.128661566700189456e-05,0.000000000000000000e+00,6.227578616258725580e-03,-1.399730808502832077e-06,-1.399730808960243421e-06,-1.399730806012203693e-06,-1.399730807472164081e-06
1.464977109732660361e-03,0.000000000000000000e+00,9.004757315585361615e-05,4.114195726979161754e-05,0.000000000000000000e+00,6.227578837302985733e-03,2.051402310123255656e-06,2.051402309920264210e-06,2.051402311004500264e-06,2.051402309484269247e-06
1.469977031608881227e-03,0.000000000000000000e+00,8.964362838259436715e-05,4.099754411491746353e-05,0.000000000000000000e+00,6.227578898831183200e-03,5.676320447353432467e-06,5.676320447426105353e-06,5.676320447697426947e-06,5.676320446096735423e-06
1.474976953485101876e-03,0.000000000000000000e+00,8.919735518868039496e-05,4.085337620237943255e-05,0.000000000000000000e+00,6.227578821310275105e-03,9.277480333252677790e-06,9.277480333626747868e-06,9.277480334160122821e-06,9.277480332453983319e-06
1.479976875361322525e-03,0.000000000000000000e+00,8.871663164295203591e-05,4.070945353217751103e-05,0.000000000000000000e+00,6.227578633378113952e-03,1.259673023768522035e-05,1.259673023838699562e-05,1.259673023865620471e-05,1.259673023681845323e-05
1.484976797237543174e-03,0.000000000000000000e+00,8.824818046293163916e-05,4.056577610431169899e-05,0.000000000000000000e+00,6.227578384344247507e-03,1.541333521666079511e-05,1.541333521771310141e-05,1.541333521840135634e-05,1.541333521640812180e-05
1.489976719113763823e-03,0.000000000000000000e+00,8.786239144406199938e-05,4.042234391878200996e-05,0.000000000000000000e+00,6.227578162030093442e-03,1.773280555634274691e-05,1.773280555776145595e-05,1.773280555923970801e-05,1.773280555707257760e-05
1.494976640989984472e-03,0.000000000000000000e+00,8.763028196505644619e-05,4.027915697558845072e-05,0.000000000000000000e+00,6.227578058058908482e-03,1.968680097793606434e-05,1.968680097972738655e-05,1.968680098013169571e-05,1.968680097778030175e-05
1.499976562866205338e-03,0.000000000000000000e+00,8.759934096387770957e-05,4.013621527473100096e-05,0.000000000000000000e+00,6.227578116741652910e-03,2.135349787391605512e-05,2.135349787607646347e-05,2.135349787605528765e-05,2.135349787351727201e-05
1.504976484742425987e-03,0.000000000000000000e+00,8.777773975500856199e-05,3.999351881620966066e-05,0.000000000000000000e+00,6.227578309077224858e-03,2.276435200166482340e-05,2.276435200418249670e-05,2.276435200333652763e-05,2.276435200061622711e-05
1.509976406618646636e-03,0.000000000000000000e+00,8.813110555040842039e-05,3.985106760002444338e-05,0.000000000000000000e+00,6.227578520307854200e-03,2.398682091121258979e-05,2.398682091407014353e-05,2.398682091273408119e-05,2.398682090984022701e-05
1.514976328494867285e-03,0.000000000000000000e+00,8.859463792729110963e-05,3.970886162617534912e-05,0.000000000000000000e+00,6.227578620847925260e-03,2.516591990007576422e-05,2.516591990325365565e-05,2.516591990045077620e-05,2.516591989739333962e-05
1.519976250371087934e-03,0.000000000000000000e+00,8.909014249642605184e-05,3.956690089466237788e-05,0.000000000000000000e+00,6.227578570674878987e-03,2.635606185507331257e-05,2.635606185855301879e-05,2.635606185839565023e-05,2.635606185518316936e-05
1.524976172247308583e-03,0.000000000000000000e+00,8.954299238392335965e-05,3.942518540548550256e-05,0.000000000000000000e+00,6.227578428317213401e-03,2.735465614051523463e-05,2.735465614428096693e-05,2.735465614339962576e-05,2.735465614003784347e-05
1.529976094123529449e-03,0.000000000000000000e+00,8.989093050411879290e-05,3.928371515864475703e-05,0.000000000000000000e+00,6.227578265971948565e-03,2.768128454381773570e-05,2.768128454785710030e-05,2.768128454730897850e-05,2.768128454380036814e-05
1.534976015999750098e-03,0.000000000000000000e+00,9.009060428778422648e-05,3.914249015414013452e-05,0.000000000000000000e+00,6.227578129944466752e-03,2.683787211522622123e-05,2.683787211952923669e-05,2.683787211812480863e-05,2.683787211446991906e-05
1.539975937875970747e-03,0.000000000000000000e+00,9.012286008380437723e-05,3.900151039197163503e-05,0.000000000000000000e+00,6.227578048504755874e-03,2.457758491590758434e-05,2.457758492046524840e-05,2.457758491961289948e-05,2.457758491581168666e-05
1.544975859752191396e-03,0.000000000000000000e+00,8.999793085863381202e-05,3.886077587213923146e-05,0.000000000000000000e+00,6.227578060160985675e-03,2.116440539907948892e-05,2.116440540388205731e-05,2.116440540159328281e-05,2.116440539764706812e-05
1.549975781628412045e-03,0.000000000000000000e+00,8.975224509234677175e-05,3.872028659464295090e-05,0.000000000000000000e+00,6.227578212927284418e-03,1.737570309888838462e-05,1.737570310392435463e-05,1.737570310230130398e-05,1.737570309821372626e-05
1.554975703504632694e-03,0.000000000000000000e+00,8.944243748026997544e-05,3.858004255948280014e-05,0.000000000000000000e+00,6.227578491430759040e-03,1.435325971715245382e-05,1.435325972240844911e-05,1.435325972129267294e-05,1.435325971706987319e-05
1.559975625380853560e-03,0.000000000000000000e+00,8.913565420937575191e-05,3.844004376665877240e-05,0.000000000000000000e+00,6.227578786892551226e-03,1.316308508102685836e-05,1.316308508648859118e-05,1.316308508464589641e-05,1.316308508029539289e-05
1.564975547257074209e-03,0.000000000000000000e+00,8.889599776970241274e-05,3.830029021617084058e-05,0.000000000000000000e+00,6.227578988498097719e-03,1.445358687052302591e-05,1.445358687617738079e-05,1.445358687453743692e-05,1.445358687006625153e-05
1.569975469133294858e-03,0.000000000000000000e+00,8.876892298134645006e-05,3.816078190801903177e-05,0.000000000000000000e+00,6.227579029254181990e-03,1.829076967651106238e-05,1.829076968234809856e-05,1.829076968086137617e-05,1.829076967627403546e-05
1.574975391009515507e-03,0.000000000000000000e+00,8.877393746348811608e-05,3.802151884220334599e-05,0.000000000000000000e+00,6.227578875477574223e-03,2.425671235246669325e-05,2.425671235848117605e-05,2.425671235604775203e-05,2.425671235134484215e-05
1.579975312885736156e-03,0.000000000000000000e+00,8.890531798770297213e-05,3.788250101872378322e-05,0.000000000000000000e+00,6.227578573311785305e-03,3.144126235975910704e-05,3.144126236595135156e-05,3.144126236214060454e-05,3.144126235731795809e-05
1.584975234761956805e-03,0.000000000000000000e+00,8.913653418139698707e-05,3.774372843758032992e-05,0.000000000000000000e+00,6.227578297781499218e-03,3.849146295081937766e-05,3.849146295719407308e-05,3.849146295397465670e-05,3.849146294902456227e-05
1.589975156638177671e-03,0.000000000000000000e+00,8.942962875684898176e-05,3.760520109877299287e-05,0.000000000000000000e+00,6.227578242949089772e-03,4.392425657447733014e-05,4.392425658104104265e-05,4.392425657789038502e-05,4.392425657280397250e-05
1.594975078514398320e-03,0.000000000000000000e+00,8.974989793574906854e-05,3.746691900230177883e-05,0.000000000000000000e+00,6.227578424597087631e-03,4.656845947169732138e-05,4.656845947845612930e-05,4.656845947515339876e-05,4.656845946992282123e-05
1.599975000390618969e-03,0.000000000000000000e+00,9.008104356036540487e-05,3.732888214816668782e-05,0.000000000000000000e+00,6.227578610708117864e-03,4.579021784192422112e-05,4.579021784888010312e-05,4.579021784552396207e-05,4.579021784014547904e-05
1.604974922266839618e-03,0.000000000000000000e+00,9.042882402820853793e-05,3.719109053636770627e-05,0.000000000000000000e+00,6.227578522472827262e-03,4.164523519869943642e-05,4.164523520584869265e-05,4.164523520205728509e-05,4.164523519653310561e-05
1.609974844143060267e-03,0.000000000000000000e+00,9.081223743106097465e-05,3.705354416690483419e-05,0.000000000000000000e+00,6.227578153205409403e-03,3.502249105535016845e-05,3.502249106268384747e-05,3.502249105902116859e-05,3.502249105335892952e-05
1.614974766019280916e-03,0.000000000000000000e+00,9.124618333730067699e-05,3.691624303977808513e-05,0.000000000000000000e+00,6.227577817152752347e-03,2.739746812666427590e-05,2.739746813416992633e-05,2.739746813100470311e-05,2.739746812521569032e-05
1.619974687895501782e-03,0.000000000000000000e+00,9.172647071639561281e-05,3.677918715498746586e-05,0.000000000000000000e+00,6.227577823075808663e-03,2.023171110135213544e-05,2.023171110901724829e-05,2.023171110634444937e-05,2.023171110044037901e-05
1.624974609771722431e-03,0.000000000000000000e+00,9.221807480740253158e-05,3.664237651253296284e-05,0.000000000000000000e+00,6.227578177934582106e-03,1.450371038656798041e-05,1.450371039438373637e-05,1.450371039001477770e-05,1.450371038400389309e-05
1.629974531647943080e-03,0.000000000000000000e+00,9.265574615049672162e-05,3.650581111241456251e-05,0.000000000000000000e+00,6.227578601692298522e-03,1.068607304695691674e-05,1.068607305492164886e-05,1.068607304991278051e-05,1.068607304379613537e-05
1.634974453524163729e-03,0.000000000000000000e+00,9.295893859885604024e-05,3.636949095463228520e-05,0.000000000000000000e+00,6.227578766826475688e-03,8.710242530972636882e-06,8.710242539093211204e-06,8.710242533050803419e-06,8.710242526820362790e-06
1.639974375400384378e-03,0.000000000000000000e+00,9.305863744679192761e-05,3.623341603918613091e-05,0.000000000000000000e+00,6.227578563261526937e-03,8.114385432213481382e-06,8.114385440504705738e-06,8.114385436037589499e-06,8.114385429676309385e-06
1.644974297276605027e-03,0.000000000000000000e+00,9.291912941493149871e-05,3.609758636607609964e-05,0.000000000000000000e+00,6.227578193045501566e-03,8.280373656658576267e-06,8.280373665141241928e-06,8.280373660984046574e-06,8.280373654467913590e-06
1.649974219152825676e-03,0.000000000000000000e+00,9.255110893146678130e-05,3.596200193530216428e-05,0.000000000000000000e+00,6.227577979957470838e-03,8.666879193520318992e-06,8.666879202216663959e-06,8.666879198144414152e-06,8.666879191446365596e-06
1.654974141029046542e-03,0.000000000000000000e+00,9.201453130863669790e-05,3.582666274686435872e-05,0.000000000000000000e+00,6.227578092974763412e-03,8.813765249137827342e-06,8.813765258066623561e-06,8.813765252231920113e-06,8.813765245327331044e-06
1.659974062905267191e-03,0.000000000000000000e+00,9.141052453522591702e-05,3.569156880076267618e-05,0.000000000000000000e+00,6.227578435485762141e-03,8.357934605074841410e-06,8.357934614247073204e-06,8.357934608568181467e-06,8.357934601439306543e-06
1.664973984781487840e-03,0.000000000000000000e+00,9.085942787216751159e-05,3.555672009699711666e-05,0.000000000000000000e+00,6.227578758890635335e-03,6.920882712850791294e-06,6.920882722266820347e-06,6.920882714720751203e-06,6.920882707360099266e-06
1.669973906657708489e-03,0.000000000000000000e+00,9.047435194207006589e-05,3.542211663556765305e-05,0.000000000000000000e+00,6.227578877556503266e-03,4.140912193569626376e-06,4.140912203217873746e-06,4.140912195297305079e-06,4.140912187709525492e-06
1.674973828533929138e-03,0.000000000000000000e+00,9.033913517206356868e-05,3.528775841647431246e-05,0.000000000000000000e+00,6.227578771754753960e-03,-1.744645845924174313e-07,-1.744645747339551182e-07,-1.744645818505683929e-07,-1.744645896497004877e-07
1.679973750410149787e-03,0.000000000000000000e+00,9.049360308235986485e-05,3.515364543971710167e-05,0.000000000000000000e+00,6.227578538667668737e-03,-5.877645583676891270e-06,-5.877645573637096143e-06,-5.877645579734428933e-06,-5.877645587721073793e-06
1.684973672286370653e-03,0.000000000000000000e+00,9.092729168532599033e-05,3.501977770529601390e-05,0.000000000000000000e+00,6.227578324250287317e-03,-1.237357027672395372e-05,-1.237357026653427951e-05,-1.237357027127879734e-05,-1.237357027942516043e-05
1.689973594162591302e-03,0.000000000000000000e+00,9.158281574169400659e-05,3.488615521321102882e-05,0.000000000000000000e+00,6.227578257103868684e-03,-1.837465677369324503e-05,-1.837465676338354286e-05,-1.837465676801041628e-05,-1.837465677628882164e-05
1.694973516038811951e-03,0.000000000000000000e+00,9.236889514978710634e-05,3.475277796346215998e-05,0.000000000000000000e+00,6.227578367548381594e-03,-2.209367544278076741e-05,-2.209367543237594682e-05,-2.209367543767635036e-05,-2.209367544606335890e-05
1.699973437915032600e-03,0.000000000000000000e+00,9.317766397689396663e-05,3.461964595604941417e-05,0.000000000000000000e+00,6.227578571310871981e-03,-2.204065717701650585e-05,-2.204065716653494069e-05,-2.204065717605533352e-05,-2.204065718453341842e-05
1.704973359791253249e-03,0.000000000000000000e+00,9.390215135252825800e-05,3.448675919097279137e-05,0.000000000000000000e+00,6.227578728625189804e-03,-1.761303674829420215e-05,-1.761303673774902820e-05,-1.761303674691577461e-05,-1.761303675547341285e-05
1.709973281667473899e-03,0.000000000000000000e+00,9.444797325363858199e-05,3.435411766823227804e-05,0.000000000000000000e+00,6.227578718863687433e-03,-9.178148083340199230e-06,-9.178148072741221751e-06,-9.178148081425216979e-06,-9.178148090054969911e-06
1.714973203543694764e-03,0.000000000000000000e+00,9.474509234168668062e-05,3.422172138782788095e-05,0.000000000000000000e+00,6.227578517106579017e-03,2.025617494673779840e-06,2.025617505317104576e-06,2.025617497865542287e-06,2.025617489169254917e-06
1.719973125419915413e-03,0.000000000000000000e+00,9.475855863614677100e-05,3.408957034975960688e-05,0.000000000000000000e+00,6.227578225686474823e-03,1.395288353667248090e-05,1.395288354734788955e-05,1.395288353976585031e-05,1.395288353101014696e-05
1.724973047296136063e-03,0.000000000000000000e+00,9.449282390342301434e-05,3.395766455402745584e-05,0.000000000000000000e+00,6.227578024006519102e-03,2.430123100352070108e-05,2.430123101421139867e-05,2.430123100748626878e-05,2.430123099868223204e-05
1.729972969172356712e-03,0.000000000000000000e+00,9.398457186771511541e-05,3.382600400063142103e-05,0.000000000000000000e+00,6.227578071249504667e-03,3.116305594391025697e-05,3.116305595459519813e-05,3.116305594720066149e-05,3.116305593836364129e-05
1.734972891048577361e-03,0.000000000000000000e+00,9.329361281537200444e-05,3.369458868957148892e-05,0.000000000000000000e+00,6.227578381379110690e-03,3.343315821416846105e-05,3.343315822482422362e-05,3.343315821693231601e-05,3.343315820808105210e-05
1.739972812924798010e-03,0.000000000000000000e+00,9.249151549842241072e-05,3.356341862084767983e-05,0.000000000000000000e+00,6.227578768728580030e-03,3.089581624275623454e-05,3.089581625335964369e-05,3.089581624545972654e-05,3.089581623661461548e-05
1.744972734801018876e-03,0.000000000000000000e+00,9.164684065584531982e-05,3.343249379446000053e-05,0.000000000000000000e+00,6.227578968852051644e-03,2.436858817706323495e-05,2.436858818759433460e-05,2.436858817852786334e-05,2.436858816970835300e-05
1.749972656677239525e-03,0.000000000000000000e+00,9.081411685699024533e-05,3.330181421040843748e-05,0.000000000000000000e+00,6.227578858481605355e-03,1.538116633991535312e-05,1.538116635036050264e-05,1.538116634107224428e-05,1.538116633229375066e-05
1.754972578553460174e-03,0.000000000000000000e+00,9.003445938871070518e-05,3.317137986869297711e-05,0.000000000000000000e+00,6.227578563226553177e-03,5.574577945431648727e-06,5.574577955784126066e-06,5.574577948056161680e-06,5.574577939328639123e-06
1.759972500429680823e-03,0.000000000000000000e+00,8.933684605450688937e-05,3.304119076931363977e-05,0.000000000000000000e+00,6.227578325918116386e-03,-3.883123676317185939e-06,-3.883123666057665384e-06,-3.883123672406843939e-06,-3.883123681079010351e-06
1.764972422305901472e-03,0.000000000000000000e+00,8.873364675556245505e-05,3.291124691227042545e-05,0.000000000000000000e+00,6.227578263941688924e-03,-1.236460284108003423e-05,-1.236460283090851531e-05,-1.236460283838823806e-05,-1.236460284700599023e-05
1.769972344182122121e-03,0.000000000000000000e+00,8.821823235908690165e-05,3.278154829756333414e-05,0.000000000000000000e+00,6.227578293073482256e-03,-1.972626494983448938e-05,-1.972626493974397562e-05,-1.972626494794800132e-05,-1.972626495651500774e-05
1.774972266058342987e-03,0.000000000000000000e+00,8.776729613433671305e-05,3.265209492519233875e-05,0.000000000000000000e+00,6.227578291720371056e-03,-2.608233413828221368e-05,-2.608233412826690967e-05,-2.608233413692616814e-05,-2.608233414544551711e-05
1.779972187934563636e-03,0.000000000000000000e+00,8.734341076055597433e-05,3.252288679515747316e-05,0.000000000000000000e+00,6.227578240356346911e-03,-3.174703902529654357e-05,-3.174703901535277657e-05,-3.174703902298827037e-05,-3.174703903146168982e-05
1.784972109810784285e-03,0.000000000000000000e+00,8.690011536802348213e-05,3.239392390745873059e-05,0.000000000000000000e+00,6.227578199699979750e-03,-3.724303046049108579e-05,-3.724303045061840180e-05,-3.724303045726347691e-05,-3.724303046568959127e-05
1.789972031687004934e-03,0.000000000000000000e+00,8.639289420713055134e-05,3.226520626209611103e-05,0.000000000000000000e+00,6.227578245086350626e-03,-4.316146126251772634e-05,-4.316146125271831408e-05,-4.316146125984231518e-05,-4.316146126821732295e-05
1.794971953563225583e-03,0.000000000000000000e+00,8.578685840745505723e-05,3.213673385906959417e-05,0.000000000000000000e+00,6.227578394461995293e-03,-4.987950963720227319e-05,-4.987950962747779286e-05,-4.987950963574254405e-05,-4.987950964406256922e-05
1.799971875439446232e-03,0.000000000000000000e+00,8.506002536358241162e-05,3.200850669837919355e-05,0.000000000000000000e+00,6.227578546758308874e-03,-5.743838294198712915e-05,-5.743838293233684213e-05,-5.743838294047655770e-05,-5.743838294873979778e-05
1.804971797315667098e-03,0.000000000000000000e+00,8.420607842858532192e-05,3.188052478002492273e-05,0.000000000000000000e+00,6.227578557897966646e-03,-6.550001675123988734e-05,-6.550001674165900959e-05,-6.550001674729389288e-05,-6.550001675550214358e-05
1.809971719191887747e-03,0.000000000000000000e+00,8.323685491632219736e-05,3.175278810400677492e-05,0.000000000000000000e+00,6.227578414760716330e-03,-7.329212816733750389e-05,-7.329212815781579646e-05,-7.329212816309922207e-05,-7.329212817125922578e-05
1.814971641068108396e-03,0.000000000000000000e+00,8.218184853056630448e-05,3.162529667032472981e-05,0.000000000000000000e+00,6.227578286121217103e-03,-7.987331154059179876e-05,-7.987331153111489599e-05,-7.987331153671165603e-05,-7.987331154483420055e-05
1.819971562944329045e-03,0.000000000000000000e+00,8.108700439361057508e-05,3.149805047897880094e-05,0.000000000000000000e+00,6.227578322774319532e-03,-8.445704512054843247e-05,-8.445704511110055921e-05,-8.445704511964895124e-05,-8.445704512774588149e-05
1.824971484820549694e-03,0.000000000000000000e+00,8.000770329434765368e-05,3.137104952996899509e-05,0.000000000000000000e+00,6.227578439699205104e-03,-8.650942807950245017e-05,-8.650942807007010811e-05,-8.650942807786495253e-05,-8.650942808594640578e-05
1.829971406696770343e-03,0.000000000000000000e+00,7.899435783594050819e-05,3.124429382329531226e-05,0.000000000000000000e+00,6.227578407826749908e-03,-8.556940291485417042e-05,-8.556940290542941778e-05,-8.556940291128763316e-05,-8.556940291935854256e-05
1.834971328572990992e-03,0.000000000000000000e+00,7.807979079341330537e-05,3.111778335895774568e-05,0.000000000000000000e+00,6.227578182124430227e-03,-8.143333613652274118e-05,-8.143333612710708228e-05,-8.143333612989283135e-05,-8.143333613794946993e-05
1.839971250449211858e-03,0.000000000000000000e+00,7.727552037141655148e-05,3.099151813695628856e-05,0.000000000000000000e+00,6.227578010843033175e-03,-7.430383458429690462e-05,-7.430383457490244187e-05,-7.430383457919051567e-05,-7.430383458721892434e-05
1.844971172325432507e-03,0.000000000000000000e+00,7.657478831565007831e-05,3.086549815729095446e-05,0.000000000000000000e+00,6.227578152120690283e-03,-6.493780808075849502e-05,-6.493780807140738681e-05,-6.493780807593970425e-05,-6.493780808391626095e-05
1.849971094201653156e-03,0.000000000000000000e+00,7.596070459406164166e-05,3.073972341996174338e-05,0.000000000000000000e+00,6.227578556682154473e-03,-5.450124010003970238e-05,-5.450124009076128993e-05,-5.450124009691980221e-05,-5.450124010481304475e-05
1.854971016077873805e-03,0.000000000000000000e+00,7.541829377115997449e-05,3.061419392496864854e-05,0.000000000000000000e+00,6.227578907337219354e-03,-4.437923089611954904e-05,-4.437923088694609413e-05,-4.437923089233395551e-05,-4.437923090010882350e-05
1.859970937954094454e-03,0.000000000000000000e+00,7.494078130960866925e-05,3.048890967231165640e-05,0.000000000000000000e+00,6.227578926490247475e-03,-3.571511186190222072e-05,-3.571511185286449437e-05,-3.571511185734674879e-05,-3.571511186496805987e-05
1.864970859830315103e-03,0.000000000000000000e+00,7.452859633025278509e-05,3.036387066199078727e-05,0.000000000000000000e+00,6.227578618273451640e-03,-2.924306254789499893e-05,-2.924306253901836131e-05,-2.924306254347121351e-05,-2.924306255090769862e-05
1.869970781706535969e-03,0.000000000000000000e+00,7.418668432324082573e-05,3.023907689400604456e-05,0.000000000000000000e+00,6.227578255776633487e-03,-2.525052611110869578e-05,-2.525052610241112431e-05,-2.525052610832423760e-05,-2.525052611555063143e-05
1.874970703582756618e-03,0.000000000000000000e+00,7.392464309069142253e-05,3.011452836835741469e-05,0.000000000000000000e+00,6.227578146543823190e-03,-2.375361383519627637e-05,-2.375361382668856225e-05,-2.375361383132636579e-05,-2.375361383832413187e-05
1.879970625458977267e-03,0.000000000000000000e+00,7.375454967553237112e-05,2.999022508504490785e-05,0.000000000000000000e+00,6.227578360050424477e-03,-2.454136307766911028e-05,-2.454136306935652544e-05,-2.454136307156063731e-05,-2.454136307831691769e-05
1.884970547335197916e-03,0.000000000000000000e+00,7.368853848609127817e-05,2.986616704406851047e-05,0.000000000000000000e+00,6.227578666412872908e-03,-2.720342028586789969e-05,-2.720342027775345280e-05,-2.720342028070019233e-05,-2.720342028720566286e-05
1.889970469211418565e-03,0.000000000000000000e+00,7.373811327826424182e-05,2.974235424542823612e-05,0.000000000000000000e+00,6.227578749521719102e-03,-3.089590241350058234e-05,-3.089590240558837304e-05,-3.089590240955016298e-05,-3.089590241579650242e-05
1.894970391087639214e-03,0.000000000000000000e+00,7.391476422425345748e-05,2.961878668912407123e-05,0.000000000000000000e+00,6.227578507043161904e-03,-3.439650981165162181e-05,-3.439650980394932760e-05,-3.439650980826171464e-05,-3.439650981423900253e-05
1.899970312963860080e-03,0.000000000000000000e+00,7.423082639237029150e-05,2.949546437515603614e-05,0.000000000000000000e+00,6.227578138901221361e-03,-3.644177503521315751e-05,-3.644177502773246745e-05,-3.644177503172283967e-05,-3.644177503741893295e-05
1.904970234840080729e-03,0.000000000000000000e+00,7.470422776856356696e-05,2.937238730352411051e-05,0.000000000000000000e+00,6.227577923943175206e-03,-3.607972367868097726e-05,-3.607972367143717860e-05,-3.607972367444901092e-05,-3.607972367984951681e-05
1.909970156716301378e-03,0.000000000000000000e+00,7.536178112927570871e-05,2.924955547422830791e-05,0.000000000000000000e+00,6.227577940574447087e-03,-3.294682760185020242e-05,-3.294682759485941588e-05,-3.294682759640243886e-05,-3.294682760149260543e-05
1.914970078592522027e-03,0.000000000000000000e+00,7.623258241834643184e-05,2.912696888726861816e-05,0.000000000000000000e+00,6.227578074990939780e-03,-2.744424244884328609e-05,-2.744424244211958938e-05,-2.744424244545431066e-05,-2.744424245022154083e-05
1.919970000468742676e-03,0.000000000000000000e+00,7.733395145187907491e-05,2.900462754264504804e-05,0.000000000000000000e+00,6.227578220975428167e-03,-2.066073544858731663e-05,-2.066073544214020667e-05,-2.066073544701216400e-05,-2.066073545144791969e-05
1.924969922344963325e-03,0.000000000000000000e+00,7.865841675680866065e-05,2.888253144035759078e-05,0.000000000000000000e+00,6.227578365598495161e-03,-1.391985769341812603e-05,-1.391985768725067755e-05,-1.391985769045603996e-05,-1.391985769455770722e-05
1.929969844221184191e-03,0.000000000000000000e+00,8.016750438958704296e-05,2.876068058040625653e-05,0.000000000000000000e+00,6.227578524570297897e-03,-8.279589951065023299e-06,-8.279589945173900680e-06,-8.279589946969785017e-06,-8.279589950740796027e-06
1.934969766097404840e-03,0.000000000000000000e+00,8.179483332961497220e-05,2.863907496279103853e-05,0.000000000000000000e+00,6.227578691501915731e-03,-4.018417900799209108e-06,-4.018417895176770423e-06,-4.018417897558156967e-06,-4.018417901006180762e-06
1.939969687973625489e-03,0.000000000000000000e+00,8.346433471313207428e-05,2.851771458751194016e-05,0.000000000000000000e+00,6.227578835470351862e-03,-5.953608516368313672e-07,-5.953608462739464467e-07,-5.953608496509465287e-07,-5.953608527854893588e-07
1.944969609849846138e-03,0.000000000000000000e+00,8.511343839382301665e-05,2.839659945456895804e-05,0.000000000000000000e+00,6.227578911341730486e-03,3.019385586405109881e-06,3.019385591515845375e-06,3.019385588908738526e-06,3.019385586078837025e-06
1.949969531726066787e-03,0.000000000000000000e+00,8.670844038989078439e-05,2.827572956396209216e-05,0.000000000000000000e+00,6.227578878710589641e-03,7.801332440125529542e-06,7.801332444986604193e-06,7.801332441931336023e-06,7.801332439400586230e-06
1.954969453602287653e-03,0.000000000000000000e+00,8.824480485294743624e-05,2.815510491569134591e-05,0.000000000000000000e+00,6.227578737449496540e-03,1.430476206030058218e-05,1.430476206490847191e-05,1.430476206380807447e-05,1.430476206157507031e-05
1.959969375478508302e-03,0.000000000000000000e+00,8.974044238125962664e-05,2.803472550975671590e-05,0.000000000000000000e+00,6.227578542363974151e-03,2.221410564233810631e-05,2.221410564668393421e-05,2.221410564539533621e-05,2.221410564346211903e-05
1.964969297354728951e-03,0.000000000000000000e+00,9.122311060443295144e-05,2.791459134615820553e-05,0.000000000000000000e+00,6.227578388382821670e-03,3.050689030515194413e-05,3.050689030922377042e-05,3.050689030694664770e-05,3.050689030531713588e-05
1.969969219230949600e-03,0.000000000000000000e+00,9.271761032748273982e-05,2.779470242489581139e-05,0.000000000000000000e+00,6.227578337589278687e-03,3.784864933178446172e-05,3.784864933557130208e-05,3.784864933228230025e-05,3.784864933095880788e-05
1.974969141107170249e-03,0.000000000000000000e+00,9.423497947189694651e-05,2.767505874596953689e-05,0.000000000000000000e+00,6.227578360072295871e-03,4.292788646768637661e-05,4.292788647118259658e-05,4.292788646940901801e-05,4.292788646838889219e-05
1.979969062983390898e-03,0.000000000000000000e+00,9.576622867240986944e-05,2.755566030937937525e-05,0.000000000000000000e+00,6.227578377462445955e-03,4.451988131860805679e-05,4.451988132181577056e-05,4.451988131984755060e-05,4.451988131912141975e-05
1.984968984859611547e-03,0.000000000000000000e+00,9.727771885325357207e-05,2.743650711512533662e-05,0.000000000000000000e+00,6.227578362396615427e-03,4.188607238193805426e-05,4.188607238486833425e-05,4.188607238241296869e-05,4.188607238196367531e-05
1.989968906735832196e-03,0.000000000000000000e+00,9.871464796546958697e-05,2.731759916320740747e-05,0.000000000000000000e+00,6.227578343748009330e-03,3.504339399222431974e-05,3.504339399489568547e-05,3.504339399248064546e-05,3.504339399228435065e-05
1.994968828612052845e-03,0.000000000000000000e+00,1.000139133270478543e-04,2.719893645362560472e-05,0.000000000000000000e+00,6.227578323685711154e-03,2.471424014800109860e-05,2.471424015043525107e-05,2.471424014849253696e-05,2.471424014852230847e-05
1.999968750488273495e-03,0.000000000000000000e+00,1.011238263531515969e-04,2.708051898637991482e-05,0.000000000000000000e+00,6.227578271747025163e-03,1.203416137967054738e-05,1.203416138188694800e-05,1.203416138098759383e-05,1.203416138121790209e-05
2.004968672364494577e-03,0.000000000000000000e+00,1.020249348430501773e-04,2.696234676147034795e-05,0.000000000000000000e+00,6.227578227647146900e-03,-1.628228820286345282e-06,-1.628228818275462807e-06,-1.628228818157551585e-06,-1.628228817746585599e-06
2.009968594240715226e-03,0.000000000000000000e+00,1.027437947775919401e-04,2.684441977889689054e-05,0.000000000000000000e+00,6.227578293132741277e-03,-1.491358255952794862e-05,-1.491358255772240133e-05,-1.491358255818098158e-05,-1.491358255759936641e-05
2.014968516116935875e-03,0.000000000000000000e+00,1.033521811461882281e-04,2.672673803865955615e-05,0.000000000000000000e+00,6.227578475039798403e-03,-2.666863679274840738e-05,-2.666863679116171477e-05,-2.666863679381228415e-05,-2.666863679305888561e-05
2.019968437993156524e-03,0.000000000000000000e+00,1.039519830348508897e-04,2.660930154075833462e-05,0.000000000000000000e+00,6.227578616218034172e-03,-3.609334699987631700e-05,-3.609334699853458970e-05,-3.609334700009201224e-05,-3.609334699915566814e-05
2.024968359869377173e-03,0.000000000000000000e+00,1.046547092450440607e-04,2.649211028519323950e-05,0.000000000000000000e+00,6.227578569879951495e-03,-4.283455639593517449e-05,-4.283455639487425556e-05,-4.283455639633757612e-05,-4.283455639520005831e-05
2.029968281745597822e-03,0.000000000000000000e+00,1.055552084925736575e-04,2.637516427196425384e-05,0.000000000000000000e+00,6.227578391088574826e-03,-4.696537042664551556e-05,-4.696537042590568311e-05,-4.696537042492387705e-05,-4.696537042356438917e-05
2.034968203621818471e-03,0.000000000000000000e+00,1.067033617980785686e-04,2.625846350107139120e-05,0.000000000000000000e+00,6.227578252032803588e-03,-4.893121084241837686e-05,-4.893121084203878412e-05,-4.893121084036320388e-05,-4.893121083876341614e-05
2.039968125498039121e-03,0.000000000000000000e+00,1.080806133427765465e-04,2.614200797251464142e-05,0.000000000000000000e+00,6.227578200533503104e-03,-4.940469725122977897e-05,-4.940469725124376518e-05,-4.940469724847433336e-05,-4.940469724662274644e-05
2.044968047374259770e-03,0.000000000000000000e+00,1.095952205325586014e-04,2.602579768629401127e-05,0.000000000000000000e+00,6.227578154758425799e-03,-4.905861443358604517e-05,-4.905861443401738145e-05,-4.905861443334054114e-05,-4.905861443123501374e-05
2.049967969250480419e-03,0.000000000000000000e+00,1.110954942113904457e-04,2.590983264240949736e-05,0.000000000000000000e+00,6.227578126408468868e-03,-4.817556450689655537e-05,-4.817556450775880780e-05,-4.817556450690798015e-05,-4.817556450455610169e-05
2.054967891126701068e-03,0.000000000000000000e+00,1.124005473640555240e-04,2.579411284086110309e-05,0.000000000000000000e+00,6.227578259696367816e-03,-4.663775153430221865e-05,-4.663775153559977826e-05,-4.663775153581611725e-05,-4.663775153323384583e-05
2.059967813002921717e-03,0.000000000000000000e+00,1.133394390081739775e-04,2.567863828164882505e-05,0.000000000000000000e+00,6.227578590401409292e-03,-4.414739744597025520e-05,-4.414739744770132627e-05,-4.414739744744323194e-05,-4.414739744465147233e-05
2.064967734879142366e-03,0.000000000000000000e+00,1.137907747190750854e-04,2.556340896477266665e-05,0.000000000000000000e+00,6.227578893292698599e-03,-4.041382016193511911e-05,-4.041382016409590693e-05,-4.041382016130034584e-05,-4.041382015832068722e-05
2.069967656755363448e-03,0.000000000000000000e+00,1.137039970628482923e-04,2.544842489023262450e-05,0.000000000000000000e+00,6.227578882617221603e-03,-3.520453592329057866e-05,-3.520453592587877254e-05,-3.520453592206532179e-05,-3.520453591891666316e-05
2.074967578631584098e-03,0.000000000000000000e+00,1.130998735646989128e-04,2.533368605802869858e-05,0.000000000000000000e+00,6.227578562577161178e-03,-2.854667604194923553e-05,-2.854667604496583495e-05,-2.854667604162471349e-05,-2.854667603832128500e-05
2.079967500507804747e-03,0.000000000000000000e+00,1.120562885932306244e-04,2.521919246816089230e-05,0.000000000000000000e+00,6.227578262448740798e-03,-2.069267963513833999e-05,-2.069267963858889133e-05,-2.069267963614087802e-05,-2.069267963269052997e-05
2.084967422384025396e-03,0.000000000000000000e+00,1.106878547411730280e-04,2.510494412062920226e-05,0.000000000000000000e+00,6.227578262352836611e-03,-1.199870152245921066e-05,-1.199870152635224185e-05,-1.199870152310829709e-05,-1.199870151951387043e-05
2.089967344260246045e-03,0.000000000000000000e+00,1.091192260984786134e-04,2.499094101543363524e-05,0.000000000000000000e+00,6.227578489780125418e-03,-2.867886662743675659e-06,-2.867886667088241477e-06,-2.867886664319207763e-06,-2.867886660580350124e-06
2.094967266136466694e-03,0.000000000000000000e+00,1.074594539390344352e-04,2.487718315257418108e-05,0.000000000000000000e+00,6.227578663707907317e-03,6.146219793436215011e-06,6.146219788633057086e-06,6.146219793513936213e-06,6.146219797398564835e-06
2.099967188012687343e-03,0.000000000000000000e+00,1.057852233615080048e-04,2.476367053205084655e-05,0.000000000000000000e+00,6.227578651764477564e-03,1.441132831210182414e-05,1.441132830683746694e-05,1.441132831223764418e-05,1.441132831626795400e-05
2.104967109888907992e-03,0.000000000000000000e+00,1.041330561613217689e-04,2.465040315386362487e-05,0.000000000000000000e+00,6.227578541456728518e-03,2.136716504436393194e-05,2.136716503864213629e-05,2.136716504350335324e-05,2.136716504767593579e-05
2.109967031765128641e-03,0.000000000000000000e+00,1.024998008946918158e-04,2.453738101801252621e-05,0.000000000000000000e+00,6.227578439043599326e-03,2.665242258416315607e-05,2.665242257799391358e-05,2.665242258372938373e-05,2.665242258803670212e-05
2.114966953641349290e-03,0.000000000000000000e+00,1.008510533524825751e-04,2.442460412449753702e-05,0.000000000000000000e+00,6.227578355965454268e-03,3.020425260370536238e-05,3.020425259710427538e-05,3.020425260376089724e-05,3.020425260819184179e-05
2.119966875517569939e-03,0.000000000000000000e+00,9.913687030639588705e-05,2.431207247331867763e-05,0.000000000000000000e+00,6.227578270227454235e-03,3.228059150778737424e-05,3.228059150077414473e-05,3.228059150710003750e-05,3.228059151164067620e-05
2.124966797393790588e-03,0.000000000000000000e+00,9.730836592425951860e-05,2.419978606447592770e-05,0.000000000000000000e+00,6.227578199834105099e-03,3.337532843244891246e-05,3.337532842504583772e-05,3.337532842999318776e-05,3.337532843462836889e-05
2.129966719270011671e-03,0.000000000000000000e+00,9.533712474706802092e-05,2.408774489796930080e-05,0.000000000000000000e+00,6.227578206606123809e-03,3.403884552806125073e-05,3.403884552029256947e-05,3.403884552780062208e-05,3.403884553251443497e-05
2.134966641146232320e-03,0.000000000000000000e+00,9.323076784530922667e-05,2.397594897379878336e-05,0.000000000000000000e+00,6.227578309163335664e-03,3.478445710720566803e-05,3.478445709909754339e-05,3.478445710742971163e-05,3.478445711220562220e-05
2.139966563022452969e-03,0.000000000000000000e+00,9.104276676939016899e-05,2.386439829196438894e-05,0.000000000000000000e+00,6.227578426770674462e-03,3.603877424311014506e-05,3.603877423469162012e-05,3.603877424544456109e-05,3.603877425026441573e-05
2.144966484898673618e-03,0.000000000000000000e+00,8.887065745169153903e-05,2.375309285246610737e-05,0.000000000000000000e+00,6.227578443506623894e-03,3.806622259523901214e-05,3.806622258654303309e-05,3.806622259639999616e-05,3.806622260124240898e-05
2.149966406774894267e-03,0.000000000000000000e+00,8.684390002638564933e-05,2.364203265530395221e-05,0.000000000000000000e+00,6.227578327047535861e-03,4.082928773501790523e-05,4.082928772608142981e-05,4.082928773436133273e-05,4.082928773920104859e-05
2.154966328651114916e-03,0.000000000000000000e+00,8.509434750103651358e-05,2.353121770047790991e-05,0.000000000000000000e+00,6.227578185956148156e-03,4.392798306366063518e-05,4.392798305452479531e-05,4.392798306040617874e-05,4.392798306521347696e-05
2.159966250527335565e-03,0.000000000000000000e+00,8.372353119754402488e-05,2.342064798798798724e-05,0.000000000000000000e+00,6.227578212781157384e-03,4.658871444585641362e-05,4.658871443656400818e-05,4.658871444527688723e-05,4.658871445001979740e-05
2.164966172403556214e-03,0.000000000000000000e+00,8.278153048456749364e-05,2.331032351783417743e-05,0.000000000000000000e+00,6.227578470760716974e-03,4.789033291319499442e-05,4.789033290378727053e-05,4.789033291362534815e-05,4.789033291827288918e-05
2.169966094279776863e-03,0.000000000000000000e+00,8.226360259426006229e-05,2.320024429001648725e-05,0.000000000000000000e+00,6.227578776075432324e-03,4.704045345749751381e-05,4.704045344801020270e-05,4.704045345850145114e-05,4.704045346302796810e-05
2.174966016155997512e-03,0.000000000000000000e+00,8.211678142327191244e-05,2.309041030453491331e-05,0.000000000000000000e+00,6.227578883292859101e-03,4.369731945727050400e-05,4.369731944772951133e-05,4.369731945633756836e-05,4.369731946072731999e-05
2.179965938032218161e-03,0.000000000000000000e+00,8.226064930418644202e-05,2.298082156138945900e-05,0.000000000000000000e+00,6.227578736706729581e-03,3.827362491750804470e-05,3.827362490792684169e-05,3.827362491696886419e-05,3.827362492121914677e-05
2.184965859908438810e-03,0.000000000000000000e+00,8.261520792280858982e-05,2.287147806058012432e-05,0.000000000000000000e+00,6.227578484611281766e-03,3.198475133702592422e-05,3.198475132740442954e-05,3.198475133788182729e-05,3.198475134200451961e-05
2.189965781784659893e-03,0.000000000000000000e+00,8.312012742926236342e-05,2.276237980210690589e-05,0.000000000000000000e+00,6.227578313164091120e-03,2.648083983547556451e-05,2.648083982580237710e-05,2.648083983842804354e-05,2.648083984244777392e-05
2.194965703660880542e-03,0.000000000000000000e+00,8.373923051267954747e-05,2.265352678596980709e-05,0.000000000000000000e+00,6.227578268374582213e-03,2.332922494985620034e-05,2.332922494011202140e-05,2.332922495231112204e-05,2.332922495626212756e-05
2.199965625537101191e-03,0.000000000000000000e+00,8.445828942945412783e-05,2.254491901216882114e-05,0.000000000000000000e+00,6.227578271218059403e-03,2.362943796441895303e-05,2.362943795458244072e-05,2.362943796465075206e-05,2.362943796857105432e-05
2.204965547413321840e-03,0.000000000000000000e+00,8.527758719372295648e-05,2.243655648070395483e-05,0.000000000000000000e+00,6.227578284528289057e-03,2.762782552360963707e-05,2.762782551366397272e-05,2.762782552432122606e-05,2.762782552824632592e-05
2.209965469289542489e-03,0.000000000000000000e+00,8.619696039270951821e-05,2.232843919157520476e-05,0.000000000000000000e+00,6.227578360530426800e-03,3.460323347574184642e-05,3.460323346567906790e-05,3.460323347649996802e-05,3.460323348045834949e-05
2.214965391165763138e-03,0.000000000000000000e+00,8.720414297721932511e-05,2.222056714478257771e-05,0.000000000000000000e+00,6.227578517554212267e-03,4.309828023028124713e-05,4.309828022010546086e-05,4.309828023273746649e-05,4.309828023674713073e-05
2.219965313041983787e-03,0.000000000000000000e+00,8.827180372743686782e-05,2.211294034032606351e-05,0.000000000000000000e+00,6.227578688880203855e-03,5.130649002572794826e-05,5.130649001545600004e-05,5.130649002744052691e-05,5.130649003150756577e-05
2.224965234918204436e-03,0.000000000000000000e+00,8.936350632580867756e-05,2.200555877820567233e-05,0.000000000000000000e+00,6.227578760429114749e-03,5.743088843323161609e-05,5.743088842289026537e-05,5.743088843295805833e-05,5.743088843707944960e-05
2.229965156794425085e-03,0.000000000000000000e+00,9.044081519820785522e-05,2.189842245842139063e-05,0.000000000000000000e+00,6.227578646298503537e-03,6.023523869754357810e-05,6.023523868716548649e-05,6.023523869601172241e-05,6.023523870017827747e-05
2.234965078670645734e-03,0.000000000000000000e+00,9.147092050916908227e-05,2.179153138097323194e-05,0.000000000000000000e+00,6.227578381882573413e-03,5.936541201720031046e-05,5.936541200681890525e-05,5.936541201883725923e-05,5.936541202303861041e-05
2.239965000546866383e-03,0.000000000000000000e+00,9.242773652805504503e-05,2.168488554586118271e-05,0.000000000000000000e+00,6.227578119971401843e-03,5.533351994579032785e-05,5.533351993543488928e-05,5.533351994868020097e-05,5.533351995290965332e-05
2.244964922423087032e-03,0.000000000000000000e+00,9.329095128525112946e-05,2.157848495308526329e-05,0.000000000000000000e+00,6.227577993998052903e-03,4.915867294617681630e-05,4.915867293586983480e-05,4.915867294723339843e-05,4.915867295149129075e-05
2.249964844299307681e-03,0.000000000000000000e+00,9.404124694063626375e-05,2.147232960264545333e-05,0.000000000000000000e+00,6.227578042905230690e-03,4.210756151450989243e-05,4.210756150426680431e-05,4.210756151571339072e-05,4.210756152000767836e-05
2.254964766175528764e-03,0.000000000000000000e+00,9.465372904109821894e-05,2.136641949454176639e-05,0.000000000000000000e+00,6.227578221800575409e-03,3.547203497766617821e-05,3.547203496749719531e-05,3.547203497861982211e-05,3.547203498296548738e-05
2.259964688051749413e-03,0.000000000000000000e+00,9.509126684361929175e-05,2.126075462877419231e-05,0.000000000000000000e+00,6.227578427053111730e-03,3.051359784720067045e-05,3.051359783711431731e-05,3.051359784808709382e-05,3.051359785250281549e-05
2.264964609927970062e-03,0.000000000000000000e+00,9.530999202700403243e-05,2.115533500534273785e-05,0.000000000000000000e+00,6.227578552976912631e-03,2.838059504670728420e-05,2.838059503671440623e-05,2.838059504825132362e-05,2.838059505275484194e-05
2.269964531804190711e-03,0.000000000000000000e+00,9.527006939041882691e-05,2.105016062424739626e-05,0.000000000000000000e+00,6.227578555279210740e-03,2.991730146884875039e-05,2.991730145896604091e-05,2.991730147042227333e-05,2.991730147502641917e-05
2.274964453680411360e-03,0.000000000000000000e+00,9.494649343177101019e-05,2.094523148548818107e-05,0.000000000000000000e+00,6.227578463296962533e-03,3.533647125097119028e-05,3.533647124122328440e-05,3.533647124828265349e-05,3.533647125299147905e-05
2.279964375556632009e-03,0.000000000000000000e+00,9.434131909630078460e-05,2.084054758906507874e-05,0.000000000000000000e+00,6.227578369120283057e-03,4.399977422002132848e-05,4.399977421044072855e-05,4.399977421798779211e-05,4.399977422279497514e-05
2.284964297432852658e-03,0.000000000000000000e+00,9.349723688105669717e-05,2.073610893497809603e-05,0.000000000000000000e+00,6.227578360286756265e-03,5.446163471282155946e-05,5.446163470344672755e-05,5.446163471360499040e-05,5.446163471849514877e-05
2.289964219309073307e-03,0.000000000000000000e+00,9.249766679240635666e-05,2.063191552322722958e-05,0.000000000000000000e+00,6.227578444314195785e-03,6.486083455313972849e-05,6.486083454401183040e-05,6.486083455485143977e-05,6.486083455980236768e-05
2.294964141185293956e-03,0.000000000000000000e+00,9.145269561248314675e-05,2.052796735381247936e-05,0.000000000000000000e+00,6.227578576098363565e-03,7.344739610085917417e-05,7.344739609201853545e-05,7.344739610130060709e-05,7.344739610628730011e-05
2.299964063061514605e-03,0.000000000000000000e+00,9.048191542491659150e-05,2.042426442673384878e-05,0.000000000000000000e+00,6.227578719567954807e-03,7.885923321082193580e-05,7.885923320230474169e-05,7.885923321102537278e-05,7.885923321602304335e-05
2.304963984937735254e-03,0.000000000000000000e+00,8.969574685914385309e-05,2.032080674199133444e-05,0.000000000000000000e+00,6.227578818715566802e-03,8.026692824151434040e-05,8.026692823335046067e-05,8.026692824029567006e-05,8.026692824528335241e-05
2.309963906813955904e-03,0.000000000000000000e+00,8.917430613277585081e-05,2.021759429958493973e-05,0.000000000000000000e+00,6.227578775587943802e-03,7.751249216473416435e-05,7.751249215694651633e-05,7.751249216369636603e-05,7.751249216865729571e-05
2.314963828690176986e-03,0.000000000000000000e+00,8.895010077500347518e-05,2.011462709951466126e-05,0.000000000000000000e+00,6.227578542389555251e-03,7.124709808279544327e-05,7.124709807540069656e-05,7.124709808411094642e-05,7.124709808903308876e-05
2.319963750566397635e-03,0.000000000000000000e+00,8.900173647822997441e-05,2.001190514178050243e-05,0.000000000000000000e+00,6.227578212139163981e-03,6.266728784077954691e-05,6.266728783379035958e-05,6.266728784103337219e-05,6.266728784590726753e-05
2.324963672442618284e-03,0.000000000000000000e+00,8.925742738780951255e-05,1.990942842638245645e-05,0.000000000000000000e+00,6.227577991135378396e-03,5.321127925225063244e-05,5.321127924567754157e-05,5.321127925050922079e-05,5.321127925532601933e-05
2.329963594318838933e-03,0.000000000000000000e+00,8.961093892895265808e-05,1.980719695332053349e-05,0.000000000000000000e+00,6.227578064685123684e-03,4.416612485321012426e-05,4.416612484706324004e-05,4.416612485136724484e-05,4.416612485611743949e-05
2.334963516195059582e-03,0.000000000000000000e+00,8.994607615018282128e-05,1.970521072259472339e-05,0.000000000000000000e+00,6.227578409539444131e-03,3.637285422695677210e-05,3.637285422124616406e-05,3.637285422730179911e-05,3.637285423197399219e-05
2.339963438071280231e-03,0.000000000000000000e+00,9.016669467845442613e-05,1.960346973420503631e-05,0.000000000000000000e+00,6.227578765181249199e-03,3.000086152951318664e-05,3.000086152424735221e-05,3.000086152965191708e-05,3.000086153423404684e-05
2.344963359947500880e-03,0.000000000000000000e+00,9.022319124252765302e-05,1.950197398815146208e-05,0.000000000000000000e+00,6.227578880713039930e-03,2.467253390009648323e-05,2.467253389527957627e-05,2.467253390151768593e-05,2.467253390599931015e-05
2.349963281823721530e-03,0.000000000000000000e+00,9.012725570504249387e-05,1.940072348443401087e-05,0.000000000000000000e+00,6.227578753138449282e-03,1.969859235950519044e-05,1.969859235513405997e-05,1.969859235849300640e-05,1.969859236286778588e-05
2.354963203699942179e-03,0.000000000000000000e+00,8.994492429010467703e-05,1.929971822305266913e-05,0.000000000000000000e+00,6.227578545182139991e-03,1.448659941757397688e-05,1.448659941363609360e-05,1.448659941597898334e-05,1.448659942024704006e-05
2.359963125576162828e-03,0.000000000000000000e+00,8.977598329418141627e-05,1.919895820400745041e-05,0.000000000000000000e+00,6.227578365202112581e-03,8.750815582337768912e-06,8.750815578810127408e-06,8.750815581096513279e-06,8.750815585266070231e-06
2.364963047452383477e-03,0.000000000000000000e+00,8.972821818579949774e-05,1.909844342729834454e-05,0.000000000000000000e+00,6.227578224810850598e-03,2.679053136676696890e-06,2.679053133527553753e-06,2.679053138863395452e-06,2.679053142949824591e-06
2.369962969328604126e-03,0.000000000000000000e+00,8.989087520147712217e-05,1.899817389292536509e-05,0.000000000000000000e+00,6.227578128526925320e-03,-3.078654920129195192e-06,-3.078654922937128047e-06,-3.078654917964731244e-06,-3.078654913940697093e-06
2.374962891204825208e-03,0.000000000000000000e+00,9.031113487588676855e-05,1.889814960088849509e-05,0.000000000000000000e+00,6.227578090277408919e-03,-7.584939783248136611e-06,-7.584939785753221306e-06,-7.584939781799586605e-06,-7.584939777815719603e-06
2.379962813081045857e-03,0.000000000000000000e+00,9.098536334391141951e-05,1.879837055118774812e-05,0.000000000000000000e+00,6.227578087416886336e-03,-1.006783375263362979e-05,-1.006783375487037445e-05,-1.006783375354620446e-05,-1.006783374958273062e-05
2.384962734957266507e-03,0.000000000000000000e+00,9.186586527908383243e-05,1.869883674382311401e-05,0.000000000000000000e+00,6.227578077691347386e-03,-1.022840128235354009e-05,-1.022840128434922256e-05,-1.022840128409078264e-05,-1.022840128013401222e-05
2.389962656833487156e-03,0.000000000000000000e+00,9.287760226017026811e-05,1.859954817879459952e-05,0.000000000000000000e+00,6.227578088217251319e-03,-8.270062528898238039e-06,-8.270062530670371572e-06,-8.270062528789146972e-06,-8.270062524833965588e-06
2.394962578709707805e-03,0.000000000000000000e+00,9.394152476369502290e-05,1.850050485610220128e-05,0.000000000000000000e+00,6.227578206406879542e-03,-4.745236232148466283e-06,-4.745236233704747022e-06,-4.745236230017236520e-06,-4.745236226067958956e-06
2.399962500585928454e-03,0.000000000000000000e+00,9.500108720972171071e-05,1.840170677574592606e-05,0.000000000000000000e+00,6.227578442029187665e-03,-1.975972868400484436e-07,-1.975972881810015490e-07,-1.975972844873297293e-07,-1.975972805555654185e-07
2.404962422462149103e-03,0.000000000000000000e+00,9.603980222790386425e-05,1.830315393772576370e-05,0.000000000000000000e+00,6.227578654752877023e-03,5.155747626881483688e-06,5.155747625758621237e-06,5.155747628268362919e-06,5.155747632166852388e-06
2.409962344338369752e-03,0.000000000000000000e+00,9.708008958062915473e-05,1.820484634204172096e-05,0.000000000000000000e+00,6.227578693372800255e-03,1.145932778196738744e-05,1.145932778106474847e-05,1.145932778349391021e-05,1.145932778734294312e-05
2.414962266214590401e-03,0.000000000000000000e+00,9.816549959124477691e-05,1.810678398869379447e-05,0.000000000000000000e+00,6.227578544818856802e-03,1.894347644306796610e-05,1.894347644238341779e-05,1.894347644335962665e-05,1.894347644714632471e-05
2.419962188090811050e-03,0.000000000000000000e+00,9.933610255310188733e-05,1.800896687768198422e-05,0.000000000000000000e+00,6.227578315079009864e-03,2.764427410379595722e-05,2.764427410332082595e-05,2.764427410387333876e-05,2.764427410759026164e-05
2.424962109967031699e-03,0.000000000000000000e+00,1.006092897914292957e-04,1.791139500900629361e-05,0.000000000000000000e+00,6.227578158566195003e-03,3.717366949554037095e-05,3.717366949525937963e-05,3.717366949378847642e-05,3.717366949743423498e-05
2.429962031843252348e-03,0.000000000000000000e+00,1.019718877414808070e-04,1.781406838266671924e-05,0.000000000000000000e+00,6.227578222860601607e-03,4.671032242693427784e-05,4.671032242682705024e-05,4.671032242388661941e-05,4.671032242746472375e-05
2.434961953719472997e-03,0.000000000000000000e+00,1.033842750179358858e-04,1.771698699866326788e-05,0.000000000000000000e+00,6.227578532693533488e-03,5.504665245294678723e-05,5.504665245299073808e-05,5.504665245080870667e-05,5.504665245432479464e-05
2.439961875595694080e-03,0.000000000000000000e+00,1.047934844850308811e-04,1.762015085699592939e-05,0.000000000000000000e+00,6.227578905460245083e-03,6.082637702199147033e-05,6.082637702216572194e-05,6.082637702356401749e-05,6.082637702702287314e-05
2.444961797471914729e-03,0.000000000000000000e+00,1.061487632402640817e-04,1.752355995766471052e-05,0.000000000000000000e+00,6.227579056813579463e-03,6.271426914227623810e-05,6.271426914256452746e-05,6.271426914595089742e-05,6.271426914935355752e-05
2.449961719348135378e-03,0.000000000000000000e+00,1.074101807742771020e-04,1.742721430066960451e-05,0.000000000000000000e+00,6.227578838793732495e-03,5.966209408099493313e-05,5.966209408138759728e-05,5.966209408272909418e-05,5.966209408607095087e-05
2.454961641224356027e-03,0.000000000000000000e+00,1.085485428322268867e-04,1.733111388601062152e-05,0.000000000000000000e+00,6.227578385271637616e-03,5.121537547112052068e-05,5.121537547161457128e-05,5.121537547189517636e-05,5.121537547516613977e-05
2.459961563100576676e-03,0.000000000000000000e+00,1.095413936733028191e-04,1.723525871368775138e-05,0.000000000000000000e+00,6.227578014249365683e-03,3.797431706780218184e-05,3.797431706839971954e-05,3.797431706603534565e-05,3.797431706922044703e-05
2.464961484976797325e-03,0.000000000000000000e+00,1.103676012290160448e-04,1.713964878370100766e-05,0.000000000000000000e+00,6.227577961510560173e-03,2.165681671927784384e-05,2.165681671998342229e-05,2.165681671943896306e-05,2.165681672252041471e-05
2.469961406853017974e-03,0.000000000000000000e+00,1.109988271429501310e-04,1.704428409605037340e-05,0.000000000000000000e+00,6.227578206633545450e-03,4.662455497291371359e-06,4.662455498108915701e-06,4.662455497862795032e-06,4.662455500822492474e-06
2.474961328729238623e-03,0.000000000000000000e+00,1.113916800177746117e-04,1.694916465073586216e-05,0.000000000000000000e+00,6.227578533501264973e-03,-1.061181955377201704e-05,-1.061181955284144462e-05,-1.061181955236277613e-05,-1.061181954954139748e-05
2.479961250605459272e-03,0.000000000000000000e+00,1.114883672102010085e-04,1.685429044775746038e-05,0.000000000000000000e+00,6.227578701912960153e-03,-2.236706345424262443e-05,-2.236706345320141088e-05,-2.236706345544954135e-05,-2.236706345278044906e-05
2.484961172481679921e-03,0.000000000000000000e+00,1.112293113990492756e-04,1.675966148711518163e-05,0.000000000000000000e+00,6.227578605203161997e-03,-2.990199700097057555e-05,-2.990199699982411306e-05,-2.990199700066793406e-05,-2.990199699816208196e-05
2.489961094357900570e-03,0.000000000000000000e+00,1.105714790106815794e-04,1.666527776880901573e-05,0.000000000000000000e+00,6.227578362407434898e-03,-3.370762095979983638e-05,-3.370762095855466407e-05,-3.370762095912941319e-05,-3.370762095679520723e-05
2.494961016234121219e-03,0.000000000000000000e+00,1.095057576103043961e-04,1.657113929283897624e-05,0.000000000000000000e+00,6.227578231371514068e-03,-3.511448065389480798e-05,-3.511448065255638751e-05,-3.511448065278533035e-05,-3.511448065062982801e-05
2.499960938110342302e-03,0.000000000000000000e+00,1.080683569074067011e-04,1.647724605920504961e-05,0.000000000000000000e+00,6.227578336045521377e-03,-3.580486292449315761e-05,-3.580486292306451796e-05,-3.580486292532047163e-05,-3.580486292335024589e-05
2.504960859986562951e-03,0.000000000000000000e+00,1.063405684091107831e-04,1.638359806790724260e-05,0.000000000000000000e+00,6.227578538058077366e-03,-3.737908373762247678e-05,-3.737908373610399743e-05,-3.737908373972248152e-05,-3.737908373794362424e-05
2.509960781862783600e-03,0.000000000000000000e+00,1.044334069515013679e-04,1.629019531894554846e-05,0.000000000000000000e+00,6.227578634655946827e-03,-4.091616074679053184e-05,-4.091616074518162325e-05,-4.091616074864394835e-05,-4.091616074706142653e-05
2.514960703739004249e-03,0.000000000000000000e+00,1.024671795995857663e-04,1.619703781231997394e-05,0.000000000000000000e+00,6.227578598810604507e-03,-4.663657710784067435e-05,-4.663657710614222421e-05,-4.663657710721734619e-05,-4.663657710583338245e-05
2.519960625615224898e-03,0.000000000000000000e+00,1.005547191941430415e-04,1.610412554803051567e-05,0.000000000000000000e+00,6.227578551176848193e-03,-5.397568521787126468e-05,-5.397568521608961557e-05,-5.397568521538969531e-05,-5.397568521420071177e-05
2.524960547491445547e-03,0.000000000000000000e+00,9.879024340160103348e-05,1.601145852607718041e-05,0.000000000000000000e+00,6.227578553603043722e-03,-6.178223641605990499e-05,-6.178223641421074397e-05,-6.178223641511564621e-05,-6.178223641410980475e-05
2.529960469367666196e-03,0.000000000000000000e+00,9.723996877062216252e-05,1.591903674645996140e-05,0.000000000000000000e+00,6.227578530992161805e-03,-6.864634234180615484e-05,-6.864634233991634979e-05,-6.864634234144080581e-05,-6.864634234059592771e-05
2.534960391243886845e-03,0.000000000000000000e+00,9.593724229287287162e-05,1.582686020917885864e-05,0.000000000000000000e+00,6.227578412159074338e-03,-7.331426600180296457e-05,-7.331426599991011021e-05,-7.331426600332752901e-05,-7.331426600261172519e-05
2.539960313120107494e-03,0.000000000000000000e+00,9.488072093607098645e-05,1.573492891423387211e-05,0.000000000000000000e+00,6.227578253536375161e-03,-7.503256197954403226e-05,-7.503256197769420717e-05,-7.503256198028523353e-05,-7.503256197965882217e-05
2.544960234996328143e-03,0.000000000000000000e+00,9.403662616200192024e-05,1.564324286162500183e-05,0.000000000000000000e+00,6.227578170630541053e-03,-7.362860727950942840e-05,-7.362860727775190958e-05,-7.362860728054244268e-05,-7.362860727996190663e-05
2.549960156872548792e-03,0.000000000000000000e+00,9.334368373417948044e-05,1.555180205135225119e-05,0.000000000000000000e+00,6.227578183744355775e-03,-6.956050279804960586e-05,-6.956050279643039057e-05,-6.956050279898230433e-05,-6.956050279840598311e-05
2.554960078748769441e-03,0.000000000000000000e+00,9.272240652466287494e-05,1.546060648341561678e-05,0.000000000000000000e+00,6.227578220097456860e-03,-6.369445180118876357e-05,-6.369445179974544654e-05,-6.369445180392664511e-05,-6.369445180331919374e-05
2.559960000624990524e-03,0.000000000000000000e+00,9.208535195895431447e-05,1.536965615781510540e-05,0.000000000000000000e+00,6.227578249424954755e-03,-5.690617518798734713e-05,-5.690617518674511571e-05,-5.690617518862723647e-05,-5.690617518796307455e-05
2.564959922501211173e-03,0.000000000000000000e+00,9.135012942403939525e-05,1.527895107455070687e-05,0.000000000000000000e+00,6.227578328891604162e-03,-4.988470645572780512e-05,-4.988470645469773174e-05,-4.988470645533417196e-05,-4.988470645459884572e-05
2.569959844377431822e-03,0.000000000000000000e+00,9.045247517274668432e-05,1.518849123362242628e-05,0.000000000000000000e+00,6.227578487576162711e-03,-4.319897095532547482e-05,-4.319897095450648205e-05,-4.319897095627903063e-05,-4.319897095546698353e-05
2.574959766253652471e-03,0.000000000000000000e+00,8.935810313121447259e-05,1.509827663503026532e-05,0.000000000000000000e+00,6.227578662408107639e-03,-3.718102914453239082e-05,-3.718102914391538491e-05,-3.718102914732667120e-05,-3.718102914643744246e-05
2.579959688129873120e-03,0.000000000000000000e+00,8.807005532625703274e-05,1.500830727877422229e-05,0.000000000000000000e+00,6.227578746385107472e-03,-3.196761620423416422e-05,-3.196761620380664975e-05,-3.196761620936214234e-05,-3.196761620839630794e-05
2.584959610006093769e-03,0.000000000000000000e+00,8.662986576944585384e-05,1.491858316485429552e-05,0.000000000000000000e+00,6.227578664076356511e-03,-2.778319843443857360e-05,-2.778319843419028792e-05,-2.778319844047382565e-05,-2.778319843942783822e-05
2.589959531882314418e-03,0.000000000000000000e+00,8.510727922574557651e-05,1.482910429327048498e-05,0.000000000000000000e+00,6.227578431916931147e-03,-2.494034944066565490e-05,-2.494034944059366388e-05,-2.494034944633732653e-05,-2.494034944519989003e-05
2.594959453758535067e-03,0.000000000000000000e+00,8.357891988645408320e-05,1.473987066402279238e-05,0.000000000000000000e+00,6.227578170547274326e-03,-2.367431788374018846e-05,-2.367431788385037050e-05,-2.367431788585815368e-05,-2.367431788460897321e-05
2.599959375634755716e-03,0.000000000000000000e+00,8.210589135522351875e-05,1.465088227711121772e-05,0.000000000000000000e+00,6.227578025309015407e-03,-2.422748488786193865e-05,-2.422748488816852053e-05,-2.422748489200329279e-05,-2.422748489061434850e-05
2.604959297510976365e-03,0.000000000000000000e+00,8.071755872463892212e-05,1.456213913253576269e-05,0.000000000000000000e+00,6.227578079680154075e-03,-2.693891457360948419e-05,-2.693891457413230341e-05,-2.693891457838168814e-05,-2.693891457681984748e-05
2.609959219387197014e-03,0.000000000000000000e+00,7.940652395890186494e-05,1.447364123029642560e-05,0.000000000000000000e+00,6.227578297135974786e-03,-3.192361219276872706e-05,-3.192361219352767536e-05,-3.192361219864424225e-05,-3.192361219687650482e-05
2.614959141263417663e-03,0.000000000000000000e+00,7.813691799599815880e-05,1.438538857039320475e-05,0.000000000000000000e+00,6.227578542047457373e-03,-3.877338867161322109e-05,-3.877338867262190858e-05,-3.877338867849339189e-05,-3.877338867649267974e-05
2.619959063139638313e-03,0.000000000000000000e+00,7.686580837925969373e-05,1.429738115282610015e-05,0.000000000000000000e+00,6.227578673004865485e-03,-4.655945068904905474e-05,-4.655945069031038844e-05,-4.655945069799510502e-05,-4.655945069574428098e-05
2.624958985015859395e-03,0.000000000000000000e+00,7.556244104496256096e-05,1.420961897759511348e-05,0.000000000000000000e+00,6.227578647859583795e-03,-5.395643789127550267e-05,-5.395643789277965023e-05,-5.395643789955334560e-05,-5.395643789704750366e-05
2.629958906892080044e-03,0.000000000000000000e+00,7.421921621949520475e-05,1.412210204470024306e-05,0.000000000000000000e+00,6.227578522813656189e-03,-5.944819125792367358e-05,-5.944819125964732464e-05,-5.944819126560252869e-05,-5.944819126285011884e-05
2.634958828768300693e-03,0.000000000000000000e+00,7.285228149041982678e-05,1.403483035414149396e-05,0.000000000000000000e+00,6.227578390913961030e-03,-6.186629946857287151e-05,-6.186629947048269363e-05,-6.186629947786166520e-05,-6.186629947488197947e-05
2.639958750644521342e-03,0.000000000000000000e+00,7.149706065056381861e-05,1.394780390591886280e-05,0.000000000000000000e+00,6.227578320223539632e-03,-6.085627571922176096e-05,-6.085627572127939373e-05,-6.085627572601470093e-05,-6.085627572283352978e-05
2.644958672520741991e-03,0.000000000000000000e+00,7.019489084686564848e-05,1.386102270003234788e-05,0.000000000000000000e+00,6.227578309986599864e-03,-5.697304969834716780e-05,-5.697304970051448794e-05,-5.697304970535628412e-05,-5.697304970200145089e-05
2.649958594396962640e-03,0.000000000000000000e+00,6.898129002511370258e-05,1.377448673648194921e-05,0.000000000000000000e+00,6.227578312501726859e-03,-5.136468671538997469e-05,-5.136468671763421898e-05,-5.136468672389005874e-05,-5.136468672038653396e-05
2.654958516273183289e-03,0.000000000000000000e+00,6.787807543415613049e-05,1.368819601526766678e-05,0.000000000000000000e+00,6.227578332853089815e-03,-4.527541564515862060e-05,-4.527541564745650579e-05,-4.527541565601572629e-05,-4.527541565238169744e-05
2.659958438149403939e-03,0.000000000000000000e+00,6.689250914962209017e-05,1.360215053638950229e-05,0.000000000000000000e+00,6.227578419112518235e-03,-3.948780240156883733e-05,-3.948780240390878957e-05,-3.948780241182689422e-05,-3.948780240807150927e-05
2.664958360025624588e-03,0.000000000000000000e+00,6.601904379487737152e-05,1.351635029984745912e-05,0.000000000000000000e+00,6.227578567567894699e-03,-3.417035711076719278e-05,-3.417035711314904943e-05,-3.417035712280852507e-05,-3.417035711893200763e-05
2.669958281901845237e-03,0.000000000000000000e+00,6.524967416254983939e-05,1.343079530564153389e-05,0.000000000000000000e+00,6.227578716697599812e-03,-2.916155972913055187e-05,-2.916155973156496522e-05,-2.916155973801895648e-05,-2.916155973401308695e-05
2.674958203778065886e-03,0.000000000000000000e+00,6.458502303967069531e-05,1.334548555377172490e-05,0.000000000000000000e+00,6.227578818020399788e-03,-2.420719111035849592e-05,-2.420719111286414135e-05,-2.420719111725156195e-05,-2.420719111310238122e-05
2.679958125654286535e-03,0.000000000000000000e+00,6.403861520669305580e-05,1.326042104423803216e-05,0.000000000000000000e+00,6.227578838223932212e-03,-1.904975511375283720e-05,-1.904975511635370269e-05,-1.904975512149209254e-05,-1.904975511718208397e-05
2.684958047530507617e-03,0.000000000000000000e+00,6.363020593845908801e-05,1.317560177704045736e-05,0.000000000000000000e+00,6.227578759387809686e-03,-1.346741183194103523e-05,-1.346741183466429189e-05,-1.346741184362623929e-05,-1.346741183913571953e-05
2.689957969406728266e-03,0.000000000000000000e+00,6.337603314268855598e-05,1.309102775217899879e-05,0.000000000000000000e+00,6.227578604986182785e-03,-7.195934175658627395e-06,-7.195934178532596633e-06,-7.195934187096594397e-06,-7.195934182404821304e-06
2.694957891282948916e-03,0.000000000000000000e+00,6.328066084499041474e-05,1.300669896965365986e-05,0.000000000000000000e+00,6.227578429527281037e-03,4.058822194413810153e-08,4.058821889114336843e-08,4.058820974369236972e-08,4.058821465848584968e-08
2.699957813159169565e-03,0.000000000000000000e+00,6.333667973494906396e-05,1.292261542946444057e-05,0.000000000000000000e+00,6.227578259509976982e-03,8.135556068413794193e-06,8.135556065153879475e-06,8.135556057142367422e-06,8.135556062303076589e-06
2.704957735035390214e-03,0.000000000000000000e+00,6.353427551947651516e-05,1.283877713161133751e-05,0.000000000000000000e+00,6.227578083178075645e-03,1.632586993490125262e-05,1.632586993140805486e-05,1.632586992468541864e-05,1.632586993011592982e-05
2.709957656911610863e-03,0.000000000000000000e+00,6.387304383191429766e-05,1.275518407609435070e-05,0.000000000000000000e+00,6.227577914263402598e-03,2.341764924748350300e-05,2.341764924373276657e-05,2.341764923598793776e-05,2.341764924171227451e-05
2.714957578787831512e-03,0.000000000000000000e+00,6.436799559907695125e-05,1.267183626291348183e-05,0.000000000000000000e+00,6.227577859195232955e-03,2.826247122212802060e-05,2.826247121809920325e-05,2.826247121014072223e-05,2.826247121618165618e-05
2.719957500664052161e-03,0.000000000000000000e+00,6.504300430845395083e-05,1.258873369206872920e-05,0.000000000000000000e+00,6.227578024043317791e-03,3.010867486915893941e-05,3.010867486483686232e-05,3.010867485945307347e-05,3.010867486582972723e-05
2.724957422540272810e-03,0.000000000000000000e+00,6.591599117583081850e-05,1.250587636356009450e-05,0.000000000000000000e+00,6.227578358948605321e-03,2.885844650463802231e-05,2.885844650001443199e-05,2.885844649661877854e-05,2.885844650334468771e-05
2.729957344416493459e-03,0.000000000000000000e+00,6.698110942282125549e-05,1.242326427738758114e-05,0.000000000000000000e+00,6.227578660957412172e-03,2.493082328137506649e-05,2.493082327644946826e-05,2.493082327006781361e-05,2.493082327714936819e-05
2.734957266292714108e-03,0.000000000000000000e+00,6.820144555955182542e-05,1.234089743355118401e-05,0.000000000000000000e+00,6.227578761817204045e-03,1.886199346131188419e-05,1.886199345609199961e-05,1.886199344735234754e-05,1.886199345478759937e-05
2.739957188168934757e-03,0.000000000000000000e+00,6.951098549008937171e-05,1.225877583205090313e-05,0.000000000000000000e+00,6.227578666729694130e-03,1.115471437886422726e-05,1.115471437336350382e-05,1.115471436283349346e-05,1.115471437061404504e-05
2.744957110045155406e-03,0.000000000000000000e+00,7.082687617223532592e-05,1.217689947288674019e-05,0.000000000000000000e+00,6.227578516634311827e-03,2.510034709546717541e-06,2.510034703781480959e-06,2.510034695573569070e-06,2.510034703686711525e-06
2.749957031921376489e-03,0.000000000000000000e+00,7.206493042449305911e-05,1.209526835605869349e-05,0.000000000000000000e+00,6.227578429735304739e-03,-6.020611028467060942e-06,-6.020611034481318435e-06,-6.020611038933909752e-06,-6.020611030501739114e-06
2.754956953797597138e-03,0.000000000000000000e+00,7.315820978236325391e-05,1.201388248156676304e-05,0.000000000000000000e+00,6.227578409645650841e-03,-1.310245063789949806e-05,-1.310245064415276961e-05,-1.310245064776546339e-05,-1.310245063902437814e-05
2.759956875673817787e-03,0.000000000000000000e+00,7.406928343774895067e-05,1.193274184941095560e-05,0.000000000000000000e+00,6.227578384719586156e-03,-1.734490697044288666e-05,-1.734490697693289376e-05,-1.734490698349709078e-05,-1.734490697445123292e-05
2.764956797550038436e-03,0.000000000000000000e+00,7.479810840248968696e-05,1.185184645959126441e-05,0.000000000000000000e+00,6.227578333093598817e-03,-1.774408298374787236e-05,-1.774408299047979884e-05,-1.774408299912699218e-05,-1.774408298977387820e-05
2.769956719426259085e-03,0.000000000000000000e+00,7.538157583717089015e-05,1.177119631210768946e-05,0.000000000000000000e+00,6.227578316839005659e-03,-1.415926738238479749e-05,-1.415926738936945150e-05,-1.415926739729796280e-05,-1.415926738762927144e-05
2.774956641302479734e-03,0.000000000000000000e+00,7.588584171833618079e-05,1.169079140696023075e-05,0.000000000000000000e+00,6.227578385218050273e-03,-7.413444458134694492e-06,-7.413444465384525720e-06,-7.413444473701098384e-06,-7.413444463706070643e-06
2.779956563178700383e-03,0.000000000000000000e+00,7.638675693441107531e-05,1.161063174414888998e-05,0.000000000000000000e+00,6.227578471472418505e-03,9.639470642944200131e-07,9.639470567709852841e-07,9.639470499715130033e-07,9.639470603008053564e-07
2.784956485054921032e-03,0.000000000000000000e+00,7.694577832177076514e-05,1.153071732367366546e-05,0.000000000000000000e+00,6.227578450562829340e-03,9.152791063643184451e-06,9.152791055845682048e-06,9.152791047749019466e-06,9.152791058413443793e-06
2.789956406931141681e-03,0.000000000000000000e+00,7.759038062513742720e-05,1.145104814553456395e-05,0.000000000000000000e+00,6.227578304306604327e-03,1.557917105575934089e-05,1.557917104769846036e-05,1.557917104110960791e-05,1.557917105209878636e-05
2.794956328807362330e-03,0.000000000000000000e+00,7.830641559279405721e-05,1.137162420973157869e-05,0.000000000000000000e+00,6.227578181615508329e-03,1.926264905309341247e-05,1.926264904479269287e-05,1.926264903996085441e-05,1.926264905125067874e-05
2.799956250683582979e-03,0.000000000000000000e+00,7.904194705790455614e-05,1.129244551626470967e-05,0.000000000000000000e+00,6.227578246648894124e-03,1.999454791424465076e-05,1.999454790573843081e-05,1.999454790371067120e-05,1.999454791526411590e-05
2.804956172559803628e-03,0.000000000000000000e+00,7.972090013992128889e-05,1.121351206513395859e-05,0.000000000000000000e+00,6.227578493701342068e-03,1.839442535391811720e-05,1.839442534524803025e-05,1.839442533958351097e-05,1.839442535135372156e-05
2.809956094436024711e-03,0.000000000000000000e+00,8.026492346874312782e-05,1.113482385633932376e-05,0.000000000000000000e+00,6.227578739700215249e-03,1.573276127714539870e-05,1.573276126835590721e-05,1.573276126103824728e-05,1.573276127297321256e-05
2.814956016312245360e-03,0.000000000000000000e+00,8.061520782085712135e-05,1.105638088988080516e-05,0.000000000000000000e+00,6.227578804359890433e-03,1.342743772711550536e-05,1.342743771824734315e-05,1.342743771066660494e-05,1.342743772271574518e-05
2.819955938188466009e-03,0.000000000000000000e+00,8.075026664407849173e-05,1.097818316575840790e-05,0.000000000000000000e+00,6.227578666952296449e-03,1.262113482640249743e-05,1.262113481748739096e-05,1.262113481218664522e-05,1.262113482430674649e-05
2.824955860064686658e-03,0.000000000000000000e+00,8.069602253761169785e-05,1.090023068397212856e-05,0.000000000000000000e+00,6.227578472447251566e-03,1.391406577267938420e-05,1.391406576373721164e-05,1.391406575940839216e-05,1.391406577156723841e-05
2.829955781940907307e-03,0.000000000000000000e+00,8.052850007826807359e-05,1.082252344452196548e-05,0.000000000000000000e+00,6.227578382593281815e-03,1.722749670813384152e-05,1.722749669917161968e-05,1.722749669469138121e-05,1.722749670686960080e-05
2.834955703817127956e-03,0.000000000000000000e+00,8.036028019881321760e-05,1.074506144740791863e-05,0.000000000000000000e+00,6.227578413807369553e-03,2.195556223567262952e-05,2.195556222668599620e-05,2.195556221965474182e-05,2.195556223184449800e-05
2.839955625693348605e-03,0.000000000000000000e+00,8.031412730436631191e-05,1.066784469262998634e-05,0.000000000000000000e+00,6.227578454950162719e-03,2.739522168086588172e-05,2.739522167184350700e-05,2.739522166376538427e-05,2.739522167596652796e-05
2.844955547569569254e-03,0.000000000000000000e+00,8.048868328658731019e-05,1.059087318018817029e-05,0.000000000000000000e+00,6.227578431267248582e-03,3.302318323994097389e-05,3.302318323086872248e-05,3.302318322562547334e-05,3.302318323784156546e-05
2.849955469445789903e-03,0.000000000000000000e+00,8.093129815953296695e-05,1.051414691008247218e-05,0.000000000000000000e+00,6.227578388847623478e-03,3.864655203267401028e-05,3.864655202353842791e-05,3.864655201822421096e-05,3.864655203045852446e-05
2.854955391322010552e-03,0.000000000000000000e+00,8.162342128547970122e-05,1.043766588231289370e-05,0.000000000000000000e+00,6.227578416872806347e-03,4.436998824476552265e-05,4.436998823555742748e-05,4.436998823019658306e-05,4.436998824244783721e-05
2.859955313198231201e-03,0.000000000000000000e+00,8.248707562637329880e-05,1.036143009687943146e-05,0.000000000000000000e+00,6.227578522815305911e-03,5.032479274594983898e-05,5.032479273666488743e-05,5.032479272909202663e-05,5.032479274135328933e-05
2.864955235074451850e-03,0.000000000000000000e+00,8.340652228304611050e-05,1.028543955378208546e-05,0.000000000000000000e+00,6.227578609950211105e-03,5.635330300295837729e-05,5.635330299359621699e-05,5.635330298767014410e-05,5.635330299992885215e-05
2.869955156950672933e-03,0.000000000000000000e+00,8.425749697292161304e-05,1.020969425302085571e-05,0.000000000000000000e+00,6.227578588310264326e-03,6.192392175787727053e-05,6.192392174843975141e-05,6.192392174320343438e-05,6.192392175544265390e-05
2.874955078826893582e-03,0.000000000000000000e+00,8.493152529937867908e-05,1.013419419459574220e-05,0.000000000000000000e+00,6.227578460529009131e-03,6.634885040658058605e-05,6.634885039706934118e-05,6.634885039404382081e-05,6.634885040624517456e-05
2.879955000703114231e-03,0.000000000000000000e+00,8.535134024141211484e-05,1.005893937850674494e-05,0.000000000000000000e+00,6.227578287650898867e-03,6.916307480275639798e-05,6.916307479317039737e-05,6.916307478784596181e-05,6.916307479999245493e-05
2.884954922579334880e-03,0.000000000000000000e+00,8.547629350935761247e-05,9.983929804753867307e-06,0.000000000000000000e+00,6.227578163040958445e-03,7.045929622830902396e-05,7.045929621864424250e-05,7.045929621241575852e-05,7.045929622449349967e-05
2.889954844455555529e-03,0.000000000000000000e+00,8.530213624591461970e-05,9.909165473337107612e-06,0.000000000000000000e+00,6.227578178192077520e-03,7.087479318229581728e-05,7.087479317254531609e-05,7.087479316660714079e-05,7.087479317860649413e-05
2.894954766331776178e-03,0.000000000000000000e+00,8.485857191536598347e-05,9.834646384256464161e-06,0.000000000000000000e+00,6.227578307093041207e-03,7.123806630523416895e-05,7.123806629539019598e-05,7.123806628982733082e-05,7.123806630174162849e-05
2.899954688207996827e-03,0.000000000000000000e+00,8.420386869986580525e-05,9.760372537511936952e-06,0.000000000000000000e+00,6.227578399675148986e-03,7.216904647714108482e-05,7.216904646719819196e-05,7.216904646199633901e-05,7.216904647381975344e-05
2.904954610084217476e-03,0.000000000000000000e+00,8.341569643455741664e-05,9.686343933103525988e-06,0.000000000000000000e+00,6.227578357407856889e-03,7.386837927480630918e-05,7.386837926476362906e-05,7.386837925934985525e-05,7.386837927107476991e-05
2.909954531960438125e-03,0.000000000000000000e+00,8.257812875145553635e-05,9.612560571031231266e-06,0.000000000000000000e+00,6.227578256920735661e-03,7.611062408286565508e-05,7.611062407272858161e-05,7.611062406702356399e-05,7.611062407863795779e-05
2.914954453836658774e-03,0.000000000000000000e+00,8.177278135118461568e-05,9.539022451295054483e-06,0.000000000000000000e+00,6.227578262375453068e-03,7.835742534469107730e-05,7.835742533447131986e-05,7.835742532824343219e-05,7.835742533973040513e-05
2.919954375712879423e-03,0.000000000000000000e+00,8.107332888747442528e-05,9.465729573894995637e-06,0.000000000000000000e+00,6.227578429895889826e-03,7.981480951880973835e-05,7.981480950852324827e-05,7.981480950544576750e-05,7.981480951678448935e-05
2.924954297589100072e-03,0.000000000000000000e+00,8.054343690935677482e-05,9.392681938831053034e-06,0.000000000000000000e+00,6.227578630982134704e-03,7.953132093336891836e-05,7.953132092303260919e-05,7.953132091846815870e-05,7.953132092963595607e-05
2.929954219465320722e-03,0.000000000000000000e+00,8.023427052343838541e-05,9.319879546103226675e-06,0.000000000000000000e+00,6.227578696677131022e-03,7.657546508470195628e-05,7.657546507433142698e-05,7.657546506897891059e-05,7.657546507995435694e-05
2.934954141341541804e-03,0.000000000000000000e+00,8.018546287564102019e-05,9.247322395711516559e-06,0.000000000000000000e+00,6.227578591502578795e-03,7.033418024193549339e-05,7.033418023154174861e-05,7.033418022567752945e-05,7.033418023644303360e-05
2.939954063217762453e-03,0.000000000000000000e+00,8.042059309699631231e-05,9.175010487655922687e-06,0.000000000000000000e+00,6.227578407624299872e-03,6.075429086242388287e-05,6.075429085201260789e-05,6.075429084706361122e-05,6.075429085760689459e-05
2.944953985093983102e-03,0.000000000000000000e+00,8.094046460957349145e-05,9.102943821936445058e-06,0.000000000000000000e+00,6.227578265064137412e-03,4.838531014228085372e-05,4.838531013185290235e-05,4.838531012566339544e-05,4.838531013597730229e-05
2.949953906970203751e-03,0.000000000000000000e+00,8.171943647951046151e-05,9.031122398553088754e-06,0.000000000000000000e+00,6.227578242193335806e-03,3.410759369998523515e-05,3.410759368953967228e-05,3.410759368545624164e-05,3.410759369553631318e-05
2.954953828846424400e-03,0.000000000000000000e+00,8.270936483083215411e-05,8.959546217505848695e-06,0.000000000000000000e+00,6.227578339275927771e-03,1.875580610320012664e-05,1.875580609273812456e-05,1.875580609068315486e-05,1.875580610052410900e-05
2.959953750722645049e-03,0.000000000000000000e+00,8.384331430264559950e-05,8.888215278794724878e-06,0.000000000000000000e+00,6.227578481730753485e-03,3.036586190756522347e-06,3.036586180285795820e-06,3.036586176702233202e-06,3.036586186293343117e-06
2.964953672598865698e-03,0.000000000000000000e+00,8.504336372053412473e-05,8.817129582419717306e-06,0.000000000000000000e+00,6.227578573692570986e-03,-1.221622482137411261e-05,-1.221622483183564374e-05,-1.221622483435432332e-05,-1.221622482503242758e-05
2.969953594475086348e-03,0.000000000000000000e+00,8.623095634089386575e-05,8.746289128380825976e-06,0.000000000000000000e+00,6.227578562070767640e-03,-2.592089396891909640e-05,-2.592089397934115242e-05,-2.592089398349125472e-05,-2.592089397446915782e-05
2.974953516351306997e-03,0.000000000000000000e+00,8.733569583849987400e-05,8.675693916678050890e-06,0.000000000000000000e+00,6.227578471852233608e-03,-3.680303261899684533e-05,-3.680303262933747098e-05,-3.680303263366240088e-05,-3.680303262498193270e-05
2.979953438227527646e-03,0.000000000000000000e+00,8.830146522495512440e-05,8.605343947311393742e-06,0.000000000000000000e+00,6.227578369033411575e-03,-4.356617780508456226e-05,-4.356617781529312531e-05,-4.356617782027424147e-05,-4.356617781198647132e-05
2.984953360103748295e-03,0.000000000000000000e+00,8.909292580110689925e-05,8.535239220280856225e-06,0.000000000000000000e+00,6.227578277843781943e-03,-4.521511679884463022e-05,-4.521511680886654110e-05,-4.521511680928748259e-05,-4.521511680144916167e-05
2.989953281979968944e-03,0.000000000000000000e+00,8.969889131356801725e-05,8.465379735586434952e-06,0.000000000000000000e+00,6.227578172521945621e-03,-4.149307997659201021e-05,-4.149307998637440727e-05,-4.149307998819070341e-05,-4.149307998085904371e-05
2.994953203856190026e-03,0.000000000000000000e+00,9.013234211236827089e-05,8.395765493228129922e-06,0.000000000000000000e+00,6.227578063435359502e-03,-3.305641334080292677e-05,-3.305641335030011767e-05,-3.305641335122218419e-05,-3.305641334444991183e-05
2.999953125732410675e-03,0.000000000000000000e+00,9.043171284933000881e-05,8.326396493205939442e-06,0.000000000000000000e+00,6.227578025918223403e-03,-2.130453811296732018e-05,-2.130453812214428859e-05,-2.130453812383741597e-05,-2.130453811766847840e-05
3.004953047608631325e-03,0.000000000000000000e+00,9.065453172311761982e-05,8.257272735519865205e-06,0.000000000000000000e+00,6.227578137588328858e-03,-7.993881212420428039e-06,-7.993881221255288305e-06,-7.993881222482801676e-06,-7.993881216948818641e-06
3.009952969484851974e-03,0.000000000000000000e+00,9.086209893830776740e-05,8.188394220169907211e-06,0.000000000000000000e+00,6.227578391921428577e-03,5.137002903446802419e-06,5.137002894962730684e-06,5.137002892471435685e-06,5.137002897352813715e-06
3.014952891361072623e-03,0.000000000000000000e+00,9.110515444266185491e-05,8.119760947156070543e-06,0.000000000000000000e+00,6.227578682526797339e-03,1.665072930732752667e-05,1.665072929919239185e-05,1.665072929766061747e-05,1.665072930188463525e-05
3.019952813237293272e-03,0.000000000000000000e+00,9.141902695696808411e-05,8.051372916478350119e-06,0.000000000000000000e+00,6.227578875410642520e-03,2.556888722769745840e-05,2.556888721990131295e-05,2.556888721794761113e-05,2.556888722152085688e-05
3.024952735113513921e-03,0.000000000000000000e+00,9.181828666223768325e-05,7.983230128136745938e-06,0.000000000000000000e+00,6.227578894328486374e-03,3.149933274527138405e-05,3.149933273779942182e-05,3.149933273654631450e-05,3.149933273948363503e-05
3.029952656989734570e-03,0.000000000000000000e+00,9.229715418552137979e-05,7.915332582131258000e-06,0.000000000000000000e+00,6.227578738030324461e-03,3.447712137404875991e-05,3.447712136688457557e-05,3.447712136910499451e-05,3.447712137142623748e-05
3.034952578865955219e-03,0.000000000000000000e+00,9.283769022434543085e-05,7.847680278461886306e-06,0.000000000000000000e+00,6.227578486283730404e-03,3.472133111758787902e-05,3.472133111071472165e-05,3.472133111307345091e-05,3.472133111480099832e-05
3.039952500742175868e-03,0.000000000000000000e+00,9.341657950988533862e-05,7.780273217128630856e-06,0.000000000000000000e+00,6.227578289905612643e-03,3.262989164801445813e-05,3.262989164141632896e-05,3.262989164195924320e-05,3.262989164311624955e-05
3.044952422618396517e-03,0.000000000000000000e+00,9.400011008671960123e-05,7.713111398131495037e-06,0.000000000000000000e+00,6.227578271582919454e-03,2.890117432281943765e-05,2.890117431648145602e-05,2.890117431538334896e-05,2.890117431599243341e-05
3.049952344494617166e-03,0.000000000000000000e+00,9.454357107011504406e-05,7.646194821470477155e-06,0.000000000000000000e+00,6.227578402594637422e-03,2.436987239098228572e-05,2.436987238489117015e-05,2.436987238526817435e-05,2.436987238535111581e-05
3.054952266370838249e-03,0.000000000000000000e+00,9.499665859675415563e-05,7.579523487145574670e-06,0.000000000000000000e+00,6.227578520943208816e-03,1.967854318755599390e-05,1.967854318170074991e-05,1.967854318323910743e-05,1.967854318281571293e-05
3.059952188247058898e-03,0.000000000000000000e+00,9.530677112703334715e-05,7.513097395156789276e-06,0.000000000000000000e+00,6.227578484406043162e-03,1.515435375011702465e-05,1.515435374448966301e-05,1.515435374901599024e-05,1.515435374810375609e-05
3.064952110123279547e-03,0.000000000000000000e+00,9.541896078551451599e-05,7.446916545504119278e-06,0.000000000000000000e+00,6.227578312856894144e-03,1.085757956032689415e-05,1.085757955492442992e-05,1.085757955872803137e-05,1.085757955734122837e-05
3.069952031999500196e-03,0.000000000000000000e+00,9.528066689554508999e-05,7.380980938187567217e-06,0.000000000000000000e+00,6.227578156481812857e-03,6.503567478566794484e-06,6.503567473392539566e-06,6.503567474923267015e-06,6.503567473071829175e-06
3.074951953875720845e-03,0.000000000000000000e+00,9.484719340121260166e-05,7.315290573207132247e-06,0.000000000000000000e+00,6.227578137810324890e-03,1.534166233267808392e-06,1.534166228332255828e-06,1.534166229551861299e-06,1.534166227241094433e-06
3.079951875751941494e-03,0.000000000000000000e+00,9.408677218092691369e-05,7.249845450562813520e-06,0.000000000000000000e+00,6.227578254477931022e-03,-4.449607465874305722e-06,-4.449607470553397037e-06,-4.449607467074456540e-06,-4.449607469843122642e-06
3.084951797628162143e-03,0.000000000000000000e+00,9.298969870638289898e-05,7.184645570254611884e-06,0.000000000000000000e+00,6.227578448867113724e-03,-1.139747777472466272e-05,-1.139747777912312863e-05,-1.139747777518412388e-05,-1.139747777841255100e-05
3.089951719504382792e-03,0.000000000000000000e+00,9.157715674330099058e-05,7.119690932282528186e-06,0.000000000000000000e+00,6.227578670049972211e-03,-1.900811051411239956e-05,-1.900811051820191529e-05,-1.900811051485442753e-05,-1.900811051854477728e-05
3.094951641380603441e-03,0.000000000000000000e+00,8.990355145599364492e-05,7.054981536646560730e-06,0.000000000000000000e+00,6.227578816030576551e-03,-2.695267393306301722e-05,-2.695267393681464812e-05,-2.695267393263555357e-05,-2.695267393678750241e-05
3.099951563256824090e-03,0.000000000000000000e+00,8.805073505498417768e-05,6.990517383346710366e-06,0.000000000000000000e+00,6.227578746311340958e-03,-3.473687639702867299e-05,-3.473687640041649307e-05,-3.473687639748079207e-05,-3.473687640208854288e-05
3.104951485133044739e-03,0.000000000000000000e+00,8.611668538425770335e-05,6.926298472382977092e-06,0.000000000000000000e+00,6.227578444096409926e-03,-4.171401297435649389e-05,-4.171401297736051996e-05,-4.171401297239210929e-05,-4.171401297744214005e-05
3.109951407009265388e-03,0.000000000000000000e+00,8.420036445021334879e-05,6.862324803755360061e-06,0.000000000000000000e+00,6.227578088478346284e-03,-4.721630033456777919e-05,-4.721630033717619343e-05,-4.721630033282156317e-05,-4.721630033829141734e-05
3.114951328885486037e-03,0.000000000000000000e+00,8.239518816347132183e-05,6.798596377463859274e-06,0.000000000000000000e+00,6.227577908843402212e-03,-5.060719808679600153e-05,-5.060719808900427741e-05,-5.060719808440435996e-05,-5.060719809026454724e-05
3.119951250761707120e-03,0.000000000000000000e+00,8.078882305600847916e-05,6.735113193508477271e-06,0.000000000000000000e+00,6.227577971584478435e-03,-5.131165704622149125e-05,-5.131165704802902568e-05,-5.131165704519771980e-05,-5.131165705141494841e-05
3.124951172637927769e-03,0.000000000000000000e+00,7.946027645890720069e-05,6.671875251889211512e-06,0.000000000000000000e+00,6.227578160597847627e-03,-4.909502589867428119e-05,-4.909502590008003739e-05,-4.909502589414724923e-05,-4.909502590068982658e-05
3.129951094514148418e-03,0.000000000000000000e+00,7.846956000999205693e-05,6.608882552606061996e-06,0.000000000000000000e+00,6.227578355227370195e-03,-4.427241813425688622e-05,-4.427241813525333578e-05,-4.427241812952177553e-05,-4.427241813636474465e-05
3.134951016390369067e-03,0.000000000000000000e+00,7.785098558392857893e-05,6.546135095659030418e-06,0.000000000000000000e+00,6.227578525852664471e-03,-3.770710724261482310e-05,-3.770710724318347359e-05,-3.770710723783627657e-05,-3.770710724496754182e-05
3.139950938266589716e-03,0.000000000000000000e+00,7.760562279362949315e-05,6.483632881048115930e-06,0.000000000000000000e+00,6.227578654159029135e-03,-3.057202681493853937e-05,-3.057202681504674952e-05,-3.057202681102754431e-05,-3.057202681845032442e-05
3.144950860142810365e-03,0.000000000000000000e+00,7.769433323943023678e-05,6.421375908773316839e-06,0.000000000000000000e+00,6.227578719332440942e-03,-2.416743248762055990e-05,-2.416743248722280001e-05,-2.416743248395267685e-05,-2.416743249168549134e-05
3.149950782019031014e-03,0.000000000000000000e+00,7.804206272348947052e-05,6.359364178834635685e-06,0.000000000000000000e+00,6.227578771549784238e-03,-1.968835051770378888e-05,-1.968835051674525590e-05,-1.968835051201800568e-05,-1.968835052009159847e-05
3.154950703895251663e-03,0.000000000000000000e+00,7.855920417261626416e-05,6.297597691232071622e-06,0.000000000000000000e+00,6.227578878018951054e-03,-1.803222064901700817e-05,-1.803222064744002256e-05,-1.803222064144505200e-05,-1.803222064989668915e-05
3.159950625771472312e-03,0.000000000000000000e+00,7.916327053310857052e-05,6.236076445965623802e-06,0.000000000000000000e+00,6.227578982889839937e-03,-1.949574879562943319e-05,-1.949574879338106893e-05,-1.949574878806087532e-05,-1.949574879692613221e-05
3.164950547647692961e-03,0.000000000000000000e+00,7.979487391216919488e-05,6.174800443035293073e-06,0.000000000000000000e+00,6.227578934935452948e-03,-2.368207809559063064e-05,-2.368207809263098233e-05,-2.368207809027152801e-05,-2.368207809957640177e-05
3.169950469523913610e-03,0.000000000000000000e+00,8.043143036998192373e-05,6.113769682441080281e-06,0.000000000000000000e+00,6.227578706990835773e-03,-2.968188219834834183e-05,-2.968188219465561699e-05,-2.968188219121184191e-05,-2.968188220096669346e-05
3.174950391400134259e-03,0.000000000000000000e+00,8.109468900310393992e-05,6.052984164182983732e-06,0.000000000000000000e+00,6.227578481243941505e-03,-3.634693821694193601e-05,-3.634693821251640570e-05,-3.634693820895306006e-05,-3.634693821914880920e-05
3.179950313276355342e-03,0.000000000000000000e+00,8.184222122404818814e-05,5.992443888261003428e-06,0.000000000000000000e+00,6.227578432064675810e-03,-4.235728095500350567e-05,-4.235728094986745702e-05,-4.235728094469481654e-05,-4.235728095530202718e-05
3.184950235152575991e-03,0.000000000000000000e+00,8.274529928409637448e-05,5.932148854675141060e-06,0.000000000000000000e+00,6.227578510767738107e-03,-4.641313672379065259e-05,-4.641313671798441792e-05,-4.641313671423576181e-05,-4.641313672520868062e-05
3.189950157028796640e-03,0.000000000000000000e+00,8.386234130115842803e-05,5.872099063425394936e-06,0.000000000000000000e+00,6.227578513323906925e-03,-4.762151688057624660e-05,-4.762151687415205057e-05,-4.762151687102845056e-05,-4.762151688231086843e-05
3.194950078905017289e-03,0.000000000000000000e+00,8.521304489787640403e-05,5.812294514511765056e-06,0.000000000000000000e+00,6.227578301514027394e-03,-4.568236658065871910e-05,-4.568236657367347555e-05,-4.568236657216059339e-05,-4.568236658369284533e-05
3.199950000781237938e-03,0.000000000000000000e+00,8.676044573301687805e-05,5.752735207934253960e-06,0.000000000000000000e+00,6.227577942491917609e-03,-4.072136394668175030e-05,-4.072136393918915435e-05,-4.072136393488234418e-05,-4.072136394660857343e-05
3.204949922657458587e-03,0.000000000000000000e+00,8.840773911015237653e-05,5.693421143692859108e-06,0.000000000000000000e+00,6.227577676099695959e-03,-3.327404807875477025e-05,-3.327404807079972142e-05,-3.327404806639911421e-05,-3.327404807827293726e-05
3.209949844533679236e-03,0.000000000000000000e+00,9.001669478734935766e-05,5.634352321787580499e-06,0.000000000000000000e+00,6.227577722269690003e-03,-2.436560229837733178e-05,-2.436560228999275592e-05,-2.436560228635264877e-05,-2.436560229833992342e-05
3.214949766409899885e-03,0.000000000000000000e+00,9.144088872899684044e-05,5.575528742218419827e-06,0.000000000000000000e+00,6.227578072180042432e-03,-1.528997420048523102e-05,-1.528997419169154503e-05,-1.528997418916210814e-05,-1.528997420124148914e-05
3.219949688286120534e-03,0.000000000000000000e+00,9.256097607501209733e-05,5.516950404985376246e-06,0.000000000000000000e+00,6.227578468491564226e-03,-7.290319349758344459e-06,-7.290319340565731357e-06,-7.290319337944321934e-06,-7.290319350105224779e-06
3.224949610162341183e-03,0.000000000000000000e+00,9.330717500108552860e-05,5.458617310088448062e-06,0.000000000000000000e+00,6.227578635189610218e-03,-1.425819711858375568e-06,-1.425819702270552140e-06,-1.425819699190045777e-06,-1.425819711429292394e-06
3.229949532038561832e-03,0.000000000000000000e+00,9.366835044138599139e-05,5.400529457527636968e-06,0.000000000000000000e+00,6.227578556878588488e-03,1.543858901215505979e-06,1.543858911196782988e-06,1.543858914686250410e-06,1.543858902369273274e-06
3.234949453914782481e-03,0.000000000000000000e+00,9.368904825354479966e-05,5.342686847302943811e-06,0.000000000000000000e+00,6.227578448411021095e-03,1.518631238550792681e-06,1.518631248921852229e-06,1.518631252138747837e-06,1.518631239745632603e-06
3.239949375791003564e-03,0.000000000000000000e+00,9.345822182279392367e-05,5.285089479414366898e-06,0.000000000000000000e+00,6.227578435228134021e-03,-8.255857772335885558e-07,-8.255857664804358337e-07,-8.255857659005350551e-07,-8.255857783649399702e-07
3.244949297667224213e-03,0.000000000000000000e+00,9.308856258662519473e-05,5.227737353861907076e-06,0.000000000000000000e+00,6.227578416616021302e-03,-4.385830790006253319e-06,-4.385830778883933146e-06,-4.385830776832648893e-06,-4.385830789358931259e-06
3.249949219543444862e-03,0.000000000000000000e+00,9.269337920767613953e-05,5.170630470645565191e-06,0.000000000000000000e+00,6.227578297427967778e-03,-8.046414469085643101e-06,-8.046414457611909287e-06,-8.046414454498072177e-06,-8.046414467072537165e-06
3.254949141419665511e-03,0.000000000000000000e+00,9.236473977985156598e-05,5.113768829765339549e-06,0.000000000000000000e+00,6.227578192412555613e-03,-1.081010935487882538e-05,-1.081010934307468773e-05,-1.081010933843008759e-05,-1.081010935103653993e-05
3.259949063295886160e-03,0.000000000000000000e+00,9.215464687282991783e-05,5.057152431221230151e-06,0.000000000000000000e+00,6.227578289629414308e-03,-1.192155907321893473e-05,-1.192155906110708187e-05,-1.192155905773917892e-05,-1.192155907036099135e-05
3.264948985172106809e-03,0.000000000000000000e+00,9.205958311202044149e-05,5.000781275013238691e-06,0.000000000000000000e+00,6.227578594445897994e-03,-1.094036424033117483e-05,-1.094036422793514919e-05,-1.094036422526159473e-05,-1.094036423788301922e-05
3.269948907048327458e-03,0.000000000000000000e+00,9.202040294435593129e-05,4.944655361141363474e-06,0.000000000000000000e+00,6.227578890652605594e-03,-7.788155707218801928e-06,-7.788155694562137475e-06,-7.788155693998567491e-06,-7.788155706606165020e-06
3.274948828924548107e-03,0.000000000000000000e+00,9.194155651796995146e-05,4.888774689605604500e-06,0.000000000000000000e+00,6.227578954095854512e-03,-2.802535963267589534e-06,-2.802535950372781768e-06,-2.802535949592726257e-06,-2.802535962176647521e-06
3.279948750800768757e-03,0.000000000000000000e+00,9.171739259323155439e-05,4.833139260405963464e-06,0.000000000000000000e+00,6.227578755412217261e-03,3.254024888189530571e-06,3.254024901300756526e-06,3.254024904025492111e-06,3.254024891472341860e-06
3.284948672676989406e-03,0.000000000000000000e+00,9.125287768482675328e-05,4.777749073542439518e-06,0.000000000000000000e+00,6.227578439153942484e-03,9.558179271095780055e-06,9.558179284402772689e-06,9.558179286375644560e-06,9.558179273857825747e-06
3.289948594553210055e-03,0.000000000000000000e+00,9.048177519094775865e-05,4.722604129015031816e-06,0.000000000000000000e+00,6.227578183755706071e-03,1.550458717336202158e-05,1.550458718684663025e-05,1.550458718976796218e-05,1.550458717728692154e-05
3.294948516429430704e-03,0.000000000000000000e+00,8.938136131844504290e-05,4.667704426823742052e-06,0.000000000000000000e+00,6.227578100000586044e-03,2.071445430284868898e-05,2.071445431649611432e-05,2.071445431809874131e-05,2.071445430565261198e-05
3.299948438305651353e-03,0.000000000000000000e+00,8.797460444130981072e-05,4.613049966968569377e-06,0.000000000000000000e+00,6.227578189063095147e-03,2.499523580266560532e-05,2.499523581646501886e-05,2.499523581842438564e-05,2.499523580600723500e-05
3.304948360181872435e-03,0.000000000000000000e+00,8.632075422479177956e-05,4.558640749449512100e-06,0.000000000000000000e+00,6.227578353701196910e-03,2.821526898184796797e-05,2.821526899579483301e-05,2.821526899597109379e-05,2.821526898357057549e-05
3.309948282058093084e-03,0.000000000000000000e+00,8.450429648962656749e-05,4.504476774266571913e-06,0.000000000000000000e+00,6.227578470215495120e-03,2.999633901422121168e-05,2.999633902831738152e-05,2.999633903183552948e-05,2.999633901943181278e-05
3.314948203934313734e-03,0.000000000000000000e+00,8.262179372186130143e-05,4.450558041419749663e-06,0.000000000000000000e+00,6.227578486681672500e-03,2.977006264882392487e-05,2.977006266307621304e-05,2.977006266608183492e-05,2.977006265364874312e-05
3.319948125810534383e-03,0.000000000000000000e+00,8.076348964134264787e-05,4.396884550909043657e-06,0.000000000000000000e+00,6.227578458966390174e-03,2.722744302771878104e-05,2.722744304213727402e-05,2.722744304701735609e-05,2.722744303452348459e-05
3.324948047686755032e-03,0.000000000000000000e+00,7.899921239192798613e-05,4.343456302734453894e-06,0.000000000000000000e+00,6.227578474965318918e-03,2.267774350536987419e-05,2.267774351996465506e-05,2.267774352444040426e-05,2.267774351185306437e-05
3.329947969562975681e-03,0.000000000000000000e+00,7.737427443736417249e-05,4.290273296895982916e-06,0.000000000000000000e+00,6.227578533838342562e-03,1.701091425356282457e-05,1.701091426833913815e-05,1.701091427255108063e-05,1.701091425984088370e-05
3.334947891439196330e-03,0.000000000000000000e+00,7.591051226083143336e-05,4.237335533393628181e-06,0.000000000000000000e+00,6.227578517211516777e-03,1.152674187932087226e-05,1.152674189427554896e-05,1.152674189490520784e-05,1.152674188205048676e-05
3.339947813315416979e-03,0.000000000000000000e+00,7.460693212169770914e-05,4.184643012227389690e-06,0.000000000000000000e+00,6.227578329318230778e-03,7.592470020710277603e-06,7.592470035829568378e-06,7.592470036702171556e-06,7.592470023692204578e-06
3.344947735191637628e-03,0.000000000000000000e+00,7.344085149637647521e-05,4.132195733397269136e-06,0.000000000000000000e+00,6.227578055895631980e-03,6.188872821317854757e-06,6.188872836575598149e-06,6.188872837875351572e-06,6.188872824712774668e-06
3.349947657067858277e-03,0.000000000000000000e+00,7.236988594381190830e-05,4.079993696903264826e-06,0.000000000000000000e+00,6.227577925456380566e-03,7.557208844042862978e-06,7.557208859402467165e-06,7.557208861211392421e-06,7.557208847911115065e-06
3.354947578944078926e-03,0.000000000000000000e+00,7.133861588245970998e-05,4.028036902745376759e-06,0.000000000000000000e+00,6.227578085459412223e-03,1.115125642103988219e-05,1.115125643645743529e-05,1.115125644099772162e-05,1.115125642758421629e-05
3.359947500820299575e-03,0.000000000000000000e+00,7.029015850883003707e-05,3.976325350923606630e-06,0.000000000000000000e+00,6.227578457567258495e-03,1.588351266260490692e-05,1.588351267803362222e-05,1.588351268298516676e-05,1.588351266948855056e-05
3.364947422696520658e-03,0.000000000000000000e+00,6.917871669231036443e-05,3.924859041437953591e-06,0.000000000000000000e+00,6.227578804276927282e-03,2.053352647431605859e-05,2.053352648971091290e-05,2.053352649451653061e-05,2.053352648096759488e-05
3.369947344572741307e-03,0.000000000000000000e+00,6.797877728460388765e-05,3.873637974288416796e-06,0.000000000000000000e+00,6.227578918102631353e-03,2.412334599542499794e-05,2.412334601074642805e-05,2.412334601426078130e-05,2.412334600068720707e-05
3.374947266448961956e-03,0.000000000000000000e+00,6.669156481969991076e-05,3.822662149474997091e-06,0.000000000000000000e+00,6.227578763203006108e-03,2.622918781801431403e-05,2.622918783322992261e-05,2.622918783827347526e-05,2.622918782469690254e-05
3.379947188325182605e-03,0.000000000000000000e+00,6.534385007221426775e-05,3.771931566997695323e-06,0.000000000000000000e+00,6.227578466654385379e-03,2.707947530249365172e-05,2.707947531757826836e-05,2.707947532077075925e-05,2.707947530720587897e-05
3.384947110201403254e-03,0.000000000000000000e+00,6.398026194346646378e-05,3.721446226856509376e-06,0.000000000000000000e+00,6.227578201709316023e-03,2.738406434895858968e-05,2.738406436389195333e-05,2.738406436800171992e-05,2.738406435445725313e-05
3.389947032077623903e-03,0.000000000000000000e+00,6.265537711651611777e-05,3.671206129051440943e-06,0.000000000000000000e+00,6.227578084962616910e-03,2.790001593773887130e-05,2.790001595250208297e-05,2.790001595751958089e-05,2.790001594400176515e-05
3.394946953953844552e-03,0.000000000000000000e+00,6.142954709242585726e-05,3.621211273582489176e-06,0.000000000000000000e+00,6.227578155588575984e-03,2.898799412783470829e-05,2.898799414240714782e-05,2.898799414818695167e-05,2.898799413470246836e-05
3.399946875830065201e-03,0.000000000000000000e+00,6.036023830110429783e-05,3.571461660449654077e-06,0.000000000000000000e+00,6.227578408536318597e-03,3.043334772326063804e-05,3.043334773761747380e-05,3.043334774399784095e-05,3.043334773055754566e-05
3.404946797706285850e-03,0.000000000000000000e+00,5.948846647325575098e-05,3.521957289652936068e-06,0.000000000000000000e+00,6.227578775589416582e-03,3.161002055816702303e-05,3.161002057227780589e-05,3.161002057992614070e-05,3.161002056654814977e-05
3.409946719582506499e-03,0.000000000000000000e+00,5.882821113035106278e-05,3.472698161192335150e-06,0.000000000000000000e+00,6.227579063265413321e-03,3.187301096305981035e-05,3.187301097689026596e-05,3.187301098423984209e-05,3.187301097094983416e-05
3.414946641458727148e-03,0.000000000000000000e+00,5.836377149674444972e-05,3.423684275067850898e-06,0.000000000000000000e+00,6.227579030001468771e-03,3.089354818690298626e-05,3.089354820041830495e-05,3.089354820563324286e-05,3.089354819246274789e-05
3.419946563334947797e-03,0.000000000000000000e+00,5.804939589225107597e-05,3.374915631279483737e-06,0.000000000000000000e+00,6.227578635940289251e-03,2.885077525675749225e-05,2.885077526992525638e-05,2.885077527605206930e-05,2.885077526303607992e-05
3.424946485211168880e-03,0.000000000000000000e+00,5.781298873786752137e-05,3.326392229827233243e-06,0.000000000000000000e+00,6.227578153166775377e-03,2.640514201476287003e-05,2.640514202755770589e-05,2.640514203332200565e-05,2.640514202049472844e-05
3.429946407087389529e-03,0.000000000000000000e+00,5.756727161601925366e-05,3.278114070711100263e-06,0.000000000000000000e+00,6.227577945077993928e-03,2.431724294676867437e-05,2.431724295917592489e-05,2.431724296646022528e-05,2.431724295385033398e-05
3.434946328963610178e-03,0.000000000000000000e+00,5.722439658447523375e-05,3.230081153931083950e-06,0.000000000000000000e+00,6.227578153035218285e-03,2.294432989253953402e-05,2.294432990455628880e-05,2.294432991192503160e-05,2.294432989955350215e-05
3.439946250839830827e-03,0.000000000000000000e+00,5.670825992136591765e-05,3.182293479487184304e-06,0.000000000000000000e+00,6.227578599230089267e-03,2.219305786910683088e-05,2.219305788074182114e-05,2.219305789013117797e-05,2.219305787801013311e-05
3.444946172716051476e-03,0.000000000000000000e+00,5.596816826764909229e-05,3.134751047379401749e-06,0.000000000000000000e+00,6.227578938579945642e-03,2.167676468334745591e-05,2.167676469461960435e-05,2.167676470238969169e-05,2.167676469052274993e-05
3.449946094592272125e-03,0.000000000000000000e+00,5.499401254530213401e-05,3.087453857607735860e-06,0.000000000000000000e+00,6.227578903474337117e-03,2.077223461686067540e-05,2.077223462779592157e-05,2.077223463628606484e-05,2.077223462467096631e-05
3.454946016468492774e-03,0.000000000000000000e+00,5.382388378969278587e-05,3.040401910172187486e-06,0.000000000000000000e+00,6.227578478745654338e-03,1.881409258327760222e-05,1.881409259390431834e-05,1.881409260066063259e-05,1.881409258929337929e-05
3.459945938344713423e-03,0.000000000000000000e+00,5.254048917114985721e-05,2.993595205072755355e-06,0.000000000000000000e+00,6.227577922582507551e-03,1.556153419296467264e-05,1.556153420331128851e-05,1.556153420921522335e-05,1.556153419809200362e-05
3.464945860220934072e-03,0.000000000000000000e+00,5.125761620357202158e-05,2.947033742309440314e-06,0.000000000000000000e+00,6.227577624557284995e-03,1.116550268787287696e-05,1.116550269796571159e-05,1.116550270408702558e-05,1.116550269320634697e-05
3.469945782097154721e-03,0.000000000000000000e+00,5.009967030088969311e-05,2.900717521882242788e-06,0.000000000000000000e+00,6.227577818347350587e-03,5.926516649386779457e-06,5.926516659248978880e-06,5.926516667532861154e-06,5.926516656896147510e-06
3.474945703973375370e-03,0.000000000000000000e+00,4.917770765748329863e-05,2.854646543791161928e-06,0.000000000000000000e+00,6.227578341969962870e-03,4.283423245575784916e-07,4.283423342110139387e-07,4.283423447436534914e-07,4.283423343534738690e-07
3.479945625849596019e-03,0.000000000000000000e+00,4.857092932626975133e-05,2.808820808036197735e-06,0.000000000000000000e+00,6.227578764154874900e-03,-4.326167286168374368e-06,-4.326167276700989708e-06,-4.326167266687444980e-06,-4.326167276829955557e-06
3.484945547725816668e-03,0.000000000000000000e+00,4.831512966792640782e-05,2.763240314617350633e-06,0.000000000000000000e+00,6.227578787873769804e-03,-7.327065472812280684e-06,-7.327065463505371498e-06,-7.327065454760479684e-06,-7.327065464657570087e-06
3.489945469602037751e-03,0.000000000000000000e+00,4.840105815325495685e-05,2.717905063534620198e-06,0.000000000000000000e+00,6.227578489268600567e-03,-7.931975857888112793e-06,-7.931975848711657692e-06,-7.931975844103901797e-06,-7.931975853763291039e-06
3.494945391478258400e-03,0.000000000000000000e+00,4.878313007194101468e-05,2.672815054788007277e-06,0.000000000000000000e+00,6.227578180757351034e-03,-6.073045372874728353e-06,-6.073045363794434361e-06,-6.073045358458647719e-06,-6.073045367893699438e-06
3.499945313354479049e-03,0.000000000000000000e+00,4.939786231650112442e-05,2.627970288377510599e-06,0.000000000000000000e+00,6.227578108454605646e-03,-2.395377074537408550e-06,-2.395377065517312343e-06,-2.395377060493120746e-06,-2.395377069721189800e-06
3.504945235230699698e-03,0.000000000000000000e+00,5.018133616077839195e-05,2.583370764303131012e-06,0.000000000000000000e+00,6.227578285579939144e-03,1.834926590226054563e-06,1.834926599219307873e-06,1.834926606303370095e-06,1.834926597264760289e-06
3.509945157106920347e-03,0.000000000000000000e+00,5.108398695033588866e-05,2.539016482564868516e-06,0.000000000000000000e+00,6.227578558134107614e-03,5.278694293258774822e-06,5.278694302250585211e-06,5.278694308473896364e-06,5.278694299612085204e-06
3.514945078983140996e-03,0.000000000000000000e+00,5.207848273797381335e-05,2.494907443162723109e-06,0.000000000000000000e+00,6.227578751856554552e-03,6.909131553029978247e-06,6.909131562033502254e-06,6.909131569214119032e-06,6.909131560525780220e-06
3.519945000859361645e-03,0.000000000000000000e+00,5.315702617122748387e-05,2.451043646096694370e-06,0.000000000000000000e+00,6.227578758344914749e-03,6.038985404787007220e-06,6.038985413800280577e-06,6.038985418881471138e-06,6.038985410376329459e-06
3.524944922735582294e-03,0.000000000000000000e+00,5.431764662816835709e-05,2.407425091366782721e-06,0.000000000000000000e+00,6.227578588477819532e-03,2.306285960203581560e-06,2.306285969208654790e-06,2.306285975362268260e-06,2.306285967064797884e-06
3.529944844611802943e-03,0.000000000000000000e+00,5.555173528318747611e-05,2.364051778972987740e-06,0.000000000000000000e+00,6.227578384756465510e-03,-4.289935882216242994e-06,-4.289935873249787690e-06,-4.289935866813812822e-06,-4.289935874866754952e-06
3.534944766488023592e-03,0.000000000000000000e+00,5.683865914397964595e-05,2.320923708915310272e-06,0.000000000000000000e+00,6.227578299564423721e-03,-1.331602314089224730e-05,-1.331602313200256537e-05,-1.331602312697889935e-05,-1.331602313474207998e-05
3.539944688364244241e-03,0.000000000000000000e+00,5.814709332789643381e-05,2.278040881193749048e-06,0.000000000000000000e+00,6.227578354723864104e-03,-2.368708151179343114e-05,-2.368708150302141225e-05,-2.368708149837035434e-05,-2.368708150579495049e-05
3.544944610240464890e-03,0.000000000000000000e+00,5.944055176994578047e-05,2.235403295808304914e-06,0.000000000000000000e+00,6.227578460588316725e-03,-3.358899019063440647e-05,-3.358899018201779102e-05,-3.358899017660885546e-05,-3.358899018364866148e-05
3.549944532116685973e-03,0.000000000000000000e+00,6.068365232305490182e-05,2.193010952758977871e-06,0.000000000000000000e+00,6.227578533066960471e-03,-4.100091452181809021e-05,-4.100091451338627702e-05,-4.100091450825491755e-05,-4.100091451487267077e-05
3.554944453992906622e-03,0.000000000000000000e+00,6.184546882633631568e-05,2.150863852045767494e-06,0.000000000000000000e+00,6.227578522835183240e-03,-4.445929809347447427e-05,-4.445929808524733812e-05,-4.445929808041157959e-05,-4.445929808658113041e-05
3.559944375869127271e-03,0.000000000000000000e+00,6.290093373492111281e-05,2.108961993668674209e-06,0.000000000000000000e+00,6.227578396222856714e-03,-4.346173445668481065e-05,-4.346173444867206193e-05,-4.346173444228901815e-05,-4.346173444799690891e-05
3.564944297745347920e-03,0.000000000000000000e+00,6.383545536846640565e-05,2.067305377627698013e-06,0.000000000000000000e+00,6.227578181918688553e-03,-3.857706263646083072e-05,-3.857706262866314028e-05,-3.857706262408568614e-05,-3.857706262933062257e-05
3.569944219621568569e-03,0.000000000000000000e+00,6.465079776836058086e-05,2.025894003922838485e-06,0.000000000000000000e+00,6.227578011357486239e-03,-3.135992392721621055e-05,-3.135992391962871980e-05,-3.135992391623314090e-05,-3.135992392102247524e-05
3.574944141497789218e-03,0.000000000000000000e+00,6.537131539412393882e-05,1.984727872554096471e-06,0.000000000000000000e+00,6.227578050829069359e-03,-2.372899960332345529e-05,-2.372899959593906610e-05,-2.372899959218260373e-05,-2.372899959652799117e-05
3.579944063374009867e-03,0.000000000000000000e+00,6.604351623520027606e-05,1.943806983521471123e-06,0.000000000000000000e+00,6.227578342179890432e-03,-1.732053579870394458e-05,-1.732053579151539619e-05,-1.732053578780416538e-05,-1.732053579171861972e-05
3.584943985250230516e-03,0.000000000000000000e+00,6.672764053912667653e-05,1.903131336824962231e-06,0.000000000000000000e+00,6.227578709787116341e-03,-1.324783960230198493e-05,-1.324783959530366151e-05,-1.324783959303374704e-05,-1.324783959652851180e-05
3.589943907126451166e-03,0.000000000000000000e+00,6.747964760631375823e-05,1.862700932464570641e-06,0.000000000000000000e+00,6.227578896972637765e-03,-1.205472190607276566e-05,-1.205472189926166192e-05,-1.205472189482803567e-05,-1.205472189791016834e-05
3.594943829002671815e-03,0.000000000000000000e+00,6.833510227013654833e-05,1.822515770440295719e-06,0.000000000000000000e+00,6.227578800844364021e-03,-1.357604098777253284e-05,-1.357604098114694626e-05,-1.357604097609906696e-05,-1.357604097877220808e-05
3.599943750878892464e-03,0.000000000000000000e+00,6.929858593196005503e-05,1.782575850752137886e-06,0.000000000000000000e+00,6.227578545833268447e-03,-1.706830711811127674e-05,-1.706830711166851375e-05,-1.706830710786740596e-05,-1.706830711013331735e-05
3.604943672755113113e-03,0.000000000000000000e+00,7.034320956179554310e-05,1.742881173400096932e-06,0.000000000000000000e+00,6.227578338791878339e-03,-2.145979199470550084e-05,-2.145979198844113992e-05,-2.145979198454716345e-05,-2.145979198640675313e-05
3.609943594631334195e-03,0.000000000000000000e+00,7.141805920900246019e-05,1.703431738384173069e-06,0.000000000000000000e+00,6.227578295384609240e-03,-2.547068787511889049e-05,-2.547068786902524398e-05,-2.547068786687628752e-05,-2.547068786833193396e-05
3.614943516507554844e-03,0.000000000000000000e+00,7.246708570234346538e-05,1.664227545704365873e-06,0.000000000000000000e+00,6.227578380328131942e-03,-2.787798466806008557e-05,-2.787798466212496637e-05,-2.787798466150001191e-05,-2.787798466255830842e-05
3.619943438383775493e-03,0.000000000000000000e+00,7.345030162876709846e-05,1.625268595360675767e-06,0.000000000000000000e+00,6.227578466776854255e-03,-2.803104526486952642e-05,-2.803104525907742703e-05,-2.803104525987232679e-05,-2.803104526054469477e-05
3.624943360259996143e-03,0.000000000000000000e+00,7.435920113392591809e-05,1.586554887353103176e-06,0.000000000000000000e+00,6.227578446043605803e-03,-2.601031916176681910e-05,-2.601031915609995862e-05,-2.601031915347640959e-05,-2.601031915377961012e-05
3.629943282136216792e-03,0.000000000000000000e+00,7.521841277051385174e-05,1.548086421681647886e-06,0.000000000000000000e+00,6.227578307507080670e-03,-2.240184781816928123e-05,-2.240184781260788312e-05,-2.240184781035000161e-05,-2.240184781030726032e-05
3.634943204012437441e-03,0.000000000000000000e+00,7.607467811388926343e-05,1.509863198346309687e-06,0.000000000000000000e+00,6.227578142151053188e-03,-1.808627604719817097e-05,-1.808627604172134064e-05,-1.808627603699032959e-05,-1.808627603663068618e-05
3.639943125888658090e-03,0.000000000000000000e+00,7.697367140524491447e-05,1.471885217347088791e-06,0.000000000000000000e+00,6.227578096744245534e-03,-1.407262133044182068e-05,-1.407262132502798757e-05,-1.407262132237491097e-05,-1.407262132173245004e-05
3.644943047764878739e-03,0.000000000000000000e+00,7.793295762880073237e-05,1.434152478683985196e-06,0.000000000000000000e+00,6.227578263990037402e-03,-1.117118204526759704e-05,-1.117118203989316114e-05,-1.117118203851824370e-05,-1.117118203763230145e-05
3.649942969641099388e-03,0.000000000000000000e+00,7.892360081815914352e-05,1.396664982356998904e-06,0.000000000000000000e+00,6.227578554267893841e-03,-9.816767680678089095e-06,-9.816767675317197243e-06,-9.816767676467003811e-06,-9.816767675381241404e-06
3.654942891517320037e-03,0.000000000000000000e+00,7.986905168229817482e-05,1.359422728366129914e-06,0.000000000000000000e+00,6.227578718180114443e-03,-1.019884868131119944e-05,-1.019884867593575387e-05,-1.019884867628596472e-05,-1.019884867504749414e-05
3.659942813393540686e-03,0.000000000000000000e+00,8.066325108389049204e-05,1.322425716711378015e-06,0.000000000000000000e+00,6.227578592087322853e-03,-1.233065162383588929e-05,-1.233065161841606088e-05,-1.233065161916995917e-05,-1.233065161782802689e-05
3.664942735269761335e-03,0.000000000000000000e+00,8.119940257275766091e-05,1.285673947392743418e-06,0.000000000000000000e+00,6.227578300944017209e-03,-1.601674131508869150e-05,-1.601674130959570316e-05,-1.601674130912650790e-05,-1.601674130773005550e-05
3.669942657145981984e-03,0.000000000000000000e+00,8.140213866021120631e-05,1.249167420410226334e-06,0.000000000000000000e+00,6.227578145739983556e-03,-2.095159796732097657e-05,-2.095159796173082001e-05,-2.095159795984207884e-05,-2.095159795843638700e-05
3.674942579022203067e-03,0.000000000000000000e+00,8.125143386149299529e-05,1.212906135763826554e-06,0.000000000000000000e+00,6.227578272321738183e-03,-2.684544600697896669e-05,-2.684544600127585659e-05,-2.684544599890224665e-05,-2.684544599752554706e-05
3.679942500898423716e-03,0.000000000000000000e+00,8.079249152444140959e-05,1.176890093453543863e-06,0.000000000000000000e+00,6.227578522913764479e-03,-3.341985069471439189e-05,-3.341985068889569567e-05,-3.341985068525129914e-05,-3.341985068393030044e-05
3.684942422774644365e-03,0.000000000000000000e+00,8.012461311216960262e-05,1.141119293479378475e-06,0.000000000000000000e+00,6.227578674892088502e-03,-4.028207972284271227e-05,-4.028207971692150473e-05,-4.028207971569575319e-05,-4.028207971444305245e-05
3.689942344650865014e-03,0.000000000000000000e+00,7.937895699161927560e-05,1.105593735841330177e-06,0.000000000000000000e+00,6.227578707837185673e-03,-4.683516934369696451e-05,-4.683516933770167886e-05,-4.683516933987304443e-05,-4.683516933868679850e-05
3.694942266527085663e-03,0.000000000000000000e+00,7.869056510675379783e-05,1.070313420539399394e-06,0.000000000000000000e+00,6.227578718049002308e-03,-5.230706018293234012e-05,-5.230706017690532801e-05,-5.230706018199201158e-05,-5.230706018085749565e-05
3.699942188403306312e-03,0.000000000000000000e+00,7.817354597879483380e-05,1.035278347573585700e-06,0.000000000000000000e+00,6.227578692124632019e-03,-5.585676443687262986e-05,-5.585676443086488266e-05,-5.585676443290316242e-05,-5.585676443179726265e-05
3.704942110279526961e-03,0.000000000000000000e+00,7.789964132214398471e-05,1.000488516943889521e-06,0.000000000000000000e+00,6.227578523740766141e-03,-5.667915719791483185e-05,-5.667915719197837772e-05,-5.667915719206533751e-05,-5.667915719096393041e-05
3.709942032155747610e-03,0.000000000000000000e+00,7.788859134771227680e-05,9.659439286503104326e-07,0.000000000000000000e+00,6.227578208317098921e-03,-5.416706472504938794e-05,-5.416706471923044778e-05,-5.416706471645522903e-05,-5.416706471533961210e-05
3.714941954031968259e-03,0.000000000000000000e+00,7.810766010659391412e-05,9.316445826928486462e-07,0.000000000000000000e+00,6.227577914695233384e-03,-4.812418785688612262e-05,-4.812418785121837445e-05,-4.812418784905250443e-05,-4.812418784791536609e-05
3.719941875908188908e-03,0.000000000000000000e+00,7.848233619417036087e-05,8.975904790715042679e-07,0.000000000000000000e+00,6.227577840436036502e-03,-3.895752691627956315e-05,-3.895752691077851784e-05,-3.895752691121550553e-05,-3.895752691006615636e-05
3.724941797784409557e-03,0.000000000000000000e+00,7.891464034675752231e-05,8.637816177862769801e-07,0.000000000000000000e+00,6.227578032731777465e-03,-2.775790607242090404e-05,-2.775790606708318701e-05,-2.775790606954407522e-05,-2.775790606840813289e-05
3.729941719660630206e-03,0.000000000000000000e+00,7.930783145448653724e-05,8.302179988371669946e-07,0.000000000000000000e+00,6.227578339574320158e-03,-1.619372121221713683e-05,-1.619372120702287330e-05,-1.619372120762251841e-05,-1.619372120653901081e-05
3.734941641536851289e-03,0.000000000000000000e+00,7.959041500623180150e-05,7.968996222241743113e-07,0.000000000000000000e+00,6.227578531412412445e-03,-6.087269942734808448e-06,-6.087269937652376983e-06,-6.087269937659785134e-06,-6.087269936675724278e-06
3.739941563413071938e-03,0.000000000000000000e+00,7.973480382322899976e-05,7.638264879472989303e-07,0.000000000000000000e+00,6.227578496209226593e-03,1.008506628741387259e-06,1.008506633747232545e-06,1.008506632158615477e-06,1.008506632996547902e-06
3.744941485289292587e-03,0.000000000000000000e+00,7.976410624296133203e-05,7.309985960065408515e-07,0.000000000000000000e+00,6.227578356038094079e-03,4.108370302898964086e-06,4.108370307858589325e-06,4.108370307523552219e-06,4.108370308177199921e-06
3.749941407165513236e-03,0.000000000000000000e+00,7.974403378016475569e-05,6.984159464019000749e-07,0.000000000000000000e+00,6.227578351329403177e-03,3.033764426367472529e-06,3.033764431300417078e-06,3.033764431864720592e-06,3.033764432310013436e-06
3.754941329041733885e-03,0.000000000000000000e+00,7.976458342587407679e-05,6.660785391333766007e-07,0.000000000000000000e+00,6.227578590497128731e-03,-1.618216598204691747e-06,-1.618216593293881863e-06,-1.618216590830982797e-06,-1.618216590600515296e-06
3.759941250917954534e-03,0.000000000000000000e+00,7.991602475156662599e-05,6.339863742009703228e-07,0.000000000000000000e+00,6.227578933369789550e-03,-8.740730423019669743e-06,-8.740730418141762854e-06,-8.740730417442693010e-06,-8.740730417416043660e-06
3.764941172794175183e-03,0.000000000000000000e+00,8.026448789640790193e-05,6.021394516046812412e-07,0.000000000000000000e+00,6.227579125526521917e-03,-1.688050840381810644e-05,-1.688050839899538883e-05,-1.688050840027730882e-05,-1.688050840043020504e-05
3.769941094670395832e-03,0.000000000000000000e+00,8.083080431103655244e-05,5.705377713445094620e-07,0.000000000000000000e+00,6.227579004075640447e-03,-2.435328403074169098e-05,-2.435328402600240951e-05,-2.435328403204824608e-05,-2.435328403234916978e-05
3.774941016546616481e-03,0.000000000000000000e+00,8.158367690609497297e-05,5.391813334204549849e-07,0.000000000000000000e+00,6.227578619537969644e-03,-2.966449203482845838e-05,-2.966449203019981296e-05,-2.966449203460509579e-05,-2.966449203502304896e-05
3.779940938422837130e-03,0.000000000000000000e+00,8.244516226221603426e-05,5.080701378325178102e-07,0.000000000000000000e+00,6.227578214865935914e-03,-3.197918069637186675e-05,-3.197918069187317990e-05,-3.197918069399458408e-05,-3.197918069450682895e-05
3.784940860299057779e-03,0.000000000000000000e+00,8.330858744168581317e-05,4.772041845806979376e-07,0.000000000000000000e+00,6.227578042466646625e-03,-3.130583664628199794e-05,-3.130583664192033392e-05,-3.130583664233431619e-05,-3.130583664293211138e-05
3.789940782175278428e-03,0.000000000000000000e+00,8.406112334052275243e-05,4.465834736649952615e-07,0.000000000000000000e+00,6.227578142490694697e-03,-2.841101696228765650e-05,-2.841101695805514467e-05,-2.841101695905083867e-05,-2.841101695974301706e-05
3.794940704051499511e-03,0.000000000000000000e+00,8.460810978047800278e-05,4.162080050854098876e-07,0.000000000000000000e+00,6.227578345552579712e-03,-2.455146052206430256e-05,-2.455146051793807304e-05,-2.455146052064097889e-05,-2.455146052145427282e-05
3.799940625927720160e-03,0.000000000000000000e+00,8.488571692982262162e-05,3.860777788419418160e-07,0.000000000000000000e+00,6.227578475338379008e-03,-2.089069534785741324e-05,-2.089069534380303244e-05,-2.089069534678621132e-05,-2.089069534776183065e-05
3.804940547803940809e-03,0.000000000000000000e+00,8.486122277241390512e-05,3.561927949345910466e-07,0.000000000000000000e+00,6.227578500919325223e-03,-1.808763178624515097e-05,-1.808763178222075514e-05,-1.808763178626134624e-05,-1.808763178744992320e-05
3.809940469680161458e-03,0.000000000000000000e+00,8.452135744432721519e-05,3.265530533633575794e-07,0.000000000000000000e+00,6.227578492204305198e-03,-1.627471346024324364e-05,-1.627471345620436693e-05,-1.627471345991307697e-05,-1.627471346136901141e-05
3.814940391556382107e-03,0.000000000000000000e+00,8.386078869130706034e-05,2.971585541282414146e-07,0.000000000000000000e+00,6.227578485552218331e-03,-1.538220806133653402e-05,-1.538220805724149225e-05,-1.538220806370051827e-05,-1.538220806547533351e-05
3.819940313432602756e-03,0.000000000000000000e+00,8.287525685342933567e-05,2.680092972292423402e-07,0.000000000000000000e+00,6.227578461426567201e-03,-1.529480695999070415e-05,-1.529480695580434885e-05,-1.529480696015121351e-05,-1.529480696228964644e-05
3.824940235308823405e-03,0.000000000000000000e+00,8.156248593409587530e-05,2.391052826663605680e-07,0.000000000000000000e+00,6.227578447521981385e-03,-1.581108457317899750e-05,-1.581108456887403386e-05,-1.581108457260442117e-05,-1.581108457514235211e-05
3.829940157185044054e-03,0.000000000000000000e+00,7.992622356320116161e-05,2.104465104395960981e-07,0.000000000000000000e+00,6.227578510695839890e-03,-1.639786134818982784e-05,-1.639786134374838009e-05,-1.639786134498766383e-05,-1.639786134795086968e-05
3.834940079061264703e-03,0.000000000000000000e+00,7.798238276857590869e-05,1.820329805489489305e-07,0.000000000000000000e+00,6.227578615786098434e-03,-1.605885026396069735e-05,-1.605885025937402410e-05,-1.605885026289938878e-05,-1.605885026630364130e-05
3.839940000937485352e-03,0.000000000000000000e+00,7.576222276113157318e-05,1.538646929944190651e-07,0.000000000000000000e+00,6.227578622884226943e-03,-1.355751085718402818e-05,-1.355751085245089108e-05,-1.355751085715847319e-05,-1.355751086101096877e-05
3.844939922813706001e-03,0.000000000000000000e+00,7.331059577840293151e-05,1.259416477760064755e-07,0.000000000000000000e+00,6.227578459848335732e-03,-7.954922891371711075e-06,-7.954922886497485391e-06,-7.954922895106255622e-06,-7.954922899406709658e-06
3.849939844689926650e-03,0.000000000000000000e+00,7.068280470708739483e-05,9.826384489371109553e-08,0.000000000000000000e+00,6.227578201170784998e-03,1.037726757318473592e-06,1.037726762322487170e-06,1.037726755144718964e-06,1.037726750403970849e-06
3.854939766566147299e-03,0.000000000000000000e+00,6.794125029174337784e-05,7.083128434753300455e-08,0.000000000000000000e+00,6.227577991388229955e-03,1.293673529441692113e-05,1.293673529953464846e-05,1.293673529440762240e-05,1.293673528924045037e-05
3.859939688442368382e-03,0.000000000000000000e+00,6.515356317150315646e-05,4.364396613747219598e-08,0.000000000000000000e+00,6.227577934719486473e-03,2.652170251850351337e-05,2.652170252371438552e-05,2.652170251945308474e-05,2.652170251387955374e-05
3.864939610318589031e-03,0.000000000000000000e+00,6.239037891483413794e-05,1.670189026352866319e-08,0.000000000000000000e+00,6.227578042835918946e-03,4.006000932386933298e-05,4.006000932914843533e-05,4.006000932484455929e-05,4.006000931889101542e-05
3.869939532194809680e-03,0.000000000000000000e+00,5.972328748422288690e-05,-9.994943274297593825e-09,0.000000000000000000e+00,6.227578254896134688e-03,5.170146140612170971e-05,5.170146141144080557e-05,5.170146140681428451e-05,5.170146140051238648e-05
3.874939454071030329e-03,0.000000000000000000e+00,5.721864668750571015e-05,-3.644653447600657505e-08,0.000000000000000000e+00,6.227578448895805183e-03,5.977440897357225299e-05,5.977440897890220442e-05,5.977440897414622962e-05,5.977440896753114625e-05
3.879939375947250978e-03,0.000000000000000000e+00,5.493358350360084909e-05,-6.265288334159827388e-08,0.000000000000000000e+00,6.227578475288426778e-03,6.288859444996823837e-05,6.288859445528081546e-05,6.288859444842926760e-05,6.288859444153820056e-05
3.884939297823471627e-03,0.000000000000000000e+00,5.291152893183829906e-05,-8.861398987107271016e-08,0.000000000000000000e+00,6.227578313605131553e-03,6.032117609425434549e-05,6.032117609952501139e-05,6.032117609349156183e-05,6.032117608636098098e-05
3.889939219699692276e-03,0.000000000000000000e+00,5.117761134581496956e-05,-1.143298540644298707e-07,0.000000000000000000e+00,6.227578155672395220e-03,5.244110374797342320e-05,5.244110375318363127e-05,5.244110374613517196e-05,5.244110373879845718e-05
3.894939141575912925e-03,0.000000000000000000e+00,4.973466031208375384e-05,-1.398004759216698083e-07,0.000000000000000000e+00,6.227578199966290161e-03,4.067194901254917263e-05,4.067194901768703732e-05,4.067194901115463114e-05,4.067194900364043246e-05
3.899939063452133575e-03,0.000000000000000000e+00,4.856672811098758797e-05,-1.650258554427924172e-07,0.000000000000000000e+00,6.227578423143020729e-03,2.697146505613234329e-05,2.697146506119199973e-05,2.697146505561692374e-05,2.697146504794879546e-05
3.904938985328354224e-03,0.000000000000000000e+00,4.764160518732539024e-05,-1.900059926277977769e-07,0.000000000000000000e+00,6.227578622673168342e-03,1.363104030699663581e-05,1.363104031197561745e-05,1.363104030813082987e-05,1.363104030032830964e-05
3.909938907204575306e-03,0.000000000000000000e+00,4.691379431631832324e-05,-2.147408874766858872e-07,0.000000000000000000e+00,6.227578644003407132e-03,3.041080027756980702e-06,3.041080032653488435e-06,3.041080027780562099e-06,3.041080019861053070e-06
3.914938829080795955e-03,0.000000000000000000e+00,4.633248965199051998e-05,-2.392305399894567217e-07,0.000000000000000000e+00,6.227578531999071638e-03,-2.957110605605756736e-06,-2.957110600796024140e-06,-2.957110606707329860e-06,-2.957110614725667305e-06
3.919938750957016604e-03,0.000000000000000000e+00,4.585369534181016181e-05,-2.634749501661102275e-07,0.000000000000000000e+00,6.227578450398756592e-03,-3.777574955889496342e-06,-3.777574951175734273e-06,-3.777574957486585434e-06,-3.777574965581835165e-06
3.924938672833237253e-03,0.000000000000000000e+00,4.544589899789412902e-05,-2.874741180066464310e-07,0.000000000000000000e+00,6.227578473197477836e-03,-1.087201156187987851e-07,-1.087201110154474614e-07,-1.087201193769772459e-07,-1.087201275222070030e-07
3.929938594709457902e-03,0.000000000000000000e+00,4.509104601280782758e-05,-3.112280435110653323e-07,0.000000000000000000e+00,6.227578531529262551e-03,6.254660434238333748e-06,6.254660438712844584e-06,6.254660430884655871e-06,6.254660422721631646e-06
3.934938516585678552e-03,0.000000000000000000e+00,4.478379457806162605e-05,-3.347367266793670902e-07,0.000000000000000000e+00,6.227578534016808311e-03,1.284561133764385116e-05,1.284561134196918425e-05,1.284561133501305661e-05,1.284561132686829442e-05
3.939938438461899201e-03,0.000000000000000000e+00,4.452494616929991451e-05,-3.580001675115515988e-07,0.000000000000000000e+00,6.227578477911212447e-03,1.724868325736885009e-05,1.724868326152616233e-05,1.724868325646003456e-05,1.724868324837005337e-05
3.944938360338119850e-03,0.000000000000000000e+00,4.431215314722010347e-05,-3.810183660076188051e-07,0.000000000000000000e+00,6.227578434989634697e-03,1.790579393527171829e-05,1.790579393924747071e-05,1.790579393258883968e-05,1.790579392458607917e-05
3.949938282214340499e-03,0.000000000000000000e+00,4.413578536025760432e-05,-4.037913221675687091e-07,0.000000000000000000e+00,6.227578464198225104e-03,1.448757324879764536e-05,1.448757325258586300e-05,1.448757324730921027e-05,1.448757323941832079e-05
3.954938204090561148e-03,0.000000000000000000e+00,4.398135751922387944e-05,-4.263190359914013109e-07,0.000000000000000000e+00,6.227578541247855669e-03,7.860186944258231343e-06,7.860186947861860172e-06,7.860186940525667158e-06,7.860186932760897496e-06
3.959938125966781797e-03,0.000000000000000000e+00,4.383277482697972723e-05,-4.486015074791166105e-07,0.000000000000000000e+00,6.227578587132111265e-03,-3.263497245352597190e-07,-3.263497211047703534e-07,-3.263497283454875074e-07,-3.263497359812214409e-07
3.964938047843002446e-03,0.000000000000000000e+00,4.367839845970722309e-05,-4.706387366307146077e-07,0.000000000000000000e+00,6.227578551394035572e-03,-8.154907312001185741e-06,-8.154907308725733051e-06,-8.154907317040211849e-06,-8.154907324553705800e-06
3.969937969719223095e-03,0.000000000000000000e+00,4.351408143060886213e-05,-4.924307234461955675e-07,0.000000000000000000e+00,6.227578474091208238e-03,-1.383449672621994358e-05,-1.383449672307798667e-05,-1.383449673021240628e-05,-1.383449673761672954e-05
3.974937891595443744e-03,0.000000000000000000e+00,4.334062570936446357e-05,-5.139774679255591191e-07,0.000000000000000000e+00,6.227578452821784516e-03,-1.617687288942284084e-05,-1.617687288639263807e-05,-1.617687289388824607e-05,-1.617687290119899083e-05
3.979937813471664393e-03,0.000000000000000000e+00,4.315619095963815565e-05,-5.352789700688052626e-07,0.000000000000000000e+00,6.227578525584013050e-03,-1.504389508347676025e-05,-1.504389508053903654e-05,-1.504389508520834462e-05,-1.504389509243985622e-05
3.984937735347885042e-03,0.000000000000000000e+00,4.294949071546421267e-05,-5.563352298759342097e-07,0.000000000000000000e+00,6.227578588055501102e-03,-1.121902773374129887e-05,-1.121902773088171733e-05,-1.121902773419424296e-05,-1.121902774135607255e-05
3.989937657224105691e-03,0.000000000000000000e+00,4.269374764744246351e-05,-5.771462473469458545e-07,0.000000000000000000e+00,6.227578509337875802e-03,-5.731704893869434819e-06,-5.731704891079044016e-06,-5.731704895346458685e-06,-5.731704902442301018e-06
3.994937579100326340e-03,0.000000000000000000e+00,4.235097804385677889e-05,-5.977120224818403030e-07,0.000000000000000000e+00,6.227578313972251950e-03,5.134508072250763453e-07,5.134508099514822790e-07,5.134508031922389810e-07,5.134507961642837979e-07
3.999937500976546989e-03,0.000000000000000000e+00,4.188732421546623560e-05,-6.180325552806175551e-07,0.000000000000000000e+00,6.227578170414770943e-03,6.897049578478534916e-06,6.897049581143057470e-06,6.897049572238859934e-06,6.897049565285879025e-06
