time_s,contact_force_N,impact_w_m,ball_travel_m,indentation_m,energy_J,S1_mean_exx_plus_eyy,S2_mean_exx_plus_eyy,S3_mean_exx_plus_eyy,S4_mean_exx_plus_eyy
0.000000000000000000e+00,0.000000000000000000e+00,0.000000000000000000e+00,0.000000000000000000e+00,0.000000000000000000e+00,6.227579619865871753e-03,0.000000000000000000e+00,0.000000000000000000e+00,0.000000000000000000e+00,0.000000000000000000e+00
4.999687519530029071e-06,3.890050423210276875e+01,5.231543643690131700e-08,8.830234973644994717e-06,8.777919537208093433e-06,6.227485409210828035e-03,-8.983571007650400066e-10,-8.983571007644543627e-10,-8.983569220951973285e-10,-8.983569220956506235e-10
9.999375039060058143e-06,1.032843378617199619e+02,5.721185985232075004e-07,1.740316387210413159e-05,1.683104527358092367e-05,6.227499063431807605e-03,-5.233548469186141539e-09,-5.233548469188444410e-09,-5.233548714901426282e-09,-5.233548714898461667e-09
1.499906255859008806e-05,1.660028557516602064e+02,2.232580406305892279e-06,2.532654423567157531e-05,2.309396382936568134e-05,6.227569755736094871e-03,6.240789290806460002e-09,6.240789290804501239e-09,6.240789544022512661e-09,6.240789544023783210e-09
1.999875007812011629e-05,2.050831308410033387e+02,5.627573480577104362e-06,3.221694471892926336e-05,2.658937123835215815e-05,6.227629000696889745e-03,8.797142721744664657e-08,8.797142721745342283e-08,8.797142691479012781e-08,8.797142691478091633e-08
2.499843759765014620e-05,2.077600819031680430e+02,1.101473510705953726e-05,3.783498666557714589e-05,2.682025155851760863e-05,6.227617479585076908e-03,3.161181445498554529e-07,3.161181445498524883e-07,3.161181447466309474e-07,3.161181447466157008e-07
2.999812511718017612e-05,1.755417118675837287e+02,1.819258250910931900e-05,4.216296668518943673e-05,2.397038417608011773e-05,6.227551474333687352e-03,7.014347915530490568e-07,7.014347915530128462e-07,7.014347913920810331e-07,7.014347913920645160e-07
3.499781263671020604e-05,1.224425476825265662e+02,2.654347785466626381e-05,4.539629896859883690e-05,1.885282111393257309e-05,6.227499802640784621e-03,1.165196873614795430e-06,1.165196873614803900e-06,1.165196873656866709e-06,1.165196873656707467e-06
3.999750015624023257e-05,6.709182327763275566e+01,3.523540216882636877e-05,4.785952383154197607e-05,1.262412166271560730e-05,6.227502087437748225e-03,1.549621424057265521e-06,1.549621424057296014e-06,1.549621424023900046e-06,1.549621424023590879e-06
4.499718767577026588e-05,2.433406666899989190e+01,4.347305275124371674e-05,4.989348948430238619e-05,6.420436733058669445e-06,6.227539189545705338e-03,1.640022458386811479e-06,1.640022458386864418e-06,1.640022458260736130e-06,1.640022458260256710e-06
4.999687519530029241e-05,1.705342742186793270e+00,5.067240794366115674e-05,5.176375419215011677e-05,1.091346248488960023e-06,6.227575686735035108e-03,1.295462936723245796e-06,1.295462936723421979e-06,1.295462937288937597e-06,1.295462937288170185e-06
5.499656271483031894e-05,0.000000000000000000e+00,5.655945284013142599e-05,5.361006193223580529e-05,0.000000000000000000e+00,6.227586586598016921e-03,5.313748396152343379e-07,5.313748396156019502e-07,5.313748387453238778e-07,5.313748387442481460e-07
5.999625023436035224e-05,0.000000000000000000e+00,6.114513322335525156e-05,5.545654803483213407e-05,0.000000000000000000e+00,6.227582967496246048e-03,-4.975930536827994076e-07,-4.975930536822979641e-07,-4.975930529377593916e-07,-4.975930529389825072e-07
6.499593775389037877e-05,0.000000000000000000e+00,6.455225633344049117e-05,5.730327935677508846e-05,0.000000000000000000e+00,6.227573925190944826e-03,-1.572530966995822407e-06,-1.572530966995005868e-06,-1.572530967175105401e-06,-1.572530967176499617e-06
6.999562527342041208e-05,0.000000000000000000e+00,6.693935808014796164e-05,5.915025589806466847e-05,0.000000000000000000e+00,6.227563186421061943e-03,-2.400013622631750595e-06,-2.400013622630454635e-06,-2.400013622796069905e-06,-2.400013622797616587e-06
7.499531279295044539e-05,0.000000000000000000e+00,6.846802522027571971e-05,6.099747765870088087e-05,0.000000000000000000e+00,6.227557732305296148e-03,-2.665848639024795088e-06,-2.665848639023032412e-06,-2.665848639058257972e-06,-2.665848639059734350e-06
7.999500031248046514e-05,0.000000000000000000e+00,6.929128717070072321e-05,6.284494463868371889e-05,0.000000000000000000e+00,6.227559693021331860e-03,-2.170875113528660025e-06,-2.170875113526308661e-06,-2.170875112843546743e-06,-2.170875112844905384e-06
8.499468783201049845e-05,0.000000000000000000e+00,6.954259269491129027e-05,6.469265683801318930e-05,0.000000000000000000e+00,6.227565867395779345e-03,-8.994550102978236528e-07,-8.994550102947370647e-07,-8.994550113569968487e-07,-8.994550113581733775e-07
8.999437535154053175e-05,0.000000000000000000e+00,6.934840784085887747e-05,6.654061425668927855e-05,0.000000000000000000e+00,6.227569588026460497e-03,8.679890622589649887e-07,8.679890622627681666e-07,8.679890625825790084e-07,8.679890625816510838e-07
9.499406287107055151e-05,0.000000000000000000e+00,6.883412596719698550e-05,6.838881689471198663e-05,0.000000000000000000e+00,6.227566444414806522e-03,2.599501348520063482e-06,2.599501348524641696e-06,2.599501348894063257e-06,2.599501348893355138e-06
9.999375039060058481e-05,4.513710616535535181e+00,6.814686772170025974e-05,7.023509252471895974e-05,2.088224803018699999e-06,6.227555319509137099e-03,3.678876606027280067e-06,3.678876606032775617e-06,3.678876605850229853e-06,3.678876605849579331e-06
1.049934379101306181e-04,1.459788504034408518e+01,6.748367832996956422e-05,7.205050716528851504e-05,4.566828835318950826e-06,6.227550898085578227e-03,3.711093392424479222e-06,3.711093392430838745e-06,3.711093391594586833e-06,3.711093391593885490e-06
1.099931254296606379e-04,2.600067859633355738e+01,6.706317371299767242e-05,7.377351430098867799e-05,6.710340587991005571e-06,6.227554061480948533e-03,2.676831760810440648e-06,2.676831760817738684e-06,2.676831762512014642e-06,2.676831762510974486e-06
1.149928129491906712e-04,3.560679088552696214e+01,6.705875691972006526e-05,7.533392196564180326e-05,8.275165045921738000e-06,6.227561775917599650e-03,9.170790921207022401e-07,9.170790921289692817e-07,9.170790907856766713e-07,9.170790907841113544e-07
1.199925004687207045e-04,4.117729676597094368e+01,6.755522391014160744e-05,7.667239273183983365e-05,9.117168821698226210e-06,6.227568936662107417e-03,-1.043216103140614344e-06,-1.043216103131378296e-06,-1.043216102974175758e-06,-1.043216102976513569e-06
1.249921879882507378e-04,4.179356166121459637e+01,6.854640916358390487e-05,7.775431842043337312e-05,9.207909256849468251e-06,6.227570526213733158e-03,-2.718495246885571474e-06,-2.718495246875332540e-06,-2.718495246502631267e-06,-2.718495246505992294e-06
1.299918755077807575e-04,3.798074367361907377e+01,6.993651989038417714e-05,7.857552540321666005e-05,8.639005512832482916e-06,6.227567033908476546e-03,-3.743621241917461523e-06,-3.743621241905982532e-06,-3.743621242134749191e-06,-3.743621242139390931e-06
1.349915630273107773e-04,3.122035897205808297e+01,7.157847160646785159e-05,7.915924247148733842e-05,7.580770865019486834e-06,6.227562390480376187e-03,-3.954277029552007969e-06,-3.954277029539190666e-06,-3.954277030422066660e-06,-3.954277030428273717e-06
1.399912505468408242e-04,2.331172469815376047e+01,7.330777824624958396e-05,7.954710474020852012e-05,6.239326493958936154e-06,6.227558167810296266e-03,-3.378920449247502093e-06,-3.378920449233099144e-06,-3.378920448351788468e-06,-3.378920448359781071e-06
1.449909380663708439e-04,1.582939111575419844e+01,7.496791224685359393e-05,7.978810325606463041e-05,4.820191009211036485e-06,6.227555250028582109e-03,-2.171468002481708544e-06,-2.171468002465282881e-06,-2.171468002198880854e-06,-2.171468002209018145e-06
1.499906255859008908e-04,9.754998004051410376e+00,7.643821372505172403e-05,7.992886313382638623e-05,3.490649408774662197e-06,6.227555125883952637e-03,-5.671240896084005472e-07,-5.671240895896641784e-07,-5.671240903475858715e-07,-5.671240903600779134e-07
1.549903131054309105e-04,5.398496004822281868e+00,7.765459552554196464e-05,8.000749459489603951e-05,2.352899069354074876e-06,6.227556548638936776e-03,1.128823826566211801e-06,1.128823826587352049e-06,1.128823827996430320e-06,1.128823827981525929e-06
1.599900006249609303e-04,2.539634649104487440e+00,7.862836260944073099e-05,8.005157244862873842e-05,1.423209839188007428e-06,6.227558650800408581e-03,2.614296175380657346e-06,2.614296175404535205e-06,2.614296174879208759e-06,2.614296174861553205e-06
1.649896881444909771e-04,8.117148928307698075e-01,7.941399663862197934e-05,8.007930623013473240e-05,6.653095915127530541e-07,6.227562793621650022e-03,3.728389397538850312e-06,3.728389397565524226e-06,3.728389397146221742e-06,3.728389397125728627e-06
1.699893756640209969e-04,5.610106197135117378e-03,8.007756789717921904e-05,8.010170779884466519e-05,2.413990166544614444e-08,6.227568477465170865e-03,4.357247358831095627e-06,4.357247358860305558e-06,4.357247359269319134e-06,4.357247359246130760e-06
1.749890631835510166e-04,0.000000000000000000e+00,8.066867608909259575e-05,8.012375308187113328e-05,0.000000000000000000e+00,6.227572474986855199e-03,4.438895561272390829e-06,4.438895561304024968e-06,4.438895561377522017e-06,4.438895561351438484e-06
1.799887507030810635e-04,0.000000000000000000e+00,8.120864712487626722e-05,8.014604358424423376e-05,0.000000000000000000e+00,6.227572040795787550e-03,3.986027826362539810e-06,3.986027826396334731e-06,3.986027825172598280e-06,3.986027825143655164e-06
1.849884382226110833e-04,0.000000000000000000e+00,8.168963061898735112e-05,8.016857930596395308e-05,0.000000000000000000e+00,6.227565081719494029e-03,3.084587115082120723e-06,3.084587115117436068e-06,3.084587116403509061e-06,3.084587116371985036e-06
1.899881257421411030e-04,0.000000000000000000e+00,8.208492754225256752e-05,8.019136024703030479e-05,0.000000000000000000e+00,6.227553956582789797e-03,1.828363716731371262e-06,1.828363716767736080e-06,1.828363716166552752e-06,1.828363716132583766e-06
1.949878132616711499e-04,0.000000000000000000e+00,8.237847977073369660e-05,8.021438640744327534e-05,0.000000000000000000e+00,6.227546299420592957e-03,3.538574991196126992e-07,3.538574991566267685e-07,3.538574992632766868e-07,3.538574992269737018e-07
1.999875007812011696e-04,0.000000000000000000e+00,8.255873524992088808e-05,8.023765778720286473e-05,0.000000000000000000e+00,6.227547141742502228e-03,-1.153591394699406298e-06,-1.153591394662428227e-06,-1.153591394692850686e-06,-1.153591394731028367e-06
2.049871883007311894e-04,0.000000000000000000e+00,8.261433506496537575e-05,8.026117438630908651e-05,0.000000000000000000e+00,6.227554736457322805e-03,-2.601838438133166823e-06,-2.601838438096667749e-06,-2.601838436867396785e-06,-2.601838436907245450e-06
2.099868758202612362e-04,0.000000000000000000e+00,8.253172773391821097e-05,8.028493620476191358e-05,0.000000000000000000e+00,6.227564235342433578e-03,-3.980760618300434265e-06,-3.980760618264671687e-06,-3.980760620696561724e-06,-3.980760620737974859e-06
2.149865633397912560e-04,0.000000000000000000e+00,8.231147537959361863e-05,8.030894324256138660e-05,0.000000000000000000e+00,6.227570500287730494e-03,-5.324529787740260383e-06,-5.324529787705518480e-06,-5.324529785725871192e-06,-5.324529785768638732e-06
2.199862508593212757e-04,0.000000000000000000e+00,8.198058962918489828e-05,8.033319549970747845e-05,0.000000000000000000e+00,6.227571548495470719e-03,-6.600047411949388039e-06,-6.600047411915683751e-06,-6.600047412588839469e-06,-6.600047412632894500e-06
2.249859383788513226e-04,0.000000000000000000e+00,8.158356678735907935e-05,8.035769297620018914e-05,0.000000000000000000e+00,6.227570601914597138e-03,-7.676049465983810174e-06,-7.676049465951082515e-06,-7.676049465712327644e-06,-7.676049465757823478e-06
2.299856258983813424e-04,0.000000000000000000e+00,8.118190220304693822e-05,8.038243567203951867e-05,0.000000000000000000e+00,6.227569873934463499e-03,-8.301314561268199668e-06,-8.301314561236366476e-06,-8.301314561627822752e-06,-8.301314561674661980e-06
2.349853134179113892e-04,0.000000000000000000e+00,8.083135106263427067e-05,8.040742358722548059e-05,0.000000000000000000e+00,6.227567121667220394e-03,-8.185642299806569598e-06,-8.185642299775400480e-06,-8.185642298493350045e-06,-8.185642298541695298e-06
2.399850009374414090e-04,0.000000000000000000e+00,8.057112468637122498e-05,8.043265672175806136e-05,0.000000000000000000e+00,6.227560847417456559e-03,-7.140354853950278520e-06,-7.140354853919692160e-06,-7.140354856039625892e-06,-7.140354856089375525e-06
2.449846884569714558e-04,1.338518441421931299e-02,8.041503149053716936e-05,8.045813417784244232e-05,4.310268730527296553e-08,6.227553495054775207e-03,-5.150494727599703667e-06,-5.150494727569669573e-06,-5.150494726930056360e-06,-5.150494726980964734e-06
2.499843759765014756e-04,5.922267379330477949e-02,8.036757787985250243e-05,8.048374416885642826e-05,1.161662890039258378e-07,6.227549249071397813e-03,-2.367558934020073308e-06,-2.367558933990409367e-06,-2.367558934050033710e-06,-2.367558934101988170e-06
2.549840634960314953e-04,2.862991632180542437e-02,8.043771658750199912e-05,8.050927073758226671e-05,7.155415008026758984e-08,6.227551588368410856e-03,1.050721297130464694e-06,1.050721297160245526e-06,1.050721297234853035e-06,1.050721297181737293e-06
2.599837510155615151e-04,0.000000000000000000e+00,8.062525830113440950e-05,8.053486511341437562e-05,0.000000000000000000e+00,6.227558609552308160e-03,4.945896225839771878e-06,4.945896225870217630e-06,4.945896225226625056e-06,4.945896225172151521e-06
2.649834385350915348e-04,0.000000000000000000e+00,8.091633964266590280e-05,8.056069805817438938e-05,0.000000000000000000e+00,6.227563404543510865e-03,9.104744345257249490e-06,9.104744345289101317e-06,9.104744347383466512e-06,9.104744347327243853e-06
2.699831260546215546e-04,0.000000000000000000e+00,8.127480055473827215e-05,8.058677622228102198e-05,0.000000000000000000e+00,6.227562706765539177e-03,1.327034426269027475e-05,1.327034426272488452e-05,1.327034426234049419e-05,1.327034426228172704e-05
2.749828135741516286e-04,0.000000000000000000e+00,8.165617170157016312e-05,8.061309960573428697e-05,0.000000000000000000e+00,6.227560372522964773e-03,1.716501797729126866e-05,1.716501797732974767e-05,1.716501797842210847e-05,1.716501797836006161e-05
2.799825010936816483e-04,0.000000000000000000e+00,8.201239762274718749e-05,8.063966820853415724e-05,0.000000000000000000e+00,6.227560600772914963e-03,2.048372713139850901e-05,2.048372713144193131e-05,2.048372713147517227e-05,2.048372713140935781e-05
2.849821886132116681e-04,0.000000000000000000e+00,8.230717689265442435e-05,8.066648203068067346e-05,0.000000000000000000e+00,6.227563814390072068e-03,2.289039475602515632e-05,2.289039475607492120e-05,2.289039475581686753e-05,2.289039475574639439e-05
2.899818761327416878e-04,0.000000000000000000e+00,8.252521558017145804e-05,8.069354107217380852e-05,0.000000000000000000e+00,6.227567262477602845e-03,2.410482464654198573e-05,2.410482464659911980e-05,2.410482464555003900e-05,2.410482464547438540e-05
2.949815636522717076e-04,0.000000000000000000e+00,8.265668510559634821e-05,8.072084533301356242e-05,0.000000000000000000e+00,6.227567513450562274e-03,2.375281366154930948e-05,2.375281366161430063e-05,2.375281366078851804e-05,2.375281366070779241e-05
2.999812511718017815e-04,0.000000000000000000e+00,8.268751324106142931e-05,8.074839481319993515e-05,0.000000000000000000e+00,6.227564603568274022e-03,2.135334172964373513e-05,2.135334172971697976e-05,2.135334172958883384e-05,2.135334172950312766e-05
3.049809386913318013e-04,0.000000000000000000e+00,8.259182126868429394e-05,8.077618951273294028e-05,0.000000000000000000e+00,6.227561823018467994e-03,1.648041175734451369e-05,1.648041175742616089e-05,1.648041175662081891e-05,1.648041175653049470e-05
3.099806262108618211e-04,0.000000000000000000e+00,8.235469070205246925e-05,8.080422943161256425e-05,0.000000000000000000e+00,6.227560338047597767e-03,8.986642777256420719e-06,8.986642777345962266e-06,8.986642777751148946e-06,8.986642777656884344e-06
3.149803137303918408e-04,0.000000000000000000e+00,8.197834184798064798e-05,8.083251456983882061e-05,0.000000000000000000e+00,6.227558750747375083e-03,-9.143306665680049844e-07,-9.143306664711654016e-07,-9.143306674338488394e-07,-9.143306675313796011e-07
3.199800012499218606e-04,0.000000000000000000e+00,8.148713482746523340e-05,8.086104492741169581e-05,0.000000000000000000e+00,6.227556702067857386e-03,-1.259229478571511916e-05,-1.259229478561126614e-05,-1.259229478426116000e-05,-1.259229478436166215e-05
3.249796887694518803e-04,0.000000000000000000e+00,8.092712054960058158e-05,8.088982050433118985e-05,0.000000000000000000e+00,6.227554918777528613e-03,-2.499661233298031352e-05,-2.499661233287045335e-05,-2.499661233231765254e-05,-2.499661233242054671e-05
3.299793762889819543e-04,6.292830123374071327e-01,8.035697738862602134e-05,8.091843733573744865e-05,5.614599471114273092e-07,6.227555081069199167e-03,-3.684247693933351026e-05,-3.684247693921855772e-05,-3.684247693770450327e-05,-3.684247693780936595e-05
3.349790638085119740e-04,1.709779022224223954e+00,7.984988534982634357e-05,8.094312346468654105e-05,1.093238114860197482e-06,6.227559817703805407e-03,-4.676819052587729826e-05,-4.676819052575825286e-05,-4.676819052528494440e-05,-4.676819052539149437e-05
3.399787513280419938e-04,2.686190950091787766e+00,7.947988823309626218e-05,8.095733790578298929e-05,1.477449672686727104e-06,6.227568043886085036e-03,-5.351945408544119150e-05,-5.351945408531923231e-05,-5.351945408301814872e-05,-5.351945408312593875e-05
3.449784388475720135e-04,3.115092896918656873e+00,7.932435952318624779e-05,8.095516480775243322e-05,1.630805284566185431e-06,6.227574814037559192e-03,-5.612111691262175516e-05,-5.612111691249789861e-05,-5.612111691253790567e-05,-5.612111691264652917e-05
3.499781263671020333e-04,2.714717241147436066e+00,7.944616352585080375e-05,8.093405472810867682e-05,1.487891202257873077e-06,6.227576637098181794e-03,-5.406123343042489499e-05,-5.406123343030001522e-05,-5.406123342919046983e-05,-5.406123342929994036e-05
3.549778138866320530e-04,1.552544584104387004e+00,7.987135680693856340e-05,8.089649912614746928e-05,1.025142319208905881e-06,6.227572763796465107e-03,-4.739289038127054700e-05,-4.739289038114532842e-05,-4.739289038271633737e-05,-4.739289038282658718e-05
3.599775014061621270e-04,2.201408766171190634e-01,8.057076324937576613e-05,8.084951775947839616e-05,2.787545101026300386e-07,6.227564297572898283e-03,-3.667922527846317356e-05,-3.667922527833817183e-05,-3.667922527816278857e-05,-3.667922527827367535e-05
3.649771889256921468e-04,0.000000000000000000e+00,8.146356303857105055e-05,8.080063455638845839e-05,0.000000000000000000e+00,6.227554451040317671e-03,-2.286224299338903698e-05,-2.286224299326443165e-05,-2.286224299783687813e-05,-2.286224299794877119e-05
3.699768764452221665e-04,0.000000000000000000e+00,8.244773694441954244e-05,8.075198098741677335e-05,0.000000000000000000e+00,6.227546907824572930e-03,-7.117415746438396278e-06,-7.117415746314322892e-06,-7.117415747529373020e-06,-7.117415747642418037e-06
3.749765639647521863e-04,0.000000000000000000e+00,8.340563658084492718e-05,8.070357263779170715e-05,0.000000000000000000e+00,6.227544648702690311e-03,9.200239207214844028e-06,9.200239207338382089e-06,9.200239205289656723e-06,9.200239205175254759e-06
3.799762514842822060e-04,0.000000000000000000e+00,8.423035454137002900e-05,8.065540950751327333e-05,0.000000000000000000e+00,6.227549353884790154e-03,2.469999514913876509e-05,2.469999514926228621e-05,2.469999515035125210e-05,2.469999515023485961e-05
3.849759390038122800e-04,0.000000000000000000e+00,8.483849800152477329e-05,8.060749159658145836e-05,0.000000000000000000e+00,6.227559318043156614e-03,3.805042255945045312e-05,3.805042255957416059e-05,3.805042255785481245e-05,3.805042255773629560e-05
3.899756265233422997e-04,0.000000000000000000e+00,8.517698367601077595e-05,8.055981890499627578e-05,0.000000000000000000e+00,6.227568424982352427e-03,4.801965737202944657e-05,4.801965737215363515e-05,4.801965737515971443e-05,4.801965737503887332e-05
3.949753140428723195e-04,0.000000000000000000e+00,8.521834881436341662e-05,8.051239143275771204e-05,0.000000000000000000e+00,6.227572090957913739e-03,5.365543235802865206e-05,5.365543235815370122e-05,5.365543236005914588e-05,5.365543235993590598e-05
3.999750015624023393e-04,0.000000000000000000e+00,8.496158170134533814e-05,8.046520917986576713e-05,0.000000000000000000e+00,6.227571309962308746e-03,5.449593123847709078e-05,5.449593123860331902e-05,5.449593124033217425e-05,5.449593124020658298e-05
4.049746890819323590e-04,0.000000000000000000e+00,8.444430373705371718e-05,8.041827214632044107e-05,0.000000000000000000e+00,6.227568805045858268e-03,5.066161494994014000e-05,5.066161495006785902e-05,5.066161495078463862e-05,5.066161495065686540e-05
4.099743766014623788e-04,0.000000000000000000e+00,8.373002634265556846e-05,8.037158033212176095e-05,0.000000000000000000e+00,6.227565594417542108e-03,4.276834153687949467e-05,4.276834153700914492e-05,4.276834153951910683e-05,4.276834153938930750e-05
4.149740641209924527e-04,0.000000000000000000e+00,8.289741310224828024e-05,8.032513373726968612e-05,0.000000000000000000e+00,6.227561252924142081e-03,3.189704155449485390e-05,3.189704155462714689e-05,3.189704155294485814e-05,3.189704155281298528e-05
4.199737516405224725e-04,0.000000000000000000e+00,8.201703772566051084e-05,8.027893236176424367e-05,0.000000000000000000e+00,6.227555645212178026e-03,1.941353291244255321e-05,1.941353291257777694e-05,1.941353291209106842e-05,1.941353291195758280e-05
4.249734391600524922e-04,0.000000000000000000e+00,8.114439125705237218e-05,8.023297620560542007e-05,0.000000000000000000e+00,6.227551560982441496e-03,6.773765123563313395e-06,6.773765123701782953e-06,6.773765123500717660e-06,6.773765123365988600e-06
4.299731266795825120e-04,0.000000000000000000e+00,8.031525689181537547e-05,8.018726526879322886e-05,0.000000000000000000e+00,6.227552242678656598e-03,-4.599258623149461180e-06,-4.599258623007312111e-06,-4.599258622400463826e-06,-4.599258622536209326e-06
4.349728141991125317e-04,6.759417556762634671e-01,7.955257341838929588e-05,8.014145453112317928e-05,5.888811127338834011e-07,6.227555708760807059e-03,-1.345040723077525302e-05,-1.345040723062940072e-05,-1.345040723203185350e-05,-1.345040723216808012e-05
4.399725017186425515e-04,1.957428319284752360e+00,7.889495511326496068e-05,8.009136140033095612e-05,1.196406287065995442e-06,6.227557251288463012e-03,-1.892104512167609690e-05,-1.892104512152639569e-05,-1.892104512150845553e-05,-1.892104512164475668e-05
4.449721892381726255e-04,3.118094949142095729e+00,7.839739436641531228e-05,8.002924723378310396e-05,1.631852867367791673e-06,6.227555487586222335e-03,-2.078528937012614613e-05,-2.078528936997231139e-05,-2.078528937077270670e-05,-2.078528937090902480e-05
4.499718767577026452e-04,3.698345052367729924e+00,7.811955133782141436e-05,7.994804332040596564e-05,1.828491982584551281e-06,6.227553715363124895e-03,-1.951171828075306240e-05,-1.951171828059488408e-05,-1.951171828065675475e-05,-1.951171828079300170e-05
4.549715642772326650e-04,3.446031457993896652e+00,7.809987514136540693e-05,7.984422770111709291e-05,1.744352559751685986e-06,6.227556234951048611e-03,-1.613178208307513922e-05,-1.613178208291249195e-05,-1.613178208212448365e-05,-1.613178208226053408e-05
4.599712517967626847e-04,2.392180421617624120e+00,7.835180153739909820e-05,7.971937520367145002e-05,1.367573666272351818e-06,6.227564188610193972e-03,-1.190580655294589318e-05,-1.190580655277864483e-05,-1.190580655345196149e-05,-1.190580655358783912e-05
4.649709393162927045e-04,9.095270182048498242e-01,7.886219594379030508e-05,7.957993268447284487e-05,7.177367406825397840e-07,6.227573362786984618e-03,-7.958517622683409780e-06,-7.958517622511870361e-06,-7.958517620884964015e-06,-7.958517621020206378e-06
4.699706268358227784e-04,0.000000000000000000e+00,7.959179919240748770e-05,7.943478217227880830e-05,0.000000000000000000e+00,6.227577992357750426e-03,-5.027927156337999608e-06,-5.027927156162668023e-06,-5.027927154945061550e-06,-5.027927155079042680e-06
4.749703143553527982e-04,0.000000000000000000e+00,8.049227726975350414e-05,7.928939058082340018e-05,0.000000000000000000e+00,6.227576163420035608e-03,-3.275369167779831976e-06,-3.275369167601279549e-06,-3.275369167246223242e-06,-3.275369167378329042e-06
4.799700018748828179e-04,0.000000000000000000e+00,8.150670932595406820e-05,7.914424420871461090e-05,0.000000000000000000e+00,6.227570993153012935e-03,-2.349431440458728504e-06,-2.349431440277778973e-06,-2.349431440292009974e-06,-2.349431440421342164e-06
4.849696893944128377e-04,0.000000000000000000e+00,8.256942097961541356e-05,7.899934305595245402e-05,0.000000000000000000e+00,6.227565233957496615e-03,-1.570747060122214237e-06,-1.570747059939650685e-06,-1.570747058419676319e-06,-1.570747058545417513e-06
4.899693769139429117e-04,0.000000000000000000e+00,8.360430547117310407e-05,7.885468712253691597e-05,0.000000000000000000e+00,6.227560159557730783e-03,-1.702619586226269727e-07,-1.702619584387090148e-07,-1.702619617454468668e-07,-1.702619618673848829e-07
4.949690644334729314e-04,0.000000000000000000e+00,8.454723542784597576e-05,7.871027640846801031e-05,0.000000000000000000e+00,6.227555561313278913e-03,2.494677063735631527e-06,2.494677063920851374e-06,2.494677060513744353e-06,2.494677060395625609e-06
4.999687519530029512e-04,0.000000000000000000e+00,8.536456755274101499e-05,7.856611091374572349e-05,0.000000000000000000e+00,6.227550962342461027e-03,6.641695648388946271e-06,6.641695648575686542e-06,6.641695647976974856e-06,6.641695647862404333e-06
5.049684394725329709e-04,0.000000000000000000e+00,8.605528946649301358e-05,7.842219063837005551e-05,0.000000000000000000e+00,6.227548434626833072e-03,1.195123103869755383e-05,1.195123103888663530e-05,1.195123103850894669e-05,1.195123103839691642e-05
5.099681269920629907e-04,0.000000000000000000e+00,8.664267555296065984e-05,7.827851558234101993e-05,0.000000000000000000e+00,6.227551267958007786e-03,1.775337294885367522e-05,1.775337294904614821e-05,1.775337294694088848e-05,1.775337294683031680e-05
5.149678145115930104e-04,0.000000000000000000e+00,8.715081314706300689e-05,7.813508574565858962e-05,0.000000000000000000e+00,6.227559315340597951e-03,2.322864188021432657e-05,2.322864188041098390e-05,2.322864188301307251e-05,2.322864188290312085e-05
5.199675020311230302e-04,0.000000000000000000e+00,8.759630825520459845e-05,7.799190112832280527e-05,0.000000000000000000e+00,6.227568729851130219e-03,2.764005774045893206e-05,2.764005774066024130e-05,2.764005774232894364e-05,2.764005774221917495e-05
5.249671895506530499e-04,0.000000000000000000e+00,8.797206395467080050e-05,7.784896173033363975e-05,0.000000000000000000e+00,6.227574557266197207e-03,3.050420778279104551e-05,3.050420778299703037e-05,3.050420778454530834e-05,3.050420778443582086e-05
5.299668770701830697e-04,0.000000000000000000e+00,8.825374996436664713e-05,7.770626755169109307e-05,0.000000000000000000e+00,6.227573474360053978e-03,3.167945355402633972e-05,3.167945355423630902e-05,3.167945355570131010e-05,3.167945355559299153e-05
5.349665645897130895e-04,0.000000000000000000e+00,8.841135537592068484e-05,7.756381859239516524e-05,0.000000000000000000e+00,6.227566723541016515e-03,3.123705952080043768e-05,3.123705952101348340e-05,3.123705952352377735e-05,3.123705952341762718e-05
5.399662521092431092e-04,0.000000000000000000e+00,8.841877624531521110e-05,7.742161485244586979e-05,0.000000000000000000e+00,6.227559317347548980e-03,2.934289444824436739e-05,2.934289444845975431e-05,2.934289444812374312e-05,2.934289444802066598e-05
5.449659396287732374e-04,0.000000000000000000e+00,8.825872293242566853e-05,7.727965633184319318e-05,0.000000000000000000e+00,6.227554596688444043e-03,2.620269287133575279e-05,2.620269287155299980e-05,2.620269287126672977e-05,2.620269287116735926e-05
5.499656271483032571e-04,0.000000000000000000e+00,8.791822367354308729e-05,7.713794303058714896e-05,0.000000000000000000e+00,6.227552940104150690e-03,2.204154261542513421e-05,2.204154261564379068e-05,2.204154261588904399e-05,2.204154261579365453e-05
5.549653146678332769e-04,0.000000000000000000e+00,8.740333496041091969e-05,7.699647494867772359e-05,0.000000000000000000e+00,6.227554169645991428e-03,1.714181509091479075e-05,1.714181509113466695e-05,1.714181509134915263e-05,1.714181509125762225e-05
5.599650021873632966e-04,0.000000000000000000e+00,8.673869966953741753e-05,7.685525208611491705e-05,0.000000000000000000e+00,6.227558206481415524e-03,1.181128787117387855e-05,1.181128787139486097e-05,1.181128787285694656e-05,1.181128787276902963e-05
5.649646897068933164e-04,0.000000000000000000e+00,8.596913840243941454e-05,7.671427444289874290e-05,0.000000000000000000e+00,6.227564657002187566e-03,6.405179619181508116e-06,6.405179619403473100e-06,6.405179618049650176e-06,6.405179617964791027e-06
5.699643772264233361e-04,0.000000000000000000e+00,8.515028269416485330e-05,7.657354201902917404e-05,0.000000000000000000e+00,6.227571841147286694e-03,1.318591630892946250e-06,1.318591631115829417e-06,1.318591630235172650e-06,1.318591630152759732e-06
5.749640647459533559e-04,0.000000000000000000e+00,8.433753320534969440e-05,7.643305481450625113e-05,0.000000000000000000e+00,6.227575371896525679e-03,-3.058563320818953553e-06,-3.058563320595408005e-06,-3.058563321245958108e-06,-3.058563321326509247e-06
5.799637522654833757e-04,0.000000000000000000e+00,8.357607176949006416e-05,7.629281282932994705e-05,0.000000000000000000e+00,6.227572068737798235e-03,-6.367153428651187749e-06,-6.367153428427535476e-06,-6.367153429143104674e-06,-6.367153429222102355e-06
5.849634397850133954e-04,0.000000000000000000e+00,8.288733118520804992e-05,7.615281606350026182e-05,0.000000000000000000e+00,6.227564622521668432e-03,-8.254905762180376393e-06,-8.254905761957300102e-06,-8.254905765132823233e-06,-8.254905765210506318e-06
5.899631273045434152e-04,0.000000000000000000e+00,8.228139769268074191e-05,7.601306451701719542e-05,0.000000000000000000e+00,6.227557998725797260e-03,-8.425562148866540724e-06,-8.425562148645033138e-06,-8.425562148345546004e-06,-8.425562148421777276e-06
5.949628148240734349e-04,0.000000000000000000e+00,8.176237043407754432e-05,7.587355818988076141e-05,0.000000000000000000e+00,6.227553981207057700e-03,-6.909854055736731043e-06,-6.909854055517599384e-06,-6.909854056655450083e-06,-6.909854056730282902e-06
5.999625023436035631e-04,0.000000000000000000e+00,8.133687909567197127e-05,7.573429708209094625e-05,0.000000000000000000e+00,6.227552262116720604e-03,-4.086081191725513998e-06,-4.086081191509058117e-06,-4.086081192068855415e-06,-4.086081192142953857e-06
6.049621898631335828e-04,0.000000000000000000e+00,8.100690094319047056e-05,7.559528119364776347e-05,0.000000000000000000e+00,6.227552780316623730e-03,-5.764976804554178079e-07,-5.764976802415284362e-07,-5.764976807829485080e-07,-5.764976808573637405e-07
6.099618773826636026e-04,0.000000000000000000e+00,8.076512922604615419e-05,7.545651052455119954e-05,0.000000000000000000e+00,6.227555639976150269e-03,2.935498355977607480e-06,2.935498356189175981e-06,2.935498360248530559e-06,2.935498360172773626e-06
6.149615649021936224e-04,0.000000000000000000e+00,8.059669640450884700e-05,7.531798507480125444e-05,0.000000000000000000e+00,6.227560174725849280e-03,5.848623384868826592e-06,5.848623385078284288e-06,5.848623383890693274e-06,5.848623383812312233e-06
6.199612524217236421e-04,0.000000000000000000e+00,8.047424321976933250e-05,7.517970484439794173e-05,0.000000000000000000e+00,6.227563347115449427e-03,7.808090051088649892e-06,7.808090051296664243e-06,7.808090052751223101e-06,7.808090052668847453e-06
6.249609399412536619e-04,0.000000000000000000e+00,8.036700649215860191e-05,7.504166983334123432e-05,0.000000000000000000e+00,6.227562159957168893e-03,8.664553324898290829e-06,8.664553325105305682e-06,8.664553324905839587e-06,8.664553324818351248e-06
6.299606274607836816e-04,0.000000000000000000e+00,8.024048820789123234e-05,7.490388004163117284e-05,0.000000000000000000e+00,6.227559040881221718e-03,8.311441602264542456e-06,8.311441602470977938e-06,8.311441605494872007e-06,8.311441605401359570e-06
6.349603149803137014e-04,0.000000000000000000e+00,8.006191377981939435e-05,7.476633546926773021e-05,0.000000000000000000e+00,6.227559675569469856e-03,6.743931216987665485e-06,6.743931217194126378e-06,6.743931215400678108e-06,6.743931215300330115e-06
6.399600024998437211e-04,0.000000000000000000e+00,7.979162132367964881e-05,7.462903611625090641e-05,0.000000000000000000e+00,6.227564872471231215e-03,4.172969126427526887e-06,4.172969126634392661e-06,4.172969127407891290e-06,4.172969127300174110e-06
6.449596900193737409e-04,0.000000000000000000e+00,7.938255779439088323e-05,7.449198198258070145e-05,0.000000000000000000e+00,6.227569895454187869e-03,1.093051140506318990e-06,1.093051140713310125e-06,1.093051139399750065e-06,1.093051139285258316e-06
6.499593775389037606e-04,0.000000000000000000e+00,7.879521122473631721e-05,7.435517306825712889e-05,0.000000000000000000e+00,6.227570340720697296e-03,-1.867166652497173865e-06,-1.867166652290574058e-06,-1.867166652217359919e-06,-1.867166652337845273e-06
6.549590650584338888e-04,0.000000000000000000e+00,7.800891415744408148e-05,7.421860937328017516e-05,0.000000000000000000e+00,6.227566526671450726e-03,-4.166235513799081133e-06,-4.166235513593294479e-06,-4.166235516265849446e-06,-4.166235516391510172e-06
6.599587525779639086e-04,0.000000000000000000e+00,7.703681683991748207e-05,7.408229089764985383e-05,0.000000000000000000e+00,6.227562658073150514e-03,-5.568782170835705851e-06,-5.568782170631247344e-06,-5.568782170044577078e-06,-5.568782170174479745e-06
6.649584400974939283e-04,0.000000000000000000e+00,7.592192244931365061e-05,7.394621764136615134e-05,0.000000000000000000e+00,6.227561328417535735e-03,-6.258177918015801622e-06,-6.258177917812889798e-06,-6.258177918616830791e-06,-6.258177918750326571e-06
6.699581276170239481e-04,0.000000000000000000e+00,7.473673337528866307e-05,7.381038960442906768e-05,0.000000000000000000e+00,6.227559771864806144e-03,-6.773841084234897279e-06,-6.773841084033655803e-06,-6.773841084180693946e-06,-6.773841084317354242e-06
6.749578151365539678e-04,5.235309492847040752e-02,7.356780662661921313e-05,7.367480643884921111e-05,1.069998122299979778e-07,6.227555026151158565e-03,-7.848983493070251101e-06,-7.848983492871069610e-06,-7.848983494873692666e-06,-7.848983495012873732e-06
6.799575026560839876e-04,1.567914906771550765e+00,7.250610603774103357e-05,7.353800323889759377e-05,1.031897201156560203e-06,6.227549588340442963e-03,-1.012936895180127419e-05,-1.012936895160478288e-05,-1.012936894963371688e-05,-1.012936894977457168e-05
6.849571901756140073e-04,3.422452137802266758e+00,7.165502919645089816e-05,7.339141554985196398e-05,1.736386353401065817e-06,6.227548384301771246e-03,-1.406523135061359833e-05,-1.406523135042057307e-05,-1.406523134992579402e-05,-1.406523135006731290e-05
6.899568776951440271e-04,4.576069889193671969e+00,7.111647211962646240e-05,7.322388618457645868e-05,2.107414064949996281e-06,6.227552983362898836e-03,-1.981423406951090887e-05,-1.981423406932236950e-05,-1.981423406856532872e-05,-1.981423406870640036e-05
6.949565652146740468e-04,4.398939512992733114e+00,7.097580978232247303e-05,7.302848435212234003e-05,2.052674569799867003e-06,6.227561170448553222e-03,-2.709497305655039637e-05,-2.709497305636738643e-05,-2.709497305667017699e-05,-2.709497305680956812e-05
6.999562527342040666e-04,2.835578788559366625e+00,7.127462816893439927e-05,7.280635947152457575e-05,1.531731302590176483e-06,6.227567988000855433e-03,-3.515571353777369835e-05,-3.515571353759749517e-05,-3.515571353650799396e-05,-3.515571353664446791e-05
7.049559402537340863e-04,6.289369816843516370e-01,7.200573126476194578e-05,7.256698536897167578e-05,5.612541042097300009e-07,6.227570172251480421e-03,-4.298471593752574232e-05,-4.298471593735784006e-05,-4.298471593570061671e-05,-4.298471593583263865e-05
7.099556277732641061e-04,0.000000000000000000e+00,7.311941485070304098e-05,7.232296446862795773e-05,0.000000000000000000e+00,6.227569482629344982e-03,-4.964132770643338158e-05,-4.964132770627520326e-05,-4.964132770728572712e-05,-4.964132770741217220e-05
7.149553152927942343e-04,0.000000000000000000e+00,7.454909523161565082e-05,7.207909589038863233e-05,0.000000000000000000e+00,6.227567620027366080e-03,-5.448898021935643900e-05,-5.448898021920879777e-05,-5.448898021915300879e-05,-5.448898021927347721e-05
7.199550028123242540e-04,0.000000000000000000e+00,7.621449630184230079e-05,7.183547253149592576e-05,0.000000000000000000e+00,6.227566312176757886e-03,-5.744389654081580836e-05,-5.744389654067906336e-05,-5.744389654188664096e-05,-5.744389654200136310e-05
7.249546903318542738e-04,0.000000000000000000e+00,7.802001452678351866e-05,7.159209439194985159e-05,0.000000000000000000e+00,6.227565152926855217e-03,-5.888735592837320091e-05,-5.888735592824683037e-05,-5.888735592921931906e-05,-5.888735592932951466e-05
7.299543778513842935e-04,0.000000000000000000e+00,7.986747574529279661e-05,7.134896147175038270e-05,0.000000000000000000e+00,6.227563024624621114e-03,-5.933379343786544064e-05,-5.933379343774831293e-05,-5.933379344261486280e-05,-5.933379344272253763e-05
7.349540653709143133e-04,0.000000000000000000e+00,8.165339907186721226e-05,7.110607377089754621e-05,0.000000000000000000e+00,6.227559264326324416e-03,-5.908487875051565767e-05,-5.908487875040643108e-05,-5.908487874954001802e-05,-5.908487874964714397e-05
7.399537528904443330e-04,0.000000000000000000e+00,8.328111253817947692e-05,7.086343128939134211e-05,0.000000000000000000e+00,6.227555527469191658e-03,-5.814820556676430759e-05,-5.814820556666173529e-05,-5.814820556750265604e-05,-5.814820556761116435e-05
7.449534404099743528e-04,0.000000000000000000e+00,8.467579222339465829e-05,7.062103402723175685e-05,0.000000000000000000e+00,6.227554072317305518e-03,-5.636259523262723234e-05,-5.636259523252979645e-05,-5.636259523328083007e-05,-5.636259523339250290e-05
7.499531279295043725e-04,0.000000000000000000e+00,8.580167036198627247e-05,7.037888198441879042e-05,0.000000000000000000e+00,6.227555445369319619e-03,-5.360166825764839946e-05,-5.360166825755467018e-05,-5.360166825883911094e-05,-5.360166825895551360e-05
7.549528154490343923e-04,0.000000000000000000e+00,8.666645678398487724e-05,7.013697516095245639e-05,0.000000000000000000e+00,6.227558795854457215e-03,-4.990665299699293056e-05,-4.990665299690166107e-05,-4.990665299153586320e-05,-4.990665299165806634e-05
7.599525029685644121e-04,0.000000000000000000e+00,8.731050901658162704e-05,6.989531355683274120e-05,0.000000000000000000e+00,6.227562688481899818e-03,-4.543771929118007680e-05,-4.543771929109004736e-05,-4.543771929137464365e-05,-4.543771929150331812e-05
7.649521904880944318e-04,0.000000000000000000e+00,8.779855882890024365e-05,6.965389717205964484e-05,0.000000000000000000e+00,6.227565475054031713e-03,-4.044351577846955464e-05,-4.044351577837978270e-05,-4.044351577610121664e-05,-4.044351577623687066e-05
7.699518780076245600e-04,0.000000000000000000e+00,8.819679460355983776e-05,6.941272600663318088e-05,0.000000000000000000e+00,6.227566998204071835e-03,-3.527900727781247965e-05,-3.527900727772201653e-05,-3.527900727876816998e-05,-3.527900727891103395e-05
7.749515655271545797e-04,0.000000000000000000e+00,8.856238308172862121e-05,6.917180006055333576e-05,0.000000000000000000e+00,6.227568106948162298e-03,-3.043261000617714158e-05,-3.043261000608507927e-05,-3.043261000378238293e-05,-3.043261000393267707e-05
7.799512530466845995e-04,0.000000000000000000e+00,8.893736160351987886e-05,6.893111933382012303e-05,0.000000000000000000e+00,6.227568467464648753e-03,-2.655372649050075459e-05,-2.655372649040582252e-05,-2.655372649437569315e-05,-2.655372649453402055e-05
7.849509405662146192e-04,0.000000000000000000e+00,8.935587999729552007e-05,6.869068382643351558e-05,0.000000000000000000e+00,6.227566744862834958e-03,-2.426871654832166641e-05,-2.426871654822268892e-05,-2.426871654681285001e-05,-2.426871654697980698e-05
7.899506280857446390e-04,0.000000000000000000e+00,8.984810086231457822e-05,6.845049353839354053e-05,0.000000000000000000e+00,6.227562282971722298e-03,-2.381669859261138515e-05,-2.381669859250728480e-05,-2.381669859550521222e-05,-2.381669859568138491e-05
7.949503156052746588e-04,0.000000000000000000e+00,9.043514272218323080e-05,6.821054846970019787e-05,0.000000000000000000e+00,6.227556229690851819e-03,-2.479799459425717284e-05,-2.479799459414723474e-05,-2.479799459225573224e-05,-2.479799459244131038e-05
7.999500031248046785e-04,0.000000000000000000e+00,9.113492062350441705e-05,6.797084862035347405e-05,0.000000000000000000e+00,6.227551781854832186e-03,-2.638261071621512006e-05,-2.638261071609932727e-05,-2.638261071894746539e-05,-2.638261071914192721e-05
8.049496906443346983e-04,0.000000000000000000e+00,9.196176726053587665e-05,6.773139399035336906e-05,0.000000000000000000e+00,6.227552028544138321e-03,-2.769307223709160408e-05,-2.769307223697055630e-05,-2.769307223686268496e-05,-2.769307223706492254e-05
8.099493781638647180e-04,0.000000000000000000e+00,9.293079787883279331e-05,6.749218457969988292e-05,0.000000000000000000e+00,6.227556358355648518e-03,-2.813786702786132273e-05,-2.813786702773573146e-05,-2.813786702844946175e-05,-2.813786702865817067e-05
8.149490656833947378e-04,0.000000000000000000e+00,9.405014849019801139e-05,6.725322038839302917e-05,0.000000000000000000e+00,6.227561381667079399e-03,-2.759608556501788170e-05,-2.759608556488885825e-05,-2.759608556225750636e-05,-2.759608556247108741e-05
8.199487532029247575e-04,0.000000000000000000e+00,9.531863885220782700e-05,6.701450141643278070e-05,0.000000000000000000e+00,6.227564868675660587e-03,-2.633591100540828145e-05,-2.633591100527693036e-05,-2.633591100969847622e-05,-2.633591100991524212e-05
8.249484407224548857e-04,0.000000000000000000e+00,9.672146324905586657e-05,6.677602766381917818e-05,0.000000000000000000e+00,6.227566929820854344e-03,-2.480491437431392749e-05,-2.480491437418095348e-05,-2.480491437402937524e-05,-2.480491437424818080e-05
8.299481282419849055e-04,0.000000000000000000e+00,9.822073009169076264e-05,6.653779913055219450e-05,0.000000000000000000e+00,6.227568252160318833e-03,-2.345415132775176460e-05,-2.345415132761776399e-05,-2.345415132619199070e-05,-2.345415132641179913e-05
8.349478157615149252e-04,0.000000000000000000e+00,9.976260246601214850e-05,6.629981581663182966e-05,0.000000000000000000e+00,6.227569056341211717e-03,-2.271247638341093147e-05,-2.271247638327618886e-05,-2.271247638202122823e-05,-2.271247638224132805e-05
8.399475032810449450e-04,0.000000000000000000e+00,1.012889067838623362e-04,6.606207772205808365e-05,0.000000000000000000e+00,6.227568287205617094e-03,-2.290900589335324625e-05,-2.290900589321781923e-05,-2.290900589599099155e-05,-2.290900589621114558e-05
8.449471908005749647e-04,0.000000000000000000e+00,1.027571667497174604e-04,6.582458484683097004e-05,0.000000000000000000e+00,6.227564484980320329e-03,-2.408657851705945559e-05,-2.408657851692302569e-05,-2.408657851426124159e-05,-2.408657851448126348e-05
8.499468783201049845e-04,0.000000000000000000e+00,1.041407099306310082e-04,6.558733719095047527e-05,0.000000000000000000e+00,6.227558225671359429e-03,-2.578258606469436851e-05,-2.578258606455664773e-05,-2.578258606560420726e-05,-2.578258606582412412e-05
8.549465658396350042e-04,0.000000000000000000e+00,1.054249785258985463e-04,6.535033475441661289e-05,0.000000000000000000e+00,6.227552399762747125e-03,-2.704785405532742623e-05,-2.704785405518816385e-05,-2.704785405940282700e-05,-2.704785405962230679e-05
8.599462533591650240e-04,0.000000000000000000e+00,1.065999320399993791e-04,6.511357753722936935e-05,0.000000000000000000e+00,6.227549651443410259e-03,-2.684276309203680299e-05,-2.684276309189582960e-05,-2.684276309475924142e-05,-2.684276309497778270e-05
8.649459408786950437e-04,0.000000000000000000e+00,1.076460869815000249e-04,6.487706553938874464e-05,0.000000000000000000e+00,6.227551183326344129e-03,-2.446419274692096459e-05,-2.446419274677813450e-05,-2.446419274837931138e-05,-2.446419274859630767e-05
8.699456283982250635e-04,0.000000000000000000e+00,1.085287782542899260e-04,6.464079876089475233e-05,0.000000000000000000e+00,6.227556594872976810e-03,-1.983019974321183692e-05,-1.983019974306718741e-05,-1.983019974564426144e-05,-1.983019974585884876e-05
8.749453159177550832e-04,0.000000000000000000e+00,1.091935893020532915e-04,6.440477720174736531e-05,0.000000000000000000e+00,6.227563682901645151e-03,-1.356888225601958490e-05,-1.356888225587314138e-05,-1.356888225911063344e-05,-1.356888225932190717e-05
8.799450034372851030e-04,0.000000000000000000e+00,1.095782171026173508e-04,6.416900086194662423e-05,0.000000000000000000e+00,6.227569737855145546e-03,-6.766530828786906262e-06,-6.766530828638226569e-06,-6.766530826721258872e-06,-6.766530826928767544e-06
8.849446909568152312e-04,0.000000000000000000e+00,1.096144805238439797e-04,6.393346974149250199e-05,0.000000000000000000e+00,6.227572643459843363e-03,-4.802104901031582508e-07,-4.802104899516105040e-07,-4.802104867211217108e-07,-4.802104869246611870e-07
8.899443784763452509e-04,0.000000000000000000e+00,1.092343261568322327e-04,6.369818384038499859e-05,0.000000000000000000e+00,6.227570912154101364e-03,4.581631039974464755e-06,4.581631040129344729e-06,4.581631045007612455e-06,4.581631044808339484e-06
8.949440659958752707e-04,0.000000000000000000e+00,1.083823976683104246e-04,6.346314315862411402e-05,0.000000000000000000e+00,6.227565279359507759e-03,8.000810516429310331e-06,8.000810516588244205e-06,8.000810517546377382e-06,8.000810517351476795e-06
8.999437535154052904e-04,0.000000000000000000e+00,1.070313653059665464e-04,6.322834769620984830e-05,0.000000000000000000e+00,6.227559214122317666e-03,9.720251402602684721e-06,9.720251402766387391e-06,9.720251406200262347e-06,9.720251406009744309e-06
9.049434410349353102e-04,0.000000000000000000e+00,1.051962335905857581e-04,6.299379745314221497e-05,0.000000000000000000e+00,6.227555590775933451e-03,1.012386666312300914e-05,1.012386666329203118e-05,1.012386666504846072e-05,1.012386666486245398e-05
9.099431285544653299e-04,0.000000000000000000e+00,1.029318770916013819e-04,6.275949242942120048e-05,0.000000000000000000e+00,6.227555140556428545e-03,9.985067123637316670e-06,9.985067123812091754e-06,9.985067123408499190e-06,9.985067123227200258e-06
9.149428160739953497e-04,0.000000000000000000e+00,1.003332733073207343e-04,6.252543262504681838e-05,0.000000000000000000e+00,6.227557708560350035e-03,1.021385695940130048e-05,1.021385695958231312e-05,1.021385695487614555e-05,1.021385695469962727e-05
9.199425035935253694e-04,0.000000000000000000e+00,9.751922764638959896e-05,6.229161804001905512e-05,0.000000000000000000e+00,6.227562291956194318e-03,1.155472154058547710e-05,1.155472154077308135e-05,1.155472154167026881e-05,1.155472154149861928e-05
9.249421911130553892e-04,0.000000000000000000e+00,9.461203871535963468e-05,6.205804867433791069e-05,0.000000000000000000e+00,6.227566985689918927e-03,1.421852176450097771e-05,1.421852176469514138e-05,1.421852176088733865e-05,1.421852176072077978e-05
9.299418786325854090e-04,0.000000000000000000e+00,9.172130847906211678e-05,6.182472452800338511e-05,0.000000000000000000e+00,6.227569823812801469e-03,1.763894027382272023e-05,1.763894027402310112e-05,1.763894027071769057e-05,1.763894027055654085e-05
9.349415661521154287e-04,0.000000000000000000e+00,8.893871848710663730e-05,6.159164560101550547e-05,0.000000000000000000e+00,6.227568813869538769e-03,2.075668881685428601e-05,2.075668881706046060e-05,2.075668881401872124e-05,2.075668881386312807e-05
9.399412536716455569e-04,0.000000000000000000e+00,8.634210494125250013e-05,6.135881189337423112e-05,0.000000000000000000e+00,6.227564104752511022e-03,2.264857113405427277e-05,2.264857113426586499e-05,2.264857113759178052e-05,2.264857113744146944e-05
9.449409411911755766e-04,0.000000000000000000e+00,8.398881465374131235e-05,6.112622340507958916e-05,0.000000000000000000e+00,6.227559692601333623e-03,2.309732406571347901e-05,2.309732406593019408e-05,2.309732406250666309e-05,2.309732406236098359e-05
9.499406287107055964e-04,0.000000000000000000e+00,8.191868235762233457e-05,6.089388013613156604e-05,0.000000000000000000e+00,6.227558927255454069e-03,2.261874172852511609e-05,2.261874172874657455e-05,2.261874172684872269e-05,2.261874172670692260e-05
9.549403162302356161e-04,0.000000000000000000e+00,8.015362044731153240e-05,6.066178208653016853e-05,0.000000000000000000e+00,6.227560405249637707e-03,2.212081345050354871e-05,2.212081345072946595e-05,2.212081344999138516e-05,2.212081344985241077e-05
9.599400037497656359e-04,0.000000000000000000e+00,7.870058249173544408e-05,6.042992925627538986e-05,0.000000000000000000e+00,6.227561342359511781e-03,2.256395202218646086e-05,2.256395202241676573e-05,2.256395202422908420e-05,2.256395202409148878e-05
9.649396912692956556e-04,0.000000000000000000e+00,7.755267557273949305e-05,6.019832164536723681e-05,0.000000000000000000e+00,6.227561011356088326e-03,2.467384046505866944e-05,2.467384046529291471e-05,2.467384046302001360e-05,2.467384046288261131e-05
9.699393787888256754e-04,0.000000000000000000e+00,7.669249391399980459e-05,5.996695925380570938e-05,0.000000000000000000e+00,6.227560194346186753e-03,2.879638812729021544e-05,2.879638812752799453e-05,2.879638812714017880e-05,2.879638812700186849e-05
9.749390663083556952e-04,0.000000000000000000e+00,7.609967019525637867e-05,5.973584208159080078e-05,0.000000000000000000e+00,6.227559603644467444e-03,3.489645414509258447e-05,3.489645414533414471e-05,3.489645414723949450e-05,3.489645414709850756e-05
9.799387538278858233e-04,0.000000000000000000e+00,7.574176508920366687e-05,5.950497012872251780e-05,0.000000000000000000e+00,6.227558699072592574e-03,4.265563141057464720e-05,4.265563141081998183e-05,4.265563141265571906e-05,4.265563141251059860e-05
9.849384413474157347e-04,0.000000000000000000e+00,7.556830444446110181e-05,5.927434339520086721e-05,0.000000000000000000e+00,6.227557045222827103e-03,5.128721539054320236e-05,5.128721539079185735e-05,5.128721539005692414e-05,5.128721538990693154e-05
9.899381288669458628e-04,0.000000000000000000e+00,7.550685943460795830e-05,5.904396188102582868e-05,0.000000000000000000e+00,6.227557087967176830e-03,5.948773182330327296e-05,5.948773182355509924e-05,5.948773182523919725e-05,5.948773182508318056e-05
9.949378163864757742e-04,0.000000000000000000e+00,7.547305446798870012e-05,5.881382558619741577e-05,0.000000000000000000e+00,6.227561130888508746e-03,6.585555705076136571e-05,6.585555705101612612e-05,6.585555705306650150e-05,6.585555705290373565e-05
9.999375039060059023e-04,0.000000000000000000e+00,7.538109087218498243e-05,5.858393451071563525e-05,0.000000000000000000e+00,6.227566668688222333e-03,6.938148395581634500e-05,6.938148395607330091e-05,6.938148395429553461e-05,6.938148395412591118e-05
1.004937191425535814e-03,0.000000000000000000e+00,7.515386645767804341e-05,5.835428865458046680e-05,0.000000000000000000e+00,6.227569096074128327e-03,6.965980257023656516e-05,6.965980257049499830e-05,6.965980256734270759e-05,6.965980256716611816e-05
1.009936878945065942e-03,0.000000000000000000e+00,7.473949561702794488e-05,5.812488801779193073e-05,0.000000000000000000e+00,6.227566837107323047e-03,6.681307041606153029e-05,6.681307041632102053e-05,6.681307041494462587e-05,6.681307041476093492e-05
1.014936566464595853e-03,0.000000000000000000e+00,7.411438161769682295e-05,5.789573260035000673e-05,0.000000000000000000e+00,6.227561804332196714e-03,6.138665381397320157e-05,6.138665381423270536e-05,6.138665381495670846e-05,6.138665381476651230e-05
1.019936253984125981e-03,0.000000000000000000e+00,7.328417437563093065e-05,5.766682240225471512e-05,0.000000000000000000e+00,6.227557155829246960e-03,5.402513426029285047e-05,5.402513426055095158e-05,5.402513425710234163e-05,5.402513425690660248e-05
1.024935941503656110e-03,0.000000000000000000e+00,7.227854642933223073e-05,5.743815742350604913e-05,0.000000000000000000e+00,6.227554188549396311e-03,4.531233691787129008e-05,4.531233691812660614e-05,4.531233691738235556e-05,4.531233691718244223e-05
1.029935629023186021e-03,0.000000000000000000e+00,7.115267851748224349e-05,5.720973766410399519e-05,0.000000000000000000e+00,6.227551511350282870e-03,3.585562259191968435e-05,3.585562259217036545e-05,3.585562259110964981e-05,3.585562259090721571e-05
1.034935316542716149e-03,0.000000000000000000e+00,6.998136085457718283e-05,5.698156312404857365e-05,0.000000000000000000e+00,6.227549530532991429e-03,2.645194523330180125e-05,2.645194523354628207e-05,2.645194523655678624e-05,2.645194523635339669e-05
1.039935004062246060e-03,0.000000000000000000e+00,6.884202449453946952e-05,5.675363380333977773e-05,0.000000000000000000e+00,6.227551707151659718e-03,1.801603995522283759e-05,1.801603995546009152e-05,1.801603995258232080e-05,1.801603995237917519e-05
1.044934691581776189e-03,0.000000000000000000e+00,6.780209501154196795e-05,5.652594970197760064e-05,0.000000000000000000e+00,6.227559359493088642e-03,1.128738418295405909e-05,1.128738418318284099e-05,1.128738418403772763e-05,1.128738418383614734e-05
1.049934379101306100e-03,0.000000000000000000e+00,6.690396164586777405e-05,5.629851081996204917e-05,0.000000000000000000e+00,6.227569092645744014e-03,6.712164769997401069e-06,6.712164770216904575e-06,6.712164770254265504e-06,6.712164770055136529e-06
1.054934066620836228e-03,0.000000000000000000e+00,6.616226135011466696e-05,5.607131715729311654e-05,0.000000000000000000e+00,6.227575910393572112e-03,4.526516178483379484e-06,4.526516178693262390e-06,4.526516179947855404e-06,4.526516179751653775e-06
1.059933754140366139e-03,0.000000000000000000e+00,6.556247844879118563e-05,5.584436871397080953e-05,0.000000000000000000e+00,6.227576434271649315e-03,4.881902446906404437e-06,4.881902447105955235e-06,4.881902443599786016e-06,4.881902443407328272e-06
1.064933441659896268e-03,0.000000000000000000e+00,6.507304108872838584e-05,5.561766548999512813e-05,0.000000000000000000e+00,6.227571886389376282e-03,7.837636476700989119e-06,7.837636476889921512e-06,7.837636480377964225e-06,7.837636480189851760e-06
1.069933129179426179e-03,0.000000000000000000e+00,6.465737734002213115e-05,5.539120748536606557e-05,0.000000000000000000e+00,6.227567042512777845e-03,1.334506002527919781e-05,1.334506002545779809e-05,1.334506002719456122e-05,1.334506002701055518e-05
1.074932816698956307e-03,0.000000000000000000e+00,6.427593074809060964e-05,5.516499470008363540e-05,0.000000000000000000e+00,6.227564630814726512e-03,2.114079099284620501e-05,2.114079099301482555e-05,2.114079099366797604e-05,2.114079099348793072e-05
1.079932504218486218e-03,0.000000000000000000e+00,6.388735672250526066e-05,5.493902713414782407e-05,0.000000000000000000e+00,6.227563135969216984e-03,3.043621458196423893e-05,3.043621458212294242e-05,3.043621458017753135e-05,3.043621458000168054e-05
1.084932191738016347e-03,0.000000000000000000e+00,6.344652599803905866e-05,5.471330478755863158e-05,0.000000000000000000e+00,6.227560612172834166e-03,3.999080155237291192e-05,3.999080155252240985e-05,3.999080155637808350e-05,3.999080155620616292e-05
1.089931879257546475e-03,0.000000000000000000e+00,6.291391956142297788e-05,5.448782766031607148e-05,0.000000000000000000e+00,6.227557255431399007e-03,4.858465241004422951e-05,4.858465241018544007e-05,4.858465240851978704e-05,4.858465240835124104e-05
1.094931566777076386e-03,0.000000000000000000e+00,6.225753309999597493e-05,5.426259575242013022e-05,0.000000000000000000e+00,6.227555260646185260e-03,5.544203741624947640e-05,5.544203741638294169e-05,5.544203741619209500e-05,5.544203741602705233e-05
1.099931254296606514e-03,0.000000000000000000e+00,6.145747913203762516e-05,5.403760906387081457e-05,0.000000000000000000e+00,6.227556552197447033e-03,6.019392028553610197e-05,6.019392028566306204e-05,6.019392028340798929e-05,6.019392028324590106e-05
1.104930941816136426e-03,0.000000000000000000e+00,6.050925716614733124e-05,5.381286759466811777e-05,0.000000000000000000e+00,6.227559410914245905e-03,6.275906783087455707e-05,6.275906783099704481e-05,6.275906783097961626e-05,6.275906783081928986e-05
1.109930629335666554e-03,0.000000000000000000e+00,5.942248496313103562e-05,5.358837134481204658e-05,0.000000000000000000e+00,6.227560090507162568e-03,6.325140404345290523e-05,6.325140404357262826e-05,6.325140404185057639e-05,6.325140404169133420e-05
1.114930316855196465e-03,0.000000000000000000e+00,5.822296346781771997e-05,5.336412031430260100e-05,0.000000000000000000e+00,6.227557929064049536e-03,6.182033449504808890e-05,6.182033449516656509e-05,6.182033449498458176e-05,6.182033449482597653e-05
1.119930004374726593e-03,0.000000000000000000e+00,5.695212219262013039e-05,5.314011450313977427e-05,0.000000000000000000e+00,6.227556113088752315e-03,5.869625877789908799e-05,5.869625877801800464e-05,5.869625877688899103e-05,5.869625877673054166e-05
1.124929691894256505e-03,0.000000000000000000e+00,5.567624288040115516e-05,5.291635391132357315e-05,0.000000000000000000e+00,6.227557796527781984e-03,5.436225043151402604e-05,5.436225043163471808e-05,5.436225043197312468e-05,5.436225043181475662e-05
1.129929379413786633e-03,0.000000000000000000e+00,5.448148061765851428e-05,5.269283853885399764e-05,0.000000000000000000e+00,6.227563065168828862e-03,4.960834471578585384e-05,4.960834471590910052e-05,4.960834471665649529e-05,4.960834471649877775e-05
1.134929066933316544e-03,0.000000000000000000e+00,5.346126419192959948e-05,5.246956838573104776e-05,0.000000000000000000e+00,6.227567833858519385e-03,4.517808410259582547e-05,4.517808410272241963e-05,4.517808410069883759e-05,4.517808410054222458e-05
1.139928754452846672e-03,0.000000000000000000e+00,5.269734808028336067e-05,5.224654345195471671e-05,0.000000000000000000e+00,6.227567863422865148e-03,4.142058450111865480e-05,4.142058450124877261e-05,4.142058450273511893e-05,4.142058450258073531e-05
1.144928441972376800e-03,0.000000000000000000e+00,5.224387867255066143e-05,5.202376373752501127e-05,0.000000000000000000e+00,6.227564097404283960e-03,3.832334389604821344e-05,3.832334389618139412e-05,3.832334389869063775e-05,3.832334389854007595e-05
1.149928129491906712e-03,0.000000000000000000e+00,5.212529422491352321e-05,5.180122924244193145e-05,0.000000000000000000e+00,6.227561713060698542e-03,3.575901712151891178e-05,3.575901712165417955e-05,3.575901712256734206e-05,3.575901712242253330e-05
1.154927817011436840e-03,0.000000000000000000e+00,5.233649574291290190e-05,5.157893996670547047e-05,0.000000000000000000e+00,6.227563519870908670e-03,3.363449358556347716e-05,3.363449358569917862e-05,3.363449358476631752e-05,3.363449358462973515e-05
1.159927504530966751e-03,0.000000000000000000e+00,5.285718171201853218e-05,5.135689591031563511e-05,0.000000000000000000e+00,6.227567190153486532e-03,3.182959080921535575e-05,3.182959080934960708e-05,3.182959081373251469e-05,3.182959081360661849e-05
1.164927192050496879e-03,0.000000000000000000e+00,5.365959724357647600e-05,5.113509707327242536e-05,0.000000000000000000e+00,6.227568142232870613e-03,3.022014224020647577e-05,3.022014224033773200e-05,3.022014224087059026e-05,3.022014224075740633e-05
1.169926879570026791e-03,0.000000000000000000e+00,5.471308077817917885e-05,5.091354345557583445e-05,0.000000000000000000e+00,6.227564545332233900e-03,2.855781124325952052e-05,2.855781124338596899e-05,2.855781124482447488e-05,2.855781124472597511e-05
1.174926567089556919e-03,0.000000000000000000e+00,5.597993628825524015e-05,5.069223505722586916e-05,0.000000000000000000e+00,6.227559255696575591e-03,2.633983742355955305e-05,2.633983742367867299e-05,2.633983742259133679e-05,2.633983742251014360e-05
1.179926254609086830e-03,0.000000000000000000e+00,5.741271174918014718e-05,5.047117187822252948e-05,0.000000000000000000e+00,6.227556104390325788e-03,2.311470587184910624e-05,2.311470587195888849e-05,2.311470587406252869e-05,2.311470587400061058e-05
1.184925942128616959e-03,0.000000000000000000e+00,5.896155352377826554e-05,5.025035391856580864e-05,0.000000000000000000e+00,6.227555481209349347e-03,1.895020261201504585e-05,1.895020261211328812e-05,1.895020260873389771e-05,1.895020260869314865e-05
1.189925629648146870e-03,0.000000000000000000e+00,6.057500577284153699e-05,5.002978117825572019e-05,0.000000000000000000e+00,6.227555346309062226e-03,1.452310291488652597e-05,1.452310291497077695e-05,1.452310291667665726e-05,1.452310291665926598e-05
1.194925317167676998e-03,0.000000000000000000e+00,6.220568198151538684e-05,4.980945365729224381e-05,0.000000000000000000e+00,6.227555307447165886e-03,1.069243072999493028e-05,1.069243073006364837e-05,1.069243072654100436e-05,1.069243072654810927e-05
1.199925004687207126e-03,0.000000000000000000e+00,6.381038619111122241e-05,4.958937135567539304e-05,0.000000000000000000e+00,6.227556983245677129e-03,8.274400660511562361e-06,8.274400660564312185e-06,8.274400661943170015e-06,8.274400661974669476e-06
1.204924692206737038e-03,0.000000000000000000e+00,6.535504810001122467e-05,4.936953427340517466e-05,0.000000000000000000e+00,6.227561338864455107e-03,7.777725807110736218e-06,7.777725807147084096e-06,7.777725804791969972e-06,7.777725804847689494e-06
1.209924379726267166e-03,0.000000000000000000e+00,6.681629496393667671e-05,4.914994241048156834e-05,0.000000000000000000e+00,6.227566751992479922e-03,9.178066388310138462e-06,9.178066388329523658e-06,9.178066388715779152e-06,9.178066388795510364e-06
1.214924067245797077e-03,0.000000000000000000e+00,6.818235373324865777e-05,4.893059576690459442e-05,0.000000000000000000e+00,6.227570351683659605e-03,1.195244538198058070e-05,1.195244538198359953e-05,1.195244537931418197e-05,1.195244537941664077e-05
1.219923754765327205e-03,0.000000000000000000e+00,6.945878141298578851e-05,4.871149434267423934e-05,0.000000000000000000e+00,6.227569990137307721e-03,1.536802083433950865e-05,1.536802083432687091e-05,1.536802083841933093e-05,1.536802083854303162e-05
1.224923442284857117e-03,0.000000000000000000e+00,7.066058619243704335e-05,4.849263813779050987e-05,0.000000000000000000e+00,6.227565386363573957e-03,1.865575618343412402e-05,1.865575618340650397e-05,1.865575618262478404e-05,1.865575618276834257e-05
1.229923129804387245e-03,0.000000000000000000e+00,7.180097179490338855e-05,4.827402715225340602e-05,0.000000000000000000e+00,6.227557962029625117e-03,2.090391137076003445e-05,2.090391137071879411e-05,2.090391137188683899e-05,2.090391137204838511e-05
1.234922817323917156e-03,0.000000000000000000e+00,7.287205988482325881e-05,4.805566138606292100e-05,0.000000000000000000e+00,6.227551025763000681e-03,2.125003887765524705e-05,2.125003887760182637e-05,2.125003887837892150e-05,2.125003887855666628e-05
1.239922504843447284e-03,0.000000000000000000e+00,7.384178668324453427e-05,4.783754083921906160e-05,0.000000000000000000e+00,6.227548761597981146e-03,1.922143854711894594e-05,1.922143854705424617e-05,1.922143855212126503e-05,1.922143855231421236e-05
1.244922192362977196e-03,0.000000000000000000e+00,7.466182241974311546e-05,4.761966551172182782e-05,0.000000000000000000e+00,6.227553001636309399e-03,1.498128411785268765e-05,1.498128411777743894e-05,1.498128411691573538e-05,1.498128411712325506e-05
1.249921879882507324e-03,0.000000000000000000e+00,7.528172427417745695e-05,4.740203540357121288e-05,0.000000000000000000e+00,6.227560807235321162e-03,9.165170781354117086e-06,9.165170781269407015e-06,9.165170783234055890e-06,9.165170783455378823e-06
1.254921567402037452e-03,0.000000000000000000e+00,7.566997172943386719e-05,4.718465051476722355e-05,0.000000000000000000e+00,6.227567224491360222e-03,2.569540890016334625e-06,2.569540889923621786e-06,2.569540890341991688e-06,2.569540890576257284e-06
1.259921254921567363e-03,0.000000000000000000e+00,7.582541802732518466e-05,4.696751084530985984e-05,0.000000000000000000e+00,6.227570015956525144e-03,-4.062481094760420324e-06,-4.062481094859333444e-06,-4.062481093528156793e-06,-4.062481093282056452e-06
1.264920942441097491e-03,0.000000000000000000e+00,7.578333395674516782e-05,4.675061639519911496e-05,0.000000000000000000e+00,6.227570232992328536e-03,-1.035842653858994842e-05,-1.035842653869320512e-05,-1.035842654024017527e-05,-1.035842653998340909e-05
1.269920629960627403e-03,0.000000000000000000e+00,7.560268803743895203e-05,4.653396716443500248e-05,0.000000000000000000e+00,6.227569276735468382e-03,-1.624860335755901460e-05,-1.624860335766538160e-05,-1.624860335789849862e-05,-1.624860335763166969e-05
1.274920317480157531e-03,0.000000000000000000e+00,7.535738712132553226e-05,4.631756315301750206e-05,0.000000000000000000e+00,6.227566770382559312e-03,-2.159398465031468487e-05,-2.159398465042328466e-05,-2.159398464928278529e-05,-2.159398464900621209e-05
1.279920004999687442e-03,0.000000000000000000e+00,7.512813590758441102e-05,4.610140436094663403e-05,0.000000000000000000e+00,6.227561602158481445e-03,-2.582845991868119723e-05,-2.582845991879161306e-05,-2.582845991915314027e-05,-2.582845991886688041e-05
1.284919692519217570e-03,0.000000000000000000e+00,7.499012325614000710e-05,4.588549078822238485e-05,0.000000000000000000e+00,6.227554821561542484e-03,-2.829039825879450551e-05,-2.829039825890702537e-05,-2.829039825926945722e-05,-2.829039825897304651e-05
1.289919380038747482e-03,0.000000000000000000e+00,7.500274453293084300e-05,4.566982243484475450e-05,0.000000000000000000e+00,6.227550700381478607e-03,-2.865519069012894594e-05,-2.865519069024405433e-05,-2.865519069082739237e-05,-2.865519069052049878e-05
1.294919067558277610e-03,0.000000000000000000e+00,7.519999200329094977e-05,4.545439930081375654e-05,0.000000000000000000e+00,6.227552667206231150e-03,-2.698992864006861586e-05,-2.698992864018671597e-05,-2.698992863667861722e-05,-2.698992863636114927e-05
1.299918755077807521e-03,0.000000000000000000e+00,7.559655324529231048e-05,4.523922138612937742e-05,0.000000000000000000e+00,6.227559425789151032e-03,-2.375198414706111678e-05,-2.375198414718360113e-05,-2.375198414751162650e-05,-2.375198414718286590e-05
1.304918442597337649e-03,0.000000000000000000e+00,7.619133063580961398e-05,4.502428869079162392e-05,0.000000000000000000e+00,6.227566319770895011e-03,-1.960307272322506748e-05,-1.960307272335417225e-05,-1.960307272256114273e-05,-1.960307272221975118e-05
1.309918130116867778e-03,0.000000000000000000e+00,7.697943782079332833e-05,4.480960121480049603e-05,0.000000000000000000e+00,6.227569545303390623e-03,-1.520956878614190183e-05,-1.520956878627940408e-05,-1.520956878620247316e-05,-1.520956878584785265e-05
1.314917817636397689e-03,0.000000000000000000e+00,7.796294451890881485e-05,4.459515895815598698e-05,0.000000000000000000e+00,6.227568735645067598e-03,-1.100222603840849275e-05,-1.100222603855593916e-05,-1.100222603463032770e-05,-1.100222603426224784e-05
1.319917505155927817e-03,0.000000000000000000e+00,7.915205746520811937e-05,4.438096192085810355e-05,0.000000000000000000e+00,6.227566880622732205e-03,-7.407642340720456455e-06,-7.407642340879732530e-06,-7.407642342586227786e-06,-7.407642342204270984e-06
1.324917192675457728e-03,0.000000000000000000e+00,8.055617437785440654e-05,4.416701010290684573e-05,0.000000000000000000e+00,6.227566623097695320e-03,-4.967470081732684850e-06,-4.967470081904982363e-06,-4.967470081052000703e-06,-4.967470080656546431e-06
1.329916880194987857e-03,0.000000000000000000e+00,8.216442163588149065e-05,4.395330350430220676e-05,0.000000000000000000e+00,6.227566908514748159e-03,-4.142351760638848194e-06,-4.142351760824998931e-06,-4.142351762346337867e-06,-4.142351761938166242e-06
1.334916567714517768e-03,0.000000000000000000e+00,8.394237702249608538e-05,4.373984212504419339e-05,0.000000000000000000e+00,6.227564923566732309e-03,-5.042409862932013839e-06,-5.042409863133634785e-06,-5.042409859860799427e-06,-5.042409859439844381e-06
1.339916255234047896e-03,0.000000000000000000e+00,8.583031598957727409e-05,4.352662596513280565e-05,0.000000000000000000e+00,6.227560291275604371e-03,-7.337310791748677922e-06,-7.337310791967268327e-06,-7.337310796456659838e-06,-7.337310796022950170e-06
1.344915942753577807e-03,0.000000000000000000e+00,8.775018164998363431e-05,4.331365502456803674e-05,0.000000000000000000e+00,6.227555603760866025e-03,-1.056453640128316189e-05,-1.056453640151927401e-05,-1.056453639943670460e-05,-1.056453639899097723e-05
1.349915630273107936e-03,0.000000000000000000e+00,8.961337758996362009e-05,4.310092930334989345e-05,0.000000000000000000e+00,6.227553864356445180e-03,-1.431299137277168053e-05,-1.431299137302578363e-05,-1.431299137292279120e-05,-1.431299137246577288e-05
1.354915317792637847e-03,0.000000000000000000e+00,9.133142720451431441e-05,4.288844880147837577e-05,0.000000000000000000e+00,6.227555666036136035e-03,-1.841430663700755751e-05,-1.841430663727994975e-05,-1.841430663347694800e-05,-1.841430663300922319e-05
1.359915005312167975e-03,0.000000000000000000e+00,9.282586584813428592e-05,4.267621351895348371e-05,0.000000000000000000e+00,6.227558810466659288e-03,-2.293796912452391088e-05,-2.293796912481474472e-05,-2.293796912871873991e-05,-2.293796912824110480e-05
1.364914692831697886e-03,0.000000000000000000e+00,9.402877327717441803e-05,4.246422345577521048e-05,0.000000000000000000e+00,6.227561655690980191e-03,-2.800706802318332636e-05,-2.800706802349304226e-05,-2.800706801913263524e-05,-2.800706801864521521e-05
1.369914380351228015e-03,0.000000000000000000e+00,9.489595773045675462e-05,4.225247861194356288e-05,0.000000000000000000e+00,6.227564646637599906e-03,-3.348880723452948036e-05,-3.348880723485887453e-05,-3.348880723320228137e-05,-3.348880723270476810e-05
1.374914067870758143e-03,0.000000000000000000e+00,9.541549249513298016e-05,4.204097898745853411e-05,0.000000000000000000e+00,6.227567313905558490e-03,-3.889978573454537481e-05,-3.889978573489465054e-05,-3.889978573251286843e-05,-3.889978573200554991e-05
1.379913755390288054e-03,0.000000000000000000e+00,9.561072451762827988e-05,4.182972458232013096e-05,0.000000000000000000e+00,6.227567446754855157e-03,-4.384994444848031887e-05,-4.384994444884944228e-05,-4.384994445030263233e-05,-4.384994444978586770e-05
1.384913442909818182e-03,0.000000000000000000e+00,9.552778665112814376e-05,4.161871539652835342e-05,0.000000000000000000e+00,6.227564206707468519e-03,-4.817172148928855729e-05,-4.817172148967729798e-05,-4.817172148522906719e-05,-4.817172148470345275e-05
1.389913130429348094e-03,0.000000000000000000e+00,9.522170143405327158e-05,4.140795143008319472e-05,0.000000000000000000e+00,6.227559184515348012e-03,-5.185180019292483580e-05,-5.185180019333261779e-05,-5.185180019313616036e-05,-5.185180019260259736e-05
1.394912817948878222e-03,0.000000000000000000e+00,9.474848188950091320e-05,4.119743268298466842e-05,0.000000000000000000e+00,6.227555282592178894e-03,-5.477348042839380989e-05,-5.477348042882046377e-05,-5.477348042777649905e-05,-5.477348042723536697e-05
1.399912505468408133e-03,0.000000000000000000e+00,9.415351089577797192e-05,4.098715915523276095e-05,0.000000000000000000e+00,6.227554863669100375e-03,-5.663007261424202367e-05,-5.663007261468823385e-05,-5.663007261758972149e-05,-5.663007261704050533e-05
1.404912192987938261e-03,0.000000000000000000e+00,9.347378397751648178e-05,4.077713084682747232e-05,0.000000000000000000e+00,6.227557369860982871e-03,-5.685722224813493601e-05,-5.685722224860081768e-05,-5.685722224812203400e-05,-5.685722224756474053e-05
1.409911880507468173e-03,0.000000000000000000e+00,9.274102027795935038e-05,4.056734775776881609e-05,0.000000000000000000e+00,6.227560328126632676e-03,-5.476524809022887015e-05,-5.476524809071422681e-05,-5.476524809301777695e-05,-5.476524809245263657e-05
1.414911568026998301e-03,0.000000000000000000e+00,9.198909203545726132e-05,4.035780988805677869e-05,0.000000000000000000e+00,6.227562919981906482e-03,-4.996218888517644819e-05,-4.996218888568135436e-05,-4.996218888798842816e-05,-4.996218888741532567e-05
1.419911255546528212e-03,0.000000000000000000e+00,9.124945483841204435e-05,4.014851723769136691e-05,0.000000000000000000e+00,6.227565144601377757e-03,-4.244988651011401520e-05,-4.244988651063826083e-05,-4.244988651335960828e-05,-4.244988651277871986e-05
1.424910943066058340e-03,0.000000000000000000e+00,9.054751794375315245e-05,3.993946980667257397e-05,0.000000000000000000e+00,6.227565638869740974e-03,-3.257687516793858788e-05,-3.257687516848157666e-05,-3.257687516500590909e-05,-3.257687516441791237e-05
1.429910630585588469e-03,0.000000000000000000e+00,8.990919111769099124e-05,3.973066759500040664e-05,0.000000000000000000e+00,6.227563523088440814e-03,-2.081979464901122709e-05,-2.081979464957275572e-05,-2.081979464636829794e-05,-2.081979464577339621e-05
1.434910318105118380e-03,0.000000000000000000e+00,8.936240273010901617e-05,3.952211060267486493e-05,0.000000000000000000e+00,6.227560058526918595e-03,-7.881732087071638125e-06,-7.881732087651211949e-06,-7.881732088382548666e-06,-7.881732087781458511e-06
1.439910005624648508e-03,0.000000000000000000e+00,8.893831453002299292e-05,3.931379882969594206e-05,0.000000000000000000e+00,6.227557859159986095e-03,5.190481388933543321e-06,5.190481388337789474e-06,5.190481392754690211e-06,5.190481393359844430e-06
1.444909693144178419e-03,0.000000000000000000e+00,8.866324450472308299e-05,3.910573227606364480e-05,0.000000000000000000e+00,6.227559417693667547e-03,1.714039082361114665e-05,1.714039082300152688e-05,1.714039082752417460e-05,1.714039082813084670e-05
1.449909380663708548e-03,0.000000000000000000e+00,8.855716088853067395e-05,3.889791094177797993e-05,0.000000000000000000e+00,6.227563978709005528e-03,2.681149474409084033e-05,2.681149474346950100e-05,2.681149474376880518e-05,2.681149474437458959e-05
1.454909068183238459e-03,0.000000000000000000e+00,8.862418051147405158e-05,3.869033482683892713e-05,0.000000000000000000e+00,6.227567231401684097e-03,3.355022750532601574e-05,3.355022750469528113e-05,3.355022750101860926e-05,3.355022750162108686e-05
1.459908755702768587e-03,0.000000000000000000e+00,8.884526221121574676e-05,3.848300393124649995e-05,0.000000000000000000e+00,6.227566572461701658e-03,3.730421483256445833e-05,3.730421483192614108e-05,3.730421483466595385e-05,3.730421483526343734e-05
1.464908443222298498e-03,0.000000000000000000e+00,8.918453008096900606e-05,3.827591825500069837e-05,0.000000000000000000e+00,6.227563478811035287e-03,3.868036781075128664e-05,3.868036781010670134e-05,3.868036780882289078e-05,3.868036780941437049e-05
1.469908130741828627e-03,0.000000000000000000e+00,8.959763979935322974e-05,3.806907779810151564e-05,0.000000000000000000e+00,6.227560293438805412e-03,3.851068148593152457e-05,3.851068148528227720e-05,3.851068148437891318e-05,3.851068148496344722e-05
1.474907818261358538e-03,0.000000000000000000e+00,9.004001586777153209e-05,3.786248256054896530e-05,0.000000000000000000e+00,6.227558309604082180e-03,3.734007319094679109e-05,3.734007319029469091e-05,3.734007318989550800e-05,3.734007319047224257e-05
1.479907505780888666e-03,0.000000000000000000e+00,9.046397221967194700e-05,3.765613254234302702e-05,0.000000000000000000e+00,6.227557700720377440e-03,3.533955231455804312e-05,3.533955231390479776e-05,3.533955231895474043e-05,3.533955231952317407e-05
1.484907193300418794e-03,0.000000000000000000e+00,9.082552970613852938e-05,3.745002774348372114e-05,0.000000000000000000e+00,6.227558001285600324e-03,3.252534995680900589e-05,3.252534995615615355e-05,3.252534995631794362e-05,3.252534995687793404e-05
1.489906880819948706e-03,0.000000000000000000e+00,9.108862144978356644e-05,3.724416816397104087e-05,0.000000000000000000e+00,6.227559825264626300e-03,2.901311255875066528e-05,2.901311255809935793e-05,2.901311255935629723e-05,2.901311255990832215e-05
1.494906568339478834e-03,0.000000000000000000e+00,9.122713179452357664e-05,3.703855380380497266e-05,0.000000000000000000e+00,6.227563464691913617e-03,2.492682382876328296e-05,2.492682382811416434e-05,2.492682382533560490e-05,2.492682382588066043e-05
1.499906255859008745e-03,0.000000000000000000e+00,9.122936836217658053e-05,3.683318466298553685e-05,0.000000000000000000e+00,6.227566034055255495e-03,2.052018398112773667e-05,2.052018398048154879e-05,2.052018398350435527e-05,2.052018398404353240e-05
1.504905943378538873e-03,0.000000000000000000e+00,9.109927167696921376e-05,3.662806074151272665e-05,0.000000000000000000e+00,6.227564900088100076e-03,1.605363222070782680e-05,1.605363222006542007e-05,1.605363221649692786e-05,1.605363221703122608e-05
1.509905630898068785e-03,0.000000000000000000e+00,9.085674377593062792e-05,3.642318203938653528e-05,0.000000000000000000e+00,6.227561596272243767e-03,1.175405181438401737e-05,1.175405181374553071e-05,1.175405181095259881e-05,1.175405181148368847e-05
1.514905318417598913e-03,0.000000000000000000e+00,9.052398930115255506e-05,3.621854855660696954e-05,0.000000000000000000e+00,6.227558712318029439e-03,7.855875810860475102e-06,7.855875810225481607e-06,7.855875807881538154e-06,7.855875808411548692e-06
1.519905005937128824e-03,0.000000000000000000e+00,9.012196573347853773e-05,3.601416029317402263e-05,0.000000000000000000e+00,6.227557014352653499e-03,4.699847372100427386e-06,4.699847371468268910e-06,4.699847376693842167e-06,4.699847377225132571e-06
1.524904693456658952e-03,0.000000000000000000e+00,8.967201528959153770e-05,3.581001724908770134e-05,0.000000000000000000e+00,6.227556352535868964e-03,2.744446360178590087e-06,2.744446359548051984e-06,2.744446357703769879e-06,2.744446358238935459e-06
1.529904380976188864e-03,0.000000000000000000e+00,8.919984659462225709e-05,3.560611942434800567e-05,0.000000000000000000e+00,6.227556421737306079e-03,2.197845533250409461e-06,2.197845532620205937e-06,2.197845533087292938e-06,2.197845533628698610e-06
1.534904068495718992e-03,0.000000000000000000e+00,8.873695518030851796e-05,3.540246681895492883e-05,0.000000000000000000e+00,6.227557834878409346e-03,2.879028065413175407e-06,2.879028064783070986e-06,2.879028068627678147e-06,2.879028069176313246e-06
1.539903756015249120e-03,0.000000000000000000e+00,8.831862577302663521e-05,3.519905943290848439e-05,0.000000000000000000e+00,6.227561759106144644e-03,4.213476179176245180e-06,4.213476178546512606e-06,4.213476181587664124e-06,4.213476182143485450e-06
1.544903443534779031e-03,0.000000000000000000e+00,8.798685482529189882e-05,3.499589726620865878e-05,0.000000000000000000e+00,6.227566693246697378e-03,5.584228375219422143e-06,5.584228374590000430e-06,5.584228370523126741e-06,5.584228371086043661e-06
1.549903131054309159e-03,0.000000000000000000e+00,8.778141583706316673e-05,3.479298031885545201e-05,0.000000000000000000e+00,6.227569697735125392e-03,6.575435148885205114e-06,6.575435148256198447e-06,6.575435147990793379e-06,6.575435148560158761e-06
1.554902818573839071e-03,0.000000000000000000e+00,8.773512998739050684e-05,3.459030859084887086e-05,0.000000000000000000e+00,6.227570490733752226e-03,7.155023796427904555e-06,7.155023795799642431e-06,7.155023797321895315e-06,7.155023797896517384e-06
1.559902506093369199e-03,0.000000000000000000e+00,8.787104108321912863e-05,3.438788208218891533e-05,0.000000000000000000e+00,6.227570103589329803e-03,7.830976993556312544e-06,7.830976992929057542e-06,7.830976991478608487e-06,7.830976992057130296e-06
1.564902193612899110e-03,0.000000000000000000e+00,8.820108601502464325e-05,3.418570079287558541e-05,0.000000000000000000e+00,6.227568377566107018e-03,9.297592412424011708e-06,9.297592411798394867e-06,9.297592407945980602e-06,9.297592408526611523e-06
1.569901881132429238e-03,0.000000000000000000e+00,8.872026740664637728e-05,3.398376472290887433e-05,0.000000000000000000e+00,6.227565288200329931e-03,1.214822445982307960e-05,1.214822445920045617e-05,1.214822445954203576e-05,1.214822446012217879e-05
1.574901568651959150e-03,0.000000000000000000e+00,8.939797964757569167e-05,3.378207387228878886e-05,0.000000000000000000e+00,6.227561080610797932e-03,1.663488188945013831e-05,1.663488188883197028e-05,1.663488189136708568e-05,1.663488189194422683e-05
1.579901256171489278e-03,0.000000000000000000e+00,9.018317488678939035e-05,3.358062824101532901e-05,0.000000000000000000e+00,6.227556319336638273e-03,2.277607650559016272e-05,2.277607650497763932e-05,2.277607650342056237e-05,2.277607650399241125e-05
1.584900943691019189e-03,0.000000000000000000e+00,9.100889821496541176e-05,3.337942782908848800e-05,0.000000000000000000e+00,6.227552825009211902e-03,3.019631870859010132e-05,3.019631870798460490e-05,3.019631870700327319e-05,3.019631870756752249e-05
1.589900631210549318e-03,0.000000000000000000e+00,9.180394139861253525e-05,3.317847263650827261e-05,0.000000000000000000e+00,6.227551700447156446e-03,3.807202324928902695e-05,3.807202324869216010e-05,3.807202324967055770e-05,3.807202325022472053e-05
1.594900318730079446e-03,0.000000000000000000e+00,9.250363535445348866e-05,3.297776266327468283e-05,0.000000000000000000e+00,6.227552628489571064e-03,4.535057845161372770e-05,4.535057845102751992e-05,4.535057845533714901e-05,4.535057845587830820e-05
1.599900006249609357e-03,0.000000000000000000e+00,9.306163443482380431e-05,3.277729790938771866e-05,0.000000000000000000e+00,6.227556214589880131e-03,5.090660372794880847e-05,5.090660372737565854e-05,5.090660372446013048e-05,5.090660372498508762e-05
1.604899693769139485e-03,0.000000000000000000e+00,9.345480690338388915e-05,3.257707837484737334e-05,0.000000000000000000e+00,6.227562147723264899e-03,5.391203703621448307e-05,5.391203703565682369e-05,5.391203703700702809e-05,5.391203703751268643e-05
1.609899381288669397e-03,0.000000000000000000e+00,9.367547300171053968e-05,3.237710405965364685e-05,0.000000000000000000e+00,6.227567156500344626e-03,5.397244910177265441e-05,5.397244910123232193e-05,5.397244910318856146e-05,5.397244910367234602e-05
1.614899068808199525e-03,0.000000000000000000e+00,9.372829817900425503e-05,3.217737496380655276e-05,0.000000000000000000e+00,6.227568773007521874e-03,5.134687499065016528e-05,5.134687499012851496e-05,5.134687499277746481e-05,5.134687499323755278e-05
1.619898756327729436e-03,0.000000000000000000e+00,9.362486658166894191e-05,3.197789108730607750e-05,0.000000000000000000e+00,6.227567304143528763e-03,4.667465877301954101e-05,4.667465877251720304e-05,4.667465876721140899e-05,4.667465876764675682e-05
1.624898443847259564e-03,0.000000000000000000e+00,9.338392699741949652e-05,3.177865243015222786e-05,0.000000000000000000e+00,6.227564117521722925e-03,4.064204899259536220e-05,4.064204899211232980e-05,4.064204899243654691e-05,4.064204899284694453e-05
1.629898131366789476e-03,0.000000000000000000e+00,9.302705095290553911e-05,3.157965899234500384e-05,0.000000000000000000e+00,6.227561156912575328e-03,3.370419743966098945e-05,3.370419743919686960e-05,3.370419743882458168e-05,3.370419743921043568e-05
1.634897818886319604e-03,0.000000000000000000e+00,9.257866908606852583e-05,3.138091077388439865e-05,0.000000000000000000e+00,6.227559483575224701e-03,2.601556456793281653e-05,2.601556456748680963e-05,2.601556456613783851e-05,2.601556456650006707e-05
1.639897506405849515e-03,0.000000000000000000e+00,9.206831006065098249e-05,3.118240777477041908e-05,0.000000000000000000e+00,6.227557947345984529e-03,1.766955581770550339e-05,1.766955581727571887e-05,1.766955581030186622e-05,1.766955581064270212e-05
1.644897193925379643e-03,0.000000000000000000e+00,9.152638260826882928e-05,3.098414999500305835e-05,0.000000000000000000e+00,6.227556268952510847e-03,8.679210562912233984e-06,8.679210562495810565e-06,8.679210563578665955e-06,8.679210563901272005e-06
1.649896881444909771e-03,0.000000000000000000e+00,9.098547655634807798e-05,3.078613743458232324e-05,0.000000000000000000e+00,6.227555957124756257e-03,-7.730164963856707942e-07,-7.730164967913487540e-07,-7.730164972437795443e-07,-7.730164969364353335e-07
1.654896568964439683e-03,0.000000000000000000e+00,9.048113356767021947e-05,3.058837009350822052e-05,0.000000000000000000e+00,6.227557848931140547e-03,-1.026976642909028058e-05,-1.026976642948767964e-05,-1.026976643028155280e-05,-1.026976642998662779e-05
1.659896256483969811e-03,0.000000000000000000e+00,9.005744722965395384e-05,3.039084797178073324e-05,0.000000000000000000e+00,6.227561779249341650e-03,-1.915479110189238540e-05,-1.915479110228378239e-05,-1.915479110574577206e-05,-1.915479110546068110e-05
1.664895944003499722e-03,0.000000000000000000e+00,8.976202301867855548e-05,3.019357106939987159e-05,0.000000000000000000e+00,6.227566550671953700e-03,-2.671627825641729017e-05,-2.671627825680401492e-05,-2.671627825136129629e-05,-2.671627825108446560e-05
1.669895631523029850e-03,0.000000000000000000e+00,8.963780458528535530e-05,2.999653938636563555e-05,0.000000000000000000e+00,6.227569417830665539e-03,-3.226327115665445481e-05,-3.226327115703744923e-05,-3.226327115604744390e-05,-3.226327115577778249e-05
1.674895319042559762e-03,0.000000000000000000e+00,8.971630128600325941e-05,2.979975292267801495e-05,0.000000000000000000e+00,6.227569236906483653e-03,-3.505518898303542692e-05,-3.505518898341594122e-05,-3.505518898423880324e-05,-3.505518898397497619e-05
1.679895006562089890e-03,0.000000000000000000e+00,9.000800334684257457e-05,2.960321167833702676e-05,0.000000000000000000e+00,6.227567486886692247e-03,-3.465217337139806154e-05,-3.465217337177705796e-05,-3.465217337188618291e-05,-3.465217337162722122e-05
1.684894694081619801e-03,0.000000000000000000e+00,9.050014210293932384e-05,2.940691565334265740e-05,0.000000000000000000e+00,6.227565243506077292e-03,-3.097634833746017744e-05,-3.097634833783793380e-05,-3.097634833482399406e-05,-3.097634833456976221e-05
1.689894381601149929e-03,0.000000000000000000e+00,9.115476458040222031e-05,2.921086484769491026e-05,0.000000000000000000e+00,6.227562410411419114e-03,-2.443997022668726812e-05,-2.443997022706351338e-05,-2.443997022921912414e-05,-2.443997022897014050e-05
1.694894069120679841e-03,0.000000000000000000e+00,9.191745223942767676e-05,2.901505926139379214e-05,0.000000000000000000e+00,6.227558752730966325e-03,-1.575828467620300782e-05,-1.575828467657703046e-05,-1.575828468096180832e-05,-1.575828468071906901e-05
1.699893756640209969e-03,0.000000000000000000e+00,9.272169836239704083e-05,2.881949889443929285e-05,0.000000000000000000e+00,6.227554253247020305e-03,-5.848179155311339724e-06,-5.848179155681814995e-06,-5.848179156989676217e-06,-5.848179156754854967e-06
1.704893444159739880e-03,0.000000000000000000e+00,9.349245024580283181e-05,2.862418374683141917e-05,0.000000000000000000e+00,6.227550957865741685e-03,4.408013738279579791e-06,4.408013737913998677e-06,4.408013737407735555e-06,4.408013737632998885e-06
1.709893131679270008e-03,0.000000000000000000e+00,9.415255734962393441e-05,2.842911381857016773e-05,0.000000000000000000e+00,6.227552422423244735e-03,1.440747325356304988e-05,1.440747325320397229e-05,1.440747325206536011e-05,1.440747325227926473e-05
1.714892819198800137e-03,0.000000000000000000e+00,9.463036754939400355e-05,2.823428910965553851e-05,0.000000000000000000e+00,6.227559076306554524e-03,2.366951232493103442e-05,2.366951232458063383e-05,2.366951232195842311e-05,2.366951232215881417e-05
1.719892506718330048e-03,0.000000000000000000e+00,9.487187097818190458e-05,2.803970962008753829e-05,0.000000000000000000e+00,6.227567445689074013e-03,3.168928979616960631e-05,3.168928979583035945e-05,3.168928979770062175e-05,3.168928979788546466e-05
1.724892194237860176e-03,0.000000000000000000e+00,9.484390135695317328e-05,2.784537534986615692e-05,0.000000000000000000e+00,6.227573360110241242e-03,3.765788511915342881e-05,3.765788511882782935e-05,3.765788512084015602e-05,3.765788512100749584e-05
1.729891881757390087e-03,0.000000000000000000e+00,9.453972931690703477e-05,2.765128629899139777e-05,0.000000000000000000e+00,6.227574351208634701e-03,4.074976186919088941e-05,4.074976186888158009e-05,4.074976186889240856e-05,4.074976186904056478e-05
1.734891569276920216e-03,0.000000000000000000e+00,9.397707473541983664e-05,2.745744246746326762e-05,0.000000000000000000e+00,6.227571052389318032e-03,4.033093271315591160e-05,4.033093271286444418e-05,4.033093270887237790e-05,4.033093270900108625e-05
1.739891256796450127e-03,0.000000000000000000e+00,9.319217862500246924e-05,2.726384385528175631e-05,0.000000000000000000e+00,6.227566714723969596e-03,3.609677631609569163e-05,3.609677631582282505e-05,3.609677631918642676e-05,3.609677631929636486e-05
1.744890944315980255e-03,0.000000000000000000e+00,9.223439786963739452e-05,2.707049046244687062e-05,0.000000000000000000e+00,6.227563106778775254e-03,2.818918046174575024e-05,2.818918046149233831e-05,2.818918045960457631e-05,2.818918045969643195e-05
1.749890631835510166e-03,0.000000000000000000e+00,9.116190701741876286e-05,2.687738228895860377e-05,0.000000000000000000e+00,6.227559459170301306e-03,1.713630586376953995e-05,1.713630586353627385e-05,1.713630586116073946e-05,1.713630586123514283e-05
1.754890319355040295e-03,0.000000000000000000e+00,9.004202726530067006e-05,2.668451933481696592e-05,0.000000000000000000e+00,6.227555078284366906e-03,3.749813359372504703e-06,3.749813359159664805e-06,3.749813356039380927e-06,3.749813356097178220e-06
1.759890006874570206e-03,0.000000000000000000e+00,8.894078415623552208e-05,2.649190160002195369e-05,0.000000000000000000e+00,6.227551178788823596e-03,-1.117676540079719198e-05,-1.117676540098912625e-05,-1.117676539529193352e-05,-1.117676539525033912e-05
1.764889694394100334e-03,0.000000000000000000e+00,8.791376545046921385e-05,2.629952908457355691e-05,0.000000000000000000e+00,6.227550209591497035e-03,-2.663681785095791361e-05,-2.663681785112854671e-05,-2.663681785435973007e-05,-2.663681785433440378e-05
1.769889381913630462e-03,0.000000000000000000e+00,8.699534998933768526e-05,2.610740178847178913e-05,0.000000000000000000e+00,6.227553756929191456e-03,-4.143502573401164086e-05,-4.143502573416145049e-05,-4.143502573396087309e-05,-4.143502573395136599e-05
1.774889069433160374e-03,0.000000000000000000e+00,8.619452168738958510e-05,2.591551971171664358e-05,0.000000000000000000e+00,6.227560022878033709e-03,-5.441283278405426824e-05,-5.441283278418388461e-05,-5.441283278544916887e-05,-5.441283278545528106e-05
1.779888756952690502e-03,0.000000000000000000e+00,8.549881773773208870e-05,2.572388285430812026e-05,0.000000000000000000e+00,6.227565332706229764e-03,-6.467974519066212896e-05,-6.467974519077168759e-05,-6.467974518878916970e-05,-6.467974518881145006e-05
1.784888444472220413e-03,0.000000000000000000e+00,8.488078636818409775e-05,2.553249121624622255e-05,0.000000000000000000e+00,6.227567936853393299e-03,-7.177469640638947234e-05,-7.177469640647958309e-05,-7.177469641164961470e-05,-7.177469641168849690e-05
1.789888131991750541e-03,0.000000000000000000e+00,8.431025159684888879e-05,2.534134479753094707e-05,0.000000000000000000e+00,6.227568515587596221e-03,-7.563406644696156814e-05,-7.563406644703315259e-05,-7.563406644871083348e-05,-7.563406644876631752e-05
1.794887819511280453e-03,0.000000000000000000e+00,8.375634607398850637e-05,2.515044359816229720e-05,0.000000000000000000e+00,6.227568381017246565e-03,-7.672000351348050588e-05,-7.672000351353487862e-05,-7.672000351728365671e-05,-7.672000351735552576e-05
1.799887507030810581e-03,0.000000000000000000e+00,8.318929476753216630e-05,2.495978761814026956e-05,0.000000000000000000e+00,6.227567780279497089e-03,-7.568005183095473723e-05,-7.568005183099333483e-05,-7.568005182923722546e-05,-7.568005182932493742e-05
1.804887194550340492e-03,0.000000000000000000e+00,8.257911633568562897e-05,2.476937685746486077e-05,0.000000000000000000e+00,6.227565068794350435e-03,-7.321190948154836860e-05,-7.321190948157306130e-05,-7.321190948469643092e-05,-7.321190948479910487e-05
1.809886882069870620e-03,0.000000000000000000e+00,8.190074816364083417e-05,2.457921131613608436e-05,0.000000000000000000e+00,6.227558460539908518e-03,-6.992475861256674326e-05,-6.992475861257883211e-05,-6.992475861215160225e-05,-6.992475861226857411e-05
1.814886569589400532e-03,0.000000000000000000e+00,8.114215174791779663e-05,2.438929099415392679e-05,0.000000000000000000e+00,6.227549968530591423e-03,-6.636555822726610779e-05,-6.636555822726636529e-05,-6.636555822620638148e-05,-6.636555822633756995e-05
1.819886257108930660e-03,0.000000000000000000e+00,8.030574351319767616e-05,2.419961589151839145e-05,0.000000000000000000e+00,6.227545029780312894e-03,-6.294940180497541021e-05,-6.294940180496440556e-05,-6.294940180016399202e-05,-6.294940180030939708e-05
1.824885944628460788e-03,0.000000000000000000e+00,7.941034483700339412e-05,2.401018600822948172e-05,0.000000000000000000e+00,6.227548140325851918e-03,-5.970551522253518664e-05,-5.970551522251325188e-05,-5.970551522624919572e-05,-5.970551522640904778e-05
1.829885632147990699e-03,0.000000000000000000e+00,7.848504892615677786e-05,2.382100134428719423e-05,0.000000000000000000e+00,6.227558310862702125e-03,-5.642830159691041226e-05,-5.642830159687800139e-05,-5.642830159699256090e-05,-5.642830159716676508e-05
1.834885319667520828e-03,0.000000000000000000e+00,7.756703472172486920e-05,2.363206189969153234e-05,0.000000000000000000e+00,6.227569347811804171e-03,-5.281403072240782582e-05,-5.281403072236544706e-05,-5.281403072080976602e-05,-5.281403072099824102e-05
1.839885007187050739e-03,0.000000000000000000e+00,7.669782942258588471e-05,2.344336767444249269e-05,0.000000000000000000e+00,6.227575148055547807e-03,-4.877447823797438609e-05,-4.877447823792224952e-05,-4.877447823969885030e-05,-4.877447823990149447e-05
1.844884694706580867e-03,0.000000000000000000e+00,7.592305256510744325e-05,2.325491866854007526e-05,0.000000000000000000e+00,6.227575000295635863e-03,-4.451850757955607329e-05,-4.451850757949439574e-05,-4.451850758455799258e-05,-4.451850758477462973e-05
1.849884382226110778e-03,0.000000000000000000e+00,7.529140336744730762e-05,2.306671488198428684e-05,0.000000000000000000e+00,6.227571971725057512e-03,-4.065978497363552239e-05,-4.065978497356473754e-05,-4.065978497423680736e-05,-4.065978497446674631e-05
1.854884069745640907e-03,0.000000000000000000e+00,7.484363833132519090e-05,2.287875631477511386e-05,0.000000000000000000e+00,6.227567868423821394e-03,-3.800246229885005959e-05,-3.800246229877106191e-05,-3.800246229729605229e-05,-3.800246229753798523e-05
1.859883757265170818e-03,0.000000000000000000e+00,7.460315002059719931e-05,2.269104296691256651e-05,0.000000000000000000e+00,6.227561746611395485e-03,-3.694858585469655533e-05,-3.694858585461009020e-05,-3.694858585756424974e-05,-3.694858585781651649e-05
1.864883444784700946e-03,0.000000000000000000e+00,7.456531254562662908e-05,2.250357483839664476e-05,0.000000000000000000e+00,6.227553432186613142e-03,-3.739157651081465440e-05,-3.739157651072199577e-05,-3.739157651157505959e-05,-3.739157651183526812e-05
1.869883132304230857e-03,0.000000000000000000e+00,7.470345116060376892e-05,2.231635192922734525e-05,0.000000000000000000e+00,6.227546730196658817e-03,-3.873373137004064394e-05,-3.873373136994318094e-05,-3.873373136931163995e-05,-3.873373136957696455e-05
1.874882819823760986e-03,0.000000000000000000e+00,7.498039307946827072e-05,2.212937423940467135e-05,0.000000000000000000e+00,6.227546732085135171e-03,-4.017940342096028923e-05,-4.017940342085874015e-05,-4.017940341867857898e-05,-4.017940341894669541e-05
1.879882507343291114e-03,0.000000000000000000e+00,7.536334074026277731e-05,2.194264176892861629e-05,0.000000000000000000e+00,6.227554073568896363e-03,-4.077427883665183349e-05,-4.077427883654695726e-05,-4.077427883896911234e-05,-4.077427883923750659e-05
1.884882194862821025e-03,0.000000000000000000e+00,7.583532842779535754e-05,2.175615451779919023e-05,0.000000000000000000e+00,6.227563798377896108e-03,-3.964520072903376772e-05,-3.964520072892658079e-05,-3.964520072899375389e-05,-3.964520072925970868e-05
1.889881882382351153e-03,0.000000000000000000e+00,7.639468247995183912e-05,2.156991248601638640e-05,0.000000000000000000e+00,6.227570124106334565e-03,-3.614928068998365533e-05,-3.614928068987477433e-05,-3.614928068928924417e-05,-3.614928068955040814e-05
1.894881569901881065e-03,0.000000000000000000e+00,7.705120258129072297e-05,2.138391567358020141e-05,0.000000000000000000e+00,6.227570319220381879e-03,-2.990761558742709568e-05,-2.990761558731713386e-05,-2.990761558406965020e-05,-2.990761558432406163e-05
1.899881257421411193e-03,0.000000000000000000e+00,7.781414712290233204e-05,2.119816408049064542e-05,0.000000000000000000e+00,6.227565748308088248e-03,-2.107710244183128495e-05,-2.107710244172082508e-05,-2.107710244539782898e-05,-2.107710244564373959e-05
1.904880944940941104e-03,0.000000000000000000e+00,7.869167076671324662e-05,2.101265770674771167e-05,0.000000000000000000e+00,6.227560063908468835e-03,-1.032872109483187653e-05,-1.032872109472129468e-05,-1.032872109241273010e-05,-1.032872109264894387e-05
1.909880632460471232e-03,0.000000000000000000e+00,7.969008797869583905e-05,2.082739655235140013e-05,0.000000000000000000e+00,6.227556596996542890e-03,1.155947507123621792e-06,1.155947507234373044e-06,1.155947508650307200e-06,1.155947508424000326e-06
1.914880319980001144e-03,0.000000000000000000e+00,8.081259544530380672e-05,2.064238061730171422e-05,0.000000000000000000e+00,6.227556506565505232e-03,1.218969639588820902e-05,1.218969639599911951e-05,1.218969639881390147e-05,1.218969639859734903e-05
1.919880007499531272e-03,0.000000000000000000e+00,8.205648585920944748e-05,2.045760990159864714e-05,0.000000000000000000e+00,6.227558875051308548e-03,2.190280010182096636e-05,2.190280010193198867e-05,2.190280009661577950e-05,2.190280009640850376e-05
1.924879695019061183e-03,0.000000000000000000e+00,8.340902344136371879e-05,2.027308440524220906e-05,0.000000000000000000e+00,6.227561865494042267e-03,2.988263173035637693e-05,2.988263173046770756e-05,2.988263173294819611e-05,2.988263173274904172e-05
1.929879382538591311e-03,0.000000000000000000e+00,8.485181242312636325e-05,2.008880412823239322e-05,0.000000000000000000e+00,6.227564984013590765e-03,3.603708705876755114e-05,3.603708705888007099e-05,3.603708705761015177e-05,3.603708705741714345e-05
1.934879070058121439e-03,0.000000000000000000e+00,8.636073474903148027e-05,1.990476907056919621e-05,0.000000000000000000e+00,6.227568915652298941e-03,4.029961652744790411e-05,4.029961652756240941e-05,4.029961652566946696e-05,4.029961652548027368e-05
1.939878757577651351e-03,0.000000000000000000e+00,8.791218472669220282e-05,1.972097923225263160e-05,0.000000000000000000e+00,6.227572718509592764e-03,4.257983535037412583e-05,4.257983535049218867e-05,4.257983534383787073e-05,4.257983534364958547e-05
1.944878445097181479e-03,0.000000000000000000e+00,8.948225184806620012e-05,1.953743461328268243e-05,0.000000000000000000e+00,6.227573141557590439e-03,4.252446163166361502e-05,4.252446163178724117e-05,4.252446163257252881e-05,4.252446163238181765e-05
1.949878132616711390e-03,0.000000000000000000e+00,9.104257078091275511e-05,1.935413521365935888e-05,0.000000000000000000e+00,6.227567797866491450e-03,3.974530106515367588e-05,3.974530106528478303e-05,3.974530106287469647e-05,3.974530106267851008e-05
1.954877820136241302e-03,0.000000000000000000e+00,9.255476400802124456e-05,1.917108103338265756e-05,0.000000000000000000e+00,6.227558340400118908e-03,3.397094176053330820e-05,3.397094176067386824e-05,3.397094175832999932e-05,3.397094175812549169e-05
1.959877507655771647e-03,0.000000000000000000e+00,9.396878042771348043e-05,1.898827207245258185e-05,0.000000000000000000e+00,6.227550209556655982e-03,2.515962052365036086e-05,2.515962052380226437e-05,2.515962052114924198e-05,2.515962052093401768e-05
1.964877195175301558e-03,0.000000000000000000e+00,9.523838055149702424e-05,1.880570833086913176e-05,0.000000000000000000e+00,6.227548449255887984e-03,1.349699808419404587e-05,1.349699808435840245e-05,1.349699808929696198e-05,1.349699808906973692e-05
1.969876882694831469e-03,0.000000000000000000e+00,9.633406345088814198e-05,1.862338980863230051e-05,0.000000000000000000e+00,6.227553025623444594e-03,-5.919690085286415484e-07,-5.919690083511508765e-07,-5.919690077750871572e-07,-5.919690080148516914e-07
1.974876570214361381e-03,0.000000000000000000e+00,9.725587225432991124e-05,1.844131650574209487e-05,0.000000000000000000e+00,6.227559884941128755e-03,-1.620650254299845690e-05,-1.620650254280752551e-05,-1.620650254152516506e-05,-1.620650254177740469e-05
1.979876257733891726e-03,0.000000000000000000e+00,9.803198299761423963e-05,1.825948842219851485e-05,0.000000000000000000e+00,6.227565519324267627e-03,-3.210709429799356329e-05,-3.210709429778987558e-05,-3.210709429524385039e-05,-3.210709429550740639e-05
1.984875945253421637e-03,0.000000000000000000e+00,9.871237962070161321e-05,1.807790555800155367e-05,0.000000000000000000e+00,6.227568852557869086e-03,-4.666331117941365457e-05,-4.666331117919856242e-05,-4.666331117327117493e-05,-4.666331117354408217e-05
1.989875632772951548e-03,0.000000000000000000e+00,9.935644324347275695e-05,1.789656791315121810e-05,0.000000000000000000e+00,6.227569936135636530e-03,-5.822099148723546133e-05,-5.822099148701051648e-05,-5.822099148640943480e-05,-5.822099148668964685e-05
1.994875320292481893e-03,0.000000000000000000e+00,1.000181802504166741e-04,1.771547548764750815e-05,0.000000000000000000e+00,6.227568892869834657e-03,-6.540994654961170484e-05,-6.540994654937922479e-05,-6.540994654958943804e-05,-6.540994654987437992e-05
1.999875007812011805e-03,0.000000000000000000e+00,1.007436554461863340e-04,1.753462828149042043e-05,0.000000000000000000e+00,6.227565402462024655e-03,-6.751548090207841967e-05,-6.751548090184112847e-05,-6.751548090070434249e-05,-6.751548090099103265e-05
2.004874695331541716e-03,0.000000000000000000e+00,1.015662991097219045e-04,1.735402629467995832e-05,0.000000000000000000e+00,6.227559792626695748e-03,-6.466675189224180774e-05,-6.466675189200214485e-05,-6.466675189220581223e-05,-6.466675189249174345e-05
2.009874382851071627e-03,0.000000000000000000e+00,1.025054878813438811e-04,1.717366952721611166e-05,0.000000000000000000e+00,6.227554242266562443e-03,-5.762892361763934492e-05,-5.762892361739972269e-05,-5.762892361972148743e-05,-5.762892362000432867e-05
2.014874070370601972e-03,0.000000000000000000e+00,1.035593458631469625e-04,1.699355797909889740e-05,0.000000000000000000e+00,6.227551697958530821e-03,-4.762171800941374225e-05,-4.762171800917685763e-05,-4.762171801380392079e-05,-4.762171801408115129e-05
2.019873757890131884e-03,0.000000000000000000e+00,1.047067043526140045e-04,1.681369165032830536e-05,0.000000000000000000e+00,6.227553393969948933e-03,-3.594838082842642001e-05,-3.594838082819459726e-05,-3.594838082849326785e-05,-3.594838082876257012e-05
2.024873445409661795e-03,0.000000000000000000e+00,1.059150122440445147e-04,1.663407054090433216e-05,0.000000000000000000e+00,6.227558162554855219e-03,-2.396678207079503041e-05,-2.396678207057048197e-05,-2.396678207134590337e-05,-2.396678207160516321e-05
2.029873132929191706e-03,0.000000000000000000e+00,1.071459341077202426e-04,1.645469465082698797e-05,0.000000000000000000e+00,6.227563196917830328e-03,-1.278467341116141480e-05,-1.278467341094624641e-05,-1.278467341171472214e-05,-1.278467341196175929e-05
2.034872820448722051e-03,0.000000000000000000e+00,1.083625408388483330e-04,1.627556398009626261e-05,0.000000000000000000e+00,6.227565791256901157e-03,-3.122517485423871348e-06,-3.122517485219694056e-06,-3.122517485769086401e-06,-3.122517486002244079e-06
2.039872507968251963e-03,0.000000000000000000e+00,1.095255956218283539e-04,1.609667852871216287e-05,0.000000000000000000e+00,6.227565338781770876e-03,4.652679699353995916e-06,4.652679699546502788e-06,4.652679705807082544e-06,4.652679705588573454e-06
2.044872195487781874e-03,0.000000000000000000e+00,1.105899722929349065e-04,1.591803829667468536e-05,0.000000000000000000e+00,6.227563467207237503e-03,1.050752648801081421e-05,1.050752648819148126e-05,1.050752649015703646e-05,1.050752648995326235e-05
2.049871883007312219e-03,0.000000000000000000e+00,1.114932960985321657e-04,1.573964328398383007e-05,0.000000000000000000e+00,6.227562220951981392e-03,1.449687653542487699e-05,1.449687653559423784e-05,1.449687653671390697e-05,1.449687653652422241e-05
2.054871570526842130e-03,0.000000000000000000e+00,1.121565788812119152e-04,1.556149349063960379e-05,0.000000000000000000e+00,6.227562645521122521e-03,1.664110186770896224e-05,1.664110186786831963e-05,1.664110186919740242e-05,1.664110186902016924e-05
2.059871258046372042e-03,0.000000000000000000e+00,1.124985981285080866e-04,1.538358891664199634e-05,0.000000000000000000e+00,6.227564053177519349e-03,1.668903840004070773e-05,1.668903840019177775e-05,1.668903840432386536e-05,1.668903840415704730e-05
2.064870945565901953e-03,0.000000000000000000e+00,1.124519600495768492e-04,1.520592956199100943e-05,0.000000000000000000e+00,6.227564485385420762e-03,1.443535118832900397e-05,1.443535118847401262e-05,1.443535118399110261e-05,1.443535118383197053e-05
2.069870633085432298e-03,0.000000000000000000e+00,1.119765773112231863e-04,1.502851542668664814e-05,0.000000000000000000e+00,6.227563252043604933e-03,9.985016292368353798e-06,9.985016292510219958e-06,9.985016291250622673e-06,9.985016291095962927e-06
2.074870320604962209e-03,0.000000000000000000e+00,1.110608187441906197e-04,1.485134651072891585e-05,0.000000000000000000e+00,6.227561787241361890e-03,3.913918067864412706e-06,3.913918068005862973e-06,3.913918065600365636e-06,3.913918065447224620e-06
2.079870008124492121e-03,0.000000000000000000e+00,1.097263511027597802e-04,1.467442281411780070e-05,0.000000000000000000e+00,6.227561296357138863e-03,-2.711101631749128496e-06,-2.711101631605578434e-06,-2.711101631590487695e-06,-2.711101631744530801e-06
2.084869695644022032e-03,0.000000000000000000e+00,1.080223295983801001e-04,1.449774433685331287e-05,0.000000000000000000e+00,6.227561489065729268e-03,-8.659790700277367941e-06,-8.659790700129335381e-06,-8.659790702939982129e-06,-8.659790703096876348e-06
2.089869383163552377e-03,0.000000000000000000e+00,1.060201353280856699e-04,1.432131107893544895e-05,0.000000000000000000e+00,6.227561936784698805e-03,-1.274485183063924445e-05,-1.274485183048484050e-05,-1.274485182888893556e-05,-1.274485182904977696e-05
2.094869070683082288e-03,0.000000000000000000e+00,1.038093244411342995e-04,1.414512304036420557e-05,0.000000000000000000e+00,6.227562368471248160e-03,-1.421696563619013334e-05,-1.421696563602788418e-05,-1.421696563543292485e-05,-1.421696563559795567e-05
2.099868758202612200e-03,0.000000000000000000e+00,1.014891920193151655e-04,1.396918022113958950e-05,0.000000000000000000e+00,6.227562327606642190e-03,-1.276582186019990477e-05,-1.276582186002832809e-05,-1.276582185620865842e-05,-1.276582185637784648e-05
2.104868445722142545e-03,0.000000000000000000e+00,9.915565855771944727e-05,1.379348262126159396e-05,0.000000000000000000e+00,6.227561203688722520e-03,-8.542365970969360340e-06,-8.542365970787126284e-06,-8.542365969140182526e-06,-8.542365969313170371e-06
2.109868133241672456e-03,0.000000000000000000e+00,9.688148855174815235e-05,1.361803024073022234e-05,0.000000000000000000e+00,6.227558667346660796e-03,-1.986204703986608252e-06,-1.986204703793108657e-06,-1.986204701596548937e-06,-1.986204701772077881e-06
2.114867820761202367e-03,0.000000000000000000e+00,9.471540486229824496e-05,1.344282307954547803e-05,0.000000000000000000e+00,6.227555937497851989e-03,6.269106956383535746e-06,6.269106956588595646e-06,6.269106959390838133e-06,6.269106959214411335e-06
2.119867508280732279e-03,0.000000000000000000e+00,9.268719558514739094e-05,1.326786113770735087e-05,0.000000000000000000e+00,6.227556026819575617e-03,1.536999745059278508e-05,1.536999745080911052e-05,1.536999745338162412e-05,1.536999745320635267e-05
2.124867195800262624e-03,0.000000000000000000e+00,9.081823245989190867e-05,1.309314441521585101e-05,0.000000000000000000e+00,6.227559871749780568e-03,2.449045682020623308e-05,2.449045682043306851e-05,2.449045681807261808e-05,2.449045681790094822e-05
2.129866883319792535e-03,0.000000000000000000e+00,8.912984499228869821e-05,1.291867291207097508e-05,0.000000000000000000e+00,6.227564345354896259e-03,3.285690834291901425e-05,3.285690834315524835e-05,3.285690834368259073e-05,3.285690834351695175e-05
2.134866570839322446e-03,0.000000000000000000e+00,8.764822482642367120e-05,1.274444662827271968e-05,0.000000000000000000e+00,6.227566215942385852e-03,3.987814346035613663e-05,3.987814346060063100e-05,3.987814346234583058e-05,3.987814346218844508e-05
2.139866258358852358e-03,0.000000000000000000e+00,8.640630194904648086e-05,1.257046556382109329e-05,0.000000000000000000e+00,6.227565860919207462e-03,4.510489276068899769e-05,4.510489276094047160e-05,4.510489275978213711e-05,4.510489275963488890e-05
2.144865945878382703e-03,0.000000000000000000e+00,8.543154008536923841e-05,1.239672971871608234e-05,0.000000000000000000e+00,6.227565503705549503e-03,4.824076533930748522e-05,4.824076533956423108e-05,4.824076533851653941e-05,4.824076533838116999e-05
2.149865633397912614e-03,0.000000000000000000e+00,8.474351439444321728e-05,1.222323909295770040e-05,0.000000000000000000e+00,6.227565473679132386e-03,4.906129137372021242e-05,4.906129137398057680e-05,4.906129137519037024e-05,4.906129137506818065e-05
2.154865320917442525e-03,0.000000000000000000e+00,8.435279816729782066e-05,1.204999368654594069e-05,0.000000000000000000e+00,6.227563249919394403e-03,4.734794141777707996e-05,4.734794141803934169e-05,4.734794141953128520e-05,4.734794141942302083e-05
2.159865008436972437e-03,0.000000000000000000e+00,8.426103174299847342e-05,1.187699349948080320e-05,0.000000000000000000e+00,6.227557481829770411e-03,4.321828231557397955e-05,4.321828231583664786e-05,4.321828231446101214e-05,4.321828231436677465e-05
2.164864695956502782e-03,0.000000000000000000e+00,8.445317003422208029e-05,1.170423853176229303e-05,0.000000000000000000e+00,6.227552222538167495e-03,3.721403507731078643e-05,3.721403507757291941e-05,3.721403507956547293e-05,3.721403507948446948e-05
2.169864383476032693e-03,0.000000000000000000e+00,8.489394454183187629e-05,1.153172878339040169e-05,0.000000000000000000e+00,6.227553218185919240e-03,3.044991034750801478e-05,3.044991034776892125e-05,3.044991034684961268e-05,3.044991034678046091e-05
2.174864070995562604e-03,0.000000000000000000e+00,8.553739345600053223e-05,1.135946425436513597e-05,0.000000000000000000e+00,6.227560447412200210e-03,2.433176396126156605e-05,2.433176396152074458e-05,2.433176396281332702e-05,2.433176396275435997e-05
2.179863758515092950e-03,0.000000000000000000e+00,8.633158663829798140e-05,1.118744494468649586e-05,0.000000000000000000e+00,6.227567971345234106e-03,2.022776201381597380e-05,2.022776201407324142e-05,2.022776201353474531e-05,2.022776201348389284e-05
2.184863446034622861e-03,0.000000000000000000e+00,8.722986155584591336e-05,1.101567085435447459e-05,0.000000000000000000e+00,6.227570438279358966e-03,1.911846109390522347e-05,1.911846109416068522e-05,1.911846109591001493e-05,1.911846109586501038e-05
2.189863133554152772e-03,0.000000000000000000e+00,8.819836114658153746e-05,1.084414198336908064e-05,0.000000000000000000e+00,6.227567467445197825e-03,2.134456217616112998e-05,2.134456217641497559e-05,2.134456217691787938e-05,2.134456217687645947e-05
2.194862821073682684e-03,0.000000000000000000e+00,8.922067499608470477e-05,1.067285833173030890e-05,0.000000000000000000e+00,6.227563479568138868e-03,2.664219450455559266e-05,2.664219450480863867e-05,2.664219450764030708e-05,2.664219450759979180e-05
2.199862508593213029e-03,0.000000000000000000e+00,9.028589929624277301e-05,1.050181989943815940e-05,0.000000000000000000e+00,6.227562529175621579e-03,3.410719730846381505e-05,3.410719730871712534e-05,3.410719730771176499e-05,3.410719730766941334e-05
2.204862196112742940e-03,0.000000000000000000e+00,9.137364382906061546e-05,1.033102668649263890e-05,0.000000000000000000e+00,6.227563593059136718e-03,4.252711051766817235e-05,4.252711051792260749e-05,4.252711051889949398e-05,4.252711051885286651e-05
2.209861883632272851e-03,0.000000000000000000e+00,9.245314763706072964e-05,1.016047869289373385e-05,0.000000000000000000e+00,6.227562995379204262e-03,5.048106193210232981e-05,5.048106193235847258e-05,5.048106193265401254e-05,5.048106193260107637e-05
2.214861571151802763e-03,0.000000000000000000e+00,9.348251668027969389e-05,9.990175918641457808e-06,0.000000000000000000e+00,6.227560099305657487e-03,5.665274303531457709e-05,5.665274303557279339e-05,5.665274303673183939e-05,5.665274303667100210e-05
2.219861258671333108e-03,0.000000000000000000e+00,9.441268955444523088e-05,9.820118363735803990e-06,0.000000000000000000e+00,6.227557195490701636e-03,6.018629198706043485e-05,6.018629198732111093e-05,6.018629198470776357e-05,6.018629198463758181e-05
2.224860946190863019e-03,0.000000000000000000e+00,9.518844989577434582e-05,9.650306028176772400e-06,0.000000000000000000e+00,6.227556349140230159e-03,6.084772973677456299e-05,6.084772973703790215e-05,6.084772973854117557e-05,6.084772973846051770e-05
2.229860633710392930e-03,0.000000000000000000e+00,9.575982782435068369e-05,9.480738911964368119e-06,0.000000000000000000e+00,6.227557380243418234e-03,5.899249128604809844e-05,5.899249128631462244e-05,5.899249128592985264e-05,5.899249128583752605e-05
2.234860321229923275e-03,0.000000000000000000e+00,9.608938750277455914e-05,9.311417015098582677e-06,0.000000000000000000e+00,6.227557916007082570e-03,5.523423180803737855e-05,5.523423180830781923e-05,5.523423181005293750e-05,5.523423180994780377e-05
2.239860008749453187e-03,0.000000000000000000e+00,9.615566728556580929e-05,9.142340337579422851e-06,0.000000000000000000e+00,6.227556769047064289e-03,5.037935693386611018e-05,5.037935693414090799e-05,5.037935693418316477e-05,5.037935693406459371e-05
2.244859696268983098e-03,0.000000000000000000e+00,9.596317770326239958e-05,8.973508879406886946e-06,0.000000000000000000e+00,6.227556593858087249e-03,4.514072607027170062e-05,4.514072607055109274e-05,4.514072607210749206e-05,4.514072607197527361e-05
2.249859383788513009e-03,0.000000000000000000e+00,9.554608167712347561e-05,8.804922640580971574e-06,0.000000000000000000e+00,6.227560090003085753e-03,4.015065331643113261e-05,4.015065331671539687e-05,4.015065331699461281e-05,4.015065331684876729e-05
2.254859071308043354e-03,0.000000000000000000e+00,9.496341956675635678e-05,8.636581621101683512e-06,0.000000000000000000e+00,6.227565866559615741e-03,3.602217947357653214e-05,3.602217947386603445e-05,3.602217947467140015e-05,3.602217947451203598e-05
2.259858758827573266e-03,0.000000000000000000e+00,9.427653045838638038e-05,8.468485820969015983e-06,0.000000000000000000e+00,6.227570452176880121e-03,3.332679348749220975e-05,3.332679348778728215e-05,3.332679348938929250e-05,3.332679348921653844e-05
2.264858446347103177e-03,0.000000000000000000e+00,9.353637363736304030e-05,8.300635240182972375e-06,0.000000000000000000e+00,6.227571354671080153e-03,3.257116636582404768e-05,3.257116636612513740e-05,3.257116636780668753e-05,3.257116636762069943e-05
2.269858133866633088e-03,0.000000000000000000e+00,9.277625246696676010e-05,8.133029878743556077e-06,0.000000000000000000e+00,6.227568613597210534e-03,3.394860622014228948e-05,3.394860622044980309e-05,3.394860622343024776e-05,3.394860622323114081e-05
2.274857821386163433e-03,0.000000000000000000e+00,9.200746907607443943e-05,7.965669736650756924e-06,0.000000000000000000e+00,6.227564343651017902e-03,3.744478917337800263e-05,3.744478917369206889e-05,3.744478917524476837e-05,3.744478917503288816e-05
2.279857508905693345e-03,0.000000000000000000e+00,9.122493683616920740e-05,7.798554813904586775e-06,0.000000000000000000e+00,6.227560144955283060e-03,4.275214994734417341e-05,4.275214994766515146e-05,4.275214994944831167e-05,4.275214994922363110e-05
2.284857196425223256e-03,0.000000000000000000e+00,9.041924733313528510e-05,7.631685110505037159e-06,0.000000000000000000e+00,6.227556467076852433e-03,4.939821463869827777e-05,4.939821463902663518e-05,4.939821463882762987e-05,4.939821463858987789e-05
2.289856883944753601e-03,0.000000000000000000e+00,8.959300625726814883e-05,7.465060626452111464e-06,0.000000000000000000e+00,6.227555249203218894e-03,5.665014117937051626e-05,5.665014117970733722e-05,5.665014117979452741e-05,5.665014117954256560e-05
2.294856571464283512e-03,0.000000000000000000e+00,8.876163842482072614e-05,7.298681361745809691e-06,0.000000000000000000e+00,6.227557845826524156e-03,6.353013862628716308e-05,6.353013862663378251e-05,6.353013862306572737e-05,6.353013862279813272e-05
2.299856258983813424e-03,0.000000000000000000e+00,8.795683140630096539e-05,7.132547316386131839e-06,0.000000000000000000e+00,6.227561691955022308e-03,6.894169490435784120e-05,6.894169490471556015e-05,6.894169490046354962e-05,6.894169490017872971e-05
2.304855946503343335e-03,0.000000000000000000e+00,8.722873734239110883e-05,6.966658490373077908e-06,0.000000000000000000e+00,6.227563233919582684e-03,7.167657927430176731e-05,7.167657927467157512e-05,7.167657926971702869e-05,7.167657926941373668e-05
2.309855634022873680e-03,0.000000000000000000e+00,8.664038700970161302e-05,6.801014883706646205e-06,0.000000000000000000e+00,6.227562250827448943e-03,7.083145198864501148e-05,7.083145198902787037e-05,7.083145198974672352e-05,7.083145198942368548e-05
2.314855321542403591e-03,0.000000000000000000e+00,8.625479781735382559e-05,6.635616496386838423e-06,0.000000000000000000e+00,6.227561264285573842e-03,6.607369576777809739e-05,6.607369576817496959e-05,6.607369576638543970e-05,6.607369576604163919e-05
2.319855009061933503e-03,0.000000000000000000e+00,8.611967533817337062e-05,6.470463328413654562e-06,0.000000000000000000e+00,6.227562924543316759e-03,5.783658690236904342e-05,5.783658690278073531e-05,5.783658690595079338e-05,5.783658690558549857e-05
2.324854696581463414e-03,0.000000000000000000e+00,8.626432890697516840e-05,6.305555379787094623e-06,0.000000000000000000e+00,6.227566724512015837e-03,4.702805118417737075e-05,4.702805118460474970e-05,4.702805118748487178e-05,4.702805118709763542e-05
2.329854384100993759e-03,0.000000000000000000e+00,8.669212645153285483e-05,6.140892650507157758e-06,0.000000000000000000e+00,6.227568633071289134e-03,3.481391466878749495e-05,3.481391466923096074e-05,3.481391467609758580e-05,3.481391467568870605e-05
2.334854071620523670e-03,0.000000000000000000e+00,8.738111372233746442e-05,5.976475140573843968e-06,0.000000000000000000e+00,6.227566852111856253e-03,2.244325051574457423e-05,2.244325051620372368e-05,2.244325051695103036e-05,2.244325051652204544e-05
2.339853759140053582e-03,0.000000000000000000e+00,8.829259006436771581e-05,5.812302849987154099e-06,0.000000000000000000e+00,6.227564178800930328e-03,1.092658729781048824e-05,1.092658729828408808e-05,1.092658730261599922e-05,1.092658730216953324e-05
2.344853446659583927e-03,0.000000000000000000e+00,8.938417206503739931e-05,5.648375778747087304e-06,0.000000000000000000e+00,6.227562720544155446e-03,1.100147333702339737e-06,1.100147334189151594e-06,1.100147333516563388e-06,1.100147333055555542e-06
2.349853134179113838e-03,0.000000000000000000e+00,9.061559872929148625e-05,5.484693926853644430e-06,0.000000000000000000e+00,6.227560805206838745e-03,-6.457401686909370947e-06,-6.457401686410824295e-06,-6.457401686923624817e-06,-6.457401687396035421e-06
2.354852821698643749e-03,0.000000000000000000e+00,9.194417895051074032e-05,5.321257294306823784e-06,0.000000000000000000e+00,6.227556370842297385e-03,-1.136789753376341246e-05,-1.136789753325489284e-05,-1.136789753777843842e-05,-1.136789753825881621e-05
2.359852509218173661e-03,0.000000000000000000e+00,9.332900720288703667e-05,5.158065881106627060e-06,0.000000000000000000e+00,6.227550516215671003e-03,-1.358473539810705862e-05,-1.358473539759011950e-05,-1.358473539855998747e-05,-1.358473539904511373e-05
2.364852196737704006e-03,0.000000000000000000e+00,9.472926769356842342e-05,4.995119687253054256e-06,0.000000000000000000e+00,6.227548329812737302e-03,-1.323201194365334989e-05,-1.323201194312993266e-05,-1.323201194519426884e-05,-1.323201194568098922e-05
2.369851884257233917e-03,0.000000000000000000e+00,9.610195286226324793e-05,4.832418712746105374e-06,0.000000000000000000e+00,6.227553848259102971e-03,-1.043527232695870709e-05,-1.043527232643076501e-05,-1.043527232519453059e-05,-1.043527232567990079e-05
2.374851571776763828e-03,0.000000000000000000e+00,9.740050514358896826e-05,4.669962957585779567e-06,0.000000000000000000e+00,6.227563497517811866e-03,-5.408112709668548056e-06,-5.408112709137995416e-06,-5.408112712330770915e-06,-5.408112712812237994e-06
2.379851259296293740e-03,0.000000000000000000e+00,9.858244776345536796e-05,4.507752421772076833e-06,0.000000000000000000e+00,6.227568994157296582e-03,1.516243546673188940e-06,1.516243547205359412e-06,1.516243547767741855e-06,1.516243547291462005e-06
2.384850946815824085e-03,0.000000000000000000e+00,9.961692342936437675e-05,4.345787105304998022e-06,0.000000000000000000e+00,6.227567048352001047e-03,9.623020754559972345e-06,9.623020755093169421e-06,9.623020755965774293e-06,9.623020755495169563e-06
2.389850634335353996e-03,0.000000000000000000e+00,1.004826205419058558e-04,4.184067008184543131e-06,0.000000000000000000e+00,6.227561487316411563e-03,1.799013357527484976e-05,1.799013357580888709e-05,1.799013357664746665e-05,1.799013357618232698e-05
2.394850321854883907e-03,0.000000000000000000e+00,1.011732498770606816e-04,4.022592130410712162e-06,0.000000000000000000e+00,6.227557930610650057e-03,2.562279920245196915e-05,2.562279920298708729e-05,2.562279919912947563e-05,2.562279919866901497e-05
2.399850009374414252e-03,0.000000000000000000e+00,1.017001437677421150e-04,3.861362471983503420e-06,0.000000000000000000e+00,6.227558741974638205e-03,3.182605046411412581e-05,3.182605046465065003e-05,3.182605046597330892e-05,3.182605046551643290e-05
2.404849696893944164e-03,0.000000000000000000e+00,1.020925254007317351e-04,3.700378032902918600e-06,0.000000000000000000e+00,6.227561402520204181e-03,3.644280445960898160e-05,3.644280446014792495e-05,3.644280446010450265e-05,3.644280445964936813e-05
2.409849384413474075e-03,0.000000000000000000e+00,1.023895405941171988e-04,3.539638813168957277e-06,0.000000000000000000e+00,6.227562827046118077e-03,3.976298248406534591e-05,3.976298248460803653e-05,3.976298248213306724e-05,3.976298248167739740e-05
2.414849071933003986e-03,0.000000000000000000e+00,1.026365222815158715e-04,3.379144812781619452e-06,0.000000000000000000e+00,6.227564107597447114e-03,4.225995394955593481e-05,4.225995395010455466e-05,4.225995395065521417e-05,4.225995395019604099e-05
2.419848759452534331e-03,0.000000000000000000e+00,1.028850704410788885e-04,3.218896031740905125e-06,0.000000000000000000e+00,6.227566909021985640e-03,4.417689313841930668e-05,4.417689313897635620e-05,4.417689314229823646e-05,4.417689314183229380e-05
2.424848446972064243e-03,0.000000000000000000e+00,1.031834300204841781e-04,3.058892470046814296e-06,0.000000000000000000e+00,6.227568858695940908e-03,4.558318752705585529e-05,4.558318752762377394e-05,4.558318752869261432e-05,4.558318752821672410e-05
2.429848134491594154e-03,0.000000000000000000e+00,1.035700844342020611e-04,2.899134127699346965e-06,0.000000000000000000e+00,6.227567136531824733e-03,4.627572615060928773e-05,4.627572615119015582e-05,4.627572615120675089e-05,4.627572615071820939e-05
2.434847822011124065e-03,0.000000000000000000e+00,1.040674535337744516e-04,2.739621004698503132e-06,0.000000000000000000e+00,6.227562064948287054e-03,4.584267967729329420e-05,4.584267967788896165e-05,4.584267968164013176e-05,4.584267968113658084e-05
2.439847509530654410e-03,0.000000000000000000e+00,1.046816646774845297e-04,2.580353101044282797e-06,0.000000000000000000e+00,6.227556278520566396e-03,4.379545508275641452e-05,4.379545508336864316e-05,4.379545508586111553e-05,4.379545508534035968e-05
2.444847197050184322e-03,0.000000000000000000e+00,1.053944748709355301e-04,2.421330416736686382e-06,0.000000000000000000e+00,6.227553290219529220e-03,3.964318552920736012e-05,3.964318552983749842e-05,3.964318553131909457e-05,3.964318553077938551e-05
2.449846884569714233e-03,0.000000000000000000e+00,1.061593295653460805e-04,2.262552951775713043e-06,0.000000000000000000e+00,6.227554832432226177e-03,3.308010499138821158e-05,3.308010499203722856e-05,3.308010499005914235e-05,3.308010498949932133e-05
2.454846572089244578e-03,0.000000000000000000e+00,1.069086310902105401e-04,2.104020706161363624e-06,0.000000000000000000e+00,6.227558878349892177e-03,2.409656941808359501e-05,2.409656941875174815e-05,2.409656941714389666e-05,2.409656941656349613e-05
2.459846259608774489e-03,0.000000000000000000e+00,1.075610117053083897e-04,1.945733679893637280e-06,0.000000000000000000e+00,6.227562718288801556e-03,1.332111127318142763e-05,1.332111127386817823e-05,1.332111127117942460e-05,1.332111127057900868e-05
2.464845947128304401e-03,0.000000000000000000e+00,1.080333876151567555e-04,1.787691872972534646e-06,0.000000000000000000e+00,6.227564916247652071e-03,1.769602858065993139e-06,1.769602858770084194e-06,1.769602856583234860e-06,1.769602855964138479e-06
2.469845634647834312e-03,0.000000000000000000e+00,1.082532816419382005e-04,1.629895285398055298e-06,0.000000000000000000e+00,6.227564670152666536e-03,-9.471709230368293429e-06,-9.471709229648559369e-06,-9.471709235989322651e-06,-9.471709236625132686e-06
2.474845322167364657e-03,0.000000000000000000e+00,1.081776504326935633e-04,1.472343917170199447e-06,0.000000000000000000e+00,6.227563318175981417e-03,-1.966355071391646034e-05,-1.966355071318255372e-05,-1.966355071363033599e-05,-1.966355071428084713e-05
2.479845009686894568e-03,0.000000000000000000e+00,1.077974876716882404e-04,1.315037768288967095e-06,0.000000000000000000e+00,6.227563369792267316e-03,-2.866360923079297034e-05,-2.866360923004676142e-05,-2.866360923222248074e-05,-2.866360923288516205e-05
2.484844697206424480e-03,0.000000000000000000e+00,1.071318927409467748e-04,1.157976838754358240e-06,0.000000000000000000e+00,6.227564472427267982e-03,-3.676367086677704096e-05,-3.676367086602055922e-05,-3.676367086743301038e-05,-3.676367086810498533e-05
2.489844384725954391e-03,0.000000000000000000e+00,1.062211801079431791e-04,1.001161128566373095e-06,0.000000000000000000e+00,6.227564843197212242e-03,-4.442280763246616275e-05,-4.442280763170186120e-05,-4.442280763364988113e-05,-4.442280763432774466e-05
2.494844072245484736e-03,0.000000000000000000e+00,1.051165723985836379e-04,8.445906377250112361e-07,0.000000000000000000e+00,6.227564461840533368e-03,-5.175481047974597173e-05,-5.175481047897656766e-05,-5.175481047483442069e-05,-5.175481047551463558e-05
2.499843759765014647e-03,0.000000000000000000e+00,1.038723880217696063e-04,6.882653662302729809e-07,0.000000000000000000e+00,6.227563881314093948e-03,-5.850552725924219709e-05,-5.850552725847048231e-05,-5.850552726003212646e-05,-5.850552726071093189e-05
2.504843447284544559e-03,0.000000000000000000e+00,1.025359319018083454e-04,5.321853140821584352e-07,0.000000000000000000e+00,6.227563490484958400e-03,-6.411106708367967223e-05,-6.411106708290853344e-05,-6.411106708399503954e-05,-6.411106708466900671e-05
2.509843134804074904e-03,0.000000000000000000e+00,1.011497623642740892e-04,3.763504812806677581e-07,0.000000000000000000e+00,6.227563211958170829e-03,-6.800077135993919217e-05,-6.800077135917095362e-05,-6.800077135940209197e-05,-6.800077136006859170e-05
2.514842822323604815e-03,0.000000000000000000e+00,9.975290846871365724e-05,2.207608678258008699e-07,0.000000000000000000e+00,6.227561519010643871e-03,-6.975062947561110928e-05,-6.975062947484789871e-05,-6.975062947270888980e-05,-6.975062947336588921e-05
2.519842509843134726e-03,0.000000000000000000e+00,9.838042897226255445e-05,6.541647371755792962e-08,0.000000000000000000e+00,6.227558206027164305e-03,-6.905807076913146939e-05,-6.905807076837544166e-05,-6.905807076961308555e-05,-6.905807077025897188e-05
2.524842197362664638e-03,0.000000000000000000e+00,9.706418411230805887e-05,-8.968270104406122165e-08,0.000000000000000000e+00,6.227555915280355049e-03,-6.595767209563650172e-05,-6.595767209488967615e-05,-6.595767209445858382e-05,-6.595767209509244907e-05
2.529841884882194983e-03,0.000000000000000000e+00,9.583383993266946616e-05,-2.445366564590565310e-07,0.000000000000000000e+00,6.227555584644915883e-03,-6.079888063608915994e-05,-6.079888063535303410e-05,-6.079888063634896866e-05,-6.079888063697088736e-05
2.534841572401724894e-03,0.000000000000000000e+00,9.471958749482729454e-05,-3.991453925274280248e-07,0.000000000000000000e+00,6.227555891473828854e-03,-5.434943460410630162e-05,-5.434943460338190549e-05,-5.434943460211702103e-05,-5.434943460272796895e-05
2.539841259921254805e-03,0.000000000000000000e+00,9.374307320179689203e-05,-5.535089092491755972e-07,0.000000000000000000e+00,6.227557228536741499e-03,-4.758713800483381484e-05,-4.758713800412150079e-05,-4.758713800513615817e-05,-4.758713800573822242e-05
2.544840947440784717e-03,0.000000000000000000e+00,9.291180751376289378e-05,-7.076272066242994071e-07,0.000000000000000000e+00,6.227560793848146113e-03,-4.149259839110606334e-05,-4.149259839040542479e-05,-4.149259839045299416e-05,-4.149259839104901397e-05
2.549840634960315062e-03,0.000000000000000000e+00,9.221292043465014647e-05,-8.615002846527994014e-07,0.000000000000000000e+00,6.227565865453719117e-03,-3.666071051797935673e-05,-3.666071051729000066e-05,-3.666071051866681544e-05,-3.666071051925977916e-05
2.554840322479844973e-03,0.000000000000000000e+00,9.160998158197086619e-05,-1.015128143334675369e-06,0.000000000000000000e+00,6.227570138182974592e-03,-3.311307253729667797e-05,-3.311307253661819781e-05,-3.311307253654788730e-05,-3.311307253714074260e-05
2.559840009999374884e-03,0.000000000000000000e+00,9.104437542356664192e-05,-1.168510782669927732e-06,0.000000000000000000e+00,6.227570555946073012e-03,-3.069624342872692929e-05,-3.069624342805896589e-05,-3.069624343036067967e-05,-3.069624343095600830e-05
2.564839697518905230e-03,0.000000000000000000e+00,9.044405898073807585e-05,-1.321648202658556174e-06,0.000000000000000000e+00,6.227566451117394659e-03,-2.927732798310489953e-05,-2.927732798244697516e-05,-2.927732798445235616e-05,-2.927732798505240107e-05
2.569839385038435141e-03,0.000000000000000000e+00,8.974179053346095162e-05,-1.474540403300560695e-06,0.000000000000000000e+00,6.227561587858944196e-03,-2.898942801317368716e-05,-2.898942801252530377e-05,-2.898942801264644642e-05,-2.898942801325310497e-05
2.574839072557965052e-03,0.000000000000000000e+00,8.888479180082270079e-05,-1.627187384595941506e-06,0.000000000000000000e+00,6.227559093188889464e-03,-3.000336351145703700e-05,-3.000336351081773380e-05,-3.000336351187180532e-05,-3.000336351248645986e-05
2.579838760077494964e-03,0.000000000000000000e+00,8.784267601397426767e-05,-1.779589146544698395e-06,0.000000000000000000e+00,6.227557782905229246e-03,-3.239504188835114955e-05,-3.239504188772105190e-05,-3.239504188986078588e-05,-3.239504189048369391e-05
2.584838447597025309e-03,0.000000000000000000e+00,8.660902939010945659e-05,-1.931745689146831575e-06,0.000000000000000000e+00,6.227555906636741447e-03,-3.591436395748022448e-05,-3.591436395686027768e-05,-3.591436395907192814e-05,-3.591436395970237815e-05
2.589838135116555220e-03,0.000000000000000000e+00,8.520075826860611882e-05,-2.083657012402340622e-06,0.000000000000000000e+00,6.227554045372148475e-03,-4.001469780113367525e-05,-4.001469780052516678e-05,-4.001469779915338675e-05,-4.001469779978999639e-05
2.594837822636085131e-03,0.000000000000000000e+00,8.365345368796617644e-05,-2.235323116311225748e-06,0.000000000000000000e+00,6.227554343766453400e-03,-4.415225227498331993e-05,-4.415225227438828945e-05,-4.415225227302357707e-05,-4.415225227366421858e-05
2.599837510155615043e-03,0.000000000000000000e+00,8.201238456427271972e-05,-2.386744000873487375e-06,0.000000000000000000e+00,6.227558691178708243e-03,-4.783625154164254396e-05,-4.783625154106280073e-05,-4.783625154093125312e-05,-4.783625154157392074e-05
2.604837197675145388e-03,0.000000000000000000e+00,8.032751727979284414e-05,-2.537919666089125082e-06,0.000000000000000000e+00,6.227565002258842429e-03,-5.071539976485776424e-05,-5.071539976429480581e-05,-5.071539976422857461e-05,-5.071539976487179110e-05
2.609836885194675299e-03,0.000000000000000000e+00,7.864325392214027125e-05,-2.688850111958138866e-06,0.000000000000000000e+00,6.227568057619411145e-03,-5.228752986822363439e-05,-5.228752986767947332e-05,-5.228752986587889811e-05,-5.228752986652088132e-05
2.614836572714205210e-03,0.000000000000000000e+00,7.699253656273412816e-05,-2.839535338480528730e-06,0.000000000000000000e+00,6.227566334427830398e-03,-5.198152966435440483e-05,-5.198152966383155511e-05,-5.198152966397320612e-05,-5.198152966461169956e-05
2.619836260233735555e-03,0.000000000000000000e+00,7.539293154026233958e-05,-2.989975345656294672e-06,0.000000000000000000e+00,6.227563318435714625e-03,-4.933529560778894676e-05,-4.933529560729022054e-05,-4.933529560924791019e-05,-4.933529560988046762e-05
2.624835947753265467e-03,0.000000000000000000e+00,7.385313306375359123e-05,-3.140170133485437116e-06,0.000000000000000000e+00,6.227561995366832741e-03,-4.421992579253300595e-05,-4.421992579206124926e-05,-4.421992579449207119e-05,-4.421992579511604309e-05
2.629835635272795378e-03,0.000000000000000000e+00,7.238386574478281705e-05,-3.290119701967955216e-06,0.000000000000000000e+00,6.227562362440005814e-03,-3.699922930608994724e-05,-3.699922930564813485e-05,-3.699922930670377508e-05,-3.699922930731640351e-05
2.634835322792325289e-03,0.000000000000000000e+00,7.100361221618461938e-05,-3.439824051103850241e-06,0.000000000000000000e+00,6.227562186660724058e-03,-2.842445601145119255e-05,-2.842445601104135735e-05,-2.842445601442102220e-05,-2.842445601502026074e-05
2.639835010311855634e-03,0.000000000000000000e+00,6.974309761180900254e-05,-3.589283180893120497e-06,0.000000000000000000e+00,6.227559707164767415e-03,-1.955711605801454010e-05,-1.955711605763814576e-05,-1.955711605950240429e-05,-1.955711606008664018e-05
2.644834697831385546e-03,0.000000000000000000e+00,6.864112418514756663e-05,-3.738497091335767680e-06,0.000000000000000000e+00,6.227557250474352948e-03,-1.128918739468482197e-05,-1.128918739434280362e-05,-1.128918739505648647e-05,-1.128918739562448474e-05
2.649834385350915457e-03,0.000000000000000000e+00,6.773899288454918969e-05,-3.887465782431790517e-06,0.000000000000000000e+00,6.227558819369048530e-03,-4.380780733571183898e-06,-4.380780733263996389e-06,-4.380780730869092892e-06,-4.380780731419945523e-06
2.654834072870445368e-03,0.000000000000000000e+00,6.706938530938196636e-05,-4.036189254181189433e-06,0.000000000000000000e+00,6.227564156090128339e-03,4.533601624055973690e-07,4.533601626783004734e-07,4.533601629181221823e-07,4.533601623845358948e-07
2.659833760389975713e-03,0.000000000000000000e+00,6.665023822838914418e-05,-4.184667506583964428e-06,0.000000000000000000e+00,6.227569286136980936e-03,2.540750856018610073e-06,2.540750856258051465e-06,2.540750854663012615e-06,2.540750854146006574e-06
2.664833447909505625e-03,0.000000000000000000e+00,6.648307790284661552e-05,-4.332900539640116348e-06,0.000000000000000000e+00,6.227571091041942536e-03,1.453173334452774639e-06,1.453173334660758497e-06,1.453173336172095667e-06,1.453173335670317585e-06
2.669833135429035536e-03,0.000000000000000000e+00,6.655010922776679661e-05,-4.480888353349644347e-06,0.000000000000000000e+00,6.227569078703569343e-03,-2.714287876536293894e-06,-2.714287876357740195e-06,-2.714287873517314310e-06,-2.714287874005241710e-06
2.674832822948565881e-03,0.000000000000000000e+00,6.681625605980936122e-05,-4.628630947712547577e-06,0.000000000000000000e+00,6.227565445403814536e-03,-9.330502447412659153e-06,-9.330502447262259983e-06,-9.330502448280735787e-06,-9.330502448755450320e-06
2.679832510468095792e-03,0.000000000000000000e+00,6.723166478858569209e-05,-4.776128322728826887e-06,0.000000000000000000e+00,6.227562551167852532e-03,-1.711103091879778124e-05,-1.711103091867481238e-05,-1.711103092128608621e-05,-1.711103092174744134e-05
2.684832197987625704e-03,0.000000000000000000e+00,6.774219629779854837e-05,-4.923380478398483968e-06,0.000000000000000000e+00,6.227559959482249427e-03,-2.456543045298355965e-05,-2.456543045288808210e-05,-2.456543044966652442e-05,-2.456543045011356130e-05
2.689831885507155615e-03,0.000000000000000000e+00,6.829743485228887551e-05,-5.070387414721516282e-06,0.000000000000000000e+00,6.227556119384082024e-03,-3.036821045734120877e-05,-3.036821045727362570e-05,-3.036821045616904392e-05,-3.036821045659997701e-05
2.694831573026685960e-03,0.000000000000000000e+00,6.885752189977285072e-05,-5.217149131697923827e-06,0.000000000000000000e+00,6.227551536448730496e-03,-3.365201778289269414e-05,-3.365201778285294458e-05,-3.365201778522749641e-05,-3.365201778564092303e-05
2.699831260546215871e-03,0.000000000000000000e+00,6.939634426706794870e-05,-5.363665629327709144e-06,0.000000000000000000e+00,6.227548412976902960e-03,-3.396660310431404129e-05,-3.396660310430152553e-05,-3.396660310422813182e-05,-3.396660310462279496e-05
2.704830948065745783e-03,0.000000000000000000e+00,6.989774086586920769e-05,-5.509936907610870541e-06,0.000000000000000000e+00,6.227549466051195658e-03,-3.115087710964475985e-05,-3.115087710965919329e-05,-3.115087710728814478e-05,-3.115087710766229617e-05
2.709830635585275694e-03,0.000000000000000000e+00,7.035194981051493825e-05,-5.655962966547407169e-06,0.000000000000000000e+00,6.227555680521182878e-03,-2.548654878063541889e-05,-2.548654878067656775e-05,-2.548654878306128737e-05,-2.548654878341278572e-05
2.714830323104806039e-03,0.000000000000000000e+00,7.075040127692989588e-05,-5.801743806137319875e-06,0.000000000000000000e+00,6.227564082805401094e-03,-1.765660036821536588e-05,-1.765660036828255592e-05,-1.765660037023971025e-05,-1.765660037056663786e-05
2.719830010624335950e-03,0.000000000000000000e+00,7.109158620136873789e-05,-5.947279426380609507e-06,0.000000000000000000e+00,6.227570487712283734e-03,-8.713518966764640427e-06,-8.713518966857205882e-06,-8.713518966487872412e-06,-8.713518966788196413e-06
2.724829698143865862e-03,0.000000000000000000e+00,7.138664978218179334e-05,-6.092569827277275218e-06,0.000000000000000000e+00,6.227573668036517733e-03,2.554567537707140741e-07,2.554567536537591529e-07,2.554567570137694481e-07,2.554567567420582192e-07
2.729829385663395773e-03,0.000000000000000000e+00,7.166195765516571560e-05,-6.237615008827316161e-06,0.000000000000000000e+00,6.227574545427467557e-03,8.331595482136868992e-06,8.331595481997047570e-06,8.331595480836476907e-06,8.331595480594704905e-06
2.734829073182926118e-03,0.000000000000000000e+00,7.195529770797223182e-05,-6.382414971030734029e-06,0.000000000000000000e+00,6.227573242868090359e-03,1.503869505761208959e-05,1.503869505745072134e-05,1.503869505670093116e-05,1.503869505649065693e-05
2.739828760702456029e-03,0.000000000000000000e+00,7.230654005290336624e-05,-6.526969713887527975e-06,0.000000000000000000e+00,6.227568738746998636e-03,2.045516507690500917e-05,2.045516507672254472e-05,2.045516507627064587e-05,2.045516507609402933e-05
2.744828448221985941e-03,0.000000000000000000e+00,7.274992205591740825e-05,-6.671279237397698001e-06,0.000000000000000000e+00,6.227560487546648926e-03,2.476136682204733213e-05,2.476136682184374945e-05,2.476136682505812090e-05,2.476136682491736774e-05
2.749828135741516286e-03,0.000000000000000000e+00,7.330512713312275857e-05,-6.815343541561244105e-06,0.000000000000000000e+00,6.227550948117418876e-03,2.796557426003947827e-05,2.796557425981471639e-05,2.796557425561399879e-05,2.796557425551076580e-05
2.754827823261046197e-03,0.000000000000000000e+00,7.397769008247122823e-05,-6.959162626378167134e-06,0.000000000000000000e+00,6.227545092365868555e-03,2.979674182239834009e-05,2.979674182215260567e-05,2.979674181805784172e-05,2.979674181799282686e-05
2.759827510780576108e-03,0.000000000000000000e+00,7.475955240720475728e-05,-7.102736491848465395e-06,0.000000000000000000e+00,6.227546165723611520e-03,2.996815907310920938e-05,2.996815907284302758e-05,2.996815907388422081e-05,2.996815907385712931e-05
2.764827198300106020e-03,0.000000000000000000e+00,7.562959247492422781e-05,-7.246065137972139735e-06,0.000000000000000000e+00,6.227552717386427086e-03,2.820825046046471367e-05,2.820825046017894170e-05,2.820825046192599797e-05,2.820825046193558978e-05
2.769826885819636365e-03,0.000000000000000000e+00,7.655378462482928482e-05,-7.389148564749191000e-06,0.000000000000000000e+00,6.227560653755862853e-03,2.445607394076969996e-05,2.445607394046489346e-05,2.445607393679750168e-05,2.445607393684213015e-05
2.774826573339166276e-03,0.000000000000000000e+00,7.748720795764799444e-05,-7.531986772179618345e-06,0.000000000000000000e+00,6.227566639199586841e-03,1.901542045016822534e-05,1.901542044984504839e-05,1.901542045190544926e-05,1.901542045198320011e-05
2.779826260858696187e-03,0.000000000000000000e+00,7.838421418857879300e-05,-7.674579760263419226e-06,0.000000000000000000e+00,6.227569850998260215e-03,1.241366796920474523e-05,1.241366796886362134e-05,1.241366797448039338e-05,1.241366797458922695e-05
2.784825948378226099e-03,0.000000000000000000e+00,7.920664630874119929e-05,-7.816927529000598727e-06,0.000000000000000000e+00,6.227571101545851910e-03,5.406196294166599006e-06,5.406196293808385384e-06,5.406196294015342638e-06,5.406196294152938058e-06
2.789825635897756444e-03,0.000000000000000000e+00,7.993205539090428573e-05,-7.959030078391156001e-06,0.000000000000000000e+00,6.227570855061577947e-03,-1.052706352378351257e-06,-1.052706352752407783e-06,-1.052706356137253084e-06,-1.052706355973596154e-06
2.794825323417286355e-03,0.000000000000000000e+00,8.055264121965123949e-05,-8.100887408435084272e-06,0.000000000000000000e+00,6.227568480973488634e-03,-5.737677562484806780e-06,-5.737677562873364509e-06,-5.737677560560981504e-06,-5.737677560373705908e-06
2.799825010936816266e-03,0.000000000000000000e+00,8.107017962444003183e-05,-8.242499519132395397e-06,0.000000000000000000e+00,6.227563472581172307e-03,-7.523043683254613840e-06,-7.523043683657101873e-06,-7.523043682268482836e-06,-7.523043682059265698e-06
2.804824698456346611e-03,0.000000000000000000e+00,8.148916781040628249e-05,-8.383866410483079213e-06,0.000000000000000000e+00,6.227557281640317723e-03,-5.809493544034606704e-06,-5.809493544451111439e-06,-5.809493546974451388e-06,-5.809493546744131271e-06
2.809824385975876523e-03,0.000000000000000000e+00,8.181223603624082738e-05,-8.524988082487135719e-06,0.000000000000000000e+00,6.227553238508674004e-03,-8.134519379106488872e-07,-8.134519383412448622e-07,-8.134519402895527780e-07,-8.134519400387293817e-07
2.814824073495406434e-03,0.000000000000000000e+00,8.204540421330500349e-05,-8.665864535144575081e-06,0.000000000000000000e+00,6.227554068222043195e-03,6.413677266139039199e-06,6.413677265694040275e-06,6.413677269089119429e-06,6.413677269359858264e-06
2.819823761014936345e-03,0.000000000000000000e+00,8.220247991744868707e-05,-8.806495768455387132e-06,0.000000000000000000e+00,6.227559103284064160e-03,1.441338008822924408e-05,1.441338008776958641e-05,1.441338009379993244e-05,1.441338009408996330e-05
2.824823448534466690e-03,0.000000000000000000e+00,8.230767977103587113e-05,-8.946881782419573568e-06,0.000000000000000000e+00,6.227564804866677316e-03,2.176959112944360663e-05,2.176959112896933594e-05,2.176959113028190498e-05,2.176959113059042826e-05
2.829823136053996602e-03,0.000000000000000000e+00,8.238940627252500798e-05,-9.087022577037141166e-06,0.000000000000000000e+00,6.227567929097419484e-03,2.774188034036313884e-05,2.774188033987356734e-05,2.774188034245232527e-05,2.774188034277915463e-05
2.834822823573526513e-03,0.000000000000000000e+00,8.247281286481734626e-05,-9.226918152308081453e-06,0.000000000000000000e+00,6.227568208057845424e-03,3.235283844949578415e-05,3.235283844898897385e-05,3.235283845363726705e-05,3.235283845398366964e-05
2.839822511093056424e-03,0.000000000000000000e+00,8.257374515846948486e-05,-9.366568508232396125e-06,0.000000000000000000e+00,6.227567007060918515e-03,3.611070439651634703e-05,3.611070439598998042e-05,3.611070439892042982e-05,3.611070439928834027e-05
2.844822198612586769e-03,0.000000000000000000e+00,8.269486249995058825e-05,-9.505973644810091958e-06,0.000000000000000000e+00,6.227565014600158766e-03,3.968447054133961095e-05,3.968447054079118761e-05,3.968447053439002410e-05,3.968447053478169214e-05
2.849821886132116681e-03,0.000000000000000000e+00,8.282848124774648774e-05,-9.645133562041158787e-06,0.000000000000000000e+00,6.227562404000457942e-03,4.374071253254996881e-05,4.374071253197675112e-05,4.374071252941518119e-05,4.374071252983329698e-05
2.854821573651646592e-03,0.000000000000000000e+00,8.295753977097284433e-05,-9.784048259925605084e-06,0.000000000000000000e+00,6.227560121837918267e-03,4.889906226608886484e-05,4.889906226548844045e-05,4.889906226502062077e-05,4.889906226546790837e-05
2.859821261171176937e-03,0.000000000000000000e+00,8.305808373360643699e-05,-9.922717738463427458e-06,0.000000000000000000e+00,6.227558799834186955e-03,5.544390371671559448e-05,5.544390371608584243e-05,5.544390371221464436e-05,5.544390371269361777e-05
2.864820948690706848e-03,0.000000000000000000e+00,8.310042957630101805e-05,-1.006114199765462252e-05,0.000000000000000000e+00,6.227557942921277401e-03,6.332539356405651504e-05,6.332539356339530079e-05,6.332539355655669559e-05,6.332539355707002466e-05
2.869820636210236760e-03,0.000000000000000000e+00,8.305572852630962902e-05,-1.019932103749919875e-05,0.000000000000000000e+00,6.227557040100963233e-03,7.199431446581786259e-05,7.199431446512387833e-05,7.199431446874572345e-05,7.199431446929544106e-05
2.874820323729766671e-03,0.000000000000000000e+00,8.290855152854745486e-05,-1.033725485799714936e-05,0.000000000000000000e+00,6.227556437066478039e-03,8.044918672202079504e-05,8.044918672129379683e-05,8.044918672619453973e-05,8.044918672678152678e-05
2.879820011249297016e-03,0.000000000000000000e+00,8.266673420425011526e-05,-1.047494345914847266e-05,0.000000000000000000e+00,6.227557021586608253e-03,8.748082496643061327e-05,8.748082496567228161e-05,8.748082496800194748e-05,8.748082496862520110e-05
2.884819698768826927e-03,0.000000000000000000e+00,8.236561501649582162e-05,-1.061238684095317712e-05,0.000000000000000000e+00,6.227558871977474826e-03,9.208305275574266494e-05,9.208305275495553416e-05,9.208305275468425322e-05,9.208305275534163210e-05
2.889819386288356839e-03,0.000000000000000000e+00,8.205834163798414406e-05,-1.074958500341125597e-05,0.000000000000000000e+00,6.227560646222527786e-03,9.375775039218975490e-05,9.375775039137741642e-05,9.375775039874188678e-05,9.375775039943017898e-05
2.894819073807886750e-03,0.000000000000000000e+00,8.180297709075948513e-05,-1.088653794652270751e-05,0.000000000000000000e+00,6.227561784746053243e-03,9.241085802287030116e-05,9.241085802203600759e-05,9.241085802388077758e-05,9.241085802459677115e-05
2.899818761327417095e-03,0.000000000000000000e+00,8.164783400638481322e-05,-1.102324567028754190e-05,0.000000000000000000e+00,6.227564537225879771e-03,8.825743808587972554e-05,8.825743808502624159e-05,8.825743808259396955e-05,8.825743808333454739e-05
2.904818448846947006e-03,0.000000000000000000e+00,8.162375590898202961e-05,-1.115970817470574729e-05,0.000000000000000000e+00,6.227570063214050294e-03,8.160276950515936304e-05,8.160276950428983289e-05,8.160276950008022822e-05,8.160276950084175828e-05
2.909818136366476918e-03,0.000000000000000000e+00,8.174575975752564798e-05,-1.129592545977733045e-05,0.000000000000000000e+00,6.227574521442941387e-03,7.287672109472873993e-05,7.287672109384591475e-05,7.287672109607704020e-05,7.287672109685583617e-05
2.914817823886007263e-03,0.000000000000000000e+00,8.201590761696845927e-05,-1.143189752550229138e-05,0.000000000000000000e+00,6.227571990804865558e-03,6.260396341298541235e-05,6.260396341209197555e-05,6.260396340945152314e-05,6.260396341024388519e-05
2.919817511405537174e-03,0.000000000000000000e+00,8.242650034195653274e-05,-1.156762437188062501e-05,0.000000000000000000e+00,6.227561530194607349e-03,5.130546537182814767e-05,5.130546537092679619e-05,5.130546536728054297e-05,5.130546536808259508e-05
2.924817198925067085e-03,0.000000000000000000e+00,8.295801061422248743e-05,-1.170310599891233640e-05,0.000000000000000000e+00,6.227549696981467958e-03,3.947349270108294192e-05,3.947349270017611522e-05,3.947349270141443673e-05,3.947349270222262813e-05
2.929816886444596997e-03,0.000000000000000000e+00,8.358184422627730340e-05,-1.183834240659742557e-05,0.000000000000000000e+00,6.227545248951921707e-03,2.739856851610932597e-05,2.739856851519854872e-05,2.739856852174952525e-05,2.739856852256130807e-05
2.934816573964127342e-03,0.000000000000000000e+00,8.426471604003799064e-05,-1.197333359493588743e-05,0.000000000000000000e+00,6.227550180915876130e-03,1.517957614860039112e-05,1.517957614768726250e-05,1.517957614899843901e-05,1.517957614981147206e-05
2.939816261483657253e-03,0.000000000000000000e+00,8.497477901793578801e-05,-1.210807956392772876e-05,0.000000000000000000e+00,6.227558464382386069e-03,2.816993133148854034e-06,2.816993132235671201e-06,2.816993132974978498e-06,2.816993133786846026e-06
2.944815949003187164e-03,0.000000000000000000e+00,8.568721208357319146e-05,-1.224258031357294616e-05,0.000000000000000000e+00,6.227564241579021213e-03,-9.356100819891978833e-06,-9.356100820803420166e-06,-9.356100816392414778e-06,-9.356100815583505090e-06
2.949815636522717076e-03,0.000000000000000000e+00,8.638199863787168146e-05,-1.237683584387153457e-05,0.000000000000000000e+00,6.227567401404536171e-03,-2.056994996194965147e-05,-2.056994996285767418e-05,-2.056994995696530981e-05,-2.056994995616059801e-05
2.954815324042247421e-03,0.000000000000000000e+00,8.704164110083444333e-05,-1.251084615482350752e-05,0.000000000000000000e+00,6.227570415835422500e-03,-2.976006137329654058e-05,-2.976006137420018582e-05,-2.976006137598706620e-05,-2.976006137518672848e-05
2.959815011561777332e-03,0.000000000000000000e+00,8.764693204492968724e-05,-1.264461124642885146e-05,0.000000000000000000e+00,6.227572967226486199e-03,-3.578184966742818706e-05,-3.578184966832768184e-05,-3.578184967082800112e-05,-3.578184967003092279e-05
2.964814699081307244e-03,0.000000000000000000e+00,8.818198976591141633e-05,-1.277813111868756980e-05,0.000000000000000000e+00,6.227571098609566147e-03,-3.776557833179390112e-05,-3.776557833269017039e-05,-3.776557833085862089e-05,-3.776557833006270807e-05
2.969814386600837589e-03,0.000000000000000000e+00,8.864263852649630797e-05,-1.291140577159966929e-05,0.000000000000000000e+00,6.227562223348431618e-03,-3.533061761762770395e-05,-3.533061761852185226e-05,-3.533061761739777855e-05,-3.533061761660122877e-05
2.974814074120367500e-03,0.000000000000000000e+00,8.904351817849342143e-05,-1.304443520516514147e-05,0.000000000000000000e+00,6.227550823798979653e-03,-2.874319390412098961e-05,-2.874319390501384026e-05,-2.874319390943004304e-05,-2.874319390863128420e-05
2.979813761639897411e-03,0.000000000000000000e+00,8.941763915050310026e-05,-1.317721941938398973e-05,0.000000000000000000e+00,6.227544926153277989e-03,-1.877332220265444070e-05,-1.877332220354669843e-05,-1.877332220496361854e-05,-1.877332220416146817e-05
2.984813449159427323e-03,0.000000000000000000e+00,8.980293277462986646e-05,-1.330975841425621746e-05,0.000000000000000000e+00,6.227547440693081797e-03,-6.652322013262854596e-06,-6.652322014154815018e-06,-6.652322009140140260e-06,-6.652322008334137589e-06
2.989813136678957668e-03,0.000000000000000000e+00,9.022985189447213961e-05,-1.344205218978181788e-05,0.000000000000000000e+00,6.227554611640943351e-03,6.037135138967778724e-06,6.037135138075642966e-06,6.037135137821417885e-06,6.037135138631601511e-06
2.994812824198487579e-03,0.000000000000000000e+00,9.071001719476136577e-05,-1.357410074596079607e-05,0.000000000000000000e+00,6.227561801211492498e-03,1.758824651099411424e-05,1.758824651010152448e-05,1.758824650812909306e-05,1.758824650894344070e-05
2.999812511718017490e-03,0.000000000000000000e+00,9.123782863247031894e-05,-1.370590408279315204e-05,0.000000000000000000e+00,6.227567279791144939e-03,2.654616271503201997e-05,2.654616271413947763e-05,2.654616271747857299e-05,2.654616271829619357e-05
3.004812199237547402e-03,0.000000000000000000e+00,9.179703112708403965e-05,-1.383746220027887900e-05,0.000000000000000000e+00,6.227571715736372401e-03,3.218931589062771505e-05,3.218931588973650087e-05,3.218931589458502588e-05,3.218931589540414062e-05
3.009811886757077747e-03,0.000000000000000000e+00,9.236793402345485737e-05,-1.396877509841798712e-05,0.000000000000000000e+00,6.227574846288279516e-03,3.462055843965804538e-05,3.462055843876941973e-05,3.462055843723938685e-05,3.462055843805838639e-05
3.014811574276607658e-03,0.000000000000000000e+00,9.293089531037827735e-05,-1.409984277721046962e-05,0.000000000000000000e+00,6.227574099077548726e-03,3.462349684227351707e-05,3.462349684138924855e-05,3.462349684018188102e-05,3.462349684099883413e-05
3.019811261796137569e-03,0.000000000000000000e+00,9.346233795160473722e-05,-1.423066523665632482e-05,0.000000000000000000e+00,6.227568271863151081e-03,3.330651874313566869e-05,3.330651874225731585e-05,3.330651874414686340e-05,3.330651874496015055e-05
3.024810949315667914e-03,0.000000000000000000e+00,9.393520212180503891e-05,-1.436124247675556287e-05,0.000000000000000000e+00,6.227560125655879839e-03,3.168532001508159212e-05,3.168532001421001554e-05,3.168532001552723987e-05,3.168532001633622409e-05
3.029810636835197826e-03,0.000000000000000000e+00,9.431904162329571458e-05,-1.449157449750817361e-05,0.000000000000000000e+00,6.227553542771526764e-03,3.033085738259361867e-05,3.033085738173010924e-05,3.033085737960370418e-05,3.033085738040739614e-05
3.034810324354727737e-03,0.000000000000000000e+00,9.458648717930177494e-05,-1.462166129891415874e-05,0.000000000000000000e+00,6.227550940485207173e-03,2.929298087456617082e-05,2.929298087371313411e-05,2.929298087248381486e-05,2.929298087328043580e-05
3.039810011874257648e-03,0.000000000000000000e+00,9.471449547940391305e-05,-1.475150288097352503e-05,0.000000000000000000e+00,6.227553002016298841e-03,2.832874404200852011e-05,2.832874404116851754e-05,2.832874404252382446e-05,2.832874404331133471e-05
3.044809699393787993e-03,0.000000000000000000e+00,9.468088155276738400e-05,-1.488109924368626401e-05,0.000000000000000000e+00,6.227558063781652060e-03,2.692889731207322366e-05,2.692889731124884037e-05,2.692889731403884832e-05,2.692889731481518112e-05
3.049809386913317905e-03,0.000000000000000000e+00,9.446229649244191717e-05,-1.501045038705237737e-05,0.000000000000000000e+00,6.227563109657290388e-03,2.446360745543730989e-05,2.446360745463114459e-05,2.446360745295797330e-05,2.446360745372098736e-05
3.054809074432847816e-03,0.000000000000000000e+00,9.403351317129122664e-05,-1.513955631107187189e-05,0.000000000000000000e+00,6.227565787117190013e-03,2.040440271029809178e-05,2.040440270951197405e-05,2.040440271017077256e-05,2.040440271091902453e-05
3.059808761952377727e-03,0.000000000000000000e+00,9.337684214544538777e-05,-1.526841701574474080e-05,0.000000000000000000e+00,6.227565296532918890e-03,1.453402500067711999e-05,1.453402499991183588e-05,1.453402500425064018e-05,1.453402500498371670e-05
3.064808449471908072e-03,0.000000000000000000e+00,9.248971936267582001e-05,-1.539703250107098240e-05,0.000000000000000000e+00,6.227563000753407081e-03,6.976303916947879669e-06,6.976303916204374477e-06,6.976303916762498038e-06,6.976303917479774008e-06
3.069808136991437984e-03,0.000000000000000000e+00,9.139356575643440097e-05,-1.552540276705059838e-05,0.000000000000000000e+00,6.227561410044373837e-03,-1.854649842577728308e-06,-1.854649843299122552e-06,-1.854649846195390779e-06,-1.854649845493766284e-06
3.074807824510967895e-03,0.000000000000000000e+00,9.012956827217690479e-05,-1.565352781368359891e-05,0.000000000000000000e+00,6.227561040054381200e-03,-1.131374023682929824e-05,-1.131374023752886105e-05,-1.131374023645617175e-05,-1.131374023576922465e-05
3.079807512030498240e-03,0.000000000000000000e+00,8.874674963524915980e-05,-1.578140764096997044e-05,0.000000000000000000e+00,6.227560887592921077e-03,-2.073681705985746794e-05,-2.073681706053601926e-05,-2.073681705757000464e-05,-2.073681705689600698e-05
3.084807199550028151e-03,0.000000000000000000e+00,8.729312789984152126e-05,-1.590904224890971635e-05,0.000000000000000000e+00,6.227561512526149506e-03,-2.957333585557065921e-05,-2.957333585622973215e-05,-2.957333585944401890e-05,-2.957333585878021612e-05
3.089806887069558063e-03,0.000000000000000000e+00,8.581186594109328119e-05,-1.603643163750284343e-05,0.000000000000000000e+00,6.227563718273299541e-03,-3.747414139380349945e-05,-3.747414139444468306e-05,-3.747414139537484044e-05,-3.747414139471801043e-05
3.094806574589087974e-03,0.000000000000000000e+00,8.434817600297457737e-05,-1.616357580674934489e-05,0.000000000000000000e+00,6.227565666169846727e-03,-4.429120640788144835e-05,-4.429120640850563032e-05,-4.429120640695272755e-05,-4.429120640630033600e-05
3.099806262108618319e-03,0.000000000000000000e+00,8.295152476210610956e-05,-1.629047475664922073e-05,0.000000000000000000e+00,6.227564366682521689e-03,-5.000431346879293307e-05,-5.000431346939982879e-05,-5.000431346780502838e-05,-5.000431346715542865e-05
3.104805949628148230e-03,0.000000000000000000e+00,8.167811812150438508e-05,-1.641712848720247434e-05,0.000000000000000000e+00,6.227559114612145862e-03,-5.469629526706305735e-05,-5.469629526765240255e-05,-5.469629526775174257e-05,-5.469629526710329480e-05
3.109805637147678142e-03,0.000000000000000000e+00,8.058430399250541643e-05,-1.654353699840910234e-05,0.000000000000000000e+00,6.227552998523398428e-03,-5.837035989369917095e-05,-5.837035989427003050e-05,-5.837035989270768839e-05,-5.837035989205943036e-05
3.114805324667208053e-03,0.000000000000000000e+00,7.971794856165420064e-05,-1.666970029026911150e-05,0.000000000000000000e+00,6.227550692153581077e-03,-6.079935212044654150e-05,-6.079935212099802093e-05,-6.079935211951188468e-05,-6.079935211886277962e-05
3.119805012186738398e-03,0.000000000000000000e+00,7.911484694550517183e-05,-1.679561836278249166e-05,0.000000000000000000e+00,6.227553596560076767e-03,-6.148984912684012376e-05,-6.148984912737206045e-05,-6.148984912504620285e-05,-6.148984912439516655e-05
3.124804699706268309e-03,0.000000000000000000e+00,7.879855260358142443e-05,-1.692129121594924620e-05,0.000000000000000000e+00,6.227558876636916062e-03,-5.991185454341434538e-05,-5.991185454392611591e-05,-5.991185454468694123e-05,-5.991185454403338416e-05
3.129804387225798221e-03,0.000000000000000000e+00,7.878685397849273942e-05,-1.704671884976938529e-05,0.000000000000000000e+00,6.227564051862193896e-03,-5.572110637786493559e-05,-5.572110637835517115e-05,-5.572110637899692397e-05,-5.572110637834152376e-05
3.134804074745328566e-03,0.000000000000000000e+00,7.908679024742416071e-05,-1.717190126424289538e-05,0.000000000000000000e+00,6.227569159872909689e-03,-4.891851209458384134e-05,-4.891851209505141708e-05,-4.891851209550214703e-05,-4.891851209484619794e-05
3.139803762264858477e-03,0.000000000000000000e+00,7.968966940862595857e-05,-1.729683845936977646e-05,0.000000000000000000e+00,6.227574384790240079e-03,-4.006532134274592733e-05,-4.006532134318979970e-05,-4.006532134278306125e-05,-4.006532134212799985e-05
3.144803449784388388e-03,0.000000000000000000e+00,8.056536453368281982e-05,-1.742153043515004210e-05,0.000000000000000000e+00,6.227578115832159943e-03,-3.017511439409243973e-05,-3.017511439451170071e-05,-3.017511439953563947e-05,-3.017511439888356979e-05
3.149803137303918300e-03,0.000000000000000000e+00,8.166433083456270338e-05,-1.754597719158368211e-05,0.000000000000000000e+00,6.227577586299868663e-03,-2.047670976284081108e-05,-2.047670976323489147e-05,-2.047670976387268017e-05,-2.047670976322583838e-05
3.154802824823448645e-03,0.000000000000000000e+00,8.292618474398154521e-05,-1.767017872867069313e-05,0.000000000000000000e+00,6.227571585766136439e-03,-1.210847238094679263e-05,-1.210847238131508425e-05,-1.210847238051204789e-05,-1.210847237987298017e-05
3.159802512342978556e-03,0.000000000000000000e+00,8.428691760116692390e-05,-1.779413504641108530e-05,0.000000000000000000e+00,6.227563146956997982e-03,-5.957742476311793747e-06,-5.957742476653020970e-06,-5.957742476344119912e-06,-5.957742475716580307e-06
3.164802199862508467e-03,0.000000000000000000e+00,8.568777523562128408e-05,-1.791784614480485186e-05,0.000000000000000000e+00,6.227557040938139048e-03,-2.493065210031864226e-06,-2.493065210344715845e-06,-2.493065211941954015e-06,-2.493065211329627121e-06
3.169801887382038379e-03,0.000000000000000000e+00,8.706949726623516308e-05,-1.804131202385199619e-05,0.000000000000000000e+00,6.227554786180797275e-03,-1.687620219005222296e-06,-1.687620219288815703e-06,-1.687620217595949207e-06,-1.687620217002079161e-06
3.174801574901568724e-03,0.000000000000000000e+00,8.836965447078922939e-05,-1.816453268355251491e-05,0.000000000000000000e+00,6.227554452658218796e-03,-3.132427562472136690e-06,-3.132427562726411745e-06,-3.132427560797548318e-06,-3.132427560224251008e-06
3.179801262421098635e-03,0.000000000000000000e+00,8.952406887496713644e-05,-1.828750812390640801e-05,0.000000000000000000e+00,6.227553813088869059e-03,-6.157755070088092705e-06,-6.157755070313792257e-06,-6.157755070319625773e-06,-6.157755069767933732e-06
3.184800949940628546e-03,0.000000000000000000e+00,9.047972539687396923e-05,-1.841023834491368227e-05,0.000000000000000000e+00,6.227552408677674949e-03,-1.010144012188909547e-05,-1.010144012208781448e-05,-1.010144012263222966e-05,-1.010144012210184134e-05
3.189800637460158891e-03,0.000000000000000000e+00,9.120883967120897186e-05,-1.853272334657433092e-05,0.000000000000000000e+00,6.227552094401906345e-03,-1.445321055535041776e-05,-1.445321055552387487e-05,-1.445321055526986154e-05,-1.445321055476019335e-05
3.194800324979688803e-03,0.000000000000000000e+00,9.171138729967304875e-05,-1.865496312888835056e-05,0.000000000000000000e+00,6.227554759182883821e-03,-1.890675239080507290e-05,-1.890675239095518408e-05,-1.890675239010335015e-05,-1.890675238961333143e-05
3.199800012499218714e-03,0.000000000000000000e+00,9.201272755819409695e-05,-1.877695769185575475e-05,0.000000000000000000e+00,6.227559349048178081e-03,-2.328218380084998924e-05,-2.328218380097930745e-05,-2.328218380189073523e-05,-2.328218380141862279e-05
3.204799700018748625e-03,0.000000000000000000e+00,9.214839581401997352e-05,-1.889870703547653333e-05,0.000000000000000000e+00,6.227563674052264721e-03,-2.729538960977391908e-05,-2.729538960988524632e-05,-2.729538961151191210e-05,-2.729538961105565273e-05
3.209799387538278970e-03,0.000000000000000000e+00,9.215528761056969301e-05,-1.902021115975068290e-05,0.000000000000000000e+00,6.227567234239899871e-03,-3.041959536708536559e-05,-3.041959536718186636e-05,-3.041959536688715310e-05,-3.041959536644450385e-05
3.214799075057808882e-03,0.000000000000000000e+00,9.206486214075083072e-05,-1.914147006467821363e-05,0.000000000000000000e+00,6.227570175282820357e-03,-3.192052905219958418e-05,-3.192052905228424004e-05,-3.192052905145905376e-05,-3.192052905102809018e-05
3.219798762577338793e-03,0.000000000000000000e+00,9.190589701047668849e-05,-1.926248375025911875e-05,0.000000000000000000e+00,6.227571332553020166e-03,-3.123615906821581743e-05,-3.123615906829084422e-05,-3.123615907126506828e-05,-3.123615907084467566e-05
3.224798450096868704e-03,0.000000000000000000e+00,9.170767938856532473e-05,-1.938325221649339825e-05,0.000000000000000000e+00,6.227568776830894916e-03,-2.812684805208335231e-05,-2.812684805215006124e-05,-2.812684805358074393e-05,-2.812684805317067156e-05
3.229798137616399049e-03,0.000000000000000000e+00,9.149319796071289884e-05,-1.950377546338105553e-05,0.000000000000000000e+00,6.227561791906710727e-03,-2.275946947865523841e-05,-2.275946947871476450e-05,-2.275946947885384392e-05,-2.275946947845404437e-05
3.234797825135928961e-03,0.000000000000000000e+00,9.127531143178561597e-05,-1.962405349092208719e-05,0.000000000000000000e+00,6.227553409144708819e-03,-1.567146562519077462e-05,-1.567146562524430033e-05,-1.567146562363006559e-05,-1.567146562324007468e-05
3.239797512655458872e-03,0.000000000000000000e+00,9.105239417376041278e-05,-1.974408629911649662e-05,0.000000000000000000e+00,6.227549002968998069e-03,-7.614730175940426800e-06,-7.614730175988995669e-06,-7.614730179664440187e-06,-7.614730179283746311e-06
3.244797200174989217e-03,0.000000000000000000e+00,9.081785679774884645e-05,-1.986387388796428382e-05,0.000000000000000000e+00,6.227551266097417111e-03,5.746317142933410902e-07,5.746317142488633901e-07,5.746317145846187801e-07,5.746317149568253859e-07
3.249796887694519128e-03,0.000000000000000000e+00,9.056511351493379215e-05,-1.998341625746544203e-05,0.000000000000000000e+00,6.227558493054458598e-03,8.053362512655431777e-06,8.053362512614855510e-06,8.053362512732364391e-06,8.053362513096485220e-06
3.254796575214049040e-03,0.000000000000000000e+00,9.029301646504494193e-05,-2.010271340761998139e-05,0.000000000000000000e+00,6.227567005097015516e-03,1.398844326835971501e-05,1.398844326832378556e-05,1.398844326930509017e-05,1.398844326966099309e-05
3.259796262733578951e-03,0.000000000000000000e+00,9.000516870685241913e-05,-2.022176533842789852e-05,0.000000000000000000e+00,6.227572921675548177e-03,1.783970795057528518e-05,1.783970795054566952e-05,1.783970794660921604e-05,1.783970794695594050e-05
3.264795950253109296e-03,0.000000000000000000e+00,8.969972134672609483e-05,-2.034057204988918327e-05,0.000000000000000000e+00,6.227573764953526873e-03,1.951897393630940686e-05,1.951897393628816666e-05,1.951897393782351891e-05,1.951897393816002138e-05
3.269795637772639207e-03,0.000000000000000000e+00,8.936391494425610551e-05,-2.045913354200385256e-05,0.000000000000000000e+00,6.227569427242327961e-03,1.935813112177292087e-05,1.935813112176208901e-05,1.935813112305298078e-05,1.935813112337825498e-05
3.274795325292169119e-03,0.000000000000000000e+00,8.897072007720032414e-05,-2.057744981477189624e-05,0.000000000000000000e+00,6.227561310504283257e-03,1.787559493229807454e-05,1.787559493230004643e-05,1.787559493262461929e-05,1.787559493293725915e-05
3.279795012811699030e-03,0.000000000000000000e+00,8.849099599094014171e-05,-2.069552086819331430e-05,0.000000000000000000e+00,6.227552678693147603e-03,1.544468350681566711e-05,1.544468350683301096e-05,1.544468350498692975e-05,1.544468350528539028e-05
3.284794700331229375e-03,0.000000000000000000e+00,8.789800017822568411e-05,-2.081334670226811013e-05,0.000000000000000000e+00,6.227548431112418618e-03,1.220598045465800753e-05,1.220598045469322207e-05,1.220598045866644526e-05,1.220598045894911540e-05
3.289794387850759286e-03,0.000000000000000000e+00,8.716950725728444030e-05,-2.093092731699628035e-05,0.000000000000000000e+00,6.227551357257598945e-03,8.150413964639102634e-06,8.150413964694107260e-06,8.150413964550879070e-06,8.150413964816528932e-06
3.294794075370289198e-03,0.000000000000000000e+00,8.628626335689608515e-05,-2.104826271237782834e-05,0.000000000000000000e+00,6.227559441763932425e-03,3.444610332031719920e-06,3.444610332107745786e-06,3.444610330582205567e-06,3.444610330830166415e-06
3.299793762889819543e-03,0.000000000000000000e+00,8.523154092745006028e-05,-2.116535288841275410e-05,0.000000000000000000e+00,6.227567881989601838e-03,-1.362218937668293577e-06,-1.362218937571280352e-06,-1.362218941559933090e-06,-1.362218941329203009e-06
3.304793450409349454e-03,0.000000000000000000e+00,8.399854718794560712e-05,-2.128219784510105086e-05,0.000000000000000000e+00,6.227572194394438709e-03,-5.353007244655677037e-06,-5.353007244538798349e-06,-5.353007244480320888e-06,-5.353007244265501474e-06
3.309793137928879365e-03,0.000000000000000000e+00,8.259321439414172227e-05,-2.139879758244272540e-05,0.000000000000000000e+00,6.227571073759574291e-03,-7.554916732612868571e-06,-7.554916732477739711e-06,-7.554916735601753075e-06,-7.554916735401067253e-06
3.314792825448409277e-03,0.000000000000000000e+00,8.104370688308783406e-05,-2.151515210043778109e-05,0.000000000000000000e+00,6.227566574198382769e-03,-7.319034313583247400e-06,-7.319034313431794521e-06,-7.319034315387124340e-06,-7.319034315198562948e-06
3.319792512967939622e-03,0.000000000000000000e+00,7.939596937283475053e-05,-2.163126139908620439e-05,0.000000000000000000e+00,6.227560949257305613e-03,-4.373176956038086582e-06,-4.373176955872501805e-06,-4.373176958154733826e-06,-4.373176957976009874e-06
3.324792200487469533e-03,0.000000000000000000e+00,7.770321911956348825e-05,-2.174712547838800886e-05,0.000000000000000000e+00,6.227555183849705495e-03,1.118140939914451579e-06,1.118140940091478077e-06,1.118140942177035823e-06,1.118140942348854762e-06
3.329791888006999444e-03,0.000000000000000000e+00,7.601262324060860680e-05,-2.186274433834319109e-05,0.000000000000000000e+00,6.227551137875971497e-03,8.665794156340738145e-06,8.665794156526187539e-06,8.665794157775456104e-06,8.665794157943659907e-06
3.334791575526529356e-03,0.000000000000000000e+00,7.436124973136529540e-05,-2.197811797895174432e-05,0.000000000000000000e+00,6.227551396813929378e-03,1.754340817688687022e-05,1.754340817707727307e-05,1.754340817554741975e-05,1.754340817571592171e-05
3.339791263046059701e-03,0.000000000000000000e+00,7.278333266121458532e-05,-2.209324640021367872e-05,0.000000000000000000e+00,6.227556812398542946e-03,2.684335035092916638e-05,2.684335035112100579e-05,2.684335035117029294e-05,2.684335035134300296e-05
3.344790950565589612e-03,0.000000000000000000e+00,7.130917961175098677e-05,-2.220812960212898749e-05,0.000000000000000000e+00,6.227564823199215061e-03,3.542375947150200723e-05,3.542375947169228471e-05,3.542375947302875362e-05,3.542375947320907677e-05
3.349790638085119523e-03,0.000000000000000000e+00,6.996874378779428599e-05,-2.232276758469767066e-05,0.000000000000000000e+00,6.227570262050031828e-03,4.205008047773936000e-05,4.205008047792535488e-05,4.205008047472676196e-05,4.205008047491756121e-05
3.354790325604649435e-03,0.000000000000000000e+00,6.878674859259507283e-05,-2.243716034791973498e-05,0.000000000000000000e+00,6.227569705607669155e-03,4.579868106729617183e-05,4.579868106747568860e-05,4.579868106236919124e-05,4.579868106257250625e-05
3.359790013124179780e-03,0.000000000000000000e+00,6.778045084769562096e-05,-2.255130789179517030e-05,0.000000000000000000e+00,6.227564994922986548e-03,4.622936973949446770e-05,4.622936973966536506e-05,4.622936974013913431e-05,4.622936974035661171e-05
3.364789700643709691e-03,0.000000000000000000e+00,6.695485000470461224e-05,-2.266521021632398339e-05,0.000000000000000000e+00,6.227560299738716526e-03,4.348477909630268251e-05,4.348477909646295469e-05,4.348477909601226540e-05,4.348477909624481321e-05
3.369789388163239603e-03,0.000000000000000000e+00,6.630400769508441828e-05,-2.277886732150617764e-05,0.000000000000000000e+00,6.227557667489335390e-03,3.819868786071097265e-05,3.819868786085909500e-05,3.819868785862315841e-05,3.819868785887086472e-05
3.374789075682769948e-03,0.000000000000000000e+00,6.581782793496111913e-05,-2.289227920734173950e-05,0.000000000000000000e+00,6.227557282123937811e-03,3.129800544327228167e-05,3.129800544340731905e-05,3.129800544305052167e-05,3.129800544331248524e-05
3.379788763202299859e-03,0.000000000000000000e+00,6.547579865942378444e-05,-2.300544587383067914e-05,0.000000000000000000e+00,6.227558818213564835e-03,2.380995238969392229e-05,2.380995238981544441e-05,2.380995239339194617e-05,2.380995239366638145e-05
3.384788450721829770e-03,0.000000000000000000e+00,6.524147608680143232e-05,-2.311836732097299993e-05,0.000000000000000000e+00,6.227561885406089105e-03,1.679375100766753300e-05,1.679375100777570588e-05,1.679375100731236869e-05,1.679375100759694805e-05
3.389788138241359682e-03,0.000000000000000000e+00,6.505512616945173738e-05,-2.323104354876869172e-05,0.000000000000000000e+00,6.227566117310265152e-03,1.139915729002539567e-05,1.139915729012094945e-05,1.139915729142810425e-05,1.139915729171987999e-05
3.394787825760890027e-03,0.000000000000000000e+00,6.484202478602896951e-05,-2.334347455721776129e-05,0.000000000000000000e+00,6.227570142311092578e-03,8.592071257442653167e-06,8.592071257526158758e-06,8.592071256070380172e-06,8.592071256366751918e-06
3.399787513280419938e-03,0.000000000000000000e+00,6.452280884488512938e-05,-2.345566034632020862e-05,0.000000000000000000e+00,6.227571059477102385e-03,8.885448147425904195e-06,8.885448147498352617e-06,8.885448148824377613e-06,8.885448149122626384e-06
3.404787200799949849e-03,0.000000000000000000e+00,6.402645808010803876e-05,-2.356760091607603035e-05,0.000000000000000000e+00,6.227567211918723714e-03,1.204571791994981110e-05,1.204571792001259318e-05,1.204571791776972617e-05,1.204571791806701271e-05
3.409786888319479761e-03,0.000000000000000000e+00,6.330696828127705105e-05,-2.367929626648522984e-05,0.000000000000000000e+00,6.227560041069911401e-03,1.717884778780406083e-05,1.717884778785868429e-05,1.717884778659493146e-05,1.717884778688858762e-05
3.414786575839010106e-03,0.000000000000000000e+00,6.234807352477615867e-05,-2.379074639754780372e-05,0.000000000000000000e+00,6.227553621467734300e-03,2.302865757713084627e-05,2.302865757717852406e-05,2.302865757342515505e-05,2.302865757371318691e-05
3.419786263358540017e-03,0.000000000000000000e+00,6.116338069084284652e-05,-2.390195130926375198e-05,0.000000000000000000e+00,6.227552541559571407e-03,2.831495448289982577e-05,2.831495448294122196e-05,2.831495448417128659e-05,2.831495448445244055e-05
3.424785950878069928e-03,0.000000000000000000e+00,5.978703728994640810e-05,-2.401291100163308479e-05,0.000000000000000000e+00,6.227557872986245677e-03,3.209853735651922252e-05,3.209853735655434389e-05,3.209853735319146724e-05,3.209853735346516053e-05
3.429785638397600273e-03,0.000000000000000000e+00,5.827567268554029352e-05,-2.412362547465578521e-05,0.000000000000000000e+00,6.227565170802527514e-03,3.381805917861275526e-05,3.381805917864055149e-05,3.381805917567067780e-05,3.381805917593766258e-05
3.434785325917130185e-03,0.000000000000000000e+00,5.670444686484979528e-05,-2.423409472833186340e-05,0.000000000000000000e+00,6.227569002864205040e-03,3.322182342473865803e-05,3.322182342475776031e-05,3.322182342402388419e-05,3.322182342428525145e-05
3.439785013436660096e-03,0.000000000000000000e+00,5.515561077530555179e-05,-2.434431876266132276e-05,0.000000000000000000e+00,6.227567770799291406e-03,3.020090969332052519e-05,3.020090969332961216e-05,3.020090969598874674e-05,3.020090969624545871e-05
3.444784700956190007e-03,0.000000000000000000e+00,5.370777836659239773e-05,-2.445429757764415311e-05,0.000000000000000000e+00,6.227563541852468472e-03,2.498385590650799586e-05,2.498385590650579357e-05,2.498385590368072863e-05,2.498385590393381868e-05
3.449784388475720352e-03,0.000000000000000000e+00,5.242490355994452816e-05,-2.456403117328036123e-05,0.000000000000000000e+00,6.227559232449604402e-03,1.819183790975136843e-05,1.819183790973641661e-05,1.819183791068505624e-05,1.819183791093566279e-05
3.454784075995250264e-03,0.000000000000000000e+00,5.135421897276149633e-05,-2.467351954956994713e-05,0.000000000000000000e+00,6.227556147380238633e-03,1.065370482083060842e-05,1.065370482080151622e-05,1.065370482188973672e-05,1.065370482213894906e-05
3.459783763514780175e-03,0.000000000000000000e+00,5.052151817501037979e-05,-2.478276270651290741e-05,0.000000000000000000e+00,6.227554340633348513e-03,3.258493729065107007e-06,3.258493729020800407e-06,3.258493729967715480e-06,3.258493730216445011e-06
3.464783451034310086e-03,0.000000000000000000e+00,4.994201995983126355e-05,-2.489176064410924207e-05,0.000000000000000000e+00,6.227555053045587090e-03,-3.276107462513914401e-06,-3.276107462574467092e-06,-3.276107465001435021e-06,-3.276107464752249786e-06
3.469783138553840431e-03,0.000000000000000000e+00,4.962934332676004266e-05,-2.500051336235895451e-05,0.000000000000000000e+00,6.227559357447263327e-03,-8.531845523984599842e-06,-8.531845524061773013e-06,-8.531845523858363133e-06,-8.531845523608212281e-06
3.474782826073370343e-03,0.000000000000000000e+00,4.959681159958375339e-05,-2.510902086126204133e-05,0.000000000000000000e+00,6.227564389851446801e-03,-1.241272294747600551e-05,-1.241272294756966363e-05,-1.241272294833413458e-05,-1.241272294808275215e-05
3.479782513592900254e-03,0.000000000000000000e+00,4.985240119923928638e-05,-2.521728314081850931e-05,0.000000000000000000e+00,6.227565828238264441e-03,-1.476421069836605342e-05,-1.476421069847555106e-05,-1.476421069924576659e-05,-1.476421069899311022e-05
3.484782201112430599e-03,0.000000000000000000e+00,5.039265289012806410e-05,-2.532530020102834829e-05,0.000000000000000000e+00,6.227563236456160403e-03,-1.523699355873113058e-05,-1.523699355885565797e-05,-1.523699355954688937e-05,-1.523699355929285742e-05
3.489781888631960510e-03,0.000000000000000000e+00,5.120609047350159227e-05,-2.543307204189156165e-05,0.000000000000000000e+00,6.227560210553366449e-03,-1.350401234167470112e-05,-1.350401234181333500e-05,-1.350401234218047127e-05,-1.350401234192494345e-05
3.494781576151490422e-03,0.000000000000000000e+00,5.226660787641569802e-05,-2.554059866340815957e-05,0.000000000000000000e+00,6.227560013436039647e-03,-9.554808726598713463e-06,-9.554808726750010488e-06,-9.554808724897818789e-06,-9.554808724641057692e-06
3.499781263671020333e-03,0.000000000000000000e+00,5.353266163682475015e-05,-2.564788006557812847e-05,0.000000000000000000e+00,6.227562495737895033e-03,-4.006205119455087411e-06,-4.006205119617258645e-06,-4.006205120493250801e-06,-4.006205120235994190e-06
3.504780951190550678e-03,0.000000000000000000e+00,5.494792953525549694e-05,-2.575491624840147177e-05,0.000000000000000000e+00,6.227564993669716491e-03,1.942177411815309151e-06,1.942177411644280494e-06,1.942177409883184647e-06,1.942177410139774643e-06
3.509780638710080589e-03,0.000000000000000000e+00,5.644584261564520547e-05,-2.586170721187819622e-05,0.000000000000000000e+00,6.227566586599763039e-03,6.677473097547342680e-06,6.677473097369284496e-06,6.677473095651916725e-06,6.677473095906567017e-06
3.514780326229610501e-03,0.000000000000000000e+00,5.795291928906720229e-05,-2.596825295600829506e-05,0.000000000000000000e+00,6.227568406240832806e-03,8.731585139152058461e-06,8.731585138968765613e-06,8.731585139396081876e-06,8.731585139647111949e-06
3.519780013749140412e-03,0.000000000000000000e+00,5.939423744239794511e-05,-2.607455348079176828e-05,0.000000000000000000e+00,6.227569379559547494e-03,7.170768701010968958e-06,7.170768700823680656e-06,7.170768697790305747e-06,7.170768698036307832e-06
3.524779701268670757e-03,0.000000000000000000e+00,6.071230278294097643e-05,-2.618060878622861928e-05,0.000000000000000000e+00,6.227565630893397430e-03,1.771278308434792143e-06,1.771278308243991195e-06,1.771278307112700767e-06,1.771278307352568639e-06
3.529779388788200668e-03,0.000000000000000000e+00,6.187243147213569608e-05,-2.628641887231884466e-05,0.000000000000000000e+00,6.227556162016086722e-03,-7.063706659204378393e-06,-7.063706659398301505e-06,-7.063706659396871713e-06,-7.063706659164218867e-06
3.534779076307730580e-03,0.000000000000000000e+00,6.286225681271671775e-05,-2.639198373906245120e-05,0.000000000000000000e+00,6.227546203973524305e-03,-1.834762790767849119e-05,-1.834762790787548394e-05,-1.834762790562841734e-05,-1.834762790540389263e-05
3.539778763827260925e-03,0.000000000000000000e+00,6.368440612133143821e-05,-2.649730338645942874e-05,0.000000000000000000e+00,6.227543496393525557e-03,-3.038739593157784626e-05,-3.038739593177806452e-05,-3.038739593303503431e-05,-3.038739593281915272e-05
3.544778451346790836e-03,0.000000000000000000e+00,6.435502553995140949e-05,-2.660237781450978066e-05,0.000000000000000000e+00,6.227550666816661883e-03,-4.107553690805591313e-05,-4.107553690826026491e-05,-4.107553690589709042e-05,-4.107553690568941827e-05
3.549778138866320747e-03,0.000000000000000000e+00,6.489881920889905480e-05,-2.670720702321351375e-05,0.000000000000000000e+00,6.227561900962340705e-03,-4.835046661389681618e-05,-4.835046661410614851e-05,-4.835046661397832108e-05,-4.835046661377823834e-05
3.554777826385850659e-03,0.000000000000000000e+00,6.534053913807260012e-05,-2.681179101257062121e-05,0.000000000000000000e+00,6.227569276081528805e-03,-5.076931136853321910e-05,-5.076931136874862974e-05,-5.076931136700551725e-05,-5.076931136681177710e-05
3.559777513905381004e-03,0.000000000000000000e+00,6.570894535141005648e-05,-2.691612978258109968e-05,0.000000000000000000e+00,6.227571224117386429e-03,-4.792279296721896657e-05,-4.792279296744182432e-05,-4.792279297015367145e-05,-4.792279296996441719e-05
3.564777201424910915e-03,0.000000000000000000e+00,6.603666244354038691e-05,-2.702022333324496269e-05,0.000000000000000000e+00,6.227571741307310997e-03,-4.062936719920197360e-05,-4.062936719943362695e-05,-4.062936719781937866e-05,-4.062936719763262484e-05
3.569776888944440826e-03,0.000000000000000000e+00,6.635949517572589586e-05,-2.712407166456220009e-05,0.000000000000000000e+00,6.227572815528826557e-03,-3.057325507205265207e-05,-3.057325507229407001e-05,-3.057325507289290875e-05,-3.057325507270681900e-05
3.574776576463970738e-03,0.000000000000000000e+00,6.670964062776854012e-05,-2.722767477653280848e-05,0.000000000000000000e+00,6.227571801972708182e-03,-1.950280991093649108e-05,-1.950280991118871039e-05,-1.950280991109699705e-05,-1.950280991090974517e-05
3.579776263983501083e-03,0.000000000000000000e+00,6.712091744624705970e-05,-2.733103266915679804e-05,0.000000000000000000e+00,6.227565641996580040e-03,-8.821900809314694815e-06,-8.821900809578906414e-06,-8.821900811634618108e-06,-8.821900811444145809e-06
3.584775951503030994e-03,0.000000000000000000e+00,6.763436536224640811e-05,-2.743414534243416198e-05,0.000000000000000000e+00,6.227556249977978832e-03,5.203333291253879882e-07,5.203333288482252553e-07,5.203333296774967687e-07,5.203333298727260046e-07
3.589775639022560905e-03,0.000000000000000000e+00,6.829217255269591654e-05,-2.753701279636490369e-05,0.000000000000000000e+00,6.227549912314085147e-03,7.879089152597075339e-06,7.879089152306119521e-06,7.879089151592772090e-06,7.879089151794125374e-06
3.594775326542091250e-03,0.000000000000000000e+00,6.913169165236011330e-05,-2.763963503094901979e-05,0.000000000000000000e+00,6.227550820557744247e-03,1.282336595807332794e-05,1.282336595776796409e-05,1.282336595796457908e-05,1.282336595817294918e-05
3.599775014061621162e-03,0.000000000000000000e+00,7.017608364015560636e-05,-2.774201204618651027e-05,0.000000000000000000e+00,6.227556259826229519e-03,1.501477125518882082e-05,1.501477125486873724e-05,1.501477125423199038e-05,1.501477125444774323e-05
3.604774701581151073e-03,0.000000000000000000e+00,7.142754053967003683e-05,-2.784414384207738191e-05,0.000000000000000000e+00,6.227560780682102337e-03,1.417466342894349041e-05,1.417466342860882092e-05,1.417466342939706470e-05,1.417466342962006475e-05
3.609774389100680984e-03,0.000000000000000000e+00,7.285218662308165277e-05,-2.794603041862162794e-05,0.000000000000000000e+00,6.227562323569412438e-03,1.021786596186699636e-05,1.021786596151873707e-05,1.021786596181765839e-05,1.021786596204686212e-05
3.614774076620211329e-03,0.000000000000000000e+00,7.438008830187788382e-05,-2.804767177581924496e-05,0.000000000000000000e+00,6.227562454648854877e-03,3.261708744810822288e-06,3.261708744450534282e-06,3.261708745467712432e-06,3.261708745701518089e-06
3.619773764139741241e-03,0.000000000000000000e+00,7.591757770598177855e-05,-2.814906791367024314e-05,0.000000000000000000e+00,6.227562975437171862e-03,-6.358837701120067205e-06,-6.358837701490234156e-06,-6.358837702650604919e-06,-6.358837702414267480e-06
3.624773451659271152e-03,0.000000000000000000e+00,7.735778944234704922e-05,-2.825021883217461910e-05,0.000000000000000000e+00,6.227564257051692968e-03,-1.815314378606157941e-05,-1.815314378643857345e-05,-1.815314378680157111e-05,-1.815314378656551997e-05
3.629773139178801063e-03,0.000000000000000000e+00,7.859334968299311710e-05,-2.835112453133236266e-05,0.000000000000000000e+00,6.227565277180033276e-03,-3.119713974305952410e-05,-3.119713974343925236e-05,-3.119713974396816684e-05,-3.119713974373598494e-05
3.634772826698331408e-03,0.000000000000000000e+00,7.953166715127702076e-05,-2.845178501114349078e-05,0.000000000000000000e+00,6.227564935806440688e-03,-4.396247422762920176e-05,-4.396247422800732404e-05,-4.396247423145260006e-05,-4.396247423122808890e-05
3.639772514217861320e-03,0.000000000000000000e+00,8.011768349541660160e-05,-2.855220027160799328e-05,0.000000000000000000e+00,6.227562982883386514e-03,-5.458787713327083917e-05,-5.458787713364301867e-05,-5.458787713484503296e-05,-5.458787713463165520e-05
3.644772201737391231e-03,0.000000000000000000e+00,8.033860137272660234e-05,-2.865237031272587016e-05,0.000000000000000000e+00,6.227559561709384434e-03,-6.142489017145042710e-05,-6.142489017181218471e-05,-6.142489017246547073e-05,-6.142489017226688555e-05
3.649771889256921576e-03,0.000000000000000000e+00,8.022254233088525679e-05,-2.875229513449712482e-05,0.000000000000000000e+00,6.227556048141734933e-03,-6.354814361736362948e-05,-6.354814361771134667e-05,-6.354814361689727347e-05,-6.354814361671633368e-05
3.654771576776451487e-03,0.000000000000000000e+00,7.983326746111519200e-05,-2.885197473692175386e-05,0.000000000000000000e+00,6.227555218937652799e-03,-6.104214527116294032e-05,-6.104214527149402856e-05,-6.104214527239676239e-05,-6.104214527223528403e-05
3.659771264295981399e-03,0.000000000000000000e+00,7.925763639757880355e-05,-2.895140911999976067e-05,0.000000000000000000e+00,6.227558319334472285e-03,-5.504308135473250205e-05,-5.504308135504517240e-05,-5.504308135035744135e-05,-5.504308135021661704e-05
3.664770951815511310e-03,0.000000000000000000e+00,7.858751670232784069e-05,-2.905059828373114525e-05,0.000000000000000000e+00,6.227563348280325782e-03,-4.713431803897088433e-05,-4.713431803926374089e-05,-4.713431803723094990e-05,-4.713431803711185707e-05
3.669770639335041655e-03,0.000000000000000000e+00,7.790268144528308253e-05,-2.914954222811590084e-05,0.000000000000000000e+00,6.227567873640907706e-03,-3.863537091001089454e-05,-3.863537091028319869e-05,-3.863537090625690550e-05,-3.863537090616001171e-05
3.674770326854571566e-03,0.000000000000000000e+00,7.727211171212761413e-05,-2.924824095315403758e-05,0.000000000000000000e+00,6.227570517135820258e-03,-3.040942408817550935e-05,-3.040942408842732547e-05,-3.040942408617867661e-05,-3.040942408610379212e-05
3.679770014374101478e-03,0.000000000000000000e+00,7.675344193524061536e-05,-2.934669445884555209e-05,0.000000000000000000e+00,6.227570790727950112e-03,-2.303169152204163211e-05,-2.303169152227322447e-05,-2.303169151974193427e-05,-2.303169151968866268e-05
3.684769701893631389e-03,0.000000000000000000e+00,7.639242050571893271e-05,-2.944490274519043422e-05,0.000000000000000000e+00,6.227568825674051865e-03,-1.698634565136161446e-05,-1.698634565157377250e-05,-1.698634565241227413e-05,-1.698634565237965998e-05
3.689769389413161734e-03,0.000000000000000000e+00,7.622445430567112012e-05,-2.954286581218870089e-05,0.000000000000000000e+00,6.227564365964132799e-03,-1.262851673259120995e-05,-1.262851673278470277e-05,-1.262851673122349399e-05,-1.262851673121050050e-05
3.694769076932691645e-03,0.000000000000000000e+00,7.627970722422404101e-05,-2.964058365984034195e-05,0.000000000000000000e+00,6.227556973998608740e-03,-1.019668948072199912e-05,-1.019668948089743658e-05,-1.019668948449397913e-05,-1.019668948449949501e-05
3.699768764452221557e-03,0.000000000000000000e+00,7.658269333475312840e-05,-2.973805628814535400e-05,0.000000000000000000e+00,6.227548889116055371e-03,-9.666383455752802350e-06,-9.666383455910340314e-06,-9.666383457702204632e-06,-9.666383457725352349e-06
3.704768451971751902e-03,0.000000000000000000e+00,7.713976966615998282e-05,-2.983528369710374722e-05,0.000000000000000000e+00,6.227544144657059556e-03,-1.070968380081952114e-05,-1.070968380095893598e-05,-1.070968380399912527e-05,-1.070968380403912556e-05
3.709768139491281813e-03,0.000000000000000000e+00,7.793589290501155809e-05,-2.993226588671551482e-05,0.000000000000000000e+00,6.227545056146824298e-03,-1.282595488747683216e-05,-1.282595488759775627e-05,-1.282595488901298062e-05,-1.282595488906913212e-05
3.714767827010811724e-03,0.000000000000000000e+00,7.893149947516547177e-05,-3.002900285698065680e-05,0.000000000000000000e+00,6.227551423170013360e-03,-1.559147002799159557e-05,-1.559147002809395781e-05,-1.559147003273305562e-05,-1.559147003280418945e-05
3.719767514530341636e-03,0.000000000000000000e+00,8.006113333257043954e-05,-3.012549460789917994e-05,0.000000000000000000e+00,6.227560729155750575e-03,-1.874976688849576054e-05,-1.874976688857916957e-05,-1.874976688665426348e-05,-1.874976688673956308e-05
3.724767202049871981e-03,0.000000000000000000e+00,8.123542551430069231e-05,-3.022174113947107409e-05,0.000000000000000000e+00,6.227568883408744760e-03,-2.190230883179455066e-05,-2.190230883185770883e-05,-2.190230883200380507e-05,-2.190230883210341614e-05
3.729766889569401892e-03,0.000000000000000000e+00,8.235667024336976562e-05,-3.031774245169634600e-05,0.000000000000000000e+00,6.227573744017380827e-03,-2.440184210272235767e-05,-2.440184210276430613e-05,-2.440184210203243917e-05,-2.440184210214645319e-05
3.734766577088931803e-03,0.000000000000000000e+00,8.333937602860272853e-05,-3.041349854457499907e-05,0.000000000000000000e+00,6.227576237537510787e-03,-2.556631111374735611e-05,-2.556631111376685481e-05,-2.556631111135016817e-05,-2.556631111147929664e-05
3.739766264608461715e-03,0.000000000000000000e+00,8.411808948630769697e-05,-3.050900941810701976e-05,0.000000000000000000e+00,6.227577052154578165e-03,-2.505080532055052288e-05,-2.505080532054599973e-05,-2.505080531675543920e-05,-2.505080531690125761e-05
3.744765952127992060e-03,0.000000000000000000e+00,8.465489855939258902e-05,-3.060427507229241821e-05,0.000000000000000000e+00,6.227575490083586511e-03,-2.300068361856060742e-05,-2.300068361853105614e-05,-2.300068361697915286e-05,-2.300068361714318249e-05
3.749765639647521971e-03,0.000000000000000000e+00,8.494213497575053449e-05,-3.069929550713119444e-05,0.000000000000000000e+00,6.227570569764516797e-03,-2.011512724897372755e-05,-2.011512724891840274e-05,-2.011512724757190496e-05,-2.011512724775594489e-05
3.754765327167051883e-03,0.000000000000000000e+00,8.500140570206885827e-05,-3.079407072262334505e-05,0.000000000000000000e+00,6.227562240550126547e-03,-1.749182601465669077e-05,-1.749182601457431173e-05,-1.749182601313656478e-05,-1.749182601334350510e-05
3.759765014686582228e-03,0.000000000000000000e+00,8.487206093421433581e-05,-3.088860071876887683e-05,0.000000000000000000e+00,6.227553127870729885e-03,-1.603080097355802185e-05,-1.603080097344690807e-05,-1.603080097435394144e-05,-1.603080097458743454e-05
3.764764702206112139e-03,0.000000000000000000e+00,8.460138808384762201e-05,-3.098288549556778298e-05,0.000000000000000000e+00,6.227547436878300841e-03,-1.604497013433042415e-05,-1.604497013418947448e-05,-1.604497013382670382e-05,-1.604497013409009719e-05
3.769764389725642050e-03,0.000000000000000000e+00,8.424040275036995338e-05,-3.107692505302005675e-05,0.000000000000000000e+00,6.227546796842163036e-03,-1.731774466248600869e-05,-1.731774466231417620e-05,-1.731774466323480615e-05,-1.731774466353147774e-05
3.774764077245171962e-03,0.000000000000000000e+00,8.383267842598762212e-05,-3.117071939112571845e-05,0.000000000000000000e+00,6.227550678482028472e-03,-1.943157501515284383e-05,-1.943157501494955931e-05,-1.943157501524563120e-05,-1.943157501557840334e-05
3.779763764764702307e-03,0.000000000000000000e+00,8.340432637220037315e-05,-3.126426850988475454e-05,0.000000000000000000e+00,6.227558135891427676e-03,-2.193374082395557441e-05,-2.193374082372088869e-05,-2.193374082430936991e-05,-2.193374082468016706e-05
3.784763452284232218e-03,0.000000000000000000e+00,8.295815405357168516e-05,-3.135757240929715824e-05,0.000000000000000000e+00,6.227566317789584062e-03,-2.443197738387778092e-05,-2.443197738361180919e-05,-2.443197738260770584e-05,-2.443197738301805264e-05
3.789763139803762129e-03,0.000000000000000000e+00,8.247966365100301575e-05,-3.145063108936294987e-05,0.000000000000000000e+00,6.227571220653044769e-03,-2.665234476482771121e-05,-2.665234476453065337e-05,-2.665234476708012090e-05,-2.665234476753125065e-05
3.794762827323292041e-03,0.000000000000000000e+00,8.193988173193928197e-05,-3.154344455008210911e-05,0.000000000000000000e+00,6.227571341045278278e-03,-2.832483615867741156e-05,-2.832483615834957254e-05,-2.832483615642760396e-05,-2.832483615692016040e-05
3.799762514842822386e-03,0.000000000000000000e+00,8.129777841929281424e-05,-3.163601279145464952e-05,0.000000000000000000e+00,6.227567794748985197e-03,-2.919261884469787213e-05,-2.919261884433999054e-05,-2.919261884643666814e-05,-2.919261884697083083e-05
3.804762202362352297e-03,0.000000000000000000e+00,8.051045111859582090e-05,-3.172833581348056430e-05,0.000000000000000000e+00,6.227563490009235640e-03,-2.905691998157831508e-05,-2.905691998119148869e-05,-2.905691998090459185e-05,-2.905691998148001522e-05
3.809761889881882208e-03,0.000000000000000000e+00,7.954163107218153452e-05,-3.182041361615985347e-05,0.000000000000000000e+00,6.227561612919562707e-03,-2.793332378569974415e-05,-2.793332378528602954e-05,-2.793332378772110357e-05,-2.793332378833637136e-05
3.814761577401412553e-03,0.000000000000000000e+00,7.836750903164545179e-05,-3.191224619949252381e-05,0.000000000000000000e+00,6.227562208948994246e-03,-2.589708292572453122e-05,-2.589708292528582236e-05,-2.589708292129219415e-05,-2.589708292194612053e-05
3.819761264920942465e-03,0.000000000000000000e+00,7.697671824623209186e-05,-3.200383356347856852e-05,0.000000000000000000e+00,6.227562844434832677e-03,-2.276968381040621605e-05,-2.276968380994400372e-05,-2.276968381170177327e-05,-2.276968381239348070e-05
3.824760952440472376e-03,0.000000000000000000e+00,7.537603408061229263e-05,-3.209517570811798085e-05,0.000000000000000000e+00,6.227562918235384284e-03,-1.797281739141664723e-05,-1.797281739093297787e-05,-1.797281738742888388e-05,-1.797281738815695952e-05
3.829760639960002287e-03,0.000000000000000000e+00,7.358781571030209177e-05,-3.218627263341078111e-05,0.000000000000000000e+00,6.227562887303222071e-03,-1.081030203802009295e-05,-1.081030203751687067e-05,-1.081030203703016046e-05,-1.081030203779300850e-05
3.834760327479532632e-03,0.000000000000000000e+00,7.164005450809005668e-05,-3.227712433935695576e-05,0.000000000000000000e+00,6.227562083744074030e-03,-9.193569309266594200e-07,-9.193569304053648511e-07,-9.193569267977871542e-07,-9.193569275940523348e-07
3.839760014999062544e-03,0.000000000000000000e+00,6.956037472280961718e-05,-3.236773082595649801e-05,0.000000000000000000e+00,6.227559920295204325e-03,1.147465492877547179e-05,1.147465492931329536e-05,1.147465492798208652e-05,1.147465492715413553e-05
3.844759702518592455e-03,0.000000000000000000e+00,6.737668430305936704e-05,-3.245809209320942821e-05,0.000000000000000000e+00,6.227556233481943392e-03,2.540863228562095671e-05,2.540863228617378801e-05,2.540863228887537249e-05,2.540863228801784989e-05
3.849759390038122366e-03,0.000000000000000000e+00,6.512304715427933485e-05,-3.254820814111572601e-05,0.000000000000000000e+00,6.227551975104385698e-03,3.938585930843485687e-05,3.938585930900285006e-05,3.938585930672979310e-05,3.938585930584333585e-05
3.854759077557652711e-03,0.000000000000000000e+00,6.284027882802660048e-05,-3.263807896967540497e-05,0.000000000000000000e+00,6.227550246271426095e-03,5.184972161906183921e-05,5.184972161964583116e-05,5.184972161957483624e-05,5.184972161865980349e-05
3.859758765077182623e-03,0.000000000000000000e+00,6.058101657619815219e-05,-3.272770457888845831e-05,0.000000000000000000e+00,6.227553159560831816e-03,6.154753939014718362e-05,6.154753939074806201e-05,6.154753938681810019e-05,6.154753938587489851e-05
3.864758452596712534e-03,0.000000000000000000e+00,5.841138635958601432e-05,-3.281708496875488604e-05,0.000000000000000000e+00,6.227558857771335089e-03,6.754224108026680453e-05,6.754224108088611436e-05,6.754224108186136777e-05,6.754224108088986841e-05
3.869758140116242879e-03,0.000000000000000000e+00,5.640550181967438276e-05,-3.290622013927469494e-05,0.000000000000000000e+00,6.227564222404317722e-03,6.915056801468488898e-05,6.915056801532422945e-05,6.915056801288499140e-05,6.915056801188518081e-05
3.874757827635772790e-03,0.000000000000000000e+00,5.463480205928436409e-05,-3.299511009044787821e-05,0.000000000000000000e+00,6.227566807359929263e-03,6.611640787854974411e-05,6.611640787921051112e-05,6.611640788032406807e-05,6.611640787929593270e-05
3.879757515155302702e-03,0.000000000000000000e+00,5.315800156754542507e-05,-3.308375482227442910e-05,0.000000000000000000e+00,6.227566058433457209e-03,5.878689482757021192e-05,5.878689482825409955e-05,5.878689482789575718e-05,5.878689482683895821e-05
3.884757202674832613e-03,0.000000000000000000e+00,5.201545805146356235e-05,-3.317215433475436792e-05,0.000000000000000000e+00,6.227564531634953611e-03,4.818012503266216450e-05,4.818012503337077194e-05,4.818012503695331473e-05,4.818012503586763533e-05
3.889756890194362958e-03,0.000000000000000000e+00,5.121709286539342254e-05,-3.326030862788768112e-05,0.000000000000000000e+00,6.227564840058636038e-03,3.573630232891744629e-05,3.573630232965147827e-05,3.573630233125478967e-05,3.573630233014058220e-05
3.894756577713892869e-03,0.000000000000000000e+00,5.073583429119191189e-05,-3.334821770167436194e-05,0.000000000000000000e+00,6.227565508921181249e-03,2.290080990643870242e-05,2.290080990719825380e-05,2.290080991001845339e-05,2.290080990887672412e-05
3.899756265233422781e-03,0.000000000000000000e+00,5.051014996459472030e-05,-3.343588155611442391e-05,0.000000000000000000e+00,6.227563817885404564e-03,1.067629686138234824e-05,1.067629686216666348e-05,1.067629686436522898e-05,1.067629686319751783e-05
3.904755952752952692e-03,0.000000000000000000e+00,5.045544305200570442e-05,-3.352330019120786027e-05,0.000000000000000000e+00,6.227559238528033829e-03,-6.429763621782776079e-07,-6.429763613710077753e-07,-6.429763607701920593e-07,-6.429763619612067805e-07
3.909755640272482603e-03,0.000000000000000000e+00,5.047702899056190221e-05,-3.361047360695467102e-05,0.000000000000000000e+00,6.227553927658183164e-03,-1.125525885764551342e-05,-1.125525885681711011e-05,-1.125525885716768858e-05,-1.125525885837963518e-05
3.914755327792012948e-03,0.000000000000000000e+00,5.048400396200787950e-05,-3.369740180335486292e-05,0.000000000000000000e+00,6.227552311403049962e-03,-2.124355993805265023e-05,-2.124355993720417732e-05,-2.124355993862989302e-05,-2.124355993986105879e-05
3.919755015311543293e-03,0.000000000000000000e+00,5.040566971560440755e-05,-3.378408478040842921e-05,0.000000000000000000e+00,6.227557196639664505e-03,-3.010962836480548648e-05,-3.010962836393829415e-05,-3.010962836458213406e-05,-3.010962836583053865e-05
3.924754702831072771e-03,0.000000000000000000e+00,5.019674006187866663e-05,-3.387052253811536988e-05,0.000000000000000000e+00,6.227565313387250188e-03,-3.695077704564256256e-05,-3.695077704475802300e-05,-3.695077704704312138e-05,-3.695077704830661671e-05
3.929754390350603116e-03,0.000000000000000000e+00,4.983563729333098137e-05,-3.395671507647569172e-05,0.000000000000000000e+00,6.227570648384924724e-03,-4.083393696674282006e-05,-4.083393696584157023e-05,-4.083393696695656374e-05,-4.083393696823347607e-05
3.934754077870133461e-03,0.000000000000000000e+00,4.931956070479560889e-05,-3.404266239548938116e-05,0.000000000000000000e+00,6.227570797653673995e-03,-4.109116974514708681e-05,-4.109116974422976368e-05,-4.109116974663626560e-05,-4.109116974792472468e-05
3.939753765389662939e-03,0.000000000000000000e+00,4.866279543825035832e-05,-3.412836449515645177e-05,0.000000000000000000e+00,6.227567780250207151e-03,-3.751750830378876268e-05,-3.751750830285636914e-05,-3.751750830050826506e-05,-3.751750830180577046e-05
3.944753452909193284e-03,0.000000000000000000e+00,4.789320091816959052e-05,-3.421382137547690353e-05,0.000000000000000000e+00,6.227565239556072038e-03,-3.038621721838223814e-05,-3.038621721743470642e-05,-3.038621721761287811e-05,-3.038621721891771542e-05
3.949753140428722761e-03,0.000000000000000000e+00,4.704591786344591430e-05,-3.429903303645072290e-05,0.000000000000000000e+00,6.227563936055978584e-03,-2.020222981061501688e-05,-2.020222980965193365e-05,-2.020222980751677365e-05,-2.020222980882762490e-05
3.954752827948253106e-03,0.000000000000000000e+00,4.616022189688865913e-05,-3.438399947807792344e-05,0.000000000000000000e+00,6.227560852563322064e-03,-7.625861340588237341e-06,-7.625861339609651707e-06,-7.625861339481244901e-06,-7.625861340796182236e-06
3.959752515467783451e-03,0.000000000000000000e+00,4.527609889686985147e-05,-3.446872070035849836e-05,0.000000000000000000e+00,6.227554928961880239e-03,6.253406871646249891e-06,6.253406872640320134e-06,6.253406877875803676e-06,6.253406876558465849e-06
3.964752202987312929e-03,0.000000000000000000e+00,4.443158723399149749e-05,-3.455319670329244766e-05,0.000000000000000000e+00,6.227551151523559765e-03,1.979674739823924690e-05,1.979674739924924221e-05,1.979674739724550446e-05,1.979674739592666738e-05
3.969751890506843274e-03,0.000000000000000000e+00,4.365912848869855922e-05,-3.463742748687977812e-05,0.000000000000000000e+00,6.227554428333142988e-03,3.122434526582263032e-05,3.122434526684901741e-05,3.122434526996779273e-05,3.122434526864789855e-05
3.974751578026373619e-03,0.000000000000000000e+00,4.298612951296809713e-05,-3.472141305112048297e-05,0.000000000000000000e+00,6.227563508130609833e-03,3.923379039336524115e-05,3.923379039440886705e-05,3.923379039369145725e-05,3.923379039237009941e-05
3.979751265545903097e-03,0.000000000000000000e+00,4.243614346413852997e-05,-3.480515339601456220e-05,0.000000000000000000e+00,6.227571833666160732e-03,4.337063702409375290e-05,4.337063702515603385e-05,4.337063702541696744e-05,4.337063702409270935e-05
3.984750953065433442e-03,0.000000000000000000e+00,4.202452504807909335e-05,-3.488864852156202260e-05,0.000000000000000000e+00,6.227573340127223397e-03,4.397334150965000730e-05,4.397334151073208173e-05,4.397334150521776171e-05,4.397334150388911261e-05
3.989750640584963787e-03,0.000000000000000000e+00,4.175348598275218758e-05,-3.497189842776285060e-05,0.000000000000000000e+00,6.227567904878809728e-03,4.189142829884729812e-05,4.189142829994991140e-05,4.189142830067753303e-05,4.189142829934308345e-05
3.994750328104493264e-03,0.000000000000000000e+00,4.160920242037306673e-05,-3.505490311461705976e-05,0.000000000000000000e+00,6.227561057222179633e-03,3.808092088796076404e-05,3.808092088908430920e-05,3.808092088513480463e-05,3.808092088379337549e-05
3.999750015624023609e-03,0.000000000000000000e+00,4.156350913574395584e-05,-3.513766258212465009e-05,0.000000000000000000e+00,6.227557039840496238e-03,3.332068163113098021e-05,3.332068163227523363e-05,3.332068163132598752e-05,3.332068162997694187e-05
