time_s,z_m,ux,uy,uz
0.000000000000000000e+00,-1.000000000000000021e-03,0.000000000000000000e+00,0.000000000000000000e+00,0.000000000000000000e+00
0.000000000000000000e+00,-7.500000000000000156e-04,0.000000000000000000e+00,0.000000000000000000e+00,0.000000000000000000e+00
0.000000000000000000e+00,-5.000000000000000104e-04,0.000000000000000000e+00,0.000000000000000000e+00,0.000000000000000000e+00
0.000000000000000000e+00,-2.500000000000000052e-04,0.000000000000000000e+00,0.000000000000000000e+00,0.000000000000000000e+00
0.000000000000000000e+00,0.000000000000000000e+00,0.000000000000000000e+00,0.000000000000000000e+00,0.000000000000000000e+00
0.000000000000000000e+00,2.500000000000000052e-04,0.000000000000000000e+00,0.000000000000000000e+00,0.000000000000000000e+00
0.000000000000000000e+00,5.000000000000000104e-04,0.000000000000000000e+00,0.000000000000000000e+00,0.000000000000000000e+00
0.000000000000000000e+00,7.500000000000000156e-04,0.000000000000000000e+00,0.000000000000000000e+00,0.000000000000000000e+00
0.000000000000000000e+00,1.000000000000000021e-03,0.000000000000000000e+00,0.000000000000000000e+00,0.000000000000000000e+00
4.981684981684981708e-06,-1.000000000000000021e-03,0.000000000000000000e+00,0.000000000000000000e+00,2.398181236768611125e-06
4.981684981684981708e-06,-7.500000000000000156e-04,0.000000000000000000e+00,0.000000000000000000e+00,1.812101840278130770e-06
4.981684981684981708e-06,-5.000000000000000104e-04,0.000000000000000000e+00,0.000000000000000000e+00,1.413594438604681838e-06
4.981684981684981708e-06,-2.500000000000000052e-04,0.000000000000000000e+00,0.000000000000000000e+00,1.154458481134116204e-06
4.981684981684981708e-06,0.000000000000000000e+00,0.000000000000000000e+00,0.000000000000000000e+00,9.881695724177539724e-07
4.981684981684981708e-06,2.500000000000000052e-04,0.000000000000000000e+00,0.000000000000000000e+00,8.848586919274842028e-07
4.981684981684981708e-06,5.000000000000000104e-04,0.000000000000000000e+00,0.000000000000000000e+00,8.244149529702650431e-07
4.981684981684981708e-06,7.500000000000000156e-04,0.000000000000000000e+00,0.000000000000000000e+00,7.936732246396671928e-07
4.981684981684981708e-06,1.000000000000000021e-03,0.000000000000000000e+00,0.000000000000000000e+00,7.795410699141458203e-07
9.963369963369963416e-06,-1.000000000000000021e-03,0.000000000000000000e+00,0.000000000000000000e+00,8.781889261940151141e-06
9.963369963369963416e-06,-7.500000000000000156e-04,0.000000000000000000e+00,0.000000000000000000e+00,6.870030455019033166e-06
9.963369963369963416e-06,-5.000000000000000104e-04,0.000000000000000000e+00,0.000000000000000000e+00,5.567967779889127095e-06
9.963369963369963416e-06,-2.500000000000000052e-04,0.000000000000000000e+00,0.000000000000000000e+00,4.718636258925397091e-06
9.963369963369963416e-06,0.000000000000000000e+00,0.000000000000000000e+00,0.000000000000000000e+00,4.169542594115370743e-06
9.963369963369963416e-06,2.500000000000000052e-04,0.000000000000000000e+00,0.000000000000000000e+00,3.822512799677820947e-06
9.963369963369963416e-06,5.000000000000000104e-04,0.000000000000000000e+00,0.000000000000000000e+00,3.614483256331007039e-06
9.963369963369963416e-06,7.500000000000000156e-04,0.000000000000000000e+00,0.000000000000000000e+00,3.504337046351574130e-06
9.963369963369963416e-06,1.000000000000000021e-03,0.000000000000000000e+00,0.000000000000000000e+00,3.452517231751194043e-06
1.494505494505494512e-05,-1.000000000000000021e-03,0.000000000000000000e+00,0.000000000000000000e+00,1.663611657698657045e-05
1.494505494505494512e-05,-7.500000000000000156e-04,0.000000000000000000e+00,0.000000000000000000e+00,1.354528599084921399e-05
1.494505494505494512e-05,-5.000000000000000104e-04,0.000000000000000000e+00,0.000000000000000000e+00,1.143691536391168323e-05
1.494505494505494512e-05,-2.500000000000000052e-04,0.000000000000000000e+00,0.000000000000000000e+00,1.005719919533901623e-05
1.494505494505494512e-05,0.000000000000000000e+00,0.000000000000000000e+00,0.000000000000000000e+00,9.159849065408984305e-06
1.494505494505494512e-05,2.500000000000000052e-04,0.000000000000000000e+00,0.000000000000000000e+00,8.586157866831285227e-06
1.494505494505494512e-05,5.000000000000000104e-04,0.000000000000000000e+00,0.000000000000000000e+00,8.236876639342371068e-06
1.494505494505494512e-05,7.500000000000000156e-04,0.000000000000000000e+00,0.000000000000000000e+00,8.046241117601193605e-06
1.494505494505494512e-05,1.000000000000000021e-03,0.000000000000000000e+00,0.000000000000000000e+00,7.953509822701099768e-06
1.992673992673992683e-05,-1.000000000000000021e-03,0.000000000000000000e+00,0.000000000000000000e+00,2.537756775958696542e-05
1.992673992673992683e-05,-7.500000000000000156e-04,0.000000000000000000e+00,0.000000000000000000e+00,2.129124103865303992e-05
1.992673992673992683e-05,-5.000000000000000104e-04,0.000000000000000000e+00,0.000000000000000000e+00,1.850371830741637090e-05
1.992673992673992683e-05,-2.500000000000000052e-04,0.000000000000000000e+00,0.000000000000000000e+00,1.667991542426451929e-05
1.992673992673992683e-05,0.000000000000000000e+00,0.000000000000000000e+00,0.000000000000000000e+00,1.549479491970601230e-05
1.992673992673992683e-05,2.500000000000000052e-04,0.000000000000000000e+00,0.000000000000000000e+00,1.473816278557893154e-05
1.992673992673992683e-05,5.000000000000000104e-04,0.000000000000000000e+00,0.000000000000000000e+00,1.427751103328189150e-05
1.992673992673992683e-05,7.500000000000000156e-04,0.000000000000000000e+00,0.000000000000000000e+00,1.402462584179055828e-05
1.992673992673992683e-05,1.000000000000000021e-03,0.000000000000000000e+00,0.000000000000000000e+00,1.389788576761574138e-05
2.490842490842490854e-05,-1.000000000000000021e-03,0.000000000000000000e+00,0.000000000000000000e+00,3.423460159146442684e-05
2.490842490842490854e-05,-7.500000000000000156e-04,0.000000000000000000e+00,0.000000000000000000e+00,2.943821760490833396e-05
2.490842490842490854e-05,-5.000000000000000104e-04,0.000000000000000000e+00,0.000000000000000000e+00,2.616592564570005772e-05
2.490842490842490854e-05,-2.500000000000000052e-04,0.000000000000000000e+00,0.000000000000000000e+00,2.402458457506128280e-05
2.490842490842490854e-05,0.000000000000000000e+00,0.000000000000000000e+00,0.000000000000000000e+00,2.263262450375548096e-05
2.490842490842490854e-05,2.500000000000000052e-04,0.000000000000000000e+00,0.000000000000000000e+00,2.174240778098944569e-05
2.490842490842490854e-05,5.000000000000000104e-04,0.000000000000000000e+00,0.000000000000000000e+00,2.119828406569902249e-05
2.490842490842490854e-05,7.500000000000000156e-04,0.000000000000000000e+00,0.000000000000000000e+00,2.089716585497914428e-05
2.490842490842490854e-05,1.000000000000000021e-03,0.000000000000000000e+00,0.000000000000000000e+00,2.074309932431209877e-05
2.989010989010989025e-05,-1.000000000000000021e-03,0.000000000000000000e+00,0.000000000000000000e+00,4.265191499478141482e-05
2.989010989010989025e-05,-7.500000000000000156e-04,0.000000000000000000e+00,0.000000000000000000e+00,3.745549849016987094e-05
2.989010989010989025e-05,-5.000000000000000104e-04,0.000000000000000000e+00,0.000000000000000000e+00,3.391080041726064807e-05
2.989010989010989025e-05,-2.500000000000000052e-04,0.000000000000000000e+00,0.000000000000000000e+00,3.159113117026170100e-05
2.989010989010989025e-05,0.000000000000000000e+00,0.000000000000000000e+00,0.000000000000000000e+00,3.008259768548339889e-05
2.989010989010989025e-05,2.500000000000000052e-04,0.000000000000000000e+00,0.000000000000000000e+00,2.911672139652715725e-05
2.989010989010989025e-05,5.000000000000000104e-04,0.000000000000000000e+00,0.000000000000000000e+00,2.852463824126715561e-05
2.989010989010989025e-05,7.500000000000000156e-04,0.000000000000000000e+00,0.000000000000000000e+00,2.819412387836687240e-05
2.989010989010989025e-05,1.000000000000000021e-03,0.000000000000000000e+00,0.000000000000000000e+00,2.802177835640180426e-05
3.487179487179486857e-05,-1.000000000000000021e-03,0.000000000000000000e+00,0.000000000000000000e+00,5.077106225312346538e-05
3.487179487179486857e-05,-7.500000000000000156e-04,0.000000000000000000e+00,0.000000000000000000e+00,4.534749394547868742e-05
3.487179487179486857e-05,-5.000000000000000104e-04,0.000000000000000000e+00,0.000000000000000000e+00,4.164889737112420487e-05
3.487179487179486857e-05,-2.500000000000000052e-04,0.000000000000000000e+00,0.000000000000000000e+00,3.922995945607686395e-05
3.487179487179486857e-05,0.000000000000000000e+00,0.000000000000000000e+00,0.000000000000000000e+00,3.765793290617259613e-05
3.487179487179486857e-05,2.500000000000000052e-04,0.000000000000000000e+00,0.000000000000000000e+00,3.665217047969522145e-05
3.487179487179486857e-05,5.000000000000000104e-04,0.000000000000000000e+00,0.000000000000000000e+00,3.603547834074673553e-05
3.487179487179486857e-05,7.500000000000000156e-04,0.000000000000000000e+00,0.000000000000000000e+00,3.568968206355628602e-05
3.487179487179486857e-05,1.000000000000000021e-03,0.000000000000000000e+00,0.000000000000000000e+00,3.550606587888981543e-05
3.985347985347985366e-05,-1.000000000000000021e-03,0.000000000000000000e+00,0.000000000000000000e+00,5.905146813697697200e-05
3.985347985347985366e-05,-7.500000000000000156e-04,0.000000000000000000e+00,0.000000000000000000e+00,5.340644200473307682e-05
3.985347985347985366e-05,-5.000000000000000104e-04,0.000000000000000000e+00,0.000000000000000000e+00,4.955680712899316226e-05
3.985347985347985366e-05,-2.500000000000000052e-04,0.000000000000000000e+00,0.000000000000000000e+00,4.703920467520621471e-05
3.985347985347985366e-05,0.000000000000000000e+00,0.000000000000000000e+00,0.000000000000000000e+00,4.540278629461252648e-05
3.985347985347985366e-05,2.500000000000000052e-04,0.000000000000000000e+00,0.000000000000000000e+00,4.435502765003457656e-05
3.985347985347985366e-05,5.000000000000000104e-04,0.000000000000000000e+00,0.000000000000000000e+00,4.371144037771364715e-05
3.985347985347985366e-05,7.500000000000000156e-04,0.000000000000000000e+00,0.000000000000000000e+00,4.334947400296075060e-05
3.985347985347985366e-05,1.000000000000000021e-03,0.000000000000000000e+00,0.000000000000000000e+00,4.315541090719827777e-05
4.483516483516483198e-05,-1.000000000000000021e-03,0.000000000000000000e+00,0.000000000000000000e+00,6.677215737766278533e-05
4.483516483516483198e-05,-7.500000000000000156e-04,0.000000000000000000e+00,0.000000000000000000e+00,6.110095057142325931e-05
4.483516483516483198e-05,-5.000000000000000104e-04,0.000000000000000000e+00,0.000000000000000000e+00,5.723326937656121735e-05
4.483516483516483198e-05,-2.500000000000000052e-04,0.000000000000000000e+00,0.000000000000000000e+00,5.470275228566747508e-05
4.483516483516483198e-05,0.000000000000000000e+00,0.000000000000000000e+00,0.000000000000000000e+00,5.305658333257738641e-05
4.483516483516483198e-05,2.500000000000000052e-04,0.000000000000000000e+00,0.000000000000000000e+00,5.200105595533598542e-05
4.483516483516483198e-05,5.000000000000000104e-04,0.000000000000000000e+00,0.000000000000000000e+00,5.135095983316223859e-05
4.483516483516483198e-05,7.500000000000000156e-04,0.000000000000000000e+00,0.000000000000000000e+00,5.098297189494929981e-05
4.483516483516483198e-05,1.000000000000000021e-03,0.000000000000000000e+00,0.000000000000000000e+00,5.078332830327865130e-05
4.981684981684981708e-05,-1.000000000000000021e-03,0.000000000000000000e+00,0.000000000000000000e+00,7.431034827128290491e-05
4.981684981684981708e-05,-7.500000000000000156e-04,0.000000000000000000e+00,0.000000000000000000e+00,6.864611358499245165e-05
4.981684981684981708e-05,-5.000000000000000104e-04,0.000000000000000000e+00,0.000000000000000000e+00,6.478305219424750625e-05
4.981684981684981708e-05,-2.500000000000000052e-04,0.000000000000000000e+00,0.000000000000000000e+00,6.225528452676417539e-05
4.981684981684981708e-05,0.000000000000000000e+00,0.000000000000000000e+00,0.000000000000000000e+00,6.061039949003120851e-05
4.981684981684981708e-05,2.500000000000000052e-04,0.000000000000000000e+00,0.000000000000000000e+00,5.955507640227468582e-05
4.981684981684981708e-05,5.000000000000000104e-04,0.000000000000000000e+00,0.000000000000000000e+00,5.890404557902086742e-05
4.981684981684981708e-05,7.500000000000000156e-04,0.000000000000000000e+00,0.000000000000000000e+00,5.853435948085945322e-05
4.981684981684981708e-05,1.000000000000000021e-03,0.000000000000000000e+00,0.000000000000000000e+00,5.833187263395322357e-05
5.479853479853479540e-05,-1.000000000000000021e-03,0.000000000000000000e+00,0.000000000000000000e+00,8.210041965191012191e-05
5.479853479853479540e-05,-7.500000000000000156e-04,0.000000000000000000e+00,0.000000000000000000e+00,7.636168462424170714e-05
5.479853479853479540e-05,-5.000000000000000104e-04,0.000000000000000000e+00,0.000000000000000000e+00,7.244854097182123467e-05
5.479853479853479540e-05,-2.500000000000000052e-04,0.000000000000000000e+00,0.000000000000000000e+00,6.988877423139356129e-05
5.479853479853479540e-05,0.000000000000000000e+00,0.000000000000000000e+00,0.000000000000000000e+00,6.822365693142600602e-05
5.479853479853479540e-05,2.500000000000000052e-04,0.000000000000000000e+00,0.000000000000000000e+00,6.715552907987663368e-05
5.479853479853479540e-05,5.000000000000000104e-04,0.000000000000000000e+00,0.000000000000000000e+00,6.649649577994247180e-05
5.479853479853479540e-05,7.500000000000000156e-04,0.000000000000000000e+00,0.000000000000000000e+00,6.612209365310495310e-05
5.479853479853479540e-05,1.000000000000000021e-03,0.000000000000000000e+00,0.000000000000000000e+00,6.591567773177800104e-05
5.978021978021978049e-05,-1.000000000000000021e-03,0.000000000000000000e+00,0.000000000000000000e+00,8.918641422536654150e-05
5.978021978021978049e-05,-7.500000000000000156e-04,0.000000000000000000e+00,0.000000000000000000e+00,8.357190382193320629e-05
5.978021978021978049e-05,-5.000000000000000104e-04,0.000000000000000000e+00,0.000000000000000000e+00,7.974190404506967505e-05
5.978021978021978049e-05,-2.500000000000000052e-04,0.000000000000000000e+00,0.000000000000000000e+00,7.723387797951668243e-05
5.978021978021978049e-05,0.000000000000000000e+00,0.000000000000000000e+00,0.000000000000000000e+00,7.559929465788666489e-05
5.978021978021978049e-05,2.500000000000000052e-04,0.000000000000000000e+00,0.000000000000000000e+00,7.454795134939920466e-05
5.978021978021978049e-05,5.000000000000000104e-04,0.000000000000000000e+00,0.000000000000000000e+00,7.389679460263237534e-05
5.978021978021978049e-05,7.500000000000000156e-04,0.000000000000000000e+00,0.000000000000000000e+00,7.352395529104251257e-05
5.978021978021978049e-05,1.000000000000000021e-03,0.000000000000000000e+00,0.000000000000000000e+00,7.331683698631185644e-05
6.476190476190475881e-05,-1.000000000000000021e-03,0.000000000000000000e+00,0.000000000000000000e+00,9.618954428356420627e-05
6.476190476190475881e-05,-7.500000000000000156e-04,0.000000000000000000e+00,0.000000000000000000e+00,9.065741535073467783e-05
6.476190476190475881e-05,-5.000000000000000104e-04,0.000000000000000000e+00,0.000000000000000000e+00,8.688585884111067531e-05
6.476190476190475881e-05,-2.500000000000000052e-04,0.000000000000000000e+00,0.000000000000000000e+00,8.441895986447913629e-05
6.476190476190475881e-05,0.000000000000000000e+00,0.000000000000000000e+00,0.000000000000000000e+00,8.281376144137442502e-05
6.476190476190475881e-05,2.500000000000000052e-04,0.000000000000000000e+00,0.000000000000000000e+00,8.178320475936699981e-05
6.476190476190475881e-05,5.000000000000000104e-04,0.000000000000000000e+00,0.000000000000000000e+00,8.114571029684385377e-05
6.476190476190475881e-05,7.500000000000000156e-04,0.000000000000000000e+00,0.000000000000000000e+00,8.078071814323178044e-05
6.476190476190475881e-05,1.000000000000000021e-03,0.000000000000000000e+00,0.000000000000000000e+00,8.057587879664983711e-05
6.974358974358973713e-05,-1.000000000000000021e-03,0.000000000000000000e+00,0.000000000000000000e+00,1.034152551270999866e-04
6.974358974358973713e-05,-7.500000000000000156e-04,0.000000000000000000e+00,0.000000000000000000e+00,9.788030521103642143e-05
6.974358974358973713e-05,-5.000000000000000104e-04,0.000000000000000000e+00,0.000000000000000000e+00,9.410564668522100585e-05
6.974358974358973713e-05,-2.500000000000000052e-04,0.000000000000000000e+00,0.000000000000000000e+00,9.163555797842264788e-05
6.974358974358973713e-05,0.000000000000000000e+00,0.000000000000000000e+00,0.000000000000000000e+00,9.002728264046329061e-05
6.974358974358973713e-05,2.500000000000000052e-04,0.000000000000000000e+00,0.000000000000000000e+00,8.899349114093435249e-05
6.974358974358973713e-05,5.000000000000000104e-04,0.000000000000000000e+00,0.000000000000000000e+00,8.835311430984668949e-05
6.974358974358973713e-05,7.500000000000000156e-04,0.000000000000000000e+00,0.000000000000000000e+00,8.798605550657071514e-05
6.974358974358973713e-05,1.000000000000000021e-03,0.000000000000000000e+00,0.000000000000000000e+00,8.777968477685631373e-05
7.472527472527471545e-05,-1.000000000000000021e-03,0.000000000000000000e+00,0.000000000000000000e+00,1.098126061869865645e-04
7.472527472527471545e-05,-7.500000000000000156e-04,0.000000000000000000e+00,0.000000000000000000e+00,1.044830114463218319e-04
7.472527472527471545e-05,-5.000000000000000104e-04,0.000000000000000000e+00,0.000000000000000000e+00,1.008486248849103575e-04
7.472527472527471545e-05,-2.500000000000000052e-04,0.000000000000000000e+00,0.000000000000000000e+00,9.846952212559896350e-05
7.472527472527471545e-05,0.000000000000000000e+00,0.000000000000000000e+00,0.000000000000000000e+00,9.691913683615480492e-05
7.472527472527471545e-05,2.500000000000000052e-04,0.000000000000000000e+00,0.000000000000000000e+00,9.592128379180839075e-05
7.472527472527471545e-05,5.000000000000000104e-04,0.000000000000000000e+00,0.000000000000000000e+00,9.530150419024863455e-05
7.472527472527471545e-05,7.500000000000000156e-04,0.000000000000000000e+00,0.000000000000000000e+00,9.494367131306685119e-05
7.472527472527471545e-05,1.000000000000000021e-03,0.000000000000000000e+00,0.000000000000000000e+00,9.474063873403130108e-05
7.970695970695970732e-05,-1.000000000000000021e-03,0.000000000000000000e+00,0.000000000000000000e+00,1.164381584895217713e-04
7.970695970695970732e-05,-7.500000000000000156e-04,0.000000000000000000e+00,0.000000000000000000e+00,1.111714680170879311e-04
7.970695970695970732e-05,-5.000000000000000104e-04,0.000000000000000000e+00,0.000000000000000000e+00,1.075812321118534723e-04
7.970695970695970732e-05,-2.500000000000000052e-04,0.000000000000000000e+00,0.000000000000000000e+00,1.052331653288104160e-04
7.970695970695970732e-05,0.000000000000000000e+00,0.000000000000000000e+00,0.000000000000000000e+00,1.037048898554243946e-04
7.970695970695970732e-05,2.500000000000000052e-04,0.000000000000000000e+00,0.000000000000000000e+00,1.027226181118290376e-04
7.970695970695970732e-05,5.000000000000000104e-04,0.000000000000000000e+00,0.000000000000000000e+00,1.021133862614319137e-04
7.970695970695970732e-05,7.500000000000000156e-04,0.000000000000000000e+00,0.000000000000000000e+00,1.017622760487264723e-04
7.970695970695970732e-05,1.000000000000000021e-03,0.000000000000000000e+00,0.000000000000000000e+00,1.015618621573190060e-04
8.468864468864468564e-05,-1.000000000000000021e-03,0.000000000000000000e+00,0.000000000000000000e+00,1.230245654986163650e-04
8.468864468864468564e-05,-7.500000000000000156e-04,0.000000000000000000e+00,0.000000000000000000e+00,1.178166785896843068e-04
8.468864468864468564e-05,-5.000000000000000104e-04,0.000000000000000000e+00,0.000000000000000000e+00,1.142650643638162562e-04
8.468864468864468564e-05,-2.500000000000000052e-04,0.000000000000000000e+00,0.000000000000000000e+00,1.119402564419164645e-04
8.468864468864468564e-05,0.000000000000000000e+00,0.000000000000000000e+00,0.000000000000000000e+00,1.104251604104156234e-04
8.468864468864468564e-05,2.500000000000000052e-04,0.000000000000000000e+00,0.000000000000000000e+00,1.094496188296779731e-04
8.468864468864468564e-05,5.000000000000000104e-04,0.000000000000000000e+00,0.000000000000000000e+00,1.088432852476111095e-04
8.468864468864468564e-05,7.500000000000000156e-04,0.000000000000000000e+00,0.000000000000000000e+00,1.084928428644168965e-04
8.468864468864468564e-05,1.000000000000000021e-03,0.000000000000000000e+00,0.000000000000000000e+00,1.082925879382487446e-04
8.967032967032966396e-05,-1.000000000000000021e-03,0.000000000000000000e+00,0.000000000000000000e+00,1.287990366199211504e-04
8.967032967032966396e-05,-7.500000000000000156e-04,0.000000000000000000e+00,0.000000000000000000e+00,1.238318043721185551e-04
8.967032967032966396e-05,-5.000000000000000104e-04,0.000000000000000000e+00,0.000000000000000000e+00,1.204444216722218259e-04
8.967032967032966396e-05,-2.500000000000000052e-04,0.000000000000000000e+00,0.000000000000000000e+00,1.182266196531371675e-04
8.967032967032966396e-05,0.000000000000000000e+00,0.000000000000000000e+00,0.000000000000000000e+00,1.167803167349207516e-04
8.967032967032966396e-05,2.500000000000000052e-04,0.000000000000000000e+00,0.000000000000000000e+00,1.158482092197411745e-04
8.967032967032966396e-05,5.000000000000000104e-04,0.000000000000000000e+00,0.000000000000000000e+00,1.152673628158039636e-04
8.967032967032966396e-05,7.500000000000000156e-04,0.000000000000000000e+00,0.000000000000000000e+00,1.149295213983920555e-04
8.967032967032966396e-05,1.000000000000000021e-03,0.000000000000000000e+00,0.000000000000000000e+00,1.147346816248262871e-04
9.465201465201464228e-05,-1.000000000000000021e-03,0.000000000000000000e+00,0.000000000000000000e+00,1.349061063798745940e-04
9.465201465201464228e-05,-7.500000000000000156e-04,0.000000000000000000e+00,0.000000000000000000e+00,1.299994706008332859e-04
9.465201465201464228e-05,-5.000000000000000104e-04,0.000000000000000000e+00,0.000000000000000000e+00,1.266545053486440317e-04
9.465201465201464228e-05,-2.500000000000000052e-04,0.000000000000000000e+00,0.000000000000000000e+00,1.244663112767375914e-04
9.465201465201464228e-05,0.000000000000000000e+00,0.000000000000000000e+00,0.000000000000000000e+00,1.230412883326128344e-04
9.465201465201464228e-05,2.500000000000000052e-04,0.000000000000000000e+00,0.000000000000000000e+00,1.221239302731992897e-04
9.465201465201464228e-05,5.000000000000000104e-04,0.000000000000000000e+00,0.000000000000000000e+00,1.215531246304186493e-04
9.465201465201464228e-05,7.500000000000000156e-04,0.000000000000000000e+00,0.000000000000000000e+00,1.212220594280580141e-04
9.465201465201464228e-05,1.000000000000000021e-03,0.000000000000000000e+00,0.000000000000000000e+00,1.210302910677624606e-04
9.963369963369963416e-05,-1.000000000000000021e-03,0.000000000000000000e+00,0.000000000000000000e+00,1.407572874559799797e-04
9.963369963369963416e-05,-7.500000000000000156e-04,0.000000000000000000e+00,0.000000000000000000e+00,1.359672897881283025e-04
9.963369963369963416e-05,-5.000000000000000104e-04,0.000000000000000000e+00,0.000000000000000000e+00,1.327005107352969096e-04
9.963369963369963416e-05,-2.500000000000000052e-04,0.000000000000000000e+00,0.000000000000000000e+00,1.305613594461899204e-04
9.963369963369963416e-05,0.000000000000000000e+00,0.000000000000000000e+00,0.000000000000000000e+00,1.291661659451754100e-04
9.963369963369963416e-05,2.500000000000000052e-04,0.000000000000000000e+00,0.000000000000000000e+00,1.282663433470728137e-04
9.963369963369963416e-05,5.000000000000000104e-04,0.000000000000000000e+00,0.000000000000000000e+00,1.277049964351239153e-04
9.963369963369963416e-05,7.500000000000000156e-04,0.000000000000000000e+00,0.000000000000000000e+00,1.273778778609906571e-04
9.963369963369963416e-05,1.000000000000000021e-03,0.000000000000000000e+00,0.000000000000000000e+00,1.271880739719724032e-04
1.046153846153846125e-04,-1.000000000000000021e-03,0.000000000000000000e+00,0.000000000000000000e+00,1.461247904617078881e-04
1.046153846153846125e-04,-7.500000000000000156e-04,0.000000000000000000e+00,0.000000000000000000e+00,1.415294950479557736e-04
1.046153846153846125e-04,-5.000000000000000104e-04,0.000000000000000000e+00,0.000000000000000000e+00,1.383964974074871279e-04
1.046153846153846125e-04,-2.500000000000000052e-04,0.000000000000000000e+00,0.000000000000000000e+00,1.363459889974826065e-04
1.046153846153846125e-04,0.000000000000000000e+00,0.000000000000000000e+00,0.000000000000000000e+00,1.350091875218137317e-04
1.046153846153846125e-04,2.500000000000000052e-04,0.000000000000000000e+00,0.000000000000000000e+00,1.341472366909101049e-04
1.046153846153846125e-04,5.000000000000000104e-04,0.000000000000000000e+00,0.000000000000000000e+00,1.336089787033943545e-04
1.046153846153846125e-04,7.500000000000000156e-04,0.000000000000000000e+00,0.000000000000000000e+00,1.332941682840017524e-04
1.046153846153846125e-04,1.000000000000000021e-03,0.000000000000000000e+00,0.000000000000000000e+00,1.331098709596362966e-04
1.095970695970695908e-04,-1.000000000000000021e-03,0.000000000000000000e+00,0.000000000000000000e+00,1.517435141527259288e-04
1.095970695970695908e-04,-7.500000000000000156e-04,0.000000000000000000e+00,0.000000000000000000e+00,1.472072883553697217e-04
1.095970695970695908e-04,-5.000000000000000104e-04,0.000000000000000000e+00,0.000000000000000000e+00,1.441149265361833440e-04
1.095970695970695908e-04,-2.500000000000000052e-04,0.000000000000000000e+00,0.000000000000000000e+00,1.420918137246036548e-04
1.095970695970695908e-04,0.000000000000000000e+00,0.000000000000000000e+00,0.000000000000000000e+00,1.407738259546579553e-04
1.095970695970695908e-04,2.500000000000000052e-04,0.000000000000000000e+00,0.000000000000000000e+00,1.399243838337272641e-04
1.095970695970695908e-04,5.000000000000000104e-04,0.000000000000000000e+00,0.000000000000000000e+00,1.393944634601905952e-04
1.095970695970695908e-04,7.500000000000000156e-04,0.000000000000000000e+00,0.000000000000000000e+00,1.390850924743842435e-04
1.095970695970695908e-04,1.000000000000000021e-03,0.000000000000000000e+00,0.000000000000000000e+00,1.389035475277171296e-04
1.145787545787545691e-04,-1.000000000000000021e-03,0.000000000000000000e+00,0.000000000000000000e+00,1.570277320299651137e-04
1.145787545787545691e-04,-7.500000000000000156e-04,0.000000000000000000e+00,0.000000000000000000e+00,1.526259303608194003e-04
1.145787545787545691e-04,-5.000000000000000104e-04,0.000000000000000000e+00,0.000000000000000000e+00,1.496240881544002861e-04
1.145787545787545691e-04,-2.500000000000000052e-04,0.000000000000000000e+00,0.000000000000000000e+00,1.476585391381882238e-04
1.145787545787545691e-04,0.000000000000000000e+00,0.000000000000000000e+00,0.000000000000000000e+00,1.463762459996122373e-04
1.145787545787545691e-04,2.500000000000000052e-04,0.000000000000000000e+00,0.000000000000000000e+00,1.455485649992820432e-04
1.145787545787545691e-04,5.000000000000000104e-04,0.000000000000000000e+00,0.000000000000000000e+00,1.450308792196659433e-04
1.145787545787545691e-04,7.500000000000000156e-04,0.000000000000000000e+00,0.000000000000000000e+00,1.447272431667188421e-04
1.145787545787545691e-04,1.000000000000000021e-03,0.000000000000000000e+00,0.000000000000000000e+00,1.445486920632518520e-04
1.195604395604395610e-04,-1.000000000000000021e-03,0.000000000000000000e+00,0.000000000000000000e+00,1.619581899740681031e-04
1.195604395604395610e-04,-7.500000000000000156e-04,0.000000000000000000e+00,0.000000000000000000e+00,1.577296866599386331e-04
1.195604395604395610e-04,-5.000000000000000104e-04,0.000000000000000000e+00,0.000000000000000000e+00,1.548469530948981575e-04
1.195604395604395610e-04,-2.500000000000000052e-04,0.000000000000000000e+00,0.000000000000000000e+00,1.529604574651969077e-04
1.195604395604395610e-04,0.000000000000000000e+00,0.000000000000000000e+00,0.000000000000000000e+00,1.517304809310775812e-04
1.195604395604395610e-04,2.500000000000000052e-04,0.000000000000000000e+00,0.000000000000000000e+00,1.509368453945114544e-04
1.195604395604395610e-04,5.000000000000000104e-04,0.000000000000000000e+00,0.000000000000000000e+00,1.504401287908577016e-04
1.195604395604395610e-04,7.500000000000000156e-04,0.000000000000000000e+00,0.000000000000000000e+00,1.501480989925638610e-04
1.195604395604395610e-04,1.000000000000000021e-03,0.000000000000000000e+00,0.000000000000000000e+00,1.499750323585505719e-04
1.245421245421245258e-04,-1.000000000000000021e-03,0.000000000000000000e+00,0.000000000000000000e+00,1.669298023852704095e-04
1.245421245421245258e-04,-7.500000000000000156e-04,0.000000000000000000e+00,0.000000000000000000e+00,1.628009945372164426e-04
1.245421245421245258e-04,-5.000000000000000104e-04,0.000000000000000000e+00,0.000000000000000000e+00,1.599860061139110363e-04
1.245421245421245258e-04,-2.500000000000000052e-04,0.000000000000000000e+00,0.000000000000000000e+00,1.581435707138167750e-04
1.245421245421245258e-04,0.000000000000000000e+00,0.000000000000000000e+00,0.000000000000000000e+00,1.569421027882550153e-04
1.245421245421245258e-04,2.500000000000000052e-04,0.000000000000000000e+00,0.000000000000000000e+00,1.561664092961515861e-04
1.245421245421245258e-04,5.000000000000000104e-04,0.000000000000000000e+00,0.000000000000000000e+00,1.556807979320851251e-04
1.245421245421245258e-04,7.500000000000000156e-04,0.000000000000000000e+00,0.000000000000000000e+00,1.553951529436923098e-04
1.245421245421245258e-04,1.000000000000000021e-03,0.000000000000000000e+00,0.000000000000000000e+00,1.552255174219018116e-04
1.295238095238095176e-04,-1.000000000000000021e-03,0.000000000000000000e+00,0.000000000000000000e+00,1.717837467776409241e-04
1.295238095238095176e-04,-7.500000000000000156e-04,0.000000000000000000e+00,0.000000000000000000e+00,1.677572018367699672e-04
1.295238095238095176e-04,-5.000000000000000104e-04,0.000000000000000000e+00,0.000000000000000000e+00,1.650116528301403521e-04
1.295238095238095176e-04,-2.500000000000000052e-04,0.000000000000000000e+00,0.000000000000000000e+00,1.632140152837201577e-04
1.295238095238095176e-04,0.000000000000000000e+00,0.000000000000000000e+00,0.000000000000000000e+00,1.620409524055336028e-04
1.295238095238095176e-04,2.500000000000000052e-04,0.000000000000000000e+00,0.000000000000000000e+00,1.612830458550410309e-04
1.295238095238095176e-04,5.000000000000000104e-04,0.000000000000000000e+00,0.000000000000000000e+00,1.608079785196048423e-04
1.295238095238095176e-04,7.500000000000000156e-04,0.000000000000000000e+00,0.000000000000000000e+00,1.605278732835752173e-04
1.295238095238095176e-04,1.000000000000000021e-03,0.000000000000000000e+00,0.000000000000000000e+00,1.603612207299936413e-04
1.345054945054945095e-04,-1.000000000000000021e-03,0.000000000000000000e+00,0.000000000000000000e+00,1.763088685327272311e-04
1.345054945054945095e-04,-7.500000000000000156e-04,0.000000000000000000e+00,0.000000000000000000e+00,1.724363434529635659e-04
1.345054945054945095e-04,-5.000000000000000104e-04,0.000000000000000000e+00,0.000000000000000000e+00,1.697959715829542096e-04
1.345054945054945095e-04,-2.500000000000000052e-04,0.000000000000000000e+00,0.000000000000000000e+00,1.680674324378818513e-04
1.345054945054945095e-04,0.000000000000000000e+00,0.000000000000000000e+00,0.000000000000000000e+00,1.669396589528822318e-04
1.345054945054945095e-04,2.500000000000000052e-04,0.000000000000000000e+00,0.000000000000000000e+00,1.662109579123143260e-04
1.345054945054945095e-04,5.000000000000000104e-04,0.000000000000000000e+00,0.000000000000000000e+00,1.657538411183934516e-04
1.345054945054945095e-04,7.500000000000000156e-04,0.000000000000000000e+00,0.000000000000000000e+00,1.654836832863805344e-04
1.345054945054945095e-04,1.000000000000000021e-03,0.000000000000000000e+00,0.000000000000000000e+00,1.653218672146776578e-04
1.394871794871794743e-04,-1.000000000000000021e-03,0.000000000000000000e+00,0.000000000000000000e+00,1.808271233601373130e-04
1.394871794871794743e-04,-7.500000000000000156e-04,0.000000000000000000e+00,0.000000000000000000e+00,1.770512825340394138e-04
1.394871794871794743e-04,-5.000000000000000104e-04,0.000000000000000000e+00,0.000000000000000000e+00,1.744772055840573225e-04
1.394871794871794743e-04,-2.500000000000000052e-04,0.000000000000000000e+00,0.000000000000000000e+00,1.727924066574701846e-04
1.394871794871794743e-04,0.000000000000000000e+00,0.000000000000000000e+00,0.000000000000000000e+00,1.716933440215130701e-04
1.394871794871794743e-04,2.500000000000000052e-04,0.000000000000000000e+00,0.000000000000000000e+00,1.709829608771065300e-04
1.394871794871794743e-04,5.000000000000000104e-04,0.000000000000000000e+00,0.000000000000000000e+00,1.705372148370013353e-04
1.394871794871794743e-04,7.500000000000000156e-04,0.000000000000000000e+00,0.000000000000000000e+00,1.702735893541158579e-04
1.394871794871794743e-04,1.000000000000000021e-03,0.000000000000000000e+00,0.000000000000000000e+00,1.701152522873968724e-04
1.444688644688644661e-04,-1.000000000000000021e-03,0.000000000000000000e+00,0.000000000000000000e+00,1.853277037452594103e-04
1.444688644688644661e-04,-7.500000000000000156e-04,0.000000000000000000e+00,0.000000000000000000e+00,1.816271076678158396e-04
1.444688644688644661e-04,-5.000000000000000104e-04,0.000000000000000000e+00,0.000000000000000000e+00,1.791042638815642759e-04
1.444688644688644661e-04,-2.500000000000000052e-04,0.000000000000000000e+00,0.000000000000000000e+00,1.774526765243036809e-04
1.444688644688644661e-04,0.000000000000000000e+00,0.000000000000000000e+00,0.000000000000000000e+00,1.763749316289693386e-04
1.444688644688644661e-04,2.500000000000000052e-04,0.000000000000000000e+00,0.000000000000000000e+00,1.756782722293798204e-04
1.444688644688644661e-04,5.000000000000000104e-04,0.000000000000000000e+00,0.000000000000000000e+00,1.752409137777966844e-04
1.444688644688644661e-04,7.500000000000000156e-04,0.000000000000000000e+00,0.000000000000000000e+00,1.749819297592601934e-04
1.444688644688644661e-04,1.000000000000000021e-03,0.000000000000000000e+00,0.000000000000000000e+00,1.748262171570555445e-04
1.494505494505494309e-04,-1.000000000000000021e-03,0.000000000000000000e+00,0.000000000000000000e+00,1.893461613240986240e-04
1.494505494505494309e-04,-7.500000000000000156e-04,0.000000000000000000e+00,0.000000000000000000e+00,1.858233491004506680e-04
1.494505494505494309e-04,-5.000000000000000104e-04,0.000000000000000000e+00,0.000000000000000000e+00,1.834213906440131136e-04
1.494505494505494309e-04,-2.500000000000000052e-04,0.000000000000000000e+00,0.000000000000000000e+00,1.818486756825634461e-04
1.494505494505494309e-04,0.000000000000000000e+00,0.000000000000000000e+00,0.000000000000000000e+00,1.808220007910391611e-04
1.494505494505494309e-04,2.500000000000000052e-04,0.000000000000000000e+00,0.000000000000000000e+00,1.801579169538202634e-04
1.494505494505494309e-04,5.000000000000000104e-04,0.000000000000000000e+00,0.000000000000000000e+00,1.797402947769882026e-04
1.494505494505494309e-04,7.500000000000000156e-04,0.000000000000000000e+00,0.000000000000000000e+00,1.794921068096308914e-04
1.494505494505494309e-04,1.000000000000000021e-03,0.000000000000000000e+00,0.000000000000000000e+00,1.793416646430560761e-04
1.544322344322344228e-04,-1.000000000000000021e-03,0.000000000000000000e+00,0.000000000000000000e+00,1.935124368464184003e-04
1.544322344322344228e-04,-7.500000000000000156e-04,0.000000000000000000e+00,0.000000000000000000e+00,1.900560226312024382e-04
1.544322344322344228e-04,-5.000000000000000104e-04,0.000000000000000000e+00,0.000000000000000000e+00,1.877003548486399554e-04
1.544322344322344228e-04,-2.500000000000000052e-04,0.000000000000000000e+00,0.000000000000000000e+00,1.861590222581171745e-04
1.544322344322344228e-04,0.000000000000000000e+00,0.000000000000000000e+00,0.000000000000000000e+00,1.851535317839295754e-04
1.544322344322344228e-04,2.500000000000000052e-04,0.000000000000000000e+00,0.000000000000000000e+00,1.845032324754016461e-04
1.544322344322344228e-04,5.000000000000000104e-04,0.000000000000000000e+00,0.000000000000000000e+00,1.840944853096185719e-04
1.544322344322344228e-04,7.500000000000000156e-04,0.000000000000000000e+00,0.000000000000000000e+00,1.838515586500347188e-04
1.544322344322344228e-04,1.000000000000000021e-03,0.000000000000000000e+00,0.000000000000000000e+00,1.837042379944477187e-04
1.594139194139194146e-04,-1.000000000000000021e-03,0.000000000000000000e+00,0.000000000000000000e+00,1.976044340010170235e-04
1.594139194139194146e-04,-7.500000000000000156e-04,0.000000000000000000e+00,0.000000000000000000e+00,1.942257379809050552e-04
1.594139194139194146e-04,-5.000000000000000104e-04,0.000000000000000000e+00,0.000000000000000000e+00,1.919217496176312411e-04
1.594139194139194146e-04,-2.500000000000000052e-04,0.000000000000000000e+00,0.000000000000000000e+00,1.904126131273881268e-04
1.594139194139194146e-04,0.000000000000000000e+00,0.000000000000000000e+00,0.000000000000000000e+00,1.894268260213505207e-04
1.594139194139194146e-04,2.500000000000000052e-04,0.000000000000000000e+00,0.000000000000000000e+00,1.887888014404583321e-04
1.594139194139194146e-04,5.000000000000000104e-04,0.000000000000000000e+00,0.000000000000000000e+00,1.883872528417308801e-04
1.594139194139194146e-04,7.500000000000000156e-04,0.000000000000000000e+00,0.000000000000000000e+00,1.881482865821634516e-04
1.594139194139194146e-04,1.000000000000000021e-03,0.000000000000000000e+00,0.000000000000000000e+00,1.880033908077707297e-04
1.643956043956043794e-04,-1.000000000000000021e-03,0.000000000000000000e+00,0.000000000000000000e+00,2.011612539954812982e-04
1.643956043956043794e-04,-7.500000000000000156e-04,0.000000000000000000e+00,0.000000000000000000e+00,1.979702090551623992e-04
1.643956043956043794e-04,-5.000000000000000104e-04,0.000000000000000000e+00,0.000000000000000000e+00,1.957949161694462730e-04
1.643956043956043794e-04,-2.500000000000000052e-04,0.000000000000000000e+00,0.000000000000000000e+00,1.943708450279888779e-04
1.643956043956043794e-04,0.000000000000000000e+00,0.000000000000000000e+00,0.000000000000000000e+00,1.934410993953861884e-04
1.643956043956043794e-04,2.500000000000000052e-04,0.000000000000000000e+00,0.000000000000000000e+00,1.928392099543225244e-04
1.643956043956043794e-04,5.000000000000000104e-04,0.000000000000000000e+00,0.000000000000000000e+00,1.924598269159728109e-04
1.643956043956043794e-04,7.500000000000000156e-04,0.000000000000000000e+00,0.000000000000000000e+00,1.922332175282756800e-04
1.643956043956043794e-04,1.000000000000000021e-03,0.000000000000000000e+00,0.000000000000000000e+00,1.920940884208831041e-04
1.693772893772893713e-04,-1.000000000000000021e-03,0.000000000000000000e+00,0.000000000000000000e+00,2.051358597327295407e-04
1.693772893772893713e-04,-7.500000000000000156e-04,0.000000000000000000e+00,0.000000000000000000e+00,2.019487443898689439e-04
1.693772893772893713e-04,-5.000000000000000104e-04,0.000000000000000000e+00,0.000000000000000000e+00,1.997763930743644051e-04
1.693772893772893713e-04,-2.500000000000000052e-04,0.000000000000000000e+00,0.000000000000000000e+00,1.983545206354469235e-04
1.693772893772893713e-04,0.000000000000000000e+00,0.000000000000000000e+00,0.000000000000000000e+00,1.974261908133335887e-04
1.693772893772893713e-04,2.500000000000000052e-04,0.000000000000000000e+00,0.000000000000000000e+00,1.968249514623506230e-04
1.693772893772893713e-04,5.000000000000000104e-04,0.000000000000000000e+00,0.000000000000000000e+00,1.964460486599449115e-04
1.693772893772893713e-04,7.500000000000000156e-04,0.000000000000000000e+00,0.000000000000000000e+00,1.962198242914342083e-04
1.693772893772893713e-04,1.000000000000000021e-03,0.000000000000000000e+00,0.000000000000000000e+00,1.960818319853087127e-04
1.743589743589743632e-04,-1.000000000000000021e-03,0.000000000000000000e+00,0.000000000000000000e+00,2.087352099768378781e-04
1.743589743589743632e-04,-7.500000000000000156e-04,0.000000000000000000e+00,0.000000000000000000e+00,2.056699840693366099e-04
1.743589743589743632e-04,-5.000000000000000104e-04,0.000000000000000000e+00,0.000000000000000000e+00,2.035795422473949182e-04
1.743589743589743632e-04,-2.500000000000000052e-04,0.000000000000000000e+00,0.000000000000000000e+00,2.022099142998711526e-04
1.743589743589743632e-04,0.000000000000000000e+00,0.000000000000000000e+00,0.000000000000000000e+00,2.013149908565375163e-04
1.743589743589743632e-04,2.500000000000000052e-04,0.000000000000000000e+00,0.000000000000000000e+00,2.007353695024617852e-04
1.743589743589743632e-04,5.000000000000000104e-04,0.000000000000000000e+00,0.000000000000000000e+00,2.003698939915295868e-04
1.743589743589743632e-04,7.500000000000000156e-04,0.000000000000000000e+00,0.000000000000000000e+00,2.001513339856980135e-04
1.743589743589743632e-04,1.000000000000000021e-03,0.000000000000000000e+00,0.000000000000000000e+00,2.000171140307549240e-04
1.793406593406593279e-04,-1.000000000000000021e-03,0.000000000000000000e+00,0.000000000000000000e+00,2.119977088368380858e-04
1.793406593406593279e-04,-7.500000000000000156e-04,0.000000000000000000e+00,0.000000000000000000e+00,2.090862977390540165e-04
1.793406593406593279e-04,-5.000000000000000104e-04,0.000000000000000000e+00,0.000000000000000000e+00,2.071021938749981921e-04
1.793406593406593279e-04,-2.500000000000000052e-04,0.000000000000000000e+00,0.000000000000000000e+00,2.058038356615242263e-04
1.793406593406593279e-04,0.000000000000000000e+00,0.000000000000000000e+00,0.000000000000000000e+00,2.049563867674048944e-04
1.793406593406593279e-04,2.500000000000000052e-04,0.000000000000000000e+00,0.000000000000000000e+00,2.044071542753325905e-04
1.793406593406593279e-04,5.000000000000000104e-04,0.000000000000000000e+00,0.000000000000000000e+00,2.040602697265242590e-04
1.793406593406593279e-04,7.500000000000000156e-04,0.000000000000000000e+00,0.000000000000000000e+00,2.038520322710480291e-04
1.793406593406593279e-04,1.000000000000000021e-03,0.000000000000000000e+00,0.000000000000000000e+00,2.037228621218548476e-04
1.843223443223443198e-04,-1.000000000000000021e-03,0.000000000000000000e+00,0.000000000000000000e+00,2.157445012466597384e-04
1.843223443223443198e-04,-7.500000000000000156e-04,0.000000000000000000e+00,0.000000000000000000e+00,2.128060027317914998e-04
1.843223443223443198e-04,-5.000000000000000104e-04,0.000000000000000000e+00,0.000000000000000000e+00,2.108027839084680645e-04
1.843223443223443198e-04,-2.500000000000000052e-04,0.000000000000000000e+00,0.000000000000000000e+00,2.094910645840154806e-04
1.843223443223443198e-04,0.000000000000000000e+00,0.000000000000000000e+00,0.000000000000000000e+00,2.086341142697186010e-04
1.843223443223443198e-04,2.500000000000000052e-04,0.000000000000000000e+00,0.000000000000000000e+00,2.080786330392523883e-04
1.843223443223443198e-04,5.000000000000000104e-04,0.000000000000000000e+00,0.000000000000000000e+00,2.077279299818084385e-04
1.843223443223443198e-04,7.500000000000000156e-04,0.000000000000000000e+00,0.000000000000000000e+00,2.075176901101862805e-04
1.843223443223443198e-04,1.000000000000000021e-03,0.000000000000000000e+00,0.000000000000000000e+00,2.073886242068636882e-04
1.893040293040292846e-04,-1.000000000000000021e-03,0.000000000000000000e+00,0.000000000000000000e+00,2.191549752846860962e-04
1.893040293040292846e-04,-7.500000000000000156e-04,0.000000000000000000e+00,0.000000000000000000e+00,2.163095747701319666e-04
1.893040293040292846e-04,-5.000000000000000104e-04,0.000000000000000000e+00,0.000000000000000000e+00,2.143696928196419955e-04
1.893040293040292846e-04,-2.500000000000000052e-04,0.000000000000000000e+00,0.000000000000000000e+00,2.130991709104754835e-04
1.893040293040292846e-04,0.000000000000000000e+00,0.000000000000000000e+00,0.000000000000000000e+00,2.122693089449016540e-04
1.893040293040292846e-04,2.500000000000000052e-04,0.000000000000000000e+00,0.000000000000000000e+00,2.117318657547471040e-04
1.893040293040292846e-04,5.000000000000000104e-04,0.000000000000000000e+00,0.000000000000000000e+00,2.113926177157341932e-04
1.893040293040292846e-04,7.500000000000000156e-04,0.000000000000000000e+00,0.000000000000000000e+00,2.111892972689023923e-04
1.893040293040292846e-04,1.000000000000000021e-03,0.000000000000000000e+00,0.000000000000000000e+00,2.110634514238442368e-04
1.942857142857142764e-04,-1.000000000000000021e-03,0.000000000000000000e+00,0.000000000000000000e+00,2.222680609344379902e-04
1.942857142857142764e-04,-7.500000000000000156e-04,0.000000000000000000e+00,0.000000000000000000e+00,2.195479416141076531e-04
1.942857142857142764e-04,-5.000000000000000104e-04,0.000000000000000000e+00,0.000000000000000000e+00,2.176941410126952202e-04
1.942857142857142764e-04,-2.500000000000000052e-04,0.000000000000000000e+00,0.000000000000000000e+00,2.164808140348174596e-04
1.942857142857142764e-04,0.000000000000000000e+00,0.000000000000000000e+00,0.000000000000000000e+00,2.156885107083481013e-04
1.942857142857142764e-04,2.500000000000000052e-04,0.000000000000000000e+00,0.000000000000000000e+00,2.151746624844688368e-04
1.942857142857142764e-04,5.000000000000000104e-04,0.000000000000000000e+00,0.000000000000000000e+00,2.148496137470445357e-04
1.942857142857142764e-04,7.500000000000000156e-04,0.000000000000000000e+00,0.000000000000000000e+00,2.146540530157516958e-04
1.942857142857142764e-04,1.000000000000000021e-03,0.000000000000000000e+00,0.000000000000000000e+00,2.145321361605555396e-04
1.992673992673992683e-04,-1.000000000000000021e-03,0.000000000000000000e+00,0.000000000000000000e+00,2.252354001820846890e-04
1.992673992673992683e-04,-7.500000000000000156e-04,0.000000000000000000e+00,0.000000000000000000e+00,2.226279000891606566e-04
1.992673992673992683e-04,-5.000000000000000104e-04,0.000000000000000000e+00,0.000000000000000000e+00,2.208500866762082586e-04
1.992673992673992683e-04,-2.500000000000000052e-04,0.000000000000000000e+00,0.000000000000000000e+00,2.196856805870403735e-04
1.992673992673992683e-04,0.000000000000000000e+00,0.000000000000000000e+00,0.000000000000000000e+00,2.189245417075066848e-04
1.992673992673992683e-04,2.500000000000000052e-04,0.000000000000000000e+00,0.000000000000000000e+00,2.184306662846450858e-04
1.992673992673992683e-04,5.000000000000000104e-04,0.000000000000000000e+00,0.000000000000000000e+00,2.181179062127255321e-04
1.992673992673992683e-04,7.500000000000000156e-04,0.000000000000000000e+00,0.000000000000000000e+00,2.179289939643101282e-04
1.992673992673992683e-04,1.000000000000000021e-03,0.000000000000000000e+00,0.000000000000000000e+00,2.178108875923481205e-04
2.042490842490842331e-04,-1.000000000000000021e-03,0.000000000000000000e+00,0.000000000000000000e+00,2.285767684840984341e-04
2.042490842490842331e-04,-7.500000000000000156e-04,0.000000000000000000e+00,0.000000000000000000e+00,2.259500160449539295e-04
2.042490842490842331e-04,-5.000000000000000104e-04,0.000000000000000000e+00,0.000000000000000000e+00,2.241595650221524173e-04
2.042490842490842331e-04,-2.500000000000000052e-04,0.000000000000000000e+00,0.000000000000000000e+00,2.229872453225056482e-04
2.042490842490842331e-04,0.000000000000000000e+00,0.000000000000000000e+00,0.000000000000000000e+00,2.222209613478517715e-04
2.042490842490842331e-04,2.500000000000000052e-04,0.000000000000000000e+00,0.000000000000000000e+00,2.217237355430014842e-04
2.042490842490842331e-04,5.000000000000000104e-04,0.000000000000000000e+00,0.000000000000000000e+00,2.214087619592776607e-04
2.042490842490842331e-04,7.500000000000000156e-04,0.000000000000000000e+00,0.000000000000000000e+00,2.212184638299549352e-04
2.042490842490842331e-04,1.000000000000000021e-03,0.000000000000000000e+00,0.000000000000000000e+00,2.211005449755518897e-04
2.092307692307692249e-04,-1.000000000000000021e-03,0.000000000000000000e+00,0.000000000000000000e+00,2.315113801777860078e-04
2.092307692307692249e-04,-7.500000000000000156e-04,0.000000000000000000e+00,0.000000000000000000e+00,2.290000163814302390e-04
2.092307692307692249e-04,-5.000000000000000104e-04,0.000000000000000000e+00,0.000000000000000000e+00,2.272876180050740439e-04
2.092307692307692249e-04,-2.500000000000000052e-04,0.000000000000000000e+00,0.000000000000000000e+00,2.261661614331445783e-04
2.092307692307692249e-04,0.000000000000000000e+00,0.000000000000000000e+00,0.000000000000000000e+00,2.254336533012231045e-04
2.092307692307692249e-04,2.500000000000000052e-04,0.000000000000000000e+00,0.000000000000000000e+00,2.249586106034237359e-04
2.092307692307692249e-04,5.000000000000000104e-04,0.000000000000000000e+00,0.000000000000000000e+00,2.246580460556828163e-04
2.092307692307692249e-04,7.500000000000000156e-04,0.000000000000000000e+00,0.000000000000000000e+00,2.244770564176930803e-04
2.092307692307692249e-04,1.000000000000000021e-03,0.000000000000000000e+00,0.000000000000000000e+00,2.243633702788265006e-04
2.142124542124541897e-04,-1.000000000000000021e-03,0.000000000000000000e+00,0.000000000000000000e+00,2.343854761781250472e-04
2.142124542124541897e-04,-7.500000000000000156e-04,0.000000000000000000e+00,0.000000000000000000e+00,2.319429532612379949e-04
2.142124542124541897e-04,-5.000000000000000104e-04,0.000000000000000000e+00,0.000000000000000000e+00,2.302782998148987851e-04
2.142124542124541897e-04,-2.500000000000000052e-04,0.000000000000000000e+00,0.000000000000000000e+00,2.291885656341803243e-04
2.142124542124541897e-04,0.000000000000000000e+00,0.000000000000000000e+00,0.000000000000000000e+00,2.284764462856157753e-04
2.142124542124541897e-04,2.500000000000000052e-04,0.000000000000000000e+00,0.000000000000000000e+00,2.280139687206726620e-04
2.142124542124541897e-04,5.000000000000000104e-04,0.000000000000000000e+00,0.000000000000000000e+00,2.277205496028457865e-04
2.142124542124541897e-04,7.500000000000000156e-04,0.000000000000000000e+00,0.000000000000000000e+00,2.275428133693733026e-04
2.142124542124541897e-04,1.000000000000000021e-03,0.000000000000000000e+00,0.000000000000000000e+00,2.274312270638507115e-04
2.191941391941391816e-04,-1.000000000000000021e-03,0.000000000000000000e+00,0.000000000000000000e+00,2.373500190052143903e-04
2.191941391941391816e-04,-7.500000000000000156e-04,0.000000000000000000e+00,0.000000000000000000e+00,2.349375606693224964e-04
2.191941391941391816e-04,-5.000000000000000104e-04,0.000000000000000000e+00,0.000000000000000000e+00,2.332927676613256356e-04
2.191941391941391816e-04,-2.500000000000000052e-04,0.000000000000000000e+00,0.000000000000000000e+00,2.322151555827928226e-04
2.191941391941391816e-04,0.000000000000000000e+00,0.000000000000000000e+00,0.000000000000000000e+00,2.315103916106007022e-04
2.191941391941391816e-04,2.500000000000000052e-04,0.000000000000000000e+00,0.000000000000000000e+00,2.310526076085271142e-04
2.191941391941391816e-04,5.000000000000000104e-04,0.000000000000000000e+00,0.000000000000000000e+00,2.307621904543225575e-04
2.191941391941391816e-04,7.500000000000000156e-04,0.000000000000000000e+00,0.000000000000000000e+00,2.305862157933833974e-04
2.191941391941391816e-04,1.000000000000000021e-03,0.000000000000000000e+00,0.000000000000000000e+00,2.304760666805065418e-04
2.241758241758241735e-04,-1.000000000000000021e-03,0.000000000000000000e+00,0.000000000000000000e+00,2.401355342004954613e-04
2.241758241758241735e-04,-7.500000000000000156e-04,0.000000000000000000e+00,0.000000000000000000e+00,2.377978901488415865e-04
2.241758241758241735e-04,-5.000000000000000104e-04,0.000000000000000000e+00,0.000000000000000000e+00,2.362049129066104718e-04
2.241758241758241735e-04,-2.500000000000000052e-04,0.000000000000000000e+00,0.000000000000000000e+00,2.351625159876926459e-04
2.241758241758241735e-04,0.000000000000000000e+00,0.000000000000000000e+00,0.000000000000000000e+00,2.344819525331635446e-04
2.241758241758241735e-04,2.500000000000000052e-04,0.000000000000000000e+00,0.000000000000000000e+00,2.340406964169172461e-04
2.241758241758241735e-04,5.000000000000000104e-04,0.000000000000000000e+00,0.000000000000000000e+00,2.337613657019492193e-04
2.241758241758241735e-04,7.500000000000000156e-04,0.000000000000000000e+00,0.000000000000000000e+00,2.335923580643123267e-04
2.241758241758241735e-04,1.000000000000000021e-03,0.000000000000000000e+00,0.000000000000000000e+00,2.334854684975050507e-04
2.291575091575091382e-04,-1.000000000000000021e-03,0.000000000000000000e+00,0.000000000000000000e+00,2.426346216142837909e-04
2.291575091575091382e-04,-7.500000000000000156e-04,0.000000000000000000e+00,0.000000000000000000e+00,2.404136697643846632e-04
2.291575091575091382e-04,-5.000000000000000104e-04,0.000000000000000000e+00,0.000000000000000000e+00,2.388995730405747535e-04
2.291575091575091382e-04,-2.500000000000000052e-04,0.000000000000000000e+00,0.000000000000000000e+00,2.379078238958283085e-04
2.291575091575091382e-04,0.000000000000000000e+00,0.000000000000000000e+00,0.000000000000000000e+00,2.372591390042566725e-04
2.291575091575091382e-04,2.500000000000000052e-04,0.000000000000000000e+00,0.000000000000000000e+00,2.368372916928048074e-04
2.291575091575091382e-04,5.000000000000000104e-04,0.000000000000000000e+00,0.000000000000000000e+00,2.365690654442676041e-04
2.291575091575091382e-04,7.500000000000000156e-04,0.000000000000000000e+00,0.000000000000000000e+00,2.364059393019321304e-04
2.291575091575091382e-04,1.000000000000000021e-03,0.000000000000000000e+00,0.000000000000000000e+00,2.363023430461181251e-04
2.341391941391941301e-04,-1.000000000000000021e-03,0.000000000000000000e+00,0.000000000000000000e+00,2.454317989101199729e-04
2.341391941391941301e-04,-7.500000000000000156e-04,0.000000000000000000e+00,0.000000000000000000e+00,2.431975452422773898e-04
2.341391941391941301e-04,-5.000000000000000104e-04,0.000000000000000000e+00,0.000000000000000000e+00,2.416746991447035471e-04
2.341391941391941301e-04,-2.500000000000000052e-04,0.000000000000000000e+00,0.000000000000000000e+00,2.406772464158239298e-04
2.341391941391941301e-04,0.000000000000000000e+00,0.000000000000000000e+00,0.000000000000000000e+00,2.400246916028022672e-04
2.341391941391941301e-04,2.500000000000000052e-04,0.000000000000000000e+00,0.000000000000000000e+00,2.396006556151884911e-04
2.341391941391941301e-04,5.000000000000000104e-04,0.000000000000000000e+00,0.000000000000000000e+00,2.393311513837939716e-04
2.341391941391941301e-04,7.500000000000000156e-04,0.000000000000000000e+00,0.000000000000000000e+00,2.391670369223032773e-04
2.341391941391941301e-04,1.000000000000000021e-03,0.000000000000000000e+00,0.000000000000000000e+00,2.390637777317391154e-04
2.391208791208791220e-04,-1.000000000000000021e-03,0.000000000000000000e+00,0.000000000000000000e+00,2.479268972997546649e-04
2.391208791208791220e-04,-7.500000000000000156e-04,0.000000000000000000e+00,0.000000000000000000e+00,2.457982292385716815e-04
2.391208791208791220e-04,-5.000000000000000104e-04,0.000000000000000000e+00,0.000000000000000000e+00,2.443471903726774849e-04
2.391208791208791220e-04,-2.500000000000000052e-04,0.000000000000000000e+00,0.000000000000000000e+00,2.433970688297448965e-04
2.391208791208791220e-04,0.000000000000000000e+00,0.000000000000000000e+00,0.000000000000000000e+00,2.427761263609272771e-04
2.391208791208791220e-04,2.500000000000000052e-04,0.000000000000000000e+00,0.000000000000000000e+00,2.423727416248010159e-04
2.391208791208791220e-04,5.000000000000000104e-04,0.000000000000000000e+00,0.000000000000000000e+00,2.421166033983060764e-04
2.391208791208791220e-04,7.500000000000000156e-04,0.000000000000000000e+00,0.000000000000000000e+00,2.419610235574095594e-04
2.391208791208791220e-04,1.000000000000000021e-03,0.000000000000000000e+00,0.000000000000000000e+00,2.418616770282780654e-04
2.441025641025640867e-04,-1.000000000000000021e-03,0.000000000000000000e+00,0.000000000000000000e+00,2.501992952584213307e-04
2.441025641025640867e-04,-7.500000000000000156e-04,0.000000000000000000e+00,0.000000000000000000e+00,2.481729764543682713e-04
2.441025641025640867e-04,-5.000000000000000104e-04,0.000000000000000000e+00,0.000000000000000000e+00,2.467921081413159616e-04
2.441025641025640867e-04,-2.500000000000000052e-04,0.000000000000000000e+00,0.000000000000000000e+00,2.458880317033528213e-04
2.441025641025640867e-04,0.000000000000000000e+00,0.000000000000000000e+00,0.000000000000000000e+00,2.452968198364247044e-04
2.441025641025640867e-04,2.500000000000000052e-04,0.000000000000000000e+00,0.000000000000000000e+00,2.449122780253824090e-04
2.441025641025640867e-04,5.000000000000000104e-04,0.000000000000000000e+00,0.000000000000000000e+00,2.446673661660788020e-04
2.441025641025640867e-04,7.500000000000000156e-04,0.000000000000000000e+00,0.000000000000000000e+00,2.445176493918328731e-04
2.441025641025640867e-04,1.000000000000000021e-03,0.000000000000000000e+00,0.000000000000000000e+00,2.444213517835064960e-04
2.490842490842490515e-04,-1.000000000000000021e-03,0.000000000000000000e+00,0.000000000000000000e+00,2.526964174000685096e-04
2.490842490842490515e-04,-7.500000000000000156e-04,0.000000000000000000e+00,0.000000000000000000e+00,2.506572940580112266e-04
2.490842490842490515e-04,-5.000000000000000104e-04,0.000000000000000000e+00,0.000000000000000000e+00,2.492666398453466229e-04
2.490842490842490515e-04,-2.500000000000000052e-04,0.000000000000000000e+00,0.000000000000000000e+00,2.483547548942426574e-04
2.490842490842490515e-04,0.000000000000000000e+00,0.000000000000000000e+00,0.000000000000000000e+00,2.477571281462179545e-04
2.490842490842490515e-04,2.500000000000000052e-04,0.000000000000000000e+00,0.000000000000000000e+00,2.473676908897805716e-04
2.490842490842490515e-04,5.000000000000000104e-04,0.000000000000000000e+00,0.000000000000000000e+00,2.471192165835353030e-04
2.490842490842490515e-04,7.500000000000000156e-04,0.000000000000000000e+00,0.000000000000000000e+00,2.469671362577584490e-04
2.490842490842490515e-04,1.000000000000000021e-03,0.000000000000000000e+00,0.000000000000000000e+00,2.468709756883648450e-04
2.540659340659340705e-04,-1.000000000000000021e-03,0.000000000000000000e+00,0.000000000000000000e+00,2.550413248215093842e-04
2.540659340659340705e-04,-7.500000000000000156e-04,0.000000000000000000e+00,0.000000000000000000e+00,2.530734376374885663e-04
2.540659340659340705e-04,-5.000000000000000104e-04,0.000000000000000000e+00,0.000000000000000000e+00,2.517329982759884113e-04
2.540659340659340705e-04,-2.500000000000000052e-04,0.000000000000000000e+00,0.000000000000000000e+00,2.508563767960376068e-04
2.540659340659340705e-04,0.000000000000000000e+00,0.000000000000000000e+00,0.000000000000000000e+00,2.502843805995813424e-04
2.540659340659340705e-04,2.500000000000000052e-04,0.000000000000000000e+00,0.000000000000000000e+00,2.499134191532655265e-04
2.540659340659340705e-04,5.000000000000000104e-04,0.000000000000000000e+00,0.000000000000000000e+00,2.496781094212186447e-04
2.540659340659340705e-04,7.500000000000000156e-04,0.000000000000000000e+00,0.000000000000000000e+00,2.495348751855366583e-04
2.540659340659340705e-04,1.000000000000000021e-03,0.000000000000000000e+00,0.000000000000000000e+00,2.494425138230819570e-04
2.590476190476190353e-04,-1.000000000000000021e-03,0.000000000000000000e+00,0.000000000000000000e+00,2.573445801271524876e-04
2.590476190476190353e-04,-7.500000000000000156e-04,0.000000000000000000e+00,0.000000000000000000e+00,2.554474064523179380e-04
2.590476190476190353e-04,-5.000000000000000104e-04,0.000000000000000000e+00,0.000000000000000000e+00,2.541536799308730696e-04
2.590476190476190353e-04,-2.500000000000000052e-04,0.000000000000000000e+00,0.000000000000000000e+00,2.533057070915843418e-04
2.590476190476190353e-04,0.000000000000000000e+00,0.000000000000000000e+00,0.000000000000000000e+00,2.527502337533411099e-04
2.590476190476190353e-04,2.500000000000000052e-04,0.000000000000000000e+00,0.000000000000000000e+00,2.523881804641427444e-04
2.590476190476190353e-04,5.000000000000000104e-04,0.000000000000000000e+00,0.000000000000000000e+00,2.521568896251831070e-04
2.590476190476190353e-04,7.500000000000000156e-04,0.000000000000000000e+00,0.000000000000000000e+00,2.520150981128599778e-04
2.590476190476190353e-04,1.000000000000000021e-03,0.000000000000000000e+00,0.000000000000000000e+00,2.519239736417948805e-04
2.640293040293040000e-04,-1.000000000000000021e-03,0.000000000000000000e+00,0.000000000000000000e+00,2.596054752934175711e-04
2.640293040293040000e-04,-7.500000000000000156e-04,0.000000000000000000e+00,0.000000000000000000e+00,2.577498622566155428e-04
2.640293040293040000e-04,-5.000000000000000104e-04,0.000000000000000000e+00,0.000000000000000000e+00,2.564854654572870608e-04
2.640293040293040000e-04,-2.500000000000000052e-04,0.000000000000000000e+00,0.000000000000000000e+00,2.556574859569529096e-04
2.640293040293040000e-04,0.000000000000000000e+00,0.000000000000000000e+00,0.000000000000000000e+00,2.551159105621684034e-04
2.640293040293040000e-04,2.500000000000000052e-04,0.000000000000000000e+00,0.000000000000000000e+00,2.547635780822337477e-04
2.640293040293040000e-04,5.000000000000000104e-04,0.000000000000000000e+00,0.000000000000000000e+00,2.545388328608510944e-04
2.640293040293040000e-04,7.500000000000000156e-04,0.000000000000000000e+00,0.000000000000000000e+00,2.544006876810675304e-04
2.640293040293040000e-04,1.000000000000000021e-03,0.000000000000000000e+00,0.000000000000000000e+00,2.543115288098251508e-04
2.690109890109890190e-04,-1.000000000000000021e-03,0.000000000000000000e+00,0.000000000000000000e+00,2.615217854560472274e-04
2.690109890109890190e-04,-7.500000000000000156e-04,0.000000000000000000e+00,0.000000000000000000e+00,2.597634143061770253e-04
2.690109890109890190e-04,-5.000000000000000104e-04,0.000000000000000000e+00,0.000000000000000000e+00,2.585649728216688967e-04
2.690109890109890190e-04,-2.500000000000000052e-04,0.000000000000000000e+00,0.000000000000000000e+00,2.577802224389181304e-04
2.690109890109890190e-04,0.000000000000000000e+00,0.000000000000000000e+00,0.000000000000000000e+00,2.572669182450338559e-04
2.690109890109890190e-04,2.500000000000000052e-04,0.000000000000000000e+00,0.000000000000000000e+00,2.569327102482312939e-04
2.690109890109890190e-04,5.000000000000000104e-04,0.000000000000000000e+00,0.000000000000000000e+00,2.567194309942284042e-04
2.690109890109890190e-04,7.500000000000000156e-04,0.000000000000000000e+00,0.000000000000000000e+00,2.565882236670999003e-04
2.690109890109890190e-04,1.000000000000000021e-03,0.000000000000000000e+00,0.000000000000000000e+00,2.565026611389750332e-04
2.739926739926739838e-04,-1.000000000000000021e-03,0.000000000000000000e+00,0.000000000000000000e+00,2.631059177239988681e-04
2.739926739926739838e-04,-7.500000000000000156e-04,0.000000000000000000e+00,0.000000000000000000e+00,2.614686042283524627e-04
2.739926739926739838e-04,-5.000000000000000104e-04,0.000000000000000000e+00,0.000000000000000000e+00,2.603527320265044531e-04
2.739926739926739838e-04,-2.500000000000000052e-04,0.000000000000000000e+00,0.000000000000000000e+00,2.596219300763148740e-04
2.739926739926739838e-04,0.000000000000000000e+00,0.000000000000000000e+00,0.000000000000000000e+00,2.591433822186397498e-04
2.739926739926739838e-04,2.500000000000000052e-04,0.000000000000000000e+00,0.000000000000000000e+00,2.588311929373464403e-04
2.739926739926739838e-04,5.000000000000000104e-04,0.000000000000000000e+00,0.000000000000000000e+00,2.586311867759253985e-04
2.739926739926739838e-04,7.500000000000000156e-04,0.000000000000000000e+00,0.000000000000000000e+00,2.585074084712525328e-04
2.739926739926739838e-04,1.000000000000000021e-03,0.000000000000000000e+00,0.000000000000000000e+00,2.584260453891178339e-04
2.789743589743589485e-04,-1.000000000000000021e-03,0.000000000000000000e+00,0.000000000000000000e+00,2.651845527907989897e-04
2.789743589743589485e-04,-7.500000000000000156e-04,0.000000000000000000e+00,0.000000000000000000e+00,2.634981988715274582e-04
2.789743589743589485e-04,-5.000000000000000104e-04,0.000000000000000000e+00,0.000000000000000000e+00,2.623479518795225921e-04
2.789743589743589485e-04,-2.500000000000000052e-04,0.000000000000000000e+00,0.000000000000000000e+00,2.615932068612045582e-04
2.789743589743589485e-04,0.000000000000000000e+00,0.000000000000000000e+00,0.000000000000000000e+00,2.610978812069278052e-04
2.789743589743589485e-04,2.500000000000000052e-04,0.000000000000000000e+00,0.000000000000000000e+00,2.607742089608046810e-04
2.789743589743589485e-04,5.000000000000000104e-04,0.000000000000000000e+00,0.000000000000000000e+00,2.605664587441501958e-04
2.789743589743589485e-04,7.500000000000000156e-04,0.000000000000000000e+00,0.000000000000000000e+00,2.604378800427639500e-04
2.789743589743589485e-04,1.000000000000000021e-03,0.000000000000000000e+00,0.000000000000000000e+00,2.603557741316340503e-04
2.839560439560439675e-04,-1.000000000000000021e-03,0.000000000000000000e+00,0.000000000000000000e+00,2.672239889073588053e-04
2.839560439560439675e-04,-7.500000000000000156e-04,0.000000000000000000e+00,0.000000000000000000e+00,2.655940522740500706e-04
2.839560439560439675e-04,-5.000000000000000104e-04,0.000000000000000000e+00,0.000000000000000000e+00,2.644841024256603442e-04
2.839560439560439675e-04,-2.500000000000000052e-04,0.000000000000000000e+00,0.000000000000000000e+00,2.637586027343887711e-04
2.839560439560439675e-04,0.000000000000000000e+00,0.000000000000000000e+00,0.000000000000000000e+00,2.632850768215818488e-04
2.839560439560439675e-04,2.500000000000000052e-04,0.000000000000000000e+00,0.000000000000000000e+00,2.629774084377640921e-04
2.839560439560439675e-04,5.000000000000000104e-04,0.000000000000000000e+00,0.000000000000000000e+00,2.627816004883043346e-04
2.839560439560439675e-04,7.500000000000000156e-04,0.000000000000000000e+00,0.000000000000000000e+00,2.626612199549605204e-04
2.839560439560439675e-04,1.000000000000000021e-03,0.000000000000000000e+00,0.000000000000000000e+00,2.625822740814525488e-04
2.889377289377289323e-04,-1.000000000000000021e-03,0.000000000000000000e+00,0.000000000000000000e+00,2.694240134984005725e-04
2.889377289377289323e-04,-7.500000000000000156e-04,0.000000000000000000e+00,0.000000000000000000e+00,2.678082306630451097e-04
2.889377289377289323e-04,-5.000000000000000104e-04,0.000000000000000000e+00,0.000000000000000000e+00,2.667063184655734287e-04
2.889377289377289323e-04,-2.500000000000000052e-04,0.000000000000000000e+00,0.000000000000000000e+00,2.659837433186864057e-04
2.889377289377289323e-04,0.000000000000000000e+00,0.000000000000000000e+00,0.000000000000000000e+00,2.655099965341864779e-04
2.889377289377289323e-04,2.500000000000000052e-04,0.000000000000000000e+00,0.000000000000000000e+00,2.652006944686292997e-04
2.889377289377289323e-04,5.000000000000000104e-04,0.000000000000000000e+00,0.000000000000000000e+00,2.650023896613746405e-04
2.889377289377289323e-04,7.500000000000000156e-04,0.000000000000000000e+00,0.000000000000000000e+00,2.648798932252451077e-04
2.889377289377289323e-04,1.000000000000000021e-03,0.000000000000000000e+00,0.000000000000000000e+00,2.648003082955321550e-04
2.939194139194138970e-04,-1.000000000000000021e-03,0.000000000000000000e+00,0.000000000000000000e+00,2.717072158671712985e-04
2.939194139194138970e-04,-7.500000000000000156e-04,0.000000000000000000e+00,0.000000000000000000e+00,2.700782806611793947e-04
2.939194139194138970e-04,-5.000000000000000104e-04,0.000000000000000000e+00,0.000000000000000000e+00,2.689682136253512585e-04
2.939194139194138970e-04,-2.500000000000000052e-04,0.000000000000000000e+00,0.000000000000000000e+00,2.682411185061892456e-04
2.939194139194138970e-04,0.000000000000000000e+00,0.000000000000000000e+00,0.000000000000000000e+00,2.677653057622491738e-04
2.939194139194138970e-04,2.500000000000000052e-04,0.000000000000000000e+00,0.000000000000000000e+00,2.674551278102403574e-04
2.939194139194138970e-04,5.000000000000000104e-04,0.000000000000000000e+00,0.000000000000000000e+00,2.672566004264961240e-04
2.939194139194138970e-04,7.500000000000000156e-04,0.000000000000000000e+00,0.000000000000000000e+00,2.671340902147720481e-04
2.939194139194138970e-04,1.000000000000000021e-03,0.000000000000000000e+00,0.000000000000000000e+00,2.670544739542399714e-04
2.989010989010988618e-04,-1.000000000000000021e-03,0.000000000000000000e+00,0.000000000000000000e+00,2.735184291660133207e-04
2.989010989010988618e-04,-7.500000000000000156e-04,0.000000000000000000e+00,0.000000000000000000e+00,2.719790005583237248e-04
2.989010989010988618e-04,-5.000000000000000104e-04,0.000000000000000000e+00,0.000000000000000000e+00,2.709308258939945339e-04
2.989010989010988618e-04,-2.500000000000000052e-04,0.000000000000000000e+00,0.000000000000000000e+00,2.702454366841124393e-04
2.989010989010988618e-04,0.000000000000000000e+00,0.000000000000000000e+00,0.000000000000000000e+00,2.697978498576527359e-04
2.989010989010988618e-04,2.500000000000000052e-04,0.000000000000000000e+00,0.000000000000000000e+00,2.695068476305133363e-04
2.989010989010988618e-04,5.000000000000000104e-04,0.000000000000000000e+00,0.000000000000000000e+00,2.693212829546525930e-04
2.989010989010988618e-04,7.500000000000000156e-04,0.000000000000000000e+00,0.000000000000000000e+00,2.692065286881468881e-04
2.989010989010988618e-04,1.000000000000000021e-03,0.000000000000000000e+00,0.000000000000000000e+00,2.691301721213896440e-04
3.038827838827838808e-04,-1.000000000000000021e-03,0.000000000000000000e+00,0.000000000000000000e+00,2.748427109872383445e-04
3.038827838827838808e-04,-7.500000000000000156e-04,0.000000000000000000e+00,0.000000000000000000e+00,2.734328396322581911e-04
3.038827838827838808e-04,-5.000000000000000104e-04,0.000000000000000000e+00,0.000000000000000000e+00,2.724714766135055396e-04
3.038827838827838808e-04,-2.500000000000000052e-04,0.000000000000000000e+00,0.000000000000000000e+00,2.718409535565027195e-04
3.038827838827838808e-04,0.000000000000000000e+00,0.000000000000000000e+00,0.000000000000000000e+00,2.714271575264678646e-04
3.038827838827838808e-04,2.500000000000000052e-04,0.000000000000000000e+00,0.000000000000000000e+00,2.711562283224970213e-04
3.038827838827838808e-04,5.000000000000000104e-04,0.000000000000000000e+00,0.000000000000000000e+00,2.709815575663192320e-04
3.038827838827838808e-04,7.500000000000000156e-04,0.000000000000000000e+00,0.000000000000000000e+00,2.708722001615247428e-04
3.038827838827838808e-04,1.000000000000000021e-03,0.000000000000000000e+00,0.000000000000000000e+00,2.707991929802614980e-04
3.088644688644688456e-04,-1.000000000000000021e-03,0.000000000000000000e+00,0.000000000000000000e+00,2.760782627002475909e-04
3.088644688644688456e-04,-7.500000000000000156e-04,0.000000000000000000e+00,0.000000000000000000e+00,2.747228754098449588e-04
3.088644688644688456e-04,-5.000000000000000104e-04,0.000000000000000000e+00,0.000000000000000000e+00,2.737992147495028742e-04
3.088644688644688456e-04,-2.500000000000000052e-04,0.000000000000000000e+00,0.000000000000000000e+00,2.731936954502511231e-04
3.088644688644688456e-04,0.000000000000000000e+00,0.000000000000000000e+00,0.000000000000000000e+00,2.727968641793489658e-04
3.088644688644688456e-04,2.500000000000000052e-04,0.000000000000000000e+00,0.000000000000000000e+00,2.725373125634347662e-04
3.088644688644688456e-04,5.000000000000000104e-04,0.000000000000000000e+00,0.000000000000000000e+00,2.723698909188094911e-04
3.088644688644688456e-04,7.500000000000000156e-04,0.000000000000000000e+00,0.000000000000000000e+00,2.722650576704632361e-04
3.088644688644688456e-04,1.000000000000000021e-03,0.000000000000000000e+00,0.000000000000000000e+00,2.721951323044832652e-04
3.138461538461538103e-04,-1.000000000000000021e-03,0.000000000000000000e+00,0.000000000000000000e+00,2.771051696190292551e-04
3.138461538461538103e-04,-7.500000000000000156e-04,0.000000000000000000e+00,0.000000000000000000e+00,2.758410017736305357e-04
3.138461538461538103e-04,-5.000000000000000104e-04,0.000000000000000000e+00,0.000000000000000000e+00,2.749795563234576899e-04
3.138461538461538103e-04,-2.500000000000000052e-04,0.000000000000000000e+00,0.000000000000000000e+00,2.744153692858025879e-04
3.138461538461538103e-04,0.000000000000000000e+00,0.000000000000000000e+00,0.000000000000000000e+00,2.740456235255305743e-04
3.138461538461538103e-04,2.500000000000000052e-04,0.000000000000000000e+00,0.000000000000000000e+00,2.738037017387674439e-04
3.138461538461538103e-04,5.000000000000000104e-04,0.000000000000000000e+00,0.000000000000000000e+00,2.736478630953790929e-04
3.138461538461538103e-04,7.500000000000000156e-04,0.000000000000000000e+00,0.000000000000000000e+00,2.735500784639824444e-04
3.138461538461538103e-04,1.000000000000000021e-03,0.000000000000000000e+00,0.000000000000000000e+00,2.734841474530105756e-04
3.188278388278388293e-04,-1.000000000000000021e-03,0.000000000000000000e+00,0.000000000000000000e+00,2.780861200577750621e-04
3.188278388278388293e-04,-7.500000000000000156e-04,0.000000000000000000e+00,0.000000000000000000e+00,2.769176771194809873e-04
3.188278388278388293e-04,-5.000000000000000104e-04,0.000000000000000000e+00,0.000000000000000000e+00,2.761214292393690864e-04
3.188278388278388293e-04,-2.500000000000000052e-04,0.000000000000000000e+00,0.000000000000000000e+00,2.755996457036384139e-04
3.188278388278388293e-04,0.000000000000000000e+00,0.000000000000000000e+00,0.000000000000000000e+00,2.752573896942227976e-04
3.188278388278388293e-04,2.500000000000000052e-04,0.000000000000000000e+00,0.000000000000000000e+00,2.750333242585172207e-04
3.188278388278388293e-04,5.000000000000000104e-04,0.000000000000000000e+00,0.000000000000000000e+00,2.748884746147808953e-04
3.188278388278388293e-04,7.500000000000000156e-04,0.000000000000000000e+00,0.000000000000000000e+00,2.747970587378180678e-04
3.188278388278388293e-04,1.000000000000000021e-03,0.000000000000000000e+00,0.000000000000000000e+00,2.747349549271114002e-04
3.238095238095237941e-04,-1.000000000000000021e-03,0.000000000000000000e+00,0.000000000000000000e+00,2.796512357497324625e-04
3.238095238095237941e-04,-7.500000000000000156e-04,0.000000000000000000e+00,0.000000000000000000e+00,2.784556302075003780e-04
3.238095238095237941e-04,-5.000000000000000104e-04,0.000000000000000000e+00,0.000000000000000000e+00,2.776399048830145906e-04
3.238095238095237941e-04,-2.500000000000000052e-04,0.000000000000000000e+00,0.000000000000000000e+00,2.771041208987613477e-04
3.238095238095237941e-04,0.000000000000000000e+00,0.000000000000000000e+00,0.000000000000000000e+00,2.767518424797174386e-04
3.238095238095237941e-04,2.500000000000000052e-04,0.000000000000000000e+00,0.000000000000000000e+00,2.765204704157502870e-04
3.238095238095237941e-04,5.000000000000000104e-04,0.000000000000000000e+00,0.000000000000000000e+00,2.763703806514050481e-04
3.238095238095237941e-04,7.500000000000000156e-04,0.000000000000000000e+00,0.000000000000000000e+00,2.762760266157823818e-04
3.238095238095237941e-04,1.000000000000000021e-03,0.000000000000000000e+00,0.000000000000000000e+00,2.762137162925426201e-04
3.287912087912087588e-04,-1.000000000000000021e-03,0.000000000000000000e+00,0.000000000000000000e+00,2.812849186798483119e-04
3.287912087912087588e-04,-7.500000000000000156e-04,0.000000000000000000e+00,0.000000000000000000e+00,2.801393171571781200e-04
3.287912087912087588e-04,-5.000000000000000104e-04,0.000000000000000000e+00,0.000000000000000000e+00,2.793602852076329914e-04
3.287912087912087588e-04,-2.500000000000000052e-04,0.000000000000000000e+00,0.000000000000000000e+00,2.788517183105237367e-04
3.287912087912087588e-04,0.000000000000000000e+00,0.000000000000000000e+00,0.000000000000000000e+00,2.785197088390428764e-04
3.287912087912087588e-04,2.500000000000000052e-04,0.000000000000000000e+00,0.000000000000000000e+00,2.783033973416159171e-04
3.287912087912087588e-04,5.000000000000000104e-04,0.000000000000000000e+00,0.000000000000000000e+00,2.781645791562247297e-04
3.287912087912087588e-04,7.500000000000000156e-04,0.000000000000000000e+00,0.000000000000000000e+00,2.780772160136258243e-04
3.287912087912087588e-04,1.000000000000000021e-03,0.000000000000000000e+00,0.000000000000000000e+00,2.780170335570422680e-04
3.337728937728937778e-04,-1.000000000000000021e-03,0.000000000000000000e+00,0.000000000000000000e+00,2.831179462545455245e-04
3.337728937728937778e-04,-7.500000000000000156e-04,0.000000000000000000e+00,0.000000000000000000e+00,2.819422172827596340e-04
3.337728937728937778e-04,-5.000000000000000104e-04,0.000000000000000000e+00,0.000000000000000000e+00,2.811394107384930963e-04
3.337728937728937778e-04,-2.500000000000000052e-04,0.000000000000000000e+00,0.000000000000000000e+00,2.806116947833985661e-04
3.337728937728937778e-04,0.000000000000000000e+00,0.000000000000000000e+00,0.000000000000000000e+00,2.802644689602274341e-04
3.337728937728937778e-04,2.500000000000000052e-04,0.000000000000000000e+00,0.000000000000000000e+00,2.800364079738773375e-04
3.337728937728937778e-04,5.000000000000000104e-04,0.000000000000000000e+00,0.000000000000000000e+00,2.798885498087487142e-04
3.337728937728937778e-04,7.500000000000000156e-04,0.000000000000000000e+00,0.000000000000000000e+00,2.797955545065553104e-04
3.337728937728937778e-04,1.000000000000000021e-03,0.000000000000000000e+00,0.000000000000000000e+00,2.797338268318265843e-04
3.387545787545787426e-04,-1.000000000000000021e-03,0.000000000000000000e+00,0.000000000000000000e+00,2.852923093334824183e-04
3.387545787545787426e-04,-7.500000000000000156e-04,0.000000000000000000e+00,0.000000000000000000e+00,2.840214592052149470e-04
3.387545787545787426e-04,-5.000000000000000104e-04,0.000000000000000000e+00,0.000000000000000000e+00,2.831560087563974736e-04
3.387545787545787426e-04,-2.500000000000000052e-04,0.000000000000000000e+00,0.000000000000000000e+00,2.825895090223837333e-04
3.387545787545787426e-04,0.000000000000000000e+00,0.000000000000000000e+00,0.000000000000000000e+00,2.822189312255525486e-04
3.387545787545787426e-04,2.500000000000000052e-04,0.000000000000000000e+00,0.000000000000000000e+00,2.819769607057388372e-04
3.387545787545787426e-04,5.000000000000000104e-04,0.000000000000000000e+00,0.000000000000000000e+00,2.818214995637900993e-04
3.387545787545787426e-04,7.500000000000000156e-04,0.000000000000000000e+00,0.000000000000000000e+00,2.817247387782463304e-04
3.387545787545787426e-04,1.000000000000000021e-03,0.000000000000000000e+00,0.000000000000000000e+00,2.816608463278487146e-04
3.437362637362637073e-04,-1.000000000000000021e-03,0.000000000000000000e+00,0.000000000000000000e+00,2.874256406393812862e-04
3.437362637362637073e-04,-7.500000000000000156e-04,0.000000000000000000e+00,0.000000000000000000e+00,2.861156482648896117e-04
3.437362637362637073e-04,-5.000000000000000104e-04,0.000000000000000000e+00,0.000000000000000000e+00,2.852232911637722136e-04
3.437362637362637073e-04,-2.500000000000000052e-04,0.000000000000000000e+00,0.000000000000000000e+00,2.846393419591351586e-04
3.437362637362637073e-04,0.000000000000000000e+00,0.000000000000000000e+00,0.000000000000000000e+00,2.842575635834393563e-04
3.437362637362637073e-04,2.500000000000000052e-04,0.000000000000000000e+00,0.000000000000000000e+00,2.840090267506197291e-04
3.437362637362637073e-04,5.000000000000000104e-04,0.000000000000000000e+00,0.000000000000000000e+00,2.838503269486115639e-04
3.437362637362637073e-04,7.500000000000000156e-04,0.000000000000000000e+00,0.000000000000000000e+00,2.837518434833629635e-04
3.437362637362637073e-04,1.000000000000000021e-03,0.000000000000000000e+00,0.000000000000000000e+00,2.836865721992636188e-04
3.487179487179487263e-04,-1.000000000000000021e-03,0.000000000000000000e+00,0.000000000000000000e+00,2.892248575798981886e-04
3.487179487179487263e-04,-7.500000000000000156e-04,0.000000000000000000e+00,0.000000000000000000e+00,2.879455274784721510e-04
3.487179487179487263e-04,-5.000000000000000104e-04,0.000000000000000000e+00,0.000000000000000000e+00,2.870734187600193846e-04
3.487179487179487263e-04,-2.500000000000000052e-04,0.000000000000000000e+00,0.000000000000000000e+00,2.865018375555597246e-04
3.487179487179487263e-04,0.000000000000000000e+00,0.000000000000000000e+00,0.000000000000000000e+00,2.861272264232342269e-04
3.487179487179487263e-04,2.500000000000000052e-04,0.000000000000000000e+00,0.000000000000000000e+00,2.858823752271667730e-04
3.487179487179487263e-04,5.000000000000000104e-04,0.000000000000000000e+00,0.000000000000000000e+00,2.857249606986906340e-04
3.487179487179487263e-04,7.500000000000000156e-04,0.000000000000000000e+00,0.000000000000000000e+00,2.856266215119823747e-04
3.487179487179487263e-04,1.000000000000000021e-03,0.000000000000000000e+00,0.000000000000000000e+00,2.855612123269366713e-04
3.536996336996336911e-04,-1.000000000000000021e-03,0.000000000000000000e+00,0.000000000000000000e+00,2.909146415069662275e-04
3.536996336996336911e-04,-7.500000000000000156e-04,0.000000000000000000e+00,0.000000000000000000e+00,2.896362044606610921e-04
3.536996336996336911e-04,-5.000000000000000104e-04,0.000000000000000000e+00,0.000000000000000000e+00,2.887648290701068398e-04
3.536996336996336911e-04,-2.500000000000000052e-04,0.000000000000000000e+00,0.000000000000000000e+00,2.881938586669043545e-04
3.536996336996336911e-04,0.000000000000000000e+00,0.000000000000000000e+00,0.000000000000000000e+00,2.878199068277495325e-04
3.536996336996336911e-04,2.500000000000000052e-04,0.000000000000000000e+00,0.000000000000000000e+00,2.875755490176248028e-04
3.536996336996336911e-04,5.000000000000000104e-04,0.000000000000000000e+00,0.000000000000000000e+00,2.874182977129253352e-04
3.536996336996336911e-04,7.500000000000000156e-04,0.000000000000000000e+00,0.000000000000000000e+00,2.873202015173891271e-04
3.536996336996336911e-04,1.000000000000000021e-03,0.000000000000000000e+00,0.000000000000000000e+00,2.872550635640968978e-04
3.586813186813186559e-04,-1.000000000000000021e-03,0.000000000000000000e+00,0.000000000000000000e+00,2.918249599188866097e-04
3.586813186813186559e-04,-7.500000000000000156e-04,0.000000000000000000e+00,0.000000000000000000e+00,2.906921070044480009e-04
3.586813186813186559e-04,-5.000000000000000104e-04,0.000000000000000000e+00,0.000000000000000000e+00,2.899209950890006089e-04
3.586813186813186559e-04,-2.500000000000000052e-04,0.000000000000000000e+00,0.000000000000000000e+00,2.894167171002427611e-04
3.586813186813186559e-04,0.000000000000000000e+00,0.000000000000000000e+00,0.000000000000000000e+00,2.890864720545208827e-04
3.586813186813186559e-04,2.500000000000000052e-04,0.000000000000000000e+00,0.000000000000000000e+00,2.888706192674017257e-04
3.586813186813186559e-04,5.000000000000000104e-04,0.000000000000000000e+00,0.000000000000000000e+00,2.887314400181439076e-04
3.586813186813186559e-04,7.500000000000000156e-04,0.000000000000000000e+00,0.000000000000000000e+00,2.886432036311315365e-04
3.586813186813186559e-04,1.000000000000000021e-03,0.000000000000000000e+00,0.000000000000000000e+00,2.885821358947164962e-04
3.636630036630036206e-04,-1.000000000000000021e-03,0.000000000000000000e+00,0.000000000000000000e+00,2.920765386837891444e-04
3.636630036630036206e-04,-7.500000000000000156e-04,0.000000000000000000e+00,0.000000000000000000e+00,2.910977450412206478e-04
3.636630036630036206e-04,-5.000000000000000104e-04,0.000000000000000000e+00,0.000000000000000000e+00,2.904301501144188296e-04
3.636630036630036206e-04,-2.500000000000000052e-04,0.000000000000000000e+00,0.000000000000000000e+00,2.899918460256124906e-04
3.636630036630036206e-04,0.000000000000000000e+00,0.000000000000000000e+00,0.000000000000000000e+00,2.897034186220764983e-04
3.636630036630036206e-04,2.500000000000000052e-04,0.000000000000000000e+00,0.000000000000000000e+00,2.895136749977614385e-04
3.636630036630036206e-04,5.000000000000000104e-04,0.000000000000000000e+00,0.000000000000000000e+00,2.893898779106900848e-04
3.636630036630036206e-04,7.500000000000000156e-04,0.000000000000000000e+00,0.000000000000000000e+00,2.893104628898769616e-04
3.636630036630036206e-04,1.000000000000000021e-03,0.000000000000000000e+00,0.000000000000000000e+00,2.892550291143884526e-04
3.686446886446886396e-04,-1.000000000000000021e-03,0.000000000000000000e+00,0.000000000000000000e+00,2.922923967676920379e-04
3.686446886446886396e-04,-7.500000000000000156e-04,0.000000000000000000e+00,0.000000000000000000e+00,2.913852297523381561e-04
3.686446886446886396e-04,-5.000000000000000104e-04,0.000000000000000000e+00,0.000000000000000000e+00,2.907666621559610036e-04
3.686446886446886396e-04,-2.500000000000000052e-04,0.000000000000000000e+00,0.000000000000000000e+00,2.903606733871068497e-04
3.686446886446886396e-04,0.000000000000000000e+00,0.000000000000000000e+00,0.000000000000000000e+00,2.900934437369500187e-04
3.686446886446886396e-04,2.500000000000000052e-04,0.000000000000000000e+00,0.000000000000000000e+00,2.899170849890087194e-04
3.686446886446886396e-04,5.000000000000000104e-04,0.000000000000000000e+00,0.000000000000000000e+00,2.898015819566020614e-04
3.686446886446886396e-04,7.500000000000000156e-04,0.000000000000000000e+00,0.000000000000000000e+00,2.897273793414323838e-04
3.686446886446886396e-04,1.000000000000000021e-03,0.000000000000000000e+00,0.000000000000000000e+00,2.896758222983626826e-04
3.736263736263736044e-04,-1.000000000000000021e-03,0.000000000000000000e+00,0.000000000000000000e+00,2.922168722791535661e-04
3.736263736263736044e-04,-7.500000000000000156e-04,0.000000000000000000e+00,0.000000000000000000e+00,2.914476215147007243e-04
3.736263736263736044e-04,-5.000000000000000104e-04,0.000000000000000000e+00,0.000000000000000000e+00,2.909247774002884251e-04
3.736263736263736044e-04,-2.500000000000000052e-04,0.000000000000000000e+00,0.000000000000000000e+00,2.905834679679818763e-04
3.736263736263736044e-04,0.000000000000000000e+00,0.000000000000000000e+00,0.000000000000000000e+00,2.903600599827925281e-04
3.736263736263736044e-04,2.500000000000000052e-04,0.000000000000000000e+00,0.000000000000000000e+00,2.902135365154119529e-04
3.736263736263736044e-04,5.000000000000000104e-04,0.000000000000000000e+00,0.000000000000000000e+00,2.901178350284201084e-04
3.736263736263736044e-04,7.500000000000000156e-04,0.000000000000000000e+00,0.000000000000000000e+00,2.900551918905189372e-04
3.736263736263736044e-04,1.000000000000000021e-03,0.000000000000000000e+00,0.000000000000000000e+00,2.900095229872676227e-04
3.786080586080585691e-04,-1.000000000000000021e-03,0.000000000000000000e+00,0.000000000000000000e+00,2.923557714939690804e-04
3.786080586080585691e-04,-7.500000000000000156e-04,0.000000000000000000e+00,0.000000000000000000e+00,2.916623664152540821e-04
3.786080586080585691e-04,-5.000000000000000104e-04,0.000000000000000000e+00,0.000000000000000000e+00,2.911885021417785747e-04
3.786080586080585691e-04,-2.500000000000000052e-04,0.000000000000000000e+00,0.000000000000000000e+00,2.908761651965076486e-04
3.786080586080585691e-04,0.000000000000000000e+00,0.000000000000000000e+00,0.000000000000000000e+00,2.906694236604432258e-04
3.786080586080585691e-04,2.500000000000000052e-04,0.000000000000000000e+00,0.000000000000000000e+00,2.905318847058654388e-04
3.786080586080585691e-04,5.000000000000000104e-04,0.000000000000000000e+00,0.000000000000000000e+00,2.904406469218548891e-04
3.786080586080585691e-04,7.500000000000000156e-04,0.000000000000000000e+00,0.000000000000000000e+00,2.903808370145875449e-04
3.786080586080585691e-04,1.000000000000000021e-03,0.000000000000000000e+00,0.000000000000000000e+00,2.903383597163903661e-04
3.835897435897435881e-04,-1.000000000000000021e-03,0.000000000000000000e+00,0.000000000000000000e+00,2.930318487603235465e-04
3.835897435897435881e-04,-7.500000000000000156e-04,0.000000000000000000e+00,0.000000000000000000e+00,2.923477225773827323e-04
3.835897435897435881e-04,-5.000000000000000104e-04,0.000000000000000000e+00,0.000000000000000000e+00,2.918826610383332110e-04
3.835897435897435881e-04,-2.500000000000000052e-04,0.000000000000000000e+00,0.000000000000000000e+00,2.915787088637334106e-04
3.835897435897435881e-04,0.000000000000000000e+00,0.000000000000000000e+00,0.000000000000000000e+00,2.913794474832989809e-04
3.835897435897435881e-04,2.500000000000000052e-04,0.000000000000000000e+00,0.000000000000000000e+00,2.912480738621680914e-04
3.835897435897435881e-04,5.000000000000000104e-04,0.000000000000000000e+00,0.000000000000000000e+00,2.911617841265820919e-04
3.835897435897435881e-04,7.500000000000000156e-04,0.000000000000000000e+00,0.000000000000000000e+00,2.911053472180186045e-04
3.835897435897435881e-04,1.000000000000000021e-03,0.000000000000000000e+00,0.000000000000000000e+00,2.910648490401546466e-04
3.885714285714285529e-04,-1.000000000000000021e-03,0.000000000000000000e+00,0.000000000000000000e+00,2.939394117638412913e-04
3.885714285714285529e-04,-7.500000000000000156e-04,0.000000000000000000e+00,0.000000000000000000e+00,2.932969267394957636e-04
3.885714285714285529e-04,-5.000000000000000104e-04,0.000000000000000000e+00,0.000000000000000000e+00,2.928592431906187617e-04
3.885714285714285529e-04,-2.500000000000000052e-04,0.000000000000000000e+00,0.000000000000000000e+00,2.925722233415973899e-04
3.885714285714285529e-04,0.000000000000000000e+00,0.000000000000000000e+00,0.000000000000000000e+00,2.923831479730280456e-04
3.885714285714285529e-04,2.500000000000000052e-04,0.000000000000000000e+00,0.000000000000000000e+00,2.922581778831400681e-04
3.885714285714285529e-04,5.000000000000000104e-04,0.000000000000000000e+00,0.000000000000000000e+00,2.921756889266389763e-04
3.885714285714285529e-04,7.500000000000000156e-04,0.000000000000000000e+00,0.000000000000000000e+00,2.921212732879417055e-04
3.885714285714285529e-04,1.000000000000000021e-03,0.000000000000000000e+00,0.000000000000000000e+00,2.920817717955192291e-04
3.935531135531135176e-04,-1.000000000000000021e-03,0.000000000000000000e+00,0.000000000000000000e+00,2.949045407888390780e-04
3.935531135531135176e-04,-7.500000000000000156e-04,0.000000000000000000e+00,0.000000000000000000e+00,2.943257389225234413e-04
3.935531135531135176e-04,-5.000000000000000104e-04,0.000000000000000000e+00,0.000000000000000000e+00,2.939315795633316679e-04
3.935531135531135176e-04,-2.500000000000000052e-04,0.000000000000000000e+00,0.000000000000000000e+00,2.936730817839069497e-04
3.935531135531135176e-04,0.000000000000000000e+00,0.000000000000000000e+00,0.000000000000000000e+00,2.935025952740163415e-04
3.935531135531135176e-04,2.500000000000000052e-04,0.000000000000000000e+00,0.000000000000000000e+00,2.933893232420342330e-04
3.935531135531135176e-04,5.000000000000000104e-04,0.000000000000000000e+00,0.000000000000000000e+00,2.933139142885382859e-04
3.935531135531135176e-04,7.500000000000000156e-04,0.000000000000000000e+00,0.000000000000000000e+00,2.932632926471695598e-04
3.935531135531135176e-04,1.000000000000000021e-03,0.000000000000000000e+00,0.000000000000000000e+00,2.932255233354277130e-04
3.985347985347985366e-04,-1.000000000000000021e-03,0.000000000000000000e+00,0.000000000000000000e+00,2.962410957888214668e-04
3.985347985347985366e-04,-7.500000000000000156e-04,0.000000000000000000e+00,0.000000000000000000e+00,2.956251958050127096e-04
3.985347985347985366e-04,-5.000000000000000104e-04,0.000000000000000000e+00,0.000000000000000000e+00,2.952053308331734007e-04
3.985347985347985366e-04,-2.500000000000000052e-04,0.000000000000000000e+00,0.000000000000000000e+00,2.949294656157355103e-04
3.985347985347985366e-04,0.000000000000000000e+00,0.000000000000000000e+00,0.000000000000000000e+00,2.947473119288346929e-04
3.985347985347985366e-04,2.500000000000000052e-04,0.000000000000000000e+00,0.000000000000000000e+00,2.946261507344313194e-04
3.985347985347985366e-04,5.000000000000000104e-04,0.000000000000000000e+00,0.000000000000000000e+00,2.945458969530476492e-04
3.985347985347985366e-04,7.500000000000000156e-04,0.000000000000000000e+00,0.000000000000000000e+00,2.944931976301776318e-04
3.985347985347985366e-04,1.000000000000000021e-03,0.000000000000000000e+00,0.000000000000000000e+00,2.944548505406908122e-04
4.035164835164835014e-04,-1.000000000000000021e-03,0.000000000000000000e+00,0.000000000000000000e+00,2.973983195012759552e-04
4.035164835164835014e-04,-7.500000000000000156e-04,0.000000000000000000e+00,0.000000000000000000e+00,2.968343561917195631e-04
4.035164835164835014e-04,-5.000000000000000104e-04,0.000000000000000000e+00,0.000000000000000000e+00,2.964510980860379200e-04
4.035164835164835014e-04,-2.500000000000000052e-04,0.000000000000000000e+00,0.000000000000000000e+00,2.962006514685875075e-04
4.035164835164835014e-04,0.000000000000000000e+00,0.000000000000000000e+00,0.000000000000000000e+00,2.960362001118188894e-04
4.035164835164835014e-04,2.500000000000000052e-04,0.000000000000000000e+00,0.000000000000000000e+00,2.959274665113643434e-04
4.035164835164835014e-04,5.000000000000000104e-04,0.000000000000000000e+00,0.000000000000000000e+00,2.958549199527199763e-04
4.035164835164835014e-04,7.500000000000000156e-04,0.000000000000000000e+00,0.000000000000000000e+00,2.958057008403960301e-04
4.035164835164835014e-04,1.000000000000000021e-03,0.000000000000000000e+00,0.000000000000000000e+00,2.957680992683321794e-04
4.084981684981684662e-04,-1.000000000000000021e-03,0.000000000000000000e+00,0.000000000000000000e+00,2.984542388328345576e-04
4.084981684981684662e-04,-7.500000000000000156e-04,0.000000000000000000e+00,0.000000000000000000e+00,2.978932177475303224e-04
4.084981684981684662e-04,-5.000000000000000104e-04,0.000000000000000000e+00,0.000000000000000000e+00,2.975101298720008651e-04
4.084981684981684662e-04,-2.500000000000000052e-04,0.000000000000000000e+00,0.000000000000000000e+00,2.972577753156499959e-04
4.084981684981684662e-04,0.000000000000000000e+00,0.000000000000000000e+00,0.000000000000000000e+00,2.970906162745011740e-04
4.084981684981684662e-04,2.500000000000000052e-04,0.000000000000000000e+00,0.000000000000000000e+00,2.969789166959651097e-04
4.084981684981684662e-04,5.000000000000000104e-04,0.000000000000000000e+00,0.000000000000000000e+00,2.969044913068622340e-04
4.084981684981684662e-04,7.500000000000000156e-04,0.000000000000000000e+00,0.000000000000000000e+00,2.968548519502702465e-04
4.084981684981684662e-04,1.000000000000000021e-03,0.000000000000000000e+00,0.000000000000000000e+00,2.968179068643478856e-04
4.134798534798534851e-04,-1.000000000000000021e-03,0.000000000000000000e+00,0.000000000000000000e+00,2.998572015931091754e-04
4.134798534798534851e-04,-7.500000000000000156e-04,0.000000000000000000e+00,0.000000000000000000e+00,2.992158117064742527e-04
4.134798534798534851e-04,-5.000000000000000104e-04,0.000000000000000000e+00,0.000000000000000000e+00,2.987795366412081353e-04
4.134798534798534851e-04,-2.500000000000000052e-04,0.000000000000000000e+00,0.000000000000000000e+00,2.984939681578343824e-04
4.134798534798534851e-04,0.000000000000000000e+00,0.000000000000000000e+00,0.000000000000000000e+00,2.983061692713284804e-04
4.134798534798534851e-04,2.500000000000000052e-04,0.000000000000000000e+00,0.000000000000000000e+00,2.981818474283638742e-04
4.134798534798534851e-04,5.000000000000000104e-04,0.000000000000000000e+00,0.000000000000000000e+00,2.980999652003951607e-04
4.134798534798534851e-04,7.500000000000000156e-04,0.000000000000000000e+00,0.000000000000000000e+00,2.980462380866167726e-04
4.134798534798534851e-04,1.000000000000000021e-03,0.000000000000000000e+00,0.000000000000000000e+00,2.980073653223252691e-04
4.184615384615384499e-04,-1.000000000000000021e-03,0.000000000000000000e+00,0.000000000000000000e+00,3.012549315977316685e-04
4.184615384615384499e-04,-7.500000000000000156e-04,0.000000000000000000e+00,0.000000000000000000e+00,3.005664137472776991e-04
4.184615384615384499e-04,-5.000000000000000104e-04,0.000000000000000000e+00,0.000000000000000000e+00,3.000974782697657882e-04
4.184615384615384499e-04,-2.500000000000000052e-04,0.000000000000000000e+00,0.000000000000000000e+00,2.997903275267528719e-04
4.184615384615384499e-04,0.000000000000000000e+00,0.000000000000000000e+00,0.000000000000000000e+00,2.995887157692668197e-04
4.184615384615384499e-04,2.500000000000000052e-04,0.000000000000000000e+00,0.000000000000000000e+00,2.994561132221213763e-04
4.184615384615384499e-04,5.000000000000000104e-04,0.000000000000000000e+00,0.000000000000000000e+00,2.993691454015765885e-04
4.184615384615384499e-04,7.500000000000000156e-04,0.000000000000000000e+00,0.000000000000000000e+00,2.993124332093560660e-04
4.184615384615384499e-04,1.000000000000000021e-03,0.000000000000000000e+00,0.000000000000000000e+00,2.992718700624717103e-04
4.234432234432234147e-04,-1.000000000000000021e-03,0.000000000000000000e+00,0.000000000000000000e+00,3.027350797469154455e-04
4.234432234432234147e-04,-7.500000000000000156e-04,0.000000000000000000e+00,0.000000000000000000e+00,3.019601772392379777e-04
4.234432234432234147e-04,-5.000000000000000104e-04,0.000000000000000000e+00,0.000000000000000000e+00,3.014315976235422954e-04
4.234432234432234147e-04,-2.500000000000000052e-04,0.000000000000000000e+00,0.000000000000000000e+00,3.010846010921506828e-04
4.234432234432234147e-04,0.000000000000000000e+00,0.000000000000000000e+00,0.000000000000000000e+00,3.008563792623156793e-04
4.234432234432234147e-04,2.500000000000000052e-04,0.000000000000000000e+00,0.000000000000000000e+00,3.007060650362555461e-04
4.234432234432234147e-04,5.000000000000000104e-04,0.000000000000000000e+00,0.000000000000000000e+00,3.006084055222326616e-04
4.234432234432234147e-04,7.500000000000000156e-04,0.000000000000000000e+00,0.000000000000000000e+00,3.005462411477785090e-04
4.234432234432234147e-04,1.000000000000000021e-03,0.000000000000000000e+00,0.000000000000000000e+00,3.005034837829031482e-04
4.284249084249083794e-04,-1.000000000000000021e-03,0.000000000000000000e+00,0.000000000000000000e+00,3.046541357263735680e-04
4.284249084249083794e-04,-7.500000000000000156e-04,0.000000000000000000e+00,0.000000000000000000e+00,3.037318910544143454e-04
4.284249084249083794e-04,-5.000000000000000104e-04,0.000000000000000000e+00,0.000000000000000000e+00,3.031041498378637456e-04
4.284249084249083794e-04,-2.500000000000000052e-04,0.000000000000000000e+00,0.000000000000000000e+00,3.026935065909325435e-04
4.284249084249083794e-04,0.000000000000000000e+00,0.000000000000000000e+00,0.000000000000000000e+00,3.024247971631859153e-04
4.284249084249083794e-04,2.500000000000000052e-04,0.000000000000000000e+00,0.000000000000000000e+00,3.022493553460651669e-04
4.284249084249083794e-04,5.000000000000000104e-04,0.000000000000000000e+00,0.000000000000000000e+00,3.021366166010275018e-04
4.284249084249083794e-04,7.500000000000000156e-04,0.000000000000000000e+00,0.000000000000000000e+00,3.020662517248928606e-04
4.284249084249083794e-04,1.000000000000000021e-03,0.000000000000000000e+00,0.000000000000000000e+00,3.020192486597236131e-04
4.334065934065933984e-04,-1.000000000000000021e-03,0.000000000000000000e+00,0.000000000000000000e+00,3.066153415171283159e-04
4.334065934065933984e-04,-7.500000000000000156e-04,0.000000000000000000e+00,0.000000000000000000e+00,3.055999982201552836e-04
4.334065934065933984e-04,-5.000000000000000104e-04,0.000000000000000000e+00,0.000000000000000000e+00,3.049077943468799260e-04
4.334065934065933984e-04,-2.500000000000000052e-04,0.000000000000000000e+00,0.000000000000000000e+00,3.044541020870613073e-04
4.334065934065933984e-04,0.000000000000000000e+00,0.000000000000000000e+00,0.000000000000000000e+00,3.041567146546765620e-04
4.334065934065933984e-04,2.500000000000000052e-04,0.000000000000000000e+00,0.000000000000000000e+00,3.039627057723494319e-04
4.334065934065933984e-04,5.000000000000000104e-04,0.000000000000000000e+00,0.000000000000000000e+00,3.038379881021765756e-04
4.334065934065933984e-04,7.500000000000000156e-04,0.000000000000000000e+00,0.000000000000000000e+00,3.037602248127321564e-04
4.334065934065933984e-04,1.000000000000000021e-03,0.000000000000000000e+00,0.000000000000000000e+00,3.037089869272152176e-04
4.383882783882783632e-04,-1.000000000000000021e-03,0.000000000000000000e+00,0.000000000000000000e+00,3.083992390931379200e-04
4.383882783882783632e-04,-7.500000000000000156e-04,0.000000000000000000e+00,0.000000000000000000e+00,3.073254098363476959e-04
4.383882783882783632e-04,-5.000000000000000104e-04,0.000000000000000000e+00,0.000000000000000000e+00,3.065935185463638038e-04
4.383882783882783632e-04,-2.500000000000000052e-04,0.000000000000000000e+00,0.000000000000000000e+00,3.061141170097170369e-04
4.383882783882783632e-04,0.000000000000000000e+00,0.000000000000000000e+00,0.000000000000000000e+00,3.058003062376450035e-04
4.383882783882783632e-04,2.500000000000000052e-04,0.000000000000000000e+00,0.000000000000000000e+00,3.055958089494139967e-04
4.383882783882783632e-04,5.000000000000000104e-04,0.000000000000000000e+00,0.000000000000000000e+00,3.054647288400540390e-04
4.383882783882783632e-04,7.500000000000000156e-04,0.000000000000000000e+00,0.000000000000000000e+00,3.053834022274564742e-04
4.383882783882783632e-04,1.000000000000000021e-03,0.000000000000000000e+00,0.000000000000000000e+00,3.053299851251586026e-04
4.433699633699633279e-04,-1.000000000000000021e-03,0.000000000000000000e+00,0.000000000000000000e+00,3.102605628569199002e-04
4.433699633699633279e-04,-7.500000000000000156e-04,0.000000000000000000e+00,0.000000000000000000e+00,3.090787699727920793e-04
4.433699633699633279e-04,-5.000000000000000104e-04,0.000000000000000000e+00,0.000000000000000000e+00,3.082732635814439646e-04
4.433699633699633279e-04,-2.500000000000000052e-04,0.000000000000000000e+00,0.000000000000000000e+00,3.077457287229136656e-04
4.433699633699633279e-04,0.000000000000000000e+00,0.000000000000000000e+00,0.000000000000000000e+00,3.074004432339769643e-04
4.433699633699633279e-04,2.500000000000000052e-04,0.000000000000000000e+00,0.000000000000000000e+00,3.071755335196868432e-04
4.433699633699633279e-04,5.000000000000000104e-04,0.000000000000000000e+00,0.000000000000000000e+00,3.070321514183333269e-04
4.433699633699633279e-04,7.500000000000000156e-04,0.000000000000000000e+00,0.000000000000000000e+00,3.069442508003571743e-04
4.433699633699633279e-04,1.000000000000000021e-03,0.000000000000000000e+00,0.000000000000000000e+00,3.068875443643388073e-04
4.483516483516483469e-04,-1.000000000000000021e-03,0.000000000000000000e+00,0.000000000000000000e+00,3.116080942616367470e-04
4.483516483516483469e-04,-7.500000000000000156e-04,0.000000000000000000e+00,0.000000000000000000e+00,3.104632755318612958e-04
4.483516483516483469e-04,-5.000000000000000104e-04,0.000000000000000000e+00,0.000000000000000000e+00,3.096830633130549359e-04
4.483516483516483469e-04,-2.500000000000000052e-04,0.000000000000000000e+00,0.000000000000000000e+00,3.091720295029686178e-04
4.483516483516483469e-04,0.000000000000000000e+00,0.000000000000000000e+00,0.000000000000000000e+00,3.088378513769817835e-04
4.483516483516483469e-04,2.500000000000000052e-04,0.000000000000000000e+00,0.000000000000000000e+00,3.086201580189503650e-04
4.483516483516483469e-04,5.000000000000000104e-04,0.000000000000000000e+00,0.000000000000000000e+00,3.084797866733750542e-04
4.483516483516483469e-04,7.500000000000000156e-04,0.000000000000000000e+00,0.000000000000000000e+00,3.083921802475219297e-04
4.483516483516483469e-04,1.000000000000000021e-03,0.000000000000000000e+00,0.000000000000000000e+00,3.083348087052889389e-04
4.533333333333333117e-04,-1.000000000000000021e-03,0.000000000000000000e+00,0.000000000000000000e+00,3.124564442339241872e-04
4.533333333333333117e-04,-7.500000000000000156e-04,0.000000000000000000e+00,0.000000000000000000e+00,3.113705976862938987e-04
4.533333333333333117e-04,-5.000000000000000104e-04,0.000000000000000000e+00,0.000000000000000000e+00,3.106296699603960628e-04
4.533333333333333117e-04,-2.500000000000000052e-04,0.000000000000000000e+00,0.000000000000000000e+00,3.101438433124312005e-04
4.533333333333333117e-04,0.000000000000000000e+00,0.000000000000000000e+00,0.000000000000000000e+00,3.098253384122947782e-04
4.533333333333333117e-04,2.500000000000000052e-04,0.000000000000000000e+00,0.000000000000000000e+00,3.096171042964571455e-04
4.533333333333333117e-04,5.000000000000000104e-04,0.000000000000000000e+00,0.000000000000000000e+00,3.094835579672559943e-04
4.533333333333333117e-04,7.500000000000000156e-04,0.000000000000000000e+00,0.000000000000000000e+00,3.094005237030245082e-04
4.533333333333333117e-04,1.000000000000000021e-03,0.000000000000000000e+00,0.000000000000000000e+00,3.093454713631973215e-04
4.583150183150182765e-04,-1.000000000000000021e-03,0.000000000000000000e+00,0.000000000000000000e+00,3.129701116117429940e-04
4.583150183150182765e-04,-7.500000000000000156e-04,0.000000000000000000e+00,0.000000000000000000e+00,3.119617105128726347e-04
4.583150183150182765e-04,-5.000000000000000104e-04,0.000000000000000000e+00,0.000000000000000000e+00,3.112748919560305756e-04
4.583150183150182765e-04,-2.500000000000000052e-04,0.000000000000000000e+00,0.000000000000000000e+00,3.108252513717822013e-04
4.583150183150182765e-04,0.000000000000000000e+00,0.000000000000000000e+00,0.000000000000000000e+00,3.105307589429464623e-04
4.583150183150182765e-04,2.500000000000000052e-04,0.000000000000000000e+00,0.000000000000000000e+00,3.103383110303345807e-04
4.583150183150182765e-04,5.000000000000000104e-04,0.000000000000000000e+00,0.000000000000000000e+00,3.102139548208519338e-04
4.583150183150182765e-04,7.500000000000000156e-04,0.000000000000000000e+00,0.000000000000000000e+00,3.101354452520127883e-04
4.583150183150182765e-04,1.000000000000000021e-03,0.000000000000000000e+00,0.000000000000000000e+00,3.100823714933080024e-04
4.632967032967032954e-04,-1.000000000000000021e-03,0.000000000000000000e+00,0.000000000000000000e+00,3.126290620559694987e-04
4.632967032967032954e-04,-7.500000000000000156e-04,0.000000000000000000e+00,0.000000000000000000e+00,3.117926661562428242e-04
4.632967032967032954e-04,-5.000000000000000104e-04,0.000000000000000000e+00,0.000000000000000000e+00,3.112219789087593714e-04
4.632967032967032954e-04,-2.500000000000000052e-04,0.000000000000000000e+00,0.000000000000000000e+00,3.108472586505692790e-04
4.632967032967032954e-04,0.000000000000000000e+00,0.000000000000000000e+00,0.000000000000000000e+00,3.106009228838061743e-04
4.632967032967032954e-04,2.500000000000000052e-04,0.000000000000000000e+00,0.000000000000000000e+00,3.104387624905247242e-04
4.632967032967032954e-04,5.000000000000000104e-04,0.000000000000000000e+00,0.000000000000000000e+00,3.103324968911632753e-04
4.632967032967032954e-04,7.500000000000000156e-04,0.000000000000000000e+00,0.000000000000000000e+00,3.102639617384643869e-04
4.632967032967032954e-04,1.000000000000000021e-03,0.000000000000000000e+00,0.000000000000000000e+00,3.102164024660896834e-04
4.682783882783882602e-04,-1.000000000000000021e-03,0.000000000000000000e+00,0.000000000000000000e+00,3.116679990548955705e-04
4.682783882783882602e-04,-7.500000000000000156e-04,0.000000000000000000e+00,0.000000000000000000e+00,3.110426732896940522e-04
4.682783882783882602e-04,-5.000000000000000104e-04,0.000000000000000000e+00,0.000000000000000000e+00,3.106164545894262645e-04
4.682783882783882602e-04,-2.500000000000000052e-04,0.000000000000000000e+00,0.000000000000000000e+00,3.103370181327181395e-04
4.682783882783882602e-04,0.000000000000000000e+00,0.000000000000000000e+00,0.000000000000000000e+00,3.101533320457884580e-04
4.682783882783882602e-04,2.500000000000000052e-04,0.000000000000000000e+00,0.000000000000000000e+00,3.100317997603797750e-04
4.682783882783882602e-04,5.000000000000000104e-04,0.000000000000000000e+00,0.000000000000000000e+00,3.099514097875437834e-04
4.682783882783882602e-04,7.500000000000000156e-04,0.000000000000000000e+00,0.000000000000000000e+00,3.098979876404341213e-04
4.682783882783882602e-04,1.000000000000000021e-03,0.000000000000000000e+00,0.000000000000000000e+00,3.098585878357122225e-04
4.732600732600732250e-04,-1.000000000000000021e-03,0.000000000000000000e+00,0.000000000000000000e+00,3.104828435139403366e-04
4.732600732600732250e-04,-7.500000000000000156e-04,0.000000000000000000e+00,0.000000000000000000e+00,3.100266708162911626e-04
4.732600732600732250e-04,-5.000000000000000104e-04,0.000000000000000000e+00,0.000000000000000000e+00,3.097161319326474519e-04
4.732600732600732250e-04,-2.500000000000000052e-04,0.000000000000000000e+00,0.000000000000000000e+00,3.095125143838324717e-04
4.732600732600732250e-04,0.000000000000000000e+00,0.000000000000000000e+00,0.000000000000000000e+00,3.093780340628670203e-04
4.732600732600732250e-04,2.500000000000000052e-04,0.000000000000000000e+00,0.000000000000000000e+00,3.092882556122212331e-04
4.732600732600732250e-04,5.000000000000000104e-04,0.000000000000000000e+00,0.000000000000000000e+00,3.092278251191163418e-04
4.732600732600732250e-04,7.500000000000000156e-04,0.000000000000000000e+00,0.000000000000000000e+00,3.091862535397249989e-04
4.732600732600732250e-04,1.000000000000000021e-03,0.000000000000000000e+00,0.000000000000000000e+00,3.091540288068060768e-04
4.782417582417582439e-04,-1.000000000000000021e-03,0.000000000000000000e+00,0.000000000000000000e+00,3.094070054835188453e-04
4.782417582417582439e-04,-7.500000000000000156e-04,0.000000000000000000e+00,0.000000000000000000e+00,3.090439681826967770e-04
4.782417582417582439e-04,-5.000000000000000104e-04,0.000000000000000000e+00,0.000000000000000000e+00,3.087970090156025326e-04
4.782417582417582439e-04,-2.500000000000000052e-04,0.000000000000000000e+00,0.000000000000000000e+00,3.086351271108639101e-04
4.782417582417582439e-04,0.000000000000000000e+00,0.000000000000000000e+00,0.000000000000000000e+00,3.085281017112390112e-04
4.782417582417582439e-04,2.500000000000000052e-04,0.000000000000000000e+00,0.000000000000000000e+00,3.084565886201371993e-04
4.782417582417582439e-04,5.000000000000000104e-04,0.000000000000000000e+00,0.000000000000000000e+00,3.084082628270793064e-04
4.782417582417582439e-04,7.500000000000000156e-04,0.000000000000000000e+00,0.000000000000000000e+00,3.083745673764915862e-04
4.782417582417582439e-04,1.000000000000000021e-03,0.000000000000000000e+00,0.000000000000000000e+00,3.083476382624132390e-04
4.832234432234432087e-04,-1.000000000000000021e-03,0.000000000000000000e+00,0.000000000000000000e+00,3.086550872345495723e-04
4.832234432234432087e-04,-7.500000000000000156e-04,0.000000000000000000e+00,0.000000000000000000e+00,3.083546101636852523e-04
4.832234432234432087e-04,-5.000000000000000104e-04,0.000000000000000000e+00,0.000000000000000000e+00,3.081502902412927331e-04
4.832234432234432087e-04,-2.500000000000000052e-04,0.000000000000000000e+00,0.000000000000000000e+00,3.080162072698358839e-04
4.832234432234432087e-04,0.000000000000000000e+00,0.000000000000000000e+00,0.000000000000000000e+00,3.079272059248666714e-04
4.832234432234432087e-04,2.500000000000000052e-04,0.000000000000000000e+00,0.000000000000000000e+00,3.078670744894347199e-04
4.832234432234432087e-04,5.000000000000000104e-04,0.000000000000000000e+00,0.000000000000000000e+00,3.078257559403527557e-04
4.832234432234432087e-04,7.500000000000000156e-04,0.000000000000000000e+00,0.000000000000000000e+00,3.077963227194075043e-04
4.832234432234432087e-04,1.000000000000000021e-03,0.000000000000000000e+00,0.000000000000000000e+00,3.077724520370782270e-04
4.882051282051281735e-04,-1.000000000000000021e-03,0.000000000000000000e+00,0.000000000000000000e+00,3.080224141766658096e-04
4.882051282051281735e-04,-7.500000000000000156e-04,0.000000000000000000e+00,0.000000000000000000e+00,3.077854904002017109e-04
4.882051282051281735e-04,-5.000000000000000104e-04,0.000000000000000000e+00,0.000000000000000000e+00,3.076246593448868426e-04
4.882051282051281735e-04,-2.500000000000000052e-04,0.000000000000000000e+00,0.000000000000000000e+00,3.075192937014946241e-04
4.882051282051281735e-04,0.000000000000000000e+00,0.000000000000000000e+00,0.000000000000000000e+00,3.074492094471118387e-04
4.882051282051281735e-04,2.500000000000000052e-04,0.000000000000000000e+00,0.000000000000000000e+00,3.074014770031539422e-04
4.882051282051281735e-04,5.000000000000000104e-04,0.000000000000000000e+00,0.000000000000000000e+00,3.073679883999870326e-04
4.882051282051281735e-04,7.500000000000000156e-04,0.000000000000000000e+00,0.000000000000000000e+00,3.073434285774515376e-04
4.882051282051281735e-04,1.000000000000000021e-03,0.000000000000000000e+00,0.000000000000000000e+00,3.073225554835920222e-04
4.931868131868131925e-04,-1.000000000000000021e-03,0.000000000000000000e+00,0.000000000000000000e+00,3.074817737530039083e-04
4.931868131868131925e-04,-7.500000000000000156e-04,0.000000000000000000e+00,0.000000000000000000e+00,3.073116706953287554e-04
4.931868131868131925e-04,-5.000000000000000104e-04,0.000000000000000000e+00,0.000000000000000000e+00,3.071959146050229177e-04
4.931868131868131925e-04,-2.500000000000000052e-04,0.000000000000000000e+00,0.000000000000000000e+00,3.071197019488593476e-04
4.931868131868131925e-04,0.000000000000000000e+00,0.000000000000000000e+00,0.000000000000000000e+00,3.070683591485498434e-04
4.931868131868131925e-04,2.500000000000000052e-04,0.000000000000000000e+00,0.000000000000000000e+00,3.070326029818392071e-04
4.931868131868131925e-04,5.000000000000000104e-04,0.000000000000000000e+00,0.000000000000000000e+00,3.070065419031092670e-04
4.931868131868131925e-04,7.500000000000000156e-04,0.000000000000000000e+00,0.000000000000000000e+00,3.069865063121965192e-04
4.931868131868131925e-04,1.000000000000000021e-03,0.000000000000000000e+00,0.000000000000000000e+00,3.069688176542244577e-04
4.981684981684981030e-04,-1.000000000000000021e-03,0.000000000000000000e+00,0.000000000000000000e+00,3.072950973146572730e-04
4.981684981684981030e-04,-7.500000000000000156e-04,0.000000000000000000e+00,0.000000000000000000e+00,3.071509229786906670e-04
4.981684981684981030e-04,-5.000000000000000104e-04,0.000000000000000000e+00,0.000000000000000000e+00,3.070533760443547289e-04
4.981684981684981030e-04,-2.500000000000000052e-04,0.000000000000000000e+00,0.000000000000000000e+00,3.069895498491015504e-04
4.981684981684981030e-04,0.000000000000000000e+00,0.000000000000000000e+00,0.000000000000000000e+00,3.069465389731514267e-04
4.981684981684981030e-04,2.500000000000000052e-04,0.000000000000000000e+00,0.000000000000000000e+00,3.069165352964587029e-04
4.981684981684981030e-04,5.000000000000000104e-04,0.000000000000000000e+00,0.000000000000000000e+00,3.068946292030855141e-04
4.981684981684981030e-04,7.500000000000000156e-04,0.000000000000000000e+00,0.000000000000000000e+00,3.068774576303566742e-04
4.981684981684981030e-04,1.000000000000000021e-03,0.000000000000000000e+00,0.000000000000000000e+00,3.068620377100536980e-04
